<?xml version='1.0' encoding='utf-8'?>
<COLLADA xmlns="http://www.collada.org/2005/11/COLLADASchema" version="1.4.1">
  <asset>
    <contributor><author>hpl_dae_export</author><authoring_tool>Blender 4.2.0</authoring_tool></contributor>
    <unit name="meter" meter="1" />
    <up_axis>Y_UP</up_axis>
  </asset>
  <library_images>
    <image id="fisherman-diffuse-image"><init_from>fisherman.tga</init_from></image>
    <image id="fisherman-emission-image"><init_from>fisherman.tga</init_from></image>
    <image id="fisherman-normal-image"><init_from>fisherman.tga</init_from></image>
  </library_images>
  <library_effects>
    <effect id="fisherman-fx" name="fisherman"><profile_COMMON>
      <newparam sid="fisherman-diffuse-surface"><surface type="2D"><init_from>fisherman-diffuse-image</init_from></surface></newparam>
      <newparam sid="fisherman-diffuse-sampler"><sampler2D><source>fisherman-diffuse-surface</source></sampler2D></newparam>
      <newparam sid="fisherman-emission-surface"><surface type="2D"><init_from>fisherman-emission-image</init_from></surface></newparam>
      <newparam sid="fisherman-emission-sampler"><sampler2D><source>fisherman-emission-surface</source></sampler2D></newparam>
      <technique sid="common"><lambert>
        <diffuse><texture texture="fisherman-diffuse-sampler" texcoord="CHANNEL0" /></diffuse>
      </lambert></technique>
    </profile_COMMON></effect>
  </library_effects>
  <library_materials>
    <material id="fisherman" name="fisherman"><instance_effect url="#fisherman-fx" /></material>
  </library_materials>
  <library_geometries>
    <geometry id="Mesh_0_1" name="Mesh_0"><mesh>
      <source id="Mesh_0_1-vpos"><float_array id="Mesh_0_1-vpos-array" count="9">0.00385356 0.930354 0.00261113 0.0538536 0.930354 0.00261113 0.00385356 0.980354 0.00261113</float_array><technique_common><accessor source="#Mesh_0_1-vpos-array" count="3" stride="3"><param name="X" type="float" /><param name="Y" type="float" /><param name="Z" type="float" /></accessor></technique_common></source>
      <source id="Mesh_0_1-vnrm"><float_array id="Mesh_0_1-vnrm-array" count="9">0 0 1 0 0 1 0 0 1</float_array><technique_common><accessor source="#Mesh_0_1-vnrm-array" count="3" stride="3"><param name="X" type="float" /><param name="Y" type="float" /><param name="Z" type="float" /></accessor></technique_common></source>
      <source id="Mesh_0_1-vuv"><float_array id="Mesh_0_1-vuv-array" count="6">0 0 1 0 0 1</float_array><technique_common><accessor source="#Mesh_0_1-vuv-array" count="3" stride="2"><param name="S" type="float" /><param name="T" type="float" /></accessor></technique_common></source>
      <vertices id="Mesh_0_1-vertices"><input semantic="POSITION" source="#Mesh_0_1-vpos" /></vertices>
      <triangles count="1" material="fisherman"><input semantic="VERTEX" source="#Mesh_0_1-vertices" offset="0" /><input semantic="NORMAL" source="#Mesh_0_1-vnrm" offset="1" /><input semantic="TEXCOORD" source="#Mesh_0_1-vuv" offset="2" /><p>0 0 0 1 1 1 2 2 2</p></triangles>
    </mesh></geometry>
  </library_geometries>
  <library_controllers>
    <controller id="Mesh_0_1-skin" name="skinCluster0"><skin source="#Mesh_0_1">
      <bind_shape_matrix>1 0 0 0 0 1 0 0 0 0 1 0 0 0 0 1</bind_shape_matrix>
      <source id="Mesh_0_1-skin-joints"><Name_array id="Mesh_0_1-skin-joints-array" count="24">mixamorigwHips mixamorigwLeftUpLeg mixamorigwLeftLeg mixamorigwLeftFoot mixamorigwLeftToeBase mixamorigwRightUpLeg mixamorigwRightLeg mixamorigwRightFoot mixamorigwRightToeBase mixamorigwSpine mixamorigwSpine1 mixamorigwSpine2 mixamorigwLeftShoulder mixamorigwLeftArm mixamorigwLeftForeArm mixamorigwLeftHand mixamorigwRightShoulder mixamorigwRightArm mixamorigwRightForeArm mixamorigwRightHand mixamorigwNeck mixamorigwHead mixamorigwHeadTop_End mixamorigwHeadFront</Name_array><technique_common><accessor source="#Mesh_0_1-skin-joints-array" count="24" stride="1"><param name="JOINT" type="Name" /></accessor></technique_common></source>
      <source id="Mesh_0_1-skin-bind_poses"><float_array id="Mesh_0_1-skin-bind_poses-array" count="384">0.995654 -0.0706556 0.0606748 0.0617395 0.0606748 0.986367 0.152966 -0.918304 -0.0706556 -0.14862 0.986367 0.135966 0 0 0 1 0.987506 0.110599 -0.112224 -0.192852 0.112221 -0.993649 0.00820857 0.827625 -0.110608 -0.0207012 -0.993647 0.0319625 0 0 0 1 0.997899 0.0483261 -0.0431039 -0.163572 0.0431003 -0.992444 -0.114879 0.491283 -0.0483345 0.112779 -0.992441 -0.0435519 0 0 0 1 0.991665 0.0401088 -0.122417 -0.164225 0.12242 -0.589332 0.79856 0.0932067 -0.0401169 -0.806894 -0.589331 0.100617 0 0 0 1 0.98845 1.52724e-06 -0.151525 -0.159027 0.151529 1.19894e-06 0.988451 -0.122595 2.89593e-06 -1 -3.83631e-07 0.0450513 0 0 0 1 0.986516 -0.114477 0.11697 0.190951 -0.116969 -0.993028 0.0146532 0.827967 0.114475 -0.0281362 -0.993034 0.0386042 0 0 0 1 0.998801 -0.036863 0.0322266 0.154237 -0.0322263 -0.990438 -0.134143 0.496267 0.0368614 0.132944 -0.990444 -0.0532116 0 0 0 1 0.988978 -0.0470528 0.140387 0.158557 -0.140386 -0.599294 0.788129 0.0982823 0.0470483 -0.799145 -0.599297 0.100404 0 0 0 1 0.984503 3.39753e-06 0.175368 0.152382 -0.175366 -1.36198e-06 0.984509 -0.123749 3.72927e-06 -1 3.91846e-07 0.0442063 0 0 0 1 1 -1.71764e-08 8.57906e-09 -0.00385352 1.86215e-08 0.997908 -0.0646547 -1.05822 -1.37259e-08 0.0646548 0.997908 -0.0627574 0 0 0 1 1 2.1527e-09 -4.36512e-09 -0.00385352 -1.50402e-09 0.997908 -0.0646548 -1.1882 -2.05852e-09 0.0646549 0.997908 -0.0627575 0 0 0 1 0.99999 0.00335532 0.00298499 -0.00821328 -0.00298501 0.993196 -0.116419 -1.31312 -0.00335531 0.116409 0.993196 -0.131139 0 0 0 1 -0.0700626 2.25435e-08 -0.997542 -0.031264 0.997543 -1.94689e-09 -0.0700627 -0.0489319 -8.4671e-09 -1 -1.33846e-07 1.4023 0 0 0 1 -0.0851911 0.217152 -0.972413 -0.331312 0.972412 -0.194591 -0.128646 0.0551895 -0.217158 -0.956545 -0.194584 1.37956 0 0 0 1 0.0745823 -1.93176e-07 -0.997215 -0.110908 0.997215 1.44477e-08 0.0745821 -0.44392 2.52739e-08 -1 6.16613e-08 1.35562 0 0 0 1 0.179607 -0.0446324 -0.982725 -0.123041 0.982725 0.0534658 0.177179 -0.749711 0.0446343 -0.997572 0.0534641 1.32425 0 0 0 1 -0.068226 7.20686e-09 0.99767 0.0317219 -0.99767 -3.81843e-09 -0.0682259 -0.0419469 2.8041e-09 -1 -8.19561e-08 1.39841 0 0 0 1 -0.0941253 -0.218949 0.971186 0.331134 -0.971185 -0.194351 -0.137941 0.0577016 0.218953 -0.956185 -0.194347 1.37493 0 0 0 1 0.0585803 1.64504e-07 0.998283 0.101705 -0.998283 -5.27352e-09 0.0585803 -0.422405 5.23748e-09 -1 8.92534e-08 1.35562 0 0 0 1 0.0154347 -0.00113709 0.99988 0.0734875 -0.99988 -0.00115678 0.0154334 -0.689411 0.00113908 -0.999999 -0.00115489 1.35634 0 0 0 1 1 -4.14051e-10 -3.23964e-09 -0.00385352 1.50156e-09 0.997908 -0.0646546 -1.41306 -2.46922e-09 0.0646547 0.997908 -0.0627573 0 0 0 1 1 -1.63753e-09 2.20176e-09 -0.00385352 -2.71977e-09 0.802406 0.596779 -1.17263 -7.95038e-09 -0.596779 0.802406 0.913761 0 0 0 1 1 1.38458e-10 -6.53129e-10 -0.00385352 -2.9836e-10 0.97826 0.207383 -1.71355 -5.19879e-09 -0.207383 0.97826 0.3409 0 0 0 1 1 1.50996e-07 -1.55926e-09 -0.00385374 -4.24151e-09 1.78814e-07 1 -0.105248 1.50071e-07 -1 -2.34e-16 1.48624 0 0 0 1</float_array><technique_common><accessor count="24" offset="0" source="#Mesh_0_1-skin-bind_poses-array" stride="16"><param name="TRANSFORM" type="float4x4" /></accessor></technique_common></source>
      <source id="Mesh_0_1-skin-weights"><float_array id="Mesh_0_1-skin-weights-array" count="1">1</float_array><technique_common><accessor count="1" offset="0" source="#Mesh_0_1-skin-weights-array" stride="1"><param name="WEIGHT" type="float" /></accessor></technique_common></source>
      <joints><input semantic="JOINT" source="#Mesh_0_1-skin-joints" /><input semantic="INV_BIND_MATRIX" source="#Mesh_0_1-skin-bind_poses" /></joints>
      <vertex_weights count="3"><input semantic="JOINT" source="#Mesh_0_1-skin-joints" offset="0" /><input semantic="WEIGHT" source="#Mesh_0_1-skin-weights" offset="1" /><vcount>1 1 1</vcount><v>0 0 0 0 0 0</v></vertex_weights>
    </skin></controller>
  </library_controllers>
  <library_visual_scenes>
    <visual_scene id="RootNode" name="RootNode">
      <node id="mixamorigwHips" sid="mixamorigwHips" name="mixamorigwHips" type="JOINT">
        <translate sid="translate">0.00385352 0.930354 0.00261113</translate><rotate sid="rotateZ">0 0 1 -4.05913</rotate><rotate sid="rotateY">0 1 0 -3.47855</rotate><rotate sid="rotateX">1 0 0 8.81524</rotate>
        <node id="mixamorigwLeftUpLeg" sid="mixamorigwLeftUpLeg" name="mixamorigwLeftUpLeg" type="JOINT">
          <translate sid="translate">0.102945 -0.0788118 0.00660994</translate><rotate sid="rotateZ">0 0 1 8.90948</rotate><rotate sid="rotateY">0 1 0 11.3563</rotate><rotate sid="rotateX">1 0 0 171.327</rotate>
          <node id="mixamorigwLeftLeg" sid="mixamorigwLeftLeg" name="mixamorigwLeftLeg" type="JOINT">
            <translate sid="translate">-8.13454e-09 0.346171 -1.13726e-08</translate><rotate sid="rotateZ">0 0 1 3.65572</rotate><rotate sid="rotateY">0 1 0 3.93025</rotate><rotate sid="rotateX">1 0 0 7.48303</rotate>
            <node id="mixamorigwLeftFoot" sid="mixamorigwLeftFoot" name="mixamorigwLeftFoot" type="JOINT">
              <translate sid="translate">4.73857e-10 0.360407 -2.52724e-09</translate><rotate sid="rotateZ">0 0 1 0.976944</rotate><rotate sid="rotateY">0 1 0 -4.47872</rotate><rotate sid="rotateX">1 0 0 -60.1761</rotate>
              <node id="mixamorigwLeftToeBase" sid="mixamorigwLeftToeBase" name="mixamorigwLeftToeBase" type="JOINT">
                <translate sid="translate">-1.42157e-09 0.1657 -8.84533e-09</translate><rotate sid="rotateZ">0 0 1 -6.75391e-05</rotate><rotate sid="rotateY">0 1 0 -2.84563</rotate><rotate sid="rotateX">1 0 0 -36.1097</rotate>
              </node>
            </node>
          </node>
        </node>
        <node id="mixamorigwRightUpLeg" sid="mixamorigwRightUpLeg" name="mixamorigwRightUpLeg" type="JOINT">
          <translate sid="translate">-0.0932708 -0.0899162 0.0209563</translate><rotate sid="rotateZ">0 0 1 -2.01931</rotate><rotate sid="rotateY">0 1 0 -3.59382</rotate><rotate sid="rotateX">1 0 0 170.175</rotate>
          <node id="mixamorigwRightLeg" sid="mixamorigwRightLeg" name="mixamorigwRightLeg" type="JOINT">
            <translate sid="translate">4.2963e-08 0.343251 -1.83225e-08</translate><rotate sid="rotateZ">0 0 1 -4.59027</rotate><rotate sid="rotateY">0 1 0 -4.78256</rotate><rotate sid="rotateX">1 0 0 9.08711</rotate>
            <node id="mixamorigwRightFoot" sid="mixamorigwRightFoot" name="mixamorigwRightFoot" type="JOINT">
              <translate sid="translate">-2.29031e-09 0.361137 -1.26362e-09</translate><rotate sid="rotateZ">0 0 1 -0.236323</rotate><rotate sid="rotateY">0 1 0 6.24859</rotate><rotate sid="rotateX">1 0 0 -60.5293</rotate>
              <node id="mixamorigwRightToeBase" sid="mixamorigwRightToeBase" name="mixamorigwRightToeBase" type="JOINT">
                <translate sid="translate">-1.05828e-08 0.170855 -3.79086e-09</translate><rotate sid="rotateZ">0 0 1 -0.000162004</rotate><rotate sid="rotateY">0 1 0 3.36974</rotate><rotate sid="rotateX">1 0 0 -36.8193</rotate>
              </node>
            </node>
          </node>
        </node>
        <node id="mixamorigwSpine" sid="mixamorigwSpine" name="mixamorigwSpine" type="JOINT">
          <translate sid="translate">-0.00967438 0.126653 -0.0275663</translate><rotate sid="rotateZ">0 0 1 3.48727</rotate><rotate sid="rotateY">0 1 0 4.05164</rotate><rotate sid="rotateX">1 0 0 -12.2756</rotate>
          <node id="mixamorigwSpine1" sid="mixamorigwSpine1" name="mixamorigwSpine1" type="JOINT">
            <translate sid="translate">-1.86662e-08 0.129979 -4.9334e-08</translate><rotate sid="rotateZ">0 0 1 1.15311e-06</rotate><rotate sid="rotateY">0 1 0 6.68492e-07</rotate><rotate sid="rotateX">1 0 0 -6.83019e-06</rotate>
            <node id="mixamorigwSpine2" sid="mixamorigwSpine2" name="mixamorigwSpine2" type="JOINT">
              <translate sid="translate">9.64362e-11 0.129979 -7.93255e-12</translate><rotate sid="rotateZ">0 0 1 0.180787</rotate><rotate sid="rotateY">0 1 0 -0.1831</rotate><rotate sid="rotateX">1 0 0 -2.97848</rotate>
              <node id="mixamorigwLeftShoulder" sid="mixamorigwLeftShoulder" name="mixamorigwLeftShoulder" type="JOINT">
                <translate sid="translate">0.0430093 0.083534 -0.00243526</translate><rotate sid="rotateZ">0 0 1 122.121</rotate><rotate sid="rotateY">0 1 0 82.1044</rotate><rotate sid="rotateX">1 0 0 -147.932</rotate>
                <node id="mixamorigwLeftArm" sid="mixamorigwLeftArm" name="mixamorigwLeftArm" type="JOINT">
                  <translate sid="translate">-3.76339e-09 0.171492 1.66141e-07</translate><rotate sid="rotateZ">0 0 1 -0.989201</rotate><rotate sid="rotateY">0 1 0 12.5418</rotate><rotate sid="rotateX">1 0 0 11.4988</rotate>
                  <node id="mixamorigwLeftForeArm" sid="mixamorigwLeftForeArm" name="mixamorigwLeftForeArm" type="JOINT">
                    <translate sid="translate">1.13726e-07 0.239881 1.08671e-07</translate><rotate sid="rotateZ">0 0 1 11.7748</rotate><rotate sid="rotateY">0 1 0 -10.2443</rotate><rotate sid="rotateX">1 0 0 -13.5804</rotate>
                    <node id="mixamorigwLeftHand" sid="mixamorigwLeftHand" name="mixamorigwLeftHand" type="JOINT">
                      <translate sid="translate">-1.00174e-07 0.249492 -2.2856e-07</translate><rotate sid="rotateZ">0 0 1 6.08009</rotate><rotate sid="rotateY">0 1 0 -2.55809</rotate><rotate sid="rotateX">1 0 0 -3.06789</rotate>
                    </node>
                  </node>
                </node>
              </node>
              <node id="mixamorigwRightShoulder" sid="mixamorigwRightShoulder" name="mixamorigwRightShoulder" type="JOINT">
                <translate sid="translate">-0.0433087 0.0799122 -0.00249401</translate><rotate sid="rotateZ">0 0 1 -119.368</rotate><rotate sid="rotateY">0 1 0 -82.3545</rotate><rotate sid="rotateX">1 0 0 -151.042</rotate>
                <node id="mixamorigwRightArm" sid="mixamorigwRightArm" name="mixamorigwRightArm" type="JOINT">
                  <translate sid="translate">-2.55643e-09 0.174561 -1.58538e-07</translate><rotate sid="rotateZ">0 0 1 1.6236</rotate><rotate sid="rotateY">0 1 0 -12.6473</rotate><rotate sid="rotateX">1 0 0 11.4892</rotate>
                  <node id="mixamorigwRightForeArm" sid="mixamorigwRightForeArm" name="mixamorigwRightForeArm" type="JOINT">
                    <translate sid="translate">2.52724e-09 0.220142 -4.16994e-08</translate><rotate sid="rotateZ">0 0 1 -11.4125</rotate><rotate sid="rotateY">0 1 0 10.4389</rotate><rotate sid="rotateX">1 0 0 -13.5228</rotate>
                    <node id="mixamorigwRightHand" sid="mixamorigwRightHand" name="mixamorigwRightHand" type="JOINT">
                      <translate sid="translate">6.45904e-10 0.264825 7.17784e-08</translate><rotate sid="rotateZ">0 0 1 2.47394</rotate><rotate sid="rotateY">0 1 0 -0.0651601</rotate><rotate sid="rotateX">1 0 0 0.0662779</rotate>
                    </node>
                  </node>
                </node>
              </node>
              <node id="mixamorigwNeck" sid="mixamorigwNeck" name="mixamorigwNeck" type="JOINT">
                <translate sid="translate">0.000299392 0.0947565 0.00492932</translate><rotate sid="rotateZ">0 0 1 -0.17103</rotate><rotate sid="rotateY">0 1 0 0.192245</rotate><rotate sid="rotateX">1 0 0 2.97791</rotate>
                <node id="mixamorigwHead" sid="mixamorigwHead" name="mixamorigwHead" type="JOINT">
                  <translate sid="translate">1.24557e-10 0.0722313 -1.01185e-08</translate><rotate sid="rotateZ">0 0 1 -9.01109e-08</rotate><rotate sid="rotateY">0 1 0 -3.06585e-07</rotate><rotate sid="rotateX">1 0 0 40.3466</rotate>
                  <node id="mixamorigwHeadTop_End" sid="mixamorigwHeadTop_End" name="mixamorigwHeadTop_End" type="JOINT">
                    <translate sid="translate">-1.23344e-09 0.242215 -0.111256</translate><rotate sid="rotateZ">0 0 1 -1.59669e-08</rotate><rotate sid="rotateY">0 1 0 1.91978e-07</rotate><rotate sid="rotateX">1 0 0 -24.6705</rotate>
                  </node>
                  <node id="mixamorigwHeadFront" sid="mixamorigwHeadFront" name="mixamorigwHeadFront" type="JOINT">
                    <translate sid="translate">-3.06977e-10 0.0827447 0.111256</translate><rotate sid="rotateZ">0 0 1 6.88864e-06</rotate><rotate sid="rotateY">0 1 0 5.39189e-06</rotate><rotate sid="rotateX">1 0 0 53.3605</rotate>
                  </node>
                </node>
              </node>
            </node>
          </node>
        </node>
      </node>
      <node id="Mesh_0" name="Mesh_0" type="NODE">
        <translate sid="translate">0 0 0</translate><rotate sid="rotateZ">0 0 1 0</rotate><rotate sid="rotateY">0 1 0 -0</rotate><rotate sid="rotateX">1 0 0 -90</rotate><scale sid="scale">100 100 100</scale><instance_controller url="#Mesh_0_1-skin">
          <skeleton>#mixamorigwHips</skeleton>
          <bind_material><technique_common><instance_material symbol="defaultMaterial" target="#%s"><bind_vertex_input semantic="CHANNEL0" input_semantic="TEXCOORD" input_set="0" /></instance_material></technique_common></bind_material>
        </instance_controller>
      </node>
    </visual_scene>
  </library_visual_scenes>
  <library_animations>
    <animation id="hpl_mixamorigwHips">
      <source id="hpl_mixamorigwHips-time"><float_array id="hpl_mixamorigwHips-time-array" count="40">0 1 2 3 4 5 6 7 8 9 10 11 12 13 14 15 16 17 18 19 20 21 22 23 24 25 26 27 28 29 30 31 32 33 34 35 36 37 38 39</float_array><technique_common><accessor source="#hpl_mixamorigwHips-time-array" count="40" stride="1" /></technique_common></source>
      <source id="hpl_mixamorigwHips-trans"><float_array id="hpl_mixamorigwHips-trans-array" count="120">-0.00290382 0.909266 0.00253398 -0.000656783 0.909567 -0.0036479 0.00134581 0.911728 -0.00880372 0.00304505 0.914909 -0.0115189 0.00395206 0.917833 -0.0122476 0.0043927 0.926353 -0.0103432 0.00427214 0.923712 -0.00652059 0.00399478 0.916601 -0.00147951 0.00370005 0.908178 0.00274377 0.00325658 0.899413 0.00788007 0.0026692 0.898819 0.0131435 0.00166551 0.905457 0.0182807 0.000198632 0.908973 0.0236571 -0.00159413 0.906947 0.0271285 -0.00366719 0.9028 0.0282947 -0.00606988 0.903084 0.026587 -0.00873892 0.90972 0.0215569 -0.0113135 0.914513 0.0172945 -0.0140935 0.917136 0.0123412 -0.0164036 0.917638 0.00791348 -0.0184312 0.917646 0.00338371 -0.0198169 0.918686 0.000506308 -0.0209783 0.920525 -0.00141856 -0.0222191 0.922262 -0.00211549 -0.0230903 0.923646 4.9191e-05 -0.0237504 0.925487 0.00286547 -0.0243578 0.919443 0.00661513 -0.0245453 0.911532 0.0119248 -0.0241495 0.902549 0.0168498 -0.0232965 0.893483 0.0210429 -0.0221091 0.901368 0.0258869 -0.0210153 0.908657 0.0294725 -0.0192744 0.911361 0.0321653 -0.0172397 0.90841 0.0338956 -0.0148657 0.904639 0.0324224 -0.0124722 0.903205 0.0296817 -0.0100357 0.906389 0.0248645 -0.00768114 0.909369 0.017425 -0.00531544 0.910591 0.0100695 -0.00290382 0.909266 0.00253398</float_array><technique_common><accessor source="#hpl_mixamorigwHips-trans-array" count="40" stride="3" /></technique_common></source>
      <source id="hpl_mixamorigwHips-rotz"><float_array id="hpl_mixamorigwHips-rotz-array" count="40">-3.85871 -2.77344 -2.0939 -1.66982 -1.40648 -1.23135 -1.04115 -0.762361 -0.397049 0.0181506 0.478189 0.920874 1.19321 1.16338 0.851096 0.290228 -0.550732 -1.63599 -2.60595 -3.50325 -4.26292 -5.00852 -5.55674 -5.94221 -6.16251 -6.33984 -6.55866 -6.8135 -7.08032 -7.35707 -7.6142 -7.81527 -7.95382 -8.03625 -8.08413 -7.99739 -7.47055 -6.42538 -5.12923 -3.85871</float_array><technique_common><accessor source="#hpl_mixamorigwHips-rotz-array" count="40" stride="1" /></technique_common></source>
      <source id="hpl_mixamorigwHips-roty"><float_array id="hpl_mixamorigwHips-roty-array" count="40">-2.75049 -2.87277 -3.13441 -3.46856 -3.69594 -3.79417 -3.82902 -3.88497 -4.03539 -4.30431 -4.67931 -5.12175 -5.60477 -6.0964 -6.49077 -6.73104 -6.79223 -6.7178 -6.53747 -6.31638 -6.11078 -5.91369 -5.71537 -5.52384 -5.38177 -5.23998 -5.04273 -4.78738 -4.48552 -4.17455 -3.90345 -3.69699 -3.54203 -3.37037 -3.11642 -2.68855 -2.13697 -1.66449 -1.42285 -2.75049</float_array><technique_common><accessor source="#hpl_mixamorigwHips-roty-array" count="40" stride="1" /></technique_common></source>
      <source id="hpl_mixamorigwHips-rotx"><float_array id="hpl_mixamorigwHips-rotx-array" count="40">9.02643 8.85499 8.58017 8.22412 7.88239 7.65466 7.50095 7.32412 7.0965 6.86104 6.65073 6.55594 6.65791 6.97847 7.54087 8.27801 8.97821 9.55392 9.88614 10.0477 10.0364 9.76214 9.18332 8.27738 7.23079 6.27919 5.48301 4.81643 4.28111 3.8796 3.6964 3.74235 4.05985 4.64382 5.45697 6.321 7.11672 7.81664 8.43069 9.02643</float_array><technique_common><accessor source="#hpl_mixamorigwHips-rotx-array" count="40" stride="1" /></technique_common></source>
      <sampler id="hpl_mixamorigwHips-trans-sampler"><input semantic="INPUT" source="#hpl_mixamorigwHips-time" /><input semantic="OUTPUT" source="#hpl_mixamorigwHips-trans" /></sampler><channel source="#hpl_mixamorigwHips-trans-sampler" target="mixamorigwHips/translate" />
      <sampler id="hpl_mixamorigwHips-rotz-sampler"><input semantic="INPUT" source="#hpl_mixamorigwHips-time" /><input semantic="OUTPUT" source="#hpl_mixamorigwHips-rotz" /></sampler><channel source="#hpl_mixamorigwHips-rotz-sampler" target="mixamorigwHips/rotateZ.ANGLE" />
      <sampler id="hpl_mixamorigwHips-roty-sampler"><input semantic="INPUT" source="#hpl_mixamorigwHips-time" /><input semantic="OUTPUT" source="#hpl_mixamorigwHips-roty" /></sampler><channel source="#hpl_mixamorigwHips-roty-sampler" target="mixamorigwHips/rotateY.ANGLE" />
      <sampler id="hpl_mixamorigwHips-rotx-sampler"><input semantic="INPUT" source="#hpl_mixamorigwHips-time" /><input semantic="OUTPUT" source="#hpl_mixamorigwHips-rotx" /></sampler><channel source="#hpl_mixamorigwHips-rotx-sampler" target="mixamorigwHips/rotateX.ANGLE" />
    </animation>
    <animation id="hpl_mixamorigwLeftUpLeg">
      <source id="hpl_mixamorigwLeftUpLeg-time"><float_array id="hpl_mixamorigwLeftUpLeg-time-array" count="40">0 1 2 3 4 5 6 7 8 9 10 11 12 13 14 15 16 17 18 19 20 21 22 23 24 25 26 27 28 29 30 31 32 33 34 35 36 37 38 39</float_array><technique_common><accessor source="#hpl_mixamorigwLeftUpLeg-time-array" count="40" stride="1" /></technique_common></source>
      <source id="hpl_mixamorigwLeftUpLeg-trans"><float_array id="hpl_mixamorigwLeftUpLeg-trans-array" count="120">0.102945 -0.0788121 0.00660996 0.102945 -0.0788121 0.00660996 0.102945 -0.0788121 0.00660996 0.102945 -0.0788121 0.00660996 0.102945 -0.0788121 0.00660996 0.102945 -0.0788121 0.00660996 0.102945 -0.0788121 0.00660996 0.102945 -0.0788121 0.00660996 0.102945 -0.0788121 0.00660996 0.102945 -0.0788121 0.00660996 0.102945 -0.0788121 0.00660996 0.102945 -0.0788121 0.00660996 0.102945 -0.0788121 0.00660996 0.102945 -0.0788121 0.00660996 0.102945 -0.0788121 0.00660996 0.102945 -0.0788121 0.00660996 0.102945 -0.0788121 0.00660996 0.102945 -0.0788121 0.00660996 0.102945 -0.0788121 0.00660996 0.102945 -0.0788121 0.00660996 0.102945 -0.0788121 0.00660996 0.102945 -0.0788121 0.00660996 0.102945 -0.0788121 0.00660996 0.102945 -0.0788121 0.00660996 0.102945 -0.0788121 0.00660996 0.102945 -0.0788121 0.00660996 0.102945 -0.0788121 0.00660996 0.102945 -0.0788121 0.00660996 0.102945 -0.0788121 0.00660996 0.102945 -0.0788121 0.00660996 0.102945 -0.0788121 0.00660996 0.102945 -0.0788121 0.00660996 0.102945 -0.0788121 0.00660996 0.102945 -0.0788121 0.00660996 0.102945 -0.0788121 0.00660996 0.102945 -0.0788121 0.00660996 0.102945 -0.0788121 0.00660996 0.102945 -0.0788121 0.00660996 0.102945 -0.0788121 0.00660996 0.102945 -0.0788121 0.00660996</float_array><technique_common><accessor source="#hpl_mixamorigwLeftUpLeg-trans-array" count="40" stride="3" /></technique_common></source>
      <source id="hpl_mixamorigwLeftUpLeg-rotz"><float_array id="hpl_mixamorigwLeftUpLeg-rotz-array" count="40">4.09417 1.92225 0.141582 -1.16124 -2.15113 -2.87139 -3.55021 -4.24113 -5.08293 -5.87497 -6.65495 -7.35144 -7.83215 -8.03034 -8.01637 -7.87373 -7.59536 -7.14443 -6.69017 -6.41306 -6.45447 -5.91528 -4.8091 -3.1049 -1.01182 1.01752 3.48507 6.36754 9.43069 12.2988 14.5553 15.8687 16.2682 15.913 15.2096 14.3419 13.0066 9.94772 6.20173 4.09417</float_array><technique_common><accessor source="#hpl_mixamorigwLeftUpLeg-rotz-array" count="40" stride="1" /></technique_common></source>
      <source id="hpl_mixamorigwLeftUpLeg-roty"><float_array id="hpl_mixamorigwLeftUpLeg-roty-array" count="40">22.7114 23.0579 23.0008 22.3703 21.6094 20.9995 20.6595 20.5469 20.5457 20.5646 20.4379 20.0572 19.4639 18.9896 18.8059 18.936 19.4559 20.6099 22.0998 23.5913 24.9019 25.8869 26.6239 26.9334 27.134 27.3325 27.7087 27.9746 27.9485 27.4875 26.7048 25.7275 24.675 23.7009 23.0977 23.0195 23.2245 22.9781 22.8163 22.7114</float_array><technique_common><accessor source="#hpl_mixamorigwLeftUpLeg-roty-array" count="40" stride="1" /></technique_common></source>
      <source id="hpl_mixamorigwLeftUpLeg-rotx"><float_array id="hpl_mixamorigwLeftUpLeg-rotx-array" count="40">-174.812 -179.687 -183.58 -185.832 -187.673 -189.744 -191.94 -193.949 -195.77 -197.321 -198.762 -200.24 -201.811 -203.549 -205.441 -207.453 -208.955 -208.813 -208.892 -207.072 -208.818 -209.378 -208.155 -206.552 -204.368 -204.172 -201.984 -198.336 -193.474 -187.943 -182.312 -177.054 -172.413 -168.471 -165.163 -162.385 -160.202 -164.776 -171.554 -174.812</float_array><technique_common><accessor source="#hpl_mixamorigwLeftUpLeg-rotx-array" count="40" stride="1" /></technique_common></source>
      <sampler id="hpl_mixamorigwLeftUpLeg-trans-sampler"><input semantic="INPUT" source="#hpl_mixamorigwLeftUpLeg-time" /><input semantic="OUTPUT" source="#hpl_mixamorigwLeftUpLeg-trans" /></sampler><channel source="#hpl_mixamorigwLeftUpLeg-trans-sampler" target="mixamorigwLeftUpLeg/translate" />
      <sampler id="hpl_mixamorigwLeftUpLeg-rotz-sampler"><input semantic="INPUT" source="#hpl_mixamorigwLeftUpLeg-time" /><input semantic="OUTPUT" source="#hpl_mixamorigwLeftUpLeg-rotz" /></sampler><channel source="#hpl_mixamorigwLeftUpLeg-rotz-sampler" target="mixamorigwLeftUpLeg/rotateZ.ANGLE" />
      <sampler id="hpl_mixamorigwLeftUpLeg-roty-sampler"><input semantic="INPUT" source="#hpl_mixamorigwLeftUpLeg-time" /><input semantic="OUTPUT" source="#hpl_mixamorigwLeftUpLeg-roty" /></sampler><channel source="#hpl_mixamorigwLeftUpLeg-roty-sampler" target="mixamorigwLeftUpLeg/rotateY.ANGLE" />
      <sampler id="hpl_mixamorigwLeftUpLeg-rotx-sampler"><input semantic="INPUT" source="#hpl_mixamorigwLeftUpLeg-time" /><input semantic="OUTPUT" source="#hpl_mixamorigwLeftUpLeg-rotx" /></sampler><channel source="#hpl_mixamorigwLeftUpLeg-rotx-sampler" target="mixamorigwLeftUpLeg/rotateX.ANGLE" />
    </animation>
    <animation id="hpl_mixamorigwLeftLeg">
      <source id="hpl_mixamorigwLeftLeg-time"><float_array id="hpl_mixamorigwLeftLeg-time-array" count="40">0 1 2 3 4 5 6 7 8 9 10 11 12 13 14 15 16 17 18 19 20 21 22 23 24 25 26 27 28 29 30 31 32 33 34 35 36 37 38 39</float_array><technique_common><accessor source="#hpl_mixamorigwLeftLeg-time-array" count="40" stride="1" /></technique_common></source>
      <source id="hpl_mixamorigwLeftLeg-trans"><float_array id="hpl_mixamorigwLeftLeg-trans-array" count="120">7.46331e-08 0.346171 -6.20323e-08 7.46331e-08 0.346171 -6.20323e-08 7.46331e-08 0.346171 -6.20323e-08 7.46331e-08 0.346171 -6.20323e-08 7.46331e-08 0.346171 -6.20323e-08 7.46331e-08 0.346171 -6.20323e-08 7.46331e-08 0.346171 -6.20323e-08 7.46331e-08 0.346171 -6.20323e-08 7.46331e-08 0.346171 -6.20323e-08 7.46331e-08 0.346171 -6.20323e-08 7.46331e-08 0.346171 -6.20323e-08 7.46331e-08 0.346171 -6.20323e-08 7.46331e-08 0.346171 -6.20323e-08 7.46331e-08 0.346171 -6.20323e-08 7.46331e-08 0.346171 -6.20323e-08 7.46331e-08 0.346171 -6.20323e-08 7.46331e-08 0.346171 -6.20323e-08 7.46331e-08 0.346171 -6.20323e-08 7.46331e-08 0.346171 -6.20323e-08 7.46331e-08 0.346171 -6.20323e-08 7.46331e-08 0.346171 -6.20323e-08 7.46331e-08 0.346171 -6.20323e-08 7.46331e-08 0.346171 -6.20323e-08 7.46331e-08 0.346171 -6.20323e-08 7.46331e-08 0.346171 -6.20323e-08 7.46331e-08 0.346171 -6.20323e-08 7.46331e-08 0.346171 -6.20323e-08 7.46331e-08 0.346171 -6.20323e-08 7.46331e-08 0.346171 -6.20323e-08 7.46331e-08 0.346171 -6.20323e-08 7.46331e-08 0.346171 -6.20323e-08 7.46331e-08 0.346171 -6.20323e-08 7.46331e-08 0.346171 -6.20323e-08 7.46331e-08 0.346171 -6.20323e-08 7.46331e-08 0.346171 -6.20323e-08 7.46331e-08 0.346171 -6.20323e-08 7.46331e-08 0.346171 -6.20323e-08 7.46331e-08 0.346171 -6.20323e-08 7.46331e-08 0.346171 -6.20323e-08 7.46331e-08 0.346171 -6.20323e-08</float_array><technique_common><accessor source="#hpl_mixamorigwLeftLeg-trans-array" count="40" stride="3" /></technique_common></source>
      <source id="hpl_mixamorigwLeftLeg-rotz"><float_array id="hpl_mixamorigwLeftLeg-rotz-array" count="40">-0.354246 -0.631281 -0.76798 -0.81589 -0.848693 -0.884322 -0.923764 -0.950867 -0.976208 -0.958809 -0.939565 -0.92862 -0.977879 -1.01663 -0.985169 -0.915995 -0.824191 -0.583148 -0.00322233 0.130299 0.130285 0.133291 0.165327 -0.0246767 -0.310996 -0.836818 -1.13997 -1.30527 -1.37416 -1.38873 -1.40077 -1.41433 -1.41405 -1.28724 -1.00523 -0.605869 -0.0885074 -0.0926562 -0.379852 -0.354246</float_array><technique_common><accessor source="#hpl_mixamorigwLeftLeg-rotz-array" count="40" stride="1" /></technique_common></source>
      <source id="hpl_mixamorigwLeftLeg-roty"><float_array id="hpl_mixamorigwLeftLeg-roty-array" count="40">4.14261 4.03148 4.00282 3.91693 3.84468 3.84598 3.91178 3.99072 4.04703 4.05195 3.99073 3.87841 3.7529 3.64856 3.56392 3.50904 3.47285 3.45093 3.40415 3.55643 3.62131 3.64185 3.55651 3.49209 3.49448 3.65179 3.93876 4.28114 4.71489 5.19435 5.65378 5.92782 5.95169 5.72567 5.40445 5.08403 4.90934 4.59806 4.40389 4.14261</float_array><technique_common><accessor source="#hpl_mixamorigwLeftLeg-roty-array" count="40" stride="1" /></technique_common></source>
      <source id="hpl_mixamorigwLeftLeg-rotx"><float_array id="hpl_mixamorigwLeftLeg-rotx-array" count="40">5.43462 11.0666 14.6753 15.5736 16.0602 17.2459 18.7205 20.0337 21.0843 21.7466 22.1859 22.463 22.5789 22.2678 21.3574 19.685 16.7074 10.8838 6.34888 -1.60738 -1.60723 -1.60675 -1.60201 1.61898 7.17267 18.7511 27.922 35.4667 40.9473 44.1623 44.8244 42.8645 38.5216 31.68 22.5208 12.2426 1.6107 1.61061 6.4273 5.43462</float_array><technique_common><accessor source="#hpl_mixamorigwLeftLeg-rotx-array" count="40" stride="1" /></technique_common></source>
      <sampler id="hpl_mixamorigwLeftLeg-trans-sampler"><input semantic="INPUT" source="#hpl_mixamorigwLeftLeg-time" /><input semantic="OUTPUT" source="#hpl_mixamorigwLeftLeg-trans" /></sampler><channel source="#hpl_mixamorigwLeftLeg-trans-sampler" target="mixamorigwLeftLeg/translate" />
      <sampler id="hpl_mixamorigwLeftLeg-rotz-sampler"><input semantic="INPUT" source="#hpl_mixamorigwLeftLeg-time" /><input semantic="OUTPUT" source="#hpl_mixamorigwLeftLeg-rotz" /></sampler><channel source="#hpl_mixamorigwLeftLeg-rotz-sampler" target="mixamorigwLeftLeg/rotateZ.ANGLE" />
      <sampler id="hpl_mixamorigwLeftLeg-roty-sampler"><input semantic="INPUT" source="#hpl_mixamorigwLeftLeg-time" /><input semantic="OUTPUT" source="#hpl_mixamorigwLeftLeg-roty" /></sampler><channel source="#hpl_mixamorigwLeftLeg-roty-sampler" target="mixamorigwLeftLeg/rotateY.ANGLE" />
      <sampler id="hpl_mixamorigwLeftLeg-rotx-sampler"><input semantic="INPUT" source="#hpl_mixamorigwLeftLeg-time" /><input semantic="OUTPUT" source="#hpl_mixamorigwLeftLeg-rotx" /></sampler><channel source="#hpl_mixamorigwLeftLeg-rotx-sampler" target="mixamorigwLeftLeg/rotateX.ANGLE" />
    </animation>
    <animation id="hpl_mixamorigwLeftFoot">
      <source id="hpl_mixamorigwLeftFoot-time"><float_array id="hpl_mixamorigwLeftFoot-time-array" count="40">0 1 2 3 4 5 6 7 8 9 10 11 12 13 14 15 16 17 18 19 20 21 22 23 24 25 26 27 28 29 30 31 32 33 34 35 36 37 38 39</float_array><technique_common><accessor source="#hpl_mixamorigwLeftFoot-time-array" count="40" stride="1" /></technique_common></source>
      <source id="hpl_mixamorigwLeftFoot-trans"><float_array id="hpl_mixamorigwLeftFoot-trans-array" count="120">-2.24152e-08 0.360407 -7.27795e-09 -2.24152e-08 0.360407 -7.27795e-09 -2.24152e-08 0.360407 -7.27795e-09 -2.24152e-08 0.360407 -7.27795e-09 -2.24152e-08 0.360407 -7.27795e-09 -2.24152e-08 0.360407 -7.27795e-09 -2.24152e-08 0.360407 -7.27795e-09 -2.24152e-08 0.360407 -7.27795e-09 -2.24152e-08 0.360407 -7.27795e-09 -2.24152e-08 0.360407 -7.27795e-09 -2.24152e-08 0.360407 -7.27795e-09 -2.24152e-08 0.360407 -7.27795e-09 -2.24152e-08 0.360407 -7.27795e-09 -2.24152e-08 0.360407 -7.27795e-09 -2.24152e-08 0.360407 -7.27795e-09 -2.24152e-08 0.360407 -7.27795e-09 -2.24152e-08 0.360407 -7.27795e-09 -2.24152e-08 0.360407 -7.27795e-09 -2.24152e-08 0.360407 -7.27795e-09 -2.24152e-08 0.360407 -7.27795e-09 -2.24152e-08 0.360407 -7.27795e-09 -2.24152e-08 0.360407 -7.27795e-09 -2.24152e-08 0.360407 -7.27795e-09 -2.24152e-08 0.360407 -7.27795e-09 -2.24152e-08 0.360407 -7.27795e-09 -2.24152e-08 0.360407 -7.27795e-09 -2.24152e-08 0.360407 -7.27795e-09 -2.24152e-08 0.360407 -7.27795e-09 -2.24152e-08 0.360407 -7.27795e-09 -2.24152e-08 0.360407 -7.27795e-09 -2.24152e-08 0.360407 -7.27795e-09 -2.24152e-08 0.360407 -7.27795e-09 -2.24152e-08 0.360407 -7.27795e-09 -2.24152e-08 0.360407 -7.27795e-09 -2.24152e-08 0.360407 -7.27795e-09 -2.24152e-08 0.360407 -7.27795e-09 -2.24152e-08 0.360407 -7.27795e-09 -2.24152e-08 0.360407 -7.27795e-09 -2.24152e-08 0.360407 -7.27795e-09 -2.24152e-08 0.360407 -7.27795e-09</float_array><technique_common><accessor source="#hpl_mixamorigwLeftFoot-trans-array" count="40" stride="3" /></technique_common></source>
      <source id="hpl_mixamorigwLeftFoot-rotz"><float_array id="hpl_mixamorigwLeftFoot-rotz-array" count="40">3.7661 3.65701 3.27958 2.79343 2.2685 2.02472 2.03252 2.27699 2.48429 2.62245 2.68493 2.65523 2.60768 2.43279 2.14951 1.8891 1.72677 2.05472 3.37916 5.83465 8.7645 9.66064 7.99359 5.78303 4.60055 5.11855 5.92063 6.73229 7.36896 7.8655 8.04517 7.89242 7.377 6.19931 4.79189 4.45024 4.20946 4.04486 3.54436 3.7661</float_array><technique_common><accessor source="#hpl_mixamorigwLeftFoot-rotz-array" count="40" stride="1" /></technique_common></source>
      <source id="hpl_mixamorigwLeftFoot-roty"><float_array id="hpl_mixamorigwLeftFoot-roty-array" count="40">-3.16542 -2.6495 -3.00172 -4.02471 -5.02871 -5.70708 -5.91604 -5.84828 -5.85076 -6.04047 -6.51308 -7.29223 -8.30629 -9.30589 -9.94303 -10.1434 -9.82776 -9.03996 -8.06577 -7.68391 -7.24017 -8.04629 -9.71955 -10.8556 -11.0987 -10.5013 -9.48444 -7.94994 -6.04148 -3.9902 -2.3289 -1.22508 -0.643301 -0.600168 -0.658318 -0.864693 -1.74873 -2.52242 -2.79803 -3.16542</float_array><technique_common><accessor source="#hpl_mixamorigwLeftFoot-roty-array" count="40" stride="1" /></technique_common></source>
      <source id="hpl_mixamorigwLeftFoot-rotx"><float_array id="hpl_mixamorigwLeftFoot-rotx-array" count="40">-72.3391 -73.9873 -73.685 -72.3394 -70.8906 -69.8759 -69.0615 -68.2877 -67.397 -66.409 -65.3474 -64.2032 -62.9776 -61.3418 -59.1585 -56.2326 -52.6716 -48.2631 -46.2311 -44.8632 -48.0668 -49.6141 -48.4869 -47.4287 -47.3957 -50.6855 -52.7496 -53.96 -54.2249 -53.6833 -52.8424 -51.8661 -50.948 -50.3239 -51.3337 -55.1234 -58.4032 -64.457 -69.3262 -72.3391</float_array><technique_common><accessor source="#hpl_mixamorigwLeftFoot-rotx-array" count="40" stride="1" /></technique_common></source>
      <sampler id="hpl_mixamorigwLeftFoot-trans-sampler"><input semantic="INPUT" source="#hpl_mixamorigwLeftFoot-time" /><input semantic="OUTPUT" source="#hpl_mixamorigwLeftFoot-trans" /></sampler><channel source="#hpl_mixamorigwLeftFoot-trans-sampler" target="mixamorigwLeftFoot/translate" />
      <sampler id="hpl_mixamorigwLeftFoot-rotz-sampler"><input semantic="INPUT" source="#hpl_mixamorigwLeftFoot-time" /><input semantic="OUTPUT" source="#hpl_mixamorigwLeftFoot-rotz" /></sampler><channel source="#hpl_mixamorigwLeftFoot-rotz-sampler" target="mixamorigwLeftFoot/rotateZ.ANGLE" />
      <sampler id="hpl_mixamorigwLeftFoot-roty-sampler"><input semantic="INPUT" source="#hpl_mixamorigwLeftFoot-time" /><input semantic="OUTPUT" source="#hpl_mixamorigwLeftFoot-roty" /></sampler><channel source="#hpl_mixamorigwLeftFoot-roty-sampler" target="mixamorigwLeftFoot/rotateY.ANGLE" />
      <sampler id="hpl_mixamorigwLeftFoot-rotx-sampler"><input semantic="INPUT" source="#hpl_mixamorigwLeftFoot-time" /><input semantic="OUTPUT" source="#hpl_mixamorigwLeftFoot-rotx" /></sampler><channel source="#hpl_mixamorigwLeftFoot-rotx-sampler" target="mixamorigwLeftFoot/rotateX.ANGLE" />
    </animation>
    <animation id="hpl_mixamorigwLeftToeBase">
      <source id="hpl_mixamorigwLeftToeBase-time"><float_array id="hpl_mixamorigwLeftToeBase-time-array" count="40">0 1 2 3 4 5 6 7 8 9 10 11 12 13 14 15 16 17 18 19 20 21 22 23 24 25 26 27 28 29 30 31 32 33 34 35 36 37 38 39</float_array><technique_common><accessor source="#hpl_mixamorigwLeftToeBase-time-array" count="40" stride="1" /></technique_common></source>
      <source id="hpl_mixamorigwLeftToeBase-trans"><float_array id="hpl_mixamorigwLeftToeBase-trans-array" count="120">-1.32832e-07 0.1657 1.50747e-07 -1.32832e-07 0.1657 1.50747e-07 -1.32832e-07 0.1657 1.50747e-07 -1.32832e-07 0.1657 1.50747e-07 -1.32832e-07 0.1657 1.50747e-07 -1.32832e-07 0.1657 1.50747e-07 -1.32832e-07 0.1657 1.50747e-07 -1.32832e-07 0.1657 1.50747e-07 -1.32832e-07 0.1657 1.50747e-07 -1.32832e-07 0.1657 1.50747e-07 -1.32832e-07 0.1657 1.50747e-07 -1.32832e-07 0.1657 1.50747e-07 -1.32832e-07 0.1657 1.50747e-07 -1.32832e-07 0.1657 1.50747e-07 -1.32832e-07 0.1657 1.50747e-07 -1.32832e-07 0.1657 1.50747e-07 -1.32832e-07 0.1657 1.50747e-07 -1.32832e-07 0.1657 1.50747e-07 -1.32832e-07 0.1657 1.50747e-07 -1.32832e-07 0.1657 1.50747e-07 -1.32832e-07 0.1657 1.50747e-07 -1.32832e-07 0.1657 1.50747e-07 -1.32832e-07 0.1657 1.50747e-07 -1.32832e-07 0.1657 1.50747e-07 -1.32832e-07 0.1657 1.50747e-07 -1.32832e-07 0.1657 1.50747e-07 -1.32832e-07 0.1657 1.50747e-07 -1.32832e-07 0.1657 1.50747e-07 -1.32832e-07 0.1657 1.50747e-07 -1.32832e-07 0.1657 1.50747e-07 -1.32832e-07 0.1657 1.50747e-07 -1.32832e-07 0.1657 1.50747e-07 -1.32832e-07 0.1657 1.50747e-07 -1.32832e-07 0.1657 1.50747e-07 -1.32832e-07 0.1657 1.50747e-07 -1.32832e-07 0.1657 1.50747e-07 -1.32832e-07 0.1657 1.50747e-07 -1.32832e-07 0.1657 1.50747e-07 -1.32832e-07 0.1657 1.50747e-07 -1.32832e-07 0.1657 1.50747e-07</float_array><technique_common><accessor source="#hpl_mixamorigwLeftToeBase-trans-array" count="40" stride="3" /></technique_common></source>
      <source id="hpl_mixamorigwLeftToeBase-rotz"><float_array id="hpl_mixamorigwLeftToeBase-rotz-array" count="40">0.831938 0.712821 0.600122 0.549343 0.570103 0.616245 0.63961 0.637931 0.630867 0.626518 0.632607 0.636752 0.628874 0.626722 0.597925 0.601186 0.664306 0.751462 0.844922 0.976794 1.0473 1.06064 0.993478 0.932696 0.91926 0.905073 0.901924 0.904405 0.912822 0.934956 0.96675 1.012 1.12588 1.44982 2.1399 2.25393 1.79891 1.31283 1.07559 0.831938</float_array><technique_common><accessor source="#hpl_mixamorigwLeftToeBase-rotz-array" count="40" stride="1" /></technique_common></source>
      <source id="hpl_mixamorigwLeftToeBase-roty"><float_array id="hpl_mixamorigwLeftToeBase-roty-array" count="40">-0.44005 -0.443892 -0.462827 -0.464962 -0.463256 -0.467913 -0.482063 -0.499825 -0.511352 -0.511573 -0.507997 -0.507841 -0.517962 -0.514876 -0.500338 -0.487479 -0.486942 -0.532964 -0.532551 -0.633294 -0.75018 -0.768761 -0.728952 -0.6885 -0.639072 -0.624805 -0.638391 -0.685941 -0.753088 -0.839518 -0.903394 -0.966707 -1.07167 -1.37302 -1.88933 -1.85761 -1.42316 -0.958549 -0.664018 -0.44005</float_array><technique_common><accessor source="#hpl_mixamorigwLeftToeBase-roty-array" count="40" stride="1" /></technique_common></source>
      <source id="hpl_mixamorigwLeftToeBase-rotx"><float_array id="hpl_mixamorigwLeftToeBase-rotx-array" count="40">-37.5058 -36.8621 -36.5073 -36.3923 -36.5221 -36.7182 -36.8572 -36.8875 -36.8791 -36.8142 -36.7104 -36.6071 -36.5368 -36.4748 -36.3182 -36.3218 -36.8104 -37.6871 -38.01 -38.7807 -39.4604 -39.4701 -39.3963 -39.2999 -39.2102 -39.2064 -39.363 -39.6906 -40.1118 -40.5776 -40.9766 -41.52 -42.7781 -46.3625 -53.0601 -53.4818 -48.4444 -43.1596 -40.2296 -37.5058</float_array><technique_common><accessor source="#hpl_mixamorigwLeftToeBase-rotx-array" count="40" stride="1" /></technique_common></source>
      <sampler id="hpl_mixamorigwLeftToeBase-trans-sampler"><input semantic="INPUT" source="#hpl_mixamorigwLeftToeBase-time" /><input semantic="OUTPUT" source="#hpl_mixamorigwLeftToeBase-trans" /></sampler><channel source="#hpl_mixamorigwLeftToeBase-trans-sampler" target="mixamorigwLeftToeBase/translate" />
      <sampler id="hpl_mixamorigwLeftToeBase-rotz-sampler"><input semantic="INPUT" source="#hpl_mixamorigwLeftToeBase-time" /><input semantic="OUTPUT" source="#hpl_mixamorigwLeftToeBase-rotz" /></sampler><channel source="#hpl_mixamorigwLeftToeBase-rotz-sampler" target="mixamorigwLeftToeBase/rotateZ.ANGLE" />
      <sampler id="hpl_mixamorigwLeftToeBase-roty-sampler"><input semantic="INPUT" source="#hpl_mixamorigwLeftToeBase-time" /><input semantic="OUTPUT" source="#hpl_mixamorigwLeftToeBase-roty" /></sampler><channel source="#hpl_mixamorigwLeftToeBase-roty-sampler" target="mixamorigwLeftToeBase/rotateY.ANGLE" />
      <sampler id="hpl_mixamorigwLeftToeBase-rotx-sampler"><input semantic="INPUT" source="#hpl_mixamorigwLeftToeBase-time" /><input semantic="OUTPUT" source="#hpl_mixamorigwLeftToeBase-rotx" /></sampler><channel source="#hpl_mixamorigwLeftToeBase-rotx-sampler" target="mixamorigwLeftToeBase/rotateX.ANGLE" />
    </animation>
    <animation id="hpl_mixamorigwRightUpLeg">
      <source id="hpl_mixamorigwRightUpLeg-time"><float_array id="hpl_mixamorigwRightUpLeg-time-array" count="40">0 1 2 3 4 5 6 7 8 9 10 11 12 13 14 15 16 17 18 19 20 21 22 23 24 25 26 27 28 29 30 31 32 33 34 35 36 37 38 39</float_array><technique_common><accessor source="#hpl_mixamorigwRightUpLeg-time-array" count="40" stride="1" /></technique_common></source>
      <source id="hpl_mixamorigwRightUpLeg-trans"><float_array id="hpl_mixamorigwRightUpLeg-trans-array" count="120">-0.0932709 -0.0899167 0.0209565 -0.0932709 -0.0899167 0.0209565 -0.0932709 -0.0899167 0.0209565 -0.0932709 -0.0899167 0.0209565 -0.0932709 -0.0899167 0.0209565 -0.0932709 -0.0899167 0.0209565 -0.0932709 -0.0899167 0.0209565 -0.0932709 -0.0899167 0.0209565 -0.0932709 -0.0899167 0.0209565 -0.0932709 -0.0899167 0.0209565 -0.0932709 -0.0899167 0.0209565 -0.0932709 -0.0899167 0.0209565 -0.0932709 -0.0899167 0.0209565 -0.0932709 -0.0899167 0.0209565 -0.0932709 -0.0899167 0.0209565 -0.0932709 -0.0899167 0.0209565 -0.0932709 -0.0899167 0.0209565 -0.0932709 -0.0899167 0.0209565 -0.0932709 -0.0899167 0.0209565 -0.0932709 -0.0899167 0.0209565 -0.0932709 -0.0899167 0.0209565 -0.0932709 -0.0899167 0.0209565 -0.0932709 -0.0899167 0.0209565 -0.0932709 -0.0899167 0.0209565 -0.0932709 -0.0899167 0.0209565 -0.0932709 -0.0899167 0.0209565 -0.0932709 -0.0899167 0.0209565 -0.0932709 -0.0899167 0.0209565 -0.0932709 -0.0899167 0.0209565 -0.0932709 -0.0899167 0.0209565 -0.0932709 -0.0899167 0.0209565 -0.0932709 -0.0899167 0.0209565 -0.0932709 -0.0899167 0.0209565 -0.0932709 -0.0899167 0.0209565 -0.0932709 -0.0899167 0.0209565 -0.0932709 -0.0899167 0.0209565 -0.0932709 -0.0899167 0.0209565 -0.0932709 -0.0899167 0.0209565 -0.0932709 -0.0899167 0.0209565 -0.0932709 -0.0899167 0.0209565</float_array><technique_common><accessor source="#hpl_mixamorigwRightUpLeg-trans-array" count="40" stride="3" /></technique_common></source>
      <source id="hpl_mixamorigwRightUpLeg-rotz"><float_array id="hpl_mixamorigwRightUpLeg-rotz-array" count="40">11.9171 11.7015 11.6039 10.8446 10.01 8.55858 6.83379 4.70747 2.17345 -0.531693 -3.24687 -5.67057 -7.29752 -7.79692 -7.31544 -6.13111 -4.31139 -2.08395 0.856464 3.21352 4.80508 6.36728 7.60734 8.52375 9.0981 9.54762 10.0342 10.569 11.2204 11.8064 12.332 12.8422 13.2631 13.6051 13.9224 14.1538 13.9526 13.4986 12.7666 11.9171</float_array><technique_common><accessor source="#hpl_mixamorigwRightUpLeg-rotz-array" count="40" stride="1" /></technique_common></source>
      <source id="hpl_mixamorigwRightUpLeg-roty"><float_array id="hpl_mixamorigwRightUpLeg-roty-array" count="40">-14.0301 -15.2564 -16.2133 -16.7027 -16.4369 -16.2137 -16.5228 -17.2536 -18.0575 -18.6141 -18.8093 -18.5756 -17.9658 -17.1392 -16.3493 -15.6789 -14.8346 -13.5874 -12.5743 -11.5572 -10.7452 -10.0055 -9.27737 -8.58324 -8.10331 -7.97325 -8.11297 -8.43276 -8.75389 -8.98618 -9.16693 -9.23093 -9.15316 -8.8752 -8.45586 -8.18235 -8.28062 -9.60765 -10.9226 -14.0301</float_array><technique_common><accessor source="#hpl_mixamorigwRightUpLeg-roty-array" count="40" stride="1" /></technique_common></source>
      <source id="hpl_mixamorigwRightUpLeg-rotx"><float_array id="hpl_mixamorigwRightUpLeg-rotx-array" count="40">151.345 149.726 149.661 151.55 148.973 149.468 151.22 154.108 158.056 162.759 168.005 173.38 178.467 182.97 186.78 189.657 191.457 192.456 187.794 184.266 181.931 179.268 177.181 175.758 174.917 174.156 173.197 171.781 170.072 168.239 166.514 164.675 162.629 160.353 157.697 154.849 152.763 151.102 150.005 151.345</float_array><technique_common><accessor source="#hpl_mixamorigwRightUpLeg-rotx-array" count="40" stride="1" /></technique_common></source>
      <sampler id="hpl_mixamorigwRightUpLeg-trans-sampler"><input semantic="INPUT" source="#hpl_mixamorigwRightUpLeg-time" /><input semantic="OUTPUT" source="#hpl_mixamorigwRightUpLeg-trans" /></sampler><channel source="#hpl_mixamorigwRightUpLeg-trans-sampler" target="mixamorigwRightUpLeg/translate" />
      <sampler id="hpl_mixamorigwRightUpLeg-rotz-sampler"><input semantic="INPUT" source="#hpl_mixamorigwRightUpLeg-time" /><input semantic="OUTPUT" source="#hpl_mixamorigwRightUpLeg-rotz" /></sampler><channel source="#hpl_mixamorigwRightUpLeg-rotz-sampler" target="mixamorigwRightUpLeg/rotateZ.ANGLE" />
      <sampler id="hpl_mixamorigwRightUpLeg-roty-sampler"><input semantic="INPUT" source="#hpl_mixamorigwRightUpLeg-time" /><input semantic="OUTPUT" source="#hpl_mixamorigwRightUpLeg-roty" /></sampler><channel source="#hpl_mixamorigwRightUpLeg-roty-sampler" target="mixamorigwRightUpLeg/rotateY.ANGLE" />
      <sampler id="hpl_mixamorigwRightUpLeg-rotx-sampler"><input semantic="INPUT" source="#hpl_mixamorigwRightUpLeg-time" /><input semantic="OUTPUT" source="#hpl_mixamorigwRightUpLeg-rotx" /></sampler><channel source="#hpl_mixamorigwRightUpLeg-rotx-sampler" target="mixamorigwRightUpLeg/rotateX.ANGLE" />
    </animation>
    <animation id="hpl_mixamorigwRightLeg">
      <source id="hpl_mixamorigwRightLeg-time"><float_array id="hpl_mixamorigwRightLeg-time-array" count="40">0 1 2 3 4 5 6 7 8 9 10 11 12 13 14 15 16 17 18 19 20 21 22 23 24 25 26 27 28 29 30 31 32 33 34 35 36 37 38 39</float_array><technique_common><accessor source="#hpl_mixamorigwRightLeg-time-array" count="40" stride="1" /></technique_common></source>
      <source id="hpl_mixamorigwRightLeg-trans"><float_array id="hpl_mixamorigwRightLeg-trans-array" count="120">7.06192e-07 0.343251 5.33909e-10 7.06192e-07 0.343251 5.33909e-10 7.06192e-07 0.343251 5.33909e-10 7.06192e-07 0.343251 5.33909e-10 7.06192e-07 0.343251 5.33909e-10 7.06192e-07 0.343251 5.33909e-10 7.06192e-07 0.343251 5.33909e-10 7.06192e-07 0.343251 5.33909e-10 7.06192e-07 0.343251 5.33909e-10 7.06192e-07 0.343251 5.33909e-10 7.06192e-07 0.343251 5.33909e-10 7.06192e-07 0.343251 5.33909e-10 7.06192e-07 0.343251 5.33909e-10 7.06192e-07 0.343251 5.33909e-10 7.06192e-07 0.343251 5.33909e-10 7.06192e-07 0.343251 5.33909e-10 7.06192e-07 0.343251 5.33909e-10 7.06192e-07 0.343251 5.33909e-10 7.06192e-07 0.343251 5.33909e-10 7.06192e-07 0.343251 5.33909e-10 7.06192e-07 0.343251 5.33909e-10 7.06192e-07 0.343251 5.33909e-10 7.06192e-07 0.343251 5.33909e-10 7.06192e-07 0.343251 5.33909e-10 7.06192e-07 0.343251 5.33909e-10 7.06192e-07 0.343251 5.33909e-10 7.06192e-07 0.343251 5.33909e-10 7.06192e-07 0.343251 5.33909e-10 7.06192e-07 0.343251 5.33909e-10 7.06192e-07 0.343251 5.33909e-10 7.06192e-07 0.343251 5.33909e-10 7.06192e-07 0.343251 5.33909e-10 7.06192e-07 0.343251 5.33909e-10 7.06192e-07 0.343251 5.33909e-10 7.06192e-07 0.343251 5.33909e-10 7.06192e-07 0.343251 5.33909e-10 7.06192e-07 0.343251 5.33909e-10 7.06192e-07 0.343251 5.33909e-10 7.06192e-07 0.343251 5.33909e-10 7.06192e-07 0.343251 5.33909e-10</float_array><technique_common><accessor source="#hpl_mixamorigwRightLeg-trans-array" count="40" stride="3" /></technique_common></source>
      <source id="hpl_mixamorigwRightLeg-rotz"><float_array id="hpl_mixamorigwRightLeg-rotz-array" count="40">-0.0365603 -0.00833681 0.0494721 0.0588264 0.544533 0.87816 1.12159 1.31754 1.41835 1.38825 1.291 1.22106 1.18882 1.12845 0.952932 0.695248 0.39427 0.0754314 0.216403 0.276482 0.261596 0.36305 0.425585 0.461951 0.47464 0.476677 0.493244 0.539415 0.592574 0.633351 0.675137 0.712675 0.70554 0.64669 0.580783 0.605114 0.764631 0.577686 0.318133 -0.0365603</float_array><technique_common><accessor source="#hpl_mixamorigwRightLeg-rotz-array" count="40" stride="1" /></technique_common></source>
      <source id="hpl_mixamorigwRightLeg-roty"><float_array id="hpl_mixamorigwRightLeg-roty-array" count="40">-5.07516 -5.08297 -4.98563 -4.82876 -4.72902 -4.71062 -4.71016 -4.68075 -4.72447 -4.97184 -5.36156 -5.79118 -6.07878 -6.12456 -5.98927 -5.74858 -5.30773 -4.9505 -4.74709 -4.56728 -4.33976 -4.30645 -4.34809 -4.35425 -4.35616 -4.39523 -4.48083 -4.56326 -4.62038 -4.61344 -4.58387 -4.55046 -4.5417 -4.54363 -4.54452 -4.59427 -4.60203 -4.8329 -4.94089 -5.07516</float_array><technique_common><accessor source="#hpl_mixamorigwRightLeg-roty-array" count="40" stride="1" /></technique_common></source>
      <source id="hpl_mixamorigwRightLeg-rotx"><float_array id="hpl_mixamorigwRightLeg-rotx-array" count="40">1.62357 1.62146 1.61569 1.61473 13.7889 22.4463 30.2331 36.9847 42.3335 45.9172 47.5301 46.9676 43.6542 37.2829 28.3463 18.5744 9.71052 1.61249 4.69176 6.76757 7.68526 9.89632 11.648 12.9716 13.8276 14.5119 15.351 16.8613 18.6923 20.2871 21.2611 21.7457 21.8954 21.7656 21.3517 20.914 18.65 15.4903 11.3693 1.62357</float_array><technique_common><accessor source="#hpl_mixamorigwRightLeg-rotx-array" count="40" stride="1" /></technique_common></source>
      <sampler id="hpl_mixamorigwRightLeg-trans-sampler"><input semantic="INPUT" source="#hpl_mixamorigwRightLeg-time" /><input semantic="OUTPUT" source="#hpl_mixamorigwRightLeg-trans" /></sampler><channel source="#hpl_mixamorigwRightLeg-trans-sampler" target="mixamorigwRightLeg/translate" />
      <sampler id="hpl_mixamorigwRightLeg-rotz-sampler"><input semantic="INPUT" source="#hpl_mixamorigwRightLeg-time" /><input semantic="OUTPUT" source="#hpl_mixamorigwRightLeg-rotz" /></sampler><channel source="#hpl_mixamorigwRightLeg-rotz-sampler" target="mixamorigwRightLeg/rotateZ.ANGLE" />
      <sampler id="hpl_mixamorigwRightLeg-roty-sampler"><input semantic="INPUT" source="#hpl_mixamorigwRightLeg-time" /><input semantic="OUTPUT" source="#hpl_mixamorigwRightLeg-roty" /></sampler><channel source="#hpl_mixamorigwRightLeg-roty-sampler" target="mixamorigwRightLeg/rotateY.ANGLE" />
      <sampler id="hpl_mixamorigwRightLeg-rotx-sampler"><input semantic="INPUT" source="#hpl_mixamorigwRightLeg-time" /><input semantic="OUTPUT" source="#hpl_mixamorigwRightLeg-rotx" /></sampler><channel source="#hpl_mixamorigwRightLeg-rotx-sampler" target="mixamorigwRightLeg/rotateX.ANGLE" />
    </animation>
    <animation id="hpl_mixamorigwRightFoot">
      <source id="hpl_mixamorigwRightFoot-time"><float_array id="hpl_mixamorigwRightFoot-time-array" count="40">0 1 2 3 4 5 6 7 8 9 10 11 12 13 14 15 16 17 18 19 20 21 22 23 24 25 26 27 28 29 30 31 32 33 34 35 36 37 38 39</float_array><technique_common><accessor source="#hpl_mixamorigwRightFoot-time-array" count="40" stride="1" /></technique_common></source>
      <source id="hpl_mixamorigwRightFoot-trans"><float_array id="hpl_mixamorigwRightFoot-trans-array" count="120">-1.23877e-07 0.361137 -2.12505e-07 -1.23877e-07 0.361137 -2.12505e-07 -1.23877e-07 0.361137 -2.12505e-07 -1.23877e-07 0.361137 -2.12505e-07 -1.23877e-07 0.361137 -2.12505e-07 -1.23877e-07 0.361137 -2.12505e-07 -1.23877e-07 0.361137 -2.12505e-07 -1.23877e-07 0.361137 -2.12505e-07 -1.23877e-07 0.361137 -2.12505e-07 -1.23877e-07 0.361137 -2.12505e-07 -1.23877e-07 0.361137 -2.12505e-07 -1.23877e-07 0.361137 -2.12505e-07 -1.23877e-07 0.361137 -2.12505e-07 -1.23877e-07 0.361137 -2.12505e-07 -1.23877e-07 0.361137 -2.12505e-07 -1.23877e-07 0.361137 -2.12505e-07 -1.23877e-07 0.361137 -2.12505e-07 -1.23877e-07 0.361137 -2.12505e-07 -1.23877e-07 0.361137 -2.12505e-07 -1.23877e-07 0.361137 -2.12505e-07 -1.23877e-07 0.361137 -2.12505e-07 -1.23877e-07 0.361137 -2.12505e-07 -1.23877e-07 0.361137 -2.12505e-07 -1.23877e-07 0.361137 -2.12505e-07 -1.23877e-07 0.361137 -2.12505e-07 -1.23877e-07 0.361137 -2.12505e-07 -1.23877e-07 0.361137 -2.12505e-07 -1.23877e-07 0.361137 -2.12505e-07 -1.23877e-07 0.361137 -2.12505e-07 -1.23877e-07 0.361137 -2.12505e-07 -1.23877e-07 0.361137 -2.12505e-07 -1.23877e-07 0.361137 -2.12505e-07 -1.23877e-07 0.361137 -2.12505e-07 -1.23877e-07 0.361137 -2.12505e-07 -1.23877e-07 0.361137 -2.12505e-07 -1.23877e-07 0.361137 -2.12505e-07 -1.23877e-07 0.361137 -2.12505e-07 -1.23877e-07 0.361137 -2.12505e-07 -1.23877e-07 0.361137 -2.12505e-07 -1.23877e-07 0.361137 -2.12505e-07</float_array><technique_common><accessor source="#hpl_mixamorigwRightFoot-trans-array" count="40" stride="3" /></technique_common></source>
      <source id="hpl_mixamorigwRightFoot-rotz"><float_array id="hpl_mixamorigwRightFoot-rotz-array" count="40">-10.2832 -11.2492 -8.74347 -5.47461 -5.19299 -4.65351 -4.18351 -3.84815 -3.8398 -4.21424 -4.79574 -5.49479 -6.04618 -6.17221 -5.79335 -5.31092 -4.62753 -3.62053 -2.94106 -2.36321 -2.24589 -2.01323 -1.43102 -0.60877 0.159081 0.660512 0.867112 0.830404 0.809147 0.715725 0.540145 0.359231 0.0578804 -0.324259 -0.721355 -1.24296 -2.12607 -2.92542 -3.76498 -10.2832</float_array><technique_common><accessor source="#hpl_mixamorigwRightFoot-rotz-array" count="40" stride="1" /></technique_common></source>
      <source id="hpl_mixamorigwRightFoot-roty"><float_array id="hpl_mixamorigwRightFoot-roty-array" count="40">14.1944 15.4783 16.6739 16.9075 16.0221 15.3331 14.7619 14.3737 13.7934 12.5326 10.3646 7.84976 5.78754 4.71732 4.51303 4.9538 6.20134 7.62781 8.40221 8.99503 9.01859 9.32628 9.91223 10.6194 11.2639 11.5868 11.6484 11.6094 11.5918 11.5828 11.5445 11.5632 11.7743 12.3752 13.2375 14.0305 14.6788 14.6594 14.6185 14.1944</float_array><technique_common><accessor source="#hpl_mixamorigwRightFoot-roty-array" count="40" stride="1" /></technique_common></source>
      <source id="hpl_mixamorigwRightFoot-rotx"><float_array id="hpl_mixamorigwRightFoot-rotx-array" count="40">-48.561 -51.5721 -50.4014 -47.1189 -50.693 -52.93 -55.1535 -56.8927 -57.7177 -57.527 -56.627 -55.6073 -54.9314 -54.7564 -55.214 -56.9413 -59.5283 -61.0606 -64.9985 -67.7504 -69.5244 -70.1076 -69.5803 -68.639 -67.6993 -67.1173 -66.7607 -66.4988 -66.0449 -65.3306 -64.3945 -63.1216 -61.5784 -59.8003 -57.6094 -55.304 -52.5346 -50.5167 -49.3442 -48.561</float_array><technique_common><accessor source="#hpl_mixamorigwRightFoot-rotx-array" count="40" stride="1" /></technique_common></source>
      <sampler id="hpl_mixamorigwRightFoot-trans-sampler"><input semantic="INPUT" source="#hpl_mixamorigwRightFoot-time" /><input semantic="OUTPUT" source="#hpl_mixamorigwRightFoot-trans" /></sampler><channel source="#hpl_mixamorigwRightFoot-trans-sampler" target="mixamorigwRightFoot/translate" />
      <sampler id="hpl_mixamorigwRightFoot-rotz-sampler"><input semantic="INPUT" source="#hpl_mixamorigwRightFoot-time" /><input semantic="OUTPUT" source="#hpl_mixamorigwRightFoot-rotz" /></sampler><channel source="#hpl_mixamorigwRightFoot-rotz-sampler" target="mixamorigwRightFoot/rotateZ.ANGLE" />
      <sampler id="hpl_mixamorigwRightFoot-roty-sampler"><input semantic="INPUT" source="#hpl_mixamorigwRightFoot-time" /><input semantic="OUTPUT" source="#hpl_mixamorigwRightFoot-roty" /></sampler><channel source="#hpl_mixamorigwRightFoot-roty-sampler" target="mixamorigwRightFoot/rotateY.ANGLE" />
      <sampler id="hpl_mixamorigwRightFoot-rotx-sampler"><input semantic="INPUT" source="#hpl_mixamorigwRightFoot-time" /><input semantic="OUTPUT" source="#hpl_mixamorigwRightFoot-rotx" /></sampler><channel source="#hpl_mixamorigwRightFoot-rotx-sampler" target="mixamorigwRightFoot/rotateX.ANGLE" />
    </animation>
    <animation id="hpl_mixamorigwRightToeBase">
      <source id="hpl_mixamorigwRightToeBase-time"><float_array id="hpl_mixamorigwRightToeBase-time-array" count="40">0 1 2 3 4 5 6 7 8 9 10 11 12 13 14 15 16 17 18 19 20 21 22 23 24 25 26 27 28 29 30 31 32 33 34 35 36 37 38 39</float_array><technique_common><accessor source="#hpl_mixamorigwRightToeBase-time-array" count="40" stride="1" /></technique_common></source>
      <source id="hpl_mixamorigwRightToeBase-trans"><float_array id="hpl_mixamorigwRightToeBase-trans-array" count="120">-5.86781e-07 0.170855 -2.20829e-08 -5.86781e-07 0.170855 -2.20829e-08 -5.86781e-07 0.170855 -2.20829e-08 -5.86781e-07 0.170855 -2.20829e-08 -5.86781e-07 0.170855 -2.20829e-08 -5.86781e-07 0.170855 -2.20829e-08 -5.86781e-07 0.170855 -2.20829e-08 -5.86781e-07 0.170855 -2.20829e-08 -5.86781e-07 0.170855 -2.20829e-08 -5.86781e-07 0.170855 -2.20829e-08 -5.86781e-07 0.170855 -2.20829e-08 -5.86781e-07 0.170855 -2.20829e-08 -5.86781e-07 0.170855 -2.20829e-08 -5.86781e-07 0.170855 -2.20829e-08 -5.86781e-07 0.170855 -2.20829e-08 -5.86781e-07 0.170855 -2.20829e-08 -5.86781e-07 0.170855 -2.20829e-08 -5.86781e-07 0.170855 -2.20829e-08 -5.86781e-07 0.170855 -2.20829e-08 -5.86781e-07 0.170855 -2.20829e-08 -5.86781e-07 0.170855 -2.20829e-08 -5.86781e-07 0.170855 -2.20829e-08 -5.86781e-07 0.170855 -2.20829e-08 -5.86781e-07 0.170855 -2.20829e-08 -5.86781e-07 0.170855 -2.20829e-08 -5.86781e-07 0.170855 -2.20829e-08 -5.86781e-07 0.170855 -2.20829e-08 -5.86781e-07 0.170855 -2.20829e-08 -5.86781e-07 0.170855 -2.20829e-08 -5.86781e-07 0.170855 -2.20829e-08 -5.86781e-07 0.170855 -2.20829e-08 -5.86781e-07 0.170855 -2.20829e-08 -5.86781e-07 0.170855 -2.20829e-08 -5.86781e-07 0.170855 -2.20829e-08 -5.86781e-07 0.170855 -2.20829e-08 -5.86781e-07 0.170855 -2.20829e-08 -5.86781e-07 0.170855 -2.20829e-08 -5.86781e-07 0.170855 -2.20829e-08 -5.86781e-07 0.170855 -2.20829e-08 -5.86781e-07 0.170855 -2.20829e-08</float_array><technique_common><accessor source="#hpl_mixamorigwRightToeBase-trans-array" count="40" stride="3" /></technique_common></source>
      <source id="hpl_mixamorigwRightToeBase-rotz"><float_array id="hpl_mixamorigwRightToeBase-rotz-array" count="40">-0.778622 -0.89594 -0.901823 -0.85617 -0.742869 -0.575083 -0.38091 -0.257542 -0.18003 -0.148514 -0.135126 -0.150101 -0.182909 -0.337844 -0.838938 -1.22643 -0.99351 -0.649313 -0.361835 -0.134516 -0.0243694 0.0267423 0.0506147 0.0894203 0.106861 0.102542 0.0815949 0.0342663 -0.0141289 -0.0482434 -0.0639508 -0.0882267 -0.122666 -0.168936 -0.175984 -0.217232 -0.294435 -0.458695 -0.590124 -0.778622</float_array><technique_common><accessor source="#hpl_mixamorigwRightToeBase-rotz-array" count="40" stride="1" /></technique_common></source>
      <source id="hpl_mixamorigwRightToeBase-roty"><float_array id="hpl_mixamorigwRightToeBase-roty-array" count="40">2.15245 2.1718 2.07713 1.981 1.94158 1.90099 1.87118 1.8735 1.92482 1.98922 2.07146 2.12831 2.16966 2.34961 2.82791 3.0926 2.87697 2.51864 2.22599 1.98488 1.85064 1.77054 1.71027 1.71074 1.73215 1.74582 1.76733 1.78167 1.80024 1.82834 1.88174 1.94887 2.02236 2.06325 2.06403 2.04878 2.05342 2.04021 2.07312 2.15245</float_array><technique_common><accessor source="#hpl_mixamorigwRightToeBase-roty-array" count="40" stride="1" /></technique_common></source>
      <source id="hpl_mixamorigwRightToeBase-rotx"><float_array id="hpl_mixamorigwRightToeBase-rotx-array" count="40">-41.476 -41.2344 -40.7706 -40.4208 -40.248 -39.9657 -39.5557 -39.3324 -39.3284 -39.4481 -39.6607 -39.9068 -40.2378 -41.7475 -45.8564 -48.5769 -46.5936 -43.6116 -41.2494 -39.3916 -38.3935 -37.8659 -37.5454 -37.4143 -37.4738 -37.55 -37.7007 -37.9278 -38.209 -38.4879 -38.8055 -39.1756 -39.5683 -39.7899 -39.7051 -39.7111 -40.2378 -40.6488 -41.0818 -41.476</float_array><technique_common><accessor source="#hpl_mixamorigwRightToeBase-rotx-array" count="40" stride="1" /></technique_common></source>
      <sampler id="hpl_mixamorigwRightToeBase-trans-sampler"><input semantic="INPUT" source="#hpl_mixamorigwRightToeBase-time" /><input semantic="OUTPUT" source="#hpl_mixamorigwRightToeBase-trans" /></sampler><channel source="#hpl_mixamorigwRightToeBase-trans-sampler" target="mixamorigwRightToeBase/translate" />
      <sampler id="hpl_mixamorigwRightToeBase-rotz-sampler"><input semantic="INPUT" source="#hpl_mixamorigwRightToeBase-time" /><input semantic="OUTPUT" source="#hpl_mixamorigwRightToeBase-rotz" /></sampler><channel source="#hpl_mixamorigwRightToeBase-rotz-sampler" target="mixamorigwRightToeBase/rotateZ.ANGLE" />
      <sampler id="hpl_mixamorigwRightToeBase-roty-sampler"><input semantic="INPUT" source="#hpl_mixamorigwRightToeBase-time" /><input semantic="OUTPUT" source="#hpl_mixamorigwRightToeBase-roty" /></sampler><channel source="#hpl_mixamorigwRightToeBase-roty-sampler" target="mixamorigwRightToeBase/rotateY.ANGLE" />
      <sampler id="hpl_mixamorigwRightToeBase-rotx-sampler"><input semantic="INPUT" source="#hpl_mixamorigwRightToeBase-time" /><input semantic="OUTPUT" source="#hpl_mixamorigwRightToeBase-rotx" /></sampler><channel source="#hpl_mixamorigwRightToeBase-rotx-sampler" target="mixamorigwRightToeBase/rotateX.ANGLE" />
    </animation>
    <animation id="hpl_mixamorigwSpine">
      <source id="hpl_mixamorigwSpine-time"><float_array id="hpl_mixamorigwSpine-time-array" count="40">0 1 2 3 4 5 6 7 8 9 10 11 12 13 14 15 16 17 18 19 20 21 22 23 24 25 26 27 28 29 30 31 32 33 34 35 36 37 38 39</float_array><technique_common><accessor source="#hpl_mixamorigwSpine-time-array" count="40" stride="1" /></technique_common></source>
      <source id="hpl_mixamorigwSpine-trans"><float_array id="hpl_mixamorigwSpine-trans-array" count="120">-0.00967459 0.126655 -0.0275668 -0.00967459 0.126655 -0.0275668 -0.00967459 0.126655 -0.0275668 -0.00967459 0.126655 -0.0275668 -0.00967459 0.126655 -0.0275668 -0.00967459 0.126655 -0.0275668 -0.00967459 0.126655 -0.0275668 -0.00967459 0.126655 -0.0275668 -0.00967459 0.126655 -0.0275668 -0.00967459 0.126655 -0.0275668 -0.00967459 0.126655 -0.0275668 -0.00967459 0.126655 -0.0275668 -0.00967459 0.126655 -0.0275668 -0.00967459 0.126655 -0.0275668 -0.00967459 0.126655 -0.0275668 -0.00967459 0.126655 -0.0275668 -0.00967459 0.126655 -0.0275668 -0.00967459 0.126655 -0.0275668 -0.00967459 0.126655 -0.0275668 -0.00967459 0.126655 -0.0275668 -0.00967459 0.126655 -0.0275668 -0.00967459 0.126655 -0.0275668 -0.00967459 0.126655 -0.0275668 -0.00967459 0.126655 -0.0275668 -0.00967459 0.126655 -0.0275668 -0.00967459 0.126655 -0.0275668 -0.00967459 0.126655 -0.0275668 -0.00967459 0.126655 -0.0275668 -0.00967459 0.126655 -0.0275668 -0.00967459 0.126655 -0.0275668 -0.00967459 0.126655 -0.0275668 -0.00967459 0.126655 -0.0275668 -0.00967459 0.126655 -0.0275668 -0.00967459 0.126655 -0.0275668 -0.00967459 0.126655 -0.0275668 -0.00967459 0.126655 -0.0275668 -0.00967459 0.126655 -0.0275668 -0.00967459 0.126655 -0.0275668 -0.00967459 0.126655 -0.0275668 -0.00967459 0.126655 -0.0275668</float_array><technique_common><accessor source="#hpl_mixamorigwSpine-trans-array" count="40" stride="3" /></technique_common></source>
      <source id="hpl_mixamorigwSpine-rotz"><float_array id="hpl_mixamorigwSpine-rotz-array" count="40">2.5519 1.10006 0.200422 -0.47117 -1.05634 -1.61552 -2.17421 -2.72258 -3.21893 -3.61938 -3.94611 -4.13839 -4.03331 -3.56404 -2.85179 -1.9472 -0.760293 0.660827 1.93092 3.29387 4.56936 5.82455 6.78738 7.59272 8.17038 8.64041 9.06614 9.43093 9.71821 9.95395 10.109 10.1403 10.035 9.78494 9.40813 8.78132 7.54192 5.86392 4.09136 2.5519</float_array><technique_common><accessor source="#hpl_mixamorigwSpine-rotz-array" count="40" stride="1" /></technique_common></source>
      <source id="hpl_mixamorigwSpine-roty"><float_array id="hpl_mixamorigwSpine-roty-array" count="40">2.8277 2.66687 2.65477 2.59697 2.50539 2.41927 2.36429 2.3601 2.40029 2.47887 2.5419 2.59979 2.6434 2.76624 2.93837 3.11136 3.31286 3.64497 3.93688 4.20736 4.46661 4.67461 4.79774 4.84202 4.9094 4.98144 5.05426 5.0795 5.02646 4.9259 4.7647 4.58005 4.40071 4.21383 4.04423 3.89055 3.80394 3.59023 3.28231 2.8277</float_array><technique_common><accessor source="#hpl_mixamorigwSpine-roty-array" count="40" stride="1" /></technique_common></source>
      <source id="hpl_mixamorigwSpine-rotx"><float_array id="hpl_mixamorigwSpine-rotx-array" count="40">-14.2203 -13.5567 -12.9777 -12.4855 -12.1437 -11.9744 -12.0274 -12.2761 -12.6738 -13.1612 -13.7051 -14.2823 -14.8635 -15.3757 -15.7542 -15.9601 -15.8481 -15.4767 -14.8947 -14.2437 -13.6677 -13.0904 -12.5218 -11.9426 -11.4995 -11.3108 -11.3704 -11.65 -12.0397 -12.4604 -12.9212 -13.3976 -13.9294 -14.4797 -14.9756 -15.2608 -15.3895 -15.2872 -14.89 -14.2203</float_array><technique_common><accessor source="#hpl_mixamorigwSpine-rotx-array" count="40" stride="1" /></technique_common></source>
      <sampler id="hpl_mixamorigwSpine-trans-sampler"><input semantic="INPUT" source="#hpl_mixamorigwSpine-time" /><input semantic="OUTPUT" source="#hpl_mixamorigwSpine-trans" /></sampler><channel source="#hpl_mixamorigwSpine-trans-sampler" target="mixamorigwSpine/translate" />
      <sampler id="hpl_mixamorigwSpine-rotz-sampler"><input semantic="INPUT" source="#hpl_mixamorigwSpine-time" /><input semantic="OUTPUT" source="#hpl_mixamorigwSpine-rotz" /></sampler><channel source="#hpl_mixamorigwSpine-rotz-sampler" target="mixamorigwSpine/rotateZ.ANGLE" />
      <sampler id="hpl_mixamorigwSpine-roty-sampler"><input semantic="INPUT" source="#hpl_mixamorigwSpine-time" /><input semantic="OUTPUT" source="#hpl_mixamorigwSpine-roty" /></sampler><channel source="#hpl_mixamorigwSpine-roty-sampler" target="mixamorigwSpine/rotateY.ANGLE" />
      <sampler id="hpl_mixamorigwSpine-rotx-sampler"><input semantic="INPUT" source="#hpl_mixamorigwSpine-time" /><input semantic="OUTPUT" source="#hpl_mixamorigwSpine-rotx" /></sampler><channel source="#hpl_mixamorigwSpine-rotx-sampler" target="mixamorigwSpine/rotateX.ANGLE" />
    </animation>
    <animation id="hpl_mixamorigwSpine1">
      <source id="hpl_mixamorigwSpine1-time"><float_array id="hpl_mixamorigwSpine1-time-array" count="40">0 1 2 3 4 5 6 7 8 9 10 11 12 13 14 15 16 17 18 19 20 21 22 23 24 25 26 27 28 29 30 31 32 33 34 35 36 37 38 39</float_array><technique_common><accessor source="#hpl_mixamorigwSpine1-time-array" count="40" stride="1" /></technique_common></source>
      <source id="hpl_mixamorigwSpine1-trans"><float_array id="hpl_mixamorigwSpine1-trans-array" count="120">-2.3181e-08 0.12998 -1.90221e-08 -2.3181e-08 0.12998 -1.90221e-08 -2.3181e-08 0.12998 -1.90221e-08 -2.3181e-08 0.12998 -1.90221e-08 -2.3181e-08 0.12998 -1.90221e-08 -2.3181e-08 0.12998 -1.90221e-08 -2.3181e-08 0.12998 -1.90221e-08 -2.3181e-08 0.12998 -1.90221e-08 -2.3181e-08 0.12998 -1.90221e-08 -2.3181e-08 0.12998 -1.90221e-08 -2.3181e-08 0.12998 -1.90221e-08 -2.3181e-08 0.12998 -1.90221e-08 -2.3181e-08 0.12998 -1.90221e-08 -2.3181e-08 0.12998 -1.90221e-08 -2.3181e-08 0.12998 -1.90221e-08 -2.3181e-08 0.12998 -1.90221e-08 -2.3181e-08 0.12998 -1.90221e-08 -2.3181e-08 0.12998 -1.90221e-08 -2.3181e-08 0.12998 -1.90221e-08 -2.3181e-08 0.12998 -1.90221e-08 -2.3181e-08 0.12998 -1.90221e-08 -2.3181e-08 0.12998 -1.90221e-08 -2.3181e-08 0.12998 -1.90221e-08 -2.3181e-08 0.12998 -1.90221e-08 -2.3181e-08 0.12998 -1.90221e-08 -2.3181e-08 0.12998 -1.90221e-08 -2.3181e-08 0.12998 -1.90221e-08 -2.3181e-08 0.12998 -1.90221e-08 -2.3181e-08 0.12998 -1.90221e-08 -2.3181e-08 0.12998 -1.90221e-08 -2.3181e-08 0.12998 -1.90221e-08 -2.3181e-08 0.12998 -1.90221e-08 -2.3181e-08 0.12998 -1.90221e-08 -2.3181e-08 0.12998 -1.90221e-08 -2.3181e-08 0.12998 -1.90221e-08 -2.3181e-08 0.12998 -1.90221e-08 -2.3181e-08 0.12998 -1.90221e-08 -2.3181e-08 0.12998 -1.90221e-08 -2.3181e-08 0.12998 -1.90221e-08 -2.3181e-08 0.12998 -1.90221e-08</float_array><technique_common><accessor source="#hpl_mixamorigwSpine1-trans-array" count="40" stride="3" /></technique_common></source>
      <source id="hpl_mixamorigwSpine1-rotz"><float_array id="hpl_mixamorigwSpine1-rotz-array" count="40">-0.807851 -0.927035 -1.0335 -1.08723 -1.11122 -1.14657 -1.20379 -1.30549 -1.42329 -1.52272 -1.59828 -1.62307 -1.59928 -1.5229 -1.40922 -1.22005 -0.973573 -0.728942 -0.484639 -0.297736 -0.125935 0.0463634 0.164885 0.237674 0.284218 0.30362 0.305942 0.303544 0.294194 0.291647 0.295359 0.29799 0.288452 0.266089 0.193097 0.0594302 -0.178606 -0.464926 -0.729255 -0.807851</float_array><technique_common><accessor source="#hpl_mixamorigwSpine1-rotz-array" count="40" stride="1" /></technique_common></source>
      <source id="hpl_mixamorigwSpine1-roty"><float_array id="hpl_mixamorigwSpine1-roty-array" count="40">-3.15419 -2.80479 -2.54257 -2.34467 -2.16668 -2.06493 -1.93505 -1.68567 -1.32154 -0.867373 -0.313734 0.306996 0.955385 1.52152 1.89096 2.10126 2.13706 1.99217 1.95711 1.82084 1.5794 1.35048 1.1623 1.00349 0.769428 0.456429 0.0272228 -0.44808 -0.971546 -1.49081 -1.94984 -2.3152 -2.61687 -2.84011 -3.10355 -3.50804 -3.71265 -3.67636 -3.36674 -3.15419</float_array><technique_common><accessor source="#hpl_mixamorigwSpine1-roty-array" count="40" stride="1" /></technique_common></source>
      <source id="hpl_mixamorigwSpine1-rotx"><float_array id="hpl_mixamorigwSpine1-rotx-array" count="40">-11.3961 -11.1349 -10.8686 -10.6474 -10.4916 -10.4566 -10.5339 -10.6868 -10.8822 -11.0962 -11.3331 -11.6236 -11.8887 -12.0723 -12.1937 -12.2534 -12.231 -12.1191 -11.866 -11.6256 -11.4016 -11.1865 -10.9295 -10.602 -10.3509 -10.2428 -10.2676 -10.3707 -10.5257 -10.727 -10.9536 -11.1866 -11.4207 -11.6568 -11.9106 -12.0957 -12.1109 -11.9297 -11.6293 -11.3961</float_array><technique_common><accessor source="#hpl_mixamorigwSpine1-rotx-array" count="40" stride="1" /></technique_common></source>
      <sampler id="hpl_mixamorigwSpine1-trans-sampler"><input semantic="INPUT" source="#hpl_mixamorigwSpine1-time" /><input semantic="OUTPUT" source="#hpl_mixamorigwSpine1-trans" /></sampler><channel source="#hpl_mixamorigwSpine1-trans-sampler" target="mixamorigwSpine1/translate" />
      <sampler id="hpl_mixamorigwSpine1-rotz-sampler"><input semantic="INPUT" source="#hpl_mixamorigwSpine1-time" /><input semantic="OUTPUT" source="#hpl_mixamorigwSpine1-rotz" /></sampler><channel source="#hpl_mixamorigwSpine1-rotz-sampler" target="mixamorigwSpine1/rotateZ.ANGLE" />
      <sampler id="hpl_mixamorigwSpine1-roty-sampler"><input semantic="INPUT" source="#hpl_mixamorigwSpine1-time" /><input semantic="OUTPUT" source="#hpl_mixamorigwSpine1-roty" /></sampler><channel source="#hpl_mixamorigwSpine1-roty-sampler" target="mixamorigwSpine1/rotateY.ANGLE" />
      <sampler id="hpl_mixamorigwSpine1-rotx-sampler"><input semantic="INPUT" source="#hpl_mixamorigwSpine1-time" /><input semantic="OUTPUT" source="#hpl_mixamorigwSpine1-rotx" /></sampler><channel source="#hpl_mixamorigwSpine1-rotx-sampler" target="mixamorigwSpine1/rotateX.ANGLE" />
    </animation>
    <animation id="hpl_mixamorigwSpine2">
      <source id="hpl_mixamorigwSpine2-time"><float_array id="hpl_mixamorigwSpine2-time-array" count="40">0 1 2 3 4 5 6 7 8 9 10 11 12 13 14 15 16 17 18 19 20 21 22 23 24 25 26 27 28 29 30 31 32 33 34 35 36 37 38 39</float_array><technique_common><accessor source="#hpl_mixamorigwSpine2-time-array" count="40" stride="1" /></technique_common></source>
      <source id="hpl_mixamorigwSpine2-trans"><float_array id="hpl_mixamorigwSpine2-trans-array" count="120">-5.95244e-09 0.129979 -4.64958e-07 -5.95244e-09 0.129979 -4.64958e-07 -5.95244e-09 0.129979 -4.64958e-07 -5.95244e-09 0.129979 -4.64958e-07 -5.95244e-09 0.129979 -4.64958e-07 -5.95244e-09 0.129979 -4.64958e-07 -5.95244e-09 0.129979 -4.64958e-07 -5.95244e-09 0.129979 -4.64958e-07 -5.95244e-09 0.129979 -4.64958e-07 -5.95244e-09 0.129979 -4.64958e-07 -5.95244e-09 0.129979 -4.64958e-07 -5.95244e-09 0.129979 -4.64958e-07 -5.95244e-09 0.129979 -4.64958e-07 -5.95244e-09 0.129979 -4.64958e-07 -5.95244e-09 0.129979 -4.64958e-07 -5.95244e-09 0.129979 -4.64958e-07 -5.95244e-09 0.129979 -4.64958e-07 -5.95244e-09 0.129979 -4.64958e-07 -5.95244e-09 0.129979 -4.64958e-07 -5.95244e-09 0.129979 -4.64958e-07 -5.95244e-09 0.129979 -4.64958e-07 -5.95244e-09 0.129979 -4.64958e-07 -5.95244e-09 0.129979 -4.64958e-07 -5.95244e-09 0.129979 -4.64958e-07 -5.95244e-09 0.129979 -4.64958e-07 -5.95244e-09 0.129979 -4.64958e-07 -5.95244e-09 0.129979 -4.64958e-07 -5.95244e-09 0.129979 -4.64958e-07 -5.95244e-09 0.129979 -4.64958e-07 -5.95244e-09 0.129979 -4.64958e-07 -5.95244e-09 0.129979 -4.64958e-07 -5.95244e-09 0.129979 -4.64958e-07 -5.95244e-09 0.129979 -4.64958e-07 -5.95244e-09 0.129979 -4.64958e-07 -5.95244e-09 0.129979 -4.64958e-07 -5.95244e-09 0.129979 -4.64958e-07 -5.95244e-09 0.129979 -4.64958e-07 -5.95244e-09 0.129979 -4.64958e-07 -5.95244e-09 0.129979 -4.64958e-07 -5.95244e-09 0.129979 -4.64958e-07</float_array><technique_common><accessor source="#hpl_mixamorigwSpine2-trans-array" count="40" stride="3" /></technique_common></source>
      <source id="hpl_mixamorigwSpine2-rotz"><float_array id="hpl_mixamorigwSpine2-rotz-array" count="40">-0.193493 -0.880613 -1.0816 -0.869119 -0.50212 -0.0702267 0.317228 0.568043 0.666027 0.657224 0.525072 0.26793 0.0317435 -0.0472834 0.00935457 0.119549 0.327289 0.775635 1.01964 1.22413 1.35344 1.60208 1.72767 1.63183 1.3842 1.15088 1.01914 0.9534 0.930299 0.916519 0.913181 0.92896 0.982618 1.11609 1.34046 1.57528 1.4199 0.663247 -0.285246 -0.193493</float_array><technique_common><accessor source="#hpl_mixamorigwSpine2-rotz-array" count="40" stride="1" /></technique_common></source>
      <source id="hpl_mixamorigwSpine2-roty"><float_array id="hpl_mixamorigwSpine2-roty-array" count="40">-6.26685 -5.70796 -5.21987 -4.83974 -4.68252 -4.55556 -4.34171 -4.01969 -3.59031 -3.05835 -2.43886 -1.73041 -1.00605 -0.403731 0.00245016 0.190797 0.132277 -0.115273 -0.560966 -0.840883 -0.960359 -1.24251 -1.51942 -1.70096 -1.88154 -2.11872 -2.45014 -2.91171 -3.42807 -4.00391 -4.58325 -5.13322 -5.64447 -6.0945 -6.47545 -6.67902 -6.96092 -6.9234 -6.57073 -6.26685</float_array><technique_common><accessor source="#hpl_mixamorigwSpine2-roty-array" count="40" stride="1" /></technique_common></source>
      <source id="hpl_mixamorigwSpine2-rotx"><float_array id="hpl_mixamorigwSpine2-rotx-array" count="40">20.3851 20.5712 20.814 20.8724 20.6851 20.342 20.0348 19.8465 19.774 19.7149 19.6607 19.6659 19.7347 19.8193 19.8902 19.9863 20.1634 20.3573 20.3471 20.2824 20.2481 20.3822 20.5289 20.5076 20.4193 20.3674 20.4033 20.5025 20.5901 20.6211 20.5934 20.5404 20.4958 20.4426 20.407 20.3869 20.4886 20.5698 20.4465 20.3851</float_array><technique_common><accessor source="#hpl_mixamorigwSpine2-rotx-array" count="40" stride="1" /></technique_common></source>
      <sampler id="hpl_mixamorigwSpine2-trans-sampler"><input semantic="INPUT" source="#hpl_mixamorigwSpine2-time" /><input semantic="OUTPUT" source="#hpl_mixamorigwSpine2-trans" /></sampler><channel source="#hpl_mixamorigwSpine2-trans-sampler" target="mixamorigwSpine2/translate" />
      <sampler id="hpl_mixamorigwSpine2-rotz-sampler"><input semantic="INPUT" source="#hpl_mixamorigwSpine2-time" /><input semantic="OUTPUT" source="#hpl_mixamorigwSpine2-rotz" /></sampler><channel source="#hpl_mixamorigwSpine2-rotz-sampler" target="mixamorigwSpine2/rotateZ.ANGLE" />
      <sampler id="hpl_mixamorigwSpine2-roty-sampler"><input semantic="INPUT" source="#hpl_mixamorigwSpine2-time" /><input semantic="OUTPUT" source="#hpl_mixamorigwSpine2-roty" /></sampler><channel source="#hpl_mixamorigwSpine2-roty-sampler" target="mixamorigwSpine2/rotateY.ANGLE" />
      <sampler id="hpl_mixamorigwSpine2-rotx-sampler"><input semantic="INPUT" source="#hpl_mixamorigwSpine2-time" /><input semantic="OUTPUT" source="#hpl_mixamorigwSpine2-rotx" /></sampler><channel source="#hpl_mixamorigwSpine2-rotx-sampler" target="mixamorigwSpine2/rotateX.ANGLE" />
    </animation>
    <animation id="hpl_mixamorigwLeftShoulder">
      <source id="hpl_mixamorigwLeftShoulder-time"><float_array id="hpl_mixamorigwLeftShoulder-time-array" count="40">0 1 2 3 4 5 6 7 8 9 10 11 12 13 14 15 16 17 18 19 20 21 22 23 24 25 26 27 28 29 30 31 32 33 34 35 36 37 38 39</float_array><technique_common><accessor source="#hpl_mixamorigwLeftShoulder-time-array" count="40" stride="1" /></technique_common></source>
      <source id="hpl_mixamorigwLeftShoulder-trans"><float_array id="hpl_mixamorigwLeftShoulder-trans-array" count="120">0.0430093 0.0835295 -0.00243502 0.0430093 0.0835295 -0.00243502 0.0430093 0.0835295 -0.00243502 0.0430093 0.0835295 -0.00243502 0.0430093 0.0835295 -0.00243502 0.0430093 0.0835295 -0.00243502 0.0430093 0.0835295 -0.00243502 0.0430093 0.0835295 -0.00243502 0.0430093 0.0835295 -0.00243502 0.0430093 0.0835295 -0.00243502 0.0430093 0.0835295 -0.00243502 0.0430093 0.0835295 -0.00243502 0.0430093 0.0835295 -0.00243502 0.0430093 0.0835295 -0.00243502 0.0430093 0.0835295 -0.00243502 0.0430093 0.0835295 -0.00243502 0.0430093 0.0835295 -0.00243502 0.0430093 0.0835295 -0.00243502 0.0430093 0.0835295 -0.00243502 0.0430093 0.0835295 -0.00243502 0.0430093 0.0835295 -0.00243502 0.0430093 0.0835295 -0.00243502 0.0430093 0.0835295 -0.00243502 0.0430093 0.0835295 -0.00243502 0.0430093 0.0835295 -0.00243502 0.0430093 0.0835295 -0.00243502 0.0430093 0.0835295 -0.00243502 0.0430093 0.0835295 -0.00243502 0.0430093 0.0835295 -0.00243502 0.0430093 0.0835295 -0.00243502 0.0430093 0.0835295 -0.00243502 0.0430093 0.0835295 -0.00243502 0.0430093 0.0835295 -0.00243502 0.0430093 0.0835295 -0.00243502 0.0430093 0.0835295 -0.00243502 0.0430093 0.0835295 -0.00243502 0.0430093 0.0835295 -0.00243502 0.0430093 0.0835295 -0.00243502 0.0430093 0.0835295 -0.00243502 0.0430093 0.0835295 -0.00243502</float_array><technique_common><accessor source="#hpl_mixamorigwLeftShoulder-trans-array" count="40" stride="3" /></technique_common></source>
      <source id="hpl_mixamorigwLeftShoulder-rotz"><float_array id="hpl_mixamorigwLeftShoulder-rotz-array" count="40">97.9276 98.2307 98.5302 99.2962 100.572 102.043 103.474 105.026 106.772 108.558 110.399 111.884 112.926 113.698 114.286 114.695 114.974 114.854 114.801 114.69 114.8 114.732 114.533 113.918 113.211 112.388 111.532 110.641 109.638 108.575 107.423 106.298 105.199 103.964 102.643 100.75 99.0572 96.9642 96.3359 97.9276</float_array><technique_common><accessor source="#hpl_mixamorigwLeftShoulder-rotz-array" count="40" stride="1" /></technique_common></source>
      <source id="hpl_mixamorigwLeftShoulder-roty"><float_array id="hpl_mixamorigwLeftShoulder-roty-array" count="40">71.1678 70.9674 70.466 69.7747 69.1102 68.4588 67.7467 67.015 66.2551 65.4208 64.58 63.6721 62.856 62.3304 62.1188 62.2015 62.4354 62.6759 62.8664 63.1108 63.5497 64.1306 64.8634 65.5266 66.0675 66.6194 67.2315 67.8213 68.3519 68.8301 69.2436 69.641 70.02 70.3726 70.7747 71.1265 71.5843 71.6825 71.833 71.1678</float_array><technique_common><accessor source="#hpl_mixamorigwLeftShoulder-roty-array" count="40" stride="1" /></technique_common></source>
      <source id="hpl_mixamorigwLeftShoulder-rotx"><float_array id="hpl_mixamorigwLeftShoulder-rotx-array" count="40">-158.117 -157.656 -156.566 -155.243 -153.655 -152.033 -150.347 -148.313 -145.922 -143.41 -140.783 -138.349 -135.94 -133.633 -131.769 -130.436 -129.536 -129.525 -130.096 -130.988 -131.527 -131.733 -132.534 -134.425 -136.439 -138.117 -139.397 -140.568 -141.943 -143.535 -145.258 -146.891 -148.386 -149.906 -151.435 -153.613 -155.56 -157.99 -159.096 -158.117</float_array><technique_common><accessor source="#hpl_mixamorigwLeftShoulder-rotx-array" count="40" stride="1" /></technique_common></source>
      <sampler id="hpl_mixamorigwLeftShoulder-trans-sampler"><input semantic="INPUT" source="#hpl_mixamorigwLeftShoulder-time" /><input semantic="OUTPUT" source="#hpl_mixamorigwLeftShoulder-trans" /></sampler><channel source="#hpl_mixamorigwLeftShoulder-trans-sampler" target="mixamorigwLeftShoulder/translate" />
      <sampler id="hpl_mixamorigwLeftShoulder-rotz-sampler"><input semantic="INPUT" source="#hpl_mixamorigwLeftShoulder-time" /><input semantic="OUTPUT" source="#hpl_mixamorigwLeftShoulder-rotz" /></sampler><channel source="#hpl_mixamorigwLeftShoulder-rotz-sampler" target="mixamorigwLeftShoulder/rotateZ.ANGLE" />
      <sampler id="hpl_mixamorigwLeftShoulder-roty-sampler"><input semantic="INPUT" source="#hpl_mixamorigwLeftShoulder-time" /><input semantic="OUTPUT" source="#hpl_mixamorigwLeftShoulder-roty" /></sampler><channel source="#hpl_mixamorigwLeftShoulder-roty-sampler" target="mixamorigwLeftShoulder/rotateY.ANGLE" />
      <sampler id="hpl_mixamorigwLeftShoulder-rotx-sampler"><input semantic="INPUT" source="#hpl_mixamorigwLeftShoulder-time" /><input semantic="OUTPUT" source="#hpl_mixamorigwLeftShoulder-rotx" /></sampler><channel source="#hpl_mixamorigwLeftShoulder-rotx-sampler" target="mixamorigwLeftShoulder/rotateX.ANGLE" />
    </animation>
    <animation id="hpl_mixamorigwLeftArm">
      <source id="hpl_mixamorigwLeftArm-time"><float_array id="hpl_mixamorigwLeftArm-time-array" count="40">0 1 2 3 4 5 6 7 8 9 10 11 12 13 14 15 16 17 18 19 20 21 22 23 24 25 26 27 28 29 30 31 32 33 34 35 36 37 38 39</float_array><technique_common><accessor source="#hpl_mixamorigwLeftArm-time-array" count="40" stride="1" /></technique_common></source>
      <source id="hpl_mixamorigwLeftArm-trans"><float_array id="hpl_mixamorigwLeftArm-trans-array" count="120">1.54813e-06 0.171492 2.76526e-06 1.54813e-06 0.171492 2.76526e-06 1.54813e-06 0.171492 2.76526e-06 1.54813e-06 0.171492 2.76526e-06 1.54813e-06 0.171492 2.76526e-06 1.54813e-06 0.171492 2.76526e-06 1.54813e-06 0.171492 2.76526e-06 1.54813e-06 0.171492 2.76526e-06 1.54813e-06 0.171492 2.76526e-06 1.54813e-06 0.171492 2.76526e-06 1.54813e-06 0.171492 2.76526e-06 1.54813e-06 0.171492 2.76526e-06 1.54813e-06 0.171492 2.76526e-06 1.54813e-06 0.171492 2.76526e-06 1.54813e-06 0.171492 2.76526e-06 1.54813e-06 0.171492 2.76526e-06 1.54813e-06 0.171492 2.76526e-06 1.54813e-06 0.171492 2.76526e-06 1.54813e-06 0.171492 2.76526e-06 1.54813e-06 0.171492 2.76526e-06 1.54813e-06 0.171492 2.76526e-06 1.54813e-06 0.171492 2.76526e-06 1.54813e-06 0.171492 2.76526e-06 1.54813e-06 0.171492 2.76526e-06 1.54813e-06 0.171492 2.76526e-06 1.54813e-06 0.171492 2.76526e-06 1.54813e-06 0.171492 2.76526e-06 1.54813e-06 0.171492 2.76526e-06 1.54813e-06 0.171492 2.76526e-06 1.54813e-06 0.171492 2.76526e-06 1.54813e-06 0.171492 2.76526e-06 1.54813e-06 0.171492 2.76526e-06 1.54813e-06 0.171492 2.76526e-06 1.54813e-06 0.171492 2.76526e-06 1.54813e-06 0.171492 2.76526e-06 1.54813e-06 0.171492 2.76526e-06 1.54813e-06 0.171492 2.76526e-06 1.54813e-06 0.171492 2.76526e-06 1.54813e-06 0.171492 2.76526e-06 1.54813e-06 0.171492 2.76526e-06</float_array><technique_common><accessor source="#hpl_mixamorigwLeftArm-trans-array" count="40" stride="3" /></technique_common></source>
      <source id="hpl_mixamorigwLeftArm-rotz"><float_array id="hpl_mixamorigwLeftArm-rotz-array" count="40">43.908 43.6349 43.1163 42.5666 42.1192 41.7361 41.4083 40.9143 39.9106 38.1412 35.5214 32.1296 28.0673 23.9196 20.6216 18.5329 17.4462 17.7976 18.7403 20.2909 22.2421 24.3475 26.8109 29.6131 32.5557 35.2637 37.3764 38.9877 40.0201 40.6279 40.8567 40.7916 40.6385 40.7141 41.1713 41.8148 42.4801 42.6843 42.7309 43.908</float_array><technique_common><accessor source="#hpl_mixamorigwLeftArm-rotz-array" count="40" stride="1" /></technique_common></source>
      <source id="hpl_mixamorigwLeftArm-roty"><float_array id="hpl_mixamorigwLeftArm-roty-array" count="40">1.72474 2.72883 4.08197 5.41437 7.15607 9.29848 11.7944 14.523 17.1435 19.3392 21.1556 22.5372 23.4547 23.684 23.3895 22.8646 21.9136 20.7189 19.1319 17.7053 16.7526 15.6134 14.0105 12.1767 10.8801 10.1891 9.87422 9.54563 8.88895 7.95894 6.89083 5.87261 5.00422 4.3446 3.94879 3.59783 3.66839 3.30273 3.30499 1.72474</float_array><technique_common><accessor source="#hpl_mixamorigwLeftArm-roty-array" count="40" stride="1" /></technique_common></source>
      <source id="hpl_mixamorigwLeftArm-rotx"><float_array id="hpl_mixamorigwLeftArm-rotx-array" count="40">48.3622 48.6878 48.7391 49.5093 50.9469 52.736 54.3743 55.6934 56.7137 57.4268 57.6625 57.1485 55.7198 53.8941 52.3012 51.1592 50.3824 50.3512 50.7063 51.3956 51.8815 51.8919 52.0844 52.5983 52.8515 52.5499 51.8622 51.129 50.6017 50.3483 50.2807 50.3668 50.4949 50.5047 50.3853 50.0763 49.5606 49.1038 49.2743 48.3622</float_array><technique_common><accessor source="#hpl_mixamorigwLeftArm-rotx-array" count="40" stride="1" /></technique_common></source>
      <sampler id="hpl_mixamorigwLeftArm-trans-sampler"><input semantic="INPUT" source="#hpl_mixamorigwLeftArm-time" /><input semantic="OUTPUT" source="#hpl_mixamorigwLeftArm-trans" /></sampler><channel source="#hpl_mixamorigwLeftArm-trans-sampler" target="mixamorigwLeftArm/translate" />
      <sampler id="hpl_mixamorigwLeftArm-rotz-sampler"><input semantic="INPUT" source="#hpl_mixamorigwLeftArm-time" /><input semantic="OUTPUT" source="#hpl_mixamorigwLeftArm-rotz" /></sampler><channel source="#hpl_mixamorigwLeftArm-rotz-sampler" target="mixamorigwLeftArm/rotateZ.ANGLE" />
      <sampler id="hpl_mixamorigwLeftArm-roty-sampler"><input semantic="INPUT" source="#hpl_mixamorigwLeftArm-time" /><input semantic="OUTPUT" source="#hpl_mixamorigwLeftArm-roty" /></sampler><channel source="#hpl_mixamorigwLeftArm-roty-sampler" target="mixamorigwLeftArm/rotateY.ANGLE" />
      <sampler id="hpl_mixamorigwLeftArm-rotx-sampler"><input semantic="INPUT" source="#hpl_mixamorigwLeftArm-time" /><input semantic="OUTPUT" source="#hpl_mixamorigwLeftArm-rotx" /></sampler><channel source="#hpl_mixamorigwLeftArm-rotx-sampler" target="mixamorigwLeftArm/rotateX.ANGLE" />
    </animation>
    <animation id="hpl_mixamorigwLeftForeArm">
      <source id="hpl_mixamorigwLeftForeArm-time"><float_array id="hpl_mixamorigwLeftForeArm-time-array" count="40">0 1 2 3 4 5 6 7 8 9 10 11 12 13 14 15 16 17 18 19 20 21 22 23 24 25 26 27 28 29 30 31 32 33 34 35 36 37 38 39</float_array><technique_common><accessor source="#hpl_mixamorigwLeftForeArm-time-array" count="40" stride="1" /></technique_common></source>
      <source id="hpl_mixamorigwLeftForeArm-trans"><float_array id="hpl_mixamorigwLeftForeArm-trans-array" count="120">-7.33203e-07 0.239881 -1.62622e-06 -7.33203e-07 0.239881 -1.62622e-06 -7.33203e-07 0.239881 -1.62622e-06 -7.33203e-07 0.239881 -1.62622e-06 -7.33203e-07 0.239881 -1.62622e-06 -7.33203e-07 0.239881 -1.62622e-06 -7.33203e-07 0.239881 -1.62622e-06 -7.33203e-07 0.239881 -1.62622e-06 -7.33203e-07 0.239881 -1.62622e-06 -7.33203e-07 0.239881 -1.62622e-06 -7.33203e-07 0.239881 -1.62622e-06 -7.33203e-07 0.239881 -1.62622e-06 -7.33203e-07 0.239881 -1.62622e-06 -7.33203e-07 0.239881 -1.62622e-06 -7.33203e-07 0.239881 -1.62622e-06 -7.33203e-07 0.239881 -1.62622e-06 -7.33203e-07 0.239881 -1.62622e-06 -7.33203e-07 0.239881 -1.62622e-06 -7.33203e-07 0.239881 -1.62622e-06 -7.33203e-07 0.239881 -1.62622e-06 -7.33203e-07 0.239881 -1.62622e-06 -7.33203e-07 0.239881 -1.62622e-06 -7.33203e-07 0.239881 -1.62622e-06 -7.33203e-07 0.239881 -1.62622e-06 -7.33203e-07 0.239881 -1.62622e-06 -7.33203e-07 0.239881 -1.62622e-06 -7.33203e-07 0.239881 -1.62622e-06 -7.33203e-07 0.239881 -1.62622e-06 -7.33203e-07 0.239881 -1.62622e-06 -7.33203e-07 0.239881 -1.62622e-06 -7.33203e-07 0.239881 -1.62622e-06 -7.33203e-07 0.239881 -1.62622e-06 -7.33203e-07 0.239881 -1.62622e-06 -7.33203e-07 0.239881 -1.62622e-06 -7.33203e-07 0.239881 -1.62622e-06 -7.33203e-07 0.239881 -1.62622e-06 -7.33203e-07 0.239881 -1.62622e-06 -7.33203e-07 0.239881 -1.62622e-06 -7.33203e-07 0.239881 -1.62622e-06 -7.33203e-07 0.239881 -1.62622e-06</float_array><technique_common><accessor source="#hpl_mixamorigwLeftForeArm-trans-array" count="40" stride="3" /></technique_common></source>
      <source id="hpl_mixamorigwLeftForeArm-rotz"><float_array id="hpl_mixamorigwLeftForeArm-rotz-array" count="40">44.8489 44.6682 43.6681 41.7815 39.4775 37.1415 35.2298 33.8388 32.8534 32.2754 32.2609 32.9057 34.0922 35.2812 36.2539 37.06 37.8135 38.4656 39.2325 40.3322 41.6025 42.1893 41.7806 40.8602 40.2161 40.1135 40.5561 41.3253 42.2688 43.3651 44.5863 45.7467 46.6778 47.0807 46.9332 46.5797 46.2746 45.9079 45.8165 44.8489</float_array><technique_common><accessor source="#hpl_mixamorigwLeftForeArm-rotz-array" count="40" stride="1" /></technique_common></source>
      <source id="hpl_mixamorigwLeftForeArm-roty"><float_array id="hpl_mixamorigwLeftForeArm-roty-array" count="40">-8.73161 -8.84029 -9.05892 -9.33575 -9.69143 -9.99327 -10.1377 -10.1809 -10.1553 -10.0927 -9.98392 -9.80002 -9.52637 -9.22548 -8.98573 -8.82403 -8.92807 -8.77406 -8.88393 -8.80853 -8.59898 -8.53998 -8.6872 -8.87015 -9.03535 -9.07334 -9.0059 -8.96476 -8.85639 -8.72407 -8.56704 -8.41624 -8.33436 -8.2762 -8.34614 -8.4157 -8.36761 -8.50754 -8.63217 -8.73161</float_array><technique_common><accessor source="#hpl_mixamorigwLeftForeArm-roty-array" count="40" stride="1" /></technique_common></source>
      <source id="hpl_mixamorigwLeftForeArm-rotx"><float_array id="hpl_mixamorigwLeftForeArm-rotx-array" count="40">-8.20958 -8.33289 -8.26421 -8.02639 -7.76686 -7.47472 -7.19165 -6.95182 -6.796 -6.77754 -6.82908 -7.01448 -7.2861 -7.48233 -7.54662 -7.61249 -7.54987 -7.65978 -7.51397 -7.6766 -7.99351 -8.2399 -8.26018 -8.24556 -8.33236 -8.46015 -8.5889 -8.73732 -8.8718 -8.96712 -9.01769 -8.97284 -8.8568 -8.62268 -8.32986 -7.99075 -7.66322 -7.64384 -7.92604 -8.20958</float_array><technique_common><accessor source="#hpl_mixamorigwLeftForeArm-rotx-array" count="40" stride="1" /></technique_common></source>
      <sampler id="hpl_mixamorigwLeftForeArm-trans-sampler"><input semantic="INPUT" source="#hpl_mixamorigwLeftForeArm-time" /><input semantic="OUTPUT" source="#hpl_mixamorigwLeftForeArm-trans" /></sampler><channel source="#hpl_mixamorigwLeftForeArm-trans-sampler" target="mixamorigwLeftForeArm/translate" />
      <sampler id="hpl_mixamorigwLeftForeArm-rotz-sampler"><input semantic="INPUT" source="#hpl_mixamorigwLeftForeArm-time" /><input semantic="OUTPUT" source="#hpl_mixamorigwLeftForeArm-rotz" /></sampler><channel source="#hpl_mixamorigwLeftForeArm-rotz-sampler" target="mixamorigwLeftForeArm/rotateZ.ANGLE" />
      <sampler id="hpl_mixamorigwLeftForeArm-roty-sampler"><input semantic="INPUT" source="#hpl_mixamorigwLeftForeArm-time" /><input semantic="OUTPUT" source="#hpl_mixamorigwLeftForeArm-roty" /></sampler><channel source="#hpl_mixamorigwLeftForeArm-roty-sampler" target="mixamorigwLeftForeArm/rotateY.ANGLE" />
      <sampler id="hpl_mixamorigwLeftForeArm-rotx-sampler"><input semantic="INPUT" source="#hpl_mixamorigwLeftForeArm-time" /><input semantic="OUTPUT" source="#hpl_mixamorigwLeftForeArm-rotx" /></sampler><channel source="#hpl_mixamorigwLeftForeArm-rotx-sampler" target="mixamorigwLeftForeArm/rotateX.ANGLE" />
    </animation>
    <animation id="hpl_mixamorigwLeftHand">
      <source id="hpl_mixamorigwLeftHand-time"><float_array id="hpl_mixamorigwLeftHand-time-array" count="40">0 1 2 3 4 5 6 7 8 9 10 11 12 13 14 15 16 17 18 19 20 21 22 23 24 25 26 27 28 29 30 31 32 33 34 35 36 37 38 39</float_array><technique_common><accessor source="#hpl_mixamorigwLeftHand-time-array" count="40" stride="1" /></technique_common></source>
      <source id="hpl_mixamorigwLeftHand-trans"><float_array id="hpl_mixamorigwLeftHand-trans-array" count="120">-4.76682e-07 0.249492 -6.29558e-06 -4.76682e-07 0.249492 -6.29558e-06 -4.76682e-07 0.249492 -6.29558e-06 -4.76682e-07 0.249492 -6.29558e-06 -4.76682e-07 0.249492 -6.29558e-06 -4.76682e-07 0.249492 -6.29558e-06 -4.76682e-07 0.249492 -6.29558e-06 -4.76682e-07 0.249492 -6.29558e-06 -4.76682e-07 0.249492 -6.29558e-06 -4.76682e-07 0.249492 -6.29558e-06 -4.76682e-07 0.249492 -6.29558e-06 -4.76682e-07 0.249492 -6.29558e-06 -4.76682e-07 0.249492 -6.29558e-06 -4.76682e-07 0.249492 -6.29558e-06 -4.76682e-07 0.249492 -6.29558e-06 -4.76682e-07 0.249492 -6.29558e-06 -4.76682e-07 0.249492 -6.29558e-06 -4.76682e-07 0.249492 -6.29558e-06 -4.76682e-07 0.249492 -6.29558e-06 -4.76682e-07 0.249492 -6.29558e-06 -4.76682e-07 0.249492 -6.29558e-06 -4.76682e-07 0.249492 -6.29558e-06 -4.76682e-07 0.249492 -6.29558e-06 -4.76682e-07 0.249492 -6.29558e-06 -4.76682e-07 0.249492 -6.29558e-06 -4.76682e-07 0.249492 -6.29558e-06 -4.76682e-07 0.249492 -6.29558e-06 -4.76682e-07 0.249492 -6.29558e-06 -4.76682e-07 0.249492 -6.29558e-06 -4.76682e-07 0.249492 -6.29558e-06 -4.76682e-07 0.249492 -6.29558e-06 -4.76682e-07 0.249492 -6.29558e-06 -4.76682e-07 0.249492 -6.29558e-06 -4.76682e-07 0.249492 -6.29558e-06 -4.76682e-07 0.249492 -6.29558e-06 -4.76682e-07 0.249492 -6.29558e-06 -4.76682e-07 0.249492 -6.29558e-06 -4.76682e-07 0.249492 -6.29558e-06 -4.76682e-07 0.249492 -6.29558e-06 -4.76682e-07 0.249492 -6.29558e-06</float_array><technique_common><accessor source="#hpl_mixamorigwLeftHand-trans-array" count="40" stride="3" /></technique_common></source>
      <source id="hpl_mixamorigwLeftHand-rotz"><float_array id="hpl_mixamorigwLeftHand-rotz-array" count="40">8.65587 8.76864 8.44542 7.9448 7.42316 6.97385 6.63032 6.38233 6.29883 6.38557 6.5395 6.6624 6.74436 6.91694 7.21127 7.493 7.68862 7.88499 7.9273 8.23252 8.91707 9.68816 10.2422 10.5784 10.6951 10.6525 10.5659 10.4363 10.3411 10.2414 10.1546 10.1257 10.1583 10.2422 10.2004 9.95805 9.72948 9.55071 9.56586 8.65587</float_array><technique_common><accessor source="#hpl_mixamorigwLeftHand-rotz-array" count="40" stride="1" /></technique_common></source>
      <source id="hpl_mixamorigwLeftHand-roty"><float_array id="hpl_mixamorigwLeftHand-roty-array" count="40">0.698028 -0.619726 -1.39024 -1.76652 -2.50412 -3.95764 -5.26549 -6.02675 -6.69439 -7.63053 -9.02354 -10.7866 -12.7047 -14.6146 -16.2791 -17.3155 -17.118 -16.7315 -14.9189 -12.9773 -11.0416 -9.17225 -7.26531 -5.70377 -4.58841 -3.78835 -3.16699 -2.76696 -2.52904 -2.1926 -1.90171 -1.67573 -1.49998 -1.44571 -1.5022 -1.28956 -0.825945 -0.325952 -0.921744 0.698028</float_array><technique_common><accessor source="#hpl_mixamorigwLeftHand-roty-array" count="40" stride="1" /></technique_common></source>
      <source id="hpl_mixamorigwLeftHand-rotx"><float_array id="hpl_mixamorigwLeftHand-rotx-array" count="40">-9.50831 -9.87348 -9.77824 -9.52964 -9.23175 -8.82997 -8.25287 -7.537 -6.9662 -6.67865 -6.67465 -6.87054 -7.33494 -8.10918 -8.94734 -9.57046 -9.84221 -10.0288 -9.65503 -9.35019 -9.30149 -9.51417 -9.94105 -10.1871 -10.0537 -9.70665 -9.39191 -9.20827 -9.12603 -9.07863 -9.03123 -8.95825 -8.82761 -8.59477 -8.22499 -7.84385 -7.62802 -7.3484 -7.37147 -9.50831</float_array><technique_common><accessor source="#hpl_mixamorigwLeftHand-rotx-array" count="40" stride="1" /></technique_common></source>
      <sampler id="hpl_mixamorigwLeftHand-trans-sampler"><input semantic="INPUT" source="#hpl_mixamorigwLeftHand-time" /><input semantic="OUTPUT" source="#hpl_mixamorigwLeftHand-trans" /></sampler><channel source="#hpl_mixamorigwLeftHand-trans-sampler" target="mixamorigwLeftHand/translate" />
      <sampler id="hpl_mixamorigwLeftHand-rotz-sampler"><input semantic="INPUT" source="#hpl_mixamorigwLeftHand-time" /><input semantic="OUTPUT" source="#hpl_mixamorigwLeftHand-rotz" /></sampler><channel source="#hpl_mixamorigwLeftHand-rotz-sampler" target="mixamorigwLeftHand/rotateZ.ANGLE" />
      <sampler id="hpl_mixamorigwLeftHand-roty-sampler"><input semantic="INPUT" source="#hpl_mixamorigwLeftHand-time" /><input semantic="OUTPUT" source="#hpl_mixamorigwLeftHand-roty" /></sampler><channel source="#hpl_mixamorigwLeftHand-roty-sampler" target="mixamorigwLeftHand/rotateY.ANGLE" />
      <sampler id="hpl_mixamorigwLeftHand-rotx-sampler"><input semantic="INPUT" source="#hpl_mixamorigwLeftHand-time" /><input semantic="OUTPUT" source="#hpl_mixamorigwLeftHand-rotx" /></sampler><channel source="#hpl_mixamorigwLeftHand-rotx-sampler" target="mixamorigwLeftHand/rotateX.ANGLE" />
    </animation>
    <animation id="hpl_mixamorigwRightShoulder">
      <source id="hpl_mixamorigwRightShoulder-time"><float_array id="hpl_mixamorigwRightShoulder-time-array" count="40">0 1 2 3 4 5 6 7 8 9 10 11 12 13 14 15 16 17 18 19 20 21 22 23 24 25 26 27 28 29 30 31 32 33 34 35 36 37 38 39</float_array><technique_common><accessor source="#hpl_mixamorigwRightShoulder-time-array" count="40" stride="1" /></technique_common></source>
      <source id="hpl_mixamorigwRightShoulder-trans"><float_array id="hpl_mixamorigwRightShoulder-trans-array" count="120">-0.0433087 0.0799113 -0.00249339 -0.0433087 0.0799113 -0.00249339 -0.0433087 0.0799113 -0.00249339 -0.0433087 0.0799113 -0.00249339 -0.0433087 0.0799113 -0.00249339 -0.0433087 0.0799113 -0.00249339 -0.0433087 0.0799113 -0.00249339 -0.0433087 0.0799113 -0.00249339 -0.0433087 0.0799113 -0.00249339 -0.0433087 0.0799113 -0.00249339 -0.0433087 0.0799113 -0.00249339 -0.0433087 0.0799113 -0.00249339 -0.0433087 0.0799113 -0.00249339 -0.0433087 0.0799113 -0.00249339 -0.0433087 0.0799113 -0.00249339 -0.0433087 0.0799113 -0.00249339 -0.0433087 0.0799113 -0.00249339 -0.0433087 0.0799113 -0.00249339 -0.0433087 0.0799113 -0.00249339 -0.0433087 0.0799113 -0.00249339 -0.0433087 0.0799113 -0.00249339 -0.0433087 0.0799113 -0.00249339 -0.0433087 0.0799113 -0.00249339 -0.0433087 0.0799113 -0.00249339 -0.0433087 0.0799113 -0.00249339 -0.0433087 0.0799113 -0.00249339 -0.0433087 0.0799113 -0.00249339 -0.0433087 0.0799113 -0.00249339 -0.0433087 0.0799113 -0.00249339 -0.0433087 0.0799113 -0.00249339 -0.0433087 0.0799113 -0.00249339 -0.0433087 0.0799113 -0.00249339 -0.0433087 0.0799113 -0.00249339 -0.0433087 0.0799113 -0.00249339 -0.0433087 0.0799113 -0.00249339 -0.0433087 0.0799113 -0.00249339 -0.0433087 0.0799113 -0.00249339 -0.0433087 0.0799113 -0.00249339 -0.0433087 0.0799113 -0.00249339 -0.0433087 0.0799113 -0.00249339</float_array><technique_common><accessor source="#hpl_mixamorigwRightShoulder-trans-array" count="40" stride="3" /></technique_common></source>
      <source id="hpl_mixamorigwRightShoulder-rotz"><float_array id="hpl_mixamorigwRightShoulder-rotz-array" count="40">-105.432 -105.087 -104.656 -104.251 -103.995 -103.952 -103.893 -103.581 -102.898 -101.964 -100.885 -99.7577 -98.4422 -96.7458 -95.1327 -93.8478 -92.354 -91.4434 -90.8849 -90.9518 -90.863 -90.3098 -90.002 -90.4553 -91.288 -92.5219 -94.0021 -95.6025 -97.3014 -99.0648 -100.666 -102.048 -103.095 -104.062 -104.954 -105.672 -105.95 -105.521 -105.502 -105.432</float_array><technique_common><accessor source="#hpl_mixamorigwRightShoulder-rotz-array" count="40" stride="1" /></technique_common></source>
      <source id="hpl_mixamorigwRightShoulder-roty"><float_array id="hpl_mixamorigwRightShoulder-roty-array" count="40">-64.9397 -65.0293 -65.2202 -65.566 -66.0379 -66.5061 -66.9583 -67.4097 -67.8054 -68.1839 -68.561 -68.9649 -69.3743 -69.7563 -70.0964 -70.4301 -70.6837 -70.8589 -70.9576 -70.9309 -71.0124 -70.8418 -70.7317 -70.5259 -70.0709 -69.3782 -68.5892 -67.7988 -67.0157 -66.3291 -65.7095 -65.1894 -64.776 -64.4588 -64.2895 -64.3085 -64.4864 -64.5361 -64.876 -64.9397</float_array><technique_common><accessor source="#hpl_mixamorigwRightShoulder-roty-array" count="40" stride="1" /></technique_common></source>
      <source id="hpl_mixamorigwRightShoulder-rotx"><float_array id="hpl_mixamorigwRightShoulder-rotx-array" count="40">-138.622 -139.551 -140.809 -142.679 -144.373 -145.46 -146.031 -146.492 -147.308 -148.601 -150.212 -151.902 -153.667 -155.735 -157.659 -159.181 -160.878 -162.307 -163.421 -164.114 -164.567 -165.007 -165.056 -164.375 -163.179 -161.318 -158.967 -156.384 -153.71 -151.062 -148.622 -146.453 -144.592 -142.669 -140.696 -138.898 -137.409 -136.876 -137.302 -138.622</float_array><technique_common><accessor source="#hpl_mixamorigwRightShoulder-rotx-array" count="40" stride="1" /></technique_common></source>
      <sampler id="hpl_mixamorigwRightShoulder-trans-sampler"><input semantic="INPUT" source="#hpl_mixamorigwRightShoulder-time" /><input semantic="OUTPUT" source="#hpl_mixamorigwRightShoulder-trans" /></sampler><channel source="#hpl_mixamorigwRightShoulder-trans-sampler" target="mixamorigwRightShoulder/translate" />
      <sampler id="hpl_mixamorigwRightShoulder-rotz-sampler"><input semantic="INPUT" source="#hpl_mixamorigwRightShoulder-time" /><input semantic="OUTPUT" source="#hpl_mixamorigwRightShoulder-rotz" /></sampler><channel source="#hpl_mixamorigwRightShoulder-rotz-sampler" target="mixamorigwRightShoulder/rotateZ.ANGLE" />
      <sampler id="hpl_mixamorigwRightShoulder-roty-sampler"><input semantic="INPUT" source="#hpl_mixamorigwRightShoulder-time" /><input semantic="OUTPUT" source="#hpl_mixamorigwRightShoulder-roty" /></sampler><channel source="#hpl_mixamorigwRightShoulder-roty-sampler" target="mixamorigwRightShoulder/rotateY.ANGLE" />
      <sampler id="hpl_mixamorigwRightShoulder-rotx-sampler"><input semantic="INPUT" source="#hpl_mixamorigwRightShoulder-time" /><input semantic="OUTPUT" source="#hpl_mixamorigwRightShoulder-rotx" /></sampler><channel source="#hpl_mixamorigwRightShoulder-rotx-sampler" target="mixamorigwRightShoulder/rotateX.ANGLE" />
    </animation>
    <animation id="hpl_mixamorigwRightArm">
      <source id="hpl_mixamorigwRightArm-time"><float_array id="hpl_mixamorigwRightArm-time-array" count="40">0 1 2 3 4 5 6 7 8 9 10 11 12 13 14 15 16 17 18 19 20 21 22 23 24 25 26 27 28 29 30 31 32 33 34 35 36 37 38 39</float_array><technique_common><accessor source="#hpl_mixamorigwRightArm-time-array" count="40" stride="1" /></technique_common></source>
      <source id="hpl_mixamorigwRightArm-trans"><float_array id="hpl_mixamorigwRightArm-trans-array" count="120">-9.6372e-07 0.17456 7.77292e-06 -9.6372e-07 0.17456 7.77292e-06 -9.6372e-07 0.17456 7.77292e-06 -9.6372e-07 0.17456 7.77292e-06 -9.6372e-07 0.17456 7.77292e-06 -9.6372e-07 0.17456 7.77292e-06 -9.6372e-07 0.17456 7.77292e-06 -9.6372e-07 0.17456 7.77292e-06 -9.6372e-07 0.17456 7.77292e-06 -9.6372e-07 0.17456 7.77292e-06 -9.6372e-07 0.17456 7.77292e-06 -9.6372e-07 0.17456 7.77292e-06 -9.6372e-07 0.17456 7.77292e-06 -9.6372e-07 0.17456 7.77292e-06 -9.6372e-07 0.17456 7.77292e-06 -9.6372e-07 0.17456 7.77292e-06 -9.6372e-07 0.17456 7.77292e-06 -9.6372e-07 0.17456 7.77292e-06 -9.6372e-07 0.17456 7.77292e-06 -9.6372e-07 0.17456 7.77292e-06 -9.6372e-07 0.17456 7.77292e-06 -9.6372e-07 0.17456 7.77292e-06 -9.6372e-07 0.17456 7.77292e-06 -9.6372e-07 0.17456 7.77292e-06 -9.6372e-07 0.17456 7.77292e-06 -9.6372e-07 0.17456 7.77292e-06 -9.6372e-07 0.17456 7.77292e-06 -9.6372e-07 0.17456 7.77292e-06 -9.6372e-07 0.17456 7.77292e-06 -9.6372e-07 0.17456 7.77292e-06 -9.6372e-07 0.17456 7.77292e-06 -9.6372e-07 0.17456 7.77292e-06 -9.6372e-07 0.17456 7.77292e-06 -9.6372e-07 0.17456 7.77292e-06 -9.6372e-07 0.17456 7.77292e-06 -9.6372e-07 0.17456 7.77292e-06 -9.6372e-07 0.17456 7.77292e-06 -9.6372e-07 0.17456 7.77292e-06 -9.6372e-07 0.17456 7.77292e-06 -9.6372e-07 0.17456 7.77292e-06</float_array><technique_common><accessor source="#hpl_mixamorigwRightArm-trans-array" count="40" stride="3" /></technique_common></source>
      <source id="hpl_mixamorigwRightArm-rotz"><float_array id="hpl_mixamorigwRightArm-rotz-array" count="40">-26.4662 -28.6059 -31.3875 -34.0892 -36.3618 -38.3733 -40.2476 -41.9748 -43.7437 -45.6316 -47.6812 -49.902 -52.1944 -54.201 -55.8438 -57.2204 -58.2128 -58.8331 -59.1817 -59.5453 -59.7785 -59.3698 -58.5157 -57.2243 -55.4831 -53.4542 -51.5291 -49.5787 -47.4464 -45.0624 -42.2905 -39.244 -36.016 -32.843 -30.0068 -27.8633 -26.4561 -26.1935 -27.6186 -26.4662</float_array><technique_common><accessor source="#hpl_mixamorigwRightArm-rotz-array" count="40" stride="1" /></technique_common></source>
      <source id="hpl_mixamorigwRightArm-roty"><float_array id="hpl_mixamorigwRightArm-roty-array" count="40">-15.3334 -13.42 -11.8222 -10.16 -8.69593 -7.52553 -6.73713 -6.23554 -5.79991 -5.43873 -5.30401 -5.56597 -6.22154 -6.93194 -7.45326 -7.75676 -7.93859 -7.68245 -7.46895 -7.57635 -8.52838 -9.62062 -10.4148 -10.8259 -11.403 -12.6762 -14.8431 -17.4935 -20.0867 -22.4616 -24.4058 -25.7626 -26.5397 -26.78 -26.5572 -25.9881 -25.0188 -23.2216 -21.6504 -15.3334</float_array><technique_common><accessor source="#hpl_mixamorigwRightArm-roty-array" count="40" stride="1" /></technique_common></source>
      <source id="hpl_mixamorigwRightArm-rotx"><float_array id="hpl_mixamorigwRightArm-rotx-array" count="40">45.3006 45.6775 45.7359 46.0602 46.4262 46.6125 46.4645 46.1102 45.7191 45.5103 45.5114 45.5316 45.4553 45.2792 45.1052 44.8394 44.4253 44.2401 44.3819 44.7763 45.2108 45.1893 45.6181 46.7559 48.0957 49.2034 49.9394 50.4206 50.6258 50.6818 50.3568 49.6446 48.542 47.1307 45.5627 44.1802 43.1318 42.73 44.1713 45.3006</float_array><technique_common><accessor source="#hpl_mixamorigwRightArm-rotx-array" count="40" stride="1" /></technique_common></source>
      <sampler id="hpl_mixamorigwRightArm-trans-sampler"><input semantic="INPUT" source="#hpl_mixamorigwRightArm-time" /><input semantic="OUTPUT" source="#hpl_mixamorigwRightArm-trans" /></sampler><channel source="#hpl_mixamorigwRightArm-trans-sampler" target="mixamorigwRightArm/translate" />
      <sampler id="hpl_mixamorigwRightArm-rotz-sampler"><input semantic="INPUT" source="#hpl_mixamorigwRightArm-time" /><input semantic="OUTPUT" source="#hpl_mixamorigwRightArm-rotz" /></sampler><channel source="#hpl_mixamorigwRightArm-rotz-sampler" target="mixamorigwRightArm/rotateZ.ANGLE" />
      <sampler id="hpl_mixamorigwRightArm-roty-sampler"><input semantic="INPUT" source="#hpl_mixamorigwRightArm-time" /><input semantic="OUTPUT" source="#hpl_mixamorigwRightArm-roty" /></sampler><channel source="#hpl_mixamorigwRightArm-roty-sampler" target="mixamorigwRightArm/rotateY.ANGLE" />
      <sampler id="hpl_mixamorigwRightArm-rotx-sampler"><input semantic="INPUT" source="#hpl_mixamorigwRightArm-time" /><input semantic="OUTPUT" source="#hpl_mixamorigwRightArm-rotx" /></sampler><channel source="#hpl_mixamorigwRightArm-rotx-sampler" target="mixamorigwRightArm/rotateX.ANGLE" />
    </animation>
    <animation id="hpl_mixamorigwRightForeArm">
      <source id="hpl_mixamorigwRightForeArm-time"><float_array id="hpl_mixamorigwRightForeArm-time-array" count="40">0 1 2 3 4 5 6 7 8 9 10 11 12 13 14 15 16 17 18 19 20 21 22 23 24 25 26 27 28 29 30 31 32 33 34 35 36 37 38 39</float_array><technique_common><accessor source="#hpl_mixamorigwRightForeArm-time-array" count="40" stride="1" /></technique_common></source>
      <source id="hpl_mixamorigwRightForeArm-trans"><float_array id="hpl_mixamorigwRightForeArm-trans-array" count="120">4.30472e-07 0.220142 -2.87697e-06 4.30472e-07 0.220142 -2.87697e-06 4.30472e-07 0.220142 -2.87697e-06 4.30472e-07 0.220142 -2.87697e-06 4.30472e-07 0.220142 -2.87697e-06 4.30472e-07 0.220142 -2.87697e-06 4.30472e-07 0.220142 -2.87697e-06 4.30472e-07 0.220142 -2.87697e-06 4.30472e-07 0.220142 -2.87697e-06 4.30472e-07 0.220142 -2.87697e-06 4.30472e-07 0.220142 -2.87697e-06 4.30472e-07 0.220142 -2.87697e-06 4.30472e-07 0.220142 -2.87697e-06 4.30472e-07 0.220142 -2.87697e-06 4.30472e-07 0.220142 -2.87697e-06 4.30472e-07 0.220142 -2.87697e-06 4.30472e-07 0.220142 -2.87697e-06 4.30472e-07 0.220142 -2.87697e-06 4.30472e-07 0.220142 -2.87697e-06 4.30472e-07 0.220142 -2.87697e-06 4.30472e-07 0.220142 -2.87697e-06 4.30472e-07 0.220142 -2.87697e-06 4.30472e-07 0.220142 -2.87697e-06 4.30472e-07 0.220142 -2.87697e-06 4.30472e-07 0.220142 -2.87697e-06 4.30472e-07 0.220142 -2.87697e-06 4.30472e-07 0.220142 -2.87697e-06 4.30472e-07 0.220142 -2.87697e-06 4.30472e-07 0.220142 -2.87697e-06 4.30472e-07 0.220142 -2.87697e-06 4.30472e-07 0.220142 -2.87697e-06 4.30472e-07 0.220142 -2.87697e-06 4.30472e-07 0.220142 -2.87697e-06 4.30472e-07 0.220142 -2.87697e-06 4.30472e-07 0.220142 -2.87697e-06 4.30472e-07 0.220142 -2.87697e-06 4.30472e-07 0.220142 -2.87697e-06 4.30472e-07 0.220142 -2.87697e-06 4.30472e-07 0.220142 -2.87697e-06 4.30472e-07 0.220142 -2.87697e-06</float_array><technique_common><accessor source="#hpl_mixamorigwRightForeArm-trans-array" count="40" stride="3" /></technique_common></source>
      <source id="hpl_mixamorigwRightForeArm-rotz"><float_array id="hpl_mixamorigwRightForeArm-rotz-array" count="40">-30.9673 -32.2047 -33.4161 -34.8559 -36.6347 -38.6831 -40.7146 -42.3947 -43.5017 -44.0884 -44.425 -44.7572 -45.1642 -45.7315 -46.2924 -46.6518 -46.6899 -46.3457 -45.8842 -45.1353 -43.8942 -41.8467 -38.8873 -35.6125 -32.7592 -30.7442 -29.5242 -28.8174 -28.3496 -28.086 -28.0767 -28.2618 -28.5796 -28.9485 -29.3813 -29.8733 -30.1196 -29.9064 -29.7602 -30.9673</float_array><technique_common><accessor source="#hpl_mixamorigwRightForeArm-rotz-array" count="40" stride="1" /></technique_common></source>
      <source id="hpl_mixamorigwRightForeArm-roty"><float_array id="hpl_mixamorigwRightForeArm-roty-array" count="40">10.2537 10.1577 10.0154 9.83317 9.59955 9.3196 9.05911 8.85463 8.73163 8.6419 8.49739 8.36372 8.16818 7.9994 7.92311 7.9754 7.99819 8.07671 8.18544 8.20865 8.41824 8.72158 9.19058 9.70648 10.1751 10.4721 10.6388 10.6613 10.6556 10.6 10.5365 10.4883 10.4535 10.4053 10.3881 10.3705 10.3219 10.3804 10.3908 10.2537</float_array><technique_common><accessor source="#hpl_mixamorigwRightForeArm-roty-array" count="40" stride="1" /></technique_common></source>
      <source id="hpl_mixamorigwRightForeArm-rotx"><float_array id="hpl_mixamorigwRightForeArm-rotx-array" count="40">-6.54279 -6.62244 -6.79498 -7.01323 -7.30399 -7.60992 -7.92032 -8.09161 -8.10143 -8.00744 -7.91043 -7.79345 -7.84859 -8.0339 -8.23309 -8.2939 -8.34244 -8.23851 -8.21839 -8.36661 -8.41802 -8.02059 -7.42409 -6.87469 -6.38887 -6.0584 -5.87422 -5.71578 -5.5297 -5.38094 -5.27533 -5.17003 -5.15014 -5.20343 -5.30825 -5.40443 -5.4628 -5.38908 -5.55663 -6.54279</float_array><technique_common><accessor source="#hpl_mixamorigwRightForeArm-rotx-array" count="40" stride="1" /></technique_common></source>
      <sampler id="hpl_mixamorigwRightForeArm-trans-sampler"><input semantic="INPUT" source="#hpl_mixamorigwRightForeArm-time" /><input semantic="OUTPUT" source="#hpl_mixamorigwRightForeArm-trans" /></sampler><channel source="#hpl_mixamorigwRightForeArm-trans-sampler" target="mixamorigwRightForeArm/translate" />
      <sampler id="hpl_mixamorigwRightForeArm-rotz-sampler"><input semantic="INPUT" source="#hpl_mixamorigwRightForeArm-time" /><input semantic="OUTPUT" source="#hpl_mixamorigwRightForeArm-rotz" /></sampler><channel source="#hpl_mixamorigwRightForeArm-rotz-sampler" target="mixamorigwRightForeArm/rotateZ.ANGLE" />
      <sampler id="hpl_mixamorigwRightForeArm-roty-sampler"><input semantic="INPUT" source="#hpl_mixamorigwRightForeArm-time" /><input semantic="OUTPUT" source="#hpl_mixamorigwRightForeArm-roty" /></sampler><channel source="#hpl_mixamorigwRightForeArm-roty-sampler" target="mixamorigwRightForeArm/rotateY.ANGLE" />
      <sampler id="hpl_mixamorigwRightForeArm-rotx-sampler"><input semantic="INPUT" source="#hpl_mixamorigwRightForeArm-time" /><input semantic="OUTPUT" source="#hpl_mixamorigwRightForeArm-rotx" /></sampler><channel source="#hpl_mixamorigwRightForeArm-rotx-sampler" target="mixamorigwRightForeArm/rotateX.ANGLE" />
    </animation>
    <animation id="hpl_mixamorigwRightHand">
      <source id="hpl_mixamorigwRightHand-time"><float_array id="hpl_mixamorigwRightHand-time-array" count="40">0 1 2 3 4 5 6 7 8 9 10 11 12 13 14 15 16 17 18 19 20 21 22 23 24 25 26 27 28 29 30 31 32 33 34 35 36 37 38 39</float_array><technique_common><accessor source="#hpl_mixamorigwRightHand-time-array" count="40" stride="1" /></technique_common></source>
      <source id="hpl_mixamorigwRightHand-trans"><float_array id="hpl_mixamorigwRightHand-trans-array" count="120">-5.20839e-08 0.264825 -3.87537e-06 -5.20839e-08 0.264825 -3.87537e-06 -5.20839e-08 0.264825 -3.87537e-06 -5.20839e-08 0.264825 -3.87537e-06 -5.20839e-08 0.264825 -3.87537e-06 -5.20839e-08 0.264825 -3.87537e-06 -5.20839e-08 0.264825 -3.87537e-06 -5.20839e-08 0.264825 -3.87537e-06 -5.20839e-08 0.264825 -3.87537e-06 -5.20839e-08 0.264825 -3.87537e-06 -5.20839e-08 0.264825 -3.87537e-06 -5.20839e-08 0.264825 -3.87537e-06 -5.20839e-08 0.264825 -3.87537e-06 -5.20839e-08 0.264825 -3.87537e-06 -5.20839e-08 0.264825 -3.87537e-06 -5.20839e-08 0.264825 -3.87537e-06 -5.20839e-08 0.264825 -3.87537e-06 -5.20839e-08 0.264825 -3.87537e-06 -5.20839e-08 0.264825 -3.87537e-06 -5.20839e-08 0.264825 -3.87537e-06 -5.20839e-08 0.264825 -3.87537e-06 -5.20839e-08 0.264825 -3.87537e-06 -5.20839e-08 0.264825 -3.87537e-06 -5.20839e-08 0.264825 -3.87537e-06 -5.20839e-08 0.264825 -3.87537e-06 -5.20839e-08 0.264825 -3.87537e-06 -5.20839e-08 0.264825 -3.87537e-06 -5.20839e-08 0.264825 -3.87537e-06 -5.20839e-08 0.264825 -3.87537e-06 -5.20839e-08 0.264825 -3.87537e-06 -5.20839e-08 0.264825 -3.87537e-06 -5.20839e-08 0.264825 -3.87537e-06 -5.20839e-08 0.264825 -3.87537e-06 -5.20839e-08 0.264825 -3.87537e-06 -5.20839e-08 0.264825 -3.87537e-06 -5.20839e-08 0.264825 -3.87537e-06 -5.20839e-08 0.264825 -3.87537e-06 -5.20839e-08 0.264825 -3.87537e-06 -5.20839e-08 0.264825 -3.87537e-06 -5.20839e-08 0.264825 -3.87537e-06</float_array><technique_common><accessor source="#hpl_mixamorigwRightHand-trans-array" count="40" stride="3" /></technique_common></source>
      <source id="hpl_mixamorigwRightHand-rotz"><float_array id="hpl_mixamorigwRightHand-rotz-array" count="40">0.941673 0.93535 0.969616 1.00166 0.939901 0.79038 0.582267 0.252079 -0.227236 -0.648055 -0.998651 -1.29614 -1.56785 -1.80479 -2.00041 -2.17424 -2.66042 -2.88149 -3.02688 -3.098 -3.15248 -3.17213 -2.912 -2.36288 -1.78213 -1.31131 -0.979534 -0.661932 -0.288517 0.131321 0.513881 0.789093 0.882231 0.850815 0.777977 0.752387 0.643562 0.825235 1.29184 0.941673</float_array><technique_common><accessor source="#hpl_mixamorigwRightHand-rotz-array" count="40" stride="1" /></technique_common></source>
      <source id="hpl_mixamorigwRightHand-roty"><float_array id="hpl_mixamorigwRightHand-roty-array" count="40">5.45313 3.90566 2.90359 1.94233 0.535445 -0.918599 -2.10962 -3.11424 -3.91466 -4.46625 -4.80007 -4.85449 -4.56399 -4.13193 -3.65427 -3.257 -2.81542 -2.68044 -2.64414 -2.36354 -1.55244 -1.0096 -0.561767 -0.0512212 0.611851 1.03244 1.02953 0.769404 0.0712345 -0.640873 -1.24863 -1.60461 -1.6246 -1.07124 -0.452146 0.0238762 -0.112373 -0.187832 -0.278901 5.45313</float_array><technique_common><accessor source="#hpl_mixamorigwRightHand-roty-array" count="40" stride="1" /></technique_common></source>
      <source id="hpl_mixamorigwRightHand-rotx"><float_array id="hpl_mixamorigwRightHand-rotx-array" count="40">-7.34099 -7.73979 -7.89386 -7.92291 -7.81465 -7.43756 -6.90232 -6.42681 -5.95037 -5.44119 -4.90539 -4.46015 -4.10216 -3.86792 -3.75378 -3.85694 -3.91563 -4.13641 -4.3878 -4.70772 -5.0042 -4.89274 -4.45421 -4.04517 -3.848 -3.57978 -3.23319 -2.80344 -2.34575 -1.94644 -1.62587 -1.46742 -1.43848 -1.46964 -1.5728 -1.96622 -2.64296 -3.51123 -3.95204 -7.34099</float_array><technique_common><accessor source="#hpl_mixamorigwRightHand-rotx-array" count="40" stride="1" /></technique_common></source>
      <sampler id="hpl_mixamorigwRightHand-trans-sampler"><input semantic="INPUT" source="#hpl_mixamorigwRightHand-time" /><input semantic="OUTPUT" source="#hpl_mixamorigwRightHand-trans" /></sampler><channel source="#hpl_mixamorigwRightHand-trans-sampler" target="mixamorigwRightHand/translate" />
      <sampler id="hpl_mixamorigwRightHand-rotz-sampler"><input semantic="INPUT" source="#hpl_mixamorigwRightHand-time" /><input semantic="OUTPUT" source="#hpl_mixamorigwRightHand-rotz" /></sampler><channel source="#hpl_mixamorigwRightHand-rotz-sampler" target="mixamorigwRightHand/rotateZ.ANGLE" />
      <sampler id="hpl_mixamorigwRightHand-roty-sampler"><input semantic="INPUT" source="#hpl_mixamorigwRightHand-time" /><input semantic="OUTPUT" source="#hpl_mixamorigwRightHand-roty" /></sampler><channel source="#hpl_mixamorigwRightHand-roty-sampler" target="mixamorigwRightHand/rotateY.ANGLE" />
      <sampler id="hpl_mixamorigwRightHand-rotx-sampler"><input semantic="INPUT" source="#hpl_mixamorigwRightHand-time" /><input semantic="OUTPUT" source="#hpl_mixamorigwRightHand-rotx" /></sampler><channel source="#hpl_mixamorigwRightHand-rotx-sampler" target="mixamorigwRightHand/rotateX.ANGLE" />
    </animation>
    <animation id="hpl_mixamorigwNeck">
      <source id="hpl_mixamorigwNeck-time"><float_array id="hpl_mixamorigwNeck-time-array" count="40">0 1 2 3 4 5 6 7 8 9 10 11 12 13 14 15 16 17 18 19 20 21 22 23 24 25 26 27 28 29 30 31 32 33 34 35 36 37 38 39</float_array><technique_common><accessor source="#hpl_mixamorigwNeck-time-array" count="40" stride="1" /></technique_common></source>
      <source id="hpl_mixamorigwNeck-trans"><float_array id="hpl_mixamorigwNeck-trans-array" count="120">0.00029939 0.0947524 0.00492966 0.00029939 0.0947524 0.00492966 0.00029939 0.0947524 0.00492966 0.00029939 0.0947524 0.00492966 0.00029939 0.0947524 0.00492966 0.00029939 0.0947524 0.00492966 0.00029939 0.0947524 0.00492966 0.00029939 0.0947524 0.00492966 0.00029939 0.0947524 0.00492966 0.00029939 0.0947524 0.00492966 0.00029939 0.0947524 0.00492966 0.00029939 0.0947524 0.00492966 0.00029939 0.0947524 0.00492966 0.00029939 0.0947524 0.00492966 0.00029939 0.0947524 0.00492966 0.00029939 0.0947524 0.00492966 0.00029939 0.0947524 0.00492966 0.00029939 0.0947524 0.00492966 0.00029939 0.0947524 0.00492966 0.00029939 0.0947524 0.00492966 0.00029939 0.0947524 0.00492966 0.00029939 0.0947524 0.00492966 0.00029939 0.0947524 0.00492966 0.00029939 0.0947524 0.00492966 0.00029939 0.0947524 0.00492966 0.00029939 0.0947524 0.00492966 0.00029939 0.0947524 0.00492966 0.00029939 0.0947524 0.00492966 0.00029939 0.0947524 0.00492966 0.00029939 0.0947524 0.00492966 0.00029939 0.0947524 0.00492966 0.00029939 0.0947524 0.00492966 0.00029939 0.0947524 0.00492966 0.00029939 0.0947524 0.00492966 0.00029939 0.0947524 0.00492966 0.00029939 0.0947524 0.00492966 0.00029939 0.0947524 0.00492966 0.00029939 0.0947524 0.00492966 0.00029939 0.0947524 0.00492966 0.00029939 0.0947524 0.00492966</float_array><technique_common><accessor source="#hpl_mixamorigwNeck-trans-array" count="40" stride="3" /></technique_common></source>
      <source id="hpl_mixamorigwNeck-rotz"><float_array id="hpl_mixamorigwNeck-rotz-array" count="40">3.54707 3.43144 2.83319 1.99663 1.40093 1.10974 1.09427 1.20512 1.29328 1.24049 1.07251 0.823727 0.470379 0.00258687 -0.451354 -0.779725 -1.04545 -1.32487 -1.31578 -1.2447 -1.15628 -1.17322 -0.987412 -0.605634 -0.166023 0.206514 0.496474 0.767627 1.06411 1.36555 1.62914 1.83982 2.00638 2.13168 2.28466 2.60328 3.26794 4.02555 4.37861 3.54707</float_array><technique_common><accessor source="#hpl_mixamorigwNeck-rotz-array" count="40" stride="1" /></technique_common></source>
      <source id="hpl_mixamorigwNeck-roty"><float_array id="hpl_mixamorigwNeck-roty-array" count="40">2.08845 2.14578 2.31333 2.41476 2.44587 2.34063 2.16159 1.99923 1.90123 1.91557 2.02352 2.18586 2.42866 2.65388 2.8929 3.12636 3.27495 3.50423 3.64129 3.68783 3.59383 3.56044 3.48012 3.29955 3.12021 2.94226 2.82592 2.74021 2.68033 2.64531 2.63495 2.5988 2.53627 2.40516 2.27575 2.10941 1.9477 1.82577 1.77069 2.08845</float_array><technique_common><accessor source="#hpl_mixamorigwNeck-roty-array" count="40" stride="1" /></technique_common></source>
      <source id="hpl_mixamorigwNeck-rotx"><float_array id="hpl_mixamorigwNeck-rotx-array" count="40">21.4308 21.0643 20.7835 20.8641 21.2207 21.7641 22.4398 23.1388 23.775 24.3715 24.8472 25.0661 24.9305 24.4867 23.8725 23.1275 22.1971 21.3064 20.6874 20.2645 19.9703 19.6813 19.6166 19.9691 20.562 21.1867 21.7695 22.3558 22.9275 23.4731 23.9237 24.2159 24.264 24.0613 23.6358 22.9792 22.1002 21.3248 20.8344 21.4308</float_array><technique_common><accessor source="#hpl_mixamorigwNeck-rotx-array" count="40" stride="1" /></technique_common></source>
      <sampler id="hpl_mixamorigwNeck-trans-sampler"><input semantic="INPUT" source="#hpl_mixamorigwNeck-time" /><input semantic="OUTPUT" source="#hpl_mixamorigwNeck-trans" /></sampler><channel source="#hpl_mixamorigwNeck-trans-sampler" target="mixamorigwNeck/translate" />
      <sampler id="hpl_mixamorigwNeck-rotz-sampler"><input semantic="INPUT" source="#hpl_mixamorigwNeck-time" /><input semantic="OUTPUT" source="#hpl_mixamorigwNeck-rotz" /></sampler><channel source="#hpl_mixamorigwNeck-rotz-sampler" target="mixamorigwNeck/rotateZ.ANGLE" />
      <sampler id="hpl_mixamorigwNeck-roty-sampler"><input semantic="INPUT" source="#hpl_mixamorigwNeck-time" /><input semantic="OUTPUT" source="#hpl_mixamorigwNeck-roty" /></sampler><channel source="#hpl_mixamorigwNeck-roty-sampler" target="mixamorigwNeck/rotateY.ANGLE" />
      <sampler id="hpl_mixamorigwNeck-rotx-sampler"><input semantic="INPUT" source="#hpl_mixamorigwNeck-time" /><input semantic="OUTPUT" source="#hpl_mixamorigwNeck-rotx" /></sampler><channel source="#hpl_mixamorigwNeck-rotx-sampler" target="mixamorigwNeck/rotateX.ANGLE" />
    </animation>
    <animation id="hpl_mixamorigwHead">
      <source id="hpl_mixamorigwHead-time"><float_array id="hpl_mixamorigwHead-time-array" count="40">0 1 2 3 4 5 6 7 8 9 10 11 12 13 14 15 16 17 18 19 20 21 22 23 24 25 26 27 28 29 30 31 32 33 34 35 36 37 38 39</float_array><technique_common><accessor source="#hpl_mixamorigwHead-time-array" count="40" stride="1" /></technique_common></source>
      <source id="hpl_mixamorigwHead-trans"><float_array id="hpl_mixamorigwHead-trans-array" count="120">2.00016e-09 0.0722285 -1.48066e-06 2.00016e-09 0.0722285 -1.48066e-06 2.00016e-09 0.0722285 -1.48066e-06 2.00016e-09 0.0722285 -1.48066e-06 2.00016e-09 0.0722285 -1.48066e-06 2.00016e-09 0.0722285 -1.48066e-06 2.00016e-09 0.0722285 -1.48066e-06 2.00016e-09 0.0722285 -1.48066e-06 2.00016e-09 0.0722285 -1.48066e-06 2.00016e-09 0.0722285 -1.48066e-06 2.00016e-09 0.0722285 -1.48066e-06 2.00016e-09 0.0722285 -1.48066e-06 2.00016e-09 0.0722285 -1.48066e-06 2.00016e-09 0.0722285 -1.48066e-06 2.00016e-09 0.0722285 -1.48066e-06 2.00016e-09 0.0722285 -1.48066e-06 2.00016e-09 0.0722285 -1.48066e-06 2.00016e-09 0.0722285 -1.48066e-06 2.00016e-09 0.0722285 -1.48066e-06 2.00016e-09 0.0722285 -1.48066e-06 2.00016e-09 0.0722285 -1.48066e-06 2.00016e-09 0.0722285 -1.48066e-06 2.00016e-09 0.0722285 -1.48066e-06 2.00016e-09 0.0722285 -1.48066e-06 2.00016e-09 0.0722285 -1.48066e-06 2.00016e-09 0.0722285 -1.48066e-06 2.00016e-09 0.0722285 -1.48066e-06 2.00016e-09 0.0722285 -1.48066e-06 2.00016e-09 0.0722285 -1.48066e-06 2.00016e-09 0.0722285 -1.48066e-06 2.00016e-09 0.0722285 -1.48066e-06 2.00016e-09 0.0722285 -1.48066e-06 2.00016e-09 0.0722285 -1.48066e-06 2.00016e-09 0.0722285 -1.48066e-06 2.00016e-09 0.0722285 -1.48066e-06 2.00016e-09 0.0722285 -1.48066e-06 2.00016e-09 0.0722285 -1.48066e-06 2.00016e-09 0.0722285 -1.48066e-06 2.00016e-09 0.0722285 -1.48066e-06 2.00016e-09 0.0722285 -1.48066e-06</float_array><technique_common><accessor source="#hpl_mixamorigwHead-trans-array" count="40" stride="3" /></technique_common></source>
      <source id="hpl_mixamorigwHead-rotz"><float_array id="hpl_mixamorigwHead-rotz-array" count="40">-4.00039 -3.94226 -3.88745 -3.90173 -3.95746 -4.00984 -4.05047 -4.00483 -3.90624 -3.74511 -3.55716 -3.32895 -3.03664 -2.75057 -2.47045 -2.2729 -2.21675 -2.14048 -2.20035 -2.32898 -2.48857 -2.5102 -2.44765 -2.31656 -2.22137 -2.17497 -2.18777 -2.25874 -2.365 -2.53256 -2.74497 -3.01342 -3.2995 -3.52677 -3.68537 -3.77522 -3.75835 -3.55031 -3.327 -4.00039</float_array><technique_common><accessor source="#hpl_mixamorigwHead-rotz-array" count="40" stride="1" /></technique_common></source>
      <source id="hpl_mixamorigwHead-roty"><float_array id="hpl_mixamorigwHead-roty-array" count="40">7.12546 6.47753 5.87613 5.53591 5.16357 4.72114 4.24854 3.73537 3.25195 2.86666 2.64019 2.49471 2.43283 2.49757 2.49105 2.42459 2.33955 2.16175 2.0118 1.94572 2.08125 2.27278 2.43325 2.67227 2.953 3.23285 3.51133 3.87151 4.28227 4.7447 5.25139 5.79352 6.28586 6.56441 6.61139 6.38789 5.9699 5.30226 4.6639 7.12546</float_array><technique_common><accessor source="#hpl_mixamorigwHead-roty-array" count="40" stride="1" /></technique_common></source>
      <source id="hpl_mixamorigwHead-rotx"><float_array id="hpl_mixamorigwHead-rotx-array" count="40">9.48883 8.3638 7.37356 6.62818 6.26731 6.15795 6.14145 6.18836 6.30874 6.4768 6.72129 6.97364 7.25002 7.61138 7.91321 7.94546 7.7702 7.3138 6.87854 6.49138 6.2671 6.19673 6.13665 6.03236 6.1605 6.54865 7.07856 7.60221 8.14914 8.72328 9.32339 9.99255 10.6847 11.302 11.6705 11.7474 11.6904 11.6206 11.2621 9.48883</float_array><technique_common><accessor source="#hpl_mixamorigwHead-rotx-array" count="40" stride="1" /></technique_common></source>
      <sampler id="hpl_mixamorigwHead-trans-sampler"><input semantic="INPUT" source="#hpl_mixamorigwHead-time" /><input semantic="OUTPUT" source="#hpl_mixamorigwHead-trans" /></sampler><channel source="#hpl_mixamorigwHead-trans-sampler" target="mixamorigwHead/translate" />
      <sampler id="hpl_mixamorigwHead-rotz-sampler"><input semantic="INPUT" source="#hpl_mixamorigwHead-time" /><input semantic="OUTPUT" source="#hpl_mixamorigwHead-rotz" /></sampler><channel source="#hpl_mixamorigwHead-rotz-sampler" target="mixamorigwHead/rotateZ.ANGLE" />
      <sampler id="hpl_mixamorigwHead-roty-sampler"><input semantic="INPUT" source="#hpl_mixamorigwHead-time" /><input semantic="OUTPUT" source="#hpl_mixamorigwHead-roty" /></sampler><channel source="#hpl_mixamorigwHead-roty-sampler" target="mixamorigwHead/rotateY.ANGLE" />
      <sampler id="hpl_mixamorigwHead-rotx-sampler"><input semantic="INPUT" source="#hpl_mixamorigwHead-time" /><input semantic="OUTPUT" source="#hpl_mixamorigwHead-rotx" /></sampler><channel source="#hpl_mixamorigwHead-rotx-sampler" target="mixamorigwHead/rotateX.ANGLE" />
    </animation>
    <animation id="hpl_mixamorigwHeadTop_End">
      <source id="hpl_mixamorigwHeadTop_End-time"><float_array id="hpl_mixamorigwHeadTop_End-time-array" count="40">0 1 2 3 4 5 6 7 8 9 10 11 12 13 14 15 16 17 18 19 20 21 22 23 24 25 26 27 28 29 30 31 32 33 34 35 36 37 38 39</float_array><technique_common><accessor source="#hpl_mixamorigwHeadTop_End-time-array" count="40" stride="1" /></technique_common></source>
      <source id="hpl_mixamorigwHeadTop_End-trans"><float_array id="hpl_mixamorigwHeadTop_End-trans-array" count="120">-3.0402e-09 0.242221 -0.111258 -3.0402e-09 0.242221 -0.111258 -3.0402e-09 0.242221 -0.111258 -3.0402e-09 0.242221 -0.111258 -3.0402e-09 0.242221 -0.111258 -3.0402e-09 0.242221 -0.111258 -3.0402e-09 0.242221 -0.111258 -3.0402e-09 0.242221 -0.111258 -3.0402e-09 0.242221 -0.111258 -3.0402e-09 0.242221 -0.111258 -3.0402e-09 0.242221 -0.111258 -3.0402e-09 0.242221 -0.111258 -3.0402e-09 0.242221 -0.111258 -3.0402e-09 0.242221 -0.111258 -3.0402e-09 0.242221 -0.111258 -3.0402e-09 0.242221 -0.111258 -3.0402e-09 0.242221 -0.111258 -3.0402e-09 0.242221 -0.111258 -3.0402e-09 0.242221 -0.111258 -3.0402e-09 0.242221 -0.111258 -3.0402e-09 0.242221 -0.111258 -3.0402e-09 0.242221 -0.111258 -3.0402e-09 0.242221 -0.111258 -3.0402e-09 0.242221 -0.111258 -3.0402e-09 0.242221 -0.111258 -3.0402e-09 0.242221 -0.111258 -3.0402e-09 0.242221 -0.111258 -3.0402e-09 0.242221 -0.111258 -3.0402e-09 0.242221 -0.111258 -3.0402e-09 0.242221 -0.111258 -3.0402e-09 0.242221 -0.111258 -3.0402e-09 0.242221 -0.111258 -3.0402e-09 0.242221 -0.111258 -3.0402e-09 0.242221 -0.111258 -3.0402e-09 0.242221 -0.111258 -3.0402e-09 0.242221 -0.111258 -3.0402e-09 0.242221 -0.111258 -3.0402e-09 0.242221 -0.111258 -3.0402e-09 0.242221 -0.111258 -3.0402e-09 0.242221 -0.111258</float_array><technique_common><accessor source="#hpl_mixamorigwHeadTop_End-trans-array" count="40" stride="3" /></technique_common></source>
      <source id="hpl_mixamorigwHeadTop_End-rotz"><float_array id="hpl_mixamorigwHeadTop_End-rotz-array" count="40">-1.59667e-08 -1.59667e-08 -1.59667e-08 -1.59667e-08 -1.59667e-08 -1.59667e-08 -1.59667e-08 -1.59667e-08 -1.59667e-08 -1.59667e-08 -1.59667e-08 -1.59667e-08 -1.59667e-08 -1.59667e-08 -1.59667e-08 -1.59667e-08 -1.59667e-08 -1.59667e-08 -1.59667e-08 -1.59667e-08 -1.59667e-08 -1.59667e-08 -1.59667e-08 -1.59667e-08 -1.59667e-08 -1.59667e-08 -1.59667e-08 -1.59667e-08 -1.59667e-08 -1.59667e-08 -1.59667e-08 -1.59667e-08 -1.59667e-08 -1.59667e-08 -1.59667e-08 -1.59667e-08 -1.59667e-08 -1.59667e-08 -1.59667e-08 -1.59667e-08</float_array><technique_common><accessor source="#hpl_mixamorigwHeadTop_End-rotz-array" count="40" stride="1" /></technique_common></source>
      <source id="hpl_mixamorigwHeadTop_End-roty"><float_array id="hpl_mixamorigwHeadTop_End-roty-array" count="40">1.91978e-07 1.91978e-07 1.91978e-07 1.91978e-07 1.91978e-07 1.91978e-07 1.91978e-07 1.91978e-07 1.91978e-07 1.91978e-07 1.91978e-07 1.91978e-07 1.91978e-07 1.91978e-07 1.91978e-07 1.91978e-07 1.91978e-07 1.91978e-07 1.91978e-07 1.91978e-07 1.91978e-07 1.91978e-07 1.91978e-07 1.91978e-07 1.91978e-07 1.91978e-07 1.91978e-07 1.91978e-07 1.91978e-07 1.91978e-07 1.91978e-07 1.91978e-07 1.91978e-07 1.91978e-07 1.91978e-07 1.91978e-07 1.91978e-07 1.91978e-07 1.91978e-07 1.91978e-07</float_array><technique_common><accessor source="#hpl_mixamorigwHeadTop_End-roty-array" count="40" stride="1" /></technique_common></source>
      <source id="hpl_mixamorigwHeadTop_End-rotx"><float_array id="hpl_mixamorigwHeadTop_End-rotx-array" count="40">-24.6705 -24.6705 -24.6705 -24.6705 -24.6705 -24.6705 -24.6705 -24.6705 -24.6705 -24.6705 -24.6705 -24.6705 -24.6705 -24.6705 -24.6705 -24.6705 -24.6705 -24.6705 -24.6705 -24.6705 -24.6705 -24.6705 -24.6705 -24.6705 -24.6705 -24.6705 -24.6705 -24.6705 -24.6705 -24.6705 -24.6705 -24.6705 -24.6705 -24.6705 -24.6705 -24.6705 -24.6705 -24.6705 -24.6705 -24.6705</float_array><technique_common><accessor source="#hpl_mixamorigwHeadTop_End-rotx-array" count="40" stride="1" /></technique_common></source>
      <sampler id="hpl_mixamorigwHeadTop_End-trans-sampler"><input semantic="INPUT" source="#hpl_mixamorigwHeadTop_End-time" /><input semantic="OUTPUT" source="#hpl_mixamorigwHeadTop_End-trans" /></sampler><channel source="#hpl_mixamorigwHeadTop_End-trans-sampler" target="mixamorigwHeadTop_End/translate" />
      <sampler id="hpl_mixamorigwHeadTop_End-rotz-sampler"><input semantic="INPUT" source="#hpl_mixamorigwHeadTop_End-time" /><input semantic="OUTPUT" source="#hpl_mixamorigwHeadTop_End-rotz" /></sampler><channel source="#hpl_mixamorigwHeadTop_End-rotz-sampler" target="mixamorigwHeadTop_End/rotateZ.ANGLE" />
      <sampler id="hpl_mixamorigwHeadTop_End-roty-sampler"><input semantic="INPUT" source="#hpl_mixamorigwHeadTop_End-time" /><input semantic="OUTPUT" source="#hpl_mixamorigwHeadTop_End-roty" /></sampler><channel source="#hpl_mixamorigwHeadTop_End-roty-sampler" target="mixamorigwHeadTop_End/rotateY.ANGLE" />
      <sampler id="hpl_mixamorigwHeadTop_End-rotx-sampler"><input semantic="INPUT" source="#hpl_mixamorigwHeadTop_End-time" /><input semantic="OUTPUT" source="#hpl_mixamorigwHeadTop_End-rotx" /></sampler><channel source="#hpl_mixamorigwHeadTop_End-rotx-sampler" target="mixamorigwHeadTop_End/rotateX.ANGLE" />
    </animation>
    <animation id="hpl_mixamorigwHeadFront">
      <source id="hpl_mixamorigwHeadFront-time"><float_array id="hpl_mixamorigwHeadFront-time-array" count="40">0 1 2 3 4 5 6 7 8 9 10 11 12 13 14 15 16 17 18 19 20 21 22 23 24 25 26 27 28 29 30 31 32 33 34 35 36 37 38 39</float_array><technique_common><accessor source="#hpl_mixamorigwHeadFront-time-array" count="40" stride="1" /></technique_common></source>
      <source id="hpl_mixamorigwHeadFront-trans"><float_array id="hpl_mixamorigwHeadFront-trans-array" count="120">-6.45422e-09 0.0827475 0.111256 -6.45422e-09 0.0827475 0.111256 -6.45422e-09 0.0827475 0.111256 -6.45422e-09 0.0827475 0.111256 -6.45422e-09 0.0827475 0.111256 -6.45422e-09 0.0827475 0.111256 -6.45422e-09 0.0827475 0.111256 -6.45422e-09 0.0827475 0.111256 -6.45422e-09 0.0827475 0.111256 -6.45422e-09 0.0827475 0.111256 -6.45422e-09 0.0827475 0.111256 -6.45422e-09 0.0827475 0.111256 -6.45422e-09 0.0827475 0.111256 -6.45422e-09 0.0827475 0.111256 -6.45422e-09 0.0827475 0.111256 -6.45422e-09 0.0827475 0.111256 -6.45422e-09 0.0827475 0.111256 -6.45422e-09 0.0827475 0.111256 -6.45422e-09 0.0827475 0.111256 -6.45422e-09 0.0827475 0.111256 -6.45422e-09 0.0827475 0.111256 -6.45422e-09 0.0827475 0.111256 -6.45422e-09 0.0827475 0.111256 -6.45422e-09 0.0827475 0.111256 -6.45422e-09 0.0827475 0.111256 -6.45422e-09 0.0827475 0.111256 -6.45422e-09 0.0827475 0.111256 -6.45422e-09 0.0827475 0.111256 -6.45422e-09 0.0827475 0.111256 -6.45422e-09 0.0827475 0.111256 -6.45422e-09 0.0827475 0.111256 -6.45422e-09 0.0827475 0.111256 -6.45422e-09 0.0827475 0.111256 -6.45422e-09 0.0827475 0.111256 -6.45422e-09 0.0827475 0.111256 -6.45422e-09 0.0827475 0.111256 -6.45422e-09 0.0827475 0.111256 -6.45422e-09 0.0827475 0.111256 -6.45422e-09 0.0827475 0.111256 -6.45422e-09 0.0827475 0.111256</float_array><technique_common><accessor source="#hpl_mixamorigwHeadFront-trans-array" count="40" stride="3" /></technique_common></source>
      <source id="hpl_mixamorigwHeadFront-rotz"><float_array id="hpl_mixamorigwHeadFront-rotz-array" count="40">6.88863e-06 6.88863e-06 6.88863e-06 6.88863e-06 6.88863e-06 6.88863e-06 6.88863e-06 6.88863e-06 6.88863e-06 6.88863e-06 6.88863e-06 6.88863e-06 6.88863e-06 6.88863e-06 6.88863e-06 6.88863e-06 6.88863e-06 6.88863e-06 6.88863e-06 6.88863e-06 6.88863e-06 6.88863e-06 6.88863e-06 6.88863e-06 6.88863e-06 6.88863e-06 6.88863e-06 6.88863e-06 6.88863e-06 6.88863e-06 6.88863e-06 6.88863e-06 6.88863e-06 6.88863e-06 6.88863e-06 6.88863e-06 6.88863e-06 6.88863e-06 6.88863e-06 6.88863e-06</float_array><technique_common><accessor source="#hpl_mixamorigwHeadFront-rotz-array" count="40" stride="1" /></technique_common></source>
      <source id="hpl_mixamorigwHeadFront-roty"><float_array id="hpl_mixamorigwHeadFront-roty-array" count="40">5.39189e-06 5.39189e-06 5.39189e-06 5.39189e-06 5.39189e-06 5.39189e-06 5.39189e-06 5.39189e-06 5.39189e-06 5.39189e-06 5.39189e-06 5.39189e-06 5.39189e-06 5.39189e-06 5.39189e-06 5.39189e-06 5.39189e-06 5.39189e-06 5.39189e-06 5.39189e-06 5.39189e-06 5.39189e-06 5.39189e-06 5.39189e-06 5.39189e-06 5.39189e-06 5.39189e-06 5.39189e-06 5.39189e-06 5.39189e-06 5.39189e-06 5.39189e-06 5.39189e-06 5.39189e-06 5.39189e-06 5.39189e-06 5.39189e-06 5.39189e-06 5.39189e-06 5.39189e-06</float_array><technique_common><accessor source="#hpl_mixamorigwHeadFront-roty-array" count="40" stride="1" /></technique_common></source>
      <source id="hpl_mixamorigwHeadFront-rotx"><float_array id="hpl_mixamorigwHeadFront-rotx-array" count="40">53.3605 53.3605 53.3605 53.3605 53.3605 53.3605 53.3605 53.3605 53.3605 53.3605 53.3605 53.3605 53.3605 53.3605 53.3605 53.3605 53.3605 53.3605 53.3605 53.3605 53.3605 53.3605 53.3605 53.3605 53.3605 53.3605 53.3605 53.3605 53.3605 53.3605 53.3605 53.3605 53.3605 53.3605 53.3605 53.3605 53.3605 53.3605 53.3605 53.3605</float_array><technique_common><accessor source="#hpl_mixamorigwHeadFront-rotx-array" count="40" stride="1" /></technique_common></source>
      <sampler id="hpl_mixamorigwHeadFront-trans-sampler"><input semantic="INPUT" source="#hpl_mixamorigwHeadFront-time" /><input semantic="OUTPUT" source="#hpl_mixamorigwHeadFront-trans" /></sampler><channel source="#hpl_mixamorigwHeadFront-trans-sampler" target="mixamorigwHeadFront/translate" />
      <sampler id="hpl_mixamorigwHeadFront-rotz-sampler"><input semantic="INPUT" source="#hpl_mixamorigwHeadFront-time" /><input semantic="OUTPUT" source="#hpl_mixamorigwHeadFront-rotz" /></sampler><channel source="#hpl_mixamorigwHeadFront-rotz-sampler" target="mixamorigwHeadFront/rotateZ.ANGLE" />
      <sampler id="hpl_mixamorigwHeadFront-roty-sampler"><input semantic="INPUT" source="#hpl_mixamorigwHeadFront-time" /><input semantic="OUTPUT" source="#hpl_mixamorigwHeadFront-roty" /></sampler><channel source="#hpl_mixamorigwHeadFront-roty-sampler" target="mixamorigwHeadFront/rotateY.ANGLE" />
      <sampler id="hpl_mixamorigwHeadFront-rotx-sampler"><input semantic="INPUT" source="#hpl_mixamorigwHeadFront-time" /><input semantic="OUTPUT" source="#hpl_mixamorigwHeadFront-rotx" /></sampler><channel source="#hpl_mixamorigwHeadFront-rotx-sampler" target="mixamorigwHeadFront/rotateX.ANGLE" />
    </animation>
  </library_animations>
  <scene><instance_visual_scene url="#RootNode" /></scene>
</COLLADA>