<?xml version='1.0' encoding='utf-8'?>
<COLLADA xmlns="http://www.collada.org/2005/11/COLLADASchema" version="1.4.1">
  <asset>
    <contributor><author>hpl_dae_export</author><authoring_tool>Blender 4.2.0</authoring_tool></contributor>
    <unit name="meter" meter="1" />
    <up_axis>Y_UP</up_axis>
  </asset>
  <library_images>
    <image id="fisherman-diffuse-image"><init_from>fisherman.tga</init_from></image>
    <image id="fisherman-emission-image"><init_from>fisherman.tga</init_from></image>
    <image id="fisherman-normal-image"><init_from>fisherman.tga</init_from></image>
  </library_images>
  <library_effects>
    <effect id="fisherman-fx" name="fisherman"><profile_COMMON>
      <newparam sid="fisherman-diffuse-surface"><surface type="2D"><init_from>fisherman-diffuse-image</init_from></surface></newparam>
      <newparam sid="fisherman-diffuse-sampler"><sampler2D><source>fisherman-diffuse-surface</source></sampler2D></newparam>
      <newparam sid="fisherman-emission-surface"><surface type="2D"><init_from>fisherman-emission-image</init_from></surface></newparam>
      <newparam sid="fisherman-emission-sampler"><sampler2D><source>fisherman-emission-surface</source></sampler2D></newparam>
      <technique sid="common"><lambert>
        <diffuse><texture texture="fisherman-diffuse-sampler" texcoord="CHANNEL0" /></diffuse>
      </lambert></technique>
    </profile_COMMON></effect>
  </library_effects>
  <library_materials>
    <material id="fisherman" name="fisherman"><instance_effect url="#fisherman-fx" /></material>
  </library_materials>
  <library_geometries>
    <geometry id="Mesh_0_1" name="Mesh_0"><mesh>
      <source id="Mesh_0_1-vpos"><float_array id="Mesh_0_1-vpos-array" count="9">0.00385356 0.930354 0.00261113 0.0538536 0.930354 0.00261113 0.00385356 0.980354 0.00261113</float_array><technique_common><accessor source="#Mesh_0_1-vpos-array" count="3" stride="3"><param name="X" type="float" /><param name="Y" type="float" /><param name="Z" type="float" /></accessor></technique_common></source>
      <source id="Mesh_0_1-vnrm"><float_array id="Mesh_0_1-vnrm-array" count="9">0 0 1 0 0 1 0 0 1</float_array><technique_common><accessor source="#Mesh_0_1-vnrm-array" count="3" stride="3"><param name="X" type="float" /><param name="Y" type="float" /><param name="Z" type="float" /></accessor></technique_common></source>
      <source id="Mesh_0_1-vuv"><float_array id="Mesh_0_1-vuv-array" count="6">0 0 1 0 0 1</float_array><technique_common><accessor source="#Mesh_0_1-vuv-array" count="3" stride="2"><param name="S" type="float" /><param name="T" type="float" /></accessor></technique_common></source>
      <vertices id="Mesh_0_1-vertices"><input semantic="POSITION" source="#Mesh_0_1-vpos" /></vertices>
      <triangles count="1" material="fisherman"><input semantic="VERTEX" source="#Mesh_0_1-vertices" offset="0" /><input semantic="NORMAL" source="#Mesh_0_1-vnrm" offset="1" /><input semantic="TEXCOORD" source="#Mesh_0_1-vuv" offset="2" /><p>0 0 0 1 1 1 2 2 2</p></triangles>
    </mesh></geometry>
  </library_geometries>
  <library_controllers>
    <controller id="Mesh_0_1-skin" name="skinCluster0"><skin source="#Mesh_0_1">
      <bind_shape_matrix>1 0 0 0 0 1 0 0 0 0 1 0 0 0 0 1</bind_shape_matrix>
      <source id="Mesh_0_1-skin-joints"><Name_array id="Mesh_0_1-skin-joints-array" count="24">mixamorigwHips mixamorigwLeftUpLeg mixamorigwLeftLeg mixamorigwLeftFoot mixamorigwLeftToeBase mixamorigwRightUpLeg mixamorigwRightLeg mixamorigwRightFoot mixamorigwRightToeBase mixamorigwSpine mixamorigwSpine1 mixamorigwSpine2 mixamorigwLeftShoulder mixamorigwLeftArm mixamorigwLeftForeArm mixamorigwLeftHand mixamorigwRightShoulder mixamorigwRightArm mixamorigwRightForeArm mixamorigwRightHand mixamorigwNeck mixamorigwHead mixamorigwHeadTop_End mixamorigwHeadFront</Name_array><technique_common><accessor source="#Mesh_0_1-skin-joints-array" count="24" stride="1"><param name="JOINT" type="Name" /></accessor></technique_common></source>
      <source id="Mesh_0_1-skin-bind_poses"><float_array id="Mesh_0_1-skin-bind_poses-array" count="384">0.995654 -0.0706556 0.0606748 0.0617395 0.0606748 0.986367 0.152966 -0.918304 -0.0706556 -0.14862 0.986367 0.135966 0 0 0 1 0.987506 0.110599 -0.112224 -0.192852 0.112221 -0.993649 0.00820857 0.827625 -0.110608 -0.0207012 -0.993647 0.0319625 0 0 0 1 0.997899 0.0483261 -0.0431039 -0.163572 0.0431003 -0.992444 -0.114879 0.491283 -0.0483345 0.112779 -0.992441 -0.0435519 0 0 0 1 0.991665 0.0401088 -0.122417 -0.164225 0.12242 -0.589332 0.79856 0.0932067 -0.0401169 -0.806894 -0.589331 0.100617 0 0 0 1 0.98845 1.52724e-06 -0.151525 -0.159027 0.151529 1.19894e-06 0.988451 -0.122595 2.89593e-06 -1 -3.83631e-07 0.0450513 0 0 0 1 0.986516 -0.114477 0.11697 0.190951 -0.116969 -0.993028 0.0146532 0.827967 0.114475 -0.0281362 -0.993034 0.0386042 0 0 0 1 0.998801 -0.036863 0.0322266 0.154237 -0.0322263 -0.990438 -0.134143 0.496267 0.0368614 0.132944 -0.990444 -0.0532116 0 0 0 1 0.988978 -0.0470528 0.140387 0.158557 -0.140386 -0.599294 0.788129 0.0982823 0.0470483 -0.799145 -0.599297 0.100404 0 0 0 1 0.984503 3.39753e-06 0.175368 0.152382 -0.175366 -1.36198e-06 0.984509 -0.123749 3.72927e-06 -1 3.91846e-07 0.0442063 0 0 0 1 1 -1.71764e-08 8.57906e-09 -0.00385352 1.86215e-08 0.997908 -0.0646547 -1.05822 -1.37259e-08 0.0646548 0.997908 -0.0627574 0 0 0 1 1 2.1527e-09 -4.36512e-09 -0.00385352 -1.50402e-09 0.997908 -0.0646548 -1.1882 -2.05852e-09 0.0646549 0.997908 -0.0627575 0 0 0 1 0.99999 0.00335532 0.00298499 -0.00821328 -0.00298501 0.993196 -0.116419 -1.31312 -0.00335531 0.116409 0.993196 -0.131139 0 0 0 1 -0.0700626 2.25435e-08 -0.997542 -0.031264 0.997543 -1.94689e-09 -0.0700627 -0.0489319 -8.4671e-09 -1 -1.33846e-07 1.4023 0 0 0 1 -0.0851911 0.217152 -0.972413 -0.331312 0.972412 -0.194591 -0.128646 0.0551895 -0.217158 -0.956545 -0.194584 1.37956 0 0 0 1 0.0745823 -1.93176e-07 -0.997215 -0.110908 0.997215 1.44477e-08 0.0745821 -0.44392 2.52739e-08 -1 6.16613e-08 1.35562 0 0 0 1 0.179607 -0.0446324 -0.982725 -0.123041 0.982725 0.0534658 0.177179 -0.749711 0.0446343 -0.997572 0.0534641 1.32425 0 0 0 1 -0.068226 7.20686e-09 0.99767 0.0317219 -0.99767 -3.81843e-09 -0.0682259 -0.0419469 2.8041e-09 -1 -8.19561e-08 1.39841 0 0 0 1 -0.0941253 -0.218949 0.971186 0.331134 -0.971185 -0.194351 -0.137941 0.0577016 0.218953 -0.956185 -0.194347 1.37493 0 0 0 1 0.0585803 1.64504e-07 0.998283 0.101705 -0.998283 -5.27352e-09 0.0585803 -0.422405 5.23748e-09 -1 8.92534e-08 1.35562 0 0 0 1 0.0154347 -0.00113709 0.99988 0.0734875 -0.99988 -0.00115678 0.0154334 -0.689411 0.00113908 -0.999999 -0.00115489 1.35634 0 0 0 1 1 -4.14051e-10 -3.23964e-09 -0.00385352 1.50156e-09 0.997908 -0.0646546 -1.41306 -2.46922e-09 0.0646547 0.997908 -0.0627573 0 0 0 1 1 -1.63753e-09 2.20176e-09 -0.00385352 -2.71977e-09 0.802406 0.596779 -1.17263 -7.95038e-09 -0.596779 0.802406 0.913761 0 0 0 1 1 1.38458e-10 -6.53129e-10 -0.00385352 -2.9836e-10 0.97826 0.207383 -1.71355 -5.19879e-09 -0.207383 0.97826 0.3409 0 0 0 1 1 1.50996e-07 -1.55926e-09 -0.00385374 -4.24151e-09 1.78814e-07 1 -0.105248 1.50071e-07 -1 -2.34e-16 1.48624 0 0 0 1</float_array><technique_common><accessor count="24" offset="0" source="#Mesh_0_1-skin-bind_poses-array" stride="16"><param name="TRANSFORM" type="float4x4" /></accessor></technique_common></source>
      <source id="Mesh_0_1-skin-weights"><float_array id="Mesh_0_1-skin-weights-array" count="1">1</float_array><technique_common><accessor count="1" offset="0" source="#Mesh_0_1-skin-weights-array" stride="1"><param name="WEIGHT" type="float" /></accessor></technique_common></source>
      <joints><input semantic="JOINT" source="#Mesh_0_1-skin-joints" /><input semantic="INV_BIND_MATRIX" source="#Mesh_0_1-skin-bind_poses" /></joints>
      <vertex_weights count="3"><input semantic="JOINT" source="#Mesh_0_1-skin-joints" offset="0" /><input semantic="WEIGHT" source="#Mesh_0_1-skin-weights" offset="1" /><vcount>1 1 1</vcount><v>0 0 0 0 0 0</v></vertex_weights>
    </skin></controller>
  </library_controllers>
  <library_visual_scenes>
    <visual_scene id="RootNode" name="RootNode">
      <node id="mixamorigwHips" sid="mixamorigwHips" name="mixamorigwHips" type="JOINT">
        <translate sid="translate">0.00385352 0.930354 0.00261113</translate><rotate sid="rotateZ">0 0 1 -4.05913</rotate><rotate sid="rotateY">0 1 0 -3.47855</rotate><rotate sid="rotateX">1 0 0 8.81524</rotate>
        <node id="mixamorigwLeftUpLeg" sid="mixamorigwLeftUpLeg" name="mixamorigwLeftUpLeg" type="JOINT">
          <translate sid="translate">0.102945 -0.0788118 0.00660994</translate><rotate sid="rotateZ">0 0 1 8.90948</rotate><rotate sid="rotateY">0 1 0 11.3563</rotate><rotate sid="rotateX">1 0 0 171.327</rotate>
          <node id="mixamorigwLeftLeg" sid="mixamorigwLeftLeg" name="mixamorigwLeftLeg" type="JOINT">
            <translate sid="translate">-8.13454e-09 0.346171 -1.13726e-08</translate><rotate sid="rotateZ">0 0 1 3.65572</rotate><rotate sid="rotateY">0 1 0 3.93025</rotate><rotate sid="rotateX">1 0 0 7.48303</rotate>
            <node id="mixamorigwLeftFoot" sid="mixamorigwLeftFoot" name="mixamorigwLeftFoot" type="JOINT">
              <translate sid="translate">4.73857e-10 0.360407 -2.52724e-09</translate><rotate sid="rotateZ">0 0 1 0.976944</rotate><rotate sid="rotateY">0 1 0 -4.47872</rotate><rotate sid="rotateX">1 0 0 -60.1761</rotate>
              <node id="mixamorigwLeftToeBase" sid="mixamorigwLeftToeBase" name="mixamorigwLeftToeBase" type="JOINT">
                <translate sid="translate">-1.42157e-09 0.1657 -8.84533e-09</translate><rotate sid="rotateZ">0 0 1 -6.75391e-05</rotate><rotate sid="rotateY">0 1 0 -2.84563</rotate><rotate sid="rotateX">1 0 0 -36.1097</rotate>
              </node>
            </node>
          </node>
        </node>
        <node id="mixamorigwRightUpLeg" sid="mixamorigwRightUpLeg" name="mixamorigwRightUpLeg" type="JOINT">
          <translate sid="translate">-0.0932708 -0.0899162 0.0209563</translate><rotate sid="rotateZ">0 0 1 -2.01931</rotate><rotate sid="rotateY">0 1 0 -3.59382</rotate><rotate sid="rotateX">1 0 0 170.175</rotate>
          <node id="mixamorigwRightLeg" sid="mixamorigwRightLeg" name="mixamorigwRightLeg" type="JOINT">
            <translate sid="translate">4.2963e-08 0.343251 -1.83225e-08</translate><rotate sid="rotateZ">0 0 1 -4.59027</rotate><rotate sid="rotateY">0 1 0 -4.78256</rotate><rotate sid="rotateX">1 0 0 9.08711</rotate>
            <node id="mixamorigwRightFoot" sid="mixamorigwRightFoot" name="mixamorigwRightFoot" type="JOINT">
              <translate sid="translate">-2.29031e-09 0.361137 -1.26362e-09</translate><rotate sid="rotateZ">0 0 1 -0.236323</rotate><rotate sid="rotateY">0 1 0 6.24859</rotate><rotate sid="rotateX">1 0 0 -60.5293</rotate>
              <node id="mixamorigwRightToeBase" sid="mixamorigwRightToeBase" name="mixamorigwRightToeBase" type="JOINT">
                <translate sid="translate">-1.05828e-08 0.170855 -3.79086e-09</translate><rotate sid="rotateZ">0 0 1 -0.000162004</rotate><rotate sid="rotateY">0 1 0 3.36974</rotate><rotate sid="rotateX">1 0 0 -36.8193</rotate>
              </node>
            </node>
          </node>
        </node>
        <node id="mixamorigwSpine" sid="mixamorigwSpine" name="mixamorigwSpine" type="JOINT">
          <translate sid="translate">-0.00967438 0.126653 -0.0275663</translate><rotate sid="rotateZ">0 0 1 3.48727</rotate><rotate sid="rotateY">0 1 0 4.05164</rotate><rotate sid="rotateX">1 0 0 -12.2756</rotate>
          <node id="mixamorigwSpine1" sid="mixamorigwSpine1" name="mixamorigwSpine1" type="JOINT">
            <translate sid="translate">-1.86662e-08 0.129979 -4.9334e-08</translate><rotate sid="rotateZ">0 0 1 1.15311e-06</rotate><rotate sid="rotateY">0 1 0 6.68492e-07</rotate><rotate sid="rotateX">1 0 0 -6.83019e-06</rotate>
            <node id="mixamorigwSpine2" sid="mixamorigwSpine2" name="mixamorigwSpine2" type="JOINT">
              <translate sid="translate">9.64362e-11 0.129979 -7.93255e-12</translate><rotate sid="rotateZ">0 0 1 0.180787</rotate><rotate sid="rotateY">0 1 0 -0.1831</rotate><rotate sid="rotateX">1 0 0 -2.97848</rotate>
              <node id="mixamorigwLeftShoulder" sid="mixamorigwLeftShoulder" name="mixamorigwLeftShoulder" type="JOINT">
                <translate sid="translate">0.0430093 0.083534 -0.00243526</translate><rotate sid="rotateZ">0 0 1 122.121</rotate><rotate sid="rotateY">0 1 0 82.1044</rotate><rotate sid="rotateX">1 0 0 -147.932</rotate>
                <node id="mixamorigwLeftArm" sid="mixamorigwLeftArm" name="mixamorigwLeftArm" type="JOINT">
                  <translate sid="translate">-3.76339e-09 0.171492 1.66141e-07</translate><rotate sid="rotateZ">0 0 1 -0.989201</rotate><rotate sid="rotateY">0 1 0 12.5418</rotate><rotate sid="rotateX">1 0 0 11.4988</rotate>
                  <node id="mixamorigwLeftForeArm" sid="mixamorigwLeftForeArm" name="mixamorigwLeftForeArm" type="JOINT">
                    <translate sid="translate">1.13726e-07 0.239881 1.08671e-07</translate><rotate sid="rotateZ">0 0 1 11.7748</rotate><rotate sid="rotateY">0 1 0 -10.2443</rotate><rotate sid="rotateX">1 0 0 -13.5804</rotate>
                    <node id="mixamorigwLeftHand" sid="mixamorigwLeftHand" name="mixamorigwLeftHand" type="JOINT">
                      <translate sid="translate">-1.00174e-07 0.249492 -2.2856e-07</translate><rotate sid="rotateZ">0 0 1 6.08009</rotate><rotate sid="rotateY">0 1 0 -2.55809</rotate><rotate sid="rotateX">1 0 0 -3.06789</rotate>
                    </node>
                  </node>
                </node>
              </node>
              <node id="mixamorigwRightShoulder" sid="mixamorigwRightShoulder" name="mixamorigwRightShoulder" type="JOINT">
                <translate sid="translate">-0.0433087 0.0799122 -0.00249401</translate><rotate sid="rotateZ">0 0 1 -119.368</rotate><rotate sid="rotateY">0 1 0 -82.3545</rotate><rotate sid="rotateX">1 0 0 -151.042</rotate>
                <node id="mixamorigwRightArm" sid="mixamorigwRightArm" name="mixamorigwRightArm" type="JOINT">
                  <translate sid="translate">-2.55643e-09 0.174561 -1.58538e-07</translate><rotate sid="rotateZ">0 0 1 1.6236</rotate><rotate sid="rotateY">0 1 0 -12.6473</rotate><rotate sid="rotateX">1 0 0 11.4892</rotate>
                  <node id="mixamorigwRightForeArm" sid="mixamorigwRightForeArm" name="mixamorigwRightForeArm" type="JOINT">
                    <translate sid="translate">2.52724e-09 0.220142 -4.16994e-08</translate><rotate sid="rotateZ">0 0 1 -11.4125</rotate><rotate sid="rotateY">0 1 0 10.4389</rotate><rotate sid="rotateX">1 0 0 -13.5228</rotate>
                    <node id="mixamorigwRightHand" sid="mixamorigwRightHand" name="mixamorigwRightHand" type="JOINT">
                      <translate sid="translate">6.45904e-10 0.264825 7.17784e-08</translate><rotate sid="rotateZ">0 0 1 2.47394</rotate><rotate sid="rotateY">0 1 0 -0.0651601</rotate><rotate sid="rotateX">1 0 0 0.0662779</rotate>
                    </node>
                  </node>
                </node>
              </node>
              <node id="mixamorigwNeck" sid="mixamorigwNeck" name="mixamorigwNeck" type="JOINT">
                <translate sid="translate">0.000299392 0.0947565 0.00492932</translate><rotate sid="rotateZ">0 0 1 -0.17103</rotate><rotate sid="rotateY">0 1 0 0.192245</rotate><rotate sid="rotateX">1 0 0 2.97791</rotate>
                <node id="mixamorigwHead" sid="mixamorigwHead" name="mixamorigwHead" type="JOINT">
                  <translate sid="translate">1.24557e-10 0.0722313 -1.01185e-08</translate><rotate sid="rotateZ">0 0 1 -9.01109e-08</rotate><rotate sid="rotateY">0 1 0 -3.06585e-07</rotate><rotate sid="rotateX">1 0 0 40.3466</rotate>
                  <node id="mixamorigwHeadTop_End" sid="mixamorigwHeadTop_End" name="mixamorigwHeadTop_End" type="JOINT">
                    <translate sid="translate">-1.23344e-09 0.242215 -0.111256</translate><rotate sid="rotateZ">0 0 1 -1.59669e-08</rotate><rotate sid="rotateY">0 1 0 1.91978e-07</rotate><rotate sid="rotateX">1 0 0 -24.6705</rotate>
                  </node>
                  <node id="mixamorigwHeadFront" sid="mixamorigwHeadFront" name="mixamorigwHeadFront" type="JOINT">
                    <translate sid="translate">-3.06977e-10 0.0827447 0.111256</translate><rotate sid="rotateZ">0 0 1 6.88864e-06</rotate><rotate sid="rotateY">0 1 0 5.39189e-06</rotate><rotate sid="rotateX">1 0 0 53.3605</rotate>
                  </node>
                </node>
              </node>
            </node>
          </node>
        </node>
      </node>
      <node id="Mesh_0" name="Mesh_0" type="NODE">
        <translate sid="translate">0 0 0</translate><rotate sid="rotateZ">0 0 1 0</rotate><rotate sid="rotateY">0 1 0 -0</rotate><rotate sid="rotateX">1 0 0 -90</rotate><scale sid="scale">100 100 100</scale><instance_controller url="#Mesh_0_1-skin">
          <skeleton>#mixamorigwHips</skeleton>
          <bind_material><technique_common><instance_material symbol="defaultMaterial" target="#%s"><bind_vertex_input semantic="CHANNEL0" input_semantic="TEXCOORD" input_set="0" /></instance_material></technique_common></bind_material>
        </instance_controller>
      </node>
    </visual_scene>
  </library_visual_scenes>
  <library_animations>
    <animation id="hpl_mixamorigwHips">
      <source id="hpl_mixamorigwHips-time"><float_array id="hpl_mixamorigwHips-time-array" count="35">0 1 2 3 4 5 6 7 8 9 10 11 12 13 14 15 16 17 18 19 20 21 22 23 24 25 26 27 28 29 30 31 32 33 34</float_array><technique_common><accessor source="#hpl_mixamorigwHips-time-array" count="35" stride="1" /></technique_common></source>
      <source id="hpl_mixamorigwHips-trans"><float_array id="hpl_mixamorigwHips-trans-array" count="105">0.0123956 0.907462 0.00294007 0.011835 0.914939 0.00091475 0.0117003 0.9213 -0.000603693 0.0119597 0.925183 -0.00359386 0.0125522 0.926257 -0.00796425 0.0129034 0.920565 -0.0122882 0.0131625 0.910118 -0.016999 0.0135815 0.911525 -0.0214923 0.0139309 0.905083 -0.0235681 0.0147267 0.895566 -0.0247997 0.0159004 0.886086 -0.0254733 0.0169382 0.879256 -0.0247284 0.0180105 0.877952 -0.0211409 0.0190899 0.876983 -0.0165631 0.0201243 0.873485 -0.00903446 0.0216933 0.881784 -0.00262207 0.0238189 0.893253 0.00129594 0.0256919 0.899469 0.000819897 0.0273587 0.906859 -0.000682106 0.0285758 0.913741 -0.00245884 0.0290788 0.918752 -0.00345171 0.029227 0.920783 -0.00565694 0.0296426 0.919306 -0.0123256 0.0291742 0.914892 -0.0172999 0.0285349 0.909519 -0.0209922 0.0270534 0.901874 -0.0226443 0.026012 0.893726 -0.0228385 0.0252701 0.884248 -0.0247963 0.0246016 0.876879 -0.0258043 0.0229802 0.873922 -0.0230849 0.0207278 0.873247 -0.0157444 0.0182229 0.882491 -0.00573067 0.0157317 0.88827 0.00120116 0.0135908 0.898276 0.00415839 0.0123956 0.907462 0.00294007</float_array><technique_common><accessor source="#hpl_mixamorigwHips-trans-array" count="35" stride="3" /></technique_common></source>
      <source id="hpl_mixamorigwHips-rotz"><float_array id="hpl_mixamorigwHips-rotz-array" count="35">-7.11929 -7.02483 -6.57916 -5.93324 -5.3124 -4.88203 -4.68835 -4.71926 -4.86907 -5.05558 -5.17687 -5.02917 -4.15067 -2.98548 -1.95726 -1.14775 -0.432357 0.058475 0.0867372 -0.257531 -0.840745 -1.53042 -2.11154 -2.43771 -2.45202 -2.16799 -1.88852 -1.7458 -1.79305 -2.48151 -3.70741 -4.87922 -5.7562 -6.47134 -7.11929</float_array><technique_common><accessor source="#hpl_mixamorigwHips-rotz-array" count="35" stride="1" /></technique_common></source>
      <source id="hpl_mixamorigwHips-roty"><float_array id="hpl_mixamorigwHips-roty-array" count="35">-3.01559 -3.26933 -3.67419 -4.15737 -4.62768 -4.98737 -5.20471 -5.33808 -5.50518 -5.63489 -5.63205 -5.38551 -4.95263 -4.41373 -3.87938 -3.6433 -3.82752 -4.21656 -4.58052 -4.68736 -4.40346 -3.76938 -2.97753 -2.27062 -1.72348 -1.3536 -1.20125 -1.29174 -1.53387 -1.77367 -2.01086 -2.33066 -2.60959 -2.69652 -3.01559</float_array><technique_common><accessor source="#hpl_mixamorigwHips-roty-array" count="35" stride="1" /></technique_common></source>
      <source id="hpl_mixamorigwHips-rotx"><float_array id="hpl_mixamorigwHips-rotx-array" count="35">11.1067 10.2805 9.37949 8.54045 7.9431 7.66367 7.66293 7.8736 8.20478 8.75099 9.50847 10.0664 10.8794 11.6345 11.5549 10.785 9.74669 8.69945 7.67178 6.81147 6.29145 6.12605 6.22462 6.58386 7.14828 7.94605 9.07848 10.0115 10.8068 11.8329 12.7258 12.6095 11.6226 10.5628 11.1067</float_array><technique_common><accessor source="#hpl_mixamorigwHips-rotx-array" count="35" stride="1" /></technique_common></source>
      <sampler id="hpl_mixamorigwHips-trans-sampler"><input semantic="INPUT" source="#hpl_mixamorigwHips-time" /><input semantic="OUTPUT" source="#hpl_mixamorigwHips-trans" /></sampler><channel source="#hpl_mixamorigwHips-trans-sampler" target="mixamorigwHips/translate" />
      <sampler id="hpl_mixamorigwHips-rotz-sampler"><input semantic="INPUT" source="#hpl_mixamorigwHips-time" /><input semantic="OUTPUT" source="#hpl_mixamorigwHips-rotz" /></sampler><channel source="#hpl_mixamorigwHips-rotz-sampler" target="mixamorigwHips/rotateZ.ANGLE" />
      <sampler id="hpl_mixamorigwHips-roty-sampler"><input semantic="INPUT" source="#hpl_mixamorigwHips-time" /><input semantic="OUTPUT" source="#hpl_mixamorigwHips-roty" /></sampler><channel source="#hpl_mixamorigwHips-roty-sampler" target="mixamorigwHips/rotateY.ANGLE" />
      <sampler id="hpl_mixamorigwHips-rotx-sampler"><input semantic="INPUT" source="#hpl_mixamorigwHips-time" /><input semantic="OUTPUT" source="#hpl_mixamorigwHips-rotx" /></sampler><channel source="#hpl_mixamorigwHips-rotx-sampler" target="mixamorigwHips/rotateX.ANGLE" />
    </animation>
    <animation id="hpl_mixamorigwLeftUpLeg">
      <source id="hpl_mixamorigwLeftUpLeg-time"><float_array id="hpl_mixamorigwLeftUpLeg-time-array" count="35">0 1 2 3 4 5 6 7 8 9 10 11 12 13 14 15 16 17 18 19 20 21 22 23 24 25 26 27 28 29 30 31 32 33 34</float_array><technique_common><accessor source="#hpl_mixamorigwLeftUpLeg-time-array" count="35" stride="1" /></technique_common></source>
      <source id="hpl_mixamorigwLeftUpLeg-trans"><float_array id="hpl_mixamorigwLeftUpLeg-trans-array" count="105">0.102945 -0.0788121 0.00660996 0.102945 -0.0788121 0.00660996 0.102945 -0.0788121 0.00660996 0.102945 -0.0788121 0.00660996 0.102945 -0.0788121 0.00660996 0.102945 -0.0788121 0.00660996 0.102945 -0.0788121 0.00660996 0.102945 -0.0788121 0.00660996 0.102945 -0.0788121 0.00660996 0.102945 -0.0788121 0.00660996 0.102945 -0.0788121 0.00660996 0.102945 -0.0788121 0.00660996 0.102945 -0.0788121 0.00660996 0.102945 -0.0788121 0.00660996 0.102945 -0.0788121 0.00660996 0.102945 -0.0788121 0.00660996 0.102945 -0.0788121 0.00660996 0.102945 -0.0788121 0.00660996 0.102945 -0.0788121 0.00660996 0.102945 -0.0788121 0.00660996 0.102945 -0.0788121 0.00660996 0.102945 -0.0788121 0.00660996 0.102945 -0.0788121 0.00660996 0.102945 -0.0788121 0.00660996 0.102945 -0.0788121 0.00660996 0.102945 -0.0788121 0.00660996 0.102945 -0.0788121 0.00660996 0.102945 -0.0788121 0.00660996 0.102945 -0.0788121 0.00660996 0.102945 -0.0788121 0.00660996 0.102945 -0.0788121 0.00660996 0.102945 -0.0788121 0.00660996 0.102945 -0.0788121 0.00660996 0.102945 -0.0788121 0.00660996 0.102945 -0.0788121 0.00660996</float_array><technique_common><accessor source="#hpl_mixamorigwLeftUpLeg-trans-array" count="35" stride="3" /></technique_common></source>
      <source id="hpl_mixamorigwLeftUpLeg-rotz"><float_array id="hpl_mixamorigwLeftUpLeg-rotz-array" count="35">7.64119 6.31573 4.60099 2.81834 1.36094 0.35435 -0.216902 -0.327464 0.0736592 0.764583 0.827698 -0.140954 -1.77024 -3.54116 -5.03468 -6.24955 -6.94797 -7.12387 -6.62906 -5.72952 -4.6489 -3.48769 -2.60559 -1.88765 -1.39235 -1.00868 -0.726306 -0.415806 0.0601533 1.36411 3.3709 5.10261 6.44386 7.35692 7.64119</float_array><technique_common><accessor source="#hpl_mixamorigwLeftUpLeg-rotz-array" count="35" stride="1" /></technique_common></source>
      <source id="hpl_mixamorigwLeftUpLeg-roty"><float_array id="hpl_mixamorigwLeftUpLeg-roty-array" count="35">16.2219 15.4232 14.3326 13.0561 11.8695 11.02 10.5691 10.2991 9.76825 8.53125 7.43695 7.44735 6.97831 5.96328 5.22524 5.44798 5.77691 6.0888 6.15192 6.07482 6.11014 6.29617 6.50226 6.85576 7.60916 8.83496 10.2771 11.0565 10.9244 11.3198 12.5538 13.7025 14.7199 15.1944 16.2219</float_array><technique_common><accessor source="#hpl_mixamorigwLeftUpLeg-roty-array" count="35" stride="1" /></technique_common></source>
      <source id="hpl_mixamorigwLeftUpLeg-rotx"><float_array id="hpl_mixamorigwLeftUpLeg-rotx-array" count="35">170.422 164.41 158.833 153.792 149.397 145.93 143.926 143.786 145.561 146.293 143.874 143.391 143.018 140.412 138.664 139.636 143.051 147.563 152.941 158.546 163.837 168.208 170.961 173.3 175.93 179.041 182.706 184.858 187.38 189.943 190.914 188.974 184.596 178.46 170.422</float_array><technique_common><accessor source="#hpl_mixamorigwLeftUpLeg-rotx-array" count="35" stride="1" /></technique_common></source>
      <sampler id="hpl_mixamorigwLeftUpLeg-trans-sampler"><input semantic="INPUT" source="#hpl_mixamorigwLeftUpLeg-time" /><input semantic="OUTPUT" source="#hpl_mixamorigwLeftUpLeg-trans" /></sampler><channel source="#hpl_mixamorigwLeftUpLeg-trans-sampler" target="mixamorigwLeftUpLeg/translate" />
      <sampler id="hpl_mixamorigwLeftUpLeg-rotz-sampler"><input semantic="INPUT" source="#hpl_mixamorigwLeftUpLeg-time" /><input semantic="OUTPUT" source="#hpl_mixamorigwLeftUpLeg-rotz" /></sampler><channel source="#hpl_mixamorigwLeftUpLeg-rotz-sampler" target="mixamorigwLeftUpLeg/rotateZ.ANGLE" />
      <sampler id="hpl_mixamorigwLeftUpLeg-roty-sampler"><input semantic="INPUT" source="#hpl_mixamorigwLeftUpLeg-time" /><input semantic="OUTPUT" source="#hpl_mixamorigwLeftUpLeg-roty" /></sampler><channel source="#hpl_mixamorigwLeftUpLeg-roty-sampler" target="mixamorigwLeftUpLeg/rotateY.ANGLE" />
      <sampler id="hpl_mixamorigwLeftUpLeg-rotx-sampler"><input semantic="INPUT" source="#hpl_mixamorigwLeftUpLeg-time" /><input semantic="OUTPUT" source="#hpl_mixamorigwLeftUpLeg-rotx" /></sampler><channel source="#hpl_mixamorigwLeftUpLeg-rotx-sampler" target="mixamorigwLeftUpLeg/rotateX.ANGLE" />
    </animation>
    <animation id="hpl_mixamorigwLeftLeg">
      <source id="hpl_mixamorigwLeftLeg-time"><float_array id="hpl_mixamorigwLeftLeg-time-array" count="35">0 1 2 3 4 5 6 7 8 9 10 11 12 13 14 15 16 17 18 19 20 21 22 23 24 25 26 27 28 29 30 31 32 33 34</float_array><technique_common><accessor source="#hpl_mixamorigwLeftLeg-time-array" count="35" stride="1" /></technique_common></source>
      <source id="hpl_mixamorigwLeftLeg-trans"><float_array id="hpl_mixamorigwLeftLeg-trans-array" count="105">7.46331e-08 0.346171 -6.20323e-08 7.46331e-08 0.346171 -6.20323e-08 7.46331e-08 0.346171 -6.20323e-08 7.46331e-08 0.346171 -6.20323e-08 7.46331e-08 0.346171 -6.20323e-08 7.46331e-08 0.346171 -6.20323e-08 7.46331e-08 0.346171 -6.20323e-08 7.46331e-08 0.346171 -6.20323e-08 7.46331e-08 0.346171 -6.20323e-08 7.46331e-08 0.346171 -6.20323e-08 7.46331e-08 0.346171 -6.20323e-08 7.46331e-08 0.346171 -6.20323e-08 7.46331e-08 0.346171 -6.20323e-08 7.46331e-08 0.346171 -6.20323e-08 7.46331e-08 0.346171 -6.20323e-08 7.46331e-08 0.346171 -6.20323e-08 7.46331e-08 0.346171 -6.20323e-08 7.46331e-08 0.346171 -6.20323e-08 7.46331e-08 0.346171 -6.20323e-08 7.46331e-08 0.346171 -6.20323e-08 7.46331e-08 0.346171 -6.20323e-08 7.46331e-08 0.346171 -6.20323e-08 7.46331e-08 0.346171 -6.20323e-08 7.46331e-08 0.346171 -6.20323e-08 7.46331e-08 0.346171 -6.20323e-08 7.46331e-08 0.346171 -6.20323e-08 7.46331e-08 0.346171 -6.20323e-08 7.46331e-08 0.346171 -6.20323e-08 7.46331e-08 0.346171 -6.20323e-08 7.46331e-08 0.346171 -6.20323e-08 7.46331e-08 0.346171 -6.20323e-08 7.46331e-08 0.346171 -6.20323e-08 7.46331e-08 0.346171 -6.20323e-08 7.46331e-08 0.346171 -6.20323e-08 7.46331e-08 0.346171 -6.20323e-08</float_array><technique_common><accessor source="#hpl_mixamorigwLeftLeg-trans-array" count="35" stride="3" /></technique_common></source>
      <source id="hpl_mixamorigwLeftLeg-rotz"><float_array id="hpl_mixamorigwLeftLeg-rotz-array" count="35">-2.42591 -2.50771 -2.55369 -2.59967 -2.58935 -2.41637 -2.06455 -1.44407 -0.565008 0.00234588 0.0648811 0.013218 -0.038815 -0.499778 -1.143 -1.43511 -1.54605 -1.51422 -1.39512 -1.21048 -1.04289 -0.896808 -0.850723 -0.84444 -0.847658 -0.849441 -0.702023 -0.668718 -0.715714 -0.715865 -0.884254 -1.30859 -1.67419 -2.06114 -2.42591</float_array><technique_common><accessor source="#hpl_mixamorigwLeftLeg-rotz-array" count="35" stride="1" /></technique_common></source>
      <source id="hpl_mixamorigwLeftLeg-roty"><float_array id="hpl_mixamorigwLeftLeg-roty-array" count="35">6.11338 6.17838 5.9717 5.66003 5.31981 4.96805 4.53097 4.03759 3.61978 3.55882 3.57566 3.44652 3.30705 3.22628 3.43184 3.5889 3.7082 3.69997 3.66353 3.6494 3.65886 3.73274 3.81889 3.88433 3.96359 4.04426 4.0241 3.92204 3.85714 3.92106 4.15362 4.44273 4.84374 5.27845 6.11338</float_array><technique_common><accessor source="#hpl_mixamorigwLeftLeg-roty-array" count="35" stride="1" /></technique_common></source>
      <source id="hpl_mixamorigwLeftLeg-rotx"><float_array id="hpl_mixamorigwLeftLeg-rotx-array" count="35">62.1326 68.6838 71.6271 71.069 66.9757 59.3004 47.9973 32.9174 15.2065 1.62081 -1.61535 -1.61984 1.61797 9.5464 19.2119 26.299 28.9669 28.8586 26.8613 23.9438 20.9241 18.6184 18.2481 18.3832 17.7118 15.9408 12.1647 12.0856 11.9085 11.1632 13.3301 22.1667 35.3381 49.0382 62.1326</float_array><technique_common><accessor source="#hpl_mixamorigwLeftLeg-rotx-array" count="35" stride="1" /></technique_common></source>
      <sampler id="hpl_mixamorigwLeftLeg-trans-sampler"><input semantic="INPUT" source="#hpl_mixamorigwLeftLeg-time" /><input semantic="OUTPUT" source="#hpl_mixamorigwLeftLeg-trans" /></sampler><channel source="#hpl_mixamorigwLeftLeg-trans-sampler" target="mixamorigwLeftLeg/translate" />
      <sampler id="hpl_mixamorigwLeftLeg-rotz-sampler"><input semantic="INPUT" source="#hpl_mixamorigwLeftLeg-time" /><input semantic="OUTPUT" source="#hpl_mixamorigwLeftLeg-rotz" /></sampler><channel source="#hpl_mixamorigwLeftLeg-rotz-sampler" target="mixamorigwLeftLeg/rotateZ.ANGLE" />
      <sampler id="hpl_mixamorigwLeftLeg-roty-sampler"><input semantic="INPUT" source="#hpl_mixamorigwLeftLeg-time" /><input semantic="OUTPUT" source="#hpl_mixamorigwLeftLeg-roty" /></sampler><channel source="#hpl_mixamorigwLeftLeg-roty-sampler" target="mixamorigwLeftLeg/rotateY.ANGLE" />
      <sampler id="hpl_mixamorigwLeftLeg-rotx-sampler"><input semantic="INPUT" source="#hpl_mixamorigwLeftLeg-time" /><input semantic="OUTPUT" source="#hpl_mixamorigwLeftLeg-rotx" /></sampler><channel source="#hpl_mixamorigwLeftLeg-rotx-sampler" target="mixamorigwLeftLeg/rotateX.ANGLE" />
    </animation>
    <animation id="hpl_mixamorigwLeftFoot">
      <source id="hpl_mixamorigwLeftFoot-time"><float_array id="hpl_mixamorigwLeftFoot-time-array" count="35">0 1 2 3 4 5 6 7 8 9 10 11 12 13 14 15 16 17 18 19 20 21 22 23 24 25 26 27 28 29 30 31 32 33 34</float_array><technique_common><accessor source="#hpl_mixamorigwLeftFoot-time-array" count="35" stride="1" /></technique_common></source>
      <source id="hpl_mixamorigwLeftFoot-trans"><float_array id="hpl_mixamorigwLeftFoot-trans-array" count="105">-2.24152e-08 0.360407 -7.27795e-09 -2.24152e-08 0.360407 -7.27795e-09 -2.24152e-08 0.360407 -7.27795e-09 -2.24152e-08 0.360407 -7.27795e-09 -2.24152e-08 0.360407 -7.27795e-09 -2.24152e-08 0.360407 -7.27795e-09 -2.24152e-08 0.360407 -7.27795e-09 -2.24152e-08 0.360407 -7.27795e-09 -2.24152e-08 0.360407 -7.27795e-09 -2.24152e-08 0.360407 -7.27795e-09 -2.24152e-08 0.360407 -7.27795e-09 -2.24152e-08 0.360407 -7.27795e-09 -2.24152e-08 0.360407 -7.27795e-09 -2.24152e-08 0.360407 -7.27795e-09 -2.24152e-08 0.360407 -7.27795e-09 -2.24152e-08 0.360407 -7.27795e-09 -2.24152e-08 0.360407 -7.27795e-09 -2.24152e-08 0.360407 -7.27795e-09 -2.24152e-08 0.360407 -7.27795e-09 -2.24152e-08 0.360407 -7.27795e-09 -2.24152e-08 0.360407 -7.27795e-09 -2.24152e-08 0.360407 -7.27795e-09 -2.24152e-08 0.360407 -7.27795e-09 -2.24152e-08 0.360407 -7.27795e-09 -2.24152e-08 0.360407 -7.27795e-09 -2.24152e-08 0.360407 -7.27795e-09 -2.24152e-08 0.360407 -7.27795e-09 -2.24152e-08 0.360407 -7.27795e-09 -2.24152e-08 0.360407 -7.27795e-09 -2.24152e-08 0.360407 -7.27795e-09 -2.24152e-08 0.360407 -7.27795e-09 -2.24152e-08 0.360407 -7.27795e-09 -2.24152e-08 0.360407 -7.27795e-09 -2.24152e-08 0.360407 -7.27795e-09 -2.24152e-08 0.360407 -7.27795e-09</float_array><technique_common><accessor source="#hpl_mixamorigwLeftFoot-trans-array" count="35" stride="3" /></technique_common></source>
      <source id="hpl_mixamorigwLeftFoot-rotz"><float_array id="hpl_mixamorigwLeftFoot-rotz-array" count="35">-5.96326 -7.45824 -8.04423 -7.62076 -6.30987 -4.83223 -3.79452 -3.45481 -3.27008 -2.33718 -0.880624 -0.822759 -3.67225 -5.14747 -4.76043 -5.11647 -5.30749 -5.33002 -5.24898 -5.20481 -5.12599 -4.95171 -4.72511 -4.24684 -3.67272 -3.07109 -3.14547 -3.08648 -3.11245 -3.25467 -3.59008 -4.72009 -6.07683 -5.91443 -5.96326</float_array><technique_common><accessor source="#hpl_mixamorigwLeftFoot-rotz-array" count="35" stride="1" /></technique_common></source>
      <source id="hpl_mixamorigwLeftFoot-roty"><float_array id="hpl_mixamorigwLeftFoot-roty-array" count="35">0.82189 -1.3926 -2.6277 -2.89648 -2.82291 -2.97216 -3.18393 -3.3711 -3.08899 -3.41061 -5.19127 -5.49721 -4.98407 -4.39122 -3.93996 -3.61822 -4.11638 -5.13534 -6.26007 -7.04155 -7.17562 -6.93174 -6.71047 -6.4343 -5.78468 -4.51969 -2.865 -2.17466 -2.21551 -1.75166 -0.976756 -0.351077 0.699007 1.99533 0.82189</float_array><technique_common><accessor source="#hpl_mixamorigwLeftFoot-roty-array" count="35" stride="1" /></technique_common></source>
      <source id="hpl_mixamorigwLeftFoot-rotx"><float_array id="hpl_mixamorigwLeftFoot-rotx-array" count="35">-38.9903 -43.2154 -47.1034 -49.7482 -51.3786 -52.2895 -52.1486 -50.7793 -49.3289 -50.8766 -54.9195 -55.4504 -49.9869 -43.8362 -45.2989 -50.9917 -56.0872 -59.4508 -61.7182 -63.4191 -65.0925 -67.0388 -69.4281 -72.2589 -74.8458 -77.1605 -78.6315 -79.7725 -78.3019 -75.0883 -70.0854 -62.2681 -51.9481 -42.4307 -38.9903</float_array><technique_common><accessor source="#hpl_mixamorigwLeftFoot-rotx-array" count="35" stride="1" /></technique_common></source>
      <sampler id="hpl_mixamorigwLeftFoot-trans-sampler"><input semantic="INPUT" source="#hpl_mixamorigwLeftFoot-time" /><input semantic="OUTPUT" source="#hpl_mixamorigwLeftFoot-trans" /></sampler><channel source="#hpl_mixamorigwLeftFoot-trans-sampler" target="mixamorigwLeftFoot/translate" />
      <sampler id="hpl_mixamorigwLeftFoot-rotz-sampler"><input semantic="INPUT" source="#hpl_mixamorigwLeftFoot-time" /><input semantic="OUTPUT" source="#hpl_mixamorigwLeftFoot-rotz" /></sampler><channel source="#hpl_mixamorigwLeftFoot-rotz-sampler" target="mixamorigwLeftFoot/rotateZ.ANGLE" />
      <sampler id="hpl_mixamorigwLeftFoot-roty-sampler"><input semantic="INPUT" source="#hpl_mixamorigwLeftFoot-time" /><input semantic="OUTPUT" source="#hpl_mixamorigwLeftFoot-roty" /></sampler><channel source="#hpl_mixamorigwLeftFoot-roty-sampler" target="mixamorigwLeftFoot/rotateY.ANGLE" />
      <sampler id="hpl_mixamorigwLeftFoot-rotx-sampler"><input semantic="INPUT" source="#hpl_mixamorigwLeftFoot-time" /><input semantic="OUTPUT" source="#hpl_mixamorigwLeftFoot-rotx" /></sampler><channel source="#hpl_mixamorigwLeftFoot-rotx-sampler" target="mixamorigwLeftFoot/rotateX.ANGLE" />
    </animation>
    <animation id="hpl_mixamorigwLeftToeBase">
      <source id="hpl_mixamorigwLeftToeBase-time"><float_array id="hpl_mixamorigwLeftToeBase-time-array" count="35">0 1 2 3 4 5 6 7 8 9 10 11 12 13 14 15 16 17 18 19 20 21 22 23 24 25 26 27 28 29 30 31 32 33 34</float_array><technique_common><accessor source="#hpl_mixamorigwLeftToeBase-time-array" count="35" stride="1" /></technique_common></source>
      <source id="hpl_mixamorigwLeftToeBase-trans"><float_array id="hpl_mixamorigwLeftToeBase-trans-array" count="105">-1.32832e-07 0.1657 1.50747e-07 -1.32832e-07 0.1657 1.50747e-07 -1.32832e-07 0.1657 1.50747e-07 -1.32832e-07 0.1657 1.50747e-07 -1.32832e-07 0.1657 1.50747e-07 -1.32832e-07 0.1657 1.50747e-07 -1.32832e-07 0.1657 1.50747e-07 -1.32832e-07 0.1657 1.50747e-07 -1.32832e-07 0.1657 1.50747e-07 -1.32832e-07 0.1657 1.50747e-07 -1.32832e-07 0.1657 1.50747e-07 -1.32832e-07 0.1657 1.50747e-07 -1.32832e-07 0.1657 1.50747e-07 -1.32832e-07 0.1657 1.50747e-07 -1.32832e-07 0.1657 1.50747e-07 -1.32832e-07 0.1657 1.50747e-07 -1.32832e-07 0.1657 1.50747e-07 -1.32832e-07 0.1657 1.50747e-07 -1.32832e-07 0.1657 1.50747e-07 -1.32832e-07 0.1657 1.50747e-07 -1.32832e-07 0.1657 1.50747e-07 -1.32832e-07 0.1657 1.50747e-07 -1.32832e-07 0.1657 1.50747e-07 -1.32832e-07 0.1657 1.50747e-07 -1.32832e-07 0.1657 1.50747e-07 -1.32832e-07 0.1657 1.50747e-07 -1.32832e-07 0.1657 1.50747e-07 -1.32832e-07 0.1657 1.50747e-07 -1.32832e-07 0.1657 1.50747e-07 -1.32832e-07 0.1657 1.50747e-07 -1.32832e-07 0.1657 1.50747e-07 -1.32832e-07 0.1657 1.50747e-07 -1.32832e-07 0.1657 1.50747e-07 -1.32832e-07 0.1657 1.50747e-07 -1.32832e-07 0.1657 1.50747e-07</float_array><technique_common><accessor source="#hpl_mixamorigwLeftToeBase-trans-array" count="35" stride="3" /></technique_common></source>
      <source id="hpl_mixamorigwLeftToeBase-rotz"><float_array id="hpl_mixamorigwLeftToeBase-rotz-array" count="35">0.850971 0.893153 0.941013 0.956788 0.96621 1.00295 1.05787 1.08218 1.09648 1.13235 1.08021 1.20917 1.1889 0.973342 0.899392 0.834028 0.777901 0.722201 0.669111 0.666194 0.710502 0.760644 0.771458 0.754839 0.717772 0.630824 0.589393 0.661627 0.810869 1.06433 1.68723 2.66625 2.93025 1.53345 0.850971</float_array><technique_common><accessor source="#hpl_mixamorigwLeftToeBase-rotz-array" count="35" stride="1" /></technique_common></source>
      <source id="hpl_mixamorigwLeftToeBase-roty"><float_array id="hpl_mixamorigwLeftToeBase-roty-array" count="35">-0.681182 -0.738111 -0.830932 -0.905326 -0.927978 -0.898957 -0.809771 -0.705316 -0.762317 -0.964391 -1.05361 -1.0885 -1.0333 -0.83063 -0.67688 -0.556826 -0.528715 -0.49919 -0.49346 -0.472828 -0.443202 -0.403473 -0.369372 -0.351317 -0.366388 -0.404219 -0.432935 -0.452675 -0.665131 -1.08361 -1.57763 -2.29481 -2.55089 -1.52217 -0.681182</float_array><technique_common><accessor source="#hpl_mixamorigwLeftToeBase-roty-array" count="35" stride="1" /></technique_common></source>
      <source id="hpl_mixamorigwLeftToeBase-rotx"><float_array id="hpl_mixamorigwLeftToeBase-rotx-array" count="35">-41.22 -41.0374 -41.0693 -41.1095 -41.2857 -41.3815 -41.1505 -40.4392 -40.2131 -40.7385 -40.9674 -41.3065 -41.4797 -40.2669 -39.2217 -38.0749 -37.7764 -37.4413 -37.1859 -37.0467 -37.0418 -37.0438 -36.9753 -36.9136 -36.9032 -36.8073 -36.9651 -37.5539 -39.3084 -42.7454 -48.8295 -58.4035 -61.8508 -48.9971 -41.22</float_array><technique_common><accessor source="#hpl_mixamorigwLeftToeBase-rotx-array" count="35" stride="1" /></technique_common></source>
      <sampler id="hpl_mixamorigwLeftToeBase-trans-sampler"><input semantic="INPUT" source="#hpl_mixamorigwLeftToeBase-time" /><input semantic="OUTPUT" source="#hpl_mixamorigwLeftToeBase-trans" /></sampler><channel source="#hpl_mixamorigwLeftToeBase-trans-sampler" target="mixamorigwLeftToeBase/translate" />
      <sampler id="hpl_mixamorigwLeftToeBase-rotz-sampler"><input semantic="INPUT" source="#hpl_mixamorigwLeftToeBase-time" /><input semantic="OUTPUT" source="#hpl_mixamorigwLeftToeBase-rotz" /></sampler><channel source="#hpl_mixamorigwLeftToeBase-rotz-sampler" target="mixamorigwLeftToeBase/rotateZ.ANGLE" />
      <sampler id="hpl_mixamorigwLeftToeBase-roty-sampler"><input semantic="INPUT" source="#hpl_mixamorigwLeftToeBase-time" /><input semantic="OUTPUT" source="#hpl_mixamorigwLeftToeBase-roty" /></sampler><channel source="#hpl_mixamorigwLeftToeBase-roty-sampler" target="mixamorigwLeftToeBase/rotateY.ANGLE" />
      <sampler id="hpl_mixamorigwLeftToeBase-rotx-sampler"><input semantic="INPUT" source="#hpl_mixamorigwLeftToeBase-time" /><input semantic="OUTPUT" source="#hpl_mixamorigwLeftToeBase-rotx" /></sampler><channel source="#hpl_mixamorigwLeftToeBase-rotx-sampler" target="mixamorigwLeftToeBase/rotateX.ANGLE" />
    </animation>
    <animation id="hpl_mixamorigwRightUpLeg">
      <source id="hpl_mixamorigwRightUpLeg-time"><float_array id="hpl_mixamorigwRightUpLeg-time-array" count="35">0 1 2 3 4 5 6 7 8 9 10 11 12 13 14 15 16 17 18 19 20 21 22 23 24 25 26 27 28 29 30 31 32 33 34</float_array><technique_common><accessor source="#hpl_mixamorigwRightUpLeg-time-array" count="35" stride="1" /></technique_common></source>
      <source id="hpl_mixamorigwRightUpLeg-trans"><float_array id="hpl_mixamorigwRightUpLeg-trans-array" count="105">-0.0932709 -0.0899167 0.0209565 -0.0932709 -0.0899167 0.0209565 -0.0932709 -0.0899167 0.0209565 -0.0932709 -0.0899167 0.0209565 -0.0932709 -0.0899167 0.0209565 -0.0932709 -0.0899167 0.0209565 -0.0932709 -0.0899167 0.0209565 -0.0932709 -0.0899167 0.0209565 -0.0932709 -0.0899167 0.0209565 -0.0932709 -0.0899167 0.0209565 -0.0932709 -0.0899167 0.0209565 -0.0932709 -0.0899167 0.0209565 -0.0932709 -0.0899167 0.0209565 -0.0932709 -0.0899167 0.0209565 -0.0932709 -0.0899167 0.0209565 -0.0932709 -0.0899167 0.0209565 -0.0932709 -0.0899167 0.0209565 -0.0932709 -0.0899167 0.0209565 -0.0932709 -0.0899167 0.0209565 -0.0932709 -0.0899167 0.0209565 -0.0932709 -0.0899167 0.0209565 -0.0932709 -0.0899167 0.0209565 -0.0932709 -0.0899167 0.0209565 -0.0932709 -0.0899167 0.0209565 -0.0932709 -0.0899167 0.0209565 -0.0932709 -0.0899167 0.0209565 -0.0932709 -0.0899167 0.0209565 -0.0932709 -0.0899167 0.0209565 -0.0932709 -0.0899167 0.0209565 -0.0932709 -0.0899167 0.0209565 -0.0932709 -0.0899167 0.0209565 -0.0932709 -0.0899167 0.0209565 -0.0932709 -0.0899167 0.0209565 -0.0932709 -0.0899167 0.0209565 -0.0932709 -0.0899167 0.0209565</float_array><technique_common><accessor source="#hpl_mixamorigwRightUpLeg-trans-array" count="35" stride="3" /></technique_common></source>
      <source id="hpl_mixamorigwRightUpLeg-rotz"><float_array id="hpl_mixamorigwRightUpLeg-rotz-array" count="35">14.377 14.0374 13.0263 11.6446 10.2953 9.32647 8.68552 8.31798 7.86588 7.39865 6.71118 5.8297 4.07998 2.41048 1.11911 0.0228503 -0.783582 -0.828886 -0.0382519 1.26733 2.80319 4.25229 5.23702 5.39494 4.68388 3.29354 3.20569 5.2254 7.17405 8.82305 10.347 11.4286 12.3292 13.2641 14.377</float_array><technique_common><accessor source="#hpl_mixamorigwRightUpLeg-rotz-array" count="35" stride="1" /></technique_common></source>
      <source id="hpl_mixamorigwRightUpLeg-roty"><float_array id="hpl_mixamorigwRightUpLeg-roty-array" count="35">-1.71733 -2.72905 -3.46246 -3.68069 -3.58822 -3.38756 -3.20831 -3.2834 -3.95366 -5.18373 -6.28191 -6.8102 -7.79927 -8.97101 -9.81068 -9.98567 -9.45519 -8.35126 -7.26152 -6.25786 -5.17698 -4.02473 -2.96286 -2.02808 -1.29069 -1.02429 -1.52065 -2.53365 -3.57165 -3.32175 -1.32072 0.579824 1.51731 1.50111 -1.71733</float_array><technique_common><accessor source="#hpl_mixamorigwRightUpLeg-roty-array" count="35" stride="1" /></technique_common></source>
      <source id="hpl_mixamorigwRightUpLeg-rotx"><float_array id="hpl_mixamorigwRightUpLeg-rotx-array" count="35">147.937 153.295 158.94 164.203 168.865 172.964 176.652 179.732 183.467 186.555 189.097 191.824 193.797 192.831 189.845 185.522 179.974 173.701 167.322 161.155 155.283 149.844 145.445 142.839 142.609 144.312 144.266 140.316 140.196 141.849 138.537 137.766 139.867 143.451 147.937</float_array><technique_common><accessor source="#hpl_mixamorigwRightUpLeg-rotx-array" count="35" stride="1" /></technique_common></source>
      <sampler id="hpl_mixamorigwRightUpLeg-trans-sampler"><input semantic="INPUT" source="#hpl_mixamorigwRightUpLeg-time" /><input semantic="OUTPUT" source="#hpl_mixamorigwRightUpLeg-trans" /></sampler><channel source="#hpl_mixamorigwRightUpLeg-trans-sampler" target="mixamorigwRightUpLeg/translate" />
      <sampler id="hpl_mixamorigwRightUpLeg-rotz-sampler"><input semantic="INPUT" source="#hpl_mixamorigwRightUpLeg-time" /><input semantic="OUTPUT" source="#hpl_mixamorigwRightUpLeg-rotz" /></sampler><channel source="#hpl_mixamorigwRightUpLeg-rotz-sampler" target="mixamorigwRightUpLeg/rotateZ.ANGLE" />
      <sampler id="hpl_mixamorigwRightUpLeg-roty-sampler"><input semantic="INPUT" source="#hpl_mixamorigwRightUpLeg-time" /><input semantic="OUTPUT" source="#hpl_mixamorigwRightUpLeg-roty" /></sampler><channel source="#hpl_mixamorigwRightUpLeg-roty-sampler" target="mixamorigwRightUpLeg/rotateY.ANGLE" />
      <sampler id="hpl_mixamorigwRightUpLeg-rotx-sampler"><input semantic="INPUT" source="#hpl_mixamorigwRightUpLeg-time" /><input semantic="OUTPUT" source="#hpl_mixamorigwRightUpLeg-rotx" /></sampler><channel source="#hpl_mixamorigwRightUpLeg-rotx-sampler" target="mixamorigwRightUpLeg/rotateX.ANGLE" />
    </animation>
    <animation id="hpl_mixamorigwRightLeg">
      <source id="hpl_mixamorigwRightLeg-time"><float_array id="hpl_mixamorigwRightLeg-time-array" count="35">0 1 2 3 4 5 6 7 8 9 10 11 12 13 14 15 16 17 18 19 20 21 22 23 24 25 26 27 28 29 30 31 32 33 34</float_array><technique_common><accessor source="#hpl_mixamorigwRightLeg-time-array" count="35" stride="1" /></technique_common></source>
      <source id="hpl_mixamorigwRightLeg-trans"><float_array id="hpl_mixamorigwRightLeg-trans-array" count="105">7.06192e-07 0.343251 5.33909e-10 7.06192e-07 0.343251 5.33909e-10 7.06192e-07 0.343251 5.33909e-10 7.06192e-07 0.343251 5.33909e-10 7.06192e-07 0.343251 5.33909e-10 7.06192e-07 0.343251 5.33909e-10 7.06192e-07 0.343251 5.33909e-10 7.06192e-07 0.343251 5.33909e-10 7.06192e-07 0.343251 5.33909e-10 7.06192e-07 0.343251 5.33909e-10 7.06192e-07 0.343251 5.33909e-10 7.06192e-07 0.343251 5.33909e-10 7.06192e-07 0.343251 5.33909e-10 7.06192e-07 0.343251 5.33909e-10 7.06192e-07 0.343251 5.33909e-10 7.06192e-07 0.343251 5.33909e-10 7.06192e-07 0.343251 5.33909e-10 7.06192e-07 0.343251 5.33909e-10 7.06192e-07 0.343251 5.33909e-10 7.06192e-07 0.343251 5.33909e-10 7.06192e-07 0.343251 5.33909e-10 7.06192e-07 0.343251 5.33909e-10 7.06192e-07 0.343251 5.33909e-10 7.06192e-07 0.343251 5.33909e-10 7.06192e-07 0.343251 5.33909e-10 7.06192e-07 0.343251 5.33909e-10 7.06192e-07 0.343251 5.33909e-10 7.06192e-07 0.343251 5.33909e-10 7.06192e-07 0.343251 5.33909e-10 7.06192e-07 0.343251 5.33909e-10 7.06192e-07 0.343251 5.33909e-10 7.06192e-07 0.343251 5.33909e-10 7.06192e-07 0.343251 5.33909e-10 7.06192e-07 0.343251 5.33909e-10 7.06192e-07 0.343251 5.33909e-10</float_array><technique_common><accessor source="#hpl_mixamorigwRightLeg-trans-array" count="35" stride="3" /></technique_common></source>
      <source id="hpl_mixamorigwRightLeg-rotz"><float_array id="hpl_mixamorigwRightLeg-rotz-array" count="35">1.09012 1.07135 0.924118 0.701971 0.518883 0.438613 0.434165 0.452573 0.346063 0.318282 0.292881 0.280831 0.325531 0.562134 0.915057 1.12175 1.45334 1.75183 1.85506 1.88001 1.90458 1.91851 1.86557 1.64993 1.13983 0.465574 0.0722709 0.108618 0.0197408 0.0123777 0.214858 0.566593 0.864345 1.02268 1.09012</float_array><technique_common><accessor source="#hpl_mixamorigwRightLeg-rotz-array" count="35" stride="1" /></technique_common></source>
      <source id="hpl_mixamorigwRightLeg-roty"><float_array id="hpl_mixamorigwRightLeg-roty-array" count="35">-4.88146 -4.8274 -4.74428 -4.67304 -4.66173 -4.65963 -4.60004 -4.44612 -4.28721 -4.36699 -4.41691 -4.49276 -4.66078 -4.91082 -5.17608 -5.48483 -5.88889 -6.33649 -6.48751 -6.3622 -6.11442 -5.81063 -5.57322 -5.40037 -5.15707 -4.9332 -4.95016 -5.12202 -5.14746 -5.24982 -5.34652 -5.22483 -4.99898 -4.85379 -4.88146</float_array><technique_common><accessor source="#hpl_mixamorigwRightLeg-roty-array" count="35" stride="1" /></technique_common></source>
      <source id="hpl_mixamorigwRightLeg-rotx"><float_array id="hpl_mixamorigwRightLeg-rotx-array" count="35">28.1244 25.431 22.2967 19.4798 17.0299 15.1235 13.3502 12.493 10.4087 9.33813 8.85394 8.29969 8.58462 14.1157 24.0843 35.9015 48.0695 59.2262 67.5868 72.1222 72.865 69.8313 62.9611 51.7802 35.3919 15.6486 1.6129 1.60742 1.61885 1.61956 12.0992 21.0154 26.954 29.4179 28.1244</float_array><technique_common><accessor source="#hpl_mixamorigwRightLeg-rotx-array" count="35" stride="1" /></technique_common></source>
      <sampler id="hpl_mixamorigwRightLeg-trans-sampler"><input semantic="INPUT" source="#hpl_mixamorigwRightLeg-time" /><input semantic="OUTPUT" source="#hpl_mixamorigwRightLeg-trans" /></sampler><channel source="#hpl_mixamorigwRightLeg-trans-sampler" target="mixamorigwRightLeg/translate" />
      <sampler id="hpl_mixamorigwRightLeg-rotz-sampler"><input semantic="INPUT" source="#hpl_mixamorigwRightLeg-time" /><input semantic="OUTPUT" source="#hpl_mixamorigwRightLeg-rotz" /></sampler><channel source="#hpl_mixamorigwRightLeg-rotz-sampler" target="mixamorigwRightLeg/rotateZ.ANGLE" />
      <sampler id="hpl_mixamorigwRightLeg-roty-sampler"><input semantic="INPUT" source="#hpl_mixamorigwRightLeg-time" /><input semantic="OUTPUT" source="#hpl_mixamorigwRightLeg-roty" /></sampler><channel source="#hpl_mixamorigwRightLeg-roty-sampler" target="mixamorigwRightLeg/rotateY.ANGLE" />
      <sampler id="hpl_mixamorigwRightLeg-rotx-sampler"><input semantic="INPUT" source="#hpl_mixamorigwRightLeg-time" /><input semantic="OUTPUT" source="#hpl_mixamorigwRightLeg-rotx" /></sampler><channel source="#hpl_mixamorigwRightLeg-rotx-sampler" target="mixamorigwRightLeg/rotateX.ANGLE" />
    </animation>
    <animation id="hpl_mixamorigwRightFoot">
      <source id="hpl_mixamorigwRightFoot-time"><float_array id="hpl_mixamorigwRightFoot-time-array" count="35">0 1 2 3 4 5 6 7 8 9 10 11 12 13 14 15 16 17 18 19 20 21 22 23 24 25 26 27 28 29 30 31 32 33 34</float_array><technique_common><accessor source="#hpl_mixamorigwRightFoot-time-array" count="35" stride="1" /></technique_common></source>
      <source id="hpl_mixamorigwRightFoot-trans"><float_array id="hpl_mixamorigwRightFoot-trans-array" count="105">-1.23877e-07 0.361137 -2.12505e-07 -1.23877e-07 0.361137 -2.12505e-07 -1.23877e-07 0.361137 -2.12505e-07 -1.23877e-07 0.361137 -2.12505e-07 -1.23877e-07 0.361137 -2.12505e-07 -1.23877e-07 0.361137 -2.12505e-07 -1.23877e-07 0.361137 -2.12505e-07 -1.23877e-07 0.361137 -2.12505e-07 -1.23877e-07 0.361137 -2.12505e-07 -1.23877e-07 0.361137 -2.12505e-07 -1.23877e-07 0.361137 -2.12505e-07 -1.23877e-07 0.361137 -2.12505e-07 -1.23877e-07 0.361137 -2.12505e-07 -1.23877e-07 0.361137 -2.12505e-07 -1.23877e-07 0.361137 -2.12505e-07 -1.23877e-07 0.361137 -2.12505e-07 -1.23877e-07 0.361137 -2.12505e-07 -1.23877e-07 0.361137 -2.12505e-07 -1.23877e-07 0.361137 -2.12505e-07 -1.23877e-07 0.361137 -2.12505e-07 -1.23877e-07 0.361137 -2.12505e-07 -1.23877e-07 0.361137 -2.12505e-07 -1.23877e-07 0.361137 -2.12505e-07 -1.23877e-07 0.361137 -2.12505e-07 -1.23877e-07 0.361137 -2.12505e-07 -1.23877e-07 0.361137 -2.12505e-07 -1.23877e-07 0.361137 -2.12505e-07 -1.23877e-07 0.361137 -2.12505e-07 -1.23877e-07 0.361137 -2.12505e-07 -1.23877e-07 0.361137 -2.12505e-07 -1.23877e-07 0.361137 -2.12505e-07 -1.23877e-07 0.361137 -2.12505e-07 -1.23877e-07 0.361137 -2.12505e-07 -1.23877e-07 0.361137 -2.12505e-07 -1.23877e-07 0.361137 -2.12505e-07</float_array><technique_common><accessor source="#hpl_mixamorigwRightFoot-trans-array" count="35" stride="3" /></technique_common></source>
      <source id="hpl_mixamorigwRightFoot-rotz"><float_array id="hpl_mixamorigwRightFoot-rotz-array" count="35">4.28542 3.88448 3.34049 2.71967 2.13308 1.64955 1.26525 0.83397 0.59023 0.207626 -0.522657 -0.82748 -1.53018 -1.80304 -1.42452 -1.36008 -3.04703 -2.70354 -0.169679 2.52343 4.03796 4.28328 3.6592 2.9315 3.38118 4.02044 2.1868 -1.34816 -2.14671 0.448599 3.3571 4.83178 4.54968 4.25184 4.28542</float_array><technique_common><accessor source="#hpl_mixamorigwRightFoot-rotz-array" count="35" stride="1" /></technique_common></source>
      <source id="hpl_mixamorigwRightFoot-roty"><float_array id="hpl_mixamorigwRightFoot-roty-array" count="35">12.0865 11.523 11.1191 11.0024 11.0855 11.3164 11.5662 11.6296 11.0717 10.2049 9.12496 8.74406 8.01926 7.33746 6.42207 4.81793 3.99008 5.63094 9.6155 13.55 15.9471 17.0024 17.4558 17.961 18.1601 16.3278 15.1913 15.7723 15.2227 13.824 13.027 13.4772 14.2087 14.2451 12.0865</float_array><technique_common><accessor source="#hpl_mixamorigwRightFoot-roty-array" count="35" stride="1" /></technique_common></source>
      <source id="hpl_mixamorigwRightFoot-rotx"><float_array id="hpl_mixamorigwRightFoot-rotx-array" count="35">-59.4113 -61.3695 -63.0531 -64.6956 -66.409 -68.3881 -70.4302 -72.9516 -75.0315 -76.7638 -77.6388 -75.7591 -71.9167 -67.2846 -59.689 -48.8253 -38.3248 -36.3758 -40.4466 -44.7613 -48.1233 -50.4772 -51.8915 -51.7081 -49.9716 -47.7663 -47.9405 -52.4224 -51.2163 -44.9559 -41.7523 -43.3588 -50.3227 -55.3316 -59.4113</float_array><technique_common><accessor source="#hpl_mixamorigwRightFoot-rotx-array" count="35" stride="1" /></technique_common></source>
      <sampler id="hpl_mixamorigwRightFoot-trans-sampler"><input semantic="INPUT" source="#hpl_mixamorigwRightFoot-time" /><input semantic="OUTPUT" source="#hpl_mixamorigwRightFoot-trans" /></sampler><channel source="#hpl_mixamorigwRightFoot-trans-sampler" target="mixamorigwRightFoot/translate" />
      <sampler id="hpl_mixamorigwRightFoot-rotz-sampler"><input semantic="INPUT" source="#hpl_mixamorigwRightFoot-time" /><input semantic="OUTPUT" source="#hpl_mixamorigwRightFoot-rotz" /></sampler><channel source="#hpl_mixamorigwRightFoot-rotz-sampler" target="mixamorigwRightFoot/rotateZ.ANGLE" />
      <sampler id="hpl_mixamorigwRightFoot-roty-sampler"><input semantic="INPUT" source="#hpl_mixamorigwRightFoot-time" /><input semantic="OUTPUT" source="#hpl_mixamorigwRightFoot-roty" /></sampler><channel source="#hpl_mixamorigwRightFoot-roty-sampler" target="mixamorigwRightFoot/rotateY.ANGLE" />
      <sampler id="hpl_mixamorigwRightFoot-rotx-sampler"><input semantic="INPUT" source="#hpl_mixamorigwRightFoot-time" /><input semantic="OUTPUT" source="#hpl_mixamorigwRightFoot-rotx" /></sampler><channel source="#hpl_mixamorigwRightFoot-rotx-sampler" target="mixamorigwRightFoot/rotateX.ANGLE" />
    </animation>
    <animation id="hpl_mixamorigwRightToeBase">
      <source id="hpl_mixamorigwRightToeBase-time"><float_array id="hpl_mixamorigwRightToeBase-time-array" count="35">0 1 2 3 4 5 6 7 8 9 10 11 12 13 14 15 16 17 18 19 20 21 22 23 24 25 26 27 28 29 30 31 32 33 34</float_array><technique_common><accessor source="#hpl_mixamorigwRightToeBase-time-array" count="35" stride="1" /></technique_common></source>
      <source id="hpl_mixamorigwRightToeBase-trans"><float_array id="hpl_mixamorigwRightToeBase-trans-array" count="105">-5.86781e-07 0.170855 -2.20829e-08 -5.86781e-07 0.170855 -2.20829e-08 -5.86781e-07 0.170855 -2.20829e-08 -5.86781e-07 0.170855 -2.20829e-08 -5.86781e-07 0.170855 -2.20829e-08 -5.86781e-07 0.170855 -2.20829e-08 -5.86781e-07 0.170855 -2.20829e-08 -5.86781e-07 0.170855 -2.20829e-08 -5.86781e-07 0.170855 -2.20829e-08 -5.86781e-07 0.170855 -2.20829e-08 -5.86781e-07 0.170855 -2.20829e-08 -5.86781e-07 0.170855 -2.20829e-08 -5.86781e-07 0.170855 -2.20829e-08 -5.86781e-07 0.170855 -2.20829e-08 -5.86781e-07 0.170855 -2.20829e-08 -5.86781e-07 0.170855 -2.20829e-08 -5.86781e-07 0.170855 -2.20829e-08 -5.86781e-07 0.170855 -2.20829e-08 -5.86781e-07 0.170855 -2.20829e-08 -5.86781e-07 0.170855 -2.20829e-08 -5.86781e-07 0.170855 -2.20829e-08 -5.86781e-07 0.170855 -2.20829e-08 -5.86781e-07 0.170855 -2.20829e-08 -5.86781e-07 0.170855 -2.20829e-08 -5.86781e-07 0.170855 -2.20829e-08 -5.86781e-07 0.170855 -2.20829e-08 -5.86781e-07 0.170855 -2.20829e-08 -5.86781e-07 0.170855 -2.20829e-08 -5.86781e-07 0.170855 -2.20829e-08 -5.86781e-07 0.170855 -2.20829e-08 -5.86781e-07 0.170855 -2.20829e-08 -5.86781e-07 0.170855 -2.20829e-08 -5.86781e-07 0.170855 -2.20829e-08 -5.86781e-07 0.170855 -2.20829e-08 -5.86781e-07 0.170855 -2.20829e-08</float_array><technique_common><accessor source="#hpl_mixamorigwRightToeBase-trans-array" count="35" stride="3" /></technique_common></source>
      <source id="hpl_mixamorigwRightToeBase-rotz"><float_array id="hpl_mixamorigwRightToeBase-rotz-array" count="35">0.0303888 0.00908654 -0.0429561 -0.101296 -0.117925 -0.0882381 -0.0411939 0.00381822 0.0453723 0.073489 0.0420237 -0.182158 -0.735098 -1.61214 -2.76007 -2.93385 -1.08468 -0.345642 -0.267836 -0.2564 -0.262181 -0.32933 -0.454549 -0.541584 -0.560431 -0.650058 -0.633658 -0.623663 -0.733056 -0.764399 -0.629262 -0.264612 -0.0511212 -0.0298762 0.0303888</float_array><technique_common><accessor source="#hpl_mixamorigwRightToeBase-rotz-array" count="35" stride="1" /></technique_common></source>
      <source id="hpl_mixamorigwRightToeBase-roty"><float_array id="hpl_mixamorigwRightToeBase-roty-array" count="35">1.97092 1.90777 1.83932 1.77056 1.68958 1.60615 1.56575 1.59974 1.69127 1.79447 1.9483 2.14986 2.64603 3.39289 4.18189 4.36362 3.0646 2.15293 2.02339 2.02372 2.05503 2.11684 2.17903 2.20214 2.13128 2.17641 2.27593 2.33308 2.34871 2.36392 2.32198 2.17697 2.04613 1.99339 1.97092</float_array><technique_common><accessor source="#hpl_mixamorigwRightToeBase-roty-array" count="35" stride="1" /></technique_common></source>
      <source id="hpl_mixamorigwRightToeBase-rotx"><float_array id="hpl_mixamorigwRightToeBase-rotx-array" count="35">-38.6141 -38.4521 -38.3616 -38.2579 -37.9483 -37.4698 -37.1041 -37.0588 -37.3129 -37.8175 -38.628 -40.3585 -44.6849 -51.5561 -60.1481 -62.0025 -47.6487 -40.8817 -40.3429 -40.475 -40.6956 -41.1617 -41.7834 -41.9706 -41.5052 -41.5278 -41.6168 -41.5865 -42.0757 -42.8056 -42.4787 -40.5297 -39.1682 -38.8473 -38.6141</float_array><technique_common><accessor source="#hpl_mixamorigwRightToeBase-rotx-array" count="35" stride="1" /></technique_common></source>
      <sampler id="hpl_mixamorigwRightToeBase-trans-sampler"><input semantic="INPUT" source="#hpl_mixamorigwRightToeBase-time" /><input semantic="OUTPUT" source="#hpl_mixamorigwRightToeBase-trans" /></sampler><channel source="#hpl_mixamorigwRightToeBase-trans-sampler" target="mixamorigwRightToeBase/translate" />
      <sampler id="hpl_mixamorigwRightToeBase-rotz-sampler"><input semantic="INPUT" source="#hpl_mixamorigwRightToeBase-time" /><input semantic="OUTPUT" source="#hpl_mixamorigwRightToeBase-rotz" /></sampler><channel source="#hpl_mixamorigwRightToeBase-rotz-sampler" target="mixamorigwRightToeBase/rotateZ.ANGLE" />
      <sampler id="hpl_mixamorigwRightToeBase-roty-sampler"><input semantic="INPUT" source="#hpl_mixamorigwRightToeBase-time" /><input semantic="OUTPUT" source="#hpl_mixamorigwRightToeBase-roty" /></sampler><channel source="#hpl_mixamorigwRightToeBase-roty-sampler" target="mixamorigwRightToeBase/rotateY.ANGLE" />
      <sampler id="hpl_mixamorigwRightToeBase-rotx-sampler"><input semantic="INPUT" source="#hpl_mixamorigwRightToeBase-time" /><input semantic="OUTPUT" source="#hpl_mixamorigwRightToeBase-rotx" /></sampler><channel source="#hpl_mixamorigwRightToeBase-rotx-sampler" target="mixamorigwRightToeBase/rotateX.ANGLE" />
    </animation>
    <animation id="hpl_mixamorigwSpine">
      <source id="hpl_mixamorigwSpine-time"><float_array id="hpl_mixamorigwSpine-time-array" count="35">0 1 2 3 4 5 6 7 8 9 10 11 12 13 14 15 16 17 18 19 20 21 22 23 24 25 26 27 28 29 30 31 32 33 34</float_array><technique_common><accessor source="#hpl_mixamorigwSpine-time-array" count="35" stride="1" /></technique_common></source>
      <source id="hpl_mixamorigwSpine-trans"><float_array id="hpl_mixamorigwSpine-trans-array" count="105">-0.00967459 0.126655 -0.0275668 -0.00967459 0.126655 -0.0275668 -0.00967459 0.126655 -0.0275668 -0.00967459 0.126655 -0.0275668 -0.00967459 0.126655 -0.0275668 -0.00967459 0.126655 -0.0275668 -0.00967459 0.126655 -0.0275668 -0.00967459 0.126655 -0.0275668 -0.00967459 0.126655 -0.0275668 -0.00967459 0.126655 -0.0275668 -0.00967459 0.126655 -0.0275668 -0.00967459 0.126655 -0.0275668 -0.00967459 0.126655 -0.0275668 -0.00967459 0.126655 -0.0275668 -0.00967459 0.126655 -0.0275668 -0.00967459 0.126655 -0.0275668 -0.00967459 0.126655 -0.0275668 -0.00967459 0.126655 -0.0275668 -0.00967459 0.126655 -0.0275668 -0.00967459 0.126655 -0.0275668 -0.00967459 0.126655 -0.0275668 -0.00967459 0.126655 -0.0275668 -0.00967459 0.126655 -0.0275668 -0.00967459 0.126655 -0.0275668 -0.00967459 0.126655 -0.0275668 -0.00967459 0.126655 -0.0275668 -0.00967459 0.126655 -0.0275668 -0.00967459 0.126655 -0.0275668 -0.00967459 0.126655 -0.0275668 -0.00967459 0.126655 -0.0275668 -0.00967459 0.126655 -0.0275668 -0.00967459 0.126655 -0.0275668 -0.00967459 0.126655 -0.0275668 -0.00967459 0.126655 -0.0275668 -0.00967459 0.126655 -0.0275668</float_array><technique_common><accessor source="#hpl_mixamorigwSpine-trans-array" count="35" stride="3" /></technique_common></source>
      <source id="hpl_mixamorigwSpine-rotz"><float_array id="hpl_mixamorigwSpine-rotz-array" count="35">6.08481 6.24009 6.11072 5.78606 5.4749 5.35796 5.49178 5.89376 6.41727 6.84398 7.0497 6.79503 5.30976 3.73964 2.76516 2.06607 1.42721 0.957154 0.921726 1.04598 1.20759 1.39268 1.43781 1.20145 0.651122 -0.133733 -0.64301 -0.776601 -0.528932 0.645634 2.24217 3.31709 4.05406 4.79952 6.08481</float_array><technique_common><accessor source="#hpl_mixamorigwSpine-rotz-array" count="35" stride="1" /></technique_common></source>
      <source id="hpl_mixamorigwSpine-roty"><float_array id="hpl_mixamorigwSpine-roty-array" count="35">4.34466 4.50113 4.58278 4.66274 4.77989 4.85342 4.88381 4.91244 5.00218 5.0908 5.22105 5.14078 4.88374 4.43212 4.0598 3.89346 3.86435 3.72611 3.56852 3.42381 3.22792 2.91137 2.55806 2.38537 2.44059 2.4422 2.39523 2.50615 2.52434 2.64134 3.04255 3.44095 3.76162 3.962 4.34466</float_array><technique_common><accessor source="#hpl_mixamorigwSpine-roty-array" count="35" stride="1" /></technique_common></source>
      <source id="hpl_mixamorigwSpine-rotx"><float_array id="hpl_mixamorigwSpine-rotx-array" count="35">-11.558 -11.1854 -10.7187 -10.2086 -9.77578 -9.53553 -9.46102 -9.47625 -9.4785 -9.6449 -10.0783 -10.4515 -11.3043 -12.0955 -12.3646 -12.2327 -11.9213 -11.6428 -11.3034 -10.8557 -10.382 -9.94143 -9.58984 -9.39364 -9.33277 -9.47441 -9.8794 -10.1144 -10.4534 -11.331 -12.3289 -12.7982 -12.5301 -12.0595 -11.558</float_array><technique_common><accessor source="#hpl_mixamorigwSpine-rotx-array" count="35" stride="1" /></technique_common></source>
      <sampler id="hpl_mixamorigwSpine-trans-sampler"><input semantic="INPUT" source="#hpl_mixamorigwSpine-time" /><input semantic="OUTPUT" source="#hpl_mixamorigwSpine-trans" /></sampler><channel source="#hpl_mixamorigwSpine-trans-sampler" target="mixamorigwSpine/translate" />
      <sampler id="hpl_mixamorigwSpine-rotz-sampler"><input semantic="INPUT" source="#hpl_mixamorigwSpine-time" /><input semantic="OUTPUT" source="#hpl_mixamorigwSpine-rotz" /></sampler><channel source="#hpl_mixamorigwSpine-rotz-sampler" target="mixamorigwSpine/rotateZ.ANGLE" />
      <sampler id="hpl_mixamorigwSpine-roty-sampler"><input semantic="INPUT" source="#hpl_mixamorigwSpine-time" /><input semantic="OUTPUT" source="#hpl_mixamorigwSpine-roty" /></sampler><channel source="#hpl_mixamorigwSpine-roty-sampler" target="mixamorigwSpine/rotateY.ANGLE" />
      <sampler id="hpl_mixamorigwSpine-rotx-sampler"><input semantic="INPUT" source="#hpl_mixamorigwSpine-time" /><input semantic="OUTPUT" source="#hpl_mixamorigwSpine-rotx" /></sampler><channel source="#hpl_mixamorigwSpine-rotx-sampler" target="mixamorigwSpine/rotateX.ANGLE" />
    </animation>
    <animation id="hpl_mixamorigwSpine1">
      <source id="hpl_mixamorigwSpine1-time"><float_array id="hpl_mixamorigwSpine1-time-array" count="35">0 1 2 3 4 5 6 7 8 9 10 11 12 13 14 15 16 17 18 19 20 21 22 23 24 25 26 27 28 29 30 31 32 33 34</float_array><technique_common><accessor source="#hpl_mixamorigwSpine1-time-array" count="35" stride="1" /></technique_common></source>
      <source id="hpl_mixamorigwSpine1-trans"><float_array id="hpl_mixamorigwSpine1-trans-array" count="105">-2.3181e-08 0.12998 -1.90221e-08 -2.3181e-08 0.12998 -1.90221e-08 -2.3181e-08 0.12998 -1.90221e-08 -2.3181e-08 0.12998 -1.90221e-08 -2.3181e-08 0.12998 -1.90221e-08 -2.3181e-08 0.12998 -1.90221e-08 -2.3181e-08 0.12998 -1.90221e-08 -2.3181e-08 0.12998 -1.90221e-08 -2.3181e-08 0.12998 -1.90221e-08 -2.3181e-08 0.12998 -1.90221e-08 -2.3181e-08 0.12998 -1.90221e-08 -2.3181e-08 0.12998 -1.90221e-08 -2.3181e-08 0.12998 -1.90221e-08 -2.3181e-08 0.12998 -1.90221e-08 -2.3181e-08 0.12998 -1.90221e-08 -2.3181e-08 0.12998 -1.90221e-08 -2.3181e-08 0.12998 -1.90221e-08 -2.3181e-08 0.12998 -1.90221e-08 -2.3181e-08 0.12998 -1.90221e-08 -2.3181e-08 0.12998 -1.90221e-08 -2.3181e-08 0.12998 -1.90221e-08 -2.3181e-08 0.12998 -1.90221e-08 -2.3181e-08 0.12998 -1.90221e-08 -2.3181e-08 0.12998 -1.90221e-08 -2.3181e-08 0.12998 -1.90221e-08 -2.3181e-08 0.12998 -1.90221e-08 -2.3181e-08 0.12998 -1.90221e-08 -2.3181e-08 0.12998 -1.90221e-08 -2.3181e-08 0.12998 -1.90221e-08 -2.3181e-08 0.12998 -1.90221e-08 -2.3181e-08 0.12998 -1.90221e-08 -2.3181e-08 0.12998 -1.90221e-08 -2.3181e-08 0.12998 -1.90221e-08 -2.3181e-08 0.12998 -1.90221e-08 -2.3181e-08 0.12998 -1.90221e-08</float_array><technique_common><accessor source="#hpl_mixamorigwSpine1-trans-array" count="35" stride="3" /></technique_common></source>
      <source id="hpl_mixamorigwSpine1-rotz"><float_array id="hpl_mixamorigwSpine1-rotz-array" count="35">-0.0446478 -0.0811436 -0.157882 -0.225409 -0.261377 -0.247894 -0.2037 -0.145664 -0.0920348 -0.0020616 0.0922779 0.0795576 -0.0514764 -0.363418 -0.742056 -0.974983 -1.1288 -1.21057 -1.2063 -1.18047 -1.13763 -1.05668 -0.982682 -0.988035 -1.09936 -1.25815 -1.36814 -1.474 -1.51225 -1.37742 -1.09582 -0.804378 -0.539336 -0.32853 -0.0446478</float_array><technique_common><accessor source="#hpl_mixamorigwSpine1-rotz-array" count="35" stride="1" /></technique_common></source>
      <source id="hpl_mixamorigwSpine1-roty"><float_array id="hpl_mixamorigwSpine1-roty-array" count="35">-2.52242 -1.89419 -1.07161 -0.265854 0.447373 1.05308 1.48281 1.81658 2.19854 2.52419 2.49097 2.38027 2.2818 2.3568 2.57003 2.64223 2.46962 2.20332 1.77376 1.07266 0.161715 -0.758669 -1.61969 -2.36377 -2.97299 -3.33405 -3.24313 -3.09579 -3.03904 -3.20895 -3.23013 -3.3053 -3.24646 -3.15174 -2.52242</float_array><technique_common><accessor source="#hpl_mixamorigwSpine1-roty-array" count="35" stride="1" /></technique_common></source>
      <source id="hpl_mixamorigwSpine1-rotx"><float_array id="hpl_mixamorigwSpine1-rotx-array" count="35">-10.5284 -10.3834 -10.1515 -9.9178 -9.76988 -9.70846 -9.70934 -9.73486 -9.82571 -9.94852 -10.0564 -10.2858 -10.7011 -11.0494 -11.1652 -11.0438 -10.974 -10.8676 -10.637 -10.3234 -10.0311 -9.80509 -9.64215 -9.56988 -9.56556 -9.67648 -9.87075 -9.95822 -10.1233 -10.449 -10.7924 -10.9188 -10.8091 -10.6432 -10.5284</float_array><technique_common><accessor source="#hpl_mixamorigwSpine1-rotx-array" count="35" stride="1" /></technique_common></source>
      <sampler id="hpl_mixamorigwSpine1-trans-sampler"><input semantic="INPUT" source="#hpl_mixamorigwSpine1-time" /><input semantic="OUTPUT" source="#hpl_mixamorigwSpine1-trans" /></sampler><channel source="#hpl_mixamorigwSpine1-trans-sampler" target="mixamorigwSpine1/translate" />
      <sampler id="hpl_mixamorigwSpine1-rotz-sampler"><input semantic="INPUT" source="#hpl_mixamorigwSpine1-time" /><input semantic="OUTPUT" source="#hpl_mixamorigwSpine1-rotz" /></sampler><channel source="#hpl_mixamorigwSpine1-rotz-sampler" target="mixamorigwSpine1/rotateZ.ANGLE" />
      <sampler id="hpl_mixamorigwSpine1-roty-sampler"><input semantic="INPUT" source="#hpl_mixamorigwSpine1-time" /><input semantic="OUTPUT" source="#hpl_mixamorigwSpine1-roty" /></sampler><channel source="#hpl_mixamorigwSpine1-roty-sampler" target="mixamorigwSpine1/rotateY.ANGLE" />
      <sampler id="hpl_mixamorigwSpine1-rotx-sampler"><input semantic="INPUT" source="#hpl_mixamorigwSpine1-time" /><input semantic="OUTPUT" source="#hpl_mixamorigwSpine1-rotx" /></sampler><channel source="#hpl_mixamorigwSpine1-rotx-sampler" target="mixamorigwSpine1/rotateX.ANGLE" />
    </animation>
    <animation id="hpl_mixamorigwSpine2">
      <source id="hpl_mixamorigwSpine2-time"><float_array id="hpl_mixamorigwSpine2-time-array" count="35">0 1 2 3 4 5 6 7 8 9 10 11 12 13 14 15 16 17 18 19 20 21 22 23 24 25 26 27 28 29 30 31 32 33 34</float_array><technique_common><accessor source="#hpl_mixamorigwSpine2-time-array" count="35" stride="1" /></technique_common></source>
      <source id="hpl_mixamorigwSpine2-trans"><float_array id="hpl_mixamorigwSpine2-trans-array" count="105">-5.95244e-09 0.129979 -4.64958e-07 -5.95244e-09 0.129979 -4.64958e-07 -5.95244e-09 0.129979 -4.64958e-07 -5.95244e-09 0.129979 -4.64958e-07 -5.95244e-09 0.129979 -4.64958e-07 -5.95244e-09 0.129979 -4.64958e-07 -5.95244e-09 0.129979 -4.64958e-07 -5.95244e-09 0.129979 -4.64958e-07 -5.95244e-09 0.129979 -4.64958e-07 -5.95244e-09 0.129979 -4.64958e-07 -5.95244e-09 0.129979 -4.64958e-07 -5.95244e-09 0.129979 -4.64958e-07 -5.95244e-09 0.129979 -4.64958e-07 -5.95244e-09 0.129979 -4.64958e-07 -5.95244e-09 0.129979 -4.64958e-07 -5.95244e-09 0.129979 -4.64958e-07 -5.95244e-09 0.129979 -4.64958e-07 -5.95244e-09 0.129979 -4.64958e-07 -5.95244e-09 0.129979 -4.64958e-07 -5.95244e-09 0.129979 -4.64958e-07 -5.95244e-09 0.129979 -4.64958e-07 -5.95244e-09 0.129979 -4.64958e-07 -5.95244e-09 0.129979 -4.64958e-07 -5.95244e-09 0.129979 -4.64958e-07 -5.95244e-09 0.129979 -4.64958e-07 -5.95244e-09 0.129979 -4.64958e-07 -5.95244e-09 0.129979 -4.64958e-07 -5.95244e-09 0.129979 -4.64958e-07 -5.95244e-09 0.129979 -4.64958e-07 -5.95244e-09 0.129979 -4.64958e-07 -5.95244e-09 0.129979 -4.64958e-07 -5.95244e-09 0.129979 -4.64958e-07 -5.95244e-09 0.129979 -4.64958e-07 -5.95244e-09 0.129979 -4.64958e-07 -5.95244e-09 0.129979 -4.64958e-07</float_array><technique_common><accessor source="#hpl_mixamorigwSpine2-trans-array" count="35" stride="3" /></technique_common></source>
      <source id="hpl_mixamorigwSpine2-rotz"><float_array id="hpl_mixamorigwSpine2-rotz-array" count="35">3.69167 3.46467 2.82482 1.9907 1.19761 0.569425 0.158993 -0.0438024 -0.153793 -0.12556 -0.0146021 -0.162766 -0.960572 -2.32601 -3.80872 -4.80971 -5.36012 -5.60584 -5.31036 -4.52779 -3.54619 -2.63421 -1.96734 -1.56649 -1.4319 -1.53462 -1.81368 -1.9577 -1.84295 -1.27498 -0.159331 1.39095 2.49378 3.20324 3.69167</float_array><technique_common><accessor source="#hpl_mixamorigwSpine2-rotz-array" count="35" stride="1" /></technique_common></source>
      <source id="hpl_mixamorigwSpine2-roty"><float_array id="hpl_mixamorigwSpine2-roty-array" count="35">-4.92612 -4.26628 -3.49776 -2.65122 -1.86141 -1.28199 -0.843869 -0.540556 -0.436846 -0.443154 -0.251485 -0.129971 0.043241 0.226627 0.307704 0.262154 0.203863 -0.0277017 -0.422797 -1.05632 -1.91957 -2.9392 -3.89083 -4.69725 -5.26357 -5.40979 -5.42964 -5.51236 -5.284 -4.95528 -5.10919 -5.47547 -5.77349 -5.67374 -4.92612</float_array><technique_common><accessor source="#hpl_mixamorigwSpine2-roty-array" count="35" stride="1" /></technique_common></source>
      <source id="hpl_mixamorigwSpine2-rotx"><float_array id="hpl_mixamorigwSpine2-rotx-array" count="35">11.8962 12.1286 12.2372 12.26 12.3195 12.4733 12.7045 12.9621 13.1203 13.1059 13.1651 13.2694 13.4101 13.2632 13.0422 12.7799 12.8033 12.9911 13.1054 13.0138 12.8265 12.671 12.6426 12.7662 12.8906 12.9207 12.7892 12.5898 12.4201 12.3382 12.2223 12.1163 11.9427 11.8785 11.8962</float_array><technique_common><accessor source="#hpl_mixamorigwSpine2-rotx-array" count="35" stride="1" /></technique_common></source>
      <sampler id="hpl_mixamorigwSpine2-trans-sampler"><input semantic="INPUT" source="#hpl_mixamorigwSpine2-time" /><input semantic="OUTPUT" source="#hpl_mixamorigwSpine2-trans" /></sampler><channel source="#hpl_mixamorigwSpine2-trans-sampler" target="mixamorigwSpine2/translate" />
      <sampler id="hpl_mixamorigwSpine2-rotz-sampler"><input semantic="INPUT" source="#hpl_mixamorigwSpine2-time" /><input semantic="OUTPUT" source="#hpl_mixamorigwSpine2-rotz" /></sampler><channel source="#hpl_mixamorigwSpine2-rotz-sampler" target="mixamorigwSpine2/rotateZ.ANGLE" />
      <sampler id="hpl_mixamorigwSpine2-roty-sampler"><input semantic="INPUT" source="#hpl_mixamorigwSpine2-time" /><input semantic="OUTPUT" source="#hpl_mixamorigwSpine2-roty" /></sampler><channel source="#hpl_mixamorigwSpine2-roty-sampler" target="mixamorigwSpine2/rotateY.ANGLE" />
      <sampler id="hpl_mixamorigwSpine2-rotx-sampler"><input semantic="INPUT" source="#hpl_mixamorigwSpine2-time" /><input semantic="OUTPUT" source="#hpl_mixamorigwSpine2-rotx" /></sampler><channel source="#hpl_mixamorigwSpine2-rotx-sampler" target="mixamorigwSpine2/rotateX.ANGLE" />
    </animation>
    <animation id="hpl_mixamorigwLeftShoulder">
      <source id="hpl_mixamorigwLeftShoulder-time"><float_array id="hpl_mixamorigwLeftShoulder-time-array" count="35">0 1 2 3 4 5 6 7 8 9 10 11 12 13 14 15 16 17 18 19 20 21 22 23 24 25 26 27 28 29 30 31 32 33 34</float_array><technique_common><accessor source="#hpl_mixamorigwLeftShoulder-time-array" count="35" stride="1" /></technique_common></source>
      <source id="hpl_mixamorigwLeftShoulder-trans"><float_array id="hpl_mixamorigwLeftShoulder-trans-array" count="105">0.0430093 0.0835295 -0.00243502 0.0430093 0.0835295 -0.00243502 0.0430093 0.0835295 -0.00243502 0.0430093 0.0835295 -0.00243502 0.0430093 0.0835295 -0.00243502 0.0430093 0.0835295 -0.00243502 0.0430093 0.0835295 -0.00243502 0.0430093 0.0835295 -0.00243502 0.0430093 0.0835295 -0.00243502 0.0430093 0.0835295 -0.00243502 0.0430093 0.0835295 -0.00243502 0.0430093 0.0835295 -0.00243502 0.0430093 0.0835295 -0.00243502 0.0430093 0.0835295 -0.00243502 0.0430093 0.0835295 -0.00243502 0.0430093 0.0835295 -0.00243502 0.0430093 0.0835295 -0.00243502 0.0430093 0.0835295 -0.00243502 0.0430093 0.0835295 -0.00243502 0.0430093 0.0835295 -0.00243502 0.0430093 0.0835295 -0.00243502 0.0430093 0.0835295 -0.00243502 0.0430093 0.0835295 -0.00243502 0.0430093 0.0835295 -0.00243502 0.0430093 0.0835295 -0.00243502 0.0430093 0.0835295 -0.00243502 0.0430093 0.0835295 -0.00243502 0.0430093 0.0835295 -0.00243502 0.0430093 0.0835295 -0.00243502 0.0430093 0.0835295 -0.00243502 0.0430093 0.0835295 -0.00243502 0.0430093 0.0835295 -0.00243502 0.0430093 0.0835295 -0.00243502 0.0430093 0.0835295 -0.00243502 0.0430093 0.0835295 -0.00243502</float_array><technique_common><accessor source="#hpl_mixamorigwLeftShoulder-trans-array" count="35" stride="3" /></technique_common></source>
      <source id="hpl_mixamorigwLeftShoulder-rotz"><float_array id="hpl_mixamorigwLeftShoulder-rotz-array" count="35">115.901 116.529 117.754 118.901 119.68 119.781 119.695 120.051 120.82 121.91 121.971 121.929 121.164 120.476 120.13 119.761 119.282 118.646 117.681 116.828 115.799 114.636 113.373 112.166 111.378 111.094 111.823 113.354 114.655 115.669 116.63 117.441 117.703 116.867 115.901</float_array><technique_common><accessor source="#hpl_mixamorigwLeftShoulder-rotz-array" count="35" stride="1" /></technique_common></source>
      <source id="hpl_mixamorigwLeftShoulder-roty"><float_array id="hpl_mixamorigwLeftShoulder-roty-array" count="35">69.6557 69.0499 68.2735 67.3744 66.4747 65.6103 64.8758 64.2726 63.7669 63.3432 63.0514 63 63.4716 64.3031 64.8874 64.9949 65.0098 65.0108 65.3895 66.1219 67.0831 68.2255 69.4458 70.5073 71.4467 72.1706 72.5164 72.4515 72.0254 71.7068 71.4535 71.0284 70.5071 70.0933 69.6557</float_array><technique_common><accessor source="#hpl_mixamorigwLeftShoulder-roty-array" count="35" stride="1" /></technique_common></source>
      <source id="hpl_mixamorigwLeftShoulder-rotx"><float_array id="hpl_mixamorigwLeftShoulder-rotx-array" count="35">-145.052 -143.961 -142.714 -141.48 -140.22 -139.276 -138.429 -137.296 -136.084 -134.587 -133.847 -133.537 -133.436 -133.466 -134.869 -136.502 -137.261 -137.548 -138.206 -139.823 -142.45 -145.665 -148.923 -151.77 -153.946 -155.519 -155.531 -154.276 -153.156 -150.924 -147.875 -146.206 -146.164 -146.903 -145.052</float_array><technique_common><accessor source="#hpl_mixamorigwLeftShoulder-rotx-array" count="35" stride="1" /></technique_common></source>
      <sampler id="hpl_mixamorigwLeftShoulder-trans-sampler"><input semantic="INPUT" source="#hpl_mixamorigwLeftShoulder-time" /><input semantic="OUTPUT" source="#hpl_mixamorigwLeftShoulder-trans" /></sampler><channel source="#hpl_mixamorigwLeftShoulder-trans-sampler" target="mixamorigwLeftShoulder/translate" />
      <sampler id="hpl_mixamorigwLeftShoulder-rotz-sampler"><input semantic="INPUT" source="#hpl_mixamorigwLeftShoulder-time" /><input semantic="OUTPUT" source="#hpl_mixamorigwLeftShoulder-rotz" /></sampler><channel source="#hpl_mixamorigwLeftShoulder-rotz-sampler" target="mixamorigwLeftShoulder/rotateZ.ANGLE" />
      <sampler id="hpl_mixamorigwLeftShoulder-roty-sampler"><input semantic="INPUT" source="#hpl_mixamorigwLeftShoulder-time" /><input semantic="OUTPUT" source="#hpl_mixamorigwLeftShoulder-roty" /></sampler><channel source="#hpl_mixamorigwLeftShoulder-roty-sampler" target="mixamorigwLeftShoulder/rotateY.ANGLE" />
      <sampler id="hpl_mixamorigwLeftShoulder-rotx-sampler"><input semantic="INPUT" source="#hpl_mixamorigwLeftShoulder-time" /><input semantic="OUTPUT" source="#hpl_mixamorigwLeftShoulder-rotx" /></sampler><channel source="#hpl_mixamorigwLeftShoulder-rotx-sampler" target="mixamorigwLeftShoulder/rotateX.ANGLE" />
    </animation>
    <animation id="hpl_mixamorigwLeftArm">
      <source id="hpl_mixamorigwLeftArm-time"><float_array id="hpl_mixamorigwLeftArm-time-array" count="35">0 1 2 3 4 5 6 7 8 9 10 11 12 13 14 15 16 17 18 19 20 21 22 23 24 25 26 27 28 29 30 31 32 33 34</float_array><technique_common><accessor source="#hpl_mixamorigwLeftArm-time-array" count="35" stride="1" /></technique_common></source>
      <source id="hpl_mixamorigwLeftArm-trans"><float_array id="hpl_mixamorigwLeftArm-trans-array" count="105">1.54813e-06 0.171492 2.76526e-06 1.54813e-06 0.171492 2.76526e-06 1.54813e-06 0.171492 2.76526e-06 1.54813e-06 0.171492 2.76526e-06 1.54813e-06 0.171492 2.76526e-06 1.54813e-06 0.171492 2.76526e-06 1.54813e-06 0.171492 2.76526e-06 1.54813e-06 0.171492 2.76526e-06 1.54813e-06 0.171492 2.76526e-06 1.54813e-06 0.171492 2.76526e-06 1.54813e-06 0.171492 2.76526e-06 1.54813e-06 0.171492 2.76526e-06 1.54813e-06 0.171492 2.76526e-06 1.54813e-06 0.171492 2.76526e-06 1.54813e-06 0.171492 2.76526e-06 1.54813e-06 0.171492 2.76526e-06 1.54813e-06 0.171492 2.76526e-06 1.54813e-06 0.171492 2.76526e-06 1.54813e-06 0.171492 2.76526e-06 1.54813e-06 0.171492 2.76526e-06 1.54813e-06 0.171492 2.76526e-06 1.54813e-06 0.171492 2.76526e-06 1.54813e-06 0.171492 2.76526e-06 1.54813e-06 0.171492 2.76526e-06 1.54813e-06 0.171492 2.76526e-06 1.54813e-06 0.171492 2.76526e-06 1.54813e-06 0.171492 2.76526e-06 1.54813e-06 0.171492 2.76526e-06 1.54813e-06 0.171492 2.76526e-06 1.54813e-06 0.171492 2.76526e-06 1.54813e-06 0.171492 2.76526e-06 1.54813e-06 0.171492 2.76526e-06 1.54813e-06 0.171492 2.76526e-06 1.54813e-06 0.171492 2.76526e-06 1.54813e-06 0.171492 2.76526e-06</float_array><technique_common><accessor source="#hpl_mixamorigwLeftArm-trans-array" count="35" stride="3" /></technique_common></source>
      <source id="hpl_mixamorigwLeftArm-rotz"><float_array id="hpl_mixamorigwLeftArm-rotz-array" count="35">46.2744 47.0843 47.4943 47.5944 47.1781 46.0394 44.4577 42.7362 41.3033 40.4157 39.5425 38.7336 37.9156 37.6758 38.3994 38.9591 40.1493 41.6645 43.162 44.3448 45.4686 46.7475 48.0447 49.0374 49.7609 50.4709 50.8861 50.3473 48.9733 46.9388 45.207 43.8777 44.2535 45.8145 46.2744</float_array><technique_common><accessor source="#hpl_mixamorigwLeftArm-rotz-array" count="35" stride="1" /></technique_common></source>
      <source id="hpl_mixamorigwLeftArm-roty"><float_array id="hpl_mixamorigwLeftArm-roty-array" count="35">0.101648 1.86191 3.31931 4.70632 6.04515 7.04431 7.62018 7.86099 7.90844 8.17518 8.0926 7.68932 7.77404 8.25434 7.84231 6.70871 5.96561 5.49185 5.15456 4.20794 2.92162 1.45619 0.0142447 -1.50595 -3.11514 -4.62938 -5.71041 -7.03159 -8.33116 -8.19157 -6.7776 -5.90196 -4.99164 -3.63265 0.101648</float_array><technique_common><accessor source="#hpl_mixamorigwLeftArm-roty-array" count="35" stride="1" /></technique_common></source>
      <source id="hpl_mixamorigwLeftArm-rotx"><float_array id="hpl_mixamorigwLeftArm-rotx-array" count="35">57.2724 58.664 60.4675 62.0794 63.2252 63.9814 64.5528 65.1212 65.9685 66.8163 66.9441 66.7171 65.5981 64.309 64.3694 64.5173 63.8476 62.1471 60.3311 59.2322 58.3474 57.221 55.5809 53.4257 51.3091 49.6758 48.4153 47.9842 48.6005 49.5155 50.5768 53.1946 55.8311 57.262 57.2724</float_array><technique_common><accessor source="#hpl_mixamorigwLeftArm-rotx-array" count="35" stride="1" /></technique_common></source>
      <sampler id="hpl_mixamorigwLeftArm-trans-sampler"><input semantic="INPUT" source="#hpl_mixamorigwLeftArm-time" /><input semantic="OUTPUT" source="#hpl_mixamorigwLeftArm-trans" /></sampler><channel source="#hpl_mixamorigwLeftArm-trans-sampler" target="mixamorigwLeftArm/translate" />
      <sampler id="hpl_mixamorigwLeftArm-rotz-sampler"><input semantic="INPUT" source="#hpl_mixamorigwLeftArm-time" /><input semantic="OUTPUT" source="#hpl_mixamorigwLeftArm-rotz" /></sampler><channel source="#hpl_mixamorigwLeftArm-rotz-sampler" target="mixamorigwLeftArm/rotateZ.ANGLE" />
      <sampler id="hpl_mixamorigwLeftArm-roty-sampler"><input semantic="INPUT" source="#hpl_mixamorigwLeftArm-time" /><input semantic="OUTPUT" source="#hpl_mixamorigwLeftArm-roty" /></sampler><channel source="#hpl_mixamorigwLeftArm-roty-sampler" target="mixamorigwLeftArm/rotateY.ANGLE" />
      <sampler id="hpl_mixamorigwLeftArm-rotx-sampler"><input semantic="INPUT" source="#hpl_mixamorigwLeftArm-time" /><input semantic="OUTPUT" source="#hpl_mixamorigwLeftArm-rotx" /></sampler><channel source="#hpl_mixamorigwLeftArm-rotx-sampler" target="mixamorigwLeftArm/rotateX.ANGLE" />
    </animation>
    <animation id="hpl_mixamorigwLeftForeArm">
      <source id="hpl_mixamorigwLeftForeArm-time"><float_array id="hpl_mixamorigwLeftForeArm-time-array" count="35">0 1 2 3 4 5 6 7 8 9 10 11 12 13 14 15 16 17 18 19 20 21 22 23 24 25 26 27 28 29 30 31 32 33 34</float_array><technique_common><accessor source="#hpl_mixamorigwLeftForeArm-time-array" count="35" stride="1" /></technique_common></source>
      <source id="hpl_mixamorigwLeftForeArm-trans"><float_array id="hpl_mixamorigwLeftForeArm-trans-array" count="105">-7.33203e-07 0.239881 -1.62622e-06 -7.33203e-07 0.239881 -1.62622e-06 -7.33203e-07 0.239881 -1.62622e-06 -7.33203e-07 0.239881 -1.62622e-06 -7.33203e-07 0.239881 -1.62622e-06 -7.33203e-07 0.239881 -1.62622e-06 -7.33203e-07 0.239881 -1.62622e-06 -7.33203e-07 0.239881 -1.62622e-06 -7.33203e-07 0.239881 -1.62622e-06 -7.33203e-07 0.239881 -1.62622e-06 -7.33203e-07 0.239881 -1.62622e-06 -7.33203e-07 0.239881 -1.62622e-06 -7.33203e-07 0.239881 -1.62622e-06 -7.33203e-07 0.239881 -1.62622e-06 -7.33203e-07 0.239881 -1.62622e-06 -7.33203e-07 0.239881 -1.62622e-06 -7.33203e-07 0.239881 -1.62622e-06 -7.33203e-07 0.239881 -1.62622e-06 -7.33203e-07 0.239881 -1.62622e-06 -7.33203e-07 0.239881 -1.62622e-06 -7.33203e-07 0.239881 -1.62622e-06 -7.33203e-07 0.239881 -1.62622e-06 -7.33203e-07 0.239881 -1.62622e-06 -7.33203e-07 0.239881 -1.62622e-06 -7.33203e-07 0.239881 -1.62622e-06 -7.33203e-07 0.239881 -1.62622e-06 -7.33203e-07 0.239881 -1.62622e-06 -7.33203e-07 0.239881 -1.62622e-06 -7.33203e-07 0.239881 -1.62622e-06 -7.33203e-07 0.239881 -1.62622e-06 -7.33203e-07 0.239881 -1.62622e-06 -7.33203e-07 0.239881 -1.62622e-06 -7.33203e-07 0.239881 -1.62622e-06 -7.33203e-07 0.239881 -1.62622e-06 -7.33203e-07 0.239881 -1.62622e-06</float_array><technique_common><accessor source="#hpl_mixamorigwLeftForeArm-trans-array" count="35" stride="3" /></technique_common></source>
      <source id="hpl_mixamorigwLeftForeArm-rotz"><float_array id="hpl_mixamorigwLeftForeArm-rotz-array" count="35">27.9397 26.7625 26.1868 25.9367 25.6024 24.8657 23.6343 22.0729 20.3924 18.9228 17.6558 16.451 15.4006 14.6125 14.519 15.4163 16.9533 18.7743 20.7077 22.7387 24.8878 26.8654 28.4975 29.8269 30.8291 31.705 33.1749 35.1881 37.3819 39.1135 39.3592 37.4739 34.313 31.1807 27.9397</float_array><technique_common><accessor source="#hpl_mixamorigwLeftForeArm-rotz-array" count="35" stride="1" /></technique_common></source>
      <source id="hpl_mixamorigwLeftForeArm-roty"><float_array id="hpl_mixamorigwLeftForeArm-roty-array" count="35">-10.6844 -10.8259 -10.9351 -11.0192 -11.0455 -11.0782 -11.1531 -11.2707 -11.3703 -11.4277 -11.4955 -11.6152 -11.6751 -11.7284 -11.7123 -11.6316 -11.441 -11.3441 -11.3108 -11.2425 -11.1359 -11.0219 -10.8648 -10.6268 -10.411 -10.3037 -10.179 -9.91632 -9.60755 -9.48821 -9.62098 -9.8669 -10.1992 -10.4901 -10.6844</float_array><technique_common><accessor source="#hpl_mixamorigwLeftForeArm-roty-array" count="35" stride="1" /></technique_common></source>
      <source id="hpl_mixamorigwLeftForeArm-rotx"><float_array id="hpl_mixamorigwLeftForeArm-rotx-array" count="35">-5.72093 -5.54729 -5.45721 -5.36494 -5.21814 -5.03244 -4.73676 -4.33204 -4.00543 -3.768 -3.48345 -3.11492 -2.78553 -2.55588 -2.69797 -2.93446 -3.41827 -3.71102 -4.01947 -4.39979 -4.85877 -5.25972 -5.58125 -5.89135 -6.19423 -6.63124 -6.97397 -7.34918 -7.63424 -7.47229 -7.21537 -7.02849 -6.74031 -6.16868 -5.72093</float_array><technique_common><accessor source="#hpl_mixamorigwLeftForeArm-rotx-array" count="35" stride="1" /></technique_common></source>
      <sampler id="hpl_mixamorigwLeftForeArm-trans-sampler"><input semantic="INPUT" source="#hpl_mixamorigwLeftForeArm-time" /><input semantic="OUTPUT" source="#hpl_mixamorigwLeftForeArm-trans" /></sampler><channel source="#hpl_mixamorigwLeftForeArm-trans-sampler" target="mixamorigwLeftForeArm/translate" />
      <sampler id="hpl_mixamorigwLeftForeArm-rotz-sampler"><input semantic="INPUT" source="#hpl_mixamorigwLeftForeArm-time" /><input semantic="OUTPUT" source="#hpl_mixamorigwLeftForeArm-rotz" /></sampler><channel source="#hpl_mixamorigwLeftForeArm-rotz-sampler" target="mixamorigwLeftForeArm/rotateZ.ANGLE" />
      <sampler id="hpl_mixamorigwLeftForeArm-roty-sampler"><input semantic="INPUT" source="#hpl_mixamorigwLeftForeArm-time" /><input semantic="OUTPUT" source="#hpl_mixamorigwLeftForeArm-roty" /></sampler><channel source="#hpl_mixamorigwLeftForeArm-roty-sampler" target="mixamorigwLeftForeArm/rotateY.ANGLE" />
      <sampler id="hpl_mixamorigwLeftForeArm-rotx-sampler"><input semantic="INPUT" source="#hpl_mixamorigwLeftForeArm-time" /><input semantic="OUTPUT" source="#hpl_mixamorigwLeftForeArm-rotx" /></sampler><channel source="#hpl_mixamorigwLeftForeArm-rotx-sampler" target="mixamorigwLeftForeArm/rotateX.ANGLE" />
    </animation>
    <animation id="hpl_mixamorigwLeftHand">
      <source id="hpl_mixamorigwLeftHand-time"><float_array id="hpl_mixamorigwLeftHand-time-array" count="35">0 1 2 3 4 5 6 7 8 9 10 11 12 13 14 15 16 17 18 19 20 21 22 23 24 25 26 27 28 29 30 31 32 33 34</float_array><technique_common><accessor source="#hpl_mixamorigwLeftHand-time-array" count="35" stride="1" /></technique_common></source>
      <source id="hpl_mixamorigwLeftHand-trans"><float_array id="hpl_mixamorigwLeftHand-trans-array" count="105">-4.76682e-07 0.249492 -6.29558e-06 -4.76682e-07 0.249492 -6.29558e-06 -4.76682e-07 0.249492 -6.29558e-06 -4.76682e-07 0.249492 -6.29558e-06 -4.76682e-07 0.249492 -6.29558e-06 -4.76682e-07 0.249492 -6.29558e-06 -4.76682e-07 0.249492 -6.29558e-06 -4.76682e-07 0.249492 -6.29558e-06 -4.76682e-07 0.249492 -6.29558e-06 -4.76682e-07 0.249492 -6.29558e-06 -4.76682e-07 0.249492 -6.29558e-06 -4.76682e-07 0.249492 -6.29558e-06 -4.76682e-07 0.249492 -6.29558e-06 -4.76682e-07 0.249492 -6.29558e-06 -4.76682e-07 0.249492 -6.29558e-06 -4.76682e-07 0.249492 -6.29558e-06 -4.76682e-07 0.249492 -6.29558e-06 -4.76682e-07 0.249492 -6.29558e-06 -4.76682e-07 0.249492 -6.29558e-06 -4.76682e-07 0.249492 -6.29558e-06 -4.76682e-07 0.249492 -6.29558e-06 -4.76682e-07 0.249492 -6.29558e-06 -4.76682e-07 0.249492 -6.29558e-06 -4.76682e-07 0.249492 -6.29558e-06 -4.76682e-07 0.249492 -6.29558e-06 -4.76682e-07 0.249492 -6.29558e-06 -4.76682e-07 0.249492 -6.29558e-06 -4.76682e-07 0.249492 -6.29558e-06 -4.76682e-07 0.249492 -6.29558e-06 -4.76682e-07 0.249492 -6.29558e-06 -4.76682e-07 0.249492 -6.29558e-06 -4.76682e-07 0.249492 -6.29558e-06 -4.76682e-07 0.249492 -6.29558e-06 -4.76682e-07 0.249492 -6.29558e-06 -4.76682e-07 0.249492 -6.29558e-06</float_array><technique_common><accessor source="#hpl_mixamorigwLeftHand-trans-array" count="35" stride="3" /></technique_common></source>
      <source id="hpl_mixamorigwLeftHand-rotz"><float_array id="hpl_mixamorigwLeftHand-rotz-array" count="35">12.0177 11.854 11.5863 11.0887 10.4548 9.7367 8.92471 8.0587 7.2327 6.63465 6.21653 5.53369 5.00927 5.11129 5.07336 5.34926 5.99254 7.0726 8.20631 8.99918 9.39668 9.50521 9.6072 9.76584 9.88916 9.79895 9.72123 9.75688 10.3475 11.3066 12.1813 12.5334 11.9098 10.8674 12.0177</float_array><technique_common><accessor source="#hpl_mixamorigwLeftHand-rotz-array" count="35" stride="1" /></technique_common></source>
      <source id="hpl_mixamorigwLeftHand-roty"><float_array id="hpl_mixamorigwLeftHand-roty-array" count="35">5.36858 5.11648 4.58112 3.59604 2.45344 1.5848 1.06551 0.883747 0.811968 0.856778 0.930268 1.04156 0.830201 0.401087 -0.471417 -0.716245 -2.12245 -3.02639 -2.97636 -2.44943 -1.75909 -0.926517 -0.388455 -0.0505726 0.458374 1.0002 1.09039 1.4163 0.975213 0.461133 0.514976 0.97895 1.9198 4.04556 5.36858</float_array><technique_common><accessor source="#hpl_mixamorigwLeftHand-roty-array" count="35" stride="1" /></technique_common></source>
      <source id="hpl_mixamorigwLeftHand-rotx"><float_array id="hpl_mixamorigwLeftHand-rotx-array" count="35">3.08519 4.39327 5.2632 5.86075 6.17659 6.1517 5.83249 5.31915 4.912 4.79464 5.17575 5.82411 5.98813 5.81722 5.28747 4.51411 3.6469 2.42119 1.00365 -0.156141 -0.759268 -0.768906 -0.510875 -0.415681 -0.851045 -1.76092 -2.82878 -3.49614 -3.9525 -4.17474 -3.99197 -3.33608 -2.07737 0.583379 3.08519</float_array><technique_common><accessor source="#hpl_mixamorigwLeftHand-rotx-array" count="35" stride="1" /></technique_common></source>
      <sampler id="hpl_mixamorigwLeftHand-trans-sampler"><input semantic="INPUT" source="#hpl_mixamorigwLeftHand-time" /><input semantic="OUTPUT" source="#hpl_mixamorigwLeftHand-trans" /></sampler><channel source="#hpl_mixamorigwLeftHand-trans-sampler" target="mixamorigwLeftHand/translate" />
      <sampler id="hpl_mixamorigwLeftHand-rotz-sampler"><input semantic="INPUT" source="#hpl_mixamorigwLeftHand-time" /><input semantic="OUTPUT" source="#hpl_mixamorigwLeftHand-rotz" /></sampler><channel source="#hpl_mixamorigwLeftHand-rotz-sampler" target="mixamorigwLeftHand/rotateZ.ANGLE" />
      <sampler id="hpl_mixamorigwLeftHand-roty-sampler"><input semantic="INPUT" source="#hpl_mixamorigwLeftHand-time" /><input semantic="OUTPUT" source="#hpl_mixamorigwLeftHand-roty" /></sampler><channel source="#hpl_mixamorigwLeftHand-roty-sampler" target="mixamorigwLeftHand/rotateY.ANGLE" />
      <sampler id="hpl_mixamorigwLeftHand-rotx-sampler"><input semantic="INPUT" source="#hpl_mixamorigwLeftHand-time" /><input semantic="OUTPUT" source="#hpl_mixamorigwLeftHand-rotx" /></sampler><channel source="#hpl_mixamorigwLeftHand-rotx-sampler" target="mixamorigwLeftHand/rotateX.ANGLE" />
    </animation>
    <animation id="hpl_mixamorigwRightShoulder">
      <source id="hpl_mixamorigwRightShoulder-time"><float_array id="hpl_mixamorigwRightShoulder-time-array" count="35">0 1 2 3 4 5 6 7 8 9 10 11 12 13 14 15 16 17 18 19 20 21 22 23 24 25 26 27 28 29 30 31 32 33 34</float_array><technique_common><accessor source="#hpl_mixamorigwRightShoulder-time-array" count="35" stride="1" /></technique_common></source>
      <source id="hpl_mixamorigwRightShoulder-trans"><float_array id="hpl_mixamorigwRightShoulder-trans-array" count="105">-0.0433087 0.0799113 -0.00249339 -0.0433087 0.0799113 -0.00249339 -0.0433087 0.0799113 -0.00249339 -0.0433087 0.0799113 -0.00249339 -0.0433087 0.0799113 -0.00249339 -0.0433087 0.0799113 -0.00249339 -0.0433087 0.0799113 -0.00249339 -0.0433087 0.0799113 -0.00249339 -0.0433087 0.0799113 -0.00249339 -0.0433087 0.0799113 -0.00249339 -0.0433087 0.0799113 -0.00249339 -0.0433087 0.0799113 -0.00249339 -0.0433087 0.0799113 -0.00249339 -0.0433087 0.0799113 -0.00249339 -0.0433087 0.0799113 -0.00249339 -0.0433087 0.0799113 -0.00249339 -0.0433087 0.0799113 -0.00249339 -0.0433087 0.0799113 -0.00249339 -0.0433087 0.0799113 -0.00249339 -0.0433087 0.0799113 -0.00249339 -0.0433087 0.0799113 -0.00249339 -0.0433087 0.0799113 -0.00249339 -0.0433087 0.0799113 -0.00249339 -0.0433087 0.0799113 -0.00249339 -0.0433087 0.0799113 -0.00249339 -0.0433087 0.0799113 -0.00249339 -0.0433087 0.0799113 -0.00249339 -0.0433087 0.0799113 -0.00249339 -0.0433087 0.0799113 -0.00249339 -0.0433087 0.0799113 -0.00249339 -0.0433087 0.0799113 -0.00249339 -0.0433087 0.0799113 -0.00249339 -0.0433087 0.0799113 -0.00249339 -0.0433087 0.0799113 -0.00249339 -0.0433087 0.0799113 -0.00249339</float_array><technique_common><accessor source="#hpl_mixamorigwRightShoulder-trans-array" count="35" stride="3" /></technique_common></source>
      <source id="hpl_mixamorigwRightShoulder-rotz"><float_array id="hpl_mixamorigwRightShoulder-rotz-array" count="35">-102.214 -100.836 -99.5999 -98.6083 -97.6755 -97.0261 -96.6686 -96.6053 -96.3773 -95.8655 -96.7926 -97.497 -97.6976 -97.9816 -99.7786 -100.443 -100.362 -99.4305 -98.6225 -99.1812 -101.006 -103.315 -105.221 -106.619 -107.349 -107.915 -108.513 -109.013 -109.126 -108.453 -106.726 -105.68 -105.039 -104.497 -102.214</float_array><technique_common><accessor source="#hpl_mixamorigwRightShoulder-rotz-array" count="35" stride="1" /></technique_common></source>
      <source id="hpl_mixamorigwRightShoulder-roty"><float_array id="hpl_mixamorigwRightShoulder-roty-array" count="35">-64.5248 -64.855 -65.3378 -65.9705 -66.6675 -67.3789 -68.04 -68.6902 -69.2028 -69.6193 -70.3653 -70.72 -70.7985 -70.7395 -70.3044 -69.6835 -68.8902 -67.8729 -66.8407 -66.1289 -65.5872 -65.0256 -64.4694 -63.9567 -63.2326 -62.4114 -62.2629 -62.7076 -62.7755 -62.8949 -63.2659 -63.6878 -63.8102 -63.8643 -64.5248</float_array><technique_common><accessor source="#hpl_mixamorigwRightShoulder-roty-array" count="35" stride="1" /></technique_common></source>
      <source id="hpl_mixamorigwRightShoulder-rotx"><float_array id="hpl_mixamorigwRightShoulder-rotx-array" count="35">-142.814 -144.299 -146.696 -149.475 -152.356 -154.879 -156.993 -158.909 -161.273 -163.922 -164 -163.459 -161.683 -159.356 -157.241 -157.324 -157.612 -157.634 -157.003 -155.224 -152.221 -148.61 -145.223 -142.381 -140.567 -139.5 -138.677 -138.7 -139.608 -139.976 -140.139 -140.623 -141.559 -142.239 -142.814</float_array><technique_common><accessor source="#hpl_mixamorigwRightShoulder-rotx-array" count="35" stride="1" /></technique_common></source>
      <sampler id="hpl_mixamorigwRightShoulder-trans-sampler"><input semantic="INPUT" source="#hpl_mixamorigwRightShoulder-time" /><input semantic="OUTPUT" source="#hpl_mixamorigwRightShoulder-trans" /></sampler><channel source="#hpl_mixamorigwRightShoulder-trans-sampler" target="mixamorigwRightShoulder/translate" />
      <sampler id="hpl_mixamorigwRightShoulder-rotz-sampler"><input semantic="INPUT" source="#hpl_mixamorigwRightShoulder-time" /><input semantic="OUTPUT" source="#hpl_mixamorigwRightShoulder-rotz" /></sampler><channel source="#hpl_mixamorigwRightShoulder-rotz-sampler" target="mixamorigwRightShoulder/rotateZ.ANGLE" />
      <sampler id="hpl_mixamorigwRightShoulder-roty-sampler"><input semantic="INPUT" source="#hpl_mixamorigwRightShoulder-time" /><input semantic="OUTPUT" source="#hpl_mixamorigwRightShoulder-roty" /></sampler><channel source="#hpl_mixamorigwRightShoulder-roty-sampler" target="mixamorigwRightShoulder/rotateY.ANGLE" />
      <sampler id="hpl_mixamorigwRightShoulder-rotx-sampler"><input semantic="INPUT" source="#hpl_mixamorigwRightShoulder-time" /><input semantic="OUTPUT" source="#hpl_mixamorigwRightShoulder-rotx" /></sampler><channel source="#hpl_mixamorigwRightShoulder-rotx-sampler" target="mixamorigwRightShoulder/rotateX.ANGLE" />
    </animation>
    <animation id="hpl_mixamorigwRightArm">
      <source id="hpl_mixamorigwRightArm-time"><float_array id="hpl_mixamorigwRightArm-time-array" count="35">0 1 2 3 4 5 6 7 8 9 10 11 12 13 14 15 16 17 18 19 20 21 22 23 24 25 26 27 28 29 30 31 32 33 34</float_array><technique_common><accessor source="#hpl_mixamorigwRightArm-time-array" count="35" stride="1" /></technique_common></source>
      <source id="hpl_mixamorigwRightArm-trans"><float_array id="hpl_mixamorigwRightArm-trans-array" count="105">-9.6372e-07 0.17456 7.77292e-06 -9.6372e-07 0.17456 7.77292e-06 -9.6372e-07 0.17456 7.77292e-06 -9.6372e-07 0.17456 7.77292e-06 -9.6372e-07 0.17456 7.77292e-06 -9.6372e-07 0.17456 7.77292e-06 -9.6372e-07 0.17456 7.77292e-06 -9.6372e-07 0.17456 7.77292e-06 -9.6372e-07 0.17456 7.77292e-06 -9.6372e-07 0.17456 7.77292e-06 -9.6372e-07 0.17456 7.77292e-06 -9.6372e-07 0.17456 7.77292e-06 -9.6372e-07 0.17456 7.77292e-06 -9.6372e-07 0.17456 7.77292e-06 -9.6372e-07 0.17456 7.77292e-06 -9.6372e-07 0.17456 7.77292e-06 -9.6372e-07 0.17456 7.77292e-06 -9.6372e-07 0.17456 7.77292e-06 -9.6372e-07 0.17456 7.77292e-06 -9.6372e-07 0.17456 7.77292e-06 -9.6372e-07 0.17456 7.77292e-06 -9.6372e-07 0.17456 7.77292e-06 -9.6372e-07 0.17456 7.77292e-06 -9.6372e-07 0.17456 7.77292e-06 -9.6372e-07 0.17456 7.77292e-06 -9.6372e-07 0.17456 7.77292e-06 -9.6372e-07 0.17456 7.77292e-06 -9.6372e-07 0.17456 7.77292e-06 -9.6372e-07 0.17456 7.77292e-06 -9.6372e-07 0.17456 7.77292e-06 -9.6372e-07 0.17456 7.77292e-06 -9.6372e-07 0.17456 7.77292e-06 -9.6372e-07 0.17456 7.77292e-06 -9.6372e-07 0.17456 7.77292e-06 -9.6372e-07 0.17456 7.77292e-06</float_array><technique_common><accessor source="#hpl_mixamorigwRightArm-trans-array" count="35" stride="3" /></technique_common></source>
      <source id="hpl_mixamorigwRightArm-rotz"><float_array id="hpl_mixamorigwRightArm-rotz-array" count="35">-38.6751 -42.2668 -45.769 -48.4068 -50.2501 -51.4381 -52.1771 -52.7769 -53.3395 -53.9405 -54.5112 -54.1514 -52.6211 -50.2844 -48.3596 -47.8304 -49.1663 -51.7447 -53.7587 -53.903 -52.0379 -48.6497 -44.9632 -41.9165 -39.3604 -36.8252 -34.1637 -32.4559 -31.9343 -31.3983 -30.7644 -30.98 -31.6815 -33.0018 -38.6751</float_array><technique_common><accessor source="#hpl_mixamorigwRightArm-rotz-array" count="35" stride="1" /></technique_common></source>
      <source id="hpl_mixamorigwRightArm-roty"><float_array id="hpl_mixamorigwRightArm-roty-array" count="35">-17.4238 -16.6388 -14.7323 -11.8503 -8.76242 -5.73983 -2.98738 -0.563091 1.84893 3.87727 4.8756 5.65681 5.27378 4.63813 4.88526 4.37054 3.01495 1.07255 -0.817584 -2.35143 -3.84462 -5.48254 -7.45275 -9.48799 -10.8948 -11.6298 -12.6563 -13.8776 -14.8333 -16.1728 -17.7579 -18.339 -17.1699 -15.656 -17.4238</float_array><technique_common><accessor source="#hpl_mixamorigwRightArm-roty-array" count="35" stride="1" /></technique_common></source>
      <source id="hpl_mixamorigwRightArm-rotx"><float_array id="hpl_mixamorigwRightArm-rotx-array" count="35">53.3514 51.9791 50.8891 49.7266 48.2339 46.4 44.3464 42.3888 40.7578 39.2681 37.6306 36.7394 36.2776 37.1107 40.169 43.6552 45.6186 46.0683 46.4272 47.941 50.0903 52.2113 53.716 54.5716 55.1059 55.7777 56.7922 58.1806 59.3622 58.9204 57.1949 56.1619 55.7084 54.9299 53.3514</float_array><technique_common><accessor source="#hpl_mixamorigwRightArm-rotx-array" count="35" stride="1" /></technique_common></source>
      <sampler id="hpl_mixamorigwRightArm-trans-sampler"><input semantic="INPUT" source="#hpl_mixamorigwRightArm-time" /><input semantic="OUTPUT" source="#hpl_mixamorigwRightArm-trans" /></sampler><channel source="#hpl_mixamorigwRightArm-trans-sampler" target="mixamorigwRightArm/translate" />
      <sampler id="hpl_mixamorigwRightArm-rotz-sampler"><input semantic="INPUT" source="#hpl_mixamorigwRightArm-time" /><input semantic="OUTPUT" source="#hpl_mixamorigwRightArm-rotz" /></sampler><channel source="#hpl_mixamorigwRightArm-rotz-sampler" target="mixamorigwRightArm/rotateZ.ANGLE" />
      <sampler id="hpl_mixamorigwRightArm-roty-sampler"><input semantic="INPUT" source="#hpl_mixamorigwRightArm-time" /><input semantic="OUTPUT" source="#hpl_mixamorigwRightArm-roty" /></sampler><channel source="#hpl_mixamorigwRightArm-roty-sampler" target="mixamorigwRightArm/rotateY.ANGLE" />
      <sampler id="hpl_mixamorigwRightArm-rotx-sampler"><input semantic="INPUT" source="#hpl_mixamorigwRightArm-time" /><input semantic="OUTPUT" source="#hpl_mixamorigwRightArm-rotx" /></sampler><channel source="#hpl_mixamorigwRightArm-rotx-sampler" target="mixamorigwRightArm/rotateX.ANGLE" />
    </animation>
    <animation id="hpl_mixamorigwRightForeArm">
      <source id="hpl_mixamorigwRightForeArm-time"><float_array id="hpl_mixamorigwRightForeArm-time-array" count="35">0 1 2 3 4 5 6 7 8 9 10 11 12 13 14 15 16 17 18 19 20 21 22 23 24 25 26 27 28 29 30 31 32 33 34</float_array><technique_common><accessor source="#hpl_mixamorigwRightForeArm-time-array" count="35" stride="1" /></technique_common></source>
      <source id="hpl_mixamorigwRightForeArm-trans"><float_array id="hpl_mixamorigwRightForeArm-trans-array" count="105">4.30472e-07 0.220142 -2.87697e-06 4.30472e-07 0.220142 -2.87697e-06 4.30472e-07 0.220142 -2.87697e-06 4.30472e-07 0.220142 -2.87697e-06 4.30472e-07 0.220142 -2.87697e-06 4.30472e-07 0.220142 -2.87697e-06 4.30472e-07 0.220142 -2.87697e-06 4.30472e-07 0.220142 -2.87697e-06 4.30472e-07 0.220142 -2.87697e-06 4.30472e-07 0.220142 -2.87697e-06 4.30472e-07 0.220142 -2.87697e-06 4.30472e-07 0.220142 -2.87697e-06 4.30472e-07 0.220142 -2.87697e-06 4.30472e-07 0.220142 -2.87697e-06 4.30472e-07 0.220142 -2.87697e-06 4.30472e-07 0.220142 -2.87697e-06 4.30472e-07 0.220142 -2.87697e-06 4.30472e-07 0.220142 -2.87697e-06 4.30472e-07 0.220142 -2.87697e-06 4.30472e-07 0.220142 -2.87697e-06 4.30472e-07 0.220142 -2.87697e-06 4.30472e-07 0.220142 -2.87697e-06 4.30472e-07 0.220142 -2.87697e-06 4.30472e-07 0.220142 -2.87697e-06 4.30472e-07 0.220142 -2.87697e-06 4.30472e-07 0.220142 -2.87697e-06 4.30472e-07 0.220142 -2.87697e-06 4.30472e-07 0.220142 -2.87697e-06 4.30472e-07 0.220142 -2.87697e-06 4.30472e-07 0.220142 -2.87697e-06 4.30472e-07 0.220142 -2.87697e-06 4.30472e-07 0.220142 -2.87697e-06 4.30472e-07 0.220142 -2.87697e-06 4.30472e-07 0.220142 -2.87697e-06 4.30472e-07 0.220142 -2.87697e-06</float_array><technique_common><accessor source="#hpl_mixamorigwRightForeArm-trans-array" count="35" stride="3" /></technique_common></source>
      <source id="hpl_mixamorigwRightForeArm-rotz"><float_array id="hpl_mixamorigwRightForeArm-rotz-array" count="35">-21.6179 -22.3574 -23.1405 -24.2952 -26.2135 -29.2492 -33.2114 -37.5456 -41.3505 -44.0334 -45.7955 -47.3131 -48.8992 -49.9861 -49.6846 -47.8106 -44.0982 -38.9178 -33.3325 -29.4147 -27.9822 -28.2587 -28.771 -28.2115 -26.4202 -24.1143 -21.8695 -19.8512 -18.238 -17.0575 -15.9876 -15.321 -15.5104 -16.9942 -21.6179</float_array><technique_common><accessor source="#hpl_mixamorigwRightForeArm-rotz-array" count="35" stride="1" /></technique_common></source>
      <source id="hpl_mixamorigwRightForeArm-roty"><float_array id="hpl_mixamorigwRightForeArm-roty-array" count="35">11.1381 11.0891 11.0913 11.0429 10.854 10.5077 9.99085 9.39236 8.91266 8.64881 8.26563 7.8817 7.66781 7.3825 7.31562 7.6606 8.41161 9.28373 10.0237 10.4703 10.6598 10.678 10.6198 10.642 10.7953 11.0239 11.2954 11.4701 11.5986 11.7348 11.8111 11.7847 11.7218 11.6236 11.1381</float_array><technique_common><accessor source="#hpl_mixamorigwRightForeArm-roty-array" count="35" stride="1" /></technique_common></source>
      <source id="hpl_mixamorigwRightForeArm-rotx"><float_array id="hpl_mixamorigwRightForeArm-rotx-array" count="35">-4.63718 -4.53617 -4.53398 -4.71845 -5.24186 -5.93531 -6.65636 -7.38649 -7.89995 -8.0966 -7.85817 -7.87363 -7.99999 -8.10677 -8.09752 -8.27702 -7.75862 -6.83173 -5.81371 -5.25253 -5.28886 -5.62978 -5.88739 -5.82726 -5.46829 -5.03363 -4.79981 -4.49266 -4.0294 -3.66266 -3.56652 -3.68542 -3.7505 -3.97356 -4.63718</float_array><technique_common><accessor source="#hpl_mixamorigwRightForeArm-rotx-array" count="35" stride="1" /></technique_common></source>
      <sampler id="hpl_mixamorigwRightForeArm-trans-sampler"><input semantic="INPUT" source="#hpl_mixamorigwRightForeArm-time" /><input semantic="OUTPUT" source="#hpl_mixamorigwRightForeArm-trans" /></sampler><channel source="#hpl_mixamorigwRightForeArm-trans-sampler" target="mixamorigwRightForeArm/translate" />
      <sampler id="hpl_mixamorigwRightForeArm-rotz-sampler"><input semantic="INPUT" source="#hpl_mixamorigwRightForeArm-time" /><input semantic="OUTPUT" source="#hpl_mixamorigwRightForeArm-rotz" /></sampler><channel source="#hpl_mixamorigwRightForeArm-rotz-sampler" target="mixamorigwRightForeArm/rotateZ.ANGLE" />
      <sampler id="hpl_mixamorigwRightForeArm-roty-sampler"><input semantic="INPUT" source="#hpl_mixamorigwRightForeArm-time" /><input semantic="OUTPUT" source="#hpl_mixamorigwRightForeArm-roty" /></sampler><channel source="#hpl_mixamorigwRightForeArm-roty-sampler" target="mixamorigwRightForeArm/rotateY.ANGLE" />
      <sampler id="hpl_mixamorigwRightForeArm-rotx-sampler"><input semantic="INPUT" source="#hpl_mixamorigwRightForeArm-time" /><input semantic="OUTPUT" source="#hpl_mixamorigwRightForeArm-rotx" /></sampler><channel source="#hpl_mixamorigwRightForeArm-rotx-sampler" target="mixamorigwRightForeArm/rotateX.ANGLE" />
    </animation>
    <animation id="hpl_mixamorigwRightHand">
      <source id="hpl_mixamorigwRightHand-time"><float_array id="hpl_mixamorigwRightHand-time-array" count="35">0 1 2 3 4 5 6 7 8 9 10 11 12 13 14 15 16 17 18 19 20 21 22 23 24 25 26 27 28 29 30 31 32 33 34</float_array><technique_common><accessor source="#hpl_mixamorigwRightHand-time-array" count="35" stride="1" /></technique_common></source>
      <source id="hpl_mixamorigwRightHand-trans"><float_array id="hpl_mixamorigwRightHand-trans-array" count="105">-5.20839e-08 0.264825 -3.87537e-06 -5.20839e-08 0.264825 -3.87537e-06 -5.20839e-08 0.264825 -3.87537e-06 -5.20839e-08 0.264825 -3.87537e-06 -5.20839e-08 0.264825 -3.87537e-06 -5.20839e-08 0.264825 -3.87537e-06 -5.20839e-08 0.264825 -3.87537e-06 -5.20839e-08 0.264825 -3.87537e-06 -5.20839e-08 0.264825 -3.87537e-06 -5.20839e-08 0.264825 -3.87537e-06 -5.20839e-08 0.264825 -3.87537e-06 -5.20839e-08 0.264825 -3.87537e-06 -5.20839e-08 0.264825 -3.87537e-06 -5.20839e-08 0.264825 -3.87537e-06 -5.20839e-08 0.264825 -3.87537e-06 -5.20839e-08 0.264825 -3.87537e-06 -5.20839e-08 0.264825 -3.87537e-06 -5.20839e-08 0.264825 -3.87537e-06 -5.20839e-08 0.264825 -3.87537e-06 -5.20839e-08 0.264825 -3.87537e-06 -5.20839e-08 0.264825 -3.87537e-06 -5.20839e-08 0.264825 -3.87537e-06 -5.20839e-08 0.264825 -3.87537e-06 -5.20839e-08 0.264825 -3.87537e-06 -5.20839e-08 0.264825 -3.87537e-06 -5.20839e-08 0.264825 -3.87537e-06 -5.20839e-08 0.264825 -3.87537e-06 -5.20839e-08 0.264825 -3.87537e-06 -5.20839e-08 0.264825 -3.87537e-06 -5.20839e-08 0.264825 -3.87537e-06 -5.20839e-08 0.264825 -3.87537e-06 -5.20839e-08 0.264825 -3.87537e-06 -5.20839e-08 0.264825 -3.87537e-06 -5.20839e-08 0.264825 -3.87537e-06 -5.20839e-08 0.264825 -3.87537e-06</float_array><technique_common><accessor source="#hpl_mixamorigwRightHand-trans-array" count="35" stride="3" /></technique_common></source>
      <source id="hpl_mixamorigwRightHand-rotz"><float_array id="hpl_mixamorigwRightHand-rotz-array" count="35">4.37133 3.94936 3.50168 3.32493 3.48043 3.82219 4.13647 4.13797 3.71903 3.17237 2.73558 2.39255 2.347 2.32058 2.11978 1.75634 1.73174 2.05031 2.74946 3.59464 4.04255 3.80004 3.2469 3.03266 3.36967 4.41115 5.47982 5.74222 5.68812 5.87277 6.17573 6.78214 6.71694 6.1681 4.37133</float_array><technique_common><accessor source="#hpl_mixamorigwRightHand-rotz-array" count="35" stride="1" /></technique_common></source>
      <source id="hpl_mixamorigwRightHand-roty"><float_array id="hpl_mixamorigwRightHand-roty-array" count="35">4.88263 3.98773 2.41181 0.866093 -0.0833738 -0.945169 -1.66578 -2.08843 -2.35181 -2.60179 -3.00117 -3.68235 -3.91757 -3.83072 -3.11662 -1.30371 -0.402344 -2.10223 -5.22321 -7.10647 -7.05627 -5.49097 -3.65237 -2.49741 -2.06244 -2.49824 -2.71001 -2.35997 -2.13437 -1.65025 -0.657486 1.05828 2.4791 3.93946 4.88263</float_array><technique_common><accessor source="#hpl_mixamorigwRightHand-roty-array" count="35" stride="1" /></technique_common></source>
      <source id="hpl_mixamorigwRightHand-rotx"><float_array id="hpl_mixamorigwRightHand-rotx-array" count="35">2.59077 2.14744 1.17483 0.055009 -0.982908 -1.99685 -2.9763 -3.96854 -5.00237 -5.68615 -5.82051 -6.10863 -6.66471 -7.1925 -7.83634 -7.26883 -5.26384 -1.788 1.27893 2.50117 2.30598 1.66562 1.29559 1.2777 1.36532 1.62927 1.9973 1.92806 2.09178 2.64173 3.19453 3.37702 3.00536 2.4044 2.59077</float_array><technique_common><accessor source="#hpl_mixamorigwRightHand-rotx-array" count="35" stride="1" /></technique_common></source>
      <sampler id="hpl_mixamorigwRightHand-trans-sampler"><input semantic="INPUT" source="#hpl_mixamorigwRightHand-time" /><input semantic="OUTPUT" source="#hpl_mixamorigwRightHand-trans" /></sampler><channel source="#hpl_mixamorigwRightHand-trans-sampler" target="mixamorigwRightHand/translate" />
      <sampler id="hpl_mixamorigwRightHand-rotz-sampler"><input semantic="INPUT" source="#hpl_mixamorigwRightHand-time" /><input semantic="OUTPUT" source="#hpl_mixamorigwRightHand-rotz" /></sampler><channel source="#hpl_mixamorigwRightHand-rotz-sampler" target="mixamorigwRightHand/rotateZ.ANGLE" />
      <sampler id="hpl_mixamorigwRightHand-roty-sampler"><input semantic="INPUT" source="#hpl_mixamorigwRightHand-time" /><input semantic="OUTPUT" source="#hpl_mixamorigwRightHand-roty" /></sampler><channel source="#hpl_mixamorigwRightHand-roty-sampler" target="mixamorigwRightHand/rotateY.ANGLE" />
      <sampler id="hpl_mixamorigwRightHand-rotx-sampler"><input semantic="INPUT" source="#hpl_mixamorigwRightHand-time" /><input semantic="OUTPUT" source="#hpl_mixamorigwRightHand-rotx" /></sampler><channel source="#hpl_mixamorigwRightHand-rotx-sampler" target="mixamorigwRightHand/rotateX.ANGLE" />
    </animation>
    <animation id="hpl_mixamorigwNeck">
      <source id="hpl_mixamorigwNeck-time"><float_array id="hpl_mixamorigwNeck-time-array" count="35">0 1 2 3 4 5 6 7 8 9 10 11 12 13 14 15 16 17 18 19 20 21 22 23 24 25 26 27 28 29 30 31 32 33 34</float_array><technique_common><accessor source="#hpl_mixamorigwNeck-time-array" count="35" stride="1" /></technique_common></source>
      <source id="hpl_mixamorigwNeck-trans"><float_array id="hpl_mixamorigwNeck-trans-array" count="105">0.00029939 0.0947524 0.00492966 0.00029939 0.0947524 0.00492966 0.00029939 0.0947524 0.00492966 0.00029939 0.0947524 0.00492966 0.00029939 0.0947524 0.00492966 0.00029939 0.0947524 0.00492966 0.00029939 0.0947524 0.00492966 0.00029939 0.0947524 0.00492966 0.00029939 0.0947524 0.00492966 0.00029939 0.0947524 0.00492966 0.00029939 0.0947524 0.00492966 0.00029939 0.0947524 0.00492966 0.00029939 0.0947524 0.00492966 0.00029939 0.0947524 0.00492966 0.00029939 0.0947524 0.00492966 0.00029939 0.0947524 0.00492966 0.00029939 0.0947524 0.00492966 0.00029939 0.0947524 0.00492966 0.00029939 0.0947524 0.00492966 0.00029939 0.0947524 0.00492966 0.00029939 0.0947524 0.00492966 0.00029939 0.0947524 0.00492966 0.00029939 0.0947524 0.00492966 0.00029939 0.0947524 0.00492966 0.00029939 0.0947524 0.00492966 0.00029939 0.0947524 0.00492966 0.00029939 0.0947524 0.00492966 0.00029939 0.0947524 0.00492966 0.00029939 0.0947524 0.00492966 0.00029939 0.0947524 0.00492966 0.00029939 0.0947524 0.00492966 0.00029939 0.0947524 0.00492966 0.00029939 0.0947524 0.00492966 0.00029939 0.0947524 0.00492966 0.00029939 0.0947524 0.00492966</float_array><technique_common><accessor source="#hpl_mixamorigwNeck-trans-array" count="35" stride="3" /></technique_common></source>
      <source id="hpl_mixamorigwNeck-rotz"><float_array id="hpl_mixamorigwNeck-rotz-array" count="35">4.58705 4.51146 4.23126 3.72687 3.07445 2.26717 1.36982 0.432602 -0.473405 -1.36347 -1.98622 -2.06208 -1.49378 -0.523305 0.366953 0.497803 0.204326 -0.116334 -0.402641 -0.341679 0.215689 1.16894 2.37988 3.65194 4.96897 6.11797 6.81512 7.08779 6.91599 6.52087 6.15565 5.78313 5.89599 6.20292 4.58705</float_array><technique_common><accessor source="#hpl_mixamorigwNeck-rotz-array" count="35" stride="1" /></technique_common></source>
      <source id="hpl_mixamorigwNeck-roty"><float_array id="hpl_mixamorigwNeck-roty-array" count="35">1.15649 1.06479 1.09258 1.30827 1.66572 2.09121 2.42117 2.63859 2.93117 3.36979 3.5654 3.52573 3.34236 3.05807 2.6666 2.5706 2.84662 3.23574 3.48595 3.44981 3.16787 2.61737 1.89028 1.20018 0.710283 0.390143 0.223538 0.338195 0.56737 0.842828 1.09191 1.17967 1.01555 0.761137 1.15649</float_array><technique_common><accessor source="#hpl_mixamorigwNeck-roty-array" count="35" stride="1" /></technique_common></source>
      <source id="hpl_mixamorigwNeck-rotx"><float_array id="hpl_mixamorigwNeck-rotx-array" count="35">19.074 19.7281 20.5886 21.4831 22.1766 22.608 22.7939 22.7587 22.6453 22.4416 21.9478 21.4219 20.9169 20.4479 20.5175 21.2024 21.8421 22.4192 23.027 23.6479 24.1177 24.332 24.2773 24.0052 23.6242 23.1966 22.5707 21.6547 20.8336 19.9073 19.3578 19.3457 19.6624 19.9279 19.074</float_array><technique_common><accessor source="#hpl_mixamorigwNeck-rotx-array" count="35" stride="1" /></technique_common></source>
      <sampler id="hpl_mixamorigwNeck-trans-sampler"><input semantic="INPUT" source="#hpl_mixamorigwNeck-time" /><input semantic="OUTPUT" source="#hpl_mixamorigwNeck-trans" /></sampler><channel source="#hpl_mixamorigwNeck-trans-sampler" target="mixamorigwNeck/translate" />
      <sampler id="hpl_mixamorigwNeck-rotz-sampler"><input semantic="INPUT" source="#hpl_mixamorigwNeck-time" /><input semantic="OUTPUT" source="#hpl_mixamorigwNeck-rotz" /></sampler><channel source="#hpl_mixamorigwNeck-rotz-sampler" target="mixamorigwNeck/rotateZ.ANGLE" />
      <sampler id="hpl_mixamorigwNeck-roty-sampler"><input semantic="INPUT" source="#hpl_mixamorigwNeck-time" /><input semantic="OUTPUT" source="#hpl_mixamorigwNeck-roty" /></sampler><channel source="#hpl_mixamorigwNeck-roty-sampler" target="mixamorigwNeck/rotateY.ANGLE" />
      <sampler id="hpl_mixamorigwNeck-rotx-sampler"><input semantic="INPUT" source="#hpl_mixamorigwNeck-time" /><input semantic="OUTPUT" source="#hpl_mixamorigwNeck-rotx" /></sampler><channel source="#hpl_mixamorigwNeck-rotx-sampler" target="mixamorigwNeck/rotateX.ANGLE" />
    </animation>
    <animation id="hpl_mixamorigwHead">
      <source id="hpl_mixamorigwHead-time"><float_array id="hpl_mixamorigwHead-time-array" count="35">0 1 2 3 4 5 6 7 8 9 10 11 12 13 14 15 16 17 18 19 20 21 22 23 24 25 26 27 28 29 30 31 32 33 34</float_array><technique_common><accessor source="#hpl_mixamorigwHead-time-array" count="35" stride="1" /></technique_common></source>
      <source id="hpl_mixamorigwHead-trans"><float_array id="hpl_mixamorigwHead-trans-array" count="105">2.00016e-09 0.0722285 -1.48066e-06 2.00016e-09 0.0722285 -1.48066e-06 2.00016e-09 0.0722285 -1.48066e-06 2.00016e-09 0.0722285 -1.48066e-06 2.00016e-09 0.0722285 -1.48066e-06 2.00016e-09 0.0722285 -1.48066e-06 2.00016e-09 0.0722285 -1.48066e-06 2.00016e-09 0.0722285 -1.48066e-06 2.00016e-09 0.0722285 -1.48066e-06 2.00016e-09 0.0722285 -1.48066e-06 2.00016e-09 0.0722285 -1.48066e-06 2.00016e-09 0.0722285 -1.48066e-06 2.00016e-09 0.0722285 -1.48066e-06 2.00016e-09 0.0722285 -1.48066e-06 2.00016e-09 0.0722285 -1.48066e-06 2.00016e-09 0.0722285 -1.48066e-06 2.00016e-09 0.0722285 -1.48066e-06 2.00016e-09 0.0722285 -1.48066e-06 2.00016e-09 0.0722285 -1.48066e-06 2.00016e-09 0.0722285 -1.48066e-06 2.00016e-09 0.0722285 -1.48066e-06 2.00016e-09 0.0722285 -1.48066e-06 2.00016e-09 0.0722285 -1.48066e-06 2.00016e-09 0.0722285 -1.48066e-06 2.00016e-09 0.0722285 -1.48066e-06 2.00016e-09 0.0722285 -1.48066e-06 2.00016e-09 0.0722285 -1.48066e-06 2.00016e-09 0.0722285 -1.48066e-06 2.00016e-09 0.0722285 -1.48066e-06 2.00016e-09 0.0722285 -1.48066e-06 2.00016e-09 0.0722285 -1.48066e-06 2.00016e-09 0.0722285 -1.48066e-06 2.00016e-09 0.0722285 -1.48066e-06 2.00016e-09 0.0722285 -1.48066e-06 2.00016e-09 0.0722285 -1.48066e-06</float_array><technique_common><accessor source="#hpl_mixamorigwHead-trans-array" count="35" stride="3" /></technique_common></source>
      <source id="hpl_mixamorigwHead-rotz"><float_array id="hpl_mixamorigwHead-rotz-array" count="35">-0.733726 -0.403198 -0.0230141 0.324298 0.535427 0.615171 0.610516 0.436656 0.129106 -0.137328 -0.423052 -0.392836 -0.278694 -0.220734 -0.196195 -0.105629 -0.319827 -0.693927 -1.0176 -1.26851 -1.50613 -1.70365 -1.84408 -1.83764 -1.73954 -1.65813 -1.49049 -1.41224 -1.49519 -1.60703 -1.7155 -1.66904 -1.5913 -1.43113 -0.733726</float_array><technique_common><accessor source="#hpl_mixamorigwHead-rotz-array" count="35" stride="1" /></technique_common></source>
      <source id="hpl_mixamorigwHead-roty"><float_array id="hpl_mixamorigwHead-roty-array" count="35">2.53929 2.13411 1.75497 1.40585 1.03952 0.725344 0.543301 0.524072 0.579352 0.685341 0.520444 0.23179 -0.247247 -0.814726 -1.55862 -2.05512 -1.87529 -1.15718 -0.239632 0.497389 0.935523 1.26309 1.46563 1.49505 1.19181 0.706284 0.201027 -0.117794 0.268213 0.714722 1.31148 2.1735 2.59633 2.53012 2.53929</float_array><technique_common><accessor source="#hpl_mixamorigwHead-roty-array" count="35" stride="1" /></technique_common></source>
      <source id="hpl_mixamorigwHead-rotx"><float_array id="hpl_mixamorigwHead-rotx-array" count="35">0.959145 1.29716 1.90922 2.61148 3.12951 3.36746 3.27973 2.84401 2.29727 2.09404 1.91966 1.88948 2.63922 3.38705 3.29293 2.90595 2.7493 2.80097 3.21579 3.70759 4.0554 4.0899 3.88632 3.53394 3.20901 2.96206 2.87695 2.41242 2.13972 2.69992 3.53287 3.82596 3.96725 4.10541 0.959145</float_array><technique_common><accessor source="#hpl_mixamorigwHead-rotx-array" count="35" stride="1" /></technique_common></source>
      <sampler id="hpl_mixamorigwHead-trans-sampler"><input semantic="INPUT" source="#hpl_mixamorigwHead-time" /><input semantic="OUTPUT" source="#hpl_mixamorigwHead-trans" /></sampler><channel source="#hpl_mixamorigwHead-trans-sampler" target="mixamorigwHead/translate" />
      <sampler id="hpl_mixamorigwHead-rotz-sampler"><input semantic="INPUT" source="#hpl_mixamorigwHead-time" /><input semantic="OUTPUT" source="#hpl_mixamorigwHead-rotz" /></sampler><channel source="#hpl_mixamorigwHead-rotz-sampler" target="mixamorigwHead/rotateZ.ANGLE" />
      <sampler id="hpl_mixamorigwHead-roty-sampler"><input semantic="INPUT" source="#hpl_mixamorigwHead-time" /><input semantic="OUTPUT" source="#hpl_mixamorigwHead-roty" /></sampler><channel source="#hpl_mixamorigwHead-roty-sampler" target="mixamorigwHead/rotateY.ANGLE" />
      <sampler id="hpl_mixamorigwHead-rotx-sampler"><input semantic="INPUT" source="#hpl_mixamorigwHead-time" /><input semantic="OUTPUT" source="#hpl_mixamorigwHead-rotx" /></sampler><channel source="#hpl_mixamorigwHead-rotx-sampler" target="mixamorigwHead/rotateX.ANGLE" />
    </animation>
    <animation id="hpl_mixamorigwHeadTop_End">
      <source id="hpl_mixamorigwHeadTop_End-time"><float_array id="hpl_mixamorigwHeadTop_End-time-array" count="35">0 1 2 3 4 5 6 7 8 9 10 11 12 13 14 15 16 17 18 19 20 21 22 23 24 25 26 27 28 29 30 31 32 33 34</float_array><technique_common><accessor source="#hpl_mixamorigwHeadTop_End-time-array" count="35" stride="1" /></technique_common></source>
      <source id="hpl_mixamorigwHeadTop_End-trans"><float_array id="hpl_mixamorigwHeadTop_End-trans-array" count="105">-3.0402e-09 0.242221 -0.111258 -3.0402e-09 0.242221 -0.111258 -3.0402e-09 0.242221 -0.111258 -3.0402e-09 0.242221 -0.111258 -3.0402e-09 0.242221 -0.111258 -3.0402e-09 0.242221 -0.111258 -3.0402e-09 0.242221 -0.111258 -3.0402e-09 0.242221 -0.111258 -3.0402e-09 0.242221 -0.111258 -3.0402e-09 0.242221 -0.111258 -3.0402e-09 0.242221 -0.111258 -3.0402e-09 0.242221 -0.111258 -3.0402e-09 0.242221 -0.111258 -3.0402e-09 0.242221 -0.111258 -3.0402e-09 0.242221 -0.111258 -3.0402e-09 0.242221 -0.111258 -3.0402e-09 0.242221 -0.111258 -3.0402e-09 0.242221 -0.111258 -3.0402e-09 0.242221 -0.111258 -3.0402e-09 0.242221 -0.111258 -3.0402e-09 0.242221 -0.111258 -3.0402e-09 0.242221 -0.111258 -3.0402e-09 0.242221 -0.111258 -3.0402e-09 0.242221 -0.111258 -3.0402e-09 0.242221 -0.111258 -3.0402e-09 0.242221 -0.111258 -3.0402e-09 0.242221 -0.111258 -3.0402e-09 0.242221 -0.111258 -3.0402e-09 0.242221 -0.111258 -3.0402e-09 0.242221 -0.111258 -3.0402e-09 0.242221 -0.111258 -3.0402e-09 0.242221 -0.111258 -3.0402e-09 0.242221 -0.111258 -3.0402e-09 0.242221 -0.111258 -3.0402e-09 0.242221 -0.111258</float_array><technique_common><accessor source="#hpl_mixamorigwHeadTop_End-trans-array" count="35" stride="3" /></technique_common></source>
      <source id="hpl_mixamorigwHeadTop_End-rotz"><float_array id="hpl_mixamorigwHeadTop_End-rotz-array" count="35">-1.59667e-08 -1.59667e-08 -1.59667e-08 -1.59667e-08 -1.59667e-08 -1.59667e-08 -1.59667e-08 -1.59667e-08 -1.59667e-08 -1.59667e-08 -1.59667e-08 -1.59667e-08 -1.59667e-08 -1.59667e-08 -1.59667e-08 -1.59667e-08 -1.59667e-08 -1.59667e-08 -1.59667e-08 -1.59667e-08 -1.59667e-08 -1.59667e-08 -1.59667e-08 -1.59667e-08 -1.59667e-08 -1.59667e-08 -1.59667e-08 -1.59667e-08 -1.59667e-08 -1.59667e-08 -1.59667e-08 -1.59667e-08 -1.59667e-08 -1.59667e-08 -1.59667e-08</float_array><technique_common><accessor source="#hpl_mixamorigwHeadTop_End-rotz-array" count="35" stride="1" /></technique_common></source>
      <source id="hpl_mixamorigwHeadTop_End-roty"><float_array id="hpl_mixamorigwHeadTop_End-roty-array" count="35">1.91978e-07 1.91978e-07 1.91978e-07 1.91978e-07 1.91978e-07 1.91978e-07 1.91978e-07 1.91978e-07 1.91978e-07 1.91978e-07 1.91978e-07 1.91978e-07 1.91978e-07 1.91978e-07 1.91978e-07 1.91978e-07 1.91978e-07 1.91978e-07 1.91978e-07 1.91978e-07 1.91978e-07 1.91978e-07 1.91978e-07 1.91978e-07 1.91978e-07 1.91978e-07 1.91978e-07 1.91978e-07 1.91978e-07 1.91978e-07 1.91978e-07 1.91978e-07 1.91978e-07 1.91978e-07 1.91978e-07</float_array><technique_common><accessor source="#hpl_mixamorigwHeadTop_End-roty-array" count="35" stride="1" /></technique_common></source>
      <source id="hpl_mixamorigwHeadTop_End-rotx"><float_array id="hpl_mixamorigwHeadTop_End-rotx-array" count="35">-24.6705 -24.6705 -24.6705 -24.6705 -24.6705 -24.6705 -24.6705 -24.6705 -24.6705 -24.6705 -24.6705 -24.6705 -24.6705 -24.6705 -24.6705 -24.6705 -24.6705 -24.6705 -24.6705 -24.6705 -24.6705 -24.6705 -24.6705 -24.6705 -24.6705 -24.6705 -24.6705 -24.6705 -24.6705 -24.6705 -24.6705 -24.6705 -24.6705 -24.6705 -24.6705</float_array><technique_common><accessor source="#hpl_mixamorigwHeadTop_End-rotx-array" count="35" stride="1" /></technique_common></source>
      <sampler id="hpl_mixamorigwHeadTop_End-trans-sampler"><input semantic="INPUT" source="#hpl_mixamorigwHeadTop_End-time" /><input semantic="OUTPUT" source="#hpl_mixamorigwHeadTop_End-trans" /></sampler><channel source="#hpl_mixamorigwHeadTop_End-trans-sampler" target="mixamorigwHeadTop_End/translate" />
      <sampler id="hpl_mixamorigwHeadTop_End-rotz-sampler"><input semantic="INPUT" source="#hpl_mixamorigwHeadTop_End-time" /><input semantic="OUTPUT" source="#hpl_mixamorigwHeadTop_End-rotz" /></sampler><channel source="#hpl_mixamorigwHeadTop_End-rotz-sampler" target="mixamorigwHeadTop_End/rotateZ.ANGLE" />
      <sampler id="hpl_mixamorigwHeadTop_End-roty-sampler"><input semantic="INPUT" source="#hpl_mixamorigwHeadTop_End-time" /><input semantic="OUTPUT" source="#hpl_mixamorigwHeadTop_End-roty" /></sampler><channel source="#hpl_mixamorigwHeadTop_End-roty-sampler" target="mixamorigwHeadTop_End/rotateY.ANGLE" />
      <sampler id="hpl_mixamorigwHeadTop_End-rotx-sampler"><input semantic="INPUT" source="#hpl_mixamorigwHeadTop_End-time" /><input semantic="OUTPUT" source="#hpl_mixamorigwHeadTop_End-rotx" /></sampler><channel source="#hpl_mixamorigwHeadTop_End-rotx-sampler" target="mixamorigwHeadTop_End/rotateX.ANGLE" />
    </animation>
    <animation id="hpl_mixamorigwHeadFront">
      <source id="hpl_mixamorigwHeadFront-time"><float_array id="hpl_mixamorigwHeadFront-time-array" count="35">0 1 2 3 4 5 6 7 8 9 10 11 12 13 14 15 16 17 18 19 20 21 22 23 24 25 26 27 28 29 30 31 32 33 34</float_array><technique_common><accessor source="#hpl_mixamorigwHeadFront-time-array" count="35" stride="1" /></technique_common></source>
      <source id="hpl_mixamorigwHeadFront-trans"><float_array id="hpl_mixamorigwHeadFront-trans-array" count="105">-6.45422e-09 0.0827475 0.111256 -6.45422e-09 0.0827475 0.111256 -6.45422e-09 0.0827475 0.111256 -6.45422e-09 0.0827475 0.111256 -6.45422e-09 0.0827475 0.111256 -6.45422e-09 0.0827475 0.111256 -6.45422e-09 0.0827475 0.111256 -6.45422e-09 0.0827475 0.111256 -6.45422e-09 0.0827475 0.111256 -6.45422e-09 0.0827475 0.111256 -6.45422e-09 0.0827475 0.111256 -6.45422e-09 0.0827475 0.111256 -6.45422e-09 0.0827475 0.111256 -6.45422e-09 0.0827475 0.111256 -6.45422e-09 0.0827475 0.111256 -6.45422e-09 0.0827475 0.111256 -6.45422e-09 0.0827475 0.111256 -6.45422e-09 0.0827475 0.111256 -6.45422e-09 0.0827475 0.111256 -6.45422e-09 0.0827475 0.111256 -6.45422e-09 0.0827475 0.111256 -6.45422e-09 0.0827475 0.111256 -6.45422e-09 0.0827475 0.111256 -6.45422e-09 0.0827475 0.111256 -6.45422e-09 0.0827475 0.111256 -6.45422e-09 0.0827475 0.111256 -6.45422e-09 0.0827475 0.111256 -6.45422e-09 0.0827475 0.111256 -6.45422e-09 0.0827475 0.111256 -6.45422e-09 0.0827475 0.111256 -6.45422e-09 0.0827475 0.111256 -6.45422e-09 0.0827475 0.111256 -6.45422e-09 0.0827475 0.111256 -6.45422e-09 0.0827475 0.111256 -6.45422e-09 0.0827475 0.111256</float_array><technique_common><accessor source="#hpl_mixamorigwHeadFront-trans-array" count="35" stride="3" /></technique_common></source>
      <source id="hpl_mixamorigwHeadFront-rotz"><float_array id="hpl_mixamorigwHeadFront-rotz-array" count="35">6.88863e-06 6.88863e-06 6.88863e-06 6.88863e-06 6.88863e-06 6.88863e-06 6.88863e-06 6.88863e-06 6.88863e-06 6.88863e-06 6.88863e-06 6.88863e-06 6.88863e-06 6.88863e-06 6.88863e-06 6.88863e-06 6.88863e-06 6.88863e-06 6.88863e-06 6.88863e-06 6.88863e-06 6.88863e-06 6.88863e-06 6.88863e-06 6.88863e-06 6.88863e-06 6.88863e-06 6.88863e-06 6.88863e-06 6.88863e-06 6.88863e-06 6.88863e-06 6.88863e-06 6.88863e-06 6.88863e-06</float_array><technique_common><accessor source="#hpl_mixamorigwHeadFront-rotz-array" count="35" stride="1" /></technique_common></source>
      <source id="hpl_mixamorigwHeadFront-roty"><float_array id="hpl_mixamorigwHeadFront-roty-array" count="35">5.39189e-06 5.39189e-06 5.39189e-06 5.39189e-06 5.39189e-06 5.39189e-06 5.39189e-06 5.39189e-06 5.39189e-06 5.39189e-06 5.39189e-06 5.39189e-06 5.39189e-06 5.39189e-06 5.39189e-06 5.39189e-06 5.39189e-06 5.39189e-06 5.39189e-06 5.39189e-06 5.39189e-06 5.39189e-06 5.39189e-06 5.39189e-06 5.39189e-06 5.39189e-06 5.39189e-06 5.39189e-06 5.39189e-06 5.39189e-06 5.39189e-06 5.39189e-06 5.39189e-06 5.39189e-06 5.39189e-06</float_array><technique_common><accessor source="#hpl_mixamorigwHeadFront-roty-array" count="35" stride="1" /></technique_common></source>
      <source id="hpl_mixamorigwHeadFront-rotx"><float_array id="hpl_mixamorigwHeadFront-rotx-array" count="35">53.3605 53.3605 53.3605 53.3605 53.3605 53.3605 53.3605 53.3605 53.3605 53.3605 53.3605 53.3605 53.3605 53.3605 53.3605 53.3605 53.3605 53.3605 53.3605 53.3605 53.3605 53.3605 53.3605 53.3605 53.3605 53.3605 53.3605 53.3605 53.3605 53.3605 53.3605 53.3605 53.3605 53.3605 53.3605</float_array><technique_common><accessor source="#hpl_mixamorigwHeadFront-rotx-array" count="35" stride="1" /></technique_common></source>
      <sampler id="hpl_mixamorigwHeadFront-trans-sampler"><input semantic="INPUT" source="#hpl_mixamorigwHeadFront-time" /><input semantic="OUTPUT" source="#hpl_mixamorigwHeadFront-trans" /></sampler><channel source="#hpl_mixamorigwHeadFront-trans-sampler" target="mixamorigwHeadFront/translate" />
      <sampler id="hpl_mixamorigwHeadFront-rotz-sampler"><input semantic="INPUT" source="#hpl_mixamorigwHeadFront-time" /><input semantic="OUTPUT" source="#hpl_mixamorigwHeadFront-rotz" /></sampler><channel source="#hpl_mixamorigwHeadFront-rotz-sampler" target="mixamorigwHeadFront/rotateZ.ANGLE" />
      <sampler id="hpl_mixamorigwHeadFront-roty-sampler"><input semantic="INPUT" source="#hpl_mixamorigwHeadFront-time" /><input semantic="OUTPUT" source="#hpl_mixamorigwHeadFront-roty" /></sampler><channel source="#hpl_mixamorigwHeadFront-roty-sampler" target="mixamorigwHeadFront/rotateY.ANGLE" />
      <sampler id="hpl_mixamorigwHeadFront-rotx-sampler"><input semantic="INPUT" source="#hpl_mixamorigwHeadFront-time" /><input semantic="OUTPUT" source="#hpl_mixamorigwHeadFront-rotx" /></sampler><channel source="#hpl_mixamorigwHeadFront-rotx-sampler" target="mixamorigwHeadFront/rotateX.ANGLE" />
    </animation>
  </library_animations>
  <scene><instance_visual_scene url="#RootNode" /></scene>
</COLLADA>