<?xml version='1.0' encoding='utf-8'?>
<COLLADA xmlns="http://www.collada.org/2005/11/COLLADASchema" version="1.4.1">
  <asset>
    <contributor><author>hpl_dae_export</author><authoring_tool>Blender 4.2.0</authoring_tool></contributor>
    <unit name="meter" meter="1" />
    <up_axis>Y_UP</up_axis>
  </asset>
  <library_images>
    <image id="fisherman-diffuse-image"><init_from>fisherman.tga</init_from></image>
    <image id="fisherman-emission-image"><init_from>fisherman.tga</init_from></image>
    <image id="fisherman-normal-image"><init_from>fisherman.tga</init_from></image>
  </library_images>
  <library_effects>
    <effect id="fisherman-fx" name="fisherman"><profile_COMMON>
      <newparam sid="fisherman-diffuse-surface"><surface type="2D"><init_from>fisherman-diffuse-image</init_from></surface></newparam>
      <newparam sid="fisherman-diffuse-sampler"><sampler2D><source>fisherman-diffuse-surface</source></sampler2D></newparam>
      <newparam sid="fisherman-emission-surface"><surface type="2D"><init_from>fisherman-emission-image</init_from></surface></newparam>
      <newparam sid="fisherman-emission-sampler"><sampler2D><source>fisherman-emission-surface</source></sampler2D></newparam>
      <technique sid="common"><lambert>
        <diffuse><texture texture="fisherman-diffuse-sampler" texcoord="CHANNEL0" /></diffuse>
      </lambert></technique>
    </profile_COMMON></effect>
  </library_effects>
  <library_materials>
    <material id="fisherman" name="fisherman"><instance_effect url="#fisherman-fx" /></material>
  </library_materials>
  <library_geometries>
    <geometry id="Mesh_0_1" name="Mesh_0"><mesh>
      <source id="Mesh_0_1-vpos"><float_array id="Mesh_0_1-vpos-array" count="9">0.00385356 0.930354 0.00261113 0.0538536 0.930354 0.00261113 0.00385356 0.980354 0.00261113</float_array><technique_common><accessor source="#Mesh_0_1-vpos-array" count="3" stride="3"><param name="X" type="float" /><param name="Y" type="float" /><param name="Z" type="float" /></accessor></technique_common></source>
      <source id="Mesh_0_1-vnrm"><float_array id="Mesh_0_1-vnrm-array" count="9">0 0 1 0 0 1 0 0 1</float_array><technique_common><accessor source="#Mesh_0_1-vnrm-array" count="3" stride="3"><param name="X" type="float" /><param name="Y" type="float" /><param name="Z" type="float" /></accessor></technique_common></source>
      <source id="Mesh_0_1-vuv"><float_array id="Mesh_0_1-vuv-array" count="6">0 0 1 0 0 1</float_array><technique_common><accessor source="#Mesh_0_1-vuv-array" count="3" stride="2"><param name="S" type="float" /><param name="T" type="float" /></accessor></technique_common></source>
      <vertices id="Mesh_0_1-vertices"><input semantic="POSITION" source="#Mesh_0_1-vpos" /></vertices>
      <triangles count="1" material="fisherman"><input semantic="VERTEX" source="#Mesh_0_1-vertices" offset="0" /><input semantic="NORMAL" source="#Mesh_0_1-vnrm" offset="1" /><input semantic="TEXCOORD" source="#Mesh_0_1-vuv" offset="2" /><p>0 0 0 1 1 1 2 2 2</p></triangles>
    </mesh></geometry>
  </library_geometries>
  <library_controllers>
    <controller id="Mesh_0_1-skin" name="skinCluster0"><skin source="#Mesh_0_1">
      <bind_shape_matrix>1 0 0 0 0 1 0 0 0 0 1 0 0 0 0 1</bind_shape_matrix>
      <source id="Mesh_0_1-skin-joints"><Name_array id="Mesh_0_1-skin-joints-array" count="24">mixamorigwHips mixamorigwLeftUpLeg mixamorigwLeftLeg mixamorigwLeftFoot mixamorigwLeftToeBase mixamorigwRightUpLeg mixamorigwRightLeg mixamorigwRightFoot mixamorigwRightToeBase mixamorigwSpine mixamorigwSpine1 mixamorigwSpine2 mixamorigwLeftShoulder mixamorigwLeftArm mixamorigwLeftForeArm mixamorigwLeftHand mixamorigwRightShoulder mixamorigwRightArm mixamorigwRightForeArm mixamorigwRightHand mixamorigwNeck mixamorigwHead mixamorigwHeadTop_End mixamorigwHeadFront</Name_array><technique_common><accessor source="#Mesh_0_1-skin-joints-array" count="24" stride="1"><param name="JOINT" type="Name" /></accessor></technique_common></source>
      <source id="Mesh_0_1-skin-bind_poses"><float_array id="Mesh_0_1-skin-bind_poses-array" count="384">0.995654 -0.0706556 0.0606748 0.0617395 0.0606748 0.986367 0.152966 -0.918304 -0.0706556 -0.14862 0.986367 0.135966 0 0 0 1 0.987506 0.110599 -0.112224 -0.192852 0.112221 -0.993649 0.00820857 0.827625 -0.110608 -0.0207012 -0.993647 0.0319625 0 0 0 1 0.997899 0.0483261 -0.0431039 -0.163572 0.0431003 -0.992444 -0.114879 0.491283 -0.0483345 0.112779 -0.992441 -0.0435519 0 0 0 1 0.991665 0.0401088 -0.122417 -0.164225 0.12242 -0.589332 0.79856 0.0932067 -0.0401169 -0.806894 -0.589331 0.100617 0 0 0 1 0.98845 1.52724e-06 -0.151525 -0.159027 0.151529 1.19894e-06 0.988451 -0.122595 2.89593e-06 -1 -3.83631e-07 0.0450513 0 0 0 1 0.986516 -0.114477 0.11697 0.190951 -0.116969 -0.993028 0.0146532 0.827967 0.114475 -0.0281362 -0.993034 0.0386042 0 0 0 1 0.998801 -0.036863 0.0322266 0.154237 -0.0322263 -0.990438 -0.134143 0.496267 0.0368614 0.132944 -0.990444 -0.0532116 0 0 0 1 0.988978 -0.0470528 0.140387 0.158557 -0.140386 -0.599294 0.788129 0.0982823 0.0470483 -0.799145 -0.599297 0.100404 0 0 0 1 0.984503 3.39753e-06 0.175368 0.152382 -0.175366 -1.36198e-06 0.984509 -0.123749 3.72927e-06 -1 3.91846e-07 0.0442063 0 0 0 1 1 -1.71764e-08 8.57906e-09 -0.00385352 1.86215e-08 0.997908 -0.0646547 -1.05822 -1.37259e-08 0.0646548 0.997908 -0.0627574 0 0 0 1 1 2.1527e-09 -4.36512e-09 -0.00385352 -1.50402e-09 0.997908 -0.0646548 -1.1882 -2.05852e-09 0.0646549 0.997908 -0.0627575 0 0 0 1 0.99999 0.00335532 0.00298499 -0.00821328 -0.00298501 0.993196 -0.116419 -1.31312 -0.00335531 0.116409 0.993196 -0.131139 0 0 0 1 -0.0700626 2.25435e-08 -0.997542 -0.031264 0.997543 -1.94689e-09 -0.0700627 -0.0489319 -8.4671e-09 -1 -1.33846e-07 1.4023 0 0 0 1 -0.0851911 0.217152 -0.972413 -0.331312 0.972412 -0.194591 -0.128646 0.0551895 -0.217158 -0.956545 -0.194584 1.37956 0 0 0 1 0.0745823 -1.93176e-07 -0.997215 -0.110908 0.997215 1.44477e-08 0.0745821 -0.44392 2.52739e-08 -1 6.16613e-08 1.35562 0 0 0 1 0.179607 -0.0446324 -0.982725 -0.123041 0.982725 0.0534658 0.177179 -0.749711 0.0446343 -0.997572 0.0534641 1.32425 0 0 0 1 -0.068226 7.20686e-09 0.99767 0.0317219 -0.99767 -3.81843e-09 -0.0682259 -0.0419469 2.8041e-09 -1 -8.19561e-08 1.39841 0 0 0 1 -0.0941253 -0.218949 0.971186 0.331134 -0.971185 -0.194351 -0.137941 0.0577016 0.218953 -0.956185 -0.194347 1.37493 0 0 0 1 0.0585803 1.64504e-07 0.998283 0.101705 -0.998283 -5.27352e-09 0.0585803 -0.422405 5.23748e-09 -1 8.92534e-08 1.35562 0 0 0 1 0.0154347 -0.00113709 0.99988 0.0734875 -0.99988 -0.00115678 0.0154334 -0.689411 0.00113908 -0.999999 -0.00115489 1.35634 0 0 0 1 1 -4.14051e-10 -3.23964e-09 -0.00385352 1.50156e-09 0.997908 -0.0646546 -1.41306 -2.46922e-09 0.0646547 0.997908 -0.0627573 0 0 0 1 1 -1.63753e-09 2.20176e-09 -0.00385352 -2.71977e-09 0.802406 0.596779 -1.17263 -7.95038e-09 -0.596779 0.802406 0.913761 0 0 0 1 1 1.38458e-10 -6.53129e-10 -0.00385352 -2.9836e-10 0.97826 0.207383 -1.71355 -5.19879e-09 -0.207383 0.97826 0.3409 0 0 0 1 1 1.50996e-07 -1.55926e-09 -0.00385374 -4.24151e-09 1.78814e-07 1 -0.105248 1.50071e-07 -1 -2.34e-16 1.48624 0 0 0 1</float_array><technique_common><accessor count="24" offset="0" source="#Mesh_0_1-skin-bind_poses-array" stride="16"><param name="TRANSFORM" type="float4x4" /></accessor></technique_common></source>
      <source id="Mesh_0_1-skin-weights"><float_array id="Mesh_0_1-skin-weights-array" count="1">1</float_array><technique_common><accessor count="1" offset="0" source="#Mesh_0_1-skin-weights-array" stride="1"><param name="WEIGHT" type="float" /></accessor></technique_common></source>
      <joints><input semantic="JOINT" source="#Mesh_0_1-skin-joints" /><input semantic="INV_BIND_MATRIX" source="#Mesh_0_1-skin-bind_poses" /></joints>
      <vertex_weights count="3"><input semantic="JOINT" source="#Mesh_0_1-skin-joints" offset="0" /><input semantic="WEIGHT" source="#Mesh_0_1-skin-weights" offset="1" /><vcount>1 1 1</vcount><v>0 0 0 0 0 0</v></vertex_weights>
    </skin></controller>
  </library_controllers>
  <library_visual_scenes>
    <visual_scene id="RootNode" name="RootNode">
      <node id="mixamorigwHips" sid="mixamorigwHips" name="mixamorigwHips" type="JOINT">
        <translate sid="translate">0.00385352 0.930354 0.00261113</translate><rotate sid="rotateZ">0 0 1 -4.05913</rotate><rotate sid="rotateY">0 1 0 -3.47855</rotate><rotate sid="rotateX">1 0 0 8.81524</rotate>
        <node id="mixamorigwLeftUpLeg" sid="mixamorigwLeftUpLeg" name="mixamorigwLeftUpLeg" type="JOINT">
          <translate sid="translate">0.102945 -0.0788118 0.00660994</translate><rotate sid="rotateZ">0 0 1 8.90948</rotate><rotate sid="rotateY">0 1 0 11.3563</rotate><rotate sid="rotateX">1 0 0 171.327</rotate>
          <node id="mixamorigwLeftLeg" sid="mixamorigwLeftLeg" name="mixamorigwLeftLeg" type="JOINT">
            <translate sid="translate">-8.13454e-09 0.346171 -1.13726e-08</translate><rotate sid="rotateZ">0 0 1 3.65572</rotate><rotate sid="rotateY">0 1 0 3.93025</rotate><rotate sid="rotateX">1 0 0 7.48303</rotate>
            <node id="mixamorigwLeftFoot" sid="mixamorigwLeftFoot" name="mixamorigwLeftFoot" type="JOINT">
              <translate sid="translate">4.73857e-10 0.360407 -2.52724e-09</translate><rotate sid="rotateZ">0 0 1 0.976944</rotate><rotate sid="rotateY">0 1 0 -4.47872</rotate><rotate sid="rotateX">1 0 0 -60.1761</rotate>
              <node id="mixamorigwLeftToeBase" sid="mixamorigwLeftToeBase" name="mixamorigwLeftToeBase" type="JOINT">
                <translate sid="translate">-1.42157e-09 0.1657 -8.84533e-09</translate><rotate sid="rotateZ">0 0 1 -6.75391e-05</rotate><rotate sid="rotateY">0 1 0 -2.84563</rotate><rotate sid="rotateX">1 0 0 -36.1097</rotate>
              </node>
            </node>
          </node>
        </node>
        <node id="mixamorigwRightUpLeg" sid="mixamorigwRightUpLeg" name="mixamorigwRightUpLeg" type="JOINT">
          <translate sid="translate">-0.0932708 -0.0899162 0.0209563</translate><rotate sid="rotateZ">0 0 1 -2.01931</rotate><rotate sid="rotateY">0 1 0 -3.59382</rotate><rotate sid="rotateX">1 0 0 170.175</rotate>
          <node id="mixamorigwRightLeg" sid="mixamorigwRightLeg" name="mixamorigwRightLeg" type="JOINT">
            <translate sid="translate">4.2963e-08 0.343251 -1.83225e-08</translate><rotate sid="rotateZ">0 0 1 -4.59027</rotate><rotate sid="rotateY">0 1 0 -4.78256</rotate><rotate sid="rotateX">1 0 0 9.08711</rotate>
            <node id="mixamorigwRightFoot" sid="mixamorigwRightFoot" name="mixamorigwRightFoot" type="JOINT">
              <translate sid="translate">-2.29031e-09 0.361137 -1.26362e-09</translate><rotate sid="rotateZ">0 0 1 -0.236323</rotate><rotate sid="rotateY">0 1 0 6.24859</rotate><rotate sid="rotateX">1 0 0 -60.5293</rotate>
              <node id="mixamorigwRightToeBase" sid="mixamorigwRightToeBase" name="mixamorigwRightToeBase" type="JOINT">
                <translate sid="translate">-1.05828e-08 0.170855 -3.79086e-09</translate><rotate sid="rotateZ">0 0 1 -0.000162004</rotate><rotate sid="rotateY">0 1 0 3.36974</rotate><rotate sid="rotateX">1 0 0 -36.8193</rotate>
              </node>
            </node>
          </node>
        </node>
        <node id="mixamorigwSpine" sid="mixamorigwSpine" name="mixamorigwSpine" type="JOINT">
          <translate sid="translate">-0.00967438 0.126653 -0.0275663</translate><rotate sid="rotateZ">0 0 1 3.48727</rotate><rotate sid="rotateY">0 1 0 4.05164</rotate><rotate sid="rotateX">1 0 0 -12.2756</rotate>
          <node id="mixamorigwSpine1" sid="mixamorigwSpine1" name="mixamorigwSpine1" type="JOINT">
            <translate sid="translate">-1.86662e-08 0.129979 -4.9334e-08</translate><rotate sid="rotateZ">0 0 1 1.15311e-06</rotate><rotate sid="rotateY">0 1 0 6.68492e-07</rotate><rotate sid="rotateX">1 0 0 -6.83019e-06</rotate>
            <node id="mixamorigwSpine2" sid="mixamorigwSpine2" name="mixamorigwSpine2" type="JOINT">
              <translate sid="translate">9.64362e-11 0.129979 -7.93255e-12</translate><rotate sid="rotateZ">0 0 1 0.180787</rotate><rotate sid="rotateY">0 1 0 -0.1831</rotate><rotate sid="rotateX">1 0 0 -2.97848</rotate>
              <node id="mixamorigwLeftShoulder" sid="mixamorigwLeftShoulder" name="mixamorigwLeftShoulder" type="JOINT">
                <translate sid="translate">0.0430093 0.083534 -0.00243526</translate><rotate sid="rotateZ">0 0 1 122.121</rotate><rotate sid="rotateY">0 1 0 82.1044</rotate><rotate sid="rotateX">1 0 0 -147.932</rotate>
                <node id="mixamorigwLeftArm" sid="mixamorigwLeftArm" name="mixamorigwLeftArm" type="JOINT">
                  <translate sid="translate">-3.76339e-09 0.171492 1.66141e-07</translate><rotate sid="rotateZ">0 0 1 -0.989201</rotate><rotate sid="rotateY">0 1 0 12.5418</rotate><rotate sid="rotateX">1 0 0 11.4988</rotate>
                  <node id="mixamorigwLeftForeArm" sid="mixamorigwLeftForeArm" name="mixamorigwLeftForeArm" type="JOINT">
                    <translate sid="translate">1.13726e-07 0.239881 1.08671e-07</translate><rotate sid="rotateZ">0 0 1 11.7748</rotate><rotate sid="rotateY">0 1 0 -10.2443</rotate><rotate sid="rotateX">1 0 0 -13.5804</rotate>
                    <node id="mixamorigwLeftHand" sid="mixamorigwLeftHand" name="mixamorigwLeftHand" type="JOINT">
                      <translate sid="translate">-1.00174e-07 0.249492 -2.2856e-07</translate><rotate sid="rotateZ">0 0 1 6.08009</rotate><rotate sid="rotateY">0 1 0 -2.55809</rotate><rotate sid="rotateX">1 0 0 -3.06789</rotate>
                    </node>
                  </node>
                </node>
              </node>
              <node id="mixamorigwRightShoulder" sid="mixamorigwRightShoulder" name="mixamorigwRightShoulder" type="JOINT">
                <translate sid="translate">-0.0433087 0.0799122 -0.00249401</translate><rotate sid="rotateZ">0 0 1 -119.368</rotate><rotate sid="rotateY">0 1 0 -82.3545</rotate><rotate sid="rotateX">1 0 0 -151.042</rotate>
                <node id="mixamorigwRightArm" sid="mixamorigwRightArm" name="mixamorigwRightArm" type="JOINT">
                  <translate sid="translate">-2.55643e-09 0.174561 -1.58538e-07</translate><rotate sid="rotateZ">0 0 1 1.6236</rotate><rotate sid="rotateY">0 1 0 -12.6473</rotate><rotate sid="rotateX">1 0 0 11.4892</rotate>
                  <node id="mixamorigwRightForeArm" sid="mixamorigwRightForeArm" name="mixamorigwRightForeArm" type="JOINT">
                    <translate sid="translate">2.52724e-09 0.220142 -4.16994e-08</translate><rotate sid="rotateZ">0 0 1 -11.4125</rotate><rotate sid="rotateY">0 1 0 10.4389</rotate><rotate sid="rotateX">1 0 0 -13.5228</rotate>
                    <node id="mixamorigwRightHand" sid="mixamorigwRightHand" name="mixamorigwRightHand" type="JOINT">
                      <translate sid="translate">6.45904e-10 0.264825 7.17784e-08</translate><rotate sid="rotateZ">0 0 1 2.47394</rotate><rotate sid="rotateY">0 1 0 -0.0651601</rotate><rotate sid="rotateX">1 0 0 0.0662779</rotate>
                    </node>
                  </node>
                </node>
              </node>
              <node id="mixamorigwNeck" sid="mixamorigwNeck" name="mixamorigwNeck" type="JOINT">
                <translate sid="translate">0.000299392 0.0947565 0.00492932</translate><rotate sid="rotateZ">0 0 1 -0.17103</rotate><rotate sid="rotateY">0 1 0 0.192245</rotate><rotate sid="rotateX">1 0 0 2.97791</rotate>
                <node id="mixamorigwHead" sid="mixamorigwHead" name="mixamorigwHead" type="JOINT">
                  <translate sid="translate">1.24557e-10 0.0722313 -1.01185e-08</translate><rotate sid="rotateZ">0 0 1 -9.01109e-08</rotate><rotate sid="rotateY">0 1 0 -3.06585e-07</rotate><rotate sid="rotateX">1 0 0 40.3466</rotate>
                  <node id="mixamorigwHeadTop_End" sid="mixamorigwHeadTop_End" name="mixamorigwHeadTop_End" type="JOINT">
                    <translate sid="translate">-1.23344e-09 0.242215 -0.111256</translate><rotate sid="rotateZ">0 0 1 -1.59669e-08</rotate><rotate sid="rotateY">0 1 0 1.91978e-07</rotate><rotate sid="rotateX">1 0 0 -24.6705</rotate>
                  </node>
                  <node id="mixamorigwHeadFront" sid="mixamorigwHeadFront" name="mixamorigwHeadFront" type="JOINT">
                    <translate sid="translate">-3.06977e-10 0.0827447 0.111256</translate><rotate sid="rotateZ">0 0 1 6.88864e-06</rotate><rotate sid="rotateY">0 1 0 5.39189e-06</rotate><rotate sid="rotateX">1 0 0 53.3605</rotate>
                  </node>
                </node>
              </node>
            </node>
          </node>
        </node>
      </node>
      <node id="Mesh_0" name="Mesh_0" type="NODE">
        <translate sid="translate">0 0 0</translate><rotate sid="rotateZ">0 0 1 0</rotate><rotate sid="rotateY">0 1 0 -0</rotate><rotate sid="rotateX">1 0 0 -90</rotate><scale sid="scale">100 100 100</scale><instance_controller url="#Mesh_0_1-skin">
          <skeleton>#mixamorigwHips</skeleton>
          <bind_material><technique_common><instance_material symbol="defaultMaterial" target="#%s"><bind_vertex_input semantic="CHANNEL0" input_semantic="TEXCOORD" input_set="0" /></instance_material></technique_common></bind_material>
        </instance_controller>
      </node>
    </visual_scene>
  </library_visual_scenes>
  <library_animations>
    <animation id="hpl_mixamorigwHips">
      <source id="hpl_mixamorigwHips-time"><float_array id="hpl_mixamorigwHips-time-array" count="19">0 1 2 3 4 5 6 7 8 9 10 11 12 13 14 15 16 17 18</float_array><technique_common><accessor source="#hpl_mixamorigwHips-time-array" count="19" stride="1" /></technique_common></source>
      <source id="hpl_mixamorigwHips-trans"><float_array id="hpl_mixamorigwHips-trans-array" count="57">0.00428255 0.820131 0.00259555 0.00482237 0.886953 0.016919 0.00657085 0.881396 0.0162039 0.00972449 0.856835 0.00578868 0.0100727 0.841035 -0.00355459 0.00890936 0.842933 -0.0146046 0.00820569 0.85008 -0.0173355 0.00686055 0.862851 -0.0213221 0.00456587 0.865951 -0.0274588 0.00406845 0.836491 -0.0278999 0.00466402 0.835109 -0.0149126 0.00444523 0.899225 -0.00806944 0.00224838 0.883899 -0.00470357 2.67823e-05 0.865296 -0.00363267 -0.00118115 0.862928 -0.00521825 -0.000702337 0.871417 -0.00625334 0.00180828 0.883668 -0.00805376 0.00356726 0.8896 -0.00720596 0.00428255 0.820131 0.00259555</float_array><technique_common><accessor source="#hpl_mixamorigwHips-trans-array" count="19" stride="3" /></technique_common></source>
      <source id="hpl_mixamorigwHips-rotz"><float_array id="hpl_mixamorigwHips-rotz-array" count="19">-0.832584 -2.62001 -3.53404 -1.74923 1.2063 0.93861 -0.946027 -3.48073 -5.31899 -4.83827 -3.14712 -2.12477 -2.96371 -5.96104 -7.38395 -6.17608 -3.56848 -1.21932 -0.832584</float_array><technique_common><accessor source="#hpl_mixamorigwHips-rotz-array" count="19" stride="1" /></technique_common></source>
      <source id="hpl_mixamorigwHips-roty"><float_array id="hpl_mixamorigwHips-roty-array" count="19">0.990382 1.35231 1.24415 1.54196 2.0547 1.98222 2.17937 2.67008 3.07215 4.02144 4.63479 4.40257 3.78007 2.72555 2.46513 3.0765 3.36606 3.16061 0.990382</float_array><technique_common><accessor source="#hpl_mixamorigwHips-roty-array" count="19" stride="1" /></technique_common></source>
      <source id="hpl_mixamorigwHips-rotx"><float_array id="hpl_mixamorigwHips-rotx-array" count="19">20.6797 17.7014 15.042 14.1002 13.8203 12.5549 12.0892 12.646 13.2561 13.0193 11.4356 9.39132 8.51097 7.62776 6.91984 7.34496 9.83319 13.1206 20.6797</float_array><technique_common><accessor source="#hpl_mixamorigwHips-rotx-array" count="19" stride="1" /></technique_common></source>
      <sampler id="hpl_mixamorigwHips-trans-sampler"><input semantic="INPUT" source="#hpl_mixamorigwHips-time" /><input semantic="OUTPUT" source="#hpl_mixamorigwHips-trans" /></sampler><channel source="#hpl_mixamorigwHips-trans-sampler" target="mixamorigwHips/translate" />
      <sampler id="hpl_mixamorigwHips-rotz-sampler"><input semantic="INPUT" source="#hpl_mixamorigwHips-time" /><input semantic="OUTPUT" source="#hpl_mixamorigwHips-rotz" /></sampler><channel source="#hpl_mixamorigwHips-rotz-sampler" target="mixamorigwHips/rotateZ.ANGLE" />
      <sampler id="hpl_mixamorigwHips-roty-sampler"><input semantic="INPUT" source="#hpl_mixamorigwHips-time" /><input semantic="OUTPUT" source="#hpl_mixamorigwHips-roty" /></sampler><channel source="#hpl_mixamorigwHips-roty-sampler" target="mixamorigwHips/rotateY.ANGLE" />
      <sampler id="hpl_mixamorigwHips-rotx-sampler"><input semantic="INPUT" source="#hpl_mixamorigwHips-time" /><input semantic="OUTPUT" source="#hpl_mixamorigwHips-rotx" /></sampler><channel source="#hpl_mixamorigwHips-rotx-sampler" target="mixamorigwHips/rotateX.ANGLE" />
    </animation>
    <animation id="hpl_mixamorigwLeftUpLeg">
      <source id="hpl_mixamorigwLeftUpLeg-time"><float_array id="hpl_mixamorigwLeftUpLeg-time-array" count="19">0 1 2 3 4 5 6 7 8 9 10 11 12 13 14 15 16 17 18</float_array><technique_common><accessor source="#hpl_mixamorigwLeftUpLeg-time-array" count="19" stride="1" /></technique_common></source>
      <source id="hpl_mixamorigwLeftUpLeg-trans"><float_array id="hpl_mixamorigwLeftUpLeg-trans-array" count="57">0.102945 -0.0788121 0.00660996 0.102945 -0.0788121 0.00660996 0.102945 -0.0788121 0.00660996 0.102945 -0.0788121 0.00660996 0.102945 -0.0788121 0.00660996 0.102945 -0.0788121 0.00660996 0.102945 -0.0788121 0.00660996 0.102945 -0.0788121 0.00660996 0.102945 -0.0788121 0.00660996 0.102945 -0.0788121 0.00660996 0.102945 -0.0788121 0.00660996 0.102945 -0.0788121 0.00660996 0.102945 -0.0788121 0.00660996 0.102945 -0.0788121 0.00660996 0.102945 -0.0788121 0.00660996 0.102945 -0.0788121 0.00660996 0.102945 -0.0788121 0.00660996 0.102945 -0.0788121 0.00660996 0.102945 -0.0788121 0.00660996</float_array><technique_common><accessor source="#hpl_mixamorigwLeftUpLeg-trans-array" count="19" stride="3" /></technique_common></source>
      <source id="hpl_mixamorigwLeftUpLeg-rotz"><float_array id="hpl_mixamorigwLeftUpLeg-rotz-array" count="19">-9.12023 -7.98705 -8.24423 -10.8725 -12.3446 -9.88278 -5.04585 0.638108 5.40837 6.89973 5.40802 3.89388 4.68299 7.15582 5.85646 2.36178 -1.5511 -4.46773 -9.12023</float_array><technique_common><accessor source="#hpl_mixamorigwLeftUpLeg-rotz-array" count="19" stride="1" /></technique_common></source>
      <source id="hpl_mixamorigwLeftUpLeg-roty"><float_array id="hpl_mixamorigwLeftUpLeg-roty-array" count="19">1.26113 4.43348 8.45343 8.82024 7.68198 10.6899 11.7755 12.0069 12.3547 10.9428 9.49067 9.53763 11.9421 14.1153 11.2579 6.16844 1.0934 -1.77511 1.26113</float_array><technique_common><accessor source="#hpl_mixamorigwLeftUpLeg-roty-array" count="19" stride="1" /></technique_common></source>
      <source id="hpl_mixamorigwLeftUpLeg-rotx"><float_array id="hpl_mixamorigwLeftUpLeg-rotx-array" count="19">106.365 115.126 123.963 128.006 135.025 148.438 163.671 177.52 189.242 196.996 197.525 191.807 180.564 166.971 151.409 137.749 126.831 120.853 106.365</float_array><technique_common><accessor source="#hpl_mixamorigwLeftUpLeg-rotx-array" count="19" stride="1" /></technique_common></source>
      <sampler id="hpl_mixamorigwLeftUpLeg-trans-sampler"><input semantic="INPUT" source="#hpl_mixamorigwLeftUpLeg-time" /><input semantic="OUTPUT" source="#hpl_mixamorigwLeftUpLeg-trans" /></sampler><channel source="#hpl_mixamorigwLeftUpLeg-trans-sampler" target="mixamorigwLeftUpLeg/translate" />
      <sampler id="hpl_mixamorigwLeftUpLeg-rotz-sampler"><input semantic="INPUT" source="#hpl_mixamorigwLeftUpLeg-time" /><input semantic="OUTPUT" source="#hpl_mixamorigwLeftUpLeg-rotz" /></sampler><channel source="#hpl_mixamorigwLeftUpLeg-rotz-sampler" target="mixamorigwLeftUpLeg/rotateZ.ANGLE" />
      <sampler id="hpl_mixamorigwLeftUpLeg-roty-sampler"><input semantic="INPUT" source="#hpl_mixamorigwLeftUpLeg-time" /><input semantic="OUTPUT" source="#hpl_mixamorigwLeftUpLeg-roty" /></sampler><channel source="#hpl_mixamorigwLeftUpLeg-roty-sampler" target="mixamorigwLeftUpLeg/rotateY.ANGLE" />
      <sampler id="hpl_mixamorigwLeftUpLeg-rotx-sampler"><input semantic="INPUT" source="#hpl_mixamorigwLeftUpLeg-time" /><input semantic="OUTPUT" source="#hpl_mixamorigwLeftUpLeg-rotx" /></sampler><channel source="#hpl_mixamorigwLeftUpLeg-rotx-sampler" target="mixamorigwLeftUpLeg/rotateX.ANGLE" />
    </animation>
    <animation id="hpl_mixamorigwLeftLeg">
      <source id="hpl_mixamorigwLeftLeg-time"><float_array id="hpl_mixamorigwLeftLeg-time-array" count="19">0 1 2 3 4 5 6 7 8 9 10 11 12 13 14 15 16 17 18</float_array><technique_common><accessor source="#hpl_mixamorigwLeftLeg-time-array" count="19" stride="1" /></technique_common></source>
      <source id="hpl_mixamorigwLeftLeg-trans"><float_array id="hpl_mixamorigwLeftLeg-trans-array" count="57">7.46331e-08 0.346171 -6.20323e-08 7.46331e-08 0.346171 -6.20323e-08 7.46331e-08 0.346171 -6.20323e-08 7.46331e-08 0.346171 -6.20323e-08 7.46331e-08 0.346171 -6.20323e-08 7.46331e-08 0.346171 -6.20323e-08 7.46331e-08 0.346171 -6.20323e-08 7.46331e-08 0.346171 -6.20323e-08 7.46331e-08 0.346171 -6.20323e-08 7.46331e-08 0.346171 -6.20323e-08 7.46331e-08 0.346171 -6.20323e-08 7.46331e-08 0.346171 -6.20323e-08 7.46331e-08 0.346171 -6.20323e-08 7.46331e-08 0.346171 -6.20323e-08 7.46331e-08 0.346171 -6.20323e-08 7.46331e-08 0.346171 -6.20323e-08 7.46331e-08 0.346171 -6.20323e-08 7.46331e-08 0.346171 -6.20323e-08 7.46331e-08 0.346171 -6.20323e-08</float_array><technique_common><accessor source="#hpl_mixamorigwLeftLeg-trans-array" count="19" stride="3" /></technique_common></source>
      <source id="hpl_mixamorigwLeftLeg-rotz"><float_array id="hpl_mixamorigwLeftLeg-rotz-array" count="19">-2.38442 -1.72709 -1.53572 -2.40004 -2.91521 -2.43194 -2.12132 -1.74955 -1.02911 -0.755163 -1.49207 -2.23321 -2.61355 -2.73701 -2.57187 -2.61929 -2.95102 -2.92725 -2.38442</float_array><technique_common><accessor source="#hpl_mixamorigwLeftLeg-rotz-array" count="19" stride="1" /></technique_common></source>
      <source id="hpl_mixamorigwLeftLeg-roty"><float_array id="hpl_mixamorigwLeftLeg-roty-array" count="19">4.40364 4.03424 3.56105 3.43679 4.00232 3.96323 4.01924 4.07287 4.20762 4.38421 4.62819 4.98049 5.49272 6.37012 6.86763 6.73543 6.19227 5.47524 4.40364</float_array><technique_common><accessor source="#hpl_mixamorigwLeftLeg-roty-array" count="19" stride="1" /></technique_common></source>
      <source id="hpl_mixamorigwLeftLeg-rotx"><float_array id="hpl_mixamorigwLeftLeg-rotx-array" count="19">52.5701 39.6592 36.0247 47.5926 56.1537 53.4744 45.2526 34.5526 23.6535 18.9947 28.7426 48.5144 70.8554 89.4982 98.4259 96.1197 86.6666 70.3593 52.5701</float_array><technique_common><accessor source="#hpl_mixamorigwLeftLeg-rotx-array" count="19" stride="1" /></technique_common></source>
      <sampler id="hpl_mixamorigwLeftLeg-trans-sampler"><input semantic="INPUT" source="#hpl_mixamorigwLeftLeg-time" /><input semantic="OUTPUT" source="#hpl_mixamorigwLeftLeg-trans" /></sampler><channel source="#hpl_mixamorigwLeftLeg-trans-sampler" target="mixamorigwLeftLeg/translate" />
      <sampler id="hpl_mixamorigwLeftLeg-rotz-sampler"><input semantic="INPUT" source="#hpl_mixamorigwLeftLeg-time" /><input semantic="OUTPUT" source="#hpl_mixamorigwLeftLeg-rotz" /></sampler><channel source="#hpl_mixamorigwLeftLeg-rotz-sampler" target="mixamorigwLeftLeg/rotateZ.ANGLE" />
      <sampler id="hpl_mixamorigwLeftLeg-roty-sampler"><input semantic="INPUT" source="#hpl_mixamorigwLeftLeg-time" /><input semantic="OUTPUT" source="#hpl_mixamorigwLeftLeg-roty" /></sampler><channel source="#hpl_mixamorigwLeftLeg-roty-sampler" target="mixamorigwLeftLeg/rotateY.ANGLE" />
      <sampler id="hpl_mixamorigwLeftLeg-rotx-sampler"><input semantic="INPUT" source="#hpl_mixamorigwLeftLeg-time" /><input semantic="OUTPUT" source="#hpl_mixamorigwLeftLeg-rotx" /></sampler><channel source="#hpl_mixamorigwLeftLeg-rotx-sampler" target="mixamorigwLeftLeg/rotateX.ANGLE" />
    </animation>
    <animation id="hpl_mixamorigwLeftFoot">
      <source id="hpl_mixamorigwLeftFoot-time"><float_array id="hpl_mixamorigwLeftFoot-time-array" count="19">0 1 2 3 4 5 6 7 8 9 10 11 12 13 14 15 16 17 18</float_array><technique_common><accessor source="#hpl_mixamorigwLeftFoot-time-array" count="19" stride="1" /></technique_common></source>
      <source id="hpl_mixamorigwLeftFoot-trans"><float_array id="hpl_mixamorigwLeftFoot-trans-array" count="57">-2.24152e-08 0.360407 -7.27795e-09 -2.24152e-08 0.360407 -7.27795e-09 -2.24152e-08 0.360407 -7.27795e-09 -2.24152e-08 0.360407 -7.27795e-09 -2.24152e-08 0.360407 -7.27795e-09 -2.24152e-08 0.360407 -7.27795e-09 -2.24152e-08 0.360407 -7.27795e-09 -2.24152e-08 0.360407 -7.27795e-09 -2.24152e-08 0.360407 -7.27795e-09 -2.24152e-08 0.360407 -7.27795e-09 -2.24152e-08 0.360407 -7.27795e-09 -2.24152e-08 0.360407 -7.27795e-09 -2.24152e-08 0.360407 -7.27795e-09 -2.24152e-08 0.360407 -7.27795e-09 -2.24152e-08 0.360407 -7.27795e-09 -2.24152e-08 0.360407 -7.27795e-09 -2.24152e-08 0.360407 -7.27795e-09 -2.24152e-08 0.360407 -7.27795e-09 -2.24152e-08 0.360407 -7.27795e-09</float_array><technique_common><accessor source="#hpl_mixamorigwLeftFoot-trans-array" count="19" stride="3" /></technique_common></source>
      <source id="hpl_mixamorigwLeftFoot-rotz"><float_array id="hpl_mixamorigwLeftFoot-rotz-array" count="19">8.45223 12.963 11.327 -4.35372 -2.71751 -0.12238 1.88023 2.43349 0.704888 2.05497 4.33608 5.24711 2.60423 0.0124437 -0.294397 0.790296 1.75632 2.66871 8.45223</float_array><technique_common><accessor source="#hpl_mixamorigwLeftFoot-rotz-array" count="19" stride="1" /></technique_common></source>
      <source id="hpl_mixamorigwLeftFoot-roty"><float_array id="hpl_mixamorigwLeftFoot-roty-array" count="19">-8.10326 -6.05794 -3.13712 -3.12765 -5.84682 -4.44446 -3.71278 -3.36557 -3.71601 -4.39068 -6.39743 -8.02727 -11.0742 -12.031 -12.3492 -13.1775 -15.4129 -14.9955 -8.10326</float_array><technique_common><accessor source="#hpl_mixamorigwLeftFoot-roty-array" count="19" stride="1" /></technique_common></source>
      <source id="hpl_mixamorigwLeftFoot-rotx"><float_array id="hpl_mixamorigwLeftFoot-rotx-array" count="19">-56.0039 -55.1164 -55.4107 -65.1134 -80.0719 -89.4998 -90.445 -79.264 -57.1281 -37.3677 -32.5125 -38.5951 -45.178 -51.7229 -57.8784 -62.0634 -63.4451 -62.037 -56.0039</float_array><technique_common><accessor source="#hpl_mixamorigwLeftFoot-rotx-array" count="19" stride="1" /></technique_common></source>
      <sampler id="hpl_mixamorigwLeftFoot-trans-sampler"><input semantic="INPUT" source="#hpl_mixamorigwLeftFoot-time" /><input semantic="OUTPUT" source="#hpl_mixamorigwLeftFoot-trans" /></sampler><channel source="#hpl_mixamorigwLeftFoot-trans-sampler" target="mixamorigwLeftFoot/translate" />
      <sampler id="hpl_mixamorigwLeftFoot-rotz-sampler"><input semantic="INPUT" source="#hpl_mixamorigwLeftFoot-time" /><input semantic="OUTPUT" source="#hpl_mixamorigwLeftFoot-rotz" /></sampler><channel source="#hpl_mixamorigwLeftFoot-rotz-sampler" target="mixamorigwLeftFoot/rotateZ.ANGLE" />
      <sampler id="hpl_mixamorigwLeftFoot-roty-sampler"><input semantic="INPUT" source="#hpl_mixamorigwLeftFoot-time" /><input semantic="OUTPUT" source="#hpl_mixamorigwLeftFoot-roty" /></sampler><channel source="#hpl_mixamorigwLeftFoot-roty-sampler" target="mixamorigwLeftFoot/rotateY.ANGLE" />
      <sampler id="hpl_mixamorigwLeftFoot-rotx-sampler"><input semantic="INPUT" source="#hpl_mixamorigwLeftFoot-time" /><input semantic="OUTPUT" source="#hpl_mixamorigwLeftFoot-rotx" /></sampler><channel source="#hpl_mixamorigwLeftFoot-rotx-sampler" target="mixamorigwLeftFoot/rotateX.ANGLE" />
    </animation>
    <animation id="hpl_mixamorigwLeftToeBase">
      <source id="hpl_mixamorigwLeftToeBase-time"><float_array id="hpl_mixamorigwLeftToeBase-time-array" count="19">0 1 2 3 4 5 6 7 8 9 10 11 12 13 14 15 16 17 18</float_array><technique_common><accessor source="#hpl_mixamorigwLeftToeBase-time-array" count="19" stride="1" /></technique_common></source>
      <source id="hpl_mixamorigwLeftToeBase-trans"><float_array id="hpl_mixamorigwLeftToeBase-trans-array" count="57">-1.32832e-07 0.1657 1.50747e-07 -1.32832e-07 0.1657 1.50747e-07 -1.32832e-07 0.1657 1.50747e-07 -1.32832e-07 0.1657 1.50747e-07 -1.32832e-07 0.1657 1.50747e-07 -1.32832e-07 0.1657 1.50747e-07 -1.32832e-07 0.1657 1.50747e-07 -1.32832e-07 0.1657 1.50747e-07 -1.32832e-07 0.1657 1.50747e-07 -1.32832e-07 0.1657 1.50747e-07 -1.32832e-07 0.1657 1.50747e-07 -1.32832e-07 0.1657 1.50747e-07 -1.32832e-07 0.1657 1.50747e-07 -1.32832e-07 0.1657 1.50747e-07 -1.32832e-07 0.1657 1.50747e-07 -1.32832e-07 0.1657 1.50747e-07 -1.32832e-07 0.1657 1.50747e-07 -1.32832e-07 0.1657 1.50747e-07 -1.32832e-07 0.1657 1.50747e-07</float_array><technique_common><accessor source="#hpl_mixamorigwLeftToeBase-trans-array" count="19" stride="3" /></technique_common></source>
      <source id="hpl_mixamorigwLeftToeBase-rotz"><float_array id="hpl_mixamorigwLeftToeBase-rotz-array" count="19">1.12701 1.12055 1.26231 0.760448 0.490245 0.476178 0.693574 1.79692 3.28543 1.64212 0.684847 0.601008 0.587092 0.601329 0.774295 1.00356 1.15239 1.27734 1.12701</float_array><technique_common><accessor source="#hpl_mixamorigwLeftToeBase-rotz-array" count="19" stride="1" /></technique_common></source>
      <source id="hpl_mixamorigwLeftToeBase-roty"><float_array id="hpl_mixamorigwLeftToeBase-roty-array" count="19">-1.02959 -1.05721 -1.11007 -0.709445 -0.638502 -0.62693 -0.932336 -1.87963 -2.81157 -1.706 -0.485645 -0.363754 -0.496686 -0.598988 -0.761993 -0.945106 -1.01147 -0.959247 -1.02959</float_array><technique_common><accessor source="#hpl_mixamorigwLeftToeBase-roty-array" count="19" stride="1" /></technique_common></source>
      <source id="hpl_mixamorigwLeftToeBase-rotx"><float_array id="hpl_mixamorigwLeftToeBase-rotx-array" count="19">-42.4347 -42.0936 -41.6698 -38.7267 -36.8699 -36.8855 -39.7645 -50.5335 -64.5866 -50.8997 -41.9029 -40.787 -41.172 -41.0818 -41.7203 -42.4659 -43.0358 -43.0339 -42.4347</float_array><technique_common><accessor source="#hpl_mixamorigwLeftToeBase-rotx-array" count="19" stride="1" /></technique_common></source>
      <sampler id="hpl_mixamorigwLeftToeBase-trans-sampler"><input semantic="INPUT" source="#hpl_mixamorigwLeftToeBase-time" /><input semantic="OUTPUT" source="#hpl_mixamorigwLeftToeBase-trans" /></sampler><channel source="#hpl_mixamorigwLeftToeBase-trans-sampler" target="mixamorigwLeftToeBase/translate" />
      <sampler id="hpl_mixamorigwLeftToeBase-rotz-sampler"><input semantic="INPUT" source="#hpl_mixamorigwLeftToeBase-time" /><input semantic="OUTPUT" source="#hpl_mixamorigwLeftToeBase-rotz" /></sampler><channel source="#hpl_mixamorigwLeftToeBase-rotz-sampler" target="mixamorigwLeftToeBase/rotateZ.ANGLE" />
      <sampler id="hpl_mixamorigwLeftToeBase-roty-sampler"><input semantic="INPUT" source="#hpl_mixamorigwLeftToeBase-time" /><input semantic="OUTPUT" source="#hpl_mixamorigwLeftToeBase-roty" /></sampler><channel source="#hpl_mixamorigwLeftToeBase-roty-sampler" target="mixamorigwLeftToeBase/rotateY.ANGLE" />
      <sampler id="hpl_mixamorigwLeftToeBase-rotx-sampler"><input semantic="INPUT" source="#hpl_mixamorigwLeftToeBase-time" /><input semantic="OUTPUT" source="#hpl_mixamorigwLeftToeBase-rotx" /></sampler><channel source="#hpl_mixamorigwLeftToeBase-rotx-sampler" target="mixamorigwLeftToeBase/rotateX.ANGLE" />
    </animation>
    <animation id="hpl_mixamorigwRightUpLeg">
      <source id="hpl_mixamorigwRightUpLeg-time"><float_array id="hpl_mixamorigwRightUpLeg-time-array" count="19">0 1 2 3 4 5 6 7 8 9 10 11 12 13 14 15 16 17 18</float_array><technique_common><accessor source="#hpl_mixamorigwRightUpLeg-time-array" count="19" stride="1" /></technique_common></source>
      <source id="hpl_mixamorigwRightUpLeg-trans"><float_array id="hpl_mixamorigwRightUpLeg-trans-array" count="57">-0.0932709 -0.0899167 0.0209565 -0.0932709 -0.0899167 0.0209565 -0.0932709 -0.0899167 0.0209565 -0.0932709 -0.0899167 0.0209565 -0.0932709 -0.0899167 0.0209565 -0.0932709 -0.0899167 0.0209565 -0.0932709 -0.0899167 0.0209565 -0.0932709 -0.0899167 0.0209565 -0.0932709 -0.0899167 0.0209565 -0.0932709 -0.0899167 0.0209565 -0.0932709 -0.0899167 0.0209565 -0.0932709 -0.0899167 0.0209565 -0.0932709 -0.0899167 0.0209565 -0.0932709 -0.0899167 0.0209565 -0.0932709 -0.0899167 0.0209565 -0.0932709 -0.0899167 0.0209565 -0.0932709 -0.0899167 0.0209565 -0.0932709 -0.0899167 0.0209565 -0.0932709 -0.0899167 0.0209565</float_array><technique_common><accessor source="#hpl_mixamorigwRightUpLeg-trans-array" count="19" stride="3" /></technique_common></source>
      <source id="hpl_mixamorigwRightUpLeg-rotz"><float_array id="hpl_mixamorigwRightUpLeg-rotz-array" count="19">-1.82531 1.22545 1.83287 -0.630061 -1.62373 0.875994 3.38923 5.83768 7.99203 9.73462 10.2841 10.4357 11.3516 13.3668 14.3049 11.6905 7.05419 1.38398 -1.82531</float_array><technique_common><accessor source="#hpl_mixamorigwRightUpLeg-rotz-array" count="19" stride="1" /></technique_common></source>
      <source id="hpl_mixamorigwRightUpLeg-roty"><float_array id="hpl_mixamorigwRightUpLeg-roty-array" count="19">-6.24521 -5.16332 -7.08288 -10.9123 -12.1674 -8.02134 -1.99918 1.90824 2.17212 -1.80664 -5.5829 -7.75554 -6.54829 -1.76049 -1.82491 -2.99784 -4.95794 -8.39509 -6.24521</float_array><technique_common><accessor source="#hpl_mixamorigwRightUpLeg-roty-array" count="19" stride="1" /></technique_common></source>
      <source id="hpl_mixamorigwRightUpLeg-rotx"><float_array id="hpl_mixamorigwRightUpLeg-rotx-array" count="19">-154.617 -159.636 -168.656 -182.729 -201.345 -218.291 -232.5 -240.816 -241.907 -238.309 -233.435 -227.599 -222.788 -215.882 -202.145 -186.946 -174.036 -162.284 -154.617</float_array><technique_common><accessor source="#hpl_mixamorigwRightUpLeg-rotx-array" count="19" stride="1" /></technique_common></source>
      <sampler id="hpl_mixamorigwRightUpLeg-trans-sampler"><input semantic="INPUT" source="#hpl_mixamorigwRightUpLeg-time" /><input semantic="OUTPUT" source="#hpl_mixamorigwRightUpLeg-trans" /></sampler><channel source="#hpl_mixamorigwRightUpLeg-trans-sampler" target="mixamorigwRightUpLeg/translate" />
      <sampler id="hpl_mixamorigwRightUpLeg-rotz-sampler"><input semantic="INPUT" source="#hpl_mixamorigwRightUpLeg-time" /><input semantic="OUTPUT" source="#hpl_mixamorigwRightUpLeg-rotz" /></sampler><channel source="#hpl_mixamorigwRightUpLeg-rotz-sampler" target="mixamorigwRightUpLeg/rotateZ.ANGLE" />
      <sampler id="hpl_mixamorigwRightUpLeg-roty-sampler"><input semantic="INPUT" source="#hpl_mixamorigwRightUpLeg-time" /><input semantic="OUTPUT" source="#hpl_mixamorigwRightUpLeg-roty" /></sampler><channel source="#hpl_mixamorigwRightUpLeg-roty-sampler" target="mixamorigwRightUpLeg/rotateY.ANGLE" />
      <sampler id="hpl_mixamorigwRightUpLeg-rotx-sampler"><input semantic="INPUT" source="#hpl_mixamorigwRightUpLeg-time" /><input semantic="OUTPUT" source="#hpl_mixamorigwRightUpLeg-rotx" /></sampler><channel source="#hpl_mixamorigwRightUpLeg-rotx-sampler" target="mixamorigwRightUpLeg/rotateX.ANGLE" />
    </animation>
    <animation id="hpl_mixamorigwRightLeg">
      <source id="hpl_mixamorigwRightLeg-time"><float_array id="hpl_mixamorigwRightLeg-time-array" count="19">0 1 2 3 4 5 6 7 8 9 10 11 12 13 14 15 16 17 18</float_array><technique_common><accessor source="#hpl_mixamorigwRightLeg-time-array" count="19" stride="1" /></technique_common></source>
      <source id="hpl_mixamorigwRightLeg-trans"><float_array id="hpl_mixamorigwRightLeg-trans-array" count="57">7.06192e-07 0.343251 5.33909e-10 7.06192e-07 0.343251 5.33909e-10 7.06192e-07 0.343251 5.33909e-10 7.06192e-07 0.343251 5.33909e-10 7.06192e-07 0.343251 5.33909e-10 7.06192e-07 0.343251 5.33909e-10 7.06192e-07 0.343251 5.33909e-10 7.06192e-07 0.343251 5.33909e-10 7.06192e-07 0.343251 5.33909e-10 7.06192e-07 0.343251 5.33909e-10 7.06192e-07 0.343251 5.33909e-10 7.06192e-07 0.343251 5.33909e-10 7.06192e-07 0.343251 5.33909e-10 7.06192e-07 0.343251 5.33909e-10 7.06192e-07 0.343251 5.33909e-10 7.06192e-07 0.343251 5.33909e-10 7.06192e-07 0.343251 5.33909e-10 7.06192e-07 0.343251 5.33909e-10 7.06192e-07 0.343251 5.33909e-10</float_array><technique_common><accessor source="#hpl_mixamorigwRightLeg-trans-array" count="19" stride="3" /></technique_common></source>
      <source id="hpl_mixamorigwRightLeg-rotz"><float_array id="hpl_mixamorigwRightLeg-rotz-array" count="19">0.0651748 1.61614 2.18481 1.93315 1.84104 1.8186 2.26144 2.24641 1.64363 0.910561 0.54254 0.570207 0.995964 2.12615 1.87767 1.49163 0.985624 0.227709 0.0651748</float_array><technique_common><accessor source="#hpl_mixamorigwRightLeg-rotz-array" count="19" stride="1" /></technique_common></source>
      <source id="hpl_mixamorigwRightLeg-roty"><float_array id="hpl_mixamorigwRightLeg-roty-array" count="19">-4.57311 -5.27865 -6.54941 -7.29624 -7.77568 -7.55078 -6.74917 -6.24598 -5.75239 -5.2605 -5.16022 -5.20143 -4.91674 -5.01925 -5.077 -4.78071 -4.48154 -4.44892 -4.57311</float_array><technique_common><accessor source="#hpl_mixamorigwRightLeg-roty-array" count="19" stride="1" /></technique_common></source>
      <source id="hpl_mixamorigwRightLeg-rotx"><float_array id="hpl_mixamorigwRightLeg-rotx-array" count="19">1.61424 26.6027 52.1926 75.7096 94.889 101.436 96.6122 81.6328 58.4509 35.799 26.2694 29.5614 39.613 50.768 47.3163 36.3093 22.8259 6.93787 1.61424</float_array><technique_common><accessor source="#hpl_mixamorigwRightLeg-rotx-array" count="19" stride="1" /></technique_common></source>
      <sampler id="hpl_mixamorigwRightLeg-trans-sampler"><input semantic="INPUT" source="#hpl_mixamorigwRightLeg-time" /><input semantic="OUTPUT" source="#hpl_mixamorigwRightLeg-trans" /></sampler><channel source="#hpl_mixamorigwRightLeg-trans-sampler" target="mixamorigwRightLeg/translate" />
      <sampler id="hpl_mixamorigwRightLeg-rotz-sampler"><input semantic="INPUT" source="#hpl_mixamorigwRightLeg-time" /><input semantic="OUTPUT" source="#hpl_mixamorigwRightLeg-rotz" /></sampler><channel source="#hpl_mixamorigwRightLeg-rotz-sampler" target="mixamorigwRightLeg/rotateZ.ANGLE" />
      <sampler id="hpl_mixamorigwRightLeg-roty-sampler"><input semantic="INPUT" source="#hpl_mixamorigwRightLeg-time" /><input semantic="OUTPUT" source="#hpl_mixamorigwRightLeg-roty" /></sampler><channel source="#hpl_mixamorigwRightLeg-roty-sampler" target="mixamorigwRightLeg/rotateY.ANGLE" />
      <sampler id="hpl_mixamorigwRightLeg-rotx-sampler"><input semantic="INPUT" source="#hpl_mixamorigwRightLeg-time" /><input semantic="OUTPUT" source="#hpl_mixamorigwRightLeg-rotx" /></sampler><channel source="#hpl_mixamorigwRightLeg-rotx-sampler" target="mixamorigwRightLeg/rotateX.ANGLE" />
    </animation>
    <animation id="hpl_mixamorigwRightFoot">
      <source id="hpl_mixamorigwRightFoot-time"><float_array id="hpl_mixamorigwRightFoot-time-array" count="19">0 1 2 3 4 5 6 7 8 9 10 11 12 13 14 15 16 17 18</float_array><technique_common><accessor source="#hpl_mixamorigwRightFoot-time-array" count="19" stride="1" /></technique_common></source>
      <source id="hpl_mixamorigwRightFoot-trans"><float_array id="hpl_mixamorigwRightFoot-trans-array" count="57">-1.23877e-07 0.361137 -2.12505e-07 -1.23877e-07 0.361137 -2.12505e-07 -1.23877e-07 0.361137 -2.12505e-07 -1.23877e-07 0.361137 -2.12505e-07 -1.23877e-07 0.361137 -2.12505e-07 -1.23877e-07 0.361137 -2.12505e-07 -1.23877e-07 0.361137 -2.12505e-07 -1.23877e-07 0.361137 -2.12505e-07 -1.23877e-07 0.361137 -2.12505e-07 -1.23877e-07 0.361137 -2.12505e-07 -1.23877e-07 0.361137 -2.12505e-07 -1.23877e-07 0.361137 -2.12505e-07 -1.23877e-07 0.361137 -2.12505e-07 -1.23877e-07 0.361137 -2.12505e-07 -1.23877e-07 0.361137 -2.12505e-07 -1.23877e-07 0.361137 -2.12505e-07 -1.23877e-07 0.361137 -2.12505e-07 -1.23877e-07 0.361137 -2.12505e-07 -1.23877e-07 0.361137 -2.12505e-07</float_array><technique_common><accessor source="#hpl_mixamorigwRightFoot-trans-array" count="19" stride="3" /></technique_common></source>
      <source id="hpl_mixamorigwRightFoot-rotz"><float_array id="hpl_mixamorigwRightFoot-rotz-array" count="19">-0.283931 -4.73027 -5.64767 -1.41851 3.01719 7.1592 7.38358 4.5408 0.125391 -5.84858 -8.65858 -7.15215 4.3019 1.3056 -1.23387 -2.52338 -0.894578 1.76003 -0.283931</float_array><technique_common><accessor source="#hpl_mixamorigwRightFoot-rotz-array" count="19" stride="1" /></technique_common></source>
      <source id="hpl_mixamorigwRightFoot-roty"><float_array id="hpl_mixamorigwRightFoot-roty-array" count="19">9.86108 8.71933 8.92998 13.0521 16.5669 19.3421 21.5427 23.088 20.7919 13.9246 11.3548 9.85108 8.75866 13.6907 15.5733 15.0906 12.4192 6.71095 9.86108</float_array><technique_common><accessor source="#hpl_mixamorigwRightFoot-roty-array" count="19" stride="1" /></technique_common></source>
      <source id="hpl_mixamorigwRightFoot-rotx"><float_array id="hpl_mixamorigwRightFoot-rotx-array" count="19">-25.5458 -29.3974 -34.2974 -39.0223 -46.8799 -52.1496 -56.9902 -59.958 -60.9624 -58.9364 -59.9912 -62.2139 -58.9815 -75.8993 -85.7227 -87.5275 -77.5393 -54.1233 -25.5458</float_array><technique_common><accessor source="#hpl_mixamorigwRightFoot-rotx-array" count="19" stride="1" /></technique_common></source>
      <sampler id="hpl_mixamorigwRightFoot-trans-sampler"><input semantic="INPUT" source="#hpl_mixamorigwRightFoot-time" /><input semantic="OUTPUT" source="#hpl_mixamorigwRightFoot-trans" /></sampler><channel source="#hpl_mixamorigwRightFoot-trans-sampler" target="mixamorigwRightFoot/translate" />
      <sampler id="hpl_mixamorigwRightFoot-rotz-sampler"><input semantic="INPUT" source="#hpl_mixamorigwRightFoot-time" /><input semantic="OUTPUT" source="#hpl_mixamorigwRightFoot-rotz" /></sampler><channel source="#hpl_mixamorigwRightFoot-rotz-sampler" target="mixamorigwRightFoot/rotateZ.ANGLE" />
      <sampler id="hpl_mixamorigwRightFoot-roty-sampler"><input semantic="INPUT" source="#hpl_mixamorigwRightFoot-time" /><input semantic="OUTPUT" source="#hpl_mixamorigwRightFoot-roty" /></sampler><channel source="#hpl_mixamorigwRightFoot-roty-sampler" target="mixamorigwRightFoot/rotateY.ANGLE" />
      <sampler id="hpl_mixamorigwRightFoot-rotx-sampler"><input semantic="INPUT" source="#hpl_mixamorigwRightFoot-time" /><input semantic="OUTPUT" source="#hpl_mixamorigwRightFoot-rotx" /></sampler><channel source="#hpl_mixamorigwRightFoot-rotx-sampler" target="mixamorigwRightFoot/rotateX.ANGLE" />
    </animation>
    <animation id="hpl_mixamorigwRightToeBase">
      <source id="hpl_mixamorigwRightToeBase-time"><float_array id="hpl_mixamorigwRightToeBase-time-array" count="19">0 1 2 3 4 5 6 7 8 9 10 11 12 13 14 15 16 17 18</float_array><technique_common><accessor source="#hpl_mixamorigwRightToeBase-time-array" count="19" stride="1" /></technique_common></source>
      <source id="hpl_mixamorigwRightToeBase-trans"><float_array id="hpl_mixamorigwRightToeBase-trans-array" count="57">-5.86781e-07 0.170855 -2.20829e-08 -5.86781e-07 0.170855 -2.20829e-08 -5.86781e-07 0.170855 -2.20829e-08 -5.86781e-07 0.170855 -2.20829e-08 -5.86781e-07 0.170855 -2.20829e-08 -5.86781e-07 0.170855 -2.20829e-08 -5.86781e-07 0.170855 -2.20829e-08 -5.86781e-07 0.170855 -2.20829e-08 -5.86781e-07 0.170855 -2.20829e-08 -5.86781e-07 0.170855 -2.20829e-08 -5.86781e-07 0.170855 -2.20829e-08 -5.86781e-07 0.170855 -2.20829e-08 -5.86781e-07 0.170855 -2.20829e-08 -5.86781e-07 0.170855 -2.20829e-08 -5.86781e-07 0.170855 -2.20829e-08 -5.86781e-07 0.170855 -2.20829e-08 -5.86781e-07 0.170855 -2.20829e-08 -5.86781e-07 0.170855 -2.20829e-08 -5.86781e-07 0.170855 -2.20829e-08</float_array><technique_common><accessor source="#hpl_mixamorigwRightToeBase-trans-array" count="19" stride="3" /></technique_common></source>
      <source id="hpl_mixamorigwRightToeBase-rotz"><float_array id="hpl_mixamorigwRightToeBase-rotz-array" count="19">-1.19534 -0.532248 -0.516433 -0.447199 -0.399095 -0.453804 -0.494638 -0.599743 -0.636735 -0.8207 -0.65966 -0.615739 0.0347609 0.337408 0.267027 -0.178946 -1.38117 -3.16514 -1.19534</float_array><technique_common><accessor source="#hpl_mixamorigwRightToeBase-rotz-array" count="19" stride="1" /></technique_common></source>
      <source id="hpl_mixamorigwRightToeBase-roty"><float_array id="hpl_mixamorigwRightToeBase-roty-array" count="19">3.37883 2.34512 2.20503 2.05142 2.00079 2.2415 2.24877 2.40144 2.32777 2.6705 2.74994 2.61173 2.25865 1.91761 1.80487 2.08467 3.13617 4.41817 3.37883</float_array><technique_common><accessor source="#hpl_mixamorigwRightToeBase-roty-array" count="19" stride="1" /></technique_common></source>
      <source id="hpl_mixamorigwRightToeBase-rotx"><float_array id="hpl_mixamorigwRightToeBase-rotx-array" count="19">-47.2555 -40.8552 -41.2739 -40.8062 -40.8392 -41.584 -42.0131 -43.0047 -42.833 -44.4148 -44.1578 -43.8828 -40.3007 -37.3803 -37.1746 -40.1269 -49.768 -63.3382 -47.2555</float_array><technique_common><accessor source="#hpl_mixamorigwRightToeBase-rotx-array" count="19" stride="1" /></technique_common></source>
      <sampler id="hpl_mixamorigwRightToeBase-trans-sampler"><input semantic="INPUT" source="#hpl_mixamorigwRightToeBase-time" /><input semantic="OUTPUT" source="#hpl_mixamorigwRightToeBase-trans" /></sampler><channel source="#hpl_mixamorigwRightToeBase-trans-sampler" target="mixamorigwRightToeBase/translate" />
      <sampler id="hpl_mixamorigwRightToeBase-rotz-sampler"><input semantic="INPUT" source="#hpl_mixamorigwRightToeBase-time" /><input semantic="OUTPUT" source="#hpl_mixamorigwRightToeBase-rotz" /></sampler><channel source="#hpl_mixamorigwRightToeBase-rotz-sampler" target="mixamorigwRightToeBase/rotateZ.ANGLE" />
      <sampler id="hpl_mixamorigwRightToeBase-roty-sampler"><input semantic="INPUT" source="#hpl_mixamorigwRightToeBase-time" /><input semantic="OUTPUT" source="#hpl_mixamorigwRightToeBase-roty" /></sampler><channel source="#hpl_mixamorigwRightToeBase-roty-sampler" target="mixamorigwRightToeBase/rotateY.ANGLE" />
      <sampler id="hpl_mixamorigwRightToeBase-rotx-sampler"><input semantic="INPUT" source="#hpl_mixamorigwRightToeBase-time" /><input semantic="OUTPUT" source="#hpl_mixamorigwRightToeBase-rotx" /></sampler><channel source="#hpl_mixamorigwRightToeBase-rotx-sampler" target="mixamorigwRightToeBase/rotateX.ANGLE" />
    </animation>
    <animation id="hpl_mixamorigwSpine">
      <source id="hpl_mixamorigwSpine-time"><float_array id="hpl_mixamorigwSpine-time-array" count="19">0 1 2 3 4 5 6 7 8 9 10 11 12 13 14 15 16 17 18</float_array><technique_common><accessor source="#hpl_mixamorigwSpine-time-array" count="19" stride="1" /></technique_common></source>
      <source id="hpl_mixamorigwSpine-trans"><float_array id="hpl_mixamorigwSpine-trans-array" count="57">-0.00967459 0.126655 -0.0275668 -0.00967459 0.126655 -0.0275668 -0.00967459 0.126655 -0.0275668 -0.00967459 0.126655 -0.0275668 -0.00967459 0.126655 -0.0275668 -0.00967459 0.126655 -0.0275668 -0.00967459 0.126655 -0.0275668 -0.00967459 0.126655 -0.0275668 -0.00967459 0.126655 -0.0275668 -0.00967459 0.126655 -0.0275668 -0.00967459 0.126655 -0.0275668 -0.00967459 0.126655 -0.0275668 -0.00967459 0.126655 -0.0275668 -0.00967459 0.126655 -0.0275668 -0.00967459 0.126655 -0.0275668 -0.00967459 0.126655 -0.0275668 -0.00967459 0.126655 -0.0275668 -0.00967459 0.126655 -0.0275668 -0.00967459 0.126655 -0.0275668</float_array><technique_common><accessor source="#hpl_mixamorigwSpine-trans-array" count="19" stride="3" /></technique_common></source>
      <source id="hpl_mixamorigwSpine-rotz"><float_array id="hpl_mixamorigwSpine-rotz-array" count="19">0.811833 2.57597 3.27327 1.14705 -1.10961 -0.488182 0.765619 2.13915 2.97064 2.10595 0.560919 0.379576 2.2882 5.14451 6.26179 5.46722 3.73145 2.1192 0.811833</float_array><technique_common><accessor source="#hpl_mixamorigwSpine-rotz-array" count="19" stride="1" /></technique_common></source>
      <source id="hpl_mixamorigwSpine-roty"><float_array id="hpl_mixamorigwSpine-roty-array" count="19">6.76368 6.48407 5.91921 4.21345 2.64158 2.47011 1.91005 1.2766 0.793842 -0.297671 -0.389979 0.723208 2.78587 4.43585 4.99157 5.27861 5.63383 6.07861 6.76368</float_array><technique_common><accessor source="#hpl_mixamorigwSpine-roty-array" count="19" stride="1" /></technique_common></source>
      <source id="hpl_mixamorigwSpine-rotx"><float_array id="hpl_mixamorigwSpine-rotx-array" count="19">-11.3267 -11.1906 -10.4267 -9.50126 -8.23563 -7.06988 -6.64531 -7.38335 -8.81907 -10.1057 -10.1223 -9.59248 -9.17877 -7.93876 -7.08171 -6.98034 -8.3562 -11.0218 -11.3267</float_array><technique_common><accessor source="#hpl_mixamorigwSpine-rotx-array" count="19" stride="1" /></technique_common></source>
      <sampler id="hpl_mixamorigwSpine-trans-sampler"><input semantic="INPUT" source="#hpl_mixamorigwSpine-time" /><input semantic="OUTPUT" source="#hpl_mixamorigwSpine-trans" /></sampler><channel source="#hpl_mixamorigwSpine-trans-sampler" target="mixamorigwSpine/translate" />
      <sampler id="hpl_mixamorigwSpine-rotz-sampler"><input semantic="INPUT" source="#hpl_mixamorigwSpine-time" /><input semantic="OUTPUT" source="#hpl_mixamorigwSpine-rotz" /></sampler><channel source="#hpl_mixamorigwSpine-rotz-sampler" target="mixamorigwSpine/rotateZ.ANGLE" />
      <sampler id="hpl_mixamorigwSpine-roty-sampler"><input semantic="INPUT" source="#hpl_mixamorigwSpine-time" /><input semantic="OUTPUT" source="#hpl_mixamorigwSpine-roty" /></sampler><channel source="#hpl_mixamorigwSpine-roty-sampler" target="mixamorigwSpine/rotateY.ANGLE" />
      <sampler id="hpl_mixamorigwSpine-rotx-sampler"><input semantic="INPUT" source="#hpl_mixamorigwSpine-time" /><input semantic="OUTPUT" source="#hpl_mixamorigwSpine-rotx" /></sampler><channel source="#hpl_mixamorigwSpine-rotx-sampler" target="mixamorigwSpine/rotateX.ANGLE" />
    </animation>
    <animation id="hpl_mixamorigwSpine1">
      <source id="hpl_mixamorigwSpine1-time"><float_array id="hpl_mixamorigwSpine1-time-array" count="19">0 1 2 3 4 5 6 7 8 9 10 11 12 13 14 15 16 17 18</float_array><technique_common><accessor source="#hpl_mixamorigwSpine1-time-array" count="19" stride="1" /></technique_common></source>
      <source id="hpl_mixamorigwSpine1-trans"><float_array id="hpl_mixamorigwSpine1-trans-array" count="57">-2.3181e-08 0.12998 -1.90221e-08 -2.3181e-08 0.12998 -1.90221e-08 -2.3181e-08 0.12998 -1.90221e-08 -2.3181e-08 0.12998 -1.90221e-08 -2.3181e-08 0.12998 -1.90221e-08 -2.3181e-08 0.12998 -1.90221e-08 -2.3181e-08 0.12998 -1.90221e-08 -2.3181e-08 0.12998 -1.90221e-08 -2.3181e-08 0.12998 -1.90221e-08 -2.3181e-08 0.12998 -1.90221e-08 -2.3181e-08 0.12998 -1.90221e-08 -2.3181e-08 0.12998 -1.90221e-08 -2.3181e-08 0.12998 -1.90221e-08 -2.3181e-08 0.12998 -1.90221e-08 -2.3181e-08 0.12998 -1.90221e-08 -2.3181e-08 0.12998 -1.90221e-08 -2.3181e-08 0.12998 -1.90221e-08 -2.3181e-08 0.12998 -1.90221e-08 -2.3181e-08 0.12998 -1.90221e-08</float_array><technique_common><accessor source="#hpl_mixamorigwSpine1-trans-array" count="19" stride="3" /></technique_common></source>
      <source id="hpl_mixamorigwSpine1-rotz"><float_array id="hpl_mixamorigwSpine1-rotz-array" count="19">-1.40938 -1.31979 -1.14133 -1.30336 -1.96449 -1.74181 -1.42949 -1.10078 -0.793125 -0.715299 -0.879975 -1.11979 -0.918637 -0.095809 0.382898 0.407731 0.0151793 -0.485305 -1.40938</float_array><technique_common><accessor source="#hpl_mixamorigwSpine1-rotz-array" count="19" stride="1" /></technique_common></source>
      <source id="hpl_mixamorigwSpine1-roty"><float_array id="hpl_mixamorigwSpine1-roty-array" count="19">6.68092 6.73099 5.50563 3.85234 3.14844 1.60254 -1.06097 -3.6494 -5.78723 -6.75419 -6.51965 -5.76392 -4.6259 -3.37182 -1.24165 1.00132 3.48525 6.09101 6.68092</float_array><technique_common><accessor source="#hpl_mixamorigwSpine1-roty-array" count="19" stride="1" /></technique_common></source>
      <source id="hpl_mixamorigwSpine1-rotx"><float_array id="hpl_mixamorigwSpine1-rotx-array" count="19">-10.6116 -10.4283 -10.0933 -9.91964 -9.3674 -8.99033 -8.9271 -9.34111 -10.1102 -10.5589 -10.4634 -10.171 -9.89165 -9.42777 -9.05236 -9.07716 -9.48101 -10.6023 -10.6116</float_array><technique_common><accessor source="#hpl_mixamorigwSpine1-rotx-array" count="19" stride="1" /></technique_common></source>
      <sampler id="hpl_mixamorigwSpine1-trans-sampler"><input semantic="INPUT" source="#hpl_mixamorigwSpine1-time" /><input semantic="OUTPUT" source="#hpl_mixamorigwSpine1-trans" /></sampler><channel source="#hpl_mixamorigwSpine1-trans-sampler" target="mixamorigwSpine1/translate" />
      <sampler id="hpl_mixamorigwSpine1-rotz-sampler"><input semantic="INPUT" source="#hpl_mixamorigwSpine1-time" /><input semantic="OUTPUT" source="#hpl_mixamorigwSpine1-rotz" /></sampler><channel source="#hpl_mixamorigwSpine1-rotz-sampler" target="mixamorigwSpine1/rotateZ.ANGLE" />
      <sampler id="hpl_mixamorigwSpine1-roty-sampler"><input semantic="INPUT" source="#hpl_mixamorigwSpine1-time" /><input semantic="OUTPUT" source="#hpl_mixamorigwSpine1-roty" /></sampler><channel source="#hpl_mixamorigwSpine1-roty-sampler" target="mixamorigwSpine1/rotateY.ANGLE" />
      <sampler id="hpl_mixamorigwSpine1-rotx-sampler"><input semantic="INPUT" source="#hpl_mixamorigwSpine1-time" /><input semantic="OUTPUT" source="#hpl_mixamorigwSpine1-rotx" /></sampler><channel source="#hpl_mixamorigwSpine1-rotx-sampler" target="mixamorigwSpine1/rotateX.ANGLE" />
    </animation>
    <animation id="hpl_mixamorigwSpine2">
      <source id="hpl_mixamorigwSpine2-time"><float_array id="hpl_mixamorigwSpine2-time-array" count="19">0 1 2 3 4 5 6 7 8 9 10 11 12 13 14 15 16 17 18</float_array><technique_common><accessor source="#hpl_mixamorigwSpine2-time-array" count="19" stride="1" /></technique_common></source>
      <source id="hpl_mixamorigwSpine2-trans"><float_array id="hpl_mixamorigwSpine2-trans-array" count="57">-5.95244e-09 0.129979 -4.64958e-07 -5.95244e-09 0.129979 -4.64958e-07 -5.95244e-09 0.129979 -4.64958e-07 -5.95244e-09 0.129979 -4.64958e-07 -5.95244e-09 0.129979 -4.64958e-07 -5.95244e-09 0.129979 -4.64958e-07 -5.95244e-09 0.129979 -4.64958e-07 -5.95244e-09 0.129979 -4.64958e-07 -5.95244e-09 0.129979 -4.64958e-07 -5.95244e-09 0.129979 -4.64958e-07 -5.95244e-09 0.129979 -4.64958e-07 -5.95244e-09 0.129979 -4.64958e-07 -5.95244e-09 0.129979 -4.64958e-07 -5.95244e-09 0.129979 -4.64958e-07 -5.95244e-09 0.129979 -4.64958e-07 -5.95244e-09 0.129979 -4.64958e-07 -5.95244e-09 0.129979 -4.64958e-07 -5.95244e-09 0.129979 -4.64958e-07 -5.95244e-09 0.129979 -4.64958e-07</float_array><technique_common><accessor source="#hpl_mixamorigwSpine2-trans-array" count="19" stride="3" /></technique_common></source>
      <source id="hpl_mixamorigwSpine2-rotz"><float_array id="hpl_mixamorigwSpine2-rotz-array" count="19">-3.456 -2.13072 -1.44699 -2.61271 -6.13806 -6.71352 -5.19637 -3.06964 -1.33098 -0.86168 -1.75901 -2.69708 -2.58478 0.53403 2.86657 2.21784 -0.0215887 -2.07931 -3.456</float_array><technique_common><accessor source="#hpl_mixamorigwSpine2-rotz-array" count="19" stride="1" /></technique_common></source>
      <source id="hpl_mixamorigwSpine2-roty"><float_array id="hpl_mixamorigwSpine2-roty-array" count="19">5.44184 5.0256 3.96654 2.70576 0.908166 -0.934842 -3.45057 -6.01857 -8.2169 -9.40433 -9.58177 -8.52674 -6.68486 -4.88177 -3.44234 -1.85912 0.923967 4.4379 5.44184</float_array><technique_common><accessor source="#hpl_mixamorigwSpine2-roty-array" count="19" stride="1" /></technique_common></source>
      <source id="hpl_mixamorigwSpine2-rotx"><float_array id="hpl_mixamorigwSpine2-rotx-array" count="19">12.0387 12.3861 12.4889 12.2786 12.9623 13.5721 12.5243 11.7874 11.5502 11.321 11.422 12.0546 12.4346 13.1408 14.2067 13.623 12.2919 11.5945 12.0387</float_array><technique_common><accessor source="#hpl_mixamorigwSpine2-rotx-array" count="19" stride="1" /></technique_common></source>
      <sampler id="hpl_mixamorigwSpine2-trans-sampler"><input semantic="INPUT" source="#hpl_mixamorigwSpine2-time" /><input semantic="OUTPUT" source="#hpl_mixamorigwSpine2-trans" /></sampler><channel source="#hpl_mixamorigwSpine2-trans-sampler" target="mixamorigwSpine2/translate" />
      <sampler id="hpl_mixamorigwSpine2-rotz-sampler"><input semantic="INPUT" source="#hpl_mixamorigwSpine2-time" /><input semantic="OUTPUT" source="#hpl_mixamorigwSpine2-rotz" /></sampler><channel source="#hpl_mixamorigwSpine2-rotz-sampler" target="mixamorigwSpine2/rotateZ.ANGLE" />
      <sampler id="hpl_mixamorigwSpine2-roty-sampler"><input semantic="INPUT" source="#hpl_mixamorigwSpine2-time" /><input semantic="OUTPUT" source="#hpl_mixamorigwSpine2-roty" /></sampler><channel source="#hpl_mixamorigwSpine2-roty-sampler" target="mixamorigwSpine2/rotateY.ANGLE" />
      <sampler id="hpl_mixamorigwSpine2-rotx-sampler"><input semantic="INPUT" source="#hpl_mixamorigwSpine2-time" /><input semantic="OUTPUT" source="#hpl_mixamorigwSpine2-rotx" /></sampler><channel source="#hpl_mixamorigwSpine2-rotx-sampler" target="mixamorigwSpine2/rotateX.ANGLE" />
    </animation>
    <animation id="hpl_mixamorigwLeftShoulder">
      <source id="hpl_mixamorigwLeftShoulder-time"><float_array id="hpl_mixamorigwLeftShoulder-time-array" count="19">0 1 2 3 4 5 6 7 8 9 10 11 12 13 14 15 16 17 18</float_array><technique_common><accessor source="#hpl_mixamorigwLeftShoulder-time-array" count="19" stride="1" /></technique_common></source>
      <source id="hpl_mixamorigwLeftShoulder-trans"><float_array id="hpl_mixamorigwLeftShoulder-trans-array" count="57">0.0430093 0.0835295 -0.00243502 0.0430093 0.0835295 -0.00243502 0.0430093 0.0835295 -0.00243502 0.0430093 0.0835295 -0.00243502 0.0430093 0.0835295 -0.00243502 0.0430093 0.0835295 -0.00243502 0.0430093 0.0835295 -0.00243502 0.0430093 0.0835295 -0.00243502 0.0430093 0.0835295 -0.00243502 0.0430093 0.0835295 -0.00243502 0.0430093 0.0835295 -0.00243502 0.0430093 0.0835295 -0.00243502 0.0430093 0.0835295 -0.00243502 0.0430093 0.0835295 -0.00243502 0.0430093 0.0835295 -0.00243502 0.0430093 0.0835295 -0.00243502 0.0430093 0.0835295 -0.00243502 0.0430093 0.0835295 -0.00243502 0.0430093 0.0835295 -0.00243502</float_array><technique_common><accessor source="#hpl_mixamorigwLeftShoulder-trans-array" count="19" stride="3" /></technique_common></source>
      <source id="hpl_mixamorigwLeftShoulder-rotz"><float_array id="hpl_mixamorigwLeftShoulder-rotz-array" count="19">132.398 132.759 131.908 129.883 127.159 123.871 120.807 115.073 109.556 103.048 99.1345 103.507 108.414 116.191 123.155 129.198 131.639 132.81 132.398</float_array><technique_common><accessor source="#hpl_mixamorigwLeftShoulder-rotz-array" count="19" stride="1" /></technique_common></source>
      <source id="hpl_mixamorigwLeftShoulder-roty"><float_array id="hpl_mixamorigwLeftShoulder-roty-array" count="19">56.8259 56.805 57.6786 60.702 64.8259 68.131 72.176 75.1356 77.6012 79.2211 79.7664 78.54 76.1646 72.7053 68.5512 65.5367 61.7547 57.7424 56.8259</float_array><technique_common><accessor source="#hpl_mixamorigwLeftShoulder-roty-array" count="19" stride="1" /></technique_common></source>
      <source id="hpl_mixamorigwLeftShoulder-rotx"><float_array id="hpl_mixamorigwLeftShoulder-rotx-array" count="19">-141.78 -140.299 -137.934 -135.901 -137.152 -141.423 -149.269 -159.88 -170.692 -181.476 -186.36 -179.384 -167.636 -151.609 -140.724 -134.692 -131.155 -130.389 -141.78</float_array><technique_common><accessor source="#hpl_mixamorigwLeftShoulder-rotx-array" count="19" stride="1" /></technique_common></source>
      <sampler id="hpl_mixamorigwLeftShoulder-trans-sampler"><input semantic="INPUT" source="#hpl_mixamorigwLeftShoulder-time" /><input semantic="OUTPUT" source="#hpl_mixamorigwLeftShoulder-trans" /></sampler><channel source="#hpl_mixamorigwLeftShoulder-trans-sampler" target="mixamorigwLeftShoulder/translate" />
      <sampler id="hpl_mixamorigwLeftShoulder-rotz-sampler"><input semantic="INPUT" source="#hpl_mixamorigwLeftShoulder-time" /><input semantic="OUTPUT" source="#hpl_mixamorigwLeftShoulder-rotz" /></sampler><channel source="#hpl_mixamorigwLeftShoulder-rotz-sampler" target="mixamorigwLeftShoulder/rotateZ.ANGLE" />
      <sampler id="hpl_mixamorigwLeftShoulder-roty-sampler"><input semantic="INPUT" source="#hpl_mixamorigwLeftShoulder-time" /><input semantic="OUTPUT" source="#hpl_mixamorigwLeftShoulder-roty" /></sampler><channel source="#hpl_mixamorigwLeftShoulder-roty-sampler" target="mixamorigwLeftShoulder/rotateY.ANGLE" />
      <sampler id="hpl_mixamorigwLeftShoulder-rotx-sampler"><input semantic="INPUT" source="#hpl_mixamorigwLeftShoulder-time" /><input semantic="OUTPUT" source="#hpl_mixamorigwLeftShoulder-rotx" /></sampler><channel source="#hpl_mixamorigwLeftShoulder-rotx-sampler" target="mixamorigwLeftShoulder/rotateX.ANGLE" />
    </animation>
    <animation id="hpl_mixamorigwLeftArm">
      <source id="hpl_mixamorigwLeftArm-time"><float_array id="hpl_mixamorigwLeftArm-time-array" count="19">0 1 2 3 4 5 6 7 8 9 10 11 12 13 14 15 16 17 18</float_array><technique_common><accessor source="#hpl_mixamorigwLeftArm-time-array" count="19" stride="1" /></technique_common></source>
      <source id="hpl_mixamorigwLeftArm-trans"><float_array id="hpl_mixamorigwLeftArm-trans-array" count="57">1.54813e-06 0.171492 2.76526e-06 1.54813e-06 0.171492 2.76526e-06 1.54813e-06 0.171492 2.76526e-06 1.54813e-06 0.171492 2.76526e-06 1.54813e-06 0.171492 2.76526e-06 1.54813e-06 0.171492 2.76526e-06 1.54813e-06 0.171492 2.76526e-06 1.54813e-06 0.171492 2.76526e-06 1.54813e-06 0.171492 2.76526e-06 1.54813e-06 0.171492 2.76526e-06 1.54813e-06 0.171492 2.76526e-06 1.54813e-06 0.171492 2.76526e-06 1.54813e-06 0.171492 2.76526e-06 1.54813e-06 0.171492 2.76526e-06 1.54813e-06 0.171492 2.76526e-06 1.54813e-06 0.171492 2.76526e-06 1.54813e-06 0.171492 2.76526e-06 1.54813e-06 0.171492 2.76526e-06 1.54813e-06 0.171492 2.76526e-06</float_array><technique_common><accessor source="#hpl_mixamorigwLeftArm-trans-array" count="19" stride="3" /></technique_common></source>
      <source id="hpl_mixamorigwLeftArm-rotz"><float_array id="hpl_mixamorigwLeftArm-rotz-array" count="19">34.9462 31.1799 25.7979 21.7928 26.0195 31.7438 32.7711 29.37 26.269 24.937 24.8494 26.0502 28.9024 30.9791 31.32 31.6048 31.075 29.5594 34.9462</float_array><technique_common><accessor source="#hpl_mixamorigwLeftArm-rotz-array" count="19" stride="1" /></technique_common></source>
      <source id="hpl_mixamorigwLeftArm-roty"><float_array id="hpl_mixamorigwLeftArm-roty-array" count="19">42.0424 39.5411 33.8982 27.144 19.2649 9.20388 -0.327805 -9.12718 -13.9282 -16.314 -18.5321 -19.0558 -15.675 -8.49369 0.546163 10.7337 20.9774 28.7041 42.0424</float_array><technique_common><accessor source="#hpl_mixamorigwLeftArm-roty-array" count="19" stride="1" /></technique_common></source>
      <source id="hpl_mixamorigwLeftArm-rotx"><float_array id="hpl_mixamorigwLeftArm-rotx-array" count="19">83.4493 80.9028 76.0872 69.2838 61.2797 53.3109 47.9892 42.3318 39.2039 39.324 42.5293 48.3835 52.6018 56.4772 63.4683 69.457 69.6383 67.9946 83.4493</float_array><technique_common><accessor source="#hpl_mixamorigwLeftArm-rotx-array" count="19" stride="1" /></technique_common></source>
      <sampler id="hpl_mixamorigwLeftArm-trans-sampler"><input semantic="INPUT" source="#hpl_mixamorigwLeftArm-time" /><input semantic="OUTPUT" source="#hpl_mixamorigwLeftArm-trans" /></sampler><channel source="#hpl_mixamorigwLeftArm-trans-sampler" target="mixamorigwLeftArm/translate" />
      <sampler id="hpl_mixamorigwLeftArm-rotz-sampler"><input semantic="INPUT" source="#hpl_mixamorigwLeftArm-time" /><input semantic="OUTPUT" source="#hpl_mixamorigwLeftArm-rotz" /></sampler><channel source="#hpl_mixamorigwLeftArm-rotz-sampler" target="mixamorigwLeftArm/rotateZ.ANGLE" />
      <sampler id="hpl_mixamorigwLeftArm-roty-sampler"><input semantic="INPUT" source="#hpl_mixamorigwLeftArm-time" /><input semantic="OUTPUT" source="#hpl_mixamorigwLeftArm-roty" /></sampler><channel source="#hpl_mixamorigwLeftArm-roty-sampler" target="mixamorigwLeftArm/rotateY.ANGLE" />
      <sampler id="hpl_mixamorigwLeftArm-rotx-sampler"><input semantic="INPUT" source="#hpl_mixamorigwLeftArm-time" /><input semantic="OUTPUT" source="#hpl_mixamorigwLeftArm-rotx" /></sampler><channel source="#hpl_mixamorigwLeftArm-rotx-sampler" target="mixamorigwLeftArm/rotateX.ANGLE" />
    </animation>
    <animation id="hpl_mixamorigwLeftForeArm">
      <source id="hpl_mixamorigwLeftForeArm-time"><float_array id="hpl_mixamorigwLeftForeArm-time-array" count="19">0 1 2 3 4 5 6 7 8 9 10 11 12 13 14 15 16 17 18</float_array><technique_common><accessor source="#hpl_mixamorigwLeftForeArm-time-array" count="19" stride="1" /></technique_common></source>
      <source id="hpl_mixamorigwLeftForeArm-trans"><float_array id="hpl_mixamorigwLeftForeArm-trans-array" count="57">-7.33203e-07 0.239881 -1.62622e-06 -7.33203e-07 0.239881 -1.62622e-06 -7.33203e-07 0.239881 -1.62622e-06 -7.33203e-07 0.239881 -1.62622e-06 -7.33203e-07 0.239881 -1.62622e-06 -7.33203e-07 0.239881 -1.62622e-06 -7.33203e-07 0.239881 -1.62622e-06 -7.33203e-07 0.239881 -1.62622e-06 -7.33203e-07 0.239881 -1.62622e-06 -7.33203e-07 0.239881 -1.62622e-06 -7.33203e-07 0.239881 -1.62622e-06 -7.33203e-07 0.239881 -1.62622e-06 -7.33203e-07 0.239881 -1.62622e-06 -7.33203e-07 0.239881 -1.62622e-06 -7.33203e-07 0.239881 -1.62622e-06 -7.33203e-07 0.239881 -1.62622e-06 -7.33203e-07 0.239881 -1.62622e-06 -7.33203e-07 0.239881 -1.62622e-06 -7.33203e-07 0.239881 -1.62622e-06</float_array><technique_common><accessor source="#hpl_mixamorigwLeftForeArm-trans-array" count="19" stride="3" /></technique_common></source>
      <source id="hpl_mixamorigwLeftForeArm-rotz"><float_array id="hpl_mixamorigwLeftForeArm-rotz-array" count="19">110.02 106.354 101.411 99.0805 98.7871 101.738 107.309 110.313 111.707 114.383 118.87 123.478 125.065 120.552 108.263 96.6335 94.7954 97.1529 110.02</float_array><technique_common><accessor source="#hpl_mixamorigwLeftForeArm-rotz-array" count="19" stride="1" /></technique_common></source>
      <source id="hpl_mixamorigwLeftForeArm-roty"><float_array id="hpl_mixamorigwLeftForeArm-roty-array" count="19">5.69167 3.42614 2.26085 2.72646 3.7763 3.66036 3.8735 3.82244 3.77355 3.34482 3.37616 4.38014 5.23665 5.85256 4.0339 2.87731 3.39002 3.528 5.69167</float_array><technique_common><accessor source="#hpl_mixamorigwLeftForeArm-roty-array" count="19" stride="1" /></technique_common></source>
      <source id="hpl_mixamorigwLeftForeArm-rotx"><float_array id="hpl_mixamorigwLeftForeArm-rotx-array" count="19">-11.5661 -12.423 -12.8987 -11.7434 -11.7582 -11.0906 -10.7837 -9.80073 -9.7953 -10.8895 -11.8695 -12.0098 -11.4862 -9.87034 -9.34202 -10.3617 -11.4093 -11.3625 -11.5661</float_array><technique_common><accessor source="#hpl_mixamorigwLeftForeArm-rotx-array" count="19" stride="1" /></technique_common></source>
      <sampler id="hpl_mixamorigwLeftForeArm-trans-sampler"><input semantic="INPUT" source="#hpl_mixamorigwLeftForeArm-time" /><input semantic="OUTPUT" source="#hpl_mixamorigwLeftForeArm-trans" /></sampler><channel source="#hpl_mixamorigwLeftForeArm-trans-sampler" target="mixamorigwLeftForeArm/translate" />
      <sampler id="hpl_mixamorigwLeftForeArm-rotz-sampler"><input semantic="INPUT" source="#hpl_mixamorigwLeftForeArm-time" /><input semantic="OUTPUT" source="#hpl_mixamorigwLeftForeArm-rotz" /></sampler><channel source="#hpl_mixamorigwLeftForeArm-rotz-sampler" target="mixamorigwLeftForeArm/rotateZ.ANGLE" />
      <sampler id="hpl_mixamorigwLeftForeArm-roty-sampler"><input semantic="INPUT" source="#hpl_mixamorigwLeftForeArm-time" /><input semantic="OUTPUT" source="#hpl_mixamorigwLeftForeArm-roty" /></sampler><channel source="#hpl_mixamorigwLeftForeArm-roty-sampler" target="mixamorigwLeftForeArm/rotateY.ANGLE" />
      <sampler id="hpl_mixamorigwLeftForeArm-rotx-sampler"><input semantic="INPUT" source="#hpl_mixamorigwLeftForeArm-time" /><input semantic="OUTPUT" source="#hpl_mixamorigwLeftForeArm-rotx" /></sampler><channel source="#hpl_mixamorigwLeftForeArm-rotx-sampler" target="mixamorigwLeftForeArm/rotateX.ANGLE" />
    </animation>
    <animation id="hpl_mixamorigwLeftHand">
      <source id="hpl_mixamorigwLeftHand-time"><float_array id="hpl_mixamorigwLeftHand-time-array" count="19">0 1 2 3 4 5 6 7 8 9 10 11 12 13 14 15 16 17 18</float_array><technique_common><accessor source="#hpl_mixamorigwLeftHand-time-array" count="19" stride="1" /></technique_common></source>
      <source id="hpl_mixamorigwLeftHand-trans"><float_array id="hpl_mixamorigwLeftHand-trans-array" count="57">-4.76682e-07 0.249492 -6.29558e-06 -4.76682e-07 0.249492 -6.29558e-06 -4.76682e-07 0.249492 -6.29558e-06 -4.76682e-07 0.249492 -6.29558e-06 -4.76682e-07 0.249492 -6.29558e-06 -4.76682e-07 0.249492 -6.29558e-06 -4.76682e-07 0.249492 -6.29558e-06 -4.76682e-07 0.249492 -6.29558e-06 -4.76682e-07 0.249492 -6.29558e-06 -4.76682e-07 0.249492 -6.29558e-06 -4.76682e-07 0.249492 -6.29558e-06 -4.76682e-07 0.249492 -6.29558e-06 -4.76682e-07 0.249492 -6.29558e-06 -4.76682e-07 0.249492 -6.29558e-06 -4.76682e-07 0.249492 -6.29558e-06 -4.76682e-07 0.249492 -6.29558e-06 -4.76682e-07 0.249492 -6.29558e-06 -4.76682e-07 0.249492 -6.29558e-06 -4.76682e-07 0.249492 -6.29558e-06</float_array><technique_common><accessor source="#hpl_mixamorigwLeftHand-trans-array" count="19" stride="3" /></technique_common></source>
      <source id="hpl_mixamorigwLeftHand-rotz"><float_array id="hpl_mixamorigwLeftHand-rotz-array" count="19">28.6268 28.2077 27.8846 26.5889 26.1392 24.9341 25.6208 26.3249 25.5053 24.0262 24.0793 26.1006 27.4036 28.7124 24.1428 20.3911 19.6217 20.1671 28.6268</float_array><technique_common><accessor source="#hpl_mixamorigwLeftHand-rotz-array" count="19" stride="1" /></technique_common></source>
      <source id="hpl_mixamorigwLeftHand-roty"><float_array id="hpl_mixamorigwLeftHand-roty-array" count="19">-22.6951 -25.6267 -28.5456 -28.9922 -27.0953 -20.4314 -21.4116 -24.0525 -26.1638 -26.4913 -26.6185 -27.5514 -28.5806 -30.0699 -22.0563 -14.3815 -19.5955 -25.2885 -22.6951</float_array><technique_common><accessor source="#hpl_mixamorigwLeftHand-roty-array" count="19" stride="1" /></technique_common></source>
      <source id="hpl_mixamorigwLeftHand-rotx"><float_array id="hpl_mixamorigwLeftHand-rotx-array" count="19">-2.58942 -0.319321 0.492591 -0.478245 -2.5743 -0.856187 -1.46149 -4.469 -4.7573 -2.26684 -1.14406 -1.69651 -2.27366 -5.2306 -2.58532 -0.929381 2.22475 2.18414 -2.58942</float_array><technique_common><accessor source="#hpl_mixamorigwLeftHand-rotx-array" count="19" stride="1" /></technique_common></source>
      <sampler id="hpl_mixamorigwLeftHand-trans-sampler"><input semantic="INPUT" source="#hpl_mixamorigwLeftHand-time" /><input semantic="OUTPUT" source="#hpl_mixamorigwLeftHand-trans" /></sampler><channel source="#hpl_mixamorigwLeftHand-trans-sampler" target="mixamorigwLeftHand/translate" />
      <sampler id="hpl_mixamorigwLeftHand-rotz-sampler"><input semantic="INPUT" source="#hpl_mixamorigwLeftHand-time" /><input semantic="OUTPUT" source="#hpl_mixamorigwLeftHand-rotz" /></sampler><channel source="#hpl_mixamorigwLeftHand-rotz-sampler" target="mixamorigwLeftHand/rotateZ.ANGLE" />
      <sampler id="hpl_mixamorigwLeftHand-roty-sampler"><input semantic="INPUT" source="#hpl_mixamorigwLeftHand-time" /><input semantic="OUTPUT" source="#hpl_mixamorigwLeftHand-roty" /></sampler><channel source="#hpl_mixamorigwLeftHand-roty-sampler" target="mixamorigwLeftHand/rotateY.ANGLE" />
      <sampler id="hpl_mixamorigwLeftHand-rotx-sampler"><input semantic="INPUT" source="#hpl_mixamorigwLeftHand-time" /><input semantic="OUTPUT" source="#hpl_mixamorigwLeftHand-rotx" /></sampler><channel source="#hpl_mixamorigwLeftHand-rotx-sampler" target="mixamorigwLeftHand/rotateX.ANGLE" />
    </animation>
    <animation id="hpl_mixamorigwRightShoulder">
      <source id="hpl_mixamorigwRightShoulder-time"><float_array id="hpl_mixamorigwRightShoulder-time-array" count="19">0 1 2 3 4 5 6 7 8 9 10 11 12 13 14 15 16 17 18</float_array><technique_common><accessor source="#hpl_mixamorigwRightShoulder-time-array" count="19" stride="1" /></technique_common></source>
      <source id="hpl_mixamorigwRightShoulder-trans"><float_array id="hpl_mixamorigwRightShoulder-trans-array" count="57">-0.0433087 0.0799113 -0.00249339 -0.0433087 0.0799113 -0.00249339 -0.0433087 0.0799113 -0.00249339 -0.0433087 0.0799113 -0.00249339 -0.0433087 0.0799113 -0.00249339 -0.0433087 0.0799113 -0.00249339 -0.0433087 0.0799113 -0.00249339 -0.0433087 0.0799113 -0.00249339 -0.0433087 0.0799113 -0.00249339 -0.0433087 0.0799113 -0.00249339 -0.0433087 0.0799113 -0.00249339 -0.0433087 0.0799113 -0.00249339 -0.0433087 0.0799113 -0.00249339 -0.0433087 0.0799113 -0.00249339 -0.0433087 0.0799113 -0.00249339 -0.0433087 0.0799113 -0.00249339 -0.0433087 0.0799113 -0.00249339 -0.0433087 0.0799113 -0.00249339 -0.0433087 0.0799113 -0.00249339</float_array><technique_common><accessor source="#hpl_mixamorigwRightShoulder-trans-array" count="19" stride="3" /></technique_common></source>
      <source id="hpl_mixamorigwRightShoulder-rotz"><float_array id="hpl_mixamorigwRightShoulder-rotz-array" count="19">-116.37 -113.421 -111.252 -114.037 -117.99 -120.081 -124.507 -126.478 -127.714 -130.218 -131.245 -130.297 -127.47 -121.689 -116.251 -112.576 -107.847 -101.439 -116.37</float_array><technique_common><accessor source="#hpl_mixamorigwRightShoulder-rotz-array" count="19" stride="1" /></technique_common></source>
      <source id="hpl_mixamorigwRightShoulder-roty"><float_array id="hpl_mixamorigwRightShoulder-roty-array" count="19">-80.1945 -77.9471 -75.0615 -71.695 -67.2446 -64.1211 -62.5347 -60.6997 -58.9855 -57.4125 -56.4134 -56.7634 -59.2108 -62.3076 -64.5778 -69.6252 -74.9642 -79.1416 -80.1945</float_array><technique_common><accessor source="#hpl_mixamorigwRightShoulder-roty-array" count="19" stride="1" /></technique_common></source>
      <source id="hpl_mixamorigwRightShoulder-rotx"><float_array id="hpl_mixamorigwRightShoulder-rotx-array" count="19">-168.136 -166.76 -163.772 -154.997 -146.282 -143.829 -140.522 -137.987 -137.931 -138.977 -140.216 -141.513 -141.402 -143.448 -147.385 -154.437 -165.364 -178.427 -168.136</float_array><technique_common><accessor source="#hpl_mixamorigwRightShoulder-rotx-array" count="19" stride="1" /></technique_common></source>
      <sampler id="hpl_mixamorigwRightShoulder-trans-sampler"><input semantic="INPUT" source="#hpl_mixamorigwRightShoulder-time" /><input semantic="OUTPUT" source="#hpl_mixamorigwRightShoulder-trans" /></sampler><channel source="#hpl_mixamorigwRightShoulder-trans-sampler" target="mixamorigwRightShoulder/translate" />
      <sampler id="hpl_mixamorigwRightShoulder-rotz-sampler"><input semantic="INPUT" source="#hpl_mixamorigwRightShoulder-time" /><input semantic="OUTPUT" source="#hpl_mixamorigwRightShoulder-rotz" /></sampler><channel source="#hpl_mixamorigwRightShoulder-rotz-sampler" target="mixamorigwRightShoulder/rotateZ.ANGLE" />
      <sampler id="hpl_mixamorigwRightShoulder-roty-sampler"><input semantic="INPUT" source="#hpl_mixamorigwRightShoulder-time" /><input semantic="OUTPUT" source="#hpl_mixamorigwRightShoulder-roty" /></sampler><channel source="#hpl_mixamorigwRightShoulder-roty-sampler" target="mixamorigwRightShoulder/rotateY.ANGLE" />
      <sampler id="hpl_mixamorigwRightShoulder-rotx-sampler"><input semantic="INPUT" source="#hpl_mixamorigwRightShoulder-time" /><input semantic="OUTPUT" source="#hpl_mixamorigwRightShoulder-rotx" /></sampler><channel source="#hpl_mixamorigwRightShoulder-rotx-sampler" target="mixamorigwRightShoulder/rotateX.ANGLE" />
    </animation>
    <animation id="hpl_mixamorigwRightArm">
      <source id="hpl_mixamorigwRightArm-time"><float_array id="hpl_mixamorigwRightArm-time-array" count="19">0 1 2 3 4 5 6 7 8 9 10 11 12 13 14 15 16 17 18</float_array><technique_common><accessor source="#hpl_mixamorigwRightArm-time-array" count="19" stride="1" /></technique_common></source>
      <source id="hpl_mixamorigwRightArm-trans"><float_array id="hpl_mixamorigwRightArm-trans-array" count="57">-9.6372e-07 0.17456 7.77292e-06 -9.6372e-07 0.17456 7.77292e-06 -9.6372e-07 0.17456 7.77292e-06 -9.6372e-07 0.17456 7.77292e-06 -9.6372e-07 0.17456 7.77292e-06 -9.6372e-07 0.17456 7.77292e-06 -9.6372e-07 0.17456 7.77292e-06 -9.6372e-07 0.17456 7.77292e-06 -9.6372e-07 0.17456 7.77292e-06 -9.6372e-07 0.17456 7.77292e-06 -9.6372e-07 0.17456 7.77292e-06 -9.6372e-07 0.17456 7.77292e-06 -9.6372e-07 0.17456 7.77292e-06 -9.6372e-07 0.17456 7.77292e-06 -9.6372e-07 0.17456 7.77292e-06 -9.6372e-07 0.17456 7.77292e-06 -9.6372e-07 0.17456 7.77292e-06 -9.6372e-07 0.17456 7.77292e-06 -9.6372e-07 0.17456 7.77292e-06</float_array><technique_common><accessor source="#hpl_mixamorigwRightArm-trans-array" count="19" stride="3" /></technique_common></source>
      <source id="hpl_mixamorigwRightArm-rotz"><float_array id="hpl_mixamorigwRightArm-rotz-array" count="19">-51.9475 -53.2744 -53.6599 -51.4653 -46.6446 -42.2102 -39.4965 -34.8435 -29.331 -26.3228 -27.9902 -33.2694 -35.6316 -39.205 -44.8109 -47.9648 -45.9921 -40.9368 -51.9475</float_array><technique_common><accessor source="#hpl_mixamorigwRightArm-rotz-array" count="19" stride="1" /></technique_common></source>
      <source id="hpl_mixamorigwRightArm-roty"><float_array id="hpl_mixamorigwRightArm-roty-array" count="19">21.1775 16.3258 10.1612 3.48198 -1.64864 -7.90048 -16.7545 -24.3865 -31.0386 -37.6823 -41.7828 -40.4812 -35.64 -27.9443 -17.0564 -7.09678 2.43661 9.31357 21.1775</float_array><technique_common><accessor source="#hpl_mixamorigwRightArm-roty-array" count="19" stride="1" /></technique_common></source>
      <source id="hpl_mixamorigwRightArm-rotx"><float_array id="hpl_mixamorigwRightArm-rotx-array" count="19">42.1727 44.1445 49.0027 53.0739 56.7028 61.0123 63.3542 61.36 59.3672 61.1422 66.3268 72.1075 72.3265 65.7422 55.4253 51.7341 52.9305 55.5218 42.1727</float_array><technique_common><accessor source="#hpl_mixamorigwRightArm-rotx-array" count="19" stride="1" /></technique_common></source>
      <sampler id="hpl_mixamorigwRightArm-trans-sampler"><input semantic="INPUT" source="#hpl_mixamorigwRightArm-time" /><input semantic="OUTPUT" source="#hpl_mixamorigwRightArm-trans" /></sampler><channel source="#hpl_mixamorigwRightArm-trans-sampler" target="mixamorigwRightArm/translate" />
      <sampler id="hpl_mixamorigwRightArm-rotz-sampler"><input semantic="INPUT" source="#hpl_mixamorigwRightArm-time" /><input semantic="OUTPUT" source="#hpl_mixamorigwRightArm-rotz" /></sampler><channel source="#hpl_mixamorigwRightArm-rotz-sampler" target="mixamorigwRightArm/rotateZ.ANGLE" />
      <sampler id="hpl_mixamorigwRightArm-roty-sampler"><input semantic="INPUT" source="#hpl_mixamorigwRightArm-time" /><input semantic="OUTPUT" source="#hpl_mixamorigwRightArm-roty" /></sampler><channel source="#hpl_mixamorigwRightArm-roty-sampler" target="mixamorigwRightArm/rotateY.ANGLE" />
      <sampler id="hpl_mixamorigwRightArm-rotx-sampler"><input semantic="INPUT" source="#hpl_mixamorigwRightArm-time" /><input semantic="OUTPUT" source="#hpl_mixamorigwRightArm-rotx" /></sampler><channel source="#hpl_mixamorigwRightArm-rotx-sampler" target="mixamorigwRightArm/rotateX.ANGLE" />
    </animation>
    <animation id="hpl_mixamorigwRightForeArm">
      <source id="hpl_mixamorigwRightForeArm-time"><float_array id="hpl_mixamorigwRightForeArm-time-array" count="19">0 1 2 3 4 5 6 7 8 9 10 11 12 13 14 15 16 17 18</float_array><technique_common><accessor source="#hpl_mixamorigwRightForeArm-time-array" count="19" stride="1" /></technique_common></source>
      <source id="hpl_mixamorigwRightForeArm-trans"><float_array id="hpl_mixamorigwRightForeArm-trans-array" count="57">4.30472e-07 0.220142 -2.87697e-06 4.30472e-07 0.220142 -2.87697e-06 4.30472e-07 0.220142 -2.87697e-06 4.30472e-07 0.220142 -2.87697e-06 4.30472e-07 0.220142 -2.87697e-06 4.30472e-07 0.220142 -2.87697e-06 4.30472e-07 0.220142 -2.87697e-06 4.30472e-07 0.220142 -2.87697e-06 4.30472e-07 0.220142 -2.87697e-06 4.30472e-07 0.220142 -2.87697e-06 4.30472e-07 0.220142 -2.87697e-06 4.30472e-07 0.220142 -2.87697e-06 4.30472e-07 0.220142 -2.87697e-06 4.30472e-07 0.220142 -2.87697e-06 4.30472e-07 0.220142 -2.87697e-06 4.30472e-07 0.220142 -2.87697e-06 4.30472e-07 0.220142 -2.87697e-06 4.30472e-07 0.220142 -2.87697e-06 4.30472e-07 0.220142 -2.87697e-06</float_array><technique_common><accessor source="#hpl_mixamorigwRightForeArm-trans-array" count="19" stride="3" /></technique_common></source>
      <source id="hpl_mixamorigwRightForeArm-rotz"><float_array id="hpl_mixamorigwRightForeArm-rotz-array" count="19">-131.6 -126.62 -116.932 -107.423 -101.182 -99.3034 -101.93 -106.517 -110.742 -113.471 -113.649 -112.27 -111.527 -110.851 -108.423 -110.189 -115.429 -121.098 -131.6</float_array><technique_common><accessor source="#hpl_mixamorigwRightForeArm-rotz-array" count="19" stride="1" /></technique_common></source>
      <source id="hpl_mixamorigwRightForeArm-roty"><float_array id="hpl_mixamorigwRightForeArm-roty-array" count="19">-7.2531 -6.39511 -3.94444 -2.79809 -2.13543 -1.80512 -2.75315 -3.27606 -3.70648 -4.30957 -4.53444 -4.81835 -4.81221 -4.66273 -4.2374 -4.20706 -4.65289 -5.43184 -7.2531</float_array><technique_common><accessor source="#hpl_mixamorigwRightForeArm-roty-array" count="19" stride="1" /></technique_common></source>
      <source id="hpl_mixamorigwRightForeArm-rotx"><float_array id="hpl_mixamorigwRightForeArm-rotx-array" count="19">-10.5069 -10.2884 -10.5246 -10.791 -10.8403 -11.6755 -11.7594 -10.914 -10.044 -9.99567 -10.7419 -11.4393 -10.8237 -11.2849 -11.1892 -11.1759 -11.1524 -11.1366 -10.5069</float_array><technique_common><accessor source="#hpl_mixamorigwRightForeArm-rotx-array" count="19" stride="1" /></technique_common></source>
      <sampler id="hpl_mixamorigwRightForeArm-trans-sampler"><input semantic="INPUT" source="#hpl_mixamorigwRightForeArm-time" /><input semantic="OUTPUT" source="#hpl_mixamorigwRightForeArm-trans" /></sampler><channel source="#hpl_mixamorigwRightForeArm-trans-sampler" target="mixamorigwRightForeArm/translate" />
      <sampler id="hpl_mixamorigwRightForeArm-rotz-sampler"><input semantic="INPUT" source="#hpl_mixamorigwRightForeArm-time" /><input semantic="OUTPUT" source="#hpl_mixamorigwRightForeArm-rotz" /></sampler><channel source="#hpl_mixamorigwRightForeArm-rotz-sampler" target="mixamorigwRightForeArm/rotateZ.ANGLE" />
      <sampler id="hpl_mixamorigwRightForeArm-roty-sampler"><input semantic="INPUT" source="#hpl_mixamorigwRightForeArm-time" /><input semantic="OUTPUT" source="#hpl_mixamorigwRightForeArm-roty" /></sampler><channel source="#hpl_mixamorigwRightForeArm-roty-sampler" target="mixamorigwRightForeArm/rotateY.ANGLE" />
      <sampler id="hpl_mixamorigwRightForeArm-rotx-sampler"><input semantic="INPUT" source="#hpl_mixamorigwRightForeArm-time" /><input semantic="OUTPUT" source="#hpl_mixamorigwRightForeArm-rotx" /></sampler><channel source="#hpl_mixamorigwRightForeArm-rotx-sampler" target="mixamorigwRightForeArm/rotateX.ANGLE" />
    </animation>
    <animation id="hpl_mixamorigwRightHand">
      <source id="hpl_mixamorigwRightHand-time"><float_array id="hpl_mixamorigwRightHand-time-array" count="19">0 1 2 3 4 5 6 7 8 9 10 11 12 13 14 15 16 17 18</float_array><technique_common><accessor source="#hpl_mixamorigwRightHand-time-array" count="19" stride="1" /></technique_common></source>
      <source id="hpl_mixamorigwRightHand-trans"><float_array id="hpl_mixamorigwRightHand-trans-array" count="57">-5.20839e-08 0.264825 -3.87537e-06 -5.20839e-08 0.264825 -3.87537e-06 -5.20839e-08 0.264825 -3.87537e-06 -5.20839e-08 0.264825 -3.87537e-06 -5.20839e-08 0.264825 -3.87537e-06 -5.20839e-08 0.264825 -3.87537e-06 -5.20839e-08 0.264825 -3.87537e-06 -5.20839e-08 0.264825 -3.87537e-06 -5.20839e-08 0.264825 -3.87537e-06 -5.20839e-08 0.264825 -3.87537e-06 -5.20839e-08 0.264825 -3.87537e-06 -5.20839e-08 0.264825 -3.87537e-06 -5.20839e-08 0.264825 -3.87537e-06 -5.20839e-08 0.264825 -3.87537e-06 -5.20839e-08 0.264825 -3.87537e-06 -5.20839e-08 0.264825 -3.87537e-06 -5.20839e-08 0.264825 -3.87537e-06 -5.20839e-08 0.264825 -3.87537e-06 -5.20839e-08 0.264825 -3.87537e-06</float_array><technique_common><accessor source="#hpl_mixamorigwRightHand-trans-array" count="19" stride="3" /></technique_common></source>
      <source id="hpl_mixamorigwRightHand-rotz"><float_array id="hpl_mixamorigwRightHand-rotz-array" count="19">-9.50731 -11.0671 -12.914 -13.9502 -15.2184 -14.7494 -14.6251 -13.8659 -12.4418 -10.9675 -8.71419 -7.6423 -8.25098 -11.0162 -10.6559 -6.8349 -4.58876 -2.14957 -9.50731</float_array><technique_common><accessor source="#hpl_mixamorigwRightHand-rotz-array" count="19" stride="1" /></technique_common></source>
      <source id="hpl_mixamorigwRightHand-roty"><float_array id="hpl_mixamorigwRightHand-roty-array" count="19">14.73 14.1814 12.8028 15.8558 18.8484 20.2245 21.3748 18.2785 15.1913 14.8074 15.1365 15.5726 16.8663 21.2285 20.9503 17.7457 17.2127 14.5918 14.73</float_array><technique_common><accessor source="#hpl_mixamorigwRightHand-roty-array" count="19" stride="1" /></technique_common></source>
      <source id="hpl_mixamorigwRightHand-rotx"><float_array id="hpl_mixamorigwRightHand-rotx-array" count="19">-4.36557 -3.76187 -3.94958 -3.9397 -5.62886 -8.28672 -8.32282 -7.95332 -7.34312 -6.3344 -5.24926 -6.43208 -9.68741 -12.3648 -12.3477 -9.84534 -9.85715 -9.78125 -4.36557</float_array><technique_common><accessor source="#hpl_mixamorigwRightHand-rotx-array" count="19" stride="1" /></technique_common></source>
      <sampler id="hpl_mixamorigwRightHand-trans-sampler"><input semantic="INPUT" source="#hpl_mixamorigwRightHand-time" /><input semantic="OUTPUT" source="#hpl_mixamorigwRightHand-trans" /></sampler><channel source="#hpl_mixamorigwRightHand-trans-sampler" target="mixamorigwRightHand/translate" />
      <sampler id="hpl_mixamorigwRightHand-rotz-sampler"><input semantic="INPUT" source="#hpl_mixamorigwRightHand-time" /><input semantic="OUTPUT" source="#hpl_mixamorigwRightHand-rotz" /></sampler><channel source="#hpl_mixamorigwRightHand-rotz-sampler" target="mixamorigwRightHand/rotateZ.ANGLE" />
      <sampler id="hpl_mixamorigwRightHand-roty-sampler"><input semantic="INPUT" source="#hpl_mixamorigwRightHand-time" /><input semantic="OUTPUT" source="#hpl_mixamorigwRightHand-roty" /></sampler><channel source="#hpl_mixamorigwRightHand-roty-sampler" target="mixamorigwRightHand/rotateY.ANGLE" />
      <sampler id="hpl_mixamorigwRightHand-rotx-sampler"><input semantic="INPUT" source="#hpl_mixamorigwRightHand-time" /><input semantic="OUTPUT" source="#hpl_mixamorigwRightHand-rotx" /></sampler><channel source="#hpl_mixamorigwRightHand-rotx-sampler" target="mixamorigwRightHand/rotateX.ANGLE" />
    </animation>
    <animation id="hpl_mixamorigwNeck">
      <source id="hpl_mixamorigwNeck-time"><float_array id="hpl_mixamorigwNeck-time-array" count="19">0 1 2 3 4 5 6 7 8 9 10 11 12 13 14 15 16 17 18</float_array><technique_common><accessor source="#hpl_mixamorigwNeck-time-array" count="19" stride="1" /></technique_common></source>
      <source id="hpl_mixamorigwNeck-trans"><float_array id="hpl_mixamorigwNeck-trans-array" count="57">0.00029939 0.0947524 0.00492966 0.00029939 0.0947524 0.00492966 0.00029939 0.0947524 0.00492966 0.00029939 0.0947524 0.00492966 0.00029939 0.0947524 0.00492966 0.00029939 0.0947524 0.00492966 0.00029939 0.0947524 0.00492966 0.00029939 0.0947524 0.00492966 0.00029939 0.0947524 0.00492966 0.00029939 0.0947524 0.00492966 0.00029939 0.0947524 0.00492966 0.00029939 0.0947524 0.00492966 0.00029939 0.0947524 0.00492966 0.00029939 0.0947524 0.00492966 0.00029939 0.0947524 0.00492966 0.00029939 0.0947524 0.00492966 0.00029939 0.0947524 0.00492966 0.00029939 0.0947524 0.00492966 0.00029939 0.0947524 0.00492966</float_array><technique_common><accessor source="#hpl_mixamorigwNeck-trans-array" count="19" stride="3" /></technique_common></source>
      <source id="hpl_mixamorigwNeck-rotz"><float_array id="hpl_mixamorigwNeck-rotz-array" count="19">2.21129 2.62062 2.36805 2.68208 4.06454 2.52216 0.734323 -0.184468 -0.7415 -1.27663 -1.76081 -2.35599 -2.86231 -4.43193 -5.02672 -4.18145 -3.03011 -2.14513 2.21129</float_array><technique_common><accessor source="#hpl_mixamorigwNeck-rotz-array" count="19" stride="1" /></technique_common></source>
      <source id="hpl_mixamorigwNeck-roty"><float_array id="hpl_mixamorigwNeck-roty-array" count="19">1.11239 0.589823 0.814037 0.996512 1.13096 1.61179 1.84155 2.11276 3.14239 3.79604 4.15258 4.53357 4.73021 4.7139 3.95931 3.74586 3.37864 2.64839 1.11239</float_array><technique_common><accessor source="#hpl_mixamorigwNeck-roty-array" count="19" stride="1" /></technique_common></source>
      <source id="hpl_mixamorigwNeck-rotx"><float_array id="hpl_mixamorigwNeck-rotx-array" count="19">28.4461 30.0982 29.7394 27.3248 22.811 21.2464 22.5607 24.5178 26.8189 29.0451 30.3391 30.2594 28.8577 25.3719 22.6009 22.1475 23.0096 25.3019 28.4461</float_array><technique_common><accessor source="#hpl_mixamorigwNeck-rotx-array" count="19" stride="1" /></technique_common></source>
      <sampler id="hpl_mixamorigwNeck-trans-sampler"><input semantic="INPUT" source="#hpl_mixamorigwNeck-time" /><input semantic="OUTPUT" source="#hpl_mixamorigwNeck-trans" /></sampler><channel source="#hpl_mixamorigwNeck-trans-sampler" target="mixamorigwNeck/translate" />
      <sampler id="hpl_mixamorigwNeck-rotz-sampler"><input semantic="INPUT" source="#hpl_mixamorigwNeck-time" /><input semantic="OUTPUT" source="#hpl_mixamorigwNeck-rotz" /></sampler><channel source="#hpl_mixamorigwNeck-rotz-sampler" target="mixamorigwNeck/rotateZ.ANGLE" />
      <sampler id="hpl_mixamorigwNeck-roty-sampler"><input semantic="INPUT" source="#hpl_mixamorigwNeck-time" /><input semantic="OUTPUT" source="#hpl_mixamorigwNeck-roty" /></sampler><channel source="#hpl_mixamorigwNeck-roty-sampler" target="mixamorigwNeck/rotateY.ANGLE" />
      <sampler id="hpl_mixamorigwNeck-rotx-sampler"><input semantic="INPUT" source="#hpl_mixamorigwNeck-time" /><input semantic="OUTPUT" source="#hpl_mixamorigwNeck-rotx" /></sampler><channel source="#hpl_mixamorigwNeck-rotx-sampler" target="mixamorigwNeck/rotateX.ANGLE" />
    </animation>
    <animation id="hpl_mixamorigwHead">
      <source id="hpl_mixamorigwHead-time"><float_array id="hpl_mixamorigwHead-time-array" count="19">0 1 2 3 4 5 6 7 8 9 10 11 12 13 14 15 16 17 18</float_array><technique_common><accessor source="#hpl_mixamorigwHead-time-array" count="19" stride="1" /></technique_common></source>
      <source id="hpl_mixamorigwHead-trans"><float_array id="hpl_mixamorigwHead-trans-array" count="57">2.00016e-09 0.0722285 -1.48066e-06 2.00016e-09 0.0722285 -1.48066e-06 2.00016e-09 0.0722285 -1.48066e-06 2.00016e-09 0.0722285 -1.48066e-06 2.00016e-09 0.0722285 -1.48066e-06 2.00016e-09 0.0722285 -1.48066e-06 2.00016e-09 0.0722285 -1.48066e-06 2.00016e-09 0.0722285 -1.48066e-06 2.00016e-09 0.0722285 -1.48066e-06 2.00016e-09 0.0722285 -1.48066e-06 2.00016e-09 0.0722285 -1.48066e-06 2.00016e-09 0.0722285 -1.48066e-06 2.00016e-09 0.0722285 -1.48066e-06 2.00016e-09 0.0722285 -1.48066e-06 2.00016e-09 0.0722285 -1.48066e-06 2.00016e-09 0.0722285 -1.48066e-06 2.00016e-09 0.0722285 -1.48066e-06 2.00016e-09 0.0722285 -1.48066e-06 2.00016e-09 0.0722285 -1.48066e-06</float_array><technique_common><accessor source="#hpl_mixamorigwHead-trans-array" count="19" stride="3" /></technique_common></source>
      <source id="hpl_mixamorigwHead-rotz"><float_array id="hpl_mixamorigwHead-rotz-array" count="19">6.22236 5.65888 4.75946 4.12424 3.35155 2.44308 0.636852 -1.16098 -2.38752 -2.83717 -2.55119 -1.95538 -0.963222 -1.15081 -0.749449 0.66666 2.78842 4.62745 6.22236</float_array><technique_common><accessor source="#hpl_mixamorigwHead-rotz-array" count="19" stride="1" /></technique_common></source>
      <source id="hpl_mixamorigwHead-roty"><float_array id="hpl_mixamorigwHead-roty-array" count="19">-15.3654 -14.4712 -11.8021 -9.13298 -6.87586 -3.12985 2.51479 7.75378 11.2215 12.2067 11.4722 9.81525 6.44703 3.56459 0.300369 -3.61474 -8.47236 -13.3177 -15.3654</float_array><technique_common><accessor source="#hpl_mixamorigwHead-roty-array" count="19" stride="1" /></technique_common></source>
      <source id="hpl_mixamorigwHead-rotx"><float_array id="hpl_mixamorigwHead-rotx-array" count="19">9.0982 10.6023 10.9836 9.05595 4.08589 2.39025 2.6551 4.24845 7.09911 9.19087 10.335 10.5401 9.99059 5.49348 2.55341 2.97276 4.75145 7.53028 9.0982</float_array><technique_common><accessor source="#hpl_mixamorigwHead-rotx-array" count="19" stride="1" /></technique_common></source>
      <sampler id="hpl_mixamorigwHead-trans-sampler"><input semantic="INPUT" source="#hpl_mixamorigwHead-time" /><input semantic="OUTPUT" source="#hpl_mixamorigwHead-trans" /></sampler><channel source="#hpl_mixamorigwHead-trans-sampler" target="mixamorigwHead/translate" />
      <sampler id="hpl_mixamorigwHead-rotz-sampler"><input semantic="INPUT" source="#hpl_mixamorigwHead-time" /><input semantic="OUTPUT" source="#hpl_mixamorigwHead-rotz" /></sampler><channel source="#hpl_mixamorigwHead-rotz-sampler" target="mixamorigwHead/rotateZ.ANGLE" />
      <sampler id="hpl_mixamorigwHead-roty-sampler"><input semantic="INPUT" source="#hpl_mixamorigwHead-time" /><input semantic="OUTPUT" source="#hpl_mixamorigwHead-roty" /></sampler><channel source="#hpl_mixamorigwHead-roty-sampler" target="mixamorigwHead/rotateY.ANGLE" />
      <sampler id="hpl_mixamorigwHead-rotx-sampler"><input semantic="INPUT" source="#hpl_mixamorigwHead-time" /><input semantic="OUTPUT" source="#hpl_mixamorigwHead-rotx" /></sampler><channel source="#hpl_mixamorigwHead-rotx-sampler" target="mixamorigwHead/rotateX.ANGLE" />
    </animation>
    <animation id="hpl_mixamorigwHeadTop_End">
      <source id="hpl_mixamorigwHeadTop_End-time"><float_array id="hpl_mixamorigwHeadTop_End-time-array" count="19">0 1 2 3 4 5 6 7 8 9 10 11 12 13 14 15 16 17 18</float_array><technique_common><accessor source="#hpl_mixamorigwHeadTop_End-time-array" count="19" stride="1" /></technique_common></source>
      <source id="hpl_mixamorigwHeadTop_End-trans"><float_array id="hpl_mixamorigwHeadTop_End-trans-array" count="57">-3.0402e-09 0.242221 -0.111258 -3.0402e-09 0.242221 -0.111258 -3.0402e-09 0.242221 -0.111258 -3.0402e-09 0.242221 -0.111258 -3.0402e-09 0.242221 -0.111258 -3.0402e-09 0.242221 -0.111258 -3.0402e-09 0.242221 -0.111258 -3.0402e-09 0.242221 -0.111258 -3.0402e-09 0.242221 -0.111258 -3.0402e-09 0.242221 -0.111258 -3.0402e-09 0.242221 -0.111258 -3.0402e-09 0.242221 -0.111258 -3.0402e-09 0.242221 -0.111258 -3.0402e-09 0.242221 -0.111258 -3.0402e-09 0.242221 -0.111258 -3.0402e-09 0.242221 -0.111258 -3.0402e-09 0.242221 -0.111258 -3.0402e-09 0.242221 -0.111258 -3.0402e-09 0.242221 -0.111258</float_array><technique_common><accessor source="#hpl_mixamorigwHeadTop_End-trans-array" count="19" stride="3" /></technique_common></source>
      <source id="hpl_mixamorigwHeadTop_End-rotz"><float_array id="hpl_mixamorigwHeadTop_End-rotz-array" count="19">-1.59667e-08 -1.59667e-08 -1.59667e-08 -1.59667e-08 -1.59667e-08 -1.59667e-08 -1.59667e-08 -1.59667e-08 -1.59667e-08 -1.59667e-08 -1.59667e-08 -1.59667e-08 -1.59667e-08 -1.59667e-08 -1.59667e-08 -1.59667e-08 -1.59667e-08 -1.59667e-08 -1.59667e-08</float_array><technique_common><accessor source="#hpl_mixamorigwHeadTop_End-rotz-array" count="19" stride="1" /></technique_common></source>
      <source id="hpl_mixamorigwHeadTop_End-roty"><float_array id="hpl_mixamorigwHeadTop_End-roty-array" count="19">1.91978e-07 1.91978e-07 1.91978e-07 1.91978e-07 1.91978e-07 1.91978e-07 1.91978e-07 1.91978e-07 1.91978e-07 1.91978e-07 1.91978e-07 1.91978e-07 1.91978e-07 1.91978e-07 1.91978e-07 1.91978e-07 1.91978e-07 1.91978e-07 1.91978e-07</float_array><technique_common><accessor source="#hpl_mixamorigwHeadTop_End-roty-array" count="19" stride="1" /></technique_common></source>
      <source id="hpl_mixamorigwHeadTop_End-rotx"><float_array id="hpl_mixamorigwHeadTop_End-rotx-array" count="19">-24.6705 -24.6705 -24.6705 -24.6705 -24.6705 -24.6705 -24.6705 -24.6705 -24.6705 -24.6705 -24.6705 -24.6705 -24.6705 -24.6705 -24.6705 -24.6705 -24.6705 -24.6705 -24.6705</float_array><technique_common><accessor source="#hpl_mixamorigwHeadTop_End-rotx-array" count="19" stride="1" /></technique_common></source>
      <sampler id="hpl_mixamorigwHeadTop_End-trans-sampler"><input semantic="INPUT" source="#hpl_mixamorigwHeadTop_End-time" /><input semantic="OUTPUT" source="#hpl_mixamorigwHeadTop_End-trans" /></sampler><channel source="#hpl_mixamorigwHeadTop_End-trans-sampler" target="mixamorigwHeadTop_End/translate" />
      <sampler id="hpl_mixamorigwHeadTop_End-rotz-sampler"><input semantic="INPUT" source="#hpl_mixamorigwHeadTop_End-time" /><input semantic="OUTPUT" source="#hpl_mixamorigwHeadTop_End-rotz" /></sampler><channel source="#hpl_mixamorigwHeadTop_End-rotz-sampler" target="mixamorigwHeadTop_End/rotateZ.ANGLE" />
      <sampler id="hpl_mixamorigwHeadTop_End-roty-sampler"><input semantic="INPUT" source="#hpl_mixamorigwHeadTop_End-time" /><input semantic="OUTPUT" source="#hpl_mixamorigwHeadTop_End-roty" /></sampler><channel source="#hpl_mixamorigwHeadTop_End-roty-sampler" target="mixamorigwHeadTop_End/rotateY.ANGLE" />
      <sampler id="hpl_mixamorigwHeadTop_End-rotx-sampler"><input semantic="INPUT" source="#hpl_mixamorigwHeadTop_End-time" /><input semantic="OUTPUT" source="#hpl_mixamorigwHeadTop_End-rotx" /></sampler><channel source="#hpl_mixamorigwHeadTop_End-rotx-sampler" target="mixamorigwHeadTop_End/rotateX.ANGLE" />
    </animation>
    <animation id="hpl_mixamorigwHeadFront">
      <source id="hpl_mixamorigwHeadFront-time"><float_array id="hpl_mixamorigwHeadFront-time-array" count="19">0 1 2 3 4 5 6 7 8 9 10 11 12 13 14 15 16 17 18</float_array><technique_common><accessor source="#hpl_mixamorigwHeadFront-time-array" count="19" stride="1" /></technique_common></source>
      <source id="hpl_mixamorigwHeadFront-trans"><float_array id="hpl_mixamorigwHeadFront-trans-array" count="57">-6.45422e-09 0.0827475 0.111256 -6.45422e-09 0.0827475 0.111256 -6.45422e-09 0.0827475 0.111256 -6.45422e-09 0.0827475 0.111256 -6.45422e-09 0.0827475 0.111256 -6.45422e-09 0.0827475 0.111256 -6.45422e-09 0.0827475 0.111256 -6.45422e-09 0.0827475 0.111256 -6.45422e-09 0.0827475 0.111256 -6.45422e-09 0.0827475 0.111256 -6.45422e-09 0.0827475 0.111256 -6.45422e-09 0.0827475 0.111256 -6.45422e-09 0.0827475 0.111256 -6.45422e-09 0.0827475 0.111256 -6.45422e-09 0.0827475 0.111256 -6.45422e-09 0.0827475 0.111256 -6.45422e-09 0.0827475 0.111256 -6.45422e-09 0.0827475 0.111256 -6.45422e-09 0.0827475 0.111256</float_array><technique_common><accessor source="#hpl_mixamorigwHeadFront-trans-array" count="19" stride="3" /></technique_common></source>
      <source id="hpl_mixamorigwHeadFront-rotz"><float_array id="hpl_mixamorigwHeadFront-rotz-array" count="19">6.88863e-06 6.88863e-06 6.88863e-06 6.88863e-06 6.88863e-06 6.88863e-06 6.88863e-06 6.88863e-06 6.88863e-06 6.88863e-06 6.88863e-06 6.88863e-06 6.88863e-06 6.88863e-06 6.88863e-06 6.88863e-06 6.88863e-06 6.88863e-06 6.88863e-06</float_array><technique_common><accessor source="#hpl_mixamorigwHeadFront-rotz-array" count="19" stride="1" /></technique_common></source>
      <source id="hpl_mixamorigwHeadFront-roty"><float_array id="hpl_mixamorigwHeadFront-roty-array" count="19">5.39189e-06 5.39189e-06 5.39189e-06 5.39189e-06 5.39189e-06 5.39189e-06 5.39189e-06 5.39189e-06 5.39189e-06 5.39189e-06 5.39189e-06 5.39189e-06 5.39189e-06 5.39189e-06 5.39189e-06 5.39189e-06 5.39189e-06 5.39189e-06 5.39189e-06</float_array><technique_common><accessor source="#hpl_mixamorigwHeadFront-roty-array" count="19" stride="1" /></technique_common></source>
      <source id="hpl_mixamorigwHeadFront-rotx"><float_array id="hpl_mixamorigwHeadFront-rotx-array" count="19">53.3605 53.3605 53.3605 53.3605 53.3605 53.3605 53.3605 53.3605 53.3605 53.3605 53.3605 53.3605 53.3605 53.3605 53.3605 53.3605 53.3605 53.3605 53.3605</float_array><technique_common><accessor source="#hpl_mixamorigwHeadFront-rotx-array" count="19" stride="1" /></technique_common></source>
      <sampler id="hpl_mixamorigwHeadFront-trans-sampler"><input semantic="INPUT" source="#hpl_mixamorigwHeadFront-time" /><input semantic="OUTPUT" source="#hpl_mixamorigwHeadFront-trans" /></sampler><channel source="#hpl_mixamorigwHeadFront-trans-sampler" target="mixamorigwHeadFront/translate" />
      <sampler id="hpl_mixamorigwHeadFront-rotz-sampler"><input semantic="INPUT" source="#hpl_mixamorigwHeadFront-time" /><input semantic="OUTPUT" source="#hpl_mixamorigwHeadFront-rotz" /></sampler><channel source="#hpl_mixamorigwHeadFront-rotz-sampler" target="mixamorigwHeadFront/rotateZ.ANGLE" />
      <sampler id="hpl_mixamorigwHeadFront-roty-sampler"><input semantic="INPUT" source="#hpl_mixamorigwHeadFront-time" /><input semantic="OUTPUT" source="#hpl_mixamorigwHeadFront-roty" /></sampler><channel source="#hpl_mixamorigwHeadFront-roty-sampler" target="mixamorigwHeadFront/rotateY.ANGLE" />
      <sampler id="hpl_mixamorigwHeadFront-rotx-sampler"><input semantic="INPUT" source="#hpl_mixamorigwHeadFront-time" /><input semantic="OUTPUT" source="#hpl_mixamorigwHeadFront-rotx" /></sampler><channel source="#hpl_mixamorigwHeadFront-rotx-sampler" target="mixamorigwHeadFront/rotateX.ANGLE" />
    </animation>
  </library_animations>
  <scene><instance_visual_scene url="#RootNode" /></scene>
</COLLADA>