<?xml version='1.0' encoding='utf-8'?>
<COLLADA xmlns="http://www.collada.org/2005/11/COLLADASchema" version="1.4.1">
  <asset>
    <contributor><author>hpl_dae_export</author><authoring_tool>Blender 4.2.0</authoring_tool></contributor>
    <unit name="meter" meter="1" />
    <up_axis>Y_UP</up_axis>
  </asset>
  <library_images>
    <image id="fisherman-diffuse-image"><init_from>fisherman.tga</init_from></image>
    <image id="fisherman-emission-image"><init_from>fisherman.tga</init_from></image>
    <image id="fisherman-normal-image"><init_from>fisherman.tga</init_from></image>
  </library_images>
  <library_effects>
    <effect id="fisherman-fx" name="fisherman"><profile_COMMON>
      <newparam sid="fisherman-diffuse-surface"><surface type="2D"><init_from>fisherman-diffuse-image</init_from></surface></newparam>
      <newparam sid="fisherman-diffuse-sampler"><sampler2D><source>fisherman-diffuse-surface</source></sampler2D></newparam>
      <newparam sid="fisherman-emission-surface"><surface type="2D"><init_from>fisherman-emission-image</init_from></surface></newparam>
      <newparam sid="fisherman-emission-sampler"><sampler2D><source>fisherman-emission-surface</source></sampler2D></newparam>
      <technique sid="common"><lambert>
        <diffuse><texture texture="fisherman-diffuse-sampler" texcoord="CHANNEL0" /></diffuse>
      </lambert></technique>
    </profile_COMMON></effect>
  </library_effects>
  <library_materials>
    <material id="fisherman" name="fisherman"><instance_effect url="#fisherman-fx" /></material>
  </library_materials>
  <library_geometries>
    <geometry id="Mesh_0_1" name="Mesh_0"><mesh>
      <source id="Mesh_0_1-vpos"><float_array id="Mesh_0_1-vpos-array" count="9">0.00385356 0.930354 0.00261113 0.0538536 0.930354 0.00261113 0.00385356 0.980354 0.00261113</float_array><technique_common><accessor source="#Mesh_0_1-vpos-array" count="3" stride="3"><param name="X" type="float" /><param name="Y" type="float" /><param name="Z" type="float" /></accessor></technique_common></source>
      <source id="Mesh_0_1-vnrm"><float_array id="Mesh_0_1-vnrm-array" count="9">0 0 1 0 0 1 0 0 1</float_array><technique_common><accessor source="#Mesh_0_1-vnrm-array" count="3" stride="3"><param name="X" type="float" /><param name="Y" type="float" /><param name="Z" type="float" /></accessor></technique_common></source>
      <source id="Mesh_0_1-vuv"><float_array id="Mesh_0_1-vuv-array" count="6">0 0 1 0 0 1</float_array><technique_common><accessor source="#Mesh_0_1-vuv-array" count="3" stride="2"><param name="S" type="float" /><param name="T" type="float" /></accessor></technique_common></source>
      <vertices id="Mesh_0_1-vertices"><input semantic="POSITION" source="#Mesh_0_1-vpos" /></vertices>
      <triangles count="1" material="fisherman"><input semantic="VERTEX" source="#Mesh_0_1-vertices" offset="0" /><input semantic="NORMAL" source="#Mesh_0_1-vnrm" offset="1" /><input semantic="TEXCOORD" source="#Mesh_0_1-vuv" offset="2" /><p>0 0 0 1 1 1 2 2 2</p></triangles>
    </mesh></geometry>
  </library_geometries>
  <library_controllers>
    <controller id="Mesh_0_1-skin" name="skinCluster0"><skin source="#Mesh_0_1">
      <bind_shape_matrix>1 0 0 0 0 1 0 0 0 0 1 0 0 0 0 1</bind_shape_matrix>
      <source id="Mesh_0_1-skin-joints"><Name_array id="Mesh_0_1-skin-joints-array" count="24">mixamorigwHips mixamorigwLeftUpLeg mixamorigwLeftLeg mixamorigwLeftFoot mixamorigwLeftToeBase mixamorigwRightUpLeg mixamorigwRightLeg mixamorigwRightFoot mixamorigwRightToeBase mixamorigwSpine mixamorigwSpine1 mixamorigwSpine2 mixamorigwLeftShoulder mixamorigwLeftArm mixamorigwLeftForeArm mixamorigwLeftHand mixamorigwRightShoulder mixamorigwRightArm mixamorigwRightForeArm mixamorigwRightHand mixamorigwNeck mixamorigwHead mixamorigwHeadTop_End mixamorigwHeadFront</Name_array><technique_common><accessor source="#Mesh_0_1-skin-joints-array" count="24" stride="1"><param name="JOINT" type="Name" /></accessor></technique_common></source>
      <source id="Mesh_0_1-skin-bind_poses"><float_array id="Mesh_0_1-skin-bind_poses-array" count="384">0.995654 -0.0706556 0.0606748 0.0617395 0.0606748 0.986367 0.152966 -0.918304 -0.0706556 -0.14862 0.986367 0.135966 0 0 0 1 0.987506 0.110599 -0.112224 -0.192852 0.112221 -0.993649 0.00820857 0.827625 -0.110608 -0.0207012 -0.993647 0.0319625 0 0 0 1 0.997899 0.0483261 -0.0431039 -0.163572 0.0431003 -0.992444 -0.114879 0.491283 -0.0483345 0.112779 -0.992441 -0.0435519 0 0 0 1 0.991665 0.0401088 -0.122417 -0.164225 0.12242 -0.589332 0.79856 0.0932067 -0.0401169 -0.806894 -0.589331 0.100617 0 0 0 1 0.98845 1.52724e-06 -0.151525 -0.159027 0.151529 1.19894e-06 0.988451 -0.122595 2.89593e-06 -1 -3.83631e-07 0.0450513 0 0 0 1 0.986516 -0.114477 0.11697 0.190951 -0.116969 -0.993028 0.0146532 0.827967 0.114475 -0.0281362 -0.993034 0.0386042 0 0 0 1 0.998801 -0.036863 0.0322266 0.154237 -0.0322263 -0.990438 -0.134143 0.496267 0.0368614 0.132944 -0.990444 -0.0532116 0 0 0 1 0.988978 -0.0470528 0.140387 0.158557 -0.140386 -0.599294 0.788129 0.0982823 0.0470483 -0.799145 -0.599297 0.100404 0 0 0 1 0.984503 3.39753e-06 0.175368 0.152382 -0.175366 -1.36198e-06 0.984509 -0.123749 3.72927e-06 -1 3.91846e-07 0.0442063 0 0 0 1 1 -1.71764e-08 8.57906e-09 -0.00385352 1.86215e-08 0.997908 -0.0646547 -1.05822 -1.37259e-08 0.0646548 0.997908 -0.0627574 0 0 0 1 1 2.1527e-09 -4.36512e-09 -0.00385352 -1.50402e-09 0.997908 -0.0646548 -1.1882 -2.05852e-09 0.0646549 0.997908 -0.0627575 0 0 0 1 0.99999 0.00335532 0.00298499 -0.00821328 -0.00298501 0.993196 -0.116419 -1.31312 -0.00335531 0.116409 0.993196 -0.131139 0 0 0 1 -0.0700626 2.25435e-08 -0.997542 -0.031264 0.997543 -1.94689e-09 -0.0700627 -0.0489319 -8.4671e-09 -1 -1.33846e-07 1.4023 0 0 0 1 -0.0851911 0.217152 -0.972413 -0.331312 0.972412 -0.194591 -0.128646 0.0551895 -0.217158 -0.956545 -0.194584 1.37956 0 0 0 1 0.0745823 -1.93176e-07 -0.997215 -0.110908 0.997215 1.44477e-08 0.0745821 -0.44392 2.52739e-08 -1 6.16613e-08 1.35562 0 0 0 1 0.179607 -0.0446324 -0.982725 -0.123041 0.982725 0.0534658 0.177179 -0.749711 0.0446343 -0.997572 0.0534641 1.32425 0 0 0 1 -0.068226 7.20686e-09 0.99767 0.0317219 -0.99767 -3.81843e-09 -0.0682259 -0.0419469 2.8041e-09 -1 -8.19561e-08 1.39841 0 0 0 1 -0.0941253 -0.218949 0.971186 0.331134 -0.971185 -0.194351 -0.137941 0.0577016 0.218953 -0.956185 -0.194347 1.37493 0 0 0 1 0.0585803 1.64504e-07 0.998283 0.101705 -0.998283 -5.27352e-09 0.0585803 -0.422405 5.23748e-09 -1 8.92534e-08 1.35562 0 0 0 1 0.0154347 -0.00113709 0.99988 0.0734875 -0.99988 -0.00115678 0.0154334 -0.689411 0.00113908 -0.999999 -0.00115489 1.35634 0 0 0 1 1 -4.14051e-10 -3.23964e-09 -0.00385352 1.50156e-09 0.997908 -0.0646546 -1.41306 -2.46922e-09 0.0646547 0.997908 -0.0627573 0 0 0 1 1 -1.63753e-09 2.20176e-09 -0.00385352 -2.71977e-09 0.802406 0.596779 -1.17263 -7.95038e-09 -0.596779 0.802406 0.913761 0 0 0 1 1 1.38458e-10 -6.53129e-10 -0.00385352 -2.9836e-10 0.97826 0.207383 -1.71355 -5.19879e-09 -0.207383 0.97826 0.3409 0 0 0 1 1 1.50996e-07 -1.55926e-09 -0.00385374 -4.24151e-09 1.78814e-07 1 -0.105248 1.50071e-07 -1 -2.34e-16 1.48624 0 0 0 1</float_array><technique_common><accessor count="24" offset="0" source="#Mesh_0_1-skin-bind_poses-array" stride="16"><param name="TRANSFORM" type="float4x4" /></accessor></technique_common></source>
      <source id="Mesh_0_1-skin-weights"><float_array id="Mesh_0_1-skin-weights-array" count="1">1</float_array><technique_common><accessor count="1" offset="0" source="#Mesh_0_1-skin-weights-array" stride="1"><param name="WEIGHT" type="float" /></accessor></technique_common></source>
      <joints><input semantic="JOINT" source="#Mesh_0_1-skin-joints" /><input semantic="INV_BIND_MATRIX" source="#Mesh_0_1-skin-bind_poses" /></joints>
      <vertex_weights count="3"><input semantic="JOINT" source="#Mesh_0_1-skin-joints" offset="0" /><input semantic="WEIGHT" source="#Mesh_0_1-skin-weights" offset="1" /><vcount>1 1 1</vcount><v>0 0 0 0 0 0</v></vertex_weights>
    </skin></controller>
  </library_controllers>
  <library_visual_scenes>
    <visual_scene id="RootNode" name="RootNode">
      <node id="mixamorigwHips" sid="mixamorigwHips" name="mixamorigwHips" type="JOINT">
        <translate sid="translate">0.00385352 0.930354 0.00261113</translate><rotate sid="rotateZ">0 0 1 -4.05913</rotate><rotate sid="rotateY">0 1 0 -3.47855</rotate><rotate sid="rotateX">1 0 0 8.81524</rotate>
        <node id="mixamorigwLeftUpLeg" sid="mixamorigwLeftUpLeg" name="mixamorigwLeftUpLeg" type="JOINT">
          <translate sid="translate">0.102945 -0.0788118 0.00660994</translate><rotate sid="rotateZ">0 0 1 8.90948</rotate><rotate sid="rotateY">0 1 0 11.3563</rotate><rotate sid="rotateX">1 0 0 171.327</rotate>
          <node id="mixamorigwLeftLeg" sid="mixamorigwLeftLeg" name="mixamorigwLeftLeg" type="JOINT">
            <translate sid="translate">-8.13454e-09 0.346171 -1.13726e-08</translate><rotate sid="rotateZ">0 0 1 3.65572</rotate><rotate sid="rotateY">0 1 0 3.93025</rotate><rotate sid="rotateX">1 0 0 7.48303</rotate>
            <node id="mixamorigwLeftFoot" sid="mixamorigwLeftFoot" name="mixamorigwLeftFoot" type="JOINT">
              <translate sid="translate">4.73857e-10 0.360407 -2.52724e-09</translate><rotate sid="rotateZ">0 0 1 0.976944</rotate><rotate sid="rotateY">0 1 0 -4.47872</rotate><rotate sid="rotateX">1 0 0 -60.1761</rotate>
              <node id="mixamorigwLeftToeBase" sid="mixamorigwLeftToeBase" name="mixamorigwLeftToeBase" type="JOINT">
                <translate sid="translate">-1.42157e-09 0.1657 -8.84533e-09</translate><rotate sid="rotateZ">0 0 1 -6.75391e-05</rotate><rotate sid="rotateY">0 1 0 -2.84563</rotate><rotate sid="rotateX">1 0 0 -36.1097</rotate>
              </node>
            </node>
          </node>
        </node>
        <node id="mixamorigwRightUpLeg" sid="mixamorigwRightUpLeg" name="mixamorigwRightUpLeg" type="JOINT">
          <translate sid="translate">-0.0932708 -0.0899162 0.0209563</translate><rotate sid="rotateZ">0 0 1 -2.01931</rotate><rotate sid="rotateY">0 1 0 -3.59382</rotate><rotate sid="rotateX">1 0 0 170.175</rotate>
          <node id="mixamorigwRightLeg" sid="mixamorigwRightLeg" name="mixamorigwRightLeg" type="JOINT">
            <translate sid="translate">4.2963e-08 0.343251 -1.83225e-08</translate><rotate sid="rotateZ">0 0 1 -4.59027</rotate><rotate sid="rotateY">0 1 0 -4.78256</rotate><rotate sid="rotateX">1 0 0 9.08711</rotate>
            <node id="mixamorigwRightFoot" sid="mixamorigwRightFoot" name="mixamorigwRightFoot" type="JOINT">
              <translate sid="translate">-2.29031e-09 0.361137 -1.26362e-09</translate><rotate sid="rotateZ">0 0 1 -0.236323</rotate><rotate sid="rotateY">0 1 0 6.24859</rotate><rotate sid="rotateX">1 0 0 -60.5293</rotate>
              <node id="mixamorigwRightToeBase" sid="mixamorigwRightToeBase" name="mixamorigwRightToeBase" type="JOINT">
                <translate sid="translate">-1.05828e-08 0.170855 -3.79086e-09</translate><rotate sid="rotateZ">0 0 1 -0.000162004</rotate><rotate sid="rotateY">0 1 0 3.36974</rotate><rotate sid="rotateX">1 0 0 -36.8193</rotate>
              </node>
            </node>
          </node>
        </node>
        <node id="mixamorigwSpine" sid="mixamorigwSpine" name="mixamorigwSpine" type="JOINT">
          <translate sid="translate">-0.00967438 0.126653 -0.0275663</translate><rotate sid="rotateZ">0 0 1 3.48727</rotate><rotate sid="rotateY">0 1 0 4.05164</rotate><rotate sid="rotateX">1 0 0 -12.2756</rotate>
          <node id="mixamorigwSpine1" sid="mixamorigwSpine1" name="mixamorigwSpine1" type="JOINT">
            <translate sid="translate">-1.86662e-08 0.129979 -4.9334e-08</translate><rotate sid="rotateZ">0 0 1 1.15311e-06</rotate><rotate sid="rotateY">0 1 0 6.68492e-07</rotate><rotate sid="rotateX">1 0 0 -6.83019e-06</rotate>
            <node id="mixamorigwSpine2" sid="mixamorigwSpine2" name="mixamorigwSpine2" type="JOINT">
              <translate sid="translate">9.64362e-11 0.129979 -7.93255e-12</translate><rotate sid="rotateZ">0 0 1 0.180787</rotate><rotate sid="rotateY">0 1 0 -0.1831</rotate><rotate sid="rotateX">1 0 0 -2.97848</rotate>
              <node id="mixamorigwLeftShoulder" sid="mixamorigwLeftShoulder" name="mixamorigwLeftShoulder" type="JOINT">
                <translate sid="translate">0.0430093 0.083534 -0.00243526</translate><rotate sid="rotateZ">0 0 1 122.121</rotate><rotate sid="rotateY">0 1 0 82.1044</rotate><rotate sid="rotateX">1 0 0 -147.932</rotate>
                <node id="mixamorigwLeftArm" sid="mixamorigwLeftArm" name="mixamorigwLeftArm" type="JOINT">
                  <translate sid="translate">-3.76339e-09 0.171492 1.66141e-07</translate><rotate sid="rotateZ">0 0 1 -0.989201</rotate><rotate sid="rotateY">0 1 0 12.5418</rotate><rotate sid="rotateX">1 0 0 11.4988</rotate>
                  <node id="mixamorigwLeftForeArm" sid="mixamorigwLeftForeArm" name="mixamorigwLeftForeArm" type="JOINT">
                    <translate sid="translate">1.13726e-07 0.239881 1.08671e-07</translate><rotate sid="rotateZ">0 0 1 11.7748</rotate><rotate sid="rotateY">0 1 0 -10.2443</rotate><rotate sid="rotateX">1 0 0 -13.5804</rotate>
                    <node id="mixamorigwLeftHand" sid="mixamorigwLeftHand" name="mixamorigwLeftHand" type="JOINT">
                      <translate sid="translate">-1.00174e-07 0.249492 -2.2856e-07</translate><rotate sid="rotateZ">0 0 1 6.08009</rotate><rotate sid="rotateY">0 1 0 -2.55809</rotate><rotate sid="rotateX">1 0 0 -3.06789</rotate>
                    </node>
                  </node>
                </node>
              </node>
              <node id="mixamorigwRightShoulder" sid="mixamorigwRightShoulder" name="mixamorigwRightShoulder" type="JOINT">
                <translate sid="translate">-0.0433087 0.0799122 -0.00249401</translate><rotate sid="rotateZ">0 0 1 -119.368</rotate><rotate sid="rotateY">0 1 0 -82.3545</rotate><rotate sid="rotateX">1 0 0 -151.042</rotate>
                <node id="mixamorigwRightArm" sid="mixamorigwRightArm" name="mixamorigwRightArm" type="JOINT">
                  <translate sid="translate">-2.55643e-09 0.174561 -1.58538e-07</translate><rotate sid="rotateZ">0 0 1 1.6236</rotate><rotate sid="rotateY">0 1 0 -12.6473</rotate><rotate sid="rotateX">1 0 0 11.4892</rotate>
                  <node id="mixamorigwRightForeArm" sid="mixamorigwRightForeArm" name="mixamorigwRightForeArm" type="JOINT">
                    <translate sid="translate">2.52724e-09 0.220142 -4.16994e-08</translate><rotate sid="rotateZ">0 0 1 -11.4125</rotate><rotate sid="rotateY">0 1 0 10.4389</rotate><rotate sid="rotateX">1 0 0 -13.5228</rotate>
                    <node id="mixamorigwRightHand" sid="mixamorigwRightHand" name="mixamorigwRightHand" type="JOINT">
                      <translate sid="translate">6.45904e-10 0.264825 7.17784e-08</translate><rotate sid="rotateZ">0 0 1 2.47394</rotate><rotate sid="rotateY">0 1 0 -0.0651601</rotate><rotate sid="rotateX">1 0 0 0.0662779</rotate>
                    </node>
                  </node>
                </node>
              </node>
              <node id="mixamorigwNeck" sid="mixamorigwNeck" name="mixamorigwNeck" type="JOINT">
                <translate sid="translate">0.000299392 0.0947565 0.00492932</translate><rotate sid="rotateZ">0 0 1 -0.17103</rotate><rotate sid="rotateY">0 1 0 0.192245</rotate><rotate sid="rotateX">1 0 0 2.97791</rotate>
                <node id="mixamorigwHead" sid="mixamorigwHead" name="mixamorigwHead" type="JOINT">
                  <translate sid="translate">1.24557e-10 0.0722313 -1.01185e-08</translate><rotate sid="rotateZ">0 0 1 -9.01109e-08</rotate><rotate sid="rotateY">0 1 0 -3.06585e-07</rotate><rotate sid="rotateX">1 0 0 40.3466</rotate>
                  <node id="mixamorigwHeadTop_End" sid="mixamorigwHeadTop_End" name="mixamorigwHeadTop_End" type="JOINT">
                    <translate sid="translate">-1.23344e-09 0.242215 -0.111256</translate><rotate sid="rotateZ">0 0 1 -1.59669e-08</rotate><rotate sid="rotateY">0 1 0 1.91978e-07</rotate><rotate sid="rotateX">1 0 0 -24.6705</rotate>
                  </node>
                  <node id="mixamorigwHeadFront" sid="mixamorigwHeadFront" name="mixamorigwHeadFront" type="JOINT">
                    <translate sid="translate">-3.06977e-10 0.0827447 0.111256</translate><rotate sid="rotateZ">0 0 1 6.88864e-06</rotate><rotate sid="rotateY">0 1 0 5.39189e-06</rotate><rotate sid="rotateX">1 0 0 53.3605</rotate>
                  </node>
                </node>
              </node>
            </node>
          </node>
        </node>
      </node>
      <node id="Mesh_0" name="Mesh_0" type="NODE">
        <translate sid="translate">0 0 0</translate><rotate sid="rotateZ">0 0 1 0</rotate><rotate sid="rotateY">0 1 0 -0</rotate><rotate sid="rotateX">1 0 0 -90</rotate><scale sid="scale">100 100 100</scale><instance_controller url="#Mesh_0_1-skin">
          <skeleton>#mixamorigwHips</skeleton>
          <bind_material><technique_common><instance_material symbol="defaultMaterial" target="#%s"><bind_vertex_input semantic="CHANNEL0" input_semantic="TEXCOORD" input_set="0" /></instance_material></technique_common></bind_material>
        </instance_controller>
      </node>
    </visual_scene>
  </library_visual_scenes>
  <library_animations>
    <animation id="hpl_mixamorigwHips">
      <source id="hpl_mixamorigwHips-time"><float_array id="hpl_mixamorigwHips-time-array" count="25">0 1 2 3 4 5 6 7 8 9 10 11 12 13 14 15 16 17 18 19 20 21 22 23 24</float_array><technique_common><accessor source="#hpl_mixamorigwHips-time-array" count="25" stride="1" /></technique_common></source>
      <source id="hpl_mixamorigwHips-trans"><float_array id="hpl_mixamorigwHips-trans-array" count="75">0.00342695 0.914768 -0.004734 0.00823468 0.907173 -0.00908255 0.007224 0.895746 -0.0144763 0.00782773 0.890407 -0.0206232 0.00542443 0.870064 -0.027086 0.00527502 0.85069 -0.0323182 0.00879095 0.839896 -0.0359211 0.0146156 0.838576 -0.0370304 0.0206979 0.846583 -0.0357064 0.0213207 0.858611 -0.0319587 0.021912 0.880069 -0.0267504 0.0198939 0.901371 -0.0213785 0.0150322 0.915308 -0.0173453 0.00719593 0.910501 -0.0136903 -0.00424977 0.915996 -0.0122409 -0.0180231 0.9195 -0.00975516 -0.0307708 0.915023 -0.00776535 -0.0349932 0.899632 -0.0074928 -0.0342649 0.881702 -0.00687574 -0.0298215 0.871845 -0.00529493 -0.0274567 0.874987 -0.00214517 -0.0252025 0.888855 -0.000113642 -0.0166192 0.905323 0.000223812 -0.00618906 0.918342 -0.00212273 0.00342695 0.914768 -0.004734</float_array><technique_common><accessor source="#hpl_mixamorigwHips-trans-array" count="25" stride="3" /></technique_common></source>
      <source id="hpl_mixamorigwHips-rotz"><float_array id="hpl_mixamorigwHips-rotz-array" count="25">-2.98831 -3.272 -4.07725 -5.38085 -6.11472 -6.22434 -6.25425 -6.03195 -5.69676 -5.47699 -5.5383 -5.78141 -5.7591 -5.33497 -4.51229 -3.38611 -2.58783 -2.63885 -3.04279 -3.22512 -3.07709 -2.83342 -2.70243 -3.01612 -2.98831</float_array><technique_common><accessor source="#hpl_mixamorigwHips-rotz-array" count="25" stride="1" /></technique_common></source>
      <source id="hpl_mixamorigwHips-roty"><float_array id="hpl_mixamorigwHips-roty-array" count="25">11.0999 9.80477 9.02012 9.03999 9.75093 10.7571 11.1404 10.8935 10.8049 11.3183 12.4801 14.2542 16.2415 17.8727 18.7064 18.987 18.6697 17.5941 16.4591 15.9817 16.0887 16.3377 16.2334 15.4471 11.0999</float_array><technique_common><accessor source="#hpl_mixamorigwHips-roty-array" count="25" stride="1" /></technique_common></source>
      <source id="hpl_mixamorigwHips-rotx"><float_array id="hpl_mixamorigwHips-rotx-array" count="25">14.6627 14.4571 13.9248 12.9513 11.8675 11.3501 11.0898 11.104 11.6227 12.4416 13.4902 15.0563 16.8374 18.2221 18.9402 19.2053 19.0604 18.4628 17.4228 16.2579 15.531 15.1029 14.9244 15.0741 14.6627</float_array><technique_common><accessor source="#hpl_mixamorigwHips-rotx-array" count="25" stride="1" /></technique_common></source>
      <sampler id="hpl_mixamorigwHips-trans-sampler"><input semantic="INPUT" source="#hpl_mixamorigwHips-time" /><input semantic="OUTPUT" source="#hpl_mixamorigwHips-trans" /></sampler><channel source="#hpl_mixamorigwHips-trans-sampler" target="mixamorigwHips/translate" />
      <sampler id="hpl_mixamorigwHips-rotz-sampler"><input semantic="INPUT" source="#hpl_mixamorigwHips-time" /><input semantic="OUTPUT" source="#hpl_mixamorigwHips-rotz" /></sampler><channel source="#hpl_mixamorigwHips-rotz-sampler" target="mixamorigwHips/rotateZ.ANGLE" />
      <sampler id="hpl_mixamorigwHips-roty-sampler"><input semantic="INPUT" source="#hpl_mixamorigwHips-time" /><input semantic="OUTPUT" source="#hpl_mixamorigwHips-roty" /></sampler><channel source="#hpl_mixamorigwHips-roty-sampler" target="mixamorigwHips/rotateY.ANGLE" />
      <sampler id="hpl_mixamorigwHips-rotx-sampler"><input semantic="INPUT" source="#hpl_mixamorigwHips-time" /><input semantic="OUTPUT" source="#hpl_mixamorigwHips-rotx" /></sampler><channel source="#hpl_mixamorigwHips-rotx-sampler" target="mixamorigwHips/rotateX.ANGLE" />
    </animation>
    <animation id="hpl_mixamorigwLeftUpLeg">
      <source id="hpl_mixamorigwLeftUpLeg-time"><float_array id="hpl_mixamorigwLeftUpLeg-time-array" count="25">0 1 2 3 4 5 6 7 8 9 10 11 12 13 14 15 16 17 18 19 20 21 22 23 24</float_array><technique_common><accessor source="#hpl_mixamorigwLeftUpLeg-time-array" count="25" stride="1" /></technique_common></source>
      <source id="hpl_mixamorigwLeftUpLeg-trans"><float_array id="hpl_mixamorigwLeftUpLeg-trans-array" count="75">0.102945 -0.0788121 0.00660996 0.102945 -0.0788121 0.00660996 0.102945 -0.0788121 0.00660996 0.102945 -0.0788121 0.00660996 0.102945 -0.0788121 0.00660996 0.102945 -0.0788121 0.00660996 0.102945 -0.0788121 0.00660996 0.102945 -0.0788121 0.00660996 0.102945 -0.0788121 0.00660996 0.102945 -0.0788121 0.00660996 0.102945 -0.0788121 0.00660996 0.102945 -0.0788121 0.00660996 0.102945 -0.0788121 0.00660996 0.102945 -0.0788121 0.00660996 0.102945 -0.0788121 0.00660996 0.102945 -0.0788121 0.00660996 0.102945 -0.0788121 0.00660996 0.102945 -0.0788121 0.00660996 0.102945 -0.0788121 0.00660996 0.102945 -0.0788121 0.00660996 0.102945 -0.0788121 0.00660996 0.102945 -0.0788121 0.00660996 0.102945 -0.0788121 0.00660996 0.102945 -0.0788121 0.00660996 0.102945 -0.0788121 0.00660996</float_array><technique_common><accessor source="#hpl_mixamorigwLeftUpLeg-trans-array" count="25" stride="3" /></technique_common></source>
      <source id="hpl_mixamorigwLeftUpLeg-rotz"><float_array id="hpl_mixamorigwLeftUpLeg-rotz-array" count="25">-15.0126 -18.6861 -18.831 -16.5216 -12.7381 -8.75466 -4.84655 -0.979721 3.00483 7.65975 12.4839 17.2956 21.0199 23.0444 23.4646 22.814 21.6708 20.7687 19.1459 15.3263 9.34546 2.54225 -4.37503 -10.3283 -15.0126</float_array><technique_common><accessor source="#hpl_mixamorigwLeftUpLeg-rotz-array" count="25" stride="1" /></technique_common></source>
      <source id="hpl_mixamorigwLeftUpLeg-roty"><float_array id="hpl_mixamorigwLeftUpLeg-roty-array" count="25">30.8843 24.7963 17.6887 14.1345 12.581 12.2406 13.3321 15.0445 16.4929 17.8793 19.776 21.8952 23.7395 25.2673 26.4863 27.1944 28.2048 29.5741 30.9717 32.4428 33.3988 33.5138 32.8796 31.3871 30.8843</float_array><technique_common><accessor source="#hpl_mixamorigwLeftUpLeg-roty-array" count="25" stride="1" /></technique_common></source>
      <source id="hpl_mixamorigwLeftUpLeg-rotx"><float_array id="hpl_mixamorigwLeftUpLeg-rotx-array" count="25">169.081 171.072 171.45 170.019 166.388 160.439 156.237 153.976 153.759 155.563 159.086 162.726 164.9 164.693 162.882 160.471 157.646 155.51 154.76 155.413 156.828 159.607 162.99 165.933 169.081</float_array><technique_common><accessor source="#hpl_mixamorigwLeftUpLeg-rotx-array" count="25" stride="1" /></technique_common></source>
      <sampler id="hpl_mixamorigwLeftUpLeg-trans-sampler"><input semantic="INPUT" source="#hpl_mixamorigwLeftUpLeg-time" /><input semantic="OUTPUT" source="#hpl_mixamorigwLeftUpLeg-trans" /></sampler><channel source="#hpl_mixamorigwLeftUpLeg-trans-sampler" target="mixamorigwLeftUpLeg/translate" />
      <sampler id="hpl_mixamorigwLeftUpLeg-rotz-sampler"><input semantic="INPUT" source="#hpl_mixamorigwLeftUpLeg-time" /><input semantic="OUTPUT" source="#hpl_mixamorigwLeftUpLeg-rotz" /></sampler><channel source="#hpl_mixamorigwLeftUpLeg-rotz-sampler" target="mixamorigwLeftUpLeg/rotateZ.ANGLE" />
      <sampler id="hpl_mixamorigwLeftUpLeg-roty-sampler"><input semantic="INPUT" source="#hpl_mixamorigwLeftUpLeg-time" /><input semantic="OUTPUT" source="#hpl_mixamorigwLeftUpLeg-roty" /></sampler><channel source="#hpl_mixamorigwLeftUpLeg-roty-sampler" target="mixamorigwLeftUpLeg/rotateY.ANGLE" />
      <sampler id="hpl_mixamorigwLeftUpLeg-rotx-sampler"><input semantic="INPUT" source="#hpl_mixamorigwLeftUpLeg-time" /><input semantic="OUTPUT" source="#hpl_mixamorigwLeftUpLeg-rotx" /></sampler><channel source="#hpl_mixamorigwLeftUpLeg-rotx-sampler" target="mixamorigwLeftUpLeg/rotateX.ANGLE" />
    </animation>
    <animation id="hpl_mixamorigwLeftLeg">
      <source id="hpl_mixamorigwLeftLeg-time"><float_array id="hpl_mixamorigwLeftLeg-time-array" count="25">0 1 2 3 4 5 6 7 8 9 10 11 12 13 14 15 16 17 18 19 20 21 22 23 24</float_array><technique_common><accessor source="#hpl_mixamorigwLeftLeg-time-array" count="25" stride="1" /></technique_common></source>
      <source id="hpl_mixamorigwLeftLeg-trans"><float_array id="hpl_mixamorigwLeftLeg-trans-array" count="75">7.46331e-08 0.346171 -6.20323e-08 7.46331e-08 0.346171 -6.20323e-08 7.46331e-08 0.346171 -6.20323e-08 7.46331e-08 0.346171 -6.20323e-08 7.46331e-08 0.346171 -6.20323e-08 7.46331e-08 0.346171 -6.20323e-08 7.46331e-08 0.346171 -6.20323e-08 7.46331e-08 0.346171 -6.20323e-08 7.46331e-08 0.346171 -6.20323e-08 7.46331e-08 0.346171 -6.20323e-08 7.46331e-08 0.346171 -6.20323e-08 7.46331e-08 0.346171 -6.20323e-08 7.46331e-08 0.346171 -6.20323e-08 7.46331e-08 0.346171 -6.20323e-08 7.46331e-08 0.346171 -6.20323e-08 7.46331e-08 0.346171 -6.20323e-08 7.46331e-08 0.346171 -6.20323e-08 7.46331e-08 0.346171 -6.20323e-08 7.46331e-08 0.346171 -6.20323e-08 7.46331e-08 0.346171 -6.20323e-08 7.46331e-08 0.346171 -6.20323e-08 7.46331e-08 0.346171 -6.20323e-08 7.46331e-08 0.346171 -6.20323e-08 7.46331e-08 0.346171 -6.20323e-08 7.46331e-08 0.346171 -6.20323e-08</float_array><technique_common><accessor source="#hpl_mixamorigwLeftLeg-trans-array" count="25" stride="3" /></technique_common></source>
      <source id="hpl_mixamorigwLeftLeg-rotz"><float_array id="hpl_mixamorigwLeftLeg-rotz-array" count="25">-1.65608 -1.13756 -1.03815 -1.31786 -1.903 -2.37836 -2.51671 -2.44708 -2.29641 -2.01401 -1.4936 -0.851434 -0.307742 -0.157856 -0.3752 -0.719079 -1.21283 -1.56262 -1.75071 -1.90304 -1.96656 -2.04451 -2.14588 -1.98442 -1.65608</float_array><technique_common><accessor source="#hpl_mixamorigwLeftLeg-rotz-array" count="25" stride="1" /></technique_common></source>
      <source id="hpl_mixamorigwLeftLeg-roty"><float_array id="hpl_mixamorigwLeftLeg-roty-array" count="25">2.99407 2.10359 1.73778 1.38144 2.26271 3.39606 4.40945 5.0214 5.30928 5.34927 5.30828 5.35871 5.47564 5.64545 5.68852 5.57617 5.68521 6.25078 6.74223 7.04144 6.99287 6.39093 5.30762 4.0139 2.99407</float_array><technique_common><accessor source="#hpl_mixamorigwLeftLeg-roty-array" count="25" stride="1" /></technique_common></source>
      <source id="hpl_mixamorigwLeftLeg-rotx"><float_array id="hpl_mixamorigwLeftLeg-rotx-array" count="25">33.5954 24.9855 20.8302 24.3859 33.9778 45.5464 53.1051 56.5263 54.667 47.6367 36.2563 22.3982 9.75931 4.34517 7.97122 17.1451 30.4063 44.7291 56.9966 64.8947 67.4571 63.8125 55.2701 43.9542 33.5954</float_array><technique_common><accessor source="#hpl_mixamorigwLeftLeg-rotx-array" count="25" stride="1" /></technique_common></source>
      <sampler id="hpl_mixamorigwLeftLeg-trans-sampler"><input semantic="INPUT" source="#hpl_mixamorigwLeftLeg-time" /><input semantic="OUTPUT" source="#hpl_mixamorigwLeftLeg-trans" /></sampler><channel source="#hpl_mixamorigwLeftLeg-trans-sampler" target="mixamorigwLeftLeg/translate" />
      <sampler id="hpl_mixamorigwLeftLeg-rotz-sampler"><input semantic="INPUT" source="#hpl_mixamorigwLeftLeg-time" /><input semantic="OUTPUT" source="#hpl_mixamorigwLeftLeg-rotz" /></sampler><channel source="#hpl_mixamorigwLeftLeg-rotz-sampler" target="mixamorigwLeftLeg/rotateZ.ANGLE" />
      <sampler id="hpl_mixamorigwLeftLeg-roty-sampler"><input semantic="INPUT" source="#hpl_mixamorigwLeftLeg-time" /><input semantic="OUTPUT" source="#hpl_mixamorigwLeftLeg-roty" /></sampler><channel source="#hpl_mixamorigwLeftLeg-roty-sampler" target="mixamorigwLeftLeg/rotateY.ANGLE" />
      <sampler id="hpl_mixamorigwLeftLeg-rotx-sampler"><input semantic="INPUT" source="#hpl_mixamorigwLeftLeg-time" /><input semantic="OUTPUT" source="#hpl_mixamorigwLeftLeg-rotx" /></sampler><channel source="#hpl_mixamorigwLeftLeg-rotx-sampler" target="mixamorigwLeftLeg/rotateX.ANGLE" />
    </animation>
    <animation id="hpl_mixamorigwLeftFoot">
      <source id="hpl_mixamorigwLeftFoot-time"><float_array id="hpl_mixamorigwLeftFoot-time-array" count="25">0 1 2 3 4 5 6 7 8 9 10 11 12 13 14 15 16 17 18 19 20 21 22 23 24</float_array><technique_common><accessor source="#hpl_mixamorigwLeftFoot-time-array" count="25" stride="1" /></technique_common></source>
      <source id="hpl_mixamorigwLeftFoot-trans"><float_array id="hpl_mixamorigwLeftFoot-trans-array" count="75">-2.24152e-08 0.360407 -7.27795e-09 -2.24152e-08 0.360407 -7.27795e-09 -2.24152e-08 0.360407 -7.27795e-09 -2.24152e-08 0.360407 -7.27795e-09 -2.24152e-08 0.360407 -7.27795e-09 -2.24152e-08 0.360407 -7.27795e-09 -2.24152e-08 0.360407 -7.27795e-09 -2.24152e-08 0.360407 -7.27795e-09 -2.24152e-08 0.360407 -7.27795e-09 -2.24152e-08 0.360407 -7.27795e-09 -2.24152e-08 0.360407 -7.27795e-09 -2.24152e-08 0.360407 -7.27795e-09 -2.24152e-08 0.360407 -7.27795e-09 -2.24152e-08 0.360407 -7.27795e-09 -2.24152e-08 0.360407 -7.27795e-09 -2.24152e-08 0.360407 -7.27795e-09 -2.24152e-08 0.360407 -7.27795e-09 -2.24152e-08 0.360407 -7.27795e-09 -2.24152e-08 0.360407 -7.27795e-09 -2.24152e-08 0.360407 -7.27795e-09 -2.24152e-08 0.360407 -7.27795e-09 -2.24152e-08 0.360407 -7.27795e-09 -2.24152e-08 0.360407 -7.27795e-09 -2.24152e-08 0.360407 -7.27795e-09 -2.24152e-08 0.360407 -7.27795e-09</float_array><technique_common><accessor source="#hpl_mixamorigwLeftFoot-trans-array" count="25" stride="3" /></technique_common></source>
      <source id="hpl_mixamorigwLeftFoot-rotz"><float_array id="hpl_mixamorigwLeftFoot-rotz-array" count="25">22.062 23.0874 13.31 -6.61626 -7.73271 -1.99833 2.87032 6.50964 9.30534 12.0611 14.7029 16.9524 17.1092 13.4836 8.25965 4.54554 4.01781 5.49967 6.60621 6.17834 7.4094 12.0681 19.3978 26.0358 22.062</float_array><technique_common><accessor source="#hpl_mixamorigwLeftFoot-rotz-array" count="25" stride="1" /></technique_common></source>
      <source id="hpl_mixamorigwLeftFoot-roty"><float_array id="hpl_mixamorigwLeftFoot-roty-array" count="25">1.65933 4.48662 0.132463 -8.11611 -14.0802 -14.9346 -13.4684 -10.9453 -8.1748 -5.44398 -3.5264 -3.27414 -5.71289 -8.64349 -11.8727 -16.5567 -20.9773 -21.8237 -21.0936 -20.9989 -18.6697 -11.7203 -3.77265 1.28695 1.65933</float_array><technique_common><accessor source="#hpl_mixamorigwLeftFoot-roty-array" count="25" stride="1" /></technique_common></source>
      <source id="hpl_mixamorigwLeftFoot-rotx"><float_array id="hpl_mixamorigwLeftFoot-rotx-array" count="25">-62.7086 -56.2618 -54.2646 -62.0489 -77.3806 -89.3604 -95.1151 -95.658 -93.2426 -88.0438 -79.3409 -65.5976 -49.4507 -41.5609 -45.754 -54.3018 -62.7075 -68.3285 -71.1781 -71.2693 -70.1495 -68.1578 -63.4562 -56.8551 -62.7086</float_array><technique_common><accessor source="#hpl_mixamorigwLeftFoot-rotx-array" count="25" stride="1" /></technique_common></source>
      <sampler id="hpl_mixamorigwLeftFoot-trans-sampler"><input semantic="INPUT" source="#hpl_mixamorigwLeftFoot-time" /><input semantic="OUTPUT" source="#hpl_mixamorigwLeftFoot-trans" /></sampler><channel source="#hpl_mixamorigwLeftFoot-trans-sampler" target="mixamorigwLeftFoot/translate" />
      <sampler id="hpl_mixamorigwLeftFoot-rotz-sampler"><input semantic="INPUT" source="#hpl_mixamorigwLeftFoot-time" /><input semantic="OUTPUT" source="#hpl_mixamorigwLeftFoot-rotz" /></sampler><channel source="#hpl_mixamorigwLeftFoot-rotz-sampler" target="mixamorigwLeftFoot/rotateZ.ANGLE" />
      <sampler id="hpl_mixamorigwLeftFoot-roty-sampler"><input semantic="INPUT" source="#hpl_mixamorigwLeftFoot-time" /><input semantic="OUTPUT" source="#hpl_mixamorigwLeftFoot-roty" /></sampler><channel source="#hpl_mixamorigwLeftFoot-roty-sampler" target="mixamorigwLeftFoot/rotateY.ANGLE" />
      <sampler id="hpl_mixamorigwLeftFoot-rotx-sampler"><input semantic="INPUT" source="#hpl_mixamorigwLeftFoot-time" /><input semantic="OUTPUT" source="#hpl_mixamorigwLeftFoot-rotx" /></sampler><channel source="#hpl_mixamorigwLeftFoot-rotx-sampler" target="mixamorigwLeftFoot/rotateX.ANGLE" />
    </animation>
    <animation id="hpl_mixamorigwLeftToeBase">
      <source id="hpl_mixamorigwLeftToeBase-time"><float_array id="hpl_mixamorigwLeftToeBase-time-array" count="25">0 1 2 3 4 5 6 7 8 9 10 11 12 13 14 15 16 17 18 19 20 21 22 23 24</float_array><technique_common><accessor source="#hpl_mixamorigwLeftToeBase-time-array" count="25" stride="1" /></technique_common></source>
      <source id="hpl_mixamorigwLeftToeBase-trans"><float_array id="hpl_mixamorigwLeftToeBase-trans-array" count="75">-1.32832e-07 0.1657 1.50747e-07 -1.32832e-07 0.1657 1.50747e-07 -1.32832e-07 0.1657 1.50747e-07 -1.32832e-07 0.1657 1.50747e-07 -1.32832e-07 0.1657 1.50747e-07 -1.32832e-07 0.1657 1.50747e-07 -1.32832e-07 0.1657 1.50747e-07 -1.32832e-07 0.1657 1.50747e-07 -1.32832e-07 0.1657 1.50747e-07 -1.32832e-07 0.1657 1.50747e-07 -1.32832e-07 0.1657 1.50747e-07 -1.32832e-07 0.1657 1.50747e-07 -1.32832e-07 0.1657 1.50747e-07 -1.32832e-07 0.1657 1.50747e-07 -1.32832e-07 0.1657 1.50747e-07 -1.32832e-07 0.1657 1.50747e-07 -1.32832e-07 0.1657 1.50747e-07 -1.32832e-07 0.1657 1.50747e-07 -1.32832e-07 0.1657 1.50747e-07 -1.32832e-07 0.1657 1.50747e-07 -1.32832e-07 0.1657 1.50747e-07 -1.32832e-07 0.1657 1.50747e-07 -1.32832e-07 0.1657 1.50747e-07 -1.32832e-07 0.1657 1.50747e-07 -1.32832e-07 0.1657 1.50747e-07</float_array><technique_common><accessor source="#hpl_mixamorigwLeftToeBase-trans-array" count="25" stride="3" /></technique_common></source>
      <source id="hpl_mixamorigwLeftToeBase-rotz"><float_array id="hpl_mixamorigwLeftToeBase-rotz-array" count="25">0.750764 0.901491 1.05665 1.70245 1.25098 0.960275 0.853501 0.775764 0.698932 0.622026 0.670622 0.862805 1.12429 0.91982 0.71987 0.714058 0.878599 0.909632 0.883612 0.87863 0.928704 0.916244 0.788567 0.680984 0.750764</float_array><technique_common><accessor source="#hpl_mixamorigwLeftToeBase-rotz-array" count="25" stride="1" /></technique_common></source>
      <source id="hpl_mixamorigwLeftToeBase-roty"><float_array id="hpl_mixamorigwLeftToeBase-roty-array" count="25">-1.08587 -1.31194 -1.4508 -1.95279 -1.11659 -0.579074 -0.464313 -0.488445 -0.53675 -0.563484 -0.587593 -0.867566 -1.15336 -0.906345 -0.60919 -0.483435 -0.497237 -0.456641 -0.374656 -0.394223 -0.56896 -0.809872 -1.00184 -1.20041 -1.08587</float_array><technique_common><accessor source="#hpl_mixamorigwLeftToeBase-roty-array" count="25" stride="1" /></technique_common></source>
      <source id="hpl_mixamorigwLeftToeBase-rotx"><float_array id="hpl_mixamorigwLeftToeBase-rotx-array" count="25">-41.0428 -41.3972 -43.0852 -50.239 -43.5905 -39.2218 -37.8578 -37.4875 -37.2529 -37.118 -37.8475 -40.4325 -43.1906 -41.0445 -39.1748 -39.2296 -39.7716 -39.6063 -38.9997 -38.7389 -39.1685 -39.9533 -41.0191 -40.9605 -41.0428</float_array><technique_common><accessor source="#hpl_mixamorigwLeftToeBase-rotx-array" count="25" stride="1" /></technique_common></source>
      <sampler id="hpl_mixamorigwLeftToeBase-trans-sampler"><input semantic="INPUT" source="#hpl_mixamorigwLeftToeBase-time" /><input semantic="OUTPUT" source="#hpl_mixamorigwLeftToeBase-trans" /></sampler><channel source="#hpl_mixamorigwLeftToeBase-trans-sampler" target="mixamorigwLeftToeBase/translate" />
      <sampler id="hpl_mixamorigwLeftToeBase-rotz-sampler"><input semantic="INPUT" source="#hpl_mixamorigwLeftToeBase-time" /><input semantic="OUTPUT" source="#hpl_mixamorigwLeftToeBase-rotz" /></sampler><channel source="#hpl_mixamorigwLeftToeBase-rotz-sampler" target="mixamorigwLeftToeBase/rotateZ.ANGLE" />
      <sampler id="hpl_mixamorigwLeftToeBase-roty-sampler"><input semantic="INPUT" source="#hpl_mixamorigwLeftToeBase-time" /><input semantic="OUTPUT" source="#hpl_mixamorigwLeftToeBase-roty" /></sampler><channel source="#hpl_mixamorigwLeftToeBase-roty-sampler" target="mixamorigwLeftToeBase/rotateY.ANGLE" />
      <sampler id="hpl_mixamorigwLeftToeBase-rotx-sampler"><input semantic="INPUT" source="#hpl_mixamorigwLeftToeBase-time" /><input semantic="OUTPUT" source="#hpl_mixamorigwLeftToeBase-rotx" /></sampler><channel source="#hpl_mixamorigwLeftToeBase-rotx-sampler" target="mixamorigwLeftToeBase/rotateX.ANGLE" />
    </animation>
    <animation id="hpl_mixamorigwRightUpLeg">
      <source id="hpl_mixamorigwRightUpLeg-time"><float_array id="hpl_mixamorigwRightUpLeg-time-array" count="25">0 1 2 3 4 5 6 7 8 9 10 11 12 13 14 15 16 17 18 19 20 21 22 23 24</float_array><technique_common><accessor source="#hpl_mixamorigwRightUpLeg-time-array" count="25" stride="1" /></technique_common></source>
      <source id="hpl_mixamorigwRightUpLeg-trans"><float_array id="hpl_mixamorigwRightUpLeg-trans-array" count="75">-0.0932709 -0.0899167 0.0209565 -0.0932709 -0.0899167 0.0209565 -0.0932709 -0.0899167 0.0209565 -0.0932709 -0.0899167 0.0209565 -0.0932709 -0.0899167 0.0209565 -0.0932709 -0.0899167 0.0209565 -0.0932709 -0.0899167 0.0209565 -0.0932709 -0.0899167 0.0209565 -0.0932709 -0.0899167 0.0209565 -0.0932709 -0.0899167 0.0209565 -0.0932709 -0.0899167 0.0209565 -0.0932709 -0.0899167 0.0209565 -0.0932709 -0.0899167 0.0209565 -0.0932709 -0.0899167 0.0209565 -0.0932709 -0.0899167 0.0209565 -0.0932709 -0.0899167 0.0209565 -0.0932709 -0.0899167 0.0209565 -0.0932709 -0.0899167 0.0209565 -0.0932709 -0.0899167 0.0209565 -0.0932709 -0.0899167 0.0209565 -0.0932709 -0.0899167 0.0209565 -0.0932709 -0.0899167 0.0209565 -0.0932709 -0.0899167 0.0209565 -0.0932709 -0.0899167 0.0209565 -0.0932709 -0.0899167 0.0209565</float_array><technique_common><accessor source="#hpl_mixamorigwRightUpLeg-trans-array" count="25" stride="3" /></technique_common></source>
      <source id="hpl_mixamorigwRightUpLeg-rotz"><float_array id="hpl_mixamorigwRightUpLeg-rotz-array" count="25">32.8999 33.6967 33.6601 34.22 33.4902 30.9143 26.4743 20.0952 12.5421 5.22757 -0.824782 -5.41759 -8.52464 -10.0352 -9.38608 -5.85549 0.638608 6.55169 11.6035 15.7047 19.4013 22.8686 26.2121 29.7364 32.8999</float_array><technique_common><accessor source="#hpl_mixamorigwRightUpLeg-rotz-array" count="25" stride="1" /></technique_common></source>
      <source id="hpl_mixamorigwRightUpLeg-roty"><float_array id="hpl_mixamorigwRightUpLeg-roty-array" count="25">-21.8857 -21.1905 -19.0052 -17.7958 -18.3546 -19.8509 -21.8556 -24.2314 -26.4826 -28.4058 -29.6181 -29.2088 -27.6974 -25.8772 -25.0809 -26.1218 -27.6297 -26.9517 -24.787 -22.7634 -20.7228 -19.1782 -18.6898 -19.4958 -21.8857</float_array><technique_common><accessor source="#hpl_mixamorigwRightUpLeg-roty-array" count="25" stride="1" /></technique_common></source>
      <source id="hpl_mixamorigwRightUpLeg-rotx"><float_array id="hpl_mixamorigwRightUpLeg-rotx-array" count="25">143.91 142.03 139.201 135.034 129.91 125.004 122.18 122.343 125.505 131.283 138.583 145.496 150.558 153.723 155.248 154.268 148.384 142.102 137.646 136.853 138.797 142.372 144.321 143.126 143.91</float_array><technique_common><accessor source="#hpl_mixamorigwRightUpLeg-rotx-array" count="25" stride="1" /></technique_common></source>
      <sampler id="hpl_mixamorigwRightUpLeg-trans-sampler"><input semantic="INPUT" source="#hpl_mixamorigwRightUpLeg-time" /><input semantic="OUTPUT" source="#hpl_mixamorigwRightUpLeg-trans" /></sampler><channel source="#hpl_mixamorigwRightUpLeg-trans-sampler" target="mixamorigwRightUpLeg/translate" />
      <sampler id="hpl_mixamorigwRightUpLeg-rotz-sampler"><input semantic="INPUT" source="#hpl_mixamorigwRightUpLeg-time" /><input semantic="OUTPUT" source="#hpl_mixamorigwRightUpLeg-rotz" /></sampler><channel source="#hpl_mixamorigwRightUpLeg-rotz-sampler" target="mixamorigwRightUpLeg/rotateZ.ANGLE" />
      <sampler id="hpl_mixamorigwRightUpLeg-roty-sampler"><input semantic="INPUT" source="#hpl_mixamorigwRightUpLeg-time" /><input semantic="OUTPUT" source="#hpl_mixamorigwRightUpLeg-roty" /></sampler><channel source="#hpl_mixamorigwRightUpLeg-roty-sampler" target="mixamorigwRightUpLeg/rotateY.ANGLE" />
      <sampler id="hpl_mixamorigwRightUpLeg-rotx-sampler"><input semantic="INPUT" source="#hpl_mixamorigwRightUpLeg-time" /><input semantic="OUTPUT" source="#hpl_mixamorigwRightUpLeg-rotx" /></sampler><channel source="#hpl_mixamorigwRightUpLeg-rotx-sampler" target="mixamorigwRightUpLeg/rotateX.ANGLE" />
    </animation>
    <animation id="hpl_mixamorigwRightLeg">
      <source id="hpl_mixamorigwRightLeg-time"><float_array id="hpl_mixamorigwRightLeg-time-array" count="25">0 1 2 3 4 5 6 7 8 9 10 11 12 13 14 15 16 17 18 19 20 21 22 23 24</float_array><technique_common><accessor source="#hpl_mixamorigwRightLeg-time-array" count="25" stride="1" /></technique_common></source>
      <source id="hpl_mixamorigwRightLeg-trans"><float_array id="hpl_mixamorigwRightLeg-trans-array" count="75">7.06192e-07 0.343251 5.33909e-10 7.06192e-07 0.343251 5.33909e-10 7.06192e-07 0.343251 5.33909e-10 7.06192e-07 0.343251 5.33909e-10 7.06192e-07 0.343251 5.33909e-10 7.06192e-07 0.343251 5.33909e-10 7.06192e-07 0.343251 5.33909e-10 7.06192e-07 0.343251 5.33909e-10 7.06192e-07 0.343251 5.33909e-10 7.06192e-07 0.343251 5.33909e-10 7.06192e-07 0.343251 5.33909e-10 7.06192e-07 0.343251 5.33909e-10 7.06192e-07 0.343251 5.33909e-10 7.06192e-07 0.343251 5.33909e-10 7.06192e-07 0.343251 5.33909e-10 7.06192e-07 0.343251 5.33909e-10 7.06192e-07 0.343251 5.33909e-10 7.06192e-07 0.343251 5.33909e-10 7.06192e-07 0.343251 5.33909e-10 7.06192e-07 0.343251 5.33909e-10 7.06192e-07 0.343251 5.33909e-10 7.06192e-07 0.343251 5.33909e-10 7.06192e-07 0.343251 5.33909e-10 7.06192e-07 0.343251 5.33909e-10 7.06192e-07 0.343251 5.33909e-10</float_array><technique_common><accessor source="#hpl_mixamorigwRightLeg-trans-array" count="25" stride="3" /></technique_common></source>
      <source id="hpl_mixamorigwRightLeg-rotz"><float_array id="hpl_mixamorigwRightLeg-rotz-array" count="25">1.16479 1.11945 1.35058 1.68652 2.09789 2.47929 2.58272 2.25904 1.7649 1.29653 0.845644 0.501963 0.308559 0.357947 0.538573 0.636733 0.721179 1.02307 1.43204 1.68337 1.80479 1.73408 1.6662 1.55568 1.16479</float_array><technique_common><accessor source="#hpl_mixamorigwRightLeg-rotz-array" count="25" stride="1" /></technique_common></source>
      <source id="hpl_mixamorigwRightLeg-roty"><float_array id="hpl_mixamorigwRightLeg-roty-array" count="25">-2.55535 -2.92676 -3.4774 -3.78425 -4.21441 -4.60648 -5.03687 -5.49139 -5.72041 -5.8461 -5.96461 -6.01208 -5.89955 -5.72093 -5.76353 -5.86002 -5.77677 -5.60469 -5.45777 -5.21214 -4.73204 -4.08158 -3.18129 -2.63886 -2.55535</float_array><technique_common><accessor source="#hpl_mixamorigwRightLeg-roty-array" count="25" stride="1" /></technique_common></source>
      <source id="hpl_mixamorigwRightLeg-rotx"><float_array id="hpl_mixamorigwRightLeg-rotx-array" count="25">30.0728 34.1873 40.9441 49.9435 59.0561 65.8189 68.7543 67.2121 60.7667 50.6504 39.0446 28.7219 22.0005 19.0087 18.5064 20.3017 28.1536 38.2744 47.3059 50.6163 48.1109 41.4289 36.3794 35.9298 30.0728</float_array><technique_common><accessor source="#hpl_mixamorigwRightLeg-rotx-array" count="25" stride="1" /></technique_common></source>
      <sampler id="hpl_mixamorigwRightLeg-trans-sampler"><input semantic="INPUT" source="#hpl_mixamorigwRightLeg-time" /><input semantic="OUTPUT" source="#hpl_mixamorigwRightLeg-trans" /></sampler><channel source="#hpl_mixamorigwRightLeg-trans-sampler" target="mixamorigwRightLeg/translate" />
      <sampler id="hpl_mixamorigwRightLeg-rotz-sampler"><input semantic="INPUT" source="#hpl_mixamorigwRightLeg-time" /><input semantic="OUTPUT" source="#hpl_mixamorigwRightLeg-rotz" /></sampler><channel source="#hpl_mixamorigwRightLeg-rotz-sampler" target="mixamorigwRightLeg/rotateZ.ANGLE" />
      <sampler id="hpl_mixamorigwRightLeg-roty-sampler"><input semantic="INPUT" source="#hpl_mixamorigwRightLeg-time" /><input semantic="OUTPUT" source="#hpl_mixamorigwRightLeg-roty" /></sampler><channel source="#hpl_mixamorigwRightLeg-roty-sampler" target="mixamorigwRightLeg/rotateY.ANGLE" />
      <sampler id="hpl_mixamorigwRightLeg-rotx-sampler"><input semantic="INPUT" source="#hpl_mixamorigwRightLeg-time" /><input semantic="OUTPUT" source="#hpl_mixamorigwRightLeg-rotx" /></sampler><channel source="#hpl_mixamorigwRightLeg-rotx-sampler" target="mixamorigwRightLeg/rotateX.ANGLE" />
    </animation>
    <animation id="hpl_mixamorigwRightFoot">
      <source id="hpl_mixamorigwRightFoot-time"><float_array id="hpl_mixamorigwRightFoot-time-array" count="25">0 1 2 3 4 5 6 7 8 9 10 11 12 13 14 15 16 17 18 19 20 21 22 23 24</float_array><technique_common><accessor source="#hpl_mixamorigwRightFoot-time-array" count="25" stride="1" /></technique_common></source>
      <source id="hpl_mixamorigwRightFoot-trans"><float_array id="hpl_mixamorigwRightFoot-trans-array" count="75">-1.23877e-07 0.361137 -2.12505e-07 -1.23877e-07 0.361137 -2.12505e-07 -1.23877e-07 0.361137 -2.12505e-07 -1.23877e-07 0.361137 -2.12505e-07 -1.23877e-07 0.361137 -2.12505e-07 -1.23877e-07 0.361137 -2.12505e-07 -1.23877e-07 0.361137 -2.12505e-07 -1.23877e-07 0.361137 -2.12505e-07 -1.23877e-07 0.361137 -2.12505e-07 -1.23877e-07 0.361137 -2.12505e-07 -1.23877e-07 0.361137 -2.12505e-07 -1.23877e-07 0.361137 -2.12505e-07 -1.23877e-07 0.361137 -2.12505e-07 -1.23877e-07 0.361137 -2.12505e-07 -1.23877e-07 0.361137 -2.12505e-07 -1.23877e-07 0.361137 -2.12505e-07 -1.23877e-07 0.361137 -2.12505e-07 -1.23877e-07 0.361137 -2.12505e-07 -1.23877e-07 0.361137 -2.12505e-07 -1.23877e-07 0.361137 -2.12505e-07 -1.23877e-07 0.361137 -2.12505e-07 -1.23877e-07 0.361137 -2.12505e-07 -1.23877e-07 0.361137 -2.12505e-07 -1.23877e-07 0.361137 -2.12505e-07 -1.23877e-07 0.361137 -2.12505e-07</float_array><technique_common><accessor source="#hpl_mixamorigwRightFoot-trans-array" count="25" stride="3" /></technique_common></source>
      <source id="hpl_mixamorigwRightFoot-rotz"><float_array id="hpl_mixamorigwRightFoot-rotz-array" count="25">0.236154 -16.8893 -28.3487 -28.223 -25.673 -24.0438 -21.5482 -17.9675 -13.4365 -8.03765 -2.38617 1.01987 -1.48799 -7.04364 -12.3626 -17.4447 -17.4457 -15.3699 -12.9085 -10.0268 -6.19091 -0.809772 4.08846 4.497 0.236154</float_array><technique_common><accessor source="#hpl_mixamorigwRightFoot-rotz-array" count="25" stride="1" /></technique_common></source>
      <source id="hpl_mixamorigwRightFoot-roty"><float_array id="hpl_mixamorigwRightFoot-roty-array" count="25">10.842 3.00582 -0.78386 2.28807 7.72887 13.0345 17.9613 22.0775 25.6007 27.3801 26.6156 23.3318 20.255 19.4548 20.6373 21.6861 20.1295 17.9564 17.5463 18.8736 21.5162 24.4344 24.1465 19.388 10.842</float_array><technique_common><accessor source="#hpl_mixamorigwRightFoot-roty-array" count="25" stride="1" /></technique_common></source>
      <source id="hpl_mixamorigwRightFoot-rotx"><float_array id="hpl_mixamorigwRightFoot-rotx-array" count="25">-53.0174 -42.9287 -40.8018 -50.226 -61.1315 -67.5271 -69.3728 -68.1427 -64.8896 -59.0592 -50.9041 -41.8739 -35.599 -33.2103 -35.4207 -44.9826 -61.6099 -72.4168 -78.919 -82.5104 -82.201 -75.745 -65.1318 -53.2051 -53.0174</float_array><technique_common><accessor source="#hpl_mixamorigwRightFoot-rotx-array" count="25" stride="1" /></technique_common></source>
      <sampler id="hpl_mixamorigwRightFoot-trans-sampler"><input semantic="INPUT" source="#hpl_mixamorigwRightFoot-time" /><input semantic="OUTPUT" source="#hpl_mixamorigwRightFoot-trans" /></sampler><channel source="#hpl_mixamorigwRightFoot-trans-sampler" target="mixamorigwRightFoot/translate" />
      <sampler id="hpl_mixamorigwRightFoot-rotz-sampler"><input semantic="INPUT" source="#hpl_mixamorigwRightFoot-time" /><input semantic="OUTPUT" source="#hpl_mixamorigwRightFoot-rotz" /></sampler><channel source="#hpl_mixamorigwRightFoot-rotz-sampler" target="mixamorigwRightFoot/rotateZ.ANGLE" />
      <sampler id="hpl_mixamorigwRightFoot-roty-sampler"><input semantic="INPUT" source="#hpl_mixamorigwRightFoot-time" /><input semantic="OUTPUT" source="#hpl_mixamorigwRightFoot-roty" /></sampler><channel source="#hpl_mixamorigwRightFoot-roty-sampler" target="mixamorigwRightFoot/rotateY.ANGLE" />
      <sampler id="hpl_mixamorigwRightFoot-rotx-sampler"><input semantic="INPUT" source="#hpl_mixamorigwRightFoot-time" /><input semantic="OUTPUT" source="#hpl_mixamorigwRightFoot-rotx" /></sampler><channel source="#hpl_mixamorigwRightFoot-rotx-sampler" target="mixamorigwRightFoot/rotateX.ANGLE" />
    </animation>
    <animation id="hpl_mixamorigwRightToeBase">
      <source id="hpl_mixamorigwRightToeBase-time"><float_array id="hpl_mixamorigwRightToeBase-time-array" count="25">0 1 2 3 4 5 6 7 8 9 10 11 12 13 14 15 16 17 18 19 20 21 22 23 24</float_array><technique_common><accessor source="#hpl_mixamorigwRightToeBase-time-array" count="25" stride="1" /></technique_common></source>
      <source id="hpl_mixamorigwRightToeBase-trans"><float_array id="hpl_mixamorigwRightToeBase-trans-array" count="75">-5.86781e-07 0.170855 -2.20829e-08 -5.86781e-07 0.170855 -2.20829e-08 -5.86781e-07 0.170855 -2.20829e-08 -5.86781e-07 0.170855 -2.20829e-08 -5.86781e-07 0.170855 -2.20829e-08 -5.86781e-07 0.170855 -2.20829e-08 -5.86781e-07 0.170855 -2.20829e-08 -5.86781e-07 0.170855 -2.20829e-08 -5.86781e-07 0.170855 -2.20829e-08 -5.86781e-07 0.170855 -2.20829e-08 -5.86781e-07 0.170855 -2.20829e-08 -5.86781e-07 0.170855 -2.20829e-08 -5.86781e-07 0.170855 -2.20829e-08 -5.86781e-07 0.170855 -2.20829e-08 -5.86781e-07 0.170855 -2.20829e-08 -5.86781e-07 0.170855 -2.20829e-08 -5.86781e-07 0.170855 -2.20829e-08 -5.86781e-07 0.170855 -2.20829e-08 -5.86781e-07 0.170855 -2.20829e-08 -5.86781e-07 0.170855 -2.20829e-08 -5.86781e-07 0.170855 -2.20829e-08 -5.86781e-07 0.170855 -2.20829e-08 -5.86781e-07 0.170855 -2.20829e-08 -5.86781e-07 0.170855 -2.20829e-08 -5.86781e-07 0.170855 -2.20829e-08</float_array><technique_common><accessor source="#hpl_mixamorigwRightToeBase-trans-array" count="25" stride="3" /></technique_common></source>
      <source id="hpl_mixamorigwRightToeBase-rotz"><float_array id="hpl_mixamorigwRightToeBase-rotz-array" count="25">-0.515642 -0.276961 -0.279682 -0.333763 -0.285238 -0.362754 -0.409021 -0.44159 -0.389545 -0.355635 -0.302434 -0.226944 -0.084439 -0.0810688 -0.226144 -0.359745 0.0578883 0.189721 0.130632 0.166938 0.200239 0.0610444 -0.266735 -0.851528 -0.515642</float_array><technique_common><accessor source="#hpl_mixamorigwRightToeBase-rotz-array" count="25" stride="1" /></technique_common></source>
      <source id="hpl_mixamorigwRightToeBase-roty"><float_array id="hpl_mixamorigwRightToeBase-roty-array" count="25">2.80074 2.72277 2.60886 2.36747 2.02295 1.77719 1.70143 1.73674 1.81188 1.8556 1.93659 1.9994 1.99331 1.99324 2.20874 2.44603 2.06938 1.78774 1.56935 1.445 1.48688 1.61246 2.1761 3.03937 2.80074</float_array><technique_common><accessor source="#hpl_mixamorigwRightToeBase-roty-array" count="25" stride="1" /></technique_common></source>
      <source id="hpl_mixamorigwRightToeBase-rotx"><float_array id="hpl_mixamorigwRightToeBase-rotx-array" count="25">-44.8591 -41.7725 -39.9875 -39.8267 -39.5279 -39.411 -39.532 -39.5279 -39.3331 -39.2938 -39.6032 -39.8686 -39.6662 -39.6214 -40.7743 -41.9537 -38.9219 -37.2541 -36.468 -35.8397 -35.9865 -37.2482 -41.0932 -47.1142 -44.8591</float_array><technique_common><accessor source="#hpl_mixamorigwRightToeBase-rotx-array" count="25" stride="1" /></technique_common></source>
      <sampler id="hpl_mixamorigwRightToeBase-trans-sampler"><input semantic="INPUT" source="#hpl_mixamorigwRightToeBase-time" /><input semantic="OUTPUT" source="#hpl_mixamorigwRightToeBase-trans" /></sampler><channel source="#hpl_mixamorigwRightToeBase-trans-sampler" target="mixamorigwRightToeBase/translate" />
      <sampler id="hpl_mixamorigwRightToeBase-rotz-sampler"><input semantic="INPUT" source="#hpl_mixamorigwRightToeBase-time" /><input semantic="OUTPUT" source="#hpl_mixamorigwRightToeBase-rotz" /></sampler><channel source="#hpl_mixamorigwRightToeBase-rotz-sampler" target="mixamorigwRightToeBase/rotateZ.ANGLE" />
      <sampler id="hpl_mixamorigwRightToeBase-roty-sampler"><input semantic="INPUT" source="#hpl_mixamorigwRightToeBase-time" /><input semantic="OUTPUT" source="#hpl_mixamorigwRightToeBase-roty" /></sampler><channel source="#hpl_mixamorigwRightToeBase-roty-sampler" target="mixamorigwRightToeBase/rotateY.ANGLE" />
      <sampler id="hpl_mixamorigwRightToeBase-rotx-sampler"><input semantic="INPUT" source="#hpl_mixamorigwRightToeBase-time" /><input semantic="OUTPUT" source="#hpl_mixamorigwRightToeBase-rotx" /></sampler><channel source="#hpl_mixamorigwRightToeBase-rotx-sampler" target="mixamorigwRightToeBase/rotateX.ANGLE" />
    </animation>
    <animation id="hpl_mixamorigwSpine">
      <source id="hpl_mixamorigwSpine-time"><float_array id="hpl_mixamorigwSpine-time-array" count="25">0 1 2 3 4 5 6 7 8 9 10 11 12 13 14 15 16 17 18 19 20 21 22 23 24</float_array><technique_common><accessor source="#hpl_mixamorigwSpine-time-array" count="25" stride="1" /></technique_common></source>
      <source id="hpl_mixamorigwSpine-trans"><float_array id="hpl_mixamorigwSpine-trans-array" count="75">-0.00967459 0.126655 -0.0275668 -0.00967459 0.126655 -0.0275668 -0.00967459 0.126655 -0.0275668 -0.00967459 0.126655 -0.0275668 -0.00967459 0.126655 -0.0275668 -0.00967459 0.126655 -0.0275668 -0.00967459 0.126655 -0.0275668 -0.00967459 0.126655 -0.0275668 -0.00967459 0.126655 -0.0275668 -0.00967459 0.126655 -0.0275668 -0.00967459 0.126655 -0.0275668 -0.00967459 0.126655 -0.0275668 -0.00967459 0.126655 -0.0275668 -0.00967459 0.126655 -0.0275668 -0.00967459 0.126655 -0.0275668 -0.00967459 0.126655 -0.0275668 -0.00967459 0.126655 -0.0275668 -0.00967459 0.126655 -0.0275668 -0.00967459 0.126655 -0.0275668 -0.00967459 0.126655 -0.0275668 -0.00967459 0.126655 -0.0275668 -0.00967459 0.126655 -0.0275668 -0.00967459 0.126655 -0.0275668 -0.00967459 0.126655 -0.0275668 -0.00967459 0.126655 -0.0275668</float_array><technique_common><accessor source="#hpl_mixamorigwSpine-trans-array" count="25" stride="3" /></technique_common></source>
      <source id="hpl_mixamorigwSpine-rotz"><float_array id="hpl_mixamorigwSpine-rotz-array" count="25">1.09931 1.02875 1.16009 1.46328 1.14561 0.701983 0.808846 0.971046 0.979396 0.971318 1.09237 1.3924 1.68343 1.89448 1.64311 0.967336 0.69886 1.18679 1.6091 1.57888 1.14961 0.696556 0.313141 0.320402 1.09931</float_array><technique_common><accessor source="#hpl_mixamorigwSpine-rotz-array" count="25" stride="1" /></technique_common></source>
      <source id="hpl_mixamorigwSpine-roty"><float_array id="hpl_mixamorigwSpine-roty-array" count="25">1.73787 1.75525 1.91781 1.84448 1.82232 1.81235 2.12813 2.47609 2.78436 2.94631 2.89532 2.80496 2.56749 2.33567 2.24724 2.10678 2.07233 2.4501 2.89191 3.04461 2.79909 2.31637 1.87873 1.63144 1.73787</float_array><technique_common><accessor source="#hpl_mixamorigwSpine-roty-array" count="25" stride="1" /></technique_common></source>
      <source id="hpl_mixamorigwSpine-rotx"><float_array id="hpl_mixamorigwSpine-rotx-array" count="25">-11.3781 -11.3514 -10.6806 -9.44765 -8.13536 -7.39094 -7.10282 -7.09581 -7.46581 -8.07416 -8.8199 -9.8887 -10.9736 -11.6571 -11.8614 -11.6741 -11.1833 -10.5693 -9.90407 -9.58223 -9.70006 -9.98615 -10.1945 -10.5323 -11.3781</float_array><technique_common><accessor source="#hpl_mixamorigwSpine-rotx-array" count="25" stride="1" /></technique_common></source>
      <sampler id="hpl_mixamorigwSpine-trans-sampler"><input semantic="INPUT" source="#hpl_mixamorigwSpine-time" /><input semantic="OUTPUT" source="#hpl_mixamorigwSpine-trans" /></sampler><channel source="#hpl_mixamorigwSpine-trans-sampler" target="mixamorigwSpine/translate" />
      <sampler id="hpl_mixamorigwSpine-rotz-sampler"><input semantic="INPUT" source="#hpl_mixamorigwSpine-time" /><input semantic="OUTPUT" source="#hpl_mixamorigwSpine-rotz" /></sampler><channel source="#hpl_mixamorigwSpine-rotz-sampler" target="mixamorigwSpine/rotateZ.ANGLE" />
      <sampler id="hpl_mixamorigwSpine-roty-sampler"><input semantic="INPUT" source="#hpl_mixamorigwSpine-time" /><input semantic="OUTPUT" source="#hpl_mixamorigwSpine-roty" /></sampler><channel source="#hpl_mixamorigwSpine-roty-sampler" target="mixamorigwSpine/rotateY.ANGLE" />
      <sampler id="hpl_mixamorigwSpine-rotx-sampler"><input semantic="INPUT" source="#hpl_mixamorigwSpine-time" /><input semantic="OUTPUT" source="#hpl_mixamorigwSpine-rotx" /></sampler><channel source="#hpl_mixamorigwSpine-rotx-sampler" target="mixamorigwSpine/rotateX.ANGLE" />
    </animation>
    <animation id="hpl_mixamorigwSpine1">
      <source id="hpl_mixamorigwSpine1-time"><float_array id="hpl_mixamorigwSpine1-time-array" count="25">0 1 2 3 4 5 6 7 8 9 10 11 12 13 14 15 16 17 18 19 20 21 22 23 24</float_array><technique_common><accessor source="#hpl_mixamorigwSpine1-time-array" count="25" stride="1" /></technique_common></source>
      <source id="hpl_mixamorigwSpine1-trans"><float_array id="hpl_mixamorigwSpine1-trans-array" count="75">-2.3181e-08 0.12998 -1.90221e-08 -2.3181e-08 0.12998 -1.90221e-08 -2.3181e-08 0.12998 -1.90221e-08 -2.3181e-08 0.12998 -1.90221e-08 -2.3181e-08 0.12998 -1.90221e-08 -2.3181e-08 0.12998 -1.90221e-08 -2.3181e-08 0.12998 -1.90221e-08 -2.3181e-08 0.12998 -1.90221e-08 -2.3181e-08 0.12998 -1.90221e-08 -2.3181e-08 0.12998 -1.90221e-08 -2.3181e-08 0.12998 -1.90221e-08 -2.3181e-08 0.12998 -1.90221e-08 -2.3181e-08 0.12998 -1.90221e-08 -2.3181e-08 0.12998 -1.90221e-08 -2.3181e-08 0.12998 -1.90221e-08 -2.3181e-08 0.12998 -1.90221e-08 -2.3181e-08 0.12998 -1.90221e-08 -2.3181e-08 0.12998 -1.90221e-08 -2.3181e-08 0.12998 -1.90221e-08 -2.3181e-08 0.12998 -1.90221e-08 -2.3181e-08 0.12998 -1.90221e-08 -2.3181e-08 0.12998 -1.90221e-08 -2.3181e-08 0.12998 -1.90221e-08 -2.3181e-08 0.12998 -1.90221e-08 -2.3181e-08 0.12998 -1.90221e-08</float_array><technique_common><accessor source="#hpl_mixamorigwSpine1-trans-array" count="25" stride="3" /></technique_common></source>
      <source id="hpl_mixamorigwSpine1-rotz"><float_array id="hpl_mixamorigwSpine1-rotz-array" count="25">-0.981235 -0.899461 -0.843899 -0.772147 -0.88431 -1.01986 -1.03772 -1.01565 -0.974397 -0.928256 -0.896019 -0.885383 -0.987663 -1.16789 -1.4432 -1.70934 -1.78594 -1.64094 -1.36519 -1.23467 -1.21291 -1.24224 -1.245 -1.11812 -0.981235</float_array><technique_common><accessor source="#hpl_mixamorigwSpine1-rotz-array" count="25" stride="1" /></technique_common></source>
      <source id="hpl_mixamorigwSpine1-roty"><float_array id="hpl_mixamorigwSpine1-roty-array" count="25">-4.28133 -4.21736 -4.31634 -4.30067 -3.96507 -3.547 -2.82808 -1.88185 -1.15183 -0.70959 -0.550292 -0.842465 -1.0375 -1.02716 -0.836919 -0.570975 -0.536197 -0.662376 -1.01907 -1.60907 -2.27952 -2.86398 -3.47505 -4.00811 -4.28133</float_array><technique_common><accessor source="#hpl_mixamorigwSpine1-roty-array" count="25" stride="1" /></technique_common></source>
      <source id="hpl_mixamorigwSpine1-rotx"><float_array id="hpl_mixamorigwSpine1-rotx-array" count="25">-10.3397 -10.2194 -10.1112 -9.73106 -9.26181 -8.94499 -8.72807 -8.63156 -8.71009 -8.9383 -9.25785 -9.61165 -10.0077 -10.326 -10.4086 -10.2804 -9.99295 -9.70191 -9.62743 -9.73547 -9.921 -10.1077 -10.264 -10.263 -10.3397</float_array><technique_common><accessor source="#hpl_mixamorigwSpine1-rotx-array" count="25" stride="1" /></technique_common></source>
      <sampler id="hpl_mixamorigwSpine1-trans-sampler"><input semantic="INPUT" source="#hpl_mixamorigwSpine1-time" /><input semantic="OUTPUT" source="#hpl_mixamorigwSpine1-trans" /></sampler><channel source="#hpl_mixamorigwSpine1-trans-sampler" target="mixamorigwSpine1/translate" />
      <sampler id="hpl_mixamorigwSpine1-rotz-sampler"><input semantic="INPUT" source="#hpl_mixamorigwSpine1-time" /><input semantic="OUTPUT" source="#hpl_mixamorigwSpine1-rotz" /></sampler><channel source="#hpl_mixamorigwSpine1-rotz-sampler" target="mixamorigwSpine1/rotateZ.ANGLE" />
      <sampler id="hpl_mixamorigwSpine1-roty-sampler"><input semantic="INPUT" source="#hpl_mixamorigwSpine1-time" /><input semantic="OUTPUT" source="#hpl_mixamorigwSpine1-roty" /></sampler><channel source="#hpl_mixamorigwSpine1-roty-sampler" target="mixamorigwSpine1/rotateY.ANGLE" />
      <sampler id="hpl_mixamorigwSpine1-rotx-sampler"><input semantic="INPUT" source="#hpl_mixamorigwSpine1-time" /><input semantic="OUTPUT" source="#hpl_mixamorigwSpine1-rotx" /></sampler><channel source="#hpl_mixamorigwSpine1-rotx-sampler" target="mixamorigwSpine1/rotateX.ANGLE" />
    </animation>
    <animation id="hpl_mixamorigwSpine2">
      <source id="hpl_mixamorigwSpine2-time"><float_array id="hpl_mixamorigwSpine2-time-array" count="25">0 1 2 3 4 5 6 7 8 9 10 11 12 13 14 15 16 17 18 19 20 21 22 23 24</float_array><technique_common><accessor source="#hpl_mixamorigwSpine2-time-array" count="25" stride="1" /></technique_common></source>
      <source id="hpl_mixamorigwSpine2-trans"><float_array id="hpl_mixamorigwSpine2-trans-array" count="75">-5.95244e-09 0.129979 -4.64958e-07 -5.95244e-09 0.129979 -4.64958e-07 -5.95244e-09 0.129979 -4.64958e-07 -5.95244e-09 0.129979 -4.64958e-07 -5.95244e-09 0.129979 -4.64958e-07 -5.95244e-09 0.129979 -4.64958e-07 -5.95244e-09 0.129979 -4.64958e-07 -5.95244e-09 0.129979 -4.64958e-07 -5.95244e-09 0.129979 -4.64958e-07 -5.95244e-09 0.129979 -4.64958e-07 -5.95244e-09 0.129979 -4.64958e-07 -5.95244e-09 0.129979 -4.64958e-07 -5.95244e-09 0.129979 -4.64958e-07 -5.95244e-09 0.129979 -4.64958e-07 -5.95244e-09 0.129979 -4.64958e-07 -5.95244e-09 0.129979 -4.64958e-07 -5.95244e-09 0.129979 -4.64958e-07 -5.95244e-09 0.129979 -4.64958e-07 -5.95244e-09 0.129979 -4.64958e-07 -5.95244e-09 0.129979 -4.64958e-07 -5.95244e-09 0.129979 -4.64958e-07 -5.95244e-09 0.129979 -4.64958e-07 -5.95244e-09 0.129979 -4.64958e-07 -5.95244e-09 0.129979 -4.64958e-07 -5.95244e-09 0.129979 -4.64958e-07</float_array><technique_common><accessor source="#hpl_mixamorigwSpine2-trans-array" count="25" stride="3" /></technique_common></source>
      <source id="hpl_mixamorigwSpine2-rotz"><float_array id="hpl_mixamorigwSpine2-rotz-array" count="25">-2.63251 -2.34114 -1.90528 -1.16619 -1.01889 -1.35592 -1.76322 -2.10288 -2.32317 -2.44702 -2.28283 -1.98788 -2.05133 -2.36652 -2.80638 -3.38476 -4.00151 -4.05289 -3.42933 -3.03023 -3.01859 -3.22871 -3.2602 -2.81404 -2.63251</float_array><technique_common><accessor source="#hpl_mixamorigwSpine2-rotz-array" count="25" stride="1" /></technique_common></source>
      <source id="hpl_mixamorigwSpine2-roty"><float_array id="hpl_mixamorigwSpine2-roty-array" count="25">-7.74126 -7.9065 -7.68725 -7.50569 -7.65061 -7.16556 -6.27556 -5.23603 -4.3979 -3.97635 -3.99366 -4.13592 -4.56722 -4.92668 -5.12372 -5.24305 -4.91626 -4.5413 -4.47206 -4.9338 -5.56732 -6.24016 -6.9999 -7.64012 -7.74126</float_array><technique_common><accessor source="#hpl_mixamorigwSpine2-roty-array" count="25" stride="1" /></technique_common></source>
      <source id="hpl_mixamorigwSpine2-rotx"><float_array id="hpl_mixamorigwSpine2-rotx-array" count="25">12.2165 12.3069 12.6714 12.9248 13.2519 13.7645 14.2624 14.4154 14.3169 14.0739 13.6267 12.9457 12.3361 12.072 12.2491 12.6775 13.1218 13.5143 13.8629 14.069 13.8764 13.5636 13.2176 12.9047 12.2165</float_array><technique_common><accessor source="#hpl_mixamorigwSpine2-rotx-array" count="25" stride="1" /></technique_common></source>
      <sampler id="hpl_mixamorigwSpine2-trans-sampler"><input semantic="INPUT" source="#hpl_mixamorigwSpine2-time" /><input semantic="OUTPUT" source="#hpl_mixamorigwSpine2-trans" /></sampler><channel source="#hpl_mixamorigwSpine2-trans-sampler" target="mixamorigwSpine2/translate" />
      <sampler id="hpl_mixamorigwSpine2-rotz-sampler"><input semantic="INPUT" source="#hpl_mixamorigwSpine2-time" /><input semantic="OUTPUT" source="#hpl_mixamorigwSpine2-rotz" /></sampler><channel source="#hpl_mixamorigwSpine2-rotz-sampler" target="mixamorigwSpine2/rotateZ.ANGLE" />
      <sampler id="hpl_mixamorigwSpine2-roty-sampler"><input semantic="INPUT" source="#hpl_mixamorigwSpine2-time" /><input semantic="OUTPUT" source="#hpl_mixamorigwSpine2-roty" /></sampler><channel source="#hpl_mixamorigwSpine2-roty-sampler" target="mixamorigwSpine2/rotateY.ANGLE" />
      <sampler id="hpl_mixamorigwSpine2-rotx-sampler"><input semantic="INPUT" source="#hpl_mixamorigwSpine2-time" /><input semantic="OUTPUT" source="#hpl_mixamorigwSpine2-rotx" /></sampler><channel source="#hpl_mixamorigwSpine2-rotx-sampler" target="mixamorigwSpine2/rotateX.ANGLE" />
    </animation>
    <animation id="hpl_mixamorigwLeftShoulder">
      <source id="hpl_mixamorigwLeftShoulder-time"><float_array id="hpl_mixamorigwLeftShoulder-time-array" count="25">0 1 2 3 4 5 6 7 8 9 10 11 12 13 14 15 16 17 18 19 20 21 22 23 24</float_array><technique_common><accessor source="#hpl_mixamorigwLeftShoulder-time-array" count="25" stride="1" /></technique_common></source>
      <source id="hpl_mixamorigwLeftShoulder-trans"><float_array id="hpl_mixamorigwLeftShoulder-trans-array" count="75">0.0430093 0.0835295 -0.00243502 0.0430093 0.0835295 -0.00243502 0.0430093 0.0835295 -0.00243502 0.0430093 0.0835295 -0.00243502 0.0430093 0.0835295 -0.00243502 0.0430093 0.0835295 -0.00243502 0.0430093 0.0835295 -0.00243502 0.0430093 0.0835295 -0.00243502 0.0430093 0.0835295 -0.00243502 0.0430093 0.0835295 -0.00243502 0.0430093 0.0835295 -0.00243502 0.0430093 0.0835295 -0.00243502 0.0430093 0.0835295 -0.00243502 0.0430093 0.0835295 -0.00243502 0.0430093 0.0835295 -0.00243502 0.0430093 0.0835295 -0.00243502 0.0430093 0.0835295 -0.00243502 0.0430093 0.0835295 -0.00243502 0.0430093 0.0835295 -0.00243502 0.0430093 0.0835295 -0.00243502 0.0430093 0.0835295 -0.00243502 0.0430093 0.0835295 -0.00243502 0.0430093 0.0835295 -0.00243502 0.0430093 0.0835295 -0.00243502 0.0430093 0.0835295 -0.00243502</float_array><technique_common><accessor source="#hpl_mixamorigwLeftShoulder-trans-array" count="25" stride="3" /></technique_common></source>
      <source id="hpl_mixamorigwLeftShoulder-rotz"><float_array id="hpl_mixamorigwLeftShoulder-rotz-array" count="25">98.1083 100.069 101.327 101.821 101.705 100.318 99.992 101.32 102.6 103.895 105.245 105.918 106.19 106.283 106.189 106.22 105.574 105.579 105.535 104.681 102.679 100.165 98.4752 98.9599 98.1083</float_array><technique_common><accessor source="#hpl_mixamorigwLeftShoulder-rotz-array" count="25" stride="1" /></technique_common></source>
      <source id="hpl_mixamorigwLeftShoulder-roty"><float_array id="hpl_mixamorigwLeftShoulder-roty-array" count="25">68.7288 69.0462 69.1997 69.2989 68.9759 68.2597 67.365 66.6002 66.0796 65.8375 65.4878 65.0054 64.5553 64.0547 63.8487 64.1474 64.9206 65.7381 65.7725 65.6345 65.9897 66.3317 66.6594 66.8681 68.7288</float_array><technique_common><accessor source="#hpl_mixamorigwLeftShoulder-roty-array" count="25" stride="1" /></technique_common></source>
      <source id="hpl_mixamorigwLeftShoulder-rotx"><float_array id="hpl_mixamorigwLeftShoulder-rotx-array" count="25">-158.767 -157.266 -157.142 -157.544 -158.318 -159.487 -158.677 -155.822 -152.855 -150.344 -148.645 -148.682 -149.716 -150.395 -150.384 -149.587 -148.445 -146.632 -146.449 -148.392 -151.551 -155.349 -158.342 -158.769 -158.767</float_array><technique_common><accessor source="#hpl_mixamorigwLeftShoulder-rotx-array" count="25" stride="1" /></technique_common></source>
      <sampler id="hpl_mixamorigwLeftShoulder-trans-sampler"><input semantic="INPUT" source="#hpl_mixamorigwLeftShoulder-time" /><input semantic="OUTPUT" source="#hpl_mixamorigwLeftShoulder-trans" /></sampler><channel source="#hpl_mixamorigwLeftShoulder-trans-sampler" target="mixamorigwLeftShoulder/translate" />
      <sampler id="hpl_mixamorigwLeftShoulder-rotz-sampler"><input semantic="INPUT" source="#hpl_mixamorigwLeftShoulder-time" /><input semantic="OUTPUT" source="#hpl_mixamorigwLeftShoulder-rotz" /></sampler><channel source="#hpl_mixamorigwLeftShoulder-rotz-sampler" target="mixamorigwLeftShoulder/rotateZ.ANGLE" />
      <sampler id="hpl_mixamorigwLeftShoulder-roty-sampler"><input semantic="INPUT" source="#hpl_mixamorigwLeftShoulder-time" /><input semantic="OUTPUT" source="#hpl_mixamorigwLeftShoulder-roty" /></sampler><channel source="#hpl_mixamorigwLeftShoulder-roty-sampler" target="mixamorigwLeftShoulder/rotateY.ANGLE" />
      <sampler id="hpl_mixamorigwLeftShoulder-rotx-sampler"><input semantic="INPUT" source="#hpl_mixamorigwLeftShoulder-time" /><input semantic="OUTPUT" source="#hpl_mixamorigwLeftShoulder-rotx" /></sampler><channel source="#hpl_mixamorigwLeftShoulder-rotx-sampler" target="mixamorigwLeftShoulder/rotateX.ANGLE" />
    </animation>
    <animation id="hpl_mixamorigwLeftArm">
      <source id="hpl_mixamorigwLeftArm-time"><float_array id="hpl_mixamorigwLeftArm-time-array" count="25">0 1 2 3 4 5 6 7 8 9 10 11 12 13 14 15 16 17 18 19 20 21 22 23 24</float_array><technique_common><accessor source="#hpl_mixamorigwLeftArm-time-array" count="25" stride="1" /></technique_common></source>
      <source id="hpl_mixamorigwLeftArm-trans"><float_array id="hpl_mixamorigwLeftArm-trans-array" count="75">1.54813e-06 0.171492 2.76526e-06 1.54813e-06 0.171492 2.76526e-06 1.54813e-06 0.171492 2.76526e-06 1.54813e-06 0.171492 2.76526e-06 1.54813e-06 0.171492 2.76526e-06 1.54813e-06 0.171492 2.76526e-06 1.54813e-06 0.171492 2.76526e-06 1.54813e-06 0.171492 2.76526e-06 1.54813e-06 0.171492 2.76526e-06 1.54813e-06 0.171492 2.76526e-06 1.54813e-06 0.171492 2.76526e-06 1.54813e-06 0.171492 2.76526e-06 1.54813e-06 0.171492 2.76526e-06 1.54813e-06 0.171492 2.76526e-06 1.54813e-06 0.171492 2.76526e-06 1.54813e-06 0.171492 2.76526e-06 1.54813e-06 0.171492 2.76526e-06 1.54813e-06 0.171492 2.76526e-06 1.54813e-06 0.171492 2.76526e-06 1.54813e-06 0.171492 2.76526e-06 1.54813e-06 0.171492 2.76526e-06 1.54813e-06 0.171492 2.76526e-06 1.54813e-06 0.171492 2.76526e-06 1.54813e-06 0.171492 2.76526e-06 1.54813e-06 0.171492 2.76526e-06</float_array><technique_common><accessor source="#hpl_mixamorigwLeftArm-trans-array" count="25" stride="3" /></technique_common></source>
      <source id="hpl_mixamorigwLeftArm-rotz"><float_array id="hpl_mixamorigwLeftArm-rotz-array" count="25">44.9831 46.2267 45.888 45.0961 44.7733 44.2244 43.1209 41.107 38.787 36.7196 34.6722 32.3411 29.6589 27.5588 26.1524 25.6915 26.3972 28.4569 32.0473 35.4958 38.3191 40.8231 42.9142 44.7454 44.9831</float_array><technique_common><accessor source="#hpl_mixamorigwLeftArm-rotz-array" count="25" stride="1" /></technique_common></source>
      <source id="hpl_mixamorigwLeftArm-roty"><float_array id="hpl_mixamorigwLeftArm-roty-array" count="25">7.97112 8.40827 7.28909 6.42656 6.52871 6.84395 7.2966 8.14198 10.7174 14.1108 16.557 17.2165 16.3116 14.5482 12.3578 9.9566 8.52955 7.37965 5.86019 5.25949 6.48751 7.84874 8.5801 8.21919 7.97112</float_array><technique_common><accessor source="#hpl_mixamorigwLeftArm-roty-array" count="25" stride="1" /></technique_common></source>
      <source id="hpl_mixamorigwLeftArm-rotx"><float_array id="hpl_mixamorigwLeftArm-rotx-array" count="25">45.6131 46.9314 48.0514 48.1538 47.1787 45.5424 44.5536 44.749 45.138 45.5302 46.0834 46.9539 47.8119 47.7616 46.5714 44.417 41.0101 38.0291 36.9274 37.266 38.0463 39.249 40.6839 42.2867 45.6131</float_array><technique_common><accessor source="#hpl_mixamorigwLeftArm-rotx-array" count="25" stride="1" /></technique_common></source>
      <sampler id="hpl_mixamorigwLeftArm-trans-sampler"><input semantic="INPUT" source="#hpl_mixamorigwLeftArm-time" /><input semantic="OUTPUT" source="#hpl_mixamorigwLeftArm-trans" /></sampler><channel source="#hpl_mixamorigwLeftArm-trans-sampler" target="mixamorigwLeftArm/translate" />
      <sampler id="hpl_mixamorigwLeftArm-rotz-sampler"><input semantic="INPUT" source="#hpl_mixamorigwLeftArm-time" /><input semantic="OUTPUT" source="#hpl_mixamorigwLeftArm-rotz" /></sampler><channel source="#hpl_mixamorigwLeftArm-rotz-sampler" target="mixamorigwLeftArm/rotateZ.ANGLE" />
      <sampler id="hpl_mixamorigwLeftArm-roty-sampler"><input semantic="INPUT" source="#hpl_mixamorigwLeftArm-time" /><input semantic="OUTPUT" source="#hpl_mixamorigwLeftArm-roty" /></sampler><channel source="#hpl_mixamorigwLeftArm-roty-sampler" target="mixamorigwLeftArm/rotateY.ANGLE" />
      <sampler id="hpl_mixamorigwLeftArm-rotx-sampler"><input semantic="INPUT" source="#hpl_mixamorigwLeftArm-time" /><input semantic="OUTPUT" source="#hpl_mixamorigwLeftArm-rotx" /></sampler><channel source="#hpl_mixamorigwLeftArm-rotx-sampler" target="mixamorigwLeftArm/rotateX.ANGLE" />
    </animation>
    <animation id="hpl_mixamorigwLeftForeArm">
      <source id="hpl_mixamorigwLeftForeArm-time"><float_array id="hpl_mixamorigwLeftForeArm-time-array" count="25">0 1 2 3 4 5 6 7 8 9 10 11 12 13 14 15 16 17 18 19 20 21 22 23 24</float_array><technique_common><accessor source="#hpl_mixamorigwLeftForeArm-time-array" count="25" stride="1" /></technique_common></source>
      <source id="hpl_mixamorigwLeftForeArm-trans"><float_array id="hpl_mixamorigwLeftForeArm-trans-array" count="75">-7.33203e-07 0.239881 -1.62622e-06 -7.33203e-07 0.239881 -1.62622e-06 -7.33203e-07 0.239881 -1.62622e-06 -7.33203e-07 0.239881 -1.62622e-06 -7.33203e-07 0.239881 -1.62622e-06 -7.33203e-07 0.239881 -1.62622e-06 -7.33203e-07 0.239881 -1.62622e-06 -7.33203e-07 0.239881 -1.62622e-06 -7.33203e-07 0.239881 -1.62622e-06 -7.33203e-07 0.239881 -1.62622e-06 -7.33203e-07 0.239881 -1.62622e-06 -7.33203e-07 0.239881 -1.62622e-06 -7.33203e-07 0.239881 -1.62622e-06 -7.33203e-07 0.239881 -1.62622e-06 -7.33203e-07 0.239881 -1.62622e-06 -7.33203e-07 0.239881 -1.62622e-06 -7.33203e-07 0.239881 -1.62622e-06 -7.33203e-07 0.239881 -1.62622e-06 -7.33203e-07 0.239881 -1.62622e-06 -7.33203e-07 0.239881 -1.62622e-06 -7.33203e-07 0.239881 -1.62622e-06 -7.33203e-07 0.239881 -1.62622e-06 -7.33203e-07 0.239881 -1.62622e-06 -7.33203e-07 0.239881 -1.62622e-06 -7.33203e-07 0.239881 -1.62622e-06</float_array><technique_common><accessor source="#hpl_mixamorigwLeftForeArm-trans-array" count="25" stride="3" /></technique_common></source>
      <source id="hpl_mixamorigwLeftForeArm-rotz"><float_array id="hpl_mixamorigwLeftForeArm-rotz-array" count="25">52.847 52.8804 52.7539 52.3764 52.1758 50.8031 48.0831 44.7685 41.7837 39.7394 38.9643 39.5163 41.3734 43.525 44.8816 45.1325 44.68 43.5237 42.267 42.6254 44.6961 47.4854 50.326 52.1326 52.847</float_array><technique_common><accessor source="#hpl_mixamorigwLeftForeArm-rotz-array" count="25" stride="1" /></technique_common></source>
      <source id="hpl_mixamorigwLeftForeArm-roty"><float_array id="hpl_mixamorigwLeftForeArm-roty-array" count="25">-7.79925 -7.65454 -7.58269 -7.72497 -7.84057 -8.04881 -8.5142 -8.87141 -9.13231 -9.25566 -9.1573 -8.80998 -8.4932 -8.37586 -8.3344 -8.48719 -8.28027 -8.41661 -8.43836 -8.35839 -8.16956 -7.93035 -7.69563 -7.53851 -7.79925</float_array><technique_common><accessor source="#hpl_mixamorigwLeftForeArm-roty-array" count="25" stride="1" /></technique_common></source>
      <source id="hpl_mixamorigwLeftForeArm-rotx"><float_array id="hpl_mixamorigwLeftForeArm-rotx-array" count="25">-9.57499 -9.73232 -9.50034 -9.01483 -9.15761 -9.11295 -8.88457 -8.33365 -7.87862 -7.47007 -7.40019 -7.82628 -8.32661 -8.74462 -8.79834 -8.4841 -8.64663 -8.90596 -9.04412 -9.15907 -9.28127 -9.32862 -9.11475 -9.37757 -9.57499</float_array><technique_common><accessor source="#hpl_mixamorigwLeftForeArm-rotx-array" count="25" stride="1" /></technique_common></source>
      <sampler id="hpl_mixamorigwLeftForeArm-trans-sampler"><input semantic="INPUT" source="#hpl_mixamorigwLeftForeArm-time" /><input semantic="OUTPUT" source="#hpl_mixamorigwLeftForeArm-trans" /></sampler><channel source="#hpl_mixamorigwLeftForeArm-trans-sampler" target="mixamorigwLeftForeArm/translate" />
      <sampler id="hpl_mixamorigwLeftForeArm-rotz-sampler"><input semantic="INPUT" source="#hpl_mixamorigwLeftForeArm-time" /><input semantic="OUTPUT" source="#hpl_mixamorigwLeftForeArm-rotz" /></sampler><channel source="#hpl_mixamorigwLeftForeArm-rotz-sampler" target="mixamorigwLeftForeArm/rotateZ.ANGLE" />
      <sampler id="hpl_mixamorigwLeftForeArm-roty-sampler"><input semantic="INPUT" source="#hpl_mixamorigwLeftForeArm-time" /><input semantic="OUTPUT" source="#hpl_mixamorigwLeftForeArm-roty" /></sampler><channel source="#hpl_mixamorigwLeftForeArm-roty-sampler" target="mixamorigwLeftForeArm/rotateY.ANGLE" />
      <sampler id="hpl_mixamorigwLeftForeArm-rotx-sampler"><input semantic="INPUT" source="#hpl_mixamorigwLeftForeArm-time" /><input semantic="OUTPUT" source="#hpl_mixamorigwLeftForeArm-rotx" /></sampler><channel source="#hpl_mixamorigwLeftForeArm-rotx-sampler" target="mixamorigwLeftForeArm/rotateX.ANGLE" />
    </animation>
    <animation id="hpl_mixamorigwLeftHand">
      <source id="hpl_mixamorigwLeftHand-time"><float_array id="hpl_mixamorigwLeftHand-time-array" count="25">0 1 2 3 4 5 6 7 8 9 10 11 12 13 14 15 16 17 18 19 20 21 22 23 24</float_array><technique_common><accessor source="#hpl_mixamorigwLeftHand-time-array" count="25" stride="1" /></technique_common></source>
      <source id="hpl_mixamorigwLeftHand-trans"><float_array id="hpl_mixamorigwLeftHand-trans-array" count="75">-4.76682e-07 0.249492 -6.29558e-06 -4.76682e-07 0.249492 -6.29558e-06 -4.76682e-07 0.249492 -6.29558e-06 -4.76682e-07 0.249492 -6.29558e-06 -4.76682e-07 0.249492 -6.29558e-06 -4.76682e-07 0.249492 -6.29558e-06 -4.76682e-07 0.249492 -6.29558e-06 -4.76682e-07 0.249492 -6.29558e-06 -4.76682e-07 0.249492 -6.29558e-06 -4.76682e-07 0.249492 -6.29558e-06 -4.76682e-07 0.249492 -6.29558e-06 -4.76682e-07 0.249492 -6.29558e-06 -4.76682e-07 0.249492 -6.29558e-06 -4.76682e-07 0.249492 -6.29558e-06 -4.76682e-07 0.249492 -6.29558e-06 -4.76682e-07 0.249492 -6.29558e-06 -4.76682e-07 0.249492 -6.29558e-06 -4.76682e-07 0.249492 -6.29558e-06 -4.76682e-07 0.249492 -6.29558e-06 -4.76682e-07 0.249492 -6.29558e-06 -4.76682e-07 0.249492 -6.29558e-06 -4.76682e-07 0.249492 -6.29558e-06 -4.76682e-07 0.249492 -6.29558e-06 -4.76682e-07 0.249492 -6.29558e-06 -4.76682e-07 0.249492 -6.29558e-06</float_array><technique_common><accessor source="#hpl_mixamorigwLeftHand-trans-array" count="25" stride="3" /></technique_common></source>
      <source id="hpl_mixamorigwLeftHand-rotz"><float_array id="hpl_mixamorigwLeftHand-rotz-array" count="25">20.863 21.1755 21.5867 22.1912 22.145 21.7754 20.6674 19.6058 18.7418 17.8841 17.5641 18.003 18.9409 19.9374 20.6201 21.1864 21.6335 22.0052 22.1498 21.9856 21.3317 20.3883 19.7405 19.7475 20.863</float_array><technique_common><accessor source="#hpl_mixamorigwLeftHand-rotz-array" count="25" stride="1" /></technique_common></source>
      <source id="hpl_mixamorigwLeftHand-roty"><float_array id="hpl_mixamorigwLeftHand-roty-array" count="25">-3.43867 -3.3981 -2.84883 -2.61097 -2.27425 -1.98061 -1.74638 -2.15773 -2.92614 -2.89615 -2.55144 -2.91393 -3.78639 -4.70092 -5.09885 -5.17264 -5.03681 -3.30636 -1.13337 -0.0595592 0.308853 0.878092 1.79918 1.35774 -3.43867</float_array><technique_common><accessor source="#hpl_mixamorigwLeftHand-roty-array" count="25" stride="1" /></technique_common></source>
      <source id="hpl_mixamorigwLeftHand-rotx"><float_array id="hpl_mixamorigwLeftHand-rotx-array" count="25">-17.9283 -17.5417 -17.6499 -18.2948 -18.1206 -18.0219 -18.6673 -19.7085 -19.815 -18.7041 -17.9697 -18.2575 -19.1085 -19.5021 -19.4984 -19.3611 -19.4204 -19.2203 -19.42 -20.0746 -20.3609 -19.7442 -18.6256 -18.0336 -17.9283</float_array><technique_common><accessor source="#hpl_mixamorigwLeftHand-rotx-array" count="25" stride="1" /></technique_common></source>
      <sampler id="hpl_mixamorigwLeftHand-trans-sampler"><input semantic="INPUT" source="#hpl_mixamorigwLeftHand-time" /><input semantic="OUTPUT" source="#hpl_mixamorigwLeftHand-trans" /></sampler><channel source="#hpl_mixamorigwLeftHand-trans-sampler" target="mixamorigwLeftHand/translate" />
      <sampler id="hpl_mixamorigwLeftHand-rotz-sampler"><input semantic="INPUT" source="#hpl_mixamorigwLeftHand-time" /><input semantic="OUTPUT" source="#hpl_mixamorigwLeftHand-rotz" /></sampler><channel source="#hpl_mixamorigwLeftHand-rotz-sampler" target="mixamorigwLeftHand/rotateZ.ANGLE" />
      <sampler id="hpl_mixamorigwLeftHand-roty-sampler"><input semantic="INPUT" source="#hpl_mixamorigwLeftHand-time" /><input semantic="OUTPUT" source="#hpl_mixamorigwLeftHand-roty" /></sampler><channel source="#hpl_mixamorigwLeftHand-roty-sampler" target="mixamorigwLeftHand/rotateY.ANGLE" />
      <sampler id="hpl_mixamorigwLeftHand-rotx-sampler"><input semantic="INPUT" source="#hpl_mixamorigwLeftHand-time" /><input semantic="OUTPUT" source="#hpl_mixamorigwLeftHand-rotx" /></sampler><channel source="#hpl_mixamorigwLeftHand-rotx-sampler" target="mixamorigwLeftHand/rotateX.ANGLE" />
    </animation>
    <animation id="hpl_mixamorigwRightShoulder">
      <source id="hpl_mixamorigwRightShoulder-time"><float_array id="hpl_mixamorigwRightShoulder-time-array" count="25">0 1 2 3 4 5 6 7 8 9 10 11 12 13 14 15 16 17 18 19 20 21 22 23 24</float_array><technique_common><accessor source="#hpl_mixamorigwRightShoulder-time-array" count="25" stride="1" /></technique_common></source>
      <source id="hpl_mixamorigwRightShoulder-trans"><float_array id="hpl_mixamorigwRightShoulder-trans-array" count="75">-0.0433087 0.0799113 -0.00249339 -0.0433087 0.0799113 -0.00249339 -0.0433087 0.0799113 -0.00249339 -0.0433087 0.0799113 -0.00249339 -0.0433087 0.0799113 -0.00249339 -0.0433087 0.0799113 -0.00249339 -0.0433087 0.0799113 -0.00249339 -0.0433087 0.0799113 -0.00249339 -0.0433087 0.0799113 -0.00249339 -0.0433087 0.0799113 -0.00249339 -0.0433087 0.0799113 -0.00249339 -0.0433087 0.0799113 -0.00249339 -0.0433087 0.0799113 -0.00249339 -0.0433087 0.0799113 -0.00249339 -0.0433087 0.0799113 -0.00249339 -0.0433087 0.0799113 -0.00249339 -0.0433087 0.0799113 -0.00249339 -0.0433087 0.0799113 -0.00249339 -0.0433087 0.0799113 -0.00249339 -0.0433087 0.0799113 -0.00249339 -0.0433087 0.0799113 -0.00249339 -0.0433087 0.0799113 -0.00249339 -0.0433087 0.0799113 -0.00249339 -0.0433087 0.0799113 -0.00249339 -0.0433087 0.0799113 -0.00249339</float_array><technique_common><accessor source="#hpl_mixamorigwRightShoulder-trans-array" count="25" stride="3" /></technique_common></source>
      <source id="hpl_mixamorigwRightShoulder-rotz"><float_array id="hpl_mixamorigwRightShoulder-rotz-array" count="25">-120.916 -120.857 -119.909 -118.487 -117.473 -116.592 -115.094 -112.753 -110.035 -108.227 -107.956 -109.785 -112.365 -114.218 -114.698 -113.958 -111.834 -109.523 -109.623 -110.865 -112.59 -114.851 -116.947 -117.948 -120.916</float_array><technique_common><accessor source="#hpl_mixamorigwRightShoulder-rotz-array" count="25" stride="1" /></technique_common></source>
      <source id="hpl_mixamorigwRightShoulder-roty"><float_array id="hpl_mixamorigwRightShoulder-roty-array" count="25">-64.4555 -64.5963 -64.7739 -64.8728 -64.6128 -64.0977 -64.1367 -64.9935 -66.0004 -66.803 -67.246 -67.4009 -67.4496 -67.4026 -67.4142 -67.3218 -67.4911 -67.9715 -67.8417 -67.0335 -65.8044 -64.4941 -63.719 -63.3199 -64.4555</float_array><technique_common><accessor source="#hpl_mixamorigwRightShoulder-roty-array" count="25" stride="1" /></technique_common></source>
      <source id="hpl_mixamorigwRightShoulder-rotx"><float_array id="hpl_mixamorigwRightShoulder-rotx-array" count="25">-136.065 -137.773 -139.556 -140.367 -139.237 -137.959 -138.675 -141.551 -144.762 -146.617 -146.953 -145.772 -144.573 -143.938 -143.763 -144.115 -145.267 -147.58 -149.039 -148.024 -144.72 -140.492 -137.253 -136.16 -136.065</float_array><technique_common><accessor source="#hpl_mixamorigwRightShoulder-rotx-array" count="25" stride="1" /></technique_common></source>
      <sampler id="hpl_mixamorigwRightShoulder-trans-sampler"><input semantic="INPUT" source="#hpl_mixamorigwRightShoulder-time" /><input semantic="OUTPUT" source="#hpl_mixamorigwRightShoulder-trans" /></sampler><channel source="#hpl_mixamorigwRightShoulder-trans-sampler" target="mixamorigwRightShoulder/translate" />
      <sampler id="hpl_mixamorigwRightShoulder-rotz-sampler"><input semantic="INPUT" source="#hpl_mixamorigwRightShoulder-time" /><input semantic="OUTPUT" source="#hpl_mixamorigwRightShoulder-rotz" /></sampler><channel source="#hpl_mixamorigwRightShoulder-rotz-sampler" target="mixamorigwRightShoulder/rotateZ.ANGLE" />
      <sampler id="hpl_mixamorigwRightShoulder-roty-sampler"><input semantic="INPUT" source="#hpl_mixamorigwRightShoulder-time" /><input semantic="OUTPUT" source="#hpl_mixamorigwRightShoulder-roty" /></sampler><channel source="#hpl_mixamorigwRightShoulder-roty-sampler" target="mixamorigwRightShoulder/rotateY.ANGLE" />
      <sampler id="hpl_mixamorigwRightShoulder-rotx-sampler"><input semantic="INPUT" source="#hpl_mixamorigwRightShoulder-time" /><input semantic="OUTPUT" source="#hpl_mixamorigwRightShoulder-rotx" /></sampler><channel source="#hpl_mixamorigwRightShoulder-rotx-sampler" target="mixamorigwRightShoulder/rotateX.ANGLE" />
    </animation>
    <animation id="hpl_mixamorigwRightArm">
      <source id="hpl_mixamorigwRightArm-time"><float_array id="hpl_mixamorigwRightArm-time-array" count="25">0 1 2 3 4 5 6 7 8 9 10 11 12 13 14 15 16 17 18 19 20 21 22 23 24</float_array><technique_common><accessor source="#hpl_mixamorigwRightArm-time-array" count="25" stride="1" /></technique_common></source>
      <source id="hpl_mixamorigwRightArm-trans"><float_array id="hpl_mixamorigwRightArm-trans-array" count="75">-9.6372e-07 0.17456 7.77292e-06 -9.6372e-07 0.17456 7.77292e-06 -9.6372e-07 0.17456 7.77292e-06 -9.6372e-07 0.17456 7.77292e-06 -9.6372e-07 0.17456 7.77292e-06 -9.6372e-07 0.17456 7.77292e-06 -9.6372e-07 0.17456 7.77292e-06 -9.6372e-07 0.17456 7.77292e-06 -9.6372e-07 0.17456 7.77292e-06 -9.6372e-07 0.17456 7.77292e-06 -9.6372e-07 0.17456 7.77292e-06 -9.6372e-07 0.17456 7.77292e-06 -9.6372e-07 0.17456 7.77292e-06 -9.6372e-07 0.17456 7.77292e-06 -9.6372e-07 0.17456 7.77292e-06 -9.6372e-07 0.17456 7.77292e-06 -9.6372e-07 0.17456 7.77292e-06 -9.6372e-07 0.17456 7.77292e-06 -9.6372e-07 0.17456 7.77292e-06 -9.6372e-07 0.17456 7.77292e-06 -9.6372e-07 0.17456 7.77292e-06 -9.6372e-07 0.17456 7.77292e-06 -9.6372e-07 0.17456 7.77292e-06 -9.6372e-07 0.17456 7.77292e-06 -9.6372e-07 0.17456 7.77292e-06</float_array><technique_common><accessor source="#hpl_mixamorigwRightArm-trans-array" count="25" stride="3" /></technique_common></source>
      <source id="hpl_mixamorigwRightArm-rotz"><float_array id="hpl_mixamorigwRightArm-rotz-array" count="25">-26.3984 -26.862 -28.6466 -31.0185 -33.8405 -36.6475 -38.2653 -38.1017 -36.4859 -34.1221 -31.8311 -29.9494 -28.2357 -26.1331 -24.2741 -23.584 -24.2704 -26.3228 -30.3502 -33.1531 -32.9766 -31.2346 -29.0537 -27.2586 -26.3984</float_array><technique_common><accessor source="#hpl_mixamorigwRightArm-rotz-array" count="25" stride="1" /></technique_common></source>
      <source id="hpl_mixamorigwRightArm-roty"><float_array id="hpl_mixamorigwRightArm-roty-array" count="25">-18.4972 -18.4833 -18.5932 -18.7072 -18.7347 -17.7619 -16.3397 -15.4344 -15.5328 -16.1455 -16.8145 -17.0462 -16.5976 -15.9086 -15.2291 -14.1914 -13.3335 -12.7546 -12.9466 -14.3279 -16.1755 -17.8189 -19.0968 -19.2988 -18.4972</float_array><technique_common><accessor source="#hpl_mixamorigwRightArm-roty-array" count="25" stride="1" /></technique_common></source>
      <source id="hpl_mixamorigwRightArm-rotx"><float_array id="hpl_mixamorigwRightArm-rotx-array" count="25">55.4878 58.1822 60.4268 61.4071 60.6957 59.0709 57.0304 55.0985 52.6762 50.4008 48.9559 48.9853 50.1581 51.0242 51.0115 50.6066 49.893 49.717 51.3427 52.7246 53.5218 54.2389 55.4142 56.7193 55.4878</float_array><technique_common><accessor source="#hpl_mixamorigwRightArm-rotx-array" count="25" stride="1" /></technique_common></source>
      <sampler id="hpl_mixamorigwRightArm-trans-sampler"><input semantic="INPUT" source="#hpl_mixamorigwRightArm-time" /><input semantic="OUTPUT" source="#hpl_mixamorigwRightArm-trans" /></sampler><channel source="#hpl_mixamorigwRightArm-trans-sampler" target="mixamorigwRightArm/translate" />
      <sampler id="hpl_mixamorigwRightArm-rotz-sampler"><input semantic="INPUT" source="#hpl_mixamorigwRightArm-time" /><input semantic="OUTPUT" source="#hpl_mixamorigwRightArm-rotz" /></sampler><channel source="#hpl_mixamorigwRightArm-rotz-sampler" target="mixamorigwRightArm/rotateZ.ANGLE" />
      <sampler id="hpl_mixamorigwRightArm-roty-sampler"><input semantic="INPUT" source="#hpl_mixamorigwRightArm-time" /><input semantic="OUTPUT" source="#hpl_mixamorigwRightArm-roty" /></sampler><channel source="#hpl_mixamorigwRightArm-roty-sampler" target="mixamorigwRightArm/rotateY.ANGLE" />
      <sampler id="hpl_mixamorigwRightArm-rotx-sampler"><input semantic="INPUT" source="#hpl_mixamorigwRightArm-time" /><input semantic="OUTPUT" source="#hpl_mixamorigwRightArm-rotx" /></sampler><channel source="#hpl_mixamorigwRightArm-rotx-sampler" target="mixamorigwRightArm/rotateX.ANGLE" />
    </animation>
    <animation id="hpl_mixamorigwRightForeArm">
      <source id="hpl_mixamorigwRightForeArm-time"><float_array id="hpl_mixamorigwRightForeArm-time-array" count="25">0 1 2 3 4 5 6 7 8 9 10 11 12 13 14 15 16 17 18 19 20 21 22 23 24</float_array><technique_common><accessor source="#hpl_mixamorigwRightForeArm-time-array" count="25" stride="1" /></technique_common></source>
      <source id="hpl_mixamorigwRightForeArm-trans"><float_array id="hpl_mixamorigwRightForeArm-trans-array" count="75">4.30472e-07 0.220142 -2.87697e-06 4.30472e-07 0.220142 -2.87697e-06 4.30472e-07 0.220142 -2.87697e-06 4.30472e-07 0.220142 -2.87697e-06 4.30472e-07 0.220142 -2.87697e-06 4.30472e-07 0.220142 -2.87697e-06 4.30472e-07 0.220142 -2.87697e-06 4.30472e-07 0.220142 -2.87697e-06 4.30472e-07 0.220142 -2.87697e-06 4.30472e-07 0.220142 -2.87697e-06 4.30472e-07 0.220142 -2.87697e-06 4.30472e-07 0.220142 -2.87697e-06 4.30472e-07 0.220142 -2.87697e-06 4.30472e-07 0.220142 -2.87697e-06 4.30472e-07 0.220142 -2.87697e-06 4.30472e-07 0.220142 -2.87697e-06 4.30472e-07 0.220142 -2.87697e-06 4.30472e-07 0.220142 -2.87697e-06 4.30472e-07 0.220142 -2.87697e-06 4.30472e-07 0.220142 -2.87697e-06 4.30472e-07 0.220142 -2.87697e-06 4.30472e-07 0.220142 -2.87697e-06 4.30472e-07 0.220142 -2.87697e-06 4.30472e-07 0.220142 -2.87697e-06 4.30472e-07 0.220142 -2.87697e-06</float_array><technique_common><accessor source="#hpl_mixamorigwRightForeArm-trans-array" count="25" stride="3" /></technique_common></source>
      <source id="hpl_mixamorigwRightForeArm-rotz"><float_array id="hpl_mixamorigwRightForeArm-rotz-array" count="25">-52.5704 -53.2939 -53.1838 -52.2693 -51.2153 -49.7787 -48.882 -49.5961 -51.6257 -53.7077 -55.309 -56.3035 -57.1565 -57.8726 -57.7666 -55.906 -52.1955 -47.3635 -42.3781 -38.9155 -37.5152 -37.5602 -38.741 -39.9201 -52.5704</float_array><technique_common><accessor source="#hpl_mixamorigwRightForeArm-rotz-array" count="25" stride="1" /></technique_common></source>
      <source id="hpl_mixamorigwRightForeArm-roty"><float_array id="hpl_mixamorigwRightForeArm-roty-array" count="25">7.18833 7.18161 7.27067 7.41212 7.32147 7.50581 7.59803 7.48679 7.20534 6.8293 6.74219 6.60104 6.68695 6.71624 6.9967 7.39593 7.7177 8.26984 8.89714 9.42805 9.46588 9.09078 8.66602 8.54097 7.18833</float_array><technique_common><accessor source="#hpl_mixamorigwRightForeArm-roty-array" count="25" stride="1" /></technique_common></source>
      <source id="hpl_mixamorigwRightForeArm-rotx"><float_array id="hpl_mixamorigwRightForeArm-rotx-array" count="25">-9.80972 -9.75759 -9.69771 -9.42244 -9.26706 -9.38758 -9.36649 -9.47987 -9.84881 -10.3077 -10.709 -11.0601 -10.9271 -10.5412 -9.97958 -9.37645 -9.04342 -8.18188 -7.45952 -6.94586 -7.02584 -7.4291 -7.85722 -8.09584 -9.80972</float_array><technique_common><accessor source="#hpl_mixamorigwRightForeArm-rotx-array" count="25" stride="1" /></technique_common></source>
      <sampler id="hpl_mixamorigwRightForeArm-trans-sampler"><input semantic="INPUT" source="#hpl_mixamorigwRightForeArm-time" /><input semantic="OUTPUT" source="#hpl_mixamorigwRightForeArm-trans" /></sampler><channel source="#hpl_mixamorigwRightForeArm-trans-sampler" target="mixamorigwRightForeArm/translate" />
      <sampler id="hpl_mixamorigwRightForeArm-rotz-sampler"><input semantic="INPUT" source="#hpl_mixamorigwRightForeArm-time" /><input semantic="OUTPUT" source="#hpl_mixamorigwRightForeArm-rotz" /></sampler><channel source="#hpl_mixamorigwRightForeArm-rotz-sampler" target="mixamorigwRightForeArm/rotateZ.ANGLE" />
      <sampler id="hpl_mixamorigwRightForeArm-roty-sampler"><input semantic="INPUT" source="#hpl_mixamorigwRightForeArm-time" /><input semantic="OUTPUT" source="#hpl_mixamorigwRightForeArm-roty" /></sampler><channel source="#hpl_mixamorigwRightForeArm-roty-sampler" target="mixamorigwRightForeArm/rotateY.ANGLE" />
      <sampler id="hpl_mixamorigwRightForeArm-rotx-sampler"><input semantic="INPUT" source="#hpl_mixamorigwRightForeArm-time" /><input semantic="OUTPUT" source="#hpl_mixamorigwRightForeArm-rotx" /></sampler><channel source="#hpl_mixamorigwRightForeArm-rotx-sampler" target="mixamorigwRightForeArm/rotateX.ANGLE" />
    </animation>
    <animation id="hpl_mixamorigwRightHand">
      <source id="hpl_mixamorigwRightHand-time"><float_array id="hpl_mixamorigwRightHand-time-array" count="25">0 1 2 3 4 5 6 7 8 9 10 11 12 13 14 15 16 17 18 19 20 21 22 23 24</float_array><technique_common><accessor source="#hpl_mixamorigwRightHand-time-array" count="25" stride="1" /></technique_common></source>
      <source id="hpl_mixamorigwRightHand-trans"><float_array id="hpl_mixamorigwRightHand-trans-array" count="75">-5.20839e-08 0.264825 -3.87537e-06 -5.20839e-08 0.264825 -3.87537e-06 -5.20839e-08 0.264825 -3.87537e-06 -5.20839e-08 0.264825 -3.87537e-06 -5.20839e-08 0.264825 -3.87537e-06 -5.20839e-08 0.264825 -3.87537e-06 -5.20839e-08 0.264825 -3.87537e-06 -5.20839e-08 0.264825 -3.87537e-06 -5.20839e-08 0.264825 -3.87537e-06 -5.20839e-08 0.264825 -3.87537e-06 -5.20839e-08 0.264825 -3.87537e-06 -5.20839e-08 0.264825 -3.87537e-06 -5.20839e-08 0.264825 -3.87537e-06 -5.20839e-08 0.264825 -3.87537e-06 -5.20839e-08 0.264825 -3.87537e-06 -5.20839e-08 0.264825 -3.87537e-06 -5.20839e-08 0.264825 -3.87537e-06 -5.20839e-08 0.264825 -3.87537e-06 -5.20839e-08 0.264825 -3.87537e-06 -5.20839e-08 0.264825 -3.87537e-06 -5.20839e-08 0.264825 -3.87537e-06 -5.20839e-08 0.264825 -3.87537e-06 -5.20839e-08 0.264825 -3.87537e-06 -5.20839e-08 0.264825 -3.87537e-06 -5.20839e-08 0.264825 -3.87537e-06</float_array><technique_common><accessor source="#hpl_mixamorigwRightHand-trans-array" count="25" stride="3" /></technique_common></source>
      <source id="hpl_mixamorigwRightHand-rotz"><float_array id="hpl_mixamorigwRightHand-rotz-array" count="25">-13.394 -13.317 -13.7271 -14.663 -15.6753 -16.5447 -16.8887 -16.7285 -16.7265 -17.2003 -17.663 -18.2536 -18.9933 -19.8442 -20.4023 -20.2014 -19.3126 -17.6203 -16.1156 -15.2365 -14.5644 -13.571 -12.0362 -10.5657 -13.394</float_array><technique_common><accessor source="#hpl_mixamorigwRightHand-rotz-array" count="25" stride="1" /></technique_common></source>
      <source id="hpl_mixamorigwRightHand-roty"><float_array id="hpl_mixamorigwRightHand-roty-array" count="25">12.7068 13.2549 13.1972 12.8156 12.4825 12.4615 12.5245 12.6851 13.5049 14.9435 16.0024 17.2066 18.4272 19.1413 19.3462 19.168 19.4248 18.6005 17.8519 16.4719 14.9158 13.438 12.0741 11.8686 12.7068</float_array><technique_common><accessor source="#hpl_mixamorigwRightHand-roty-array" count="25" stride="1" /></technique_common></source>
      <source id="hpl_mixamorigwRightHand-rotx"><float_array id="hpl_mixamorigwRightHand-rotx-array" count="25">-7.93799 -8.49917 -9.19837 -9.96888 -11.262 -12.6578 -13.7349 -13.4428 -12.2724 -11.0963 -10.2537 -9.79542 -9.73473 -10.2023 -10.9315 -11.4221 -11.0767 -10.4207 -9.80209 -9.00741 -8.05898 -7.43402 -6.77205 -5.95236 -7.93799</float_array><technique_common><accessor source="#hpl_mixamorigwRightHand-rotx-array" count="25" stride="1" /></technique_common></source>
      <sampler id="hpl_mixamorigwRightHand-trans-sampler"><input semantic="INPUT" source="#hpl_mixamorigwRightHand-time" /><input semantic="OUTPUT" source="#hpl_mixamorigwRightHand-trans" /></sampler><channel source="#hpl_mixamorigwRightHand-trans-sampler" target="mixamorigwRightHand/translate" />
      <sampler id="hpl_mixamorigwRightHand-rotz-sampler"><input semantic="INPUT" source="#hpl_mixamorigwRightHand-time" /><input semantic="OUTPUT" source="#hpl_mixamorigwRightHand-rotz" /></sampler><channel source="#hpl_mixamorigwRightHand-rotz-sampler" target="mixamorigwRightHand/rotateZ.ANGLE" />
      <sampler id="hpl_mixamorigwRightHand-roty-sampler"><input semantic="INPUT" source="#hpl_mixamorigwRightHand-time" /><input semantic="OUTPUT" source="#hpl_mixamorigwRightHand-roty" /></sampler><channel source="#hpl_mixamorigwRightHand-roty-sampler" target="mixamorigwRightHand/rotateY.ANGLE" />
      <sampler id="hpl_mixamorigwRightHand-rotx-sampler"><input semantic="INPUT" source="#hpl_mixamorigwRightHand-time" /><input semantic="OUTPUT" source="#hpl_mixamorigwRightHand-rotx" /></sampler><channel source="#hpl_mixamorigwRightHand-rotx-sampler" target="mixamorigwRightHand/rotateX.ANGLE" />
    </animation>
    <animation id="hpl_mixamorigwNeck">
      <source id="hpl_mixamorigwNeck-time"><float_array id="hpl_mixamorigwNeck-time-array" count="25">0 1 2 3 4 5 6 7 8 9 10 11 12 13 14 15 16 17 18 19 20 21 22 23 24</float_array><technique_common><accessor source="#hpl_mixamorigwNeck-time-array" count="25" stride="1" /></technique_common></source>
      <source id="hpl_mixamorigwNeck-trans"><float_array id="hpl_mixamorigwNeck-trans-array" count="75">0.00029939 0.0947524 0.00492966 0.00029939 0.0947524 0.00492966 0.00029939 0.0947524 0.00492966 0.00029939 0.0947524 0.00492966 0.00029939 0.0947524 0.00492966 0.00029939 0.0947524 0.00492966 0.00029939 0.0947524 0.00492966 0.00029939 0.0947524 0.00492966 0.00029939 0.0947524 0.00492966 0.00029939 0.0947524 0.00492966 0.00029939 0.0947524 0.00492966 0.00029939 0.0947524 0.00492966 0.00029939 0.0947524 0.00492966 0.00029939 0.0947524 0.00492966 0.00029939 0.0947524 0.00492966 0.00029939 0.0947524 0.00492966 0.00029939 0.0947524 0.00492966 0.00029939 0.0947524 0.00492966 0.00029939 0.0947524 0.00492966 0.00029939 0.0947524 0.00492966 0.00029939 0.0947524 0.00492966 0.00029939 0.0947524 0.00492966 0.00029939 0.0947524 0.00492966 0.00029939 0.0947524 0.00492966 0.00029939 0.0947524 0.00492966</float_array><technique_common><accessor source="#hpl_mixamorigwNeck-trans-array" count="25" stride="3" /></technique_common></source>
      <source id="hpl_mixamorigwNeck-rotz"><float_array id="hpl_mixamorigwNeck-rotz-array" count="25">2.42375 2.00391 2.29284 3.15048 4.69419 5.83441 6.02899 5.54299 4.92257 4.56324 4.31624 3.99283 3.81159 3.53618 3.2655 3.00528 2.61671 1.64287 0.404172 0.418685 1.4344 2.6883 3.54254 3.84884 2.42375</float_array><technique_common><accessor source="#hpl_mixamorigwNeck-rotz-array" count="25" stride="1" /></technique_common></source>
      <source id="hpl_mixamorigwNeck-roty"><float_array id="hpl_mixamorigwNeck-roty-array" count="25">1.61977 1.86313 1.8652 1.3784 0.886305 0.565451 0.662594 0.945469 1.27124 1.3893 1.28272 1.12637 1.04616 1.15667 1.22783 1.34157 1.61501 2.09661 2.47583 2.44206 2.0018 1.43188 1.05903 0.949894 1.61977</float_array><technique_common><accessor source="#hpl_mixamorigwNeck-roty-array" count="25" stride="1" /></technique_common></source>
      <source id="hpl_mixamorigwNeck-rotx"><float_array id="hpl_mixamorigwNeck-rotx-array" count="25">17.5388 17.1274 16.6444 16.2936 16.1843 15.931 15.619 15.3676 14.9483 14.4992 14.3103 14.2752 14.478 14.8394 15.4321 16.2608 17.0383 17.7223 18.7392 19.8276 20.6825 21.0901 20.896 20.2388 17.5388</float_array><technique_common><accessor source="#hpl_mixamorigwNeck-rotx-array" count="25" stride="1" /></technique_common></source>
      <sampler id="hpl_mixamorigwNeck-trans-sampler"><input semantic="INPUT" source="#hpl_mixamorigwNeck-time" /><input semantic="OUTPUT" source="#hpl_mixamorigwNeck-trans" /></sampler><channel source="#hpl_mixamorigwNeck-trans-sampler" target="mixamorigwNeck/translate" />
      <sampler id="hpl_mixamorigwNeck-rotz-sampler"><input semantic="INPUT" source="#hpl_mixamorigwNeck-time" /><input semantic="OUTPUT" source="#hpl_mixamorigwNeck-rotz" /></sampler><channel source="#hpl_mixamorigwNeck-rotz-sampler" target="mixamorigwNeck/rotateZ.ANGLE" />
      <sampler id="hpl_mixamorigwNeck-roty-sampler"><input semantic="INPUT" source="#hpl_mixamorigwNeck-time" /><input semantic="OUTPUT" source="#hpl_mixamorigwNeck-roty" /></sampler><channel source="#hpl_mixamorigwNeck-roty-sampler" target="mixamorigwNeck/rotateY.ANGLE" />
      <sampler id="hpl_mixamorigwNeck-rotx-sampler"><input semantic="INPUT" source="#hpl_mixamorigwNeck-time" /><input semantic="OUTPUT" source="#hpl_mixamorigwNeck-rotx" /></sampler><channel source="#hpl_mixamorigwNeck-rotx-sampler" target="mixamorigwNeck/rotateX.ANGLE" />
    </animation>
    <animation id="hpl_mixamorigwHead">
      <source id="hpl_mixamorigwHead-time"><float_array id="hpl_mixamorigwHead-time-array" count="25">0 1 2 3 4 5 6 7 8 9 10 11 12 13 14 15 16 17 18 19 20 21 22 23 24</float_array><technique_common><accessor source="#hpl_mixamorigwHead-time-array" count="25" stride="1" /></technique_common></source>
      <source id="hpl_mixamorigwHead-trans"><float_array id="hpl_mixamorigwHead-trans-array" count="75">2.00016e-09 0.0722285 -1.48066e-06 2.00016e-09 0.0722285 -1.48066e-06 2.00016e-09 0.0722285 -1.48066e-06 2.00016e-09 0.0722285 -1.48066e-06 2.00016e-09 0.0722285 -1.48066e-06 2.00016e-09 0.0722285 -1.48066e-06 2.00016e-09 0.0722285 -1.48066e-06 2.00016e-09 0.0722285 -1.48066e-06 2.00016e-09 0.0722285 -1.48066e-06 2.00016e-09 0.0722285 -1.48066e-06 2.00016e-09 0.0722285 -1.48066e-06 2.00016e-09 0.0722285 -1.48066e-06 2.00016e-09 0.0722285 -1.48066e-06 2.00016e-09 0.0722285 -1.48066e-06 2.00016e-09 0.0722285 -1.48066e-06 2.00016e-09 0.0722285 -1.48066e-06 2.00016e-09 0.0722285 -1.48066e-06 2.00016e-09 0.0722285 -1.48066e-06 2.00016e-09 0.0722285 -1.48066e-06 2.00016e-09 0.0722285 -1.48066e-06 2.00016e-09 0.0722285 -1.48066e-06 2.00016e-09 0.0722285 -1.48066e-06 2.00016e-09 0.0722285 -1.48066e-06 2.00016e-09 0.0722285 -1.48066e-06 2.00016e-09 0.0722285 -1.48066e-06</float_array><technique_common><accessor source="#hpl_mixamorigwHead-trans-array" count="25" stride="3" /></technique_common></source>
      <source id="hpl_mixamorigwHead-rotz"><float_array id="hpl_mixamorigwHead-rotz-array" count="25">1.82646 1.57663 1.84671 2.41888 2.91652 3.57877 4.29433 4.90325 5.5866 6.23963 6.75241 7.21264 7.48064 7.7474 7.85361 7.90289 7.66451 7.51309 7.56768 6.94178 5.86053 4.83143 3.78985 3.00307 1.82646</float_array><technique_common><accessor source="#hpl_mixamorigwHead-rotz-array" count="25" stride="1" /></technique_common></source>
      <source id="hpl_mixamorigwHead-roty"><float_array id="hpl_mixamorigwHead-roty-array" count="25">-14.1022 -12.3598 -11.4892 -11.0075 -11.4469 -13.3303 -15.9372 -18.1268 -20.1612 -21.8507 -22.9998 -23.8835 -24.6034 -25.4631 -25.6797 -25.327 -24.6972 -23.523 -22.2579 -21.1383 -20.371 -19.7379 -18.6388 -16.884 -14.1022</float_array><technique_common><accessor source="#hpl_mixamorigwHead-roty-array" count="25" stride="1" /></technique_common></source>
      <source id="hpl_mixamorigwHead-rotx"><float_array id="hpl_mixamorigwHead-rotx-array" count="25">6.46581 7.21762 7.15845 6.6365 4.82865 2.7307 1.31277 0.812471 1.00396 1.45172 2.15181 2.92739 3.74956 4.26934 4.61617 5.12745 5.729 4.77463 2.70036 2.16861 3.01525 4.0799 5.00737 5.81904 6.46581</float_array><technique_common><accessor source="#hpl_mixamorigwHead-rotx-array" count="25" stride="1" /></technique_common></source>
      <sampler id="hpl_mixamorigwHead-trans-sampler"><input semantic="INPUT" source="#hpl_mixamorigwHead-time" /><input semantic="OUTPUT" source="#hpl_mixamorigwHead-trans" /></sampler><channel source="#hpl_mixamorigwHead-trans-sampler" target="mixamorigwHead/translate" />
      <sampler id="hpl_mixamorigwHead-rotz-sampler"><input semantic="INPUT" source="#hpl_mixamorigwHead-time" /><input semantic="OUTPUT" source="#hpl_mixamorigwHead-rotz" /></sampler><channel source="#hpl_mixamorigwHead-rotz-sampler" target="mixamorigwHead/rotateZ.ANGLE" />
      <sampler id="hpl_mixamorigwHead-roty-sampler"><input semantic="INPUT" source="#hpl_mixamorigwHead-time" /><input semantic="OUTPUT" source="#hpl_mixamorigwHead-roty" /></sampler><channel source="#hpl_mixamorigwHead-roty-sampler" target="mixamorigwHead/rotateY.ANGLE" />
      <sampler id="hpl_mixamorigwHead-rotx-sampler"><input semantic="INPUT" source="#hpl_mixamorigwHead-time" /><input semantic="OUTPUT" source="#hpl_mixamorigwHead-rotx" /></sampler><channel source="#hpl_mixamorigwHead-rotx-sampler" target="mixamorigwHead/rotateX.ANGLE" />
    </animation>
    <animation id="hpl_mixamorigwHeadTop_End">
      <source id="hpl_mixamorigwHeadTop_End-time"><float_array id="hpl_mixamorigwHeadTop_End-time-array" count="25">0 1 2 3 4 5 6 7 8 9 10 11 12 13 14 15 16 17 18 19 20 21 22 23 24</float_array><technique_common><accessor source="#hpl_mixamorigwHeadTop_End-time-array" count="25" stride="1" /></technique_common></source>
      <source id="hpl_mixamorigwHeadTop_End-trans"><float_array id="hpl_mixamorigwHeadTop_End-trans-array" count="75">-3.0402e-09 0.242221 -0.111258 -3.0402e-09 0.242221 -0.111258 -3.0402e-09 0.242221 -0.111258 -3.0402e-09 0.242221 -0.111258 -3.0402e-09 0.242221 -0.111258 -3.0402e-09 0.242221 -0.111258 -3.0402e-09 0.242221 -0.111258 -3.0402e-09 0.242221 -0.111258 -3.0402e-09 0.242221 -0.111258 -3.0402e-09 0.242221 -0.111258 -3.0402e-09 0.242221 -0.111258 -3.0402e-09 0.242221 -0.111258 -3.0402e-09 0.242221 -0.111258 -3.0402e-09 0.242221 -0.111258 -3.0402e-09 0.242221 -0.111258 -3.0402e-09 0.242221 -0.111258 -3.0402e-09 0.242221 -0.111258 -3.0402e-09 0.242221 -0.111258 -3.0402e-09 0.242221 -0.111258 -3.0402e-09 0.242221 -0.111258 -3.0402e-09 0.242221 -0.111258 -3.0402e-09 0.242221 -0.111258 -3.0402e-09 0.242221 -0.111258 -3.0402e-09 0.242221 -0.111258 -3.0402e-09 0.242221 -0.111258</float_array><technique_common><accessor source="#hpl_mixamorigwHeadTop_End-trans-array" count="25" stride="3" /></technique_common></source>
      <source id="hpl_mixamorigwHeadTop_End-rotz"><float_array id="hpl_mixamorigwHeadTop_End-rotz-array" count="25">-1.59667e-08 -1.59667e-08 -1.59667e-08 -1.59667e-08 -1.59667e-08 -1.59667e-08 -1.59667e-08 -1.59667e-08 -1.59667e-08 -1.59667e-08 -1.59667e-08 -1.59667e-08 -1.59667e-08 -1.59667e-08 -1.59667e-08 -1.59667e-08 -1.59667e-08 -1.59667e-08 -1.59667e-08 -1.59667e-08 -1.59667e-08 -1.59667e-08 -1.59667e-08 -1.59667e-08 -1.59667e-08</float_array><technique_common><accessor source="#hpl_mixamorigwHeadTop_End-rotz-array" count="25" stride="1" /></technique_common></source>
      <source id="hpl_mixamorigwHeadTop_End-roty"><float_array id="hpl_mixamorigwHeadTop_End-roty-array" count="25">1.91978e-07 1.91978e-07 1.91978e-07 1.91978e-07 1.91978e-07 1.91978e-07 1.91978e-07 1.91978e-07 1.91978e-07 1.91978e-07 1.91978e-07 1.91978e-07 1.91978e-07 1.91978e-07 1.91978e-07 1.91978e-07 1.91978e-07 1.91978e-07 1.91978e-07 1.91978e-07 1.91978e-07 1.91978e-07 1.91978e-07 1.91978e-07 1.91978e-07</float_array><technique_common><accessor source="#hpl_mixamorigwHeadTop_End-roty-array" count="25" stride="1" /></technique_common></source>
      <source id="hpl_mixamorigwHeadTop_End-rotx"><float_array id="hpl_mixamorigwHeadTop_End-rotx-array" count="25">-24.6705 -24.6705 -24.6705 -24.6705 -24.6705 -24.6705 -24.6705 -24.6705 -24.6705 -24.6705 -24.6705 -24.6705 -24.6705 -24.6705 -24.6705 -24.6705 -24.6705 -24.6705 -24.6705 -24.6705 -24.6705 -24.6705 -24.6705 -24.6705 -24.6705</float_array><technique_common><accessor source="#hpl_mixamorigwHeadTop_End-rotx-array" count="25" stride="1" /></technique_common></source>
      <sampler id="hpl_mixamorigwHeadTop_End-trans-sampler"><input semantic="INPUT" source="#hpl_mixamorigwHeadTop_End-time" /><input semantic="OUTPUT" source="#hpl_mixamorigwHeadTop_End-trans" /></sampler><channel source="#hpl_mixamorigwHeadTop_End-trans-sampler" target="mixamorigwHeadTop_End/translate" />
      <sampler id="hpl_mixamorigwHeadTop_End-rotz-sampler"><input semantic="INPUT" source="#hpl_mixamorigwHeadTop_End-time" /><input semantic="OUTPUT" source="#hpl_mixamorigwHeadTop_End-rotz" /></sampler><channel source="#hpl_mixamorigwHeadTop_End-rotz-sampler" target="mixamorigwHeadTop_End/rotateZ.ANGLE" />
      <sampler id="hpl_mixamorigwHeadTop_End-roty-sampler"><input semantic="INPUT" source="#hpl_mixamorigwHeadTop_End-time" /><input semantic="OUTPUT" source="#hpl_mixamorigwHeadTop_End-roty" /></sampler><channel source="#hpl_mixamorigwHeadTop_End-roty-sampler" target="mixamorigwHeadTop_End/rotateY.ANGLE" />
      <sampler id="hpl_mixamorigwHeadTop_End-rotx-sampler"><input semantic="INPUT" source="#hpl_mixamorigwHeadTop_End-time" /><input semantic="OUTPUT" source="#hpl_mixamorigwHeadTop_End-rotx" /></sampler><channel source="#hpl_mixamorigwHeadTop_End-rotx-sampler" target="mixamorigwHeadTop_End/rotateX.ANGLE" />
    </animation>
    <animation id="hpl_mixamorigwHeadFront">
      <source id="hpl_mixamorigwHeadFront-time"><float_array id="hpl_mixamorigwHeadFront-time-array" count="25">0 1 2 3 4 5 6 7 8 9 10 11 12 13 14 15 16 17 18 19 20 21 22 23 24</float_array><technique_common><accessor source="#hpl_mixamorigwHeadFront-time-array" count="25" stride="1" /></technique_common></source>
      <source id="hpl_mixamorigwHeadFront-trans"><float_array id="hpl_mixamorigwHeadFront-trans-array" count="75">-6.45422e-09 0.0827475 0.111256 -6.45422e-09 0.0827475 0.111256 -6.45422e-09 0.0827475 0.111256 -6.45422e-09 0.0827475 0.111256 -6.45422e-09 0.0827475 0.111256 -6.45422e-09 0.0827475 0.111256 -6.45422e-09 0.0827475 0.111256 -6.45422e-09 0.0827475 0.111256 -6.45422e-09 0.0827475 0.111256 -6.45422e-09 0.0827475 0.111256 -6.45422e-09 0.0827475 0.111256 -6.45422e-09 0.0827475 0.111256 -6.45422e-09 0.0827475 0.111256 -6.45422e-09 0.0827475 0.111256 -6.45422e-09 0.0827475 0.111256 -6.45422e-09 0.0827475 0.111256 -6.45422e-09 0.0827475 0.111256 -6.45422e-09 0.0827475 0.111256 -6.45422e-09 0.0827475 0.111256 -6.45422e-09 0.0827475 0.111256 -6.45422e-09 0.0827475 0.111256 -6.45422e-09 0.0827475 0.111256 -6.45422e-09 0.0827475 0.111256 -6.45422e-09 0.0827475 0.111256 -6.45422e-09 0.0827475 0.111256</float_array><technique_common><accessor source="#hpl_mixamorigwHeadFront-trans-array" count="25" stride="3" /></technique_common></source>
      <source id="hpl_mixamorigwHeadFront-rotz"><float_array id="hpl_mixamorigwHeadFront-rotz-array" count="25">6.88863e-06 6.88863e-06 6.88863e-06 6.88863e-06 6.88863e-06 6.88863e-06 6.88863e-06 6.88863e-06 6.88863e-06 6.88863e-06 6.88863e-06 6.88863e-06 6.88863e-06 6.88863e-06 6.88863e-06 6.88863e-06 6.88863e-06 6.88863e-06 6.88863e-06 6.88863e-06 6.88863e-06 6.88863e-06 6.88863e-06 6.88863e-06 6.88863e-06</float_array><technique_common><accessor source="#hpl_mixamorigwHeadFront-rotz-array" count="25" stride="1" /></technique_common></source>
      <source id="hpl_mixamorigwHeadFront-roty"><float_array id="hpl_mixamorigwHeadFront-roty-array" count="25">5.39189e-06 5.39189e-06 5.39189e-06 5.39189e-06 5.39189e-06 5.39189e-06 5.39189e-06 5.39189e-06 5.39189e-06 5.39189e-06 5.39189e-06 5.39189e-06 5.39189e-06 5.39189e-06 5.39189e-06 5.39189e-06 5.39189e-06 5.39189e-06 5.39189e-06 5.39189e-06 5.39189e-06 5.39189e-06 5.39189e-06 5.39189e-06 5.39189e-06</float_array><technique_common><accessor source="#hpl_mixamorigwHeadFront-roty-array" count="25" stride="1" /></technique_common></source>
      <source id="hpl_mixamorigwHeadFront-rotx"><float_array id="hpl_mixamorigwHeadFront-rotx-array" count="25">53.3605 53.3605 53.3605 53.3605 53.3605 53.3605 53.3605 53.3605 53.3605 53.3605 53.3605 53.3605 53.3605 53.3605 53.3605 53.3605 53.3605 53.3605 53.3605 53.3605 53.3605 53.3605 53.3605 53.3605 53.3605</float_array><technique_common><accessor source="#hpl_mixamorigwHeadFront-rotx-array" count="25" stride="1" /></technique_common></source>
      <sampler id="hpl_mixamorigwHeadFront-trans-sampler"><input semantic="INPUT" source="#hpl_mixamorigwHeadFront-time" /><input semantic="OUTPUT" source="#hpl_mixamorigwHeadFront-trans" /></sampler><channel source="#hpl_mixamorigwHeadFront-trans-sampler" target="mixamorigwHeadFront/translate" />
      <sampler id="hpl_mixamorigwHeadFront-rotz-sampler"><input semantic="INPUT" source="#hpl_mixamorigwHeadFront-time" /><input semantic="OUTPUT" source="#hpl_mixamorigwHeadFront-rotz" /></sampler><channel source="#hpl_mixamorigwHeadFront-rotz-sampler" target="mixamorigwHeadFront/rotateZ.ANGLE" />
      <sampler id="hpl_mixamorigwHeadFront-roty-sampler"><input semantic="INPUT" source="#hpl_mixamorigwHeadFront-time" /><input semantic="OUTPUT" source="#hpl_mixamorigwHeadFront-roty" /></sampler><channel source="#hpl_mixamorigwHeadFront-roty-sampler" target="mixamorigwHeadFront/rotateY.ANGLE" />
      <sampler id="hpl_mixamorigwHeadFront-rotx-sampler"><input semantic="INPUT" source="#hpl_mixamorigwHeadFront-time" /><input semantic="OUTPUT" source="#hpl_mixamorigwHeadFront-rotx" /></sampler><channel source="#hpl_mixamorigwHeadFront-rotx-sampler" target="mixamorigwHeadFront/rotateX.ANGLE" />
    </animation>
  </library_animations>
  <scene><instance_visual_scene url="#RootNode" /></scene>
</COLLADA>