<?xml version='1.0' encoding='utf-8'?>
<COLLADA xmlns="http://www.collada.org/2005/11/COLLADASchema" version="1.4.1">
  <asset>
    <contributor><author>hpl_dae_export</author><authoring_tool>Blender 4.2.0</authoring_tool></contributor>
    <unit name="meter" meter="1" />
    <up_axis>Y_UP</up_axis>
  </asset>
  <library_images>
    <image id="fisherman-diffuse-image"><init_from>fisherman.tga</init_from></image>
    <image id="fisherman-emission-image"><init_from>fisherman.tga</init_from></image>
    <image id="fisherman-normal-image"><init_from>fisherman.tga</init_from></image>
  </library_images>
  <library_effects>
    <effect id="fisherman-fx" name="fisherman"><profile_COMMON>
      <newparam sid="fisherman-diffuse-surface"><surface type="2D"><init_from>fisherman-diffuse-image</init_from></surface></newparam>
      <newparam sid="fisherman-diffuse-sampler"><sampler2D><source>fisherman-diffuse-surface</source></sampler2D></newparam>
      <newparam sid="fisherman-emission-surface"><surface type="2D"><init_from>fisherman-emission-image</init_from></surface></newparam>
      <newparam sid="fisherman-emission-sampler"><sampler2D><source>fisherman-emission-surface</source></sampler2D></newparam>
      <technique sid="common"><lambert>
        <diffuse><texture texture="fisherman-diffuse-sampler" texcoord="CHANNEL0" /></diffuse>
      </lambert></technique>
    </profile_COMMON></effect>
  </library_effects>
  <library_materials>
    <material id="fisherman" name="fisherman"><instance_effect url="#fisherman-fx" /></material>
  </library_materials>
  <library_geometries>
    <geometry id="Mesh_0_1" name="Mesh_0"><mesh>
      <source id="Mesh_0_1-vpos"><float_array id="Mesh_0_1-vpos-array" count="9">0.00385356 0.930354 0.00261113 0.0538536 0.930354 0.00261113 0.00385356 0.980354 0.00261113</float_array><technique_common><accessor source="#Mesh_0_1-vpos-array" count="3" stride="3"><param name="X" type="float" /><param name="Y" type="float" /><param name="Z" type="float" /></accessor></technique_common></source>
      <source id="Mesh_0_1-vnrm"><float_array id="Mesh_0_1-vnrm-array" count="9">0 0 1 0 0 1 0 0 1</float_array><technique_common><accessor source="#Mesh_0_1-vnrm-array" count="3" stride="3"><param name="X" type="float" /><param name="Y" type="float" /><param name="Z" type="float" /></accessor></technique_common></source>
      <source id="Mesh_0_1-vuv"><float_array id="Mesh_0_1-vuv-array" count="6">0 0 1 0 0 1</float_array><technique_common><accessor source="#Mesh_0_1-vuv-array" count="3" stride="2"><param name="S" type="float" /><param name="T" type="float" /></accessor></technique_common></source>
      <vertices id="Mesh_0_1-vertices"><input semantic="POSITION" source="#Mesh_0_1-vpos" /></vertices>
      <triangles count="1" material="fisherman"><input semantic="VERTEX" source="#Mesh_0_1-vertices" offset="0" /><input semantic="NORMAL" source="#Mesh_0_1-vnrm" offset="1" /><input semantic="TEXCOORD" source="#Mesh_0_1-vuv" offset="2" /><p>0 0 0 1 1 1 2 2 2</p></triangles>
    </mesh></geometry>
  </library_geometries>
  <library_controllers>
    <controller id="Mesh_0_1-skin" name="skinCluster0"><skin source="#Mesh_0_1">
      <bind_shape_matrix>1 0 0 0 0 1 0 0 0 0 1 0 0 0 0 1</bind_shape_matrix>
      <source id="Mesh_0_1-skin-joints"><Name_array id="Mesh_0_1-skin-joints-array" count="24">mixamorigwHips mixamorigwLeftUpLeg mixamorigwLeftLeg mixamorigwLeftFoot mixamorigwLeftToeBase mixamorigwRightUpLeg mixamorigwRightLeg mixamorigwRightFoot mixamorigwRightToeBase mixamorigwSpine mixamorigwSpine1 mixamorigwSpine2 mixamorigwLeftShoulder mixamorigwLeftArm mixamorigwLeftForeArm mixamorigwLeftHand mixamorigwRightShoulder mixamorigwRightArm mixamorigwRightForeArm mixamorigwRightHand mixamorigwNeck mixamorigwHead mixamorigwHeadTop_End mixamorigwHeadFront</Name_array><technique_common><accessor source="#Mesh_0_1-skin-joints-array" count="24" stride="1"><param name="JOINT" type="Name" /></accessor></technique_common></source>
      <source id="Mesh_0_1-skin-bind_poses"><float_array id="Mesh_0_1-skin-bind_poses-array" count="384">0.995654 -0.0706556 0.0606748 0.0617395 0.0606748 0.986367 0.152966 -0.918304 -0.0706556 -0.14862 0.986367 0.135966 0 0 0 1 0.987506 0.110599 -0.112224 -0.192852 0.112221 -0.993649 0.00820857 0.827625 -0.110608 -0.0207012 -0.993647 0.0319625 0 0 0 1 0.997899 0.0483261 -0.0431039 -0.163572 0.0431003 -0.992444 -0.114879 0.491283 -0.0483345 0.112779 -0.992441 -0.0435519 0 0 0 1 0.991665 0.0401088 -0.122417 -0.164225 0.12242 -0.589332 0.79856 0.0932067 -0.0401169 -0.806894 -0.589331 0.100617 0 0 0 1 0.98845 1.52724e-06 -0.151525 -0.159027 0.151529 1.19894e-06 0.988451 -0.122595 2.89593e-06 -1 -3.83631e-07 0.0450513 0 0 0 1 0.986516 -0.114477 0.11697 0.190951 -0.116969 -0.993028 0.0146532 0.827967 0.114475 -0.0281362 -0.993034 0.0386042 0 0 0 1 0.998801 -0.036863 0.0322266 0.154237 -0.0322263 -0.990438 -0.134143 0.496267 0.0368614 0.132944 -0.990444 -0.0532116 0 0 0 1 0.988978 -0.0470528 0.140387 0.158557 -0.140386 -0.599294 0.788129 0.0982823 0.0470483 -0.799145 -0.599297 0.100404 0 0 0 1 0.984503 3.39753e-06 0.175368 0.152382 -0.175366 -1.36198e-06 0.984509 -0.123749 3.72927e-06 -1 3.91846e-07 0.0442063 0 0 0 1 1 -1.71764e-08 8.57906e-09 -0.00385352 1.86215e-08 0.997908 -0.0646547 -1.05822 -1.37259e-08 0.0646548 0.997908 -0.0627574 0 0 0 1 1 2.1527e-09 -4.36512e-09 -0.00385352 -1.50402e-09 0.997908 -0.0646548 -1.1882 -2.05852e-09 0.0646549 0.997908 -0.0627575 0 0 0 1 0.99999 0.00335532 0.00298499 -0.00821328 -0.00298501 0.993196 -0.116419 -1.31312 -0.00335531 0.116409 0.993196 -0.131139 0 0 0 1 -0.0700626 2.25435e-08 -0.997542 -0.031264 0.997543 -1.94689e-09 -0.0700627 -0.0489319 -8.4671e-09 -1 -1.33846e-07 1.4023 0 0 0 1 -0.0851911 0.217152 -0.972413 -0.331312 0.972412 -0.194591 -0.128646 0.0551895 -0.217158 -0.956545 -0.194584 1.37956 0 0 0 1 0.0745823 -1.93176e-07 -0.997215 -0.110908 0.997215 1.44477e-08 0.0745821 -0.44392 2.52739e-08 -1 6.16613e-08 1.35562 0 0 0 1 0.179607 -0.0446324 -0.982725 -0.123041 0.982725 0.0534658 0.177179 -0.749711 0.0446343 -0.997572 0.0534641 1.32425 0 0 0 1 -0.068226 7.20686e-09 0.99767 0.0317219 -0.99767 -3.81843e-09 -0.0682259 -0.0419469 2.8041e-09 -1 -8.19561e-08 1.39841 0 0 0 1 -0.0941253 -0.218949 0.971186 0.331134 -0.971185 -0.194351 -0.137941 0.0577016 0.218953 -0.956185 -0.194347 1.37493 0 0 0 1 0.0585803 1.64504e-07 0.998283 0.101705 -0.998283 -5.27352e-09 0.0585803 -0.422405 5.23748e-09 -1 8.92534e-08 1.35562 0 0 0 1 0.0154347 -0.00113709 0.99988 0.0734875 -0.99988 -0.00115678 0.0154334 -0.689411 0.00113908 -0.999999 -0.00115489 1.35634 0 0 0 1 1 -4.14051e-10 -3.23964e-09 -0.00385352 1.50156e-09 0.997908 -0.0646546 -1.41306 -2.46922e-09 0.0646547 0.997908 -0.0627573 0 0 0 1 1 -1.63753e-09 2.20176e-09 -0.00385352 -2.71977e-09 0.802406 0.596779 -1.17263 -7.95038e-09 -0.596779 0.802406 0.913761 0 0 0 1 1 1.38458e-10 -6.53129e-10 -0.00385352 -2.9836e-10 0.97826 0.207383 -1.71355 -5.19879e-09 -0.207383 0.97826 0.3409 0 0 0 1 1 1.50996e-07 -1.55926e-09 -0.00385374 -4.24151e-09 1.78814e-07 1 -0.105248 1.50071e-07 -1 -2.34e-16 1.48624 0 0 0 1</float_array><technique_common><accessor count="24" offset="0" source="#Mesh_0_1-skin-bind_poses-array" stride="16"><param name="TRANSFORM" type="float4x4" /></accessor></technique_common></source>
      <source id="Mesh_0_1-skin-weights"><float_array id="Mesh_0_1-skin-weights-array" count="1">1</float_array><technique_common><accessor count="1" offset="0" source="#Mesh_0_1-skin-weights-array" stride="1"><param name="WEIGHT" type="float" /></accessor></technique_common></source>
      <joints><input semantic="JOINT" source="#Mesh_0_1-skin-joints" /><input semantic="INV_BIND_MATRIX" source="#Mesh_0_1-skin-bind_poses" /></joints>
      <vertex_weights count="3"><input semantic="JOINT" source="#Mesh_0_1-skin-joints" offset="0" /><input semantic="WEIGHT" source="#Mesh_0_1-skin-weights" offset="1" /><vcount>1 1 1</vcount><v>0 0 0 0 0 0</v></vertex_weights>
    </skin></controller>
  </library_controllers>
  <library_visual_scenes>
    <visual_scene id="RootNode" name="RootNode">
      <node id="mixamorigwHips" sid="mixamorigwHips" name="mixamorigwHips" type="JOINT">
        <translate sid="translate">0.00385352 0.930354 0.00261113</translate><rotate sid="rotateZ">0 0 1 -4.05913</rotate><rotate sid="rotateY">0 1 0 -3.47855</rotate><rotate sid="rotateX">1 0 0 8.81524</rotate>
        <node id="mixamorigwLeftUpLeg" sid="mixamorigwLeftUpLeg" name="mixamorigwLeftUpLeg" type="JOINT">
          <translate sid="translate">0.102945 -0.0788118 0.00660994</translate><rotate sid="rotateZ">0 0 1 8.90948</rotate><rotate sid="rotateY">0 1 0 11.3563</rotate><rotate sid="rotateX">1 0 0 171.327</rotate>
          <node id="mixamorigwLeftLeg" sid="mixamorigwLeftLeg" name="mixamorigwLeftLeg" type="JOINT">
            <translate sid="translate">-8.13454e-09 0.346171 -1.13726e-08</translate><rotate sid="rotateZ">0 0 1 3.65572</rotate><rotate sid="rotateY">0 1 0 3.93025</rotate><rotate sid="rotateX">1 0 0 7.48303</rotate>
            <node id="mixamorigwLeftFoot" sid="mixamorigwLeftFoot" name="mixamorigwLeftFoot" type="JOINT">
              <translate sid="translate">4.73857e-10 0.360407 -2.52724e-09</translate><rotate sid="rotateZ">0 0 1 0.976944</rotate><rotate sid="rotateY">0 1 0 -4.47872</rotate><rotate sid="rotateX">1 0 0 -60.1761</rotate>
              <node id="mixamorigwLeftToeBase" sid="mixamorigwLeftToeBase" name="mixamorigwLeftToeBase" type="JOINT">
                <translate sid="translate">-1.42157e-09 0.1657 -8.84533e-09</translate><rotate sid="rotateZ">0 0 1 -6.75391e-05</rotate><rotate sid="rotateY">0 1 0 -2.84563</rotate><rotate sid="rotateX">1 0 0 -36.1097</rotate>
              </node>
            </node>
          </node>
        </node>
        <node id="mixamorigwRightUpLeg" sid="mixamorigwRightUpLeg" name="mixamorigwRightUpLeg" type="JOINT">
          <translate sid="translate">-0.0932708 -0.0899162 0.0209563</translate><rotate sid="rotateZ">0 0 1 -2.01931</rotate><rotate sid="rotateY">0 1 0 -3.59382</rotate><rotate sid="rotateX">1 0 0 170.175</rotate>
          <node id="mixamorigwRightLeg" sid="mixamorigwRightLeg" name="mixamorigwRightLeg" type="JOINT">
            <translate sid="translate">4.2963e-08 0.343251 -1.83225e-08</translate><rotate sid="rotateZ">0 0 1 -4.59027</rotate><rotate sid="rotateY">0 1 0 -4.78256</rotate><rotate sid="rotateX">1 0 0 9.08711</rotate>
            <node id="mixamorigwRightFoot" sid="mixamorigwRightFoot" name="mixamorigwRightFoot" type="JOINT">
              <translate sid="translate">-2.29031e-09 0.361137 -1.26362e-09</translate><rotate sid="rotateZ">0 0 1 -0.236323</rotate><rotate sid="rotateY">0 1 0 6.24859</rotate><rotate sid="rotateX">1 0 0 -60.5293</rotate>
              <node id="mixamorigwRightToeBase" sid="mixamorigwRightToeBase" name="mixamorigwRightToeBase" type="JOINT">
                <translate sid="translate">-1.05828e-08 0.170855 -3.79086e-09</translate><rotate sid="rotateZ">0 0 1 -0.000162004</rotate><rotate sid="rotateY">0 1 0 3.36974</rotate><rotate sid="rotateX">1 0 0 -36.8193</rotate>
              </node>
            </node>
          </node>
        </node>
        <node id="mixamorigwSpine" sid="mixamorigwSpine" name="mixamorigwSpine" type="JOINT">
          <translate sid="translate">-0.00967438 0.126653 -0.0275663</translate><rotate sid="rotateZ">0 0 1 3.48727</rotate><rotate sid="rotateY">0 1 0 4.05164</rotate><rotate sid="rotateX">1 0 0 -12.2756</rotate>
          <node id="mixamorigwSpine1" sid="mixamorigwSpine1" name="mixamorigwSpine1" type="JOINT">
            <translate sid="translate">-1.86662e-08 0.129979 -4.9334e-08</translate><rotate sid="rotateZ">0 0 1 1.15311e-06</rotate><rotate sid="rotateY">0 1 0 6.68492e-07</rotate><rotate sid="rotateX">1 0 0 -6.83019e-06</rotate>
            <node id="mixamorigwSpine2" sid="mixamorigwSpine2" name="mixamorigwSpine2" type="JOINT">
              <translate sid="translate">9.64362e-11 0.129979 -7.93255e-12</translate><rotate sid="rotateZ">0 0 1 0.180787</rotate><rotate sid="rotateY">0 1 0 -0.1831</rotate><rotate sid="rotateX">1 0 0 -2.97848</rotate>
              <node id="mixamorigwLeftShoulder" sid="mixamorigwLeftShoulder" name="mixamorigwLeftShoulder" type="JOINT">
                <translate sid="translate">0.0430093 0.083534 -0.00243526</translate><rotate sid="rotateZ">0 0 1 122.121</rotate><rotate sid="rotateY">0 1 0 82.1044</rotate><rotate sid="rotateX">1 0 0 -147.932</rotate>
                <node id="mixamorigwLeftArm" sid="mixamorigwLeftArm" name="mixamorigwLeftArm" type="JOINT">
                  <translate sid="translate">-3.76339e-09 0.171492 1.66141e-07</translate><rotate sid="rotateZ">0 0 1 -0.989201</rotate><rotate sid="rotateY">0 1 0 12.5418</rotate><rotate sid="rotateX">1 0 0 11.4988</rotate>
                  <node id="mixamorigwLeftForeArm" sid="mixamorigwLeftForeArm" name="mixamorigwLeftForeArm" type="JOINT">
                    <translate sid="translate">1.13726e-07 0.239881 1.08671e-07</translate><rotate sid="rotateZ">0 0 1 11.7748</rotate><rotate sid="rotateY">0 1 0 -10.2443</rotate><rotate sid="rotateX">1 0 0 -13.5804</rotate>
                    <node id="mixamorigwLeftHand" sid="mixamorigwLeftHand" name="mixamorigwLeftHand" type="JOINT">
                      <translate sid="translate">-1.00174e-07 0.249492 -2.2856e-07</translate><rotate sid="rotateZ">0 0 1 6.08009</rotate><rotate sid="rotateY">0 1 0 -2.55809</rotate><rotate sid="rotateX">1 0 0 -3.06789</rotate>
                    </node>
                  </node>
                </node>
              </node>
              <node id="mixamorigwRightShoulder" sid="mixamorigwRightShoulder" name="mixamorigwRightShoulder" type="JOINT">
                <translate sid="translate">-0.0433087 0.0799122 -0.00249401</translate><rotate sid="rotateZ">0 0 1 -119.368</rotate><rotate sid="rotateY">0 1 0 -82.3545</rotate><rotate sid="rotateX">1 0 0 -151.042</rotate>
                <node id="mixamorigwRightArm" sid="mixamorigwRightArm" name="mixamorigwRightArm" type="JOINT">
                  <translate sid="translate">-2.55643e-09 0.174561 -1.58538e-07</translate><rotate sid="rotateZ">0 0 1 1.6236</rotate><rotate sid="rotateY">0 1 0 -12.6473</rotate><rotate sid="rotateX">1 0 0 11.4892</rotate>
                  <node id="mixamorigwRightForeArm" sid="mixamorigwRightForeArm" name="mixamorigwRightForeArm" type="JOINT">
                    <translate sid="translate">2.52724e-09 0.220142 -4.16994e-08</translate><rotate sid="rotateZ">0 0 1 -11.4125</rotate><rotate sid="rotateY">0 1 0 10.4389</rotate><rotate sid="rotateX">1 0 0 -13.5228</rotate>
                    <node id="mixamorigwRightHand" sid="mixamorigwRightHand" name="mixamorigwRightHand" type="JOINT">
                      <translate sid="translate">6.45904e-10 0.264825 7.17784e-08</translate><rotate sid="rotateZ">0 0 1 2.47394</rotate><rotate sid="rotateY">0 1 0 -0.0651601</rotate><rotate sid="rotateX">1 0 0 0.0662779</rotate>
                    </node>
                  </node>
                </node>
              </node>
              <node id="mixamorigwNeck" sid="mixamorigwNeck" name="mixamorigwNeck" type="JOINT">
                <translate sid="translate">0.000299392 0.0947565 0.00492932</translate><rotate sid="rotateZ">0 0 1 -0.17103</rotate><rotate sid="rotateY">0 1 0 0.192245</rotate><rotate sid="rotateX">1 0 0 2.97791</rotate>
                <node id="mixamorigwHead" sid="mixamorigwHead" name="mixamorigwHead" type="JOINT">
                  <translate sid="translate">1.24557e-10 0.0722313 -1.01185e-08</translate><rotate sid="rotateZ">0 0 1 -9.01109e-08</rotate><rotate sid="rotateY">0 1 0 -3.06585e-07</rotate><rotate sid="rotateX">1 0 0 40.3466</rotate>
                  <node id="mixamorigwHeadTop_End" sid="mixamorigwHeadTop_End" name="mixamorigwHeadTop_End" type="JOINT">
                    <translate sid="translate">-1.23344e-09 0.242215 -0.111256</translate><rotate sid="rotateZ">0 0 1 -1.59669e-08</rotate><rotate sid="rotateY">0 1 0 1.91978e-07</rotate><rotate sid="rotateX">1 0 0 -24.6705</rotate>
                  </node>
                  <node id="mixamorigwHeadFront" sid="mixamorigwHeadFront" name="mixamorigwHeadFront" type="JOINT">
                    <translate sid="translate">-3.06977e-10 0.0827447 0.111256</translate><rotate sid="rotateZ">0 0 1 6.88864e-06</rotate><rotate sid="rotateY">0 1 0 5.39189e-06</rotate><rotate sid="rotateX">1 0 0 53.3605</rotate>
                  </node>
                </node>
              </node>
            </node>
          </node>
        </node>
      </node>
      <node id="Mesh_0" name="Mesh_0" type="NODE">
        <translate sid="translate">0 0 0</translate><rotate sid="rotateZ">0 0 1 0</rotate><rotate sid="rotateY">0 1 0 -0</rotate><rotate sid="rotateX">1 0 0 -90</rotate><scale sid="scale">100 100 100</scale><instance_controller url="#Mesh_0_1-skin">
          <skeleton>#mixamorigwHips</skeleton>
          <bind_material><technique_common><instance_material symbol="defaultMaterial" target="#%s"><bind_vertex_input semantic="CHANNEL0" input_semantic="TEXCOORD" input_set="0" /></instance_material></technique_common></bind_material>
        </instance_controller>
      </node>
    </visual_scene>
  </library_visual_scenes>
  <library_animations>
    <animation id="hpl_mixamorigwHips">
      <source id="hpl_mixamorigwHips-time"><float_array id="hpl_mixamorigwHips-time-array" count="102">0 1 2 3 4 5 6 7 8 9 10 11 12 13 14 15 16 17 18 19 20 21 22 23 24 25 26 27 28 29 30 31 32 33 34 35 36 37 38 39 40 41 42 43 44 45 46 47 48 49 50 51 52 53 54 55 56 57 58 59 60 61 62 63 64 65 66 67 68 69 70 71 72 73 74 75 76 77 78 79 80 81 82 83 84 85 86 87 88 89 90 91 92 93 94 95 96 97 98 99 100 101</float_array><technique_common><accessor source="#hpl_mixamorigwHips-time-array" count="102" stride="1" /></technique_common></source>
      <source id="hpl_mixamorigwHips-trans"><float_array id="hpl_mixamorigwHips-trans-array" count="306">0.00188537 0.918906 -0.0247096 0.000716052 0.917017 -0.0248542 0.000448833 0.914744 -0.0251158 0.000172694 0.91196 -0.0256085 0.000493283 0.908577 -0.0263706 0.00153764 0.903814 -0.0272689 0.00290172 0.892546 -0.0286002 0.00479653 0.892569 -0.0306076 0.00622516 0.890843 -0.0336168 0.00730144 0.889739 -0.0378587 0.00745563 0.887966 -0.0427915 0.00658279 0.890709 -0.0476682 0.00534872 0.894317 -0.0519928 0.00289644 0.897905 -0.0552283 -0.00140189 0.901709 -0.0575287 -0.00573009 0.905859 -0.0594733 -0.0104227 0.9099 -0.0607427 -0.0163197 0.913486 -0.0620295 -0.0227981 0.916003 -0.0625969 -0.028482 0.917514 -0.0629066 -0.0335372 0.91817 -0.0627556 -0.0375397 0.918455 -0.0625126 -0.0408123 0.918332 -0.0619546 -0.0436325 0.917654 -0.0611621 -0.0450327 0.915954 -0.06003 -0.0459675 0.913606 -0.0582415 -0.0458209 0.910917 -0.0565721 -0.0433892 0.908118 -0.0546194 -0.0398587 0.905082 -0.0529827 -0.0347064 0.897663 -0.0510408 -0.0285924 0.89343 -0.0489613 -0.0213019 0.892838 -0.0472484 -0.0133884 0.890563 -0.0462842 -0.00435171 0.890832 -0.0455974 0.00649266 0.891557 -0.0453255 0.0181105 0.892655 -0.045196 0.029324 0.89509 -0.0452068 0.0376529 0.901373 -0.0452508 0.0432586 0.9059 -0.0450182 0.0481312 0.91077 -0.0443817 0.051662 0.915252 -0.0433962 0.0537981 0.918605 -0.0424374 0.0558601 0.920617 -0.0412975 0.0571612 0.921185 -0.0401877 0.0568518 0.920698 -0.0391874 0.0562031 0.919444 -0.0384319 0.0561911 0.91766 -0.0377976 0.0565122 0.915464 -0.0376737 0.0574786 0.912507 -0.0379213 0.0596975 0.908921 -0.0387727 0.0616137 0.904552 -0.0404733 0.0636399 0.899093 -0.042385 0.0650482 0.886203 -0.0448723 0.066687 0.884467 -0.0478145 0.0666998 0.881244 -0.0513453 0.0664071 0.880026 -0.0556043 0.0653535 0.878847 -0.0603156 0.0632025 0.882773 -0.0646729 0.0605858 0.88717 -0.0680882 0.0559281 0.890195 -0.070471 0.0513545 0.893779 -0.0726969 0.0462856 0.898207 -0.0746414 0.0416983 0.903081 -0.0766535 0.0365762 0.908053 -0.0785341 0.0307936 0.912675 -0.0800026 0.0251008 0.916431 -0.0813622 0.0187697 0.919342 -0.0823766 0.0109573 0.92126 -0.083048 0.00401554 0.922532 -0.0838596 -0.00346181 0.923361 -0.0842392 -0.011291 0.924069 -0.0840508 -0.0183066 0.924415 -0.0833917 -0.0253071 0.924282 -0.082139 -0.0313436 0.923559 -0.0807745 -0.0372873 0.922319 -0.0792364 -0.0426247 0.920688 -0.077605 -0.0458903 0.91876 -0.0761024 -0.0480627 0.916517 -0.0742032 -0.0482567 0.913946 -0.0718701 -0.0475117 0.911148 -0.0693869 -0.0455465 0.908106 -0.0665699 -0.0429958 0.9048 -0.0636314 -0.0390351 0.901189 -0.0605021 -0.0346525 0.894337 -0.0568448 -0.0282236 0.893215 -0.0545292 -0.0219446 0.891605 -0.0523429 -0.0129144 0.891276 -0.0505409 -0.00298174 0.892831 -0.0491728 0.00590162 0.896866 -0.0478034 0.0127511 0.902739 -0.0464542 0.0159644 0.907161 -0.0446222 0.0188491 0.91133 -0.0429538 0.0225672 0.915023 -0.0409216 0.0237889 0.917836 -0.0390114 0.023996 0.919638 -0.0371585 0.0217283 0.920243 -0.0349873 0.0184513 0.919892 -0.0326151 0.0115564 0.919055 -0.0294506 0.00778983 0.917557 -0.0276127 0.00504351 0.915706 -0.0259412 0.00394941 0.913571 -0.0252084 0.00188537 0.918906 -0.0247096</float_array><technique_common><accessor source="#hpl_mixamorigwHips-trans-array" count="102" stride="3" /></technique_common></source>
      <source id="hpl_mixamorigwHips-rotz"><float_array id="hpl_mixamorigwHips-rotz-array" count="102">-6.07919 -6.02125 -5.83413 -5.4976 -5.08128 -4.70071 -4.53199 -4.71521 -5.18849 -5.69822 -6.07481 -6.13556 -5.93745 -5.68242 -5.38321 -5.066 -4.761 -4.49736 -4.31585 -4.22393 -4.20708 -4.23615 -4.31259 -4.44019 -4.61282 -4.79642 -4.96452 -5.10125 -5.20888 -5.3056 -5.42935 -5.54861 -5.49058 -5.22866 -5.04993 -4.85225 -4.72073 -4.70262 -4.82479 -5.04318 -5.30633 -5.57542 -5.81925 -6.0216 -6.16869 -6.23316 -6.21631 -6.12053 -5.92397 -5.63059 -5.26649 -4.88702 -4.57276 -4.47825 -4.60069 -4.8209 -5.04265 -5.17026 -5.15047 -5.07515 -5.03134 -4.9074 -4.7068 -4.48818 -4.29061 -4.15471 -4.09564 -4.12007 -4.23688 -4.41498 -4.59204 -4.74379 -4.87444 -5.01212 -5.15393 -5.30023 -5.45561 -5.62088 -5.79228 -5.97495 -6.15888 -6.31532 -6.44658 -6.47153 -6.23318 -5.7386 -5.2587 -4.988 -4.95086 -5.07906 -5.30139 -5.50409 -5.66301 -5.76602 -5.79057 -5.71814 -5.55665 -5.35766 -5.15011 -4.94713 -4.76487 -6.07919</float_array><technique_common><accessor source="#hpl_mixamorigwHips-rotz-array" count="102" stride="1" /></technique_common></source>
      <source id="hpl_mixamorigwHips-roty"><float_array id="hpl_mixamorigwHips-roty-array" count="102">-5.1025 -5.7973 -6.44834 -7.05656 -7.6253 -8.15306 -8.53995 -8.71896 -8.58903 -8.1392 -7.53263 -6.83251 -6.15466 -5.4739 -4.78834 -4.04386 -3.25089 -2.41486 -1.58654 -0.796107 -0.0697123 0.607029 1.23613 1.82542 2.38136 2.892 3.33886 3.70811 4.00581 4.25024 4.40975 4.54137 4.73589 4.7633 4.34312 3.65733 2.86267 2.13803 1.577 1.11246 0.699451 0.322387 -0.0846572 -0.581877 -1.20257 -1.93102 -2.7455 -3.5614 -4.31643 -4.96168 -5.47225 -5.85658 -6.05762 -5.9944 -5.58073 -4.88099 -4.11561 -3.45985 -3.0546 -2.87497 -2.71812 -2.5428 -2.35689 -2.13633 -1.85316 -1.55494 -1.25526 -0.960951 -0.678505 -0.41439 -0.141628 0.131585 0.387039 0.633676 0.869947 1.10166 1.31526 1.52188 1.69239 1.83832 1.9411 1.99739 2.02001 2.02935 2.09637 2.17266 2.09588 1.82942 1.463 1.05473 0.714837 0.459348 0.258737 0.0637574 -0.162129 -0.459162 -0.828545 -1.23879 -1.66043 -2.05849 -2.40428 -5.1025</float_array><technique_common><accessor source="#hpl_mixamorigwHips-roty-array" count="102" stride="1" /></technique_common></source>
      <source id="hpl_mixamorigwHips-rotx"><float_array id="hpl_mixamorigwHips-rotx-array" count="102">22.3611 22.3393 22.1931 21.9379 21.6476 21.4082 21.3081 21.3901 21.5869 21.825 21.9435 21.792 21.5372 21.2776 21.0221 20.8498 20.7116 20.5964 20.4473 20.2797 20.1268 19.9839 19.8489 19.7247 19.6174 19.5846 19.6333 19.7502 19.9439 20.2191 20.5808 21.0859 21.9384 23.1596 24.3261 25.5837 26.7832 27.4452 27.4835 27.1359 26.5983 26.0172 25.4322 24.8952 24.4839 24.1585 23.9084 23.668 23.3932 23.0975 22.8132 22.5293 22.1881 21.7807 21.3303 20.8298 20.1266 19.0939 18.0877 17.3626 16.9158 16.7228 16.6572 16.6637 16.717 16.7525 16.7191 16.6022 16.4467 16.2804 16.1414 16.0327 15.9405 15.8385 15.718 15.6105 15.5417 15.5161 15.5625 15.7013 15.9407 16.2912 16.7859 17.52 18.6189 19.955 21.3362 22.7098 24.0485 25.006 25.3651 25.2496 24.9253 24.5187 24.0848 23.633 23.2042 22.8344 22.5115 22.2427 22.02 22.3611</float_array><technique_common><accessor source="#hpl_mixamorigwHips-rotx-array" count="102" stride="1" /></technique_common></source>
      <sampler id="hpl_mixamorigwHips-trans-sampler"><input semantic="INPUT" source="#hpl_mixamorigwHips-time" /><input semantic="OUTPUT" source="#hpl_mixamorigwHips-trans" /></sampler><channel source="#hpl_mixamorigwHips-trans-sampler" target="mixamorigwHips/translate" />
      <sampler id="hpl_mixamorigwHips-rotz-sampler"><input semantic="INPUT" source="#hpl_mixamorigwHips-time" /><input semantic="OUTPUT" source="#hpl_mixamorigwHips-rotz" /></sampler><channel source="#hpl_mixamorigwHips-rotz-sampler" target="mixamorigwHips/rotateZ.ANGLE" />
      <sampler id="hpl_mixamorigwHips-roty-sampler"><input semantic="INPUT" source="#hpl_mixamorigwHips-time" /><input semantic="OUTPUT" source="#hpl_mixamorigwHips-roty" /></sampler><channel source="#hpl_mixamorigwHips-roty-sampler" target="mixamorigwHips/rotateY.ANGLE" />
      <sampler id="hpl_mixamorigwHips-rotx-sampler"><input semantic="INPUT" source="#hpl_mixamorigwHips-time" /><input semantic="OUTPUT" source="#hpl_mixamorigwHips-rotx" /></sampler><channel source="#hpl_mixamorigwHips-rotx-sampler" target="mixamorigwHips/rotateX.ANGLE" />
    </animation>
    <animation id="hpl_mixamorigwLeftUpLeg">
      <source id="hpl_mixamorigwLeftUpLeg-time"><float_array id="hpl_mixamorigwLeftUpLeg-time-array" count="102">0 1 2 3 4 5 6 7 8 9 10 11 12 13 14 15 16 17 18 19 20 21 22 23 24 25 26 27 28 29 30 31 32 33 34 35 36 37 38 39 40 41 42 43 44 45 46 47 48 49 50 51 52 53 54 55 56 57 58 59 60 61 62 63 64 65 66 67 68 69 70 71 72 73 74 75 76 77 78 79 80 81 82 83 84 85 86 87 88 89 90 91 92 93 94 95 96 97 98 99 100 101</float_array><technique_common><accessor source="#hpl_mixamorigwLeftUpLeg-time-array" count="102" stride="1" /></technique_common></source>
      <source id="hpl_mixamorigwLeftUpLeg-trans"><float_array id="hpl_mixamorigwLeftUpLeg-trans-array" count="306">0.102945 -0.0788121 0.00660996 0.102945 -0.0788121 0.00660996 0.102945 -0.0788121 0.00660996 0.102945 -0.0788121 0.00660996 0.102945 -0.0788121 0.00660996 0.102945 -0.0788121 0.00660996 0.102945 -0.0788121 0.00660996 0.102945 -0.0788121 0.00660996 0.102945 -0.0788121 0.00660996 0.102945 -0.0788121 0.00660996 0.102945 -0.0788121 0.00660996 0.102945 -0.0788121 0.00660996 0.102945 -0.0788121 0.00660996 0.102945 -0.0788121 0.00660996 0.102945 -0.0788121 0.00660996 0.102945 -0.0788121 0.00660996 0.102945 -0.0788121 0.00660996 0.102945 -0.0788121 0.00660996 0.102945 -0.0788121 0.00660996 0.102945 -0.0788121 0.00660996 0.102945 -0.0788121 0.00660996 0.102945 -0.0788121 0.00660996 0.102945 -0.0788121 0.00660996 0.102945 -0.0788121 0.00660996 0.102945 -0.0788121 0.00660996 0.102945 -0.0788121 0.00660996 0.102945 -0.0788121 0.00660996 0.102945 -0.0788121 0.00660996 0.102945 -0.0788121 0.00660996 0.102945 -0.0788121 0.00660996 0.102945 -0.0788121 0.00660996 0.102945 -0.0788121 0.00660996 0.102945 -0.0788121 0.00660996 0.102945 -0.0788121 0.00660996 0.102945 -0.0788121 0.00660996 0.102945 -0.0788121 0.00660996 0.102945 -0.0788121 0.00660996 0.102945 -0.0788121 0.00660996 0.102945 -0.0788121 0.00660996 0.102945 -0.0788121 0.00660996 0.102945 -0.0788121 0.00660996 0.102945 -0.0788121 0.00660996 0.102945 -0.0788121 0.00660996 0.102945 -0.0788121 0.00660996 0.102945 -0.0788121 0.00660996 0.102945 -0.0788121 0.00660996 0.102945 -0.0788121 0.00660996 0.102945 -0.0788121 0.00660996 0.102945 -0.0788121 0.00660996 0.102945 -0.0788121 0.00660996 0.102945 -0.0788121 0.00660996 0.102945 -0.0788121 0.00660996 0.102945 -0.0788121 0.00660996 0.102945 -0.0788121 0.00660996 0.102945 -0.0788121 0.00660996 0.102945 -0.0788121 0.00660996 0.102945 -0.0788121 0.00660996 0.102945 -0.0788121 0.00660996 0.102945 -0.0788121 0.00660996 0.102945 -0.0788121 0.00660996 0.102945 -0.0788121 0.00660996 0.102945 -0.0788121 0.00660996 0.102945 -0.0788121 0.00660996 0.102945 -0.0788121 0.00660996 0.102945 -0.0788121 0.00660996 0.102945 -0.0788121 0.00660996 0.102945 -0.0788121 0.00660996 0.102945 -0.0788121 0.00660996 0.102945 -0.0788121 0.00660996 0.102945 -0.0788121 0.00660996 0.102945 -0.0788121 0.00660996 0.102945 -0.0788121 0.00660996 0.102945 -0.0788121 0.00660996 0.102945 -0.0788121 0.00660996 0.102945 -0.0788121 0.00660996 0.102945 -0.0788121 0.00660996 0.102945 -0.0788121 0.00660996 0.102945 -0.0788121 0.00660996 0.102945 -0.0788121 0.00660996 0.102945 -0.0788121 0.00660996 0.102945 -0.0788121 0.00660996 0.102945 -0.0788121 0.00660996 0.102945 -0.0788121 0.00660996 0.102945 -0.0788121 0.00660996 0.102945 -0.0788121 0.00660996 0.102945 -0.0788121 0.00660996 0.102945 -0.0788121 0.00660996 0.102945 -0.0788121 0.00660996 0.102945 -0.0788121 0.00660996 0.102945 -0.0788121 0.00660996 0.102945 -0.0788121 0.00660996 0.102945 -0.0788121 0.00660996 0.102945 -0.0788121 0.00660996 0.102945 -0.0788121 0.00660996 0.102945 -0.0788121 0.00660996 0.102945 -0.0788121 0.00660996 0.102945 -0.0788121 0.00660996 0.102945 -0.0788121 0.00660996 0.102945 -0.0788121 0.00660996 0.102945 -0.0788121 0.00660996 0.102945 -0.0788121 0.00660996 0.102945 -0.0788121 0.00660996</float_array><technique_common><accessor source="#hpl_mixamorigwLeftUpLeg-trans-array" count="102" stride="3" /></technique_common></source>
      <source id="hpl_mixamorigwLeftUpLeg-rotz"><float_array id="hpl_mixamorigwLeftUpLeg-rotz-array" count="102">-11.082 -12.39 -13.8241 -15.3617 -16.9954 -18.6478 -20.1666 -21.2797 -22.1677 -23.0677 -23.8736 -24.6374 -25.1212 -25.1025 -24.7846 -24.0624 -22.7692 -20.8828 -18.4719 -15.7183 -12.7651 -9.67394 -6.35321 -2.91284 0.544652 3.77754 6.58735 8.78758 10.3305 10.9816 10.52 8.44679 4.83456 1.12646 -2.00625 -4.70784 -6.97753 -8.3013 -9.00844 -9.3462 -9.43842 -9.52444 -9.80275 -10.1892 -10.7143 -11.4377 -12.4176 -13.6089 -15.0268 -16.7414 -18.6313 -20.6327 -22.5516 -23.9576 -25.0602 -26.1839 -27.1146 -27.253 -26.1174 -24.1912 -22.1024 -19.8249 -17.2743 -14.7145 -12.338 -10.1743 -8.08875 -6.03552 -3.849 -1.5643 0.724374 2.9263 5.01417 6.952 8.60173 9.92891 10.958 11.7909 12.5076 13.1029 13.4013 13.2594 12.4805 10.8414 7.47408 3.12344 -1.02492 -4.52535 -7.21251 -8.9068 -9.58372 -9.87572 -10.1766 -10.3149 -10.6167 -10.7392 -11.1243 -11.2531 -11.8037 -12.5188 -13.4695 -11.082</float_array><technique_common><accessor source="#hpl_mixamorigwLeftUpLeg-rotz-array" count="102" stride="1" /></technique_common></source>
      <source id="hpl_mixamorigwLeftUpLeg-roty"><float_array id="hpl_mixamorigwLeftUpLeg-roty-array" count="102">18.1685 17.9189 17.569 17.1287 16.5941 15.9895 15.3487 14.4777 13.584 12.4477 11.518 11.2889 11.6647 12.7362 14.2794 16.1149 18.2906 20.7942 23.4817 26.2374 28.7821 31.0462 32.9982 34.5 35.5266 36.0323 36.0707 35.7709 35.2369 34.5657 34.053 34.4307 34.547 33.8877 32.8274 31.328 29.6197 28.0289 26.5942 25.3034 24.0917 23.0074 22.0202 21.1691 20.4209 19.7424 19.1024 18.5379 18.0114 17.5137 17.1008 16.8013 16.5283 15.8024 15.0352 14.2597 14.0038 14.4259 14.9019 14.9916 15.2816 15.774 16.4445 17.4053 18.6738 20.2525 22.0383 23.9148 25.7553 27.4226 28.9488 30.2725 31.324 32.2342 33.0522 33.8779 34.7029 35.414 35.8098 35.8581 35.6792 35.3022 34.8631 34.3394 34.4642 34.5589 34.1307 33.3274 32.278 31.0778 29.9166 28.6964 27.4598 26.3743 25.2292 24.1951 23.0637 22.1628 21.1382 20.1344 19.1725 18.1685</float_array><technique_common><accessor source="#hpl_mixamorigwLeftUpLeg-roty-array" count="102" stride="1" /></technique_common></source>
      <source id="hpl_mixamorigwLeftUpLeg-rotx"><float_array id="hpl_mixamorigwLeftUpLeg-rotx-array" count="102">139.818 139.633 139.666 139.802 140.036 140.262 140.179 139.863 139.057 137.546 134.845 131.684 128.581 126.074 124.224 122.816 121.803 121.234 121.24 121.767 122.823 124.416 126.664 129.455 132.569 135.666 138.397 140.564 142.287 143.457 143.887 142.565 137.953 133.035 129.577 127.386 126.21 126.397 127.564 129.426 131.633 133.686 135.431 136.574 137.265 137.669 137.874 137.999 138.066 138.071 137.93 137.784 137.554 137.405 136.981 136.022 133.724 131.002 128.868 127.617 126.951 126.678 126.921 127.432 128.021 128.714 129.602 130.706 132.136 133.834 135.634 137.474 139.273 140.955 142.379 143.517 144.421 145.166 145.826 146.44 146.887 147.106 146.863 145.368 140.943 135.435 131.139 128.487 126.996 126.754 127.697 129.246 131.04 132.892 134.606 136.003 136.981 137.698 138.046 138.298 138.467 139.818</float_array><technique_common><accessor source="#hpl_mixamorigwLeftUpLeg-rotx-array" count="102" stride="1" /></technique_common></source>
      <sampler id="hpl_mixamorigwLeftUpLeg-trans-sampler"><input semantic="INPUT" source="#hpl_mixamorigwLeftUpLeg-time" /><input semantic="OUTPUT" source="#hpl_mixamorigwLeftUpLeg-trans" /></sampler><channel source="#hpl_mixamorigwLeftUpLeg-trans-sampler" target="mixamorigwLeftUpLeg/translate" />
      <sampler id="hpl_mixamorigwLeftUpLeg-rotz-sampler"><input semantic="INPUT" source="#hpl_mixamorigwLeftUpLeg-time" /><input semantic="OUTPUT" source="#hpl_mixamorigwLeftUpLeg-rotz" /></sampler><channel source="#hpl_mixamorigwLeftUpLeg-rotz-sampler" target="mixamorigwLeftUpLeg/rotateZ.ANGLE" />
      <sampler id="hpl_mixamorigwLeftUpLeg-roty-sampler"><input semantic="INPUT" source="#hpl_mixamorigwLeftUpLeg-time" /><input semantic="OUTPUT" source="#hpl_mixamorigwLeftUpLeg-roty" /></sampler><channel source="#hpl_mixamorigwLeftUpLeg-roty-sampler" target="mixamorigwLeftUpLeg/rotateY.ANGLE" />
      <sampler id="hpl_mixamorigwLeftUpLeg-rotx-sampler"><input semantic="INPUT" source="#hpl_mixamorigwLeftUpLeg-time" /><input semantic="OUTPUT" source="#hpl_mixamorigwLeftUpLeg-rotx" /></sampler><channel source="#hpl_mixamorigwLeftUpLeg-rotx-sampler" target="mixamorigwLeftUpLeg/rotateX.ANGLE" />
    </animation>
    <animation id="hpl_mixamorigwLeftLeg">
      <source id="hpl_mixamorigwLeftLeg-time"><float_array id="hpl_mixamorigwLeftLeg-time-array" count="102">0 1 2 3 4 5 6 7 8 9 10 11 12 13 14 15 16 17 18 19 20 21 22 23 24 25 26 27 28 29 30 31 32 33 34 35 36 37 38 39 40 41 42 43 44 45 46 47 48 49 50 51 52 53 54 55 56 57 58 59 60 61 62 63 64 65 66 67 68 69 70 71 72 73 74 75 76 77 78 79 80 81 82 83 84 85 86 87 88 89 90 91 92 93 94 95 96 97 98 99 100 101</float_array><technique_common><accessor source="#hpl_mixamorigwLeftLeg-time-array" count="102" stride="1" /></technique_common></source>
      <source id="hpl_mixamorigwLeftLeg-trans"><float_array id="hpl_mixamorigwLeftLeg-trans-array" count="306">7.46331e-08 0.346171 -6.20323e-08 7.46331e-08 0.346171 -6.20323e-08 7.46331e-08 0.346171 -6.20323e-08 7.46331e-08 0.346171 -6.20323e-08 7.46331e-08 0.346171 -6.20323e-08 7.46331e-08 0.346171 -6.20323e-08 7.46331e-08 0.346171 -6.20323e-08 7.46331e-08 0.346171 -6.20323e-08 7.46331e-08 0.346171 -6.20323e-08 7.46331e-08 0.346171 -6.20323e-08 7.46331e-08 0.346171 -6.20323e-08 7.46331e-08 0.346171 -6.20323e-08 7.46331e-08 0.346171 -6.20323e-08 7.46331e-08 0.346171 -6.20323e-08 7.46331e-08 0.346171 -6.20323e-08 7.46331e-08 0.346171 -6.20323e-08 7.46331e-08 0.346171 -6.20323e-08 7.46331e-08 0.346171 -6.20323e-08 7.46331e-08 0.346171 -6.20323e-08 7.46331e-08 0.346171 -6.20323e-08 7.46331e-08 0.346171 -6.20323e-08 7.46331e-08 0.346171 -6.20323e-08 7.46331e-08 0.346171 -6.20323e-08 7.46331e-08 0.346171 -6.20323e-08 7.46331e-08 0.346171 -6.20323e-08 7.46331e-08 0.346171 -6.20323e-08 7.46331e-08 0.346171 -6.20323e-08 7.46331e-08 0.346171 -6.20323e-08 7.46331e-08 0.346171 -6.20323e-08 7.46331e-08 0.346171 -6.20323e-08 7.46331e-08 0.346171 -6.20323e-08 7.46331e-08 0.346171 -6.20323e-08 7.46331e-08 0.346171 -6.20323e-08 7.46331e-08 0.346171 -6.20323e-08 7.46331e-08 0.346171 -6.20323e-08 7.46331e-08 0.346171 -6.20323e-08 7.46331e-08 0.346171 -6.20323e-08 7.46331e-08 0.346171 -6.20323e-08 7.46331e-08 0.346171 -6.20323e-08 7.46331e-08 0.346171 -6.20323e-08 7.46331e-08 0.346171 -6.20323e-08 7.46331e-08 0.346171 -6.20323e-08 7.46331e-08 0.346171 -6.20323e-08 7.46331e-08 0.346171 -6.20323e-08 7.46331e-08 0.346171 -6.20323e-08 7.46331e-08 0.346171 -6.20323e-08 7.46331e-08 0.346171 -6.20323e-08 7.46331e-08 0.346171 -6.20323e-08 7.46331e-08 0.346171 -6.20323e-08 7.46331e-08 0.346171 -6.20323e-08 7.46331e-08 0.346171 -6.20323e-08 7.46331e-08 0.346171 -6.20323e-08 7.46331e-08 0.346171 -6.20323e-08 7.46331e-08 0.346171 -6.20323e-08 7.46331e-08 0.346171 -6.20323e-08 7.46331e-08 0.346171 -6.20323e-08 7.46331e-08 0.346171 -6.20323e-08 7.46331e-08 0.346171 -6.20323e-08 7.46331e-08 0.346171 -6.20323e-08 7.46331e-08 0.346171 -6.20323e-08 7.46331e-08 0.346171 -6.20323e-08 7.46331e-08 0.346171 -6.20323e-08 7.46331e-08 0.346171 -6.20323e-08 7.46331e-08 0.346171 -6.20323e-08 7.46331e-08 0.346171 -6.20323e-08 7.46331e-08 0.346171 -6.20323e-08 7.46331e-08 0.346171 -6.20323e-08 7.46331e-08 0.346171 -6.20323e-08 7.46331e-08 0.346171 -6.20323e-08 7.46331e-08 0.346171 -6.20323e-08 7.46331e-08 0.346171 -6.20323e-08 7.46331e-08 0.346171 -6.20323e-08 7.46331e-08 0.346171 -6.20323e-08 7.46331e-08 0.346171 -6.20323e-08 7.46331e-08 0.346171 -6.20323e-08 7.46331e-08 0.346171 -6.20323e-08 7.46331e-08 0.346171 -6.20323e-08 7.46331e-08 0.346171 -6.20323e-08 7.46331e-08 0.346171 -6.20323e-08 7.46331e-08 0.346171 -6.20323e-08 7.46331e-08 0.346171 -6.20323e-08 7.46331e-08 0.346171 -6.20323e-08 7.46331e-08 0.346171 -6.20323e-08 7.46331e-08 0.346171 -6.20323e-08 7.46331e-08 0.346171 -6.20323e-08 7.46331e-08 0.346171 -6.20323e-08 7.46331e-08 0.346171 -6.20323e-08 7.46331e-08 0.346171 -6.20323e-08 7.46331e-08 0.346171 -6.20323e-08 7.46331e-08 0.346171 -6.20323e-08 7.46331e-08 0.346171 -6.20323e-08 7.46331e-08 0.346171 -6.20323e-08 7.46331e-08 0.346171 -6.20323e-08 7.46331e-08 0.346171 -6.20323e-08 7.46331e-08 0.346171 -6.20323e-08 7.46331e-08 0.346171 -6.20323e-08 7.46331e-08 0.346171 -6.20323e-08 7.46331e-08 0.346171 -6.20323e-08 7.46331e-08 0.346171 -6.20323e-08 7.46331e-08 0.346171 -6.20323e-08 7.46331e-08 0.346171 -6.20323e-08 7.46331e-08 0.346171 -6.20323e-08</float_array><technique_common><accessor source="#hpl_mixamorigwLeftLeg-trans-array" count="102" stride="3" /></technique_common></source>
      <source id="hpl_mixamorigwLeftLeg-rotz"><float_array id="hpl_mixamorigwLeftLeg-rotz-array" count="102">-1.08849 -1.11184 -1.13075 -1.16977 -1.20836 -1.23649 -1.25539 -1.23137 -1.25138 -1.37206 -1.57332 -1.76311 -1.94151 -2.05004 -2.14061 -2.26865 -2.36989 -2.41099 -2.40262 -2.3135 -2.17706 -1.97546 -1.73192 -1.45674 -1.14885 -0.88974 -0.683328 -0.531273 -0.444846 -0.369942 -0.309309 -0.236168 -0.424671 -0.68584 -0.900941 -1.01902 -1.10042 -1.11899 -1.13746 -1.13815 -1.11724 -1.0779 -1.04539 -1.03928 -1.05537 -1.09123 -1.15241 -1.21504 -1.28024 -1.3553 -1.44485 -1.49716 -1.53667 -1.55226 -1.63323 -1.7848 -1.97201 -2.10602 -2.13057 -2.18954 -2.2084 -2.22591 -2.19536 -2.11392 -2.00949 -1.88553 -1.74904 -1.59553 -1.43342 -1.26967 -1.12151 -0.971152 -0.84789 -0.737526 -0.65335 -0.542473 -0.482554 -0.394601 -0.331553 -0.308792 -0.306866 -0.294934 -0.280545 -0.314213 -0.439935 -0.710757 -0.911207 -1.00591 -1.04355 -1.05813 -1.05248 -1.04491 -1.03071 -1.00086 -0.967418 -0.955531 -0.971192 -1.02775 -1.09793 -1.15527 -1.19526 -1.08849</float_array><technique_common><accessor source="#hpl_mixamorigwLeftLeg-rotz-array" count="102" stride="1" /></technique_common></source>
      <source id="hpl_mixamorigwLeftLeg-roty"><float_array id="hpl_mixamorigwLeftLeg-roty-array" count="102">3.67076 3.56151 3.38577 3.1607 2.92703 2.71343 2.53629 2.36823 2.24933 2.14281 2.03666 2.04237 2.26934 2.70465 3.18136 3.57585 3.94661 4.27559 4.4882 4.62952 4.71938 4.77045 4.78981 4.76749 4.78997 4.82638 4.93074 5.04281 5.15742 5.22954 5.1169 4.88798 4.73718 4.641 4.62368 4.62836 4.55124 4.44237 4.31072 4.21566 4.10799 4.04196 4.0002 3.95392 3.91025 3.83675 3.73373 3.58339 3.37996 3.13748 2.8535 2.58782 2.41162 2.24364 2.17724 2.11234 2.0426 2.17568 2.65138 3.1997 3.67462 4.04406 4.29929 4.4401 4.46032 4.43346 4.38043 4.35843 4.35528 4.38088 4.40968 4.44346 4.48772 4.5392 4.60344 4.69147 4.75276 4.81156 4.8688 4.89262 4.9007 4.88975 4.90219 4.80537 4.67127 4.58552 4.52076 4.53639 4.50364 4.42389 4.33767 4.23598 4.15435 4.10052 4.04716 3.96982 3.89798 3.81828 3.734 3.63235 3.53832 3.67076</float_array><technique_common><accessor source="#hpl_mixamorigwLeftLeg-roty-array" count="102" stride="1" /></technique_common></source>
      <source id="hpl_mixamorigwLeftLeg-rotx"><float_array id="hpl_mixamorigwLeftLeg-rotx-array" count="102">19.3504 19.5571 19.5612 19.5246 19.2985 18.9339 18.8165 18.7939 19.4017 21.2289 25.5192 31.2787 37.4152 42.6666 46.7874 50.1174 52.5692 54.0693 54.3634 53.5114 51.5369 48.5356 44.3262 39.0541 32.9968 26.7226 21.2002 16.7028 13.1505 10.4997 9.36671 10.4743 16.1111 22.1169 26.3692 28.7188 29.6082 29.2034 27.9608 26.2936 24.3198 22.5376 21.3522 20.8747 20.9933 21.3596 21.8394 22.2564 22.6952 23.0963 23.5234 23.871 24.4206 25.1311 26.4604 28.914 33.993 40.4312 45.9746 49.4157 51.1859 51.4451 50.0724 47.6574 44.8133 42.0625 39.4907 37.0226 34.5279 31.889 29.157 26.4794 23.9775 21.7956 20.0357 18.6123 17.3619 16.159 14.9175 13.6073 12.2812 11.0578 10.1359 10.8019 15.4585 21.698 26.0536 27.9337 28.2312 27.4629 26.0631 24.6046 23.1321 21.5623 20.2601 19.5659 19.4752 20.0643 20.8186 21.5323 22.0529 19.3504</float_array><technique_common><accessor source="#hpl_mixamorigwLeftLeg-rotx-array" count="102" stride="1" /></technique_common></source>
      <sampler id="hpl_mixamorigwLeftLeg-trans-sampler"><input semantic="INPUT" source="#hpl_mixamorigwLeftLeg-time" /><input semantic="OUTPUT" source="#hpl_mixamorigwLeftLeg-trans" /></sampler><channel source="#hpl_mixamorigwLeftLeg-trans-sampler" target="mixamorigwLeftLeg/translate" />
      <sampler id="hpl_mixamorigwLeftLeg-rotz-sampler"><input semantic="INPUT" source="#hpl_mixamorigwLeftLeg-time" /><input semantic="OUTPUT" source="#hpl_mixamorigwLeftLeg-rotz" /></sampler><channel source="#hpl_mixamorigwLeftLeg-rotz-sampler" target="mixamorigwLeftLeg/rotateZ.ANGLE" />
      <sampler id="hpl_mixamorigwLeftLeg-roty-sampler"><input semantic="INPUT" source="#hpl_mixamorigwLeftLeg-time" /><input semantic="OUTPUT" source="#hpl_mixamorigwLeftLeg-roty" /></sampler><channel source="#hpl_mixamorigwLeftLeg-roty-sampler" target="mixamorigwLeftLeg/rotateY.ANGLE" />
      <sampler id="hpl_mixamorigwLeftLeg-rotx-sampler"><input semantic="INPUT" source="#hpl_mixamorigwLeftLeg-time" /><input semantic="OUTPUT" source="#hpl_mixamorigwLeftLeg-rotx" /></sampler><channel source="#hpl_mixamorigwLeftLeg-rotx-sampler" target="mixamorigwLeftLeg/rotateX.ANGLE" />
    </animation>
    <animation id="hpl_mixamorigwLeftFoot">
      <source id="hpl_mixamorigwLeftFoot-time"><float_array id="hpl_mixamorigwLeftFoot-time-array" count="102">0 1 2 3 4 5 6 7 8 9 10 11 12 13 14 15 16 17 18 19 20 21 22 23 24 25 26 27 28 29 30 31 32 33 34 35 36 37 38 39 40 41 42 43 44 45 46 47 48 49 50 51 52 53 54 55 56 57 58 59 60 61 62 63 64 65 66 67 68 69 70 71 72 73 74 75 76 77 78 79 80 81 82 83 84 85 86 87 88 89 90 91 92 93 94 95 96 97 98 99 100 101</float_array><technique_common><accessor source="#hpl_mixamorigwLeftFoot-time-array" count="102" stride="1" /></technique_common></source>
      <source id="hpl_mixamorigwLeftFoot-trans"><float_array id="hpl_mixamorigwLeftFoot-trans-array" count="306">-2.24152e-08 0.360407 -7.27795e-09 -2.24152e-08 0.360407 -7.27795e-09 -2.24152e-08 0.360407 -7.27795e-09 -2.24152e-08 0.360407 -7.27795e-09 -2.24152e-08 0.360407 -7.27795e-09 -2.24152e-08 0.360407 -7.27795e-09 -2.24152e-08 0.360407 -7.27795e-09 -2.24152e-08 0.360407 -7.27795e-09 -2.24152e-08 0.360407 -7.27795e-09 -2.24152e-08 0.360407 -7.27795e-09 -2.24152e-08 0.360407 -7.27795e-09 -2.24152e-08 0.360407 -7.27795e-09 -2.24152e-08 0.360407 -7.27795e-09 -2.24152e-08 0.360407 -7.27795e-09 -2.24152e-08 0.360407 -7.27795e-09 -2.24152e-08 0.360407 -7.27795e-09 -2.24152e-08 0.360407 -7.27795e-09 -2.24152e-08 0.360407 -7.27795e-09 -2.24152e-08 0.360407 -7.27795e-09 -2.24152e-08 0.360407 -7.27795e-09 -2.24152e-08 0.360407 -7.27795e-09 -2.24152e-08 0.360407 -7.27795e-09 -2.24152e-08 0.360407 -7.27795e-09 -2.24152e-08 0.360407 -7.27795e-09 -2.24152e-08 0.360407 -7.27795e-09 -2.24152e-08 0.360407 -7.27795e-09 -2.24152e-08 0.360407 -7.27795e-09 -2.24152e-08 0.360407 -7.27795e-09 -2.24152e-08 0.360407 -7.27795e-09 -2.24152e-08 0.360407 -7.27795e-09 -2.24152e-08 0.360407 -7.27795e-09 -2.24152e-08 0.360407 -7.27795e-09 -2.24152e-08 0.360407 -7.27795e-09 -2.24152e-08 0.360407 -7.27795e-09 -2.24152e-08 0.360407 -7.27795e-09 -2.24152e-08 0.360407 -7.27795e-09 -2.24152e-08 0.360407 -7.27795e-09 -2.24152e-08 0.360407 -7.27795e-09 -2.24152e-08 0.360407 -7.27795e-09 -2.24152e-08 0.360407 -7.27795e-09 -2.24152e-08 0.360407 -7.27795e-09 -2.24152e-08 0.360407 -7.27795e-09 -2.24152e-08 0.360407 -7.27795e-09 -2.24152e-08 0.360407 -7.27795e-09 -2.24152e-08 0.360407 -7.27795e-09 -2.24152e-08 0.360407 -7.27795e-09 -2.24152e-08 0.360407 -7.27795e-09 -2.24152e-08 0.360407 -7.27795e-09 -2.24152e-08 0.360407 -7.27795e-09 -2.24152e-08 0.360407 -7.27795e-09 -2.24152e-08 0.360407 -7.27795e-09 -2.24152e-08 0.360407 -7.27795e-09 -2.24152e-08 0.360407 -7.27795e-09 -2.24152e-08 0.360407 -7.27795e-09 -2.24152e-08 0.360407 -7.27795e-09 -2.24152e-08 0.360407 -7.27795e-09 -2.24152e-08 0.360407 -7.27795e-09 -2.24152e-08 0.360407 -7.27795e-09 -2.24152e-08 0.360407 -7.27795e-09 -2.24152e-08 0.360407 -7.27795e-09 -2.24152e-08 0.360407 -7.27795e-09 -2.24152e-08 0.360407 -7.27795e-09 -2.24152e-08 0.360407 -7.27795e-09 -2.24152e-08 0.360407 -7.27795e-09 -2.24152e-08 0.360407 -7.27795e-09 -2.24152e-08 0.360407 -7.27795e-09 -2.24152e-08 0.360407 -7.27795e-09 -2.24152e-08 0.360407 -7.27795e-09 -2.24152e-08 0.360407 -7.27795e-09 -2.24152e-08 0.360407 -7.27795e-09 -2.24152e-08 0.360407 -7.27795e-09 -2.24152e-08 0.360407 -7.27795e-09 -2.24152e-08 0.360407 -7.27795e-09 -2.24152e-08 0.360407 -7.27795e-09 -2.24152e-08 0.360407 -7.27795e-09 -2.24152e-08 0.360407 -7.27795e-09 -2.24152e-08 0.360407 -7.27795e-09 -2.24152e-08 0.360407 -7.27795e-09 -2.24152e-08 0.360407 -7.27795e-09 -2.24152e-08 0.360407 -7.27795e-09 -2.24152e-08 0.360407 -7.27795e-09 -2.24152e-08 0.360407 -7.27795e-09 -2.24152e-08 0.360407 -7.27795e-09 -2.24152e-08 0.360407 -7.27795e-09 -2.24152e-08 0.360407 -7.27795e-09 -2.24152e-08 0.360407 -7.27795e-09 -2.24152e-08 0.360407 -7.27795e-09 -2.24152e-08 0.360407 -7.27795e-09 -2.24152e-08 0.360407 -7.27795e-09 -2.24152e-08 0.360407 -7.27795e-09 -2.24152e-08 0.360407 -7.27795e-09 -2.24152e-08 0.360407 -7.27795e-09 -2.24152e-08 0.360407 -7.27795e-09 -2.24152e-08 0.360407 -7.27795e-09 -2.24152e-08 0.360407 -7.27795e-09 -2.24152e-08 0.360407 -7.27795e-09 -2.24152e-08 0.360407 -7.27795e-09 -2.24152e-08 0.360407 -7.27795e-09 -2.24152e-08 0.360407 -7.27795e-09 -2.24152e-08 0.360407 -7.27795e-09 -2.24152e-08 0.360407 -7.27795e-09 -2.24152e-08 0.360407 -7.27795e-09</float_array><technique_common><accessor source="#hpl_mixamorigwLeftFoot-trans-array" count="102" stride="3" /></technique_common></source>
      <source id="hpl_mixamorigwLeftFoot-rotz"><float_array id="hpl_mixamorigwLeftFoot-rotz-array" count="102">-7.71718 -8.59708 -9.61561 -10.6224 -11.7181 -13.0022 -14.5203 -16.3967 -17.8577 -19.0754 -18.9871 -15.8821 -8.63673 1.05292 7.58008 9.74528 9.76858 8.89602 7.4462 5.82035 4.43408 3.49259 2.57975 1.90588 1.80461 2.06626 2.71958 3.56434 5.13467 8.08275 11.2923 12.4037 12.515 11.3451 9.84295 8.21281 6.47782 4.91166 3.28367 1.68047 0.132844 -1.34375 -2.74091 -3.94979 -4.94653 -5.88623 -6.89581 -7.94954 -9.03423 -10.1714 -11.3276 -12.6359 -14.2375 -16.0773 -17.4988 -18.8243 -18.5495 -13.2804 -1.2041 9.87152 12.7098 11.3445 9.25834 7.46976 5.66185 3.92464 2.55298 1.53363 0.942474 0.684495 0.576222 0.593898 0.73022 1.16542 1.76803 2.55834 3.40265 3.87854 3.89265 3.47806 2.92997 2.58322 3.53299 6.03801 7.2553 7.7443 6.8208 5.45373 3.92751 2.37302 0.98403 -0.384445 -1.79173 -2.96397 -4.06422 -4.71612 -5.3267 -5.34897 -5.71094 -6.18171 -6.83132 -7.71718</float_array><technique_common><accessor source="#hpl_mixamorigwLeftFoot-rotz-array" count="102" stride="1" /></technique_common></source>
      <source id="hpl_mixamorigwLeftFoot-roty"><float_array id="hpl_mixamorigwLeftFoot-roty-array" count="102">-23.704 -24.099 -24.3572 -24.4988 -24.7267 -24.9676 -25.0465 -25.1475 -24.4907 -23.1334 -20.5999 -17.1783 -12.6779 -7.50403 -3.85205 -2.70754 -3.23945 -4.68904 -6.69106 -8.79851 -10.5134 -11.5256 -12.0739 -12.1003 -11.4629 -10.5282 -9.72362 -9.20765 -9.01299 -8.97766 -8.77089 -7.98423 -6.49739 -5.45456 -5.31367 -6.04496 -7.11054 -8.42731 -9.80508 -11.2713 -12.7144 -14.0514 -15.2379 -16.427 -17.6872 -18.8789 -19.9233 -20.7648 -21.353 -21.7235 -21.8132 -21.6227 -21.1807 -20.9304 -20.1658 -18.8994 -16.0849 -11.5748 -5.00198 0.276131 1.77147 0.615993 -1.22964 -3.10498 -4.98353 -6.69754 -8.0008 -8.8376 -9.34284 -9.60375 -9.7632 -9.85926 -9.94818 -9.94273 -9.82904 -9.66313 -9.4155 -9.19114 -9.18907 -9.45184 -9.94401 -10.8038 -11.8479 -12.76 -12.6774 -11.3412 -10.8115 -11.1443 -11.801 -12.877 -14.0802 -15.2871 -16.4813 -17.6527 -18.7946 -19.8382 -20.8507 -21.6724 -22.4449 -23.1034 -23.553 -23.704</float_array><technique_common><accessor source="#hpl_mixamorigwLeftFoot-roty-array" count="102" stride="1" /></technique_common></source>
      <source id="hpl_mixamorigwLeftFoot-rotx"><float_array id="hpl_mixamorigwLeftFoot-rotx-array" count="102">-58.2802 -58.5882 -58.757 -58.852 -58.8835 -58.8034 -58.6432 -57.8853 -57.0503 -54.9092 -52.5019 -51.0844 -50.8068 -51.3721 -52.7183 -54.7832 -56.5754 -57.6697 -58.1975 -58.0571 -57.1401 -55.4514 -53.0059 -49.8416 -46.1044 -42.0304 -38.324 -35.0742 -32.4991 -30.717 -33.2448 -40.0986 -46.8199 -50.647 -53.7481 -56.1725 -58.409 -59.5826 -59.7433 -59.577 -59.2768 -59.0684 -59.2323 -59.5018 -59.9953 -60.5345 -60.9399 -61.2011 -61.5239 -61.7572 -62.0147 -62.4421 -63.014 -62.7295 -61.7456 -58.7159 -55.0467 -51.8179 -49.1963 -47.6718 -49.5059 -52.0467 -53.675 -54.4863 -54.6783 -54.4205 -53.7007 -52.6713 -51.5168 -50.2286 -48.8992 -47.376 -45.7336 -44.0747 -42.479 -40.9433 -39.4426 -37.9981 -36.8994 -36.0899 -35.6025 -35.4873 -35.0841 -36.5399 -42.6897 -47.5495 -50.5648 -52.5613 -54.1364 -55.0548 -55.4125 -55.602 -55.7742 -55.8148 -56.074 -56.5292 -57.1413 -58.127 -58.9697 -59.7883 -60.4722 -58.2802</float_array><technique_common><accessor source="#hpl_mixamorigwLeftFoot-rotx-array" count="102" stride="1" /></technique_common></source>
      <sampler id="hpl_mixamorigwLeftFoot-trans-sampler"><input semantic="INPUT" source="#hpl_mixamorigwLeftFoot-time" /><input semantic="OUTPUT" source="#hpl_mixamorigwLeftFoot-trans" /></sampler><channel source="#hpl_mixamorigwLeftFoot-trans-sampler" target="mixamorigwLeftFoot/translate" />
      <sampler id="hpl_mixamorigwLeftFoot-rotz-sampler"><input semantic="INPUT" source="#hpl_mixamorigwLeftFoot-time" /><input semantic="OUTPUT" source="#hpl_mixamorigwLeftFoot-rotz" /></sampler><channel source="#hpl_mixamorigwLeftFoot-rotz-sampler" target="mixamorigwLeftFoot/rotateZ.ANGLE" />
      <sampler id="hpl_mixamorigwLeftFoot-roty-sampler"><input semantic="INPUT" source="#hpl_mixamorigwLeftFoot-time" /><input semantic="OUTPUT" source="#hpl_mixamorigwLeftFoot-roty" /></sampler><channel source="#hpl_mixamorigwLeftFoot-roty-sampler" target="mixamorigwLeftFoot/rotateY.ANGLE" />
      <sampler id="hpl_mixamorigwLeftFoot-rotx-sampler"><input semantic="INPUT" source="#hpl_mixamorigwLeftFoot-time" /><input semantic="OUTPUT" source="#hpl_mixamorigwLeftFoot-rotx" /></sampler><channel source="#hpl_mixamorigwLeftFoot-rotx-sampler" target="mixamorigwLeftFoot/rotateX.ANGLE" />
    </animation>
    <animation id="hpl_mixamorigwLeftToeBase">
      <source id="hpl_mixamorigwLeftToeBase-time"><float_array id="hpl_mixamorigwLeftToeBase-time-array" count="102">0 1 2 3 4 5 6 7 8 9 10 11 12 13 14 15 16 17 18 19 20 21 22 23 24 25 26 27 28 29 30 31 32 33 34 35 36 37 38 39 40 41 42 43 44 45 46 47 48 49 50 51 52 53 54 55 56 57 58 59 60 61 62 63 64 65 66 67 68 69 70 71 72 73 74 75 76 77 78 79 80 81 82 83 84 85 86 87 88 89 90 91 92 93 94 95 96 97 98 99 100 101</float_array><technique_common><accessor source="#hpl_mixamorigwLeftToeBase-time-array" count="102" stride="1" /></technique_common></source>
      <source id="hpl_mixamorigwLeftToeBase-trans"><float_array id="hpl_mixamorigwLeftToeBase-trans-array" count="306">-1.32832e-07 0.1657 1.50747e-07 -1.32832e-07 0.1657 1.50747e-07 -1.32832e-07 0.1657 1.50747e-07 -1.32832e-07 0.1657 1.50747e-07 -1.32832e-07 0.1657 1.50747e-07 -1.32832e-07 0.1657 1.50747e-07 -1.32832e-07 0.1657 1.50747e-07 -1.32832e-07 0.1657 1.50747e-07 -1.32832e-07 0.1657 1.50747e-07 -1.32832e-07 0.1657 1.50747e-07 -1.32832e-07 0.1657 1.50747e-07 -1.32832e-07 0.1657 1.50747e-07 -1.32832e-07 0.1657 1.50747e-07 -1.32832e-07 0.1657 1.50747e-07 -1.32832e-07 0.1657 1.50747e-07 -1.32832e-07 0.1657 1.50747e-07 -1.32832e-07 0.1657 1.50747e-07 -1.32832e-07 0.1657 1.50747e-07 -1.32832e-07 0.1657 1.50747e-07 -1.32832e-07 0.1657 1.50747e-07 -1.32832e-07 0.1657 1.50747e-07 -1.32832e-07 0.1657 1.50747e-07 -1.32832e-07 0.1657 1.50747e-07 -1.32832e-07 0.1657 1.50747e-07 -1.32832e-07 0.1657 1.50747e-07 -1.32832e-07 0.1657 1.50747e-07 -1.32832e-07 0.1657 1.50747e-07 -1.32832e-07 0.1657 1.50747e-07 -1.32832e-07 0.1657 1.50747e-07 -1.32832e-07 0.1657 1.50747e-07 -1.32832e-07 0.1657 1.50747e-07 -1.32832e-07 0.1657 1.50747e-07 -1.32832e-07 0.1657 1.50747e-07 -1.32832e-07 0.1657 1.50747e-07 -1.32832e-07 0.1657 1.50747e-07 -1.32832e-07 0.1657 1.50747e-07 -1.32832e-07 0.1657 1.50747e-07 -1.32832e-07 0.1657 1.50747e-07 -1.32832e-07 0.1657 1.50747e-07 -1.32832e-07 0.1657 1.50747e-07 -1.32832e-07 0.1657 1.50747e-07 -1.32832e-07 0.1657 1.50747e-07 -1.32832e-07 0.1657 1.50747e-07 -1.32832e-07 0.1657 1.50747e-07 -1.32832e-07 0.1657 1.50747e-07 -1.32832e-07 0.1657 1.50747e-07 -1.32832e-07 0.1657 1.50747e-07 -1.32832e-07 0.1657 1.50747e-07 -1.32832e-07 0.1657 1.50747e-07 -1.32832e-07 0.1657 1.50747e-07 -1.32832e-07 0.1657 1.50747e-07 -1.32832e-07 0.1657 1.50747e-07 -1.32832e-07 0.1657 1.50747e-07 -1.32832e-07 0.1657 1.50747e-07 -1.32832e-07 0.1657 1.50747e-07 -1.32832e-07 0.1657 1.50747e-07 -1.32832e-07 0.1657 1.50747e-07 -1.32832e-07 0.1657 1.50747e-07 -1.32832e-07 0.1657 1.50747e-07 -1.32832e-07 0.1657 1.50747e-07 -1.32832e-07 0.1657 1.50747e-07 -1.32832e-07 0.1657 1.50747e-07 -1.32832e-07 0.1657 1.50747e-07 -1.32832e-07 0.1657 1.50747e-07 -1.32832e-07 0.1657 1.50747e-07 -1.32832e-07 0.1657 1.50747e-07 -1.32832e-07 0.1657 1.50747e-07 -1.32832e-07 0.1657 1.50747e-07 -1.32832e-07 0.1657 1.50747e-07 -1.32832e-07 0.1657 1.50747e-07 -1.32832e-07 0.1657 1.50747e-07 -1.32832e-07 0.1657 1.50747e-07 -1.32832e-07 0.1657 1.50747e-07 -1.32832e-07 0.1657 1.50747e-07 -1.32832e-07 0.1657 1.50747e-07 -1.32832e-07 0.1657 1.50747e-07 -1.32832e-07 0.1657 1.50747e-07 -1.32832e-07 0.1657 1.50747e-07 -1.32832e-07 0.1657 1.50747e-07 -1.32832e-07 0.1657 1.50747e-07 -1.32832e-07 0.1657 1.50747e-07 -1.32832e-07 0.1657 1.50747e-07 -1.32832e-07 0.1657 1.50747e-07 -1.32832e-07 0.1657 1.50747e-07 -1.32832e-07 0.1657 1.50747e-07 -1.32832e-07 0.1657 1.50747e-07 -1.32832e-07 0.1657 1.50747e-07 -1.32832e-07 0.1657 1.50747e-07 -1.32832e-07 0.1657 1.50747e-07 -1.32832e-07 0.1657 1.50747e-07 -1.32832e-07 0.1657 1.50747e-07 -1.32832e-07 0.1657 1.50747e-07 -1.32832e-07 0.1657 1.50747e-07 -1.32832e-07 0.1657 1.50747e-07 -1.32832e-07 0.1657 1.50747e-07 -1.32832e-07 0.1657 1.50747e-07 -1.32832e-07 0.1657 1.50747e-07 -1.32832e-07 0.1657 1.50747e-07 -1.32832e-07 0.1657 1.50747e-07 -1.32832e-07 0.1657 1.50747e-07 -1.32832e-07 0.1657 1.50747e-07 -1.32832e-07 0.1657 1.50747e-07</float_array><technique_common><accessor source="#hpl_mixamorigwLeftToeBase-trans-array" count="102" stride="3" /></technique_common></source>
      <source id="hpl_mixamorigwLeftToeBase-rotz"><float_array id="hpl_mixamorigwLeftToeBase-rotz-array" count="102">0.619764 0.62951 0.663315 0.698861 0.732568 0.749877 0.778891 0.776882 0.812577 0.900169 0.995928 1.02621 0.946616 0.838955 0.855098 0.860705 0.843548 0.840446 0.853129 0.867774 0.861697 0.826084 0.795768 0.771711 0.741537 0.681971 0.644462 0.6311 0.638026 0.648862 0.663686 0.591756 0.520885 0.506893 0.480884 0.510905 0.459775 0.434767 0.40887 0.43168 0.487214 0.558052 0.594455 0.605708 0.598026 0.592382 0.582515 0.611627 0.661539 0.707786 0.753381 0.760183 0.715529 0.710488 0.738487 0.852549 0.964227 1.03353 0.869959 0.791158 0.865004 0.846456 0.809571 0.818547 0.830717 0.84264 0.847185 0.828136 0.797917 0.765529 0.739306 0.728391 0.717977 0.704276 0.693816 0.671428 0.646739 0.61907 0.603411 0.612272 0.635587 0.671148 0.680265 0.646132 0.622612 0.576774 0.532172 0.537209 0.481317 0.478581 0.478156 0.464674 0.454394 0.477423 0.503491 0.522991 0.53364 0.523792 0.566796 0.613076 0.686246 0.619764</float_array><technique_common><accessor source="#hpl_mixamorigwLeftToeBase-rotz-array" count="102" stride="1" /></technique_common></source>
      <source id="hpl_mixamorigwLeftToeBase-roty"><float_array id="hpl_mixamorigwLeftToeBase-roty-array" count="102">-0.323119 -0.33206 -0.333085 -0.335865 -0.334576 -0.315122 -0.278072 -0.242375 -0.22008 -0.233414 -0.338593 -0.478294 -0.559576 -0.502682 -0.491698 -0.479011 -0.438208 -0.410864 -0.387778 -0.377422 -0.392122 -0.41563 -0.428223 -0.429133 -0.439529 -0.471513 -0.481444 -0.4785 -0.452803 -0.445877 -0.374796 -0.279426 -0.310878 -0.351174 -0.386886 -0.392425 -0.403174 -0.425737 -0.458349 -0.453224 -0.430433 -0.399524 -0.388615 -0.386102 -0.388795 -0.385246 -0.386849 -0.36787 -0.34828 -0.349833 -0.349355 -0.338267 -0.307962 -0.251543 -0.249177 -0.313645 -0.562616 -0.817504 -0.734102 -0.582959 -0.538666 -0.482912 -0.435179 -0.399839 -0.358315 -0.326832 -0.310467 -0.331193 -0.365551 -0.403574 -0.450318 -0.476898 -0.493441 -0.489606 -0.499681 -0.493949 -0.500909 -0.50156 -0.495335 -0.481594 -0.471718 -0.447279 -0.39481 -0.288596 -0.235396 -0.296254 -0.327512 -0.358196 -0.387568 -0.391738 -0.395301 -0.404809 -0.407155 -0.382551 -0.351049 -0.325674 -0.303914 -0.307207 -0.277161 -0.238528 -0.186448 -0.323119</float_array><technique_common><accessor source="#hpl_mixamorigwLeftToeBase-roty-array" count="102" stride="1" /></technique_common></source>
      <source id="hpl_mixamorigwLeftToeBase-rotx"><float_array id="hpl_mixamorigwLeftToeBase-rotx-array" count="102">-35.9309 -36.0194 -36.1288 -36.255 -36.3738 -36.3168 -36.2015 -36.0804 -36.2686 -36.8677 -38.227 -39.522 -39.9849 -39.0902 -38.6345 -38.6073 -38.6216 -38.6414 -38.5319 -38.348 -38.1788 -38.0269 -37.8558 -37.7146 -37.6095 -37.5293 -37.4956 -37.4462 -37.3417 -37.3212 -37.067 -36.2276 -35.8932 -35.8367 -35.9209 -35.9471 -35.7216 -35.6839 -35.7501 -35.7955 -35.8615 -35.9581 -36.0483 -36.0754 -36.0687 -36.0644 -36.0493 -36.0648 -36.1256 -36.3026 -36.5109 -36.4717 -36.0878 -35.8528 -36.1208 -37.1499 -39.4597 -41.7065 -40.9538 -39.2156 -38.7231 -38.549 -38.3608 -38.1517 -37.891 -37.6251 -37.4468 -37.3602 -37.3587 -37.4149 -37.5054 -37.556 -37.5873 -37.579 -37.5728 -37.5646 -37.5554 -37.4986 -37.4448 -37.4411 -37.4657 -37.4321 -37.1397 -36.4608 -36.0911 -35.9365 -35.8375 -35.9098 -35.7915 -35.707 -35.6685 -35.6663 -35.6488 -35.6029 -35.5494 -35.4928 -35.462 -35.4561 -35.4726 -35.4943 -35.564 -35.9309</float_array><technique_common><accessor source="#hpl_mixamorigwLeftToeBase-rotx-array" count="102" stride="1" /></technique_common></source>
      <sampler id="hpl_mixamorigwLeftToeBase-trans-sampler"><input semantic="INPUT" source="#hpl_mixamorigwLeftToeBase-time" /><input semantic="OUTPUT" source="#hpl_mixamorigwLeftToeBase-trans" /></sampler><channel source="#hpl_mixamorigwLeftToeBase-trans-sampler" target="mixamorigwLeftToeBase/translate" />
      <sampler id="hpl_mixamorigwLeftToeBase-rotz-sampler"><input semantic="INPUT" source="#hpl_mixamorigwLeftToeBase-time" /><input semantic="OUTPUT" source="#hpl_mixamorigwLeftToeBase-rotz" /></sampler><channel source="#hpl_mixamorigwLeftToeBase-rotz-sampler" target="mixamorigwLeftToeBase/rotateZ.ANGLE" />
      <sampler id="hpl_mixamorigwLeftToeBase-roty-sampler"><input semantic="INPUT" source="#hpl_mixamorigwLeftToeBase-time" /><input semantic="OUTPUT" source="#hpl_mixamorigwLeftToeBase-roty" /></sampler><channel source="#hpl_mixamorigwLeftToeBase-roty-sampler" target="mixamorigwLeftToeBase/rotateY.ANGLE" />
      <sampler id="hpl_mixamorigwLeftToeBase-rotx-sampler"><input semantic="INPUT" source="#hpl_mixamorigwLeftToeBase-time" /><input semantic="OUTPUT" source="#hpl_mixamorigwLeftToeBase-rotx" /></sampler><channel source="#hpl_mixamorigwLeftToeBase-rotx-sampler" target="mixamorigwLeftToeBase/rotateX.ANGLE" />
    </animation>
    <animation id="hpl_mixamorigwRightUpLeg">
      <source id="hpl_mixamorigwRightUpLeg-time"><float_array id="hpl_mixamorigwRightUpLeg-time-array" count="102">0 1 2 3 4 5 6 7 8 9 10 11 12 13 14 15 16 17 18 19 20 21 22 23 24 25 26 27 28 29 30 31 32 33 34 35 36 37 38 39 40 41 42 43 44 45 46 47 48 49 50 51 52 53 54 55 56 57 58 59 60 61 62 63 64 65 66 67 68 69 70 71 72 73 74 75 76 77 78 79 80 81 82 83 84 85 86 87 88 89 90 91 92 93 94 95 96 97 98 99 100 101</float_array><technique_common><accessor source="#hpl_mixamorigwRightUpLeg-time-array" count="102" stride="1" /></technique_common></source>
      <source id="hpl_mixamorigwRightUpLeg-trans"><float_array id="hpl_mixamorigwRightUpLeg-trans-array" count="306">-0.0932709 -0.0899167 0.0209565 -0.0932709 -0.0899167 0.0209565 -0.0932709 -0.0899167 0.0209565 -0.0932709 -0.0899167 0.0209565 -0.0932709 -0.0899167 0.0209565 -0.0932709 -0.0899167 0.0209565 -0.0932709 -0.0899167 0.0209565 -0.0932709 -0.0899167 0.0209565 -0.0932709 -0.0899167 0.0209565 -0.0932709 -0.0899167 0.0209565 -0.0932709 -0.0899167 0.0209565 -0.0932709 -0.0899167 0.0209565 -0.0932709 -0.0899167 0.0209565 -0.0932709 -0.0899167 0.0209565 -0.0932709 -0.0899167 0.0209565 -0.0932709 -0.0899167 0.0209565 -0.0932709 -0.0899167 0.0209565 -0.0932709 -0.0899167 0.0209565 -0.0932709 -0.0899167 0.0209565 -0.0932709 -0.0899167 0.0209565 -0.0932709 -0.0899167 0.0209565 -0.0932709 -0.0899167 0.0209565 -0.0932709 -0.0899167 0.0209565 -0.0932709 -0.0899167 0.0209565 -0.0932709 -0.0899167 0.0209565 -0.0932709 -0.0899167 0.0209565 -0.0932709 -0.0899167 0.0209565 -0.0932709 -0.0899167 0.0209565 -0.0932709 -0.0899167 0.0209565 -0.0932709 -0.0899167 0.0209565 -0.0932709 -0.0899167 0.0209565 -0.0932709 -0.0899167 0.0209565 -0.0932709 -0.0899167 0.0209565 -0.0932709 -0.0899167 0.0209565 -0.0932709 -0.0899167 0.0209565 -0.0932709 -0.0899167 0.0209565 -0.0932709 -0.0899167 0.0209565 -0.0932709 -0.0899167 0.0209565 -0.0932709 -0.0899167 0.0209565 -0.0932709 -0.0899167 0.0209565 -0.0932709 -0.0899167 0.0209565 -0.0932709 -0.0899167 0.0209565 -0.0932709 -0.0899167 0.0209565 -0.0932709 -0.0899167 0.0209565 -0.0932709 -0.0899167 0.0209565 -0.0932709 -0.0899167 0.0209565 -0.0932709 -0.0899167 0.0209565 -0.0932709 -0.0899167 0.0209565 -0.0932709 -0.0899167 0.0209565 -0.0932709 -0.0899167 0.0209565 -0.0932709 -0.0899167 0.0209565 -0.0932709 -0.0899167 0.0209565 -0.0932709 -0.0899167 0.0209565 -0.0932709 -0.0899167 0.0209565 -0.0932709 -0.0899167 0.0209565 -0.0932709 -0.0899167 0.0209565 -0.0932709 -0.0899167 0.0209565 -0.0932709 -0.0899167 0.0209565 -0.0932709 -0.0899167 0.0209565 -0.0932709 -0.0899167 0.0209565 -0.0932709 -0.0899167 0.0209565 -0.0932709 -0.0899167 0.0209565 -0.0932709 -0.0899167 0.0209565 -0.0932709 -0.0899167 0.0209565 -0.0932709 -0.0899167 0.0209565 -0.0932709 -0.0899167 0.0209565 -0.0932709 -0.0899167 0.0209565 -0.0932709 -0.0899167 0.0209565 -0.0932709 -0.0899167 0.0209565 -0.0932709 -0.0899167 0.0209565 -0.0932709 -0.0899167 0.0209565 -0.0932709 -0.0899167 0.0209565 -0.0932709 -0.0899167 0.0209565 -0.0932709 -0.0899167 0.0209565 -0.0932709 -0.0899167 0.0209565 -0.0932709 -0.0899167 0.0209565 -0.0932709 -0.0899167 0.0209565 -0.0932709 -0.0899167 0.0209565 -0.0932709 -0.0899167 0.0209565 -0.0932709 -0.0899167 0.0209565 -0.0932709 -0.0899167 0.0209565 -0.0932709 -0.0899167 0.0209565 -0.0932709 -0.0899167 0.0209565 -0.0932709 -0.0899167 0.0209565 -0.0932709 -0.0899167 0.0209565 -0.0932709 -0.0899167 0.0209565 -0.0932709 -0.0899167 0.0209565 -0.0932709 -0.0899167 0.0209565 -0.0932709 -0.0899167 0.0209565 -0.0932709 -0.0899167 0.0209565 -0.0932709 -0.0899167 0.0209565 -0.0932709 -0.0899167 0.0209565 -0.0932709 -0.0899167 0.0209565 -0.0932709 -0.0899167 0.0209565 -0.0932709 -0.0899167 0.0209565 -0.0932709 -0.0899167 0.0209565 -0.0932709 -0.0899167 0.0209565 -0.0932709 -0.0899167 0.0209565 -0.0932709 -0.0899167 0.0209565 -0.0932709 -0.0899167 0.0209565 -0.0932709 -0.0899167 0.0209565 -0.0932709 -0.0899167 0.0209565</float_array><technique_common><accessor source="#hpl_mixamorigwRightUpLeg-trans-array" count="102" stride="3" /></technique_common></source>
      <source id="hpl_mixamorigwRightUpLeg-rotz"><float_array id="hpl_mixamorigwRightUpLeg-rotz-array" count="102">26.4812 28.4165 29.368 29.3747 28.6257 27.4867 26.4441 25.7635 25.2575 24.8306 24.3198 23.4661 22.3369 21.1905 20.0943 19.0048 17.891 16.8697 15.924 15.0494 14.2081 13.4182 12.6054 11.7973 11.0044 10.142 9.21445 8.03722 6.73458 5.26928 3.70546 2.06033 0.277662 -1.66431 -3.94554 -6.0435 -7.44359 -7.66522 -6.66887 -4.75173 -2.00405 1.34002 5.23951 9.53653 13.9786 18.1027 21.7456 24.6963 26.8606 28.2569 28.9614 29.1445 29.0101 28.6125 27.9694 27.0858 26.1854 25.0485 23.6891 22.4642 21.4507 20.4658 19.3952 18.3222 17.2868 16.2834 15.3624 14.7784 14.2086 13.7162 13.3049 12.7948 12.3281 11.7386 11.1171 10.4436 9.62377 8.71323 7.63922 6.50915 5.28861 4.00716 2.60188 1.06907 -0.707615 -2.64324 -4.79815 -6.53066 -7.39692 -7.31461 -6.25495 -4.53146 -2.18232 0.648249 3.78622 7.02373 10.1138 13.0152 15.6129 17.9627 19.8253 26.4812</float_array><technique_common><accessor source="#hpl_mixamorigwRightUpLeg-rotz-array" count="102" stride="1" /></technique_common></source>
      <source id="hpl_mixamorigwRightUpLeg-roty"><float_array id="hpl_mixamorigwRightUpLeg-roty-array" count="102">-35.09 -34.9676 -34.607 -33.9506 -33.0407 -31.9607 -30.4878 -28.4479 -26.1967 -24.1745 -22.6793 -21.7597 -21.3001 -21.0778 -20.963 -20.8291 -20.6151 -20.2723 -19.9954 -19.8363 -19.7832 -19.7693 -19.8151 -19.9905 -20.302 -20.701 -21.0796 -21.4751 -21.8826 -22.3348 -22.6806 -22.9504 -23.2887 -23.9011 -24.1564 -23.8135 -23.0405 -22.5912 -22.8062 -23.1329 -23.4053 -23.8767 -24.8243 -26.2978 -27.9943 -29.4592 -30.4941 -31.1253 -31.3267 -31.1447 -30.7737 -30.4353 -29.6122 -27.5901 -24.9965 -22.8554 -21.7869 -21.5512 -21.948 -22.5665 -23.1606 -23.5025 -23.5374 -23.3441 -23.0786 -22.8859 -22.7958 -22.7726 -22.8312 -22.8968 -22.851 -22.7881 -22.7072 -22.5879 -22.4188 -22.182 -21.9303 -21.6659 -21.4559 -21.268 -21.1489 -21.0578 -20.9621 -20.7804 -20.9143 -21.4118 -22.2693 -22.9748 -23.3454 -23.522 -23.9376 -24.4576 -24.9512 -25.4006 -25.8786 -26.235 -26.4398 -26.382 -26.1273 -25.8325 -25.7343 -35.09</float_array><technique_common><accessor source="#hpl_mixamorigwRightUpLeg-roty-array" count="102" stride="1" /></technique_common></source>
      <source id="hpl_mixamorigwRightUpLeg-rotx"><float_array id="hpl_mixamorigwRightUpLeg-rotx-array" count="102">149.194 150.701 152.729 155.203 157.882 160.447 162.593 163.836 163.99 163.175 162.68 162.52 162.439 162.489 162.784 163.014 163.423 163.927 164.521 164.697 164.408 163.837 163.262 162.649 161.691 160.773 159.762 158.846 157.932 157.164 156.529 155.991 155.525 155.592 156.442 157.146 157.082 156.689 156.654 156.708 156.501 156.159 155.717 155.358 155.206 155.417 155.885 156.684 157.761 159.019 160.306 161.335 162.341 163.377 163.76 163.257 163.525 164.729 166.136 167.393 168.073 168.628 169.025 169.59 170.558 171.706 173.08 172.946 172.875 172.877 172.2 171.11 170.18 169.205 168.338 167.477 166.556 165.702 164.93 164.179 163.509 162.883 162.259 161.597 160.67 159.845 159.695 159.59 158.986 157.889 156.726 155.856 154.917 154.059 153.352 152.95 153.006 153.366 154.214 155.148 156.018 149.194</float_array><technique_common><accessor source="#hpl_mixamorigwRightUpLeg-rotx-array" count="102" stride="1" /></technique_common></source>
      <sampler id="hpl_mixamorigwRightUpLeg-trans-sampler"><input semantic="INPUT" source="#hpl_mixamorigwRightUpLeg-time" /><input semantic="OUTPUT" source="#hpl_mixamorigwRightUpLeg-trans" /></sampler><channel source="#hpl_mixamorigwRightUpLeg-trans-sampler" target="mixamorigwRightUpLeg/translate" />
      <sampler id="hpl_mixamorigwRightUpLeg-rotz-sampler"><input semantic="INPUT" source="#hpl_mixamorigwRightUpLeg-time" /><input semantic="OUTPUT" source="#hpl_mixamorigwRightUpLeg-rotz" /></sampler><channel source="#hpl_mixamorigwRightUpLeg-rotz-sampler" target="mixamorigwRightUpLeg/rotateZ.ANGLE" />
      <sampler id="hpl_mixamorigwRightUpLeg-roty-sampler"><input semantic="INPUT" source="#hpl_mixamorigwRightUpLeg-time" /><input semantic="OUTPUT" source="#hpl_mixamorigwRightUpLeg-roty" /></sampler><channel source="#hpl_mixamorigwRightUpLeg-roty-sampler" target="mixamorigwRightUpLeg/rotateY.ANGLE" />
      <sampler id="hpl_mixamorigwRightUpLeg-rotx-sampler"><input semantic="INPUT" source="#hpl_mixamorigwRightUpLeg-time" /><input semantic="OUTPUT" source="#hpl_mixamorigwRightUpLeg-rotx" /></sampler><channel source="#hpl_mixamorigwRightUpLeg-rotx-sampler" target="mixamorigwRightUpLeg/rotateX.ANGLE" />
    </animation>
    <animation id="hpl_mixamorigwRightLeg">
      <source id="hpl_mixamorigwRightLeg-time"><float_array id="hpl_mixamorigwRightLeg-time-array" count="102">0 1 2 3 4 5 6 7 8 9 10 11 12 13 14 15 16 17 18 19 20 21 22 23 24 25 26 27 28 29 30 31 32 33 34 35 36 37 38 39 40 41 42 43 44 45 46 47 48 49 50 51 52 53 54 55 56 57 58 59 60 61 62 63 64 65 66 67 68 69 70 71 72 73 74 75 76 77 78 79 80 81 82 83 84 85 86 87 88 89 90 91 92 93 94 95 96 97 98 99 100 101</float_array><technique_common><accessor source="#hpl_mixamorigwRightLeg-time-array" count="102" stride="1" /></technique_common></source>
      <source id="hpl_mixamorigwRightLeg-trans"><float_array id="hpl_mixamorigwRightLeg-trans-array" count="306">7.06192e-07 0.343251 5.33909e-10 7.06192e-07 0.343251 5.33909e-10 7.06192e-07 0.343251 5.33909e-10 7.06192e-07 0.343251 5.33909e-10 7.06192e-07 0.343251 5.33909e-10 7.06192e-07 0.343251 5.33909e-10 7.06192e-07 0.343251 5.33909e-10 7.06192e-07 0.343251 5.33909e-10 7.06192e-07 0.343251 5.33909e-10 7.06192e-07 0.343251 5.33909e-10 7.06192e-07 0.343251 5.33909e-10 7.06192e-07 0.343251 5.33909e-10 7.06192e-07 0.343251 5.33909e-10 7.06192e-07 0.343251 5.33909e-10 7.06192e-07 0.343251 5.33909e-10 7.06192e-07 0.343251 5.33909e-10 7.06192e-07 0.343251 5.33909e-10 7.06192e-07 0.343251 5.33909e-10 7.06192e-07 0.343251 5.33909e-10 7.06192e-07 0.343251 5.33909e-10 7.06192e-07 0.343251 5.33909e-10 7.06192e-07 0.343251 5.33909e-10 7.06192e-07 0.343251 5.33909e-10 7.06192e-07 0.343251 5.33909e-10 7.06192e-07 0.343251 5.33909e-10 7.06192e-07 0.343251 5.33909e-10 7.06192e-07 0.343251 5.33909e-10 7.06192e-07 0.343251 5.33909e-10 7.06192e-07 0.343251 5.33909e-10 7.06192e-07 0.343251 5.33909e-10 7.06192e-07 0.343251 5.33909e-10 7.06192e-07 0.343251 5.33909e-10 7.06192e-07 0.343251 5.33909e-10 7.06192e-07 0.343251 5.33909e-10 7.06192e-07 0.343251 5.33909e-10 7.06192e-07 0.343251 5.33909e-10 7.06192e-07 0.343251 5.33909e-10 7.06192e-07 0.343251 5.33909e-10 7.06192e-07 0.343251 5.33909e-10 7.06192e-07 0.343251 5.33909e-10 7.06192e-07 0.343251 5.33909e-10 7.06192e-07 0.343251 5.33909e-10 7.06192e-07 0.343251 5.33909e-10 7.06192e-07 0.343251 5.33909e-10 7.06192e-07 0.343251 5.33909e-10 7.06192e-07 0.343251 5.33909e-10 7.06192e-07 0.343251 5.33909e-10 7.06192e-07 0.343251 5.33909e-10 7.06192e-07 0.343251 5.33909e-10 7.06192e-07 0.343251 5.33909e-10 7.06192e-07 0.343251 5.33909e-10 7.06192e-07 0.343251 5.33909e-10 7.06192e-07 0.343251 5.33909e-10 7.06192e-07 0.343251 5.33909e-10 7.06192e-07 0.343251 5.33909e-10 7.06192e-07 0.343251 5.33909e-10 7.06192e-07 0.343251 5.33909e-10 7.06192e-07 0.343251 5.33909e-10 7.06192e-07 0.343251 5.33909e-10 7.06192e-07 0.343251 5.33909e-10 7.06192e-07 0.343251 5.33909e-10 7.06192e-07 0.343251 5.33909e-10 7.06192e-07 0.343251 5.33909e-10 7.06192e-07 0.343251 5.33909e-10 7.06192e-07 0.343251 5.33909e-10 7.06192e-07 0.343251 5.33909e-10 7.06192e-07 0.343251 5.33909e-10 7.06192e-07 0.343251 5.33909e-10 7.06192e-07 0.343251 5.33909e-10 7.06192e-07 0.343251 5.33909e-10 7.06192e-07 0.343251 5.33909e-10 7.06192e-07 0.343251 5.33909e-10 7.06192e-07 0.343251 5.33909e-10 7.06192e-07 0.343251 5.33909e-10 7.06192e-07 0.343251 5.33909e-10 7.06192e-07 0.343251 5.33909e-10 7.06192e-07 0.343251 5.33909e-10 7.06192e-07 0.343251 5.33909e-10 7.06192e-07 0.343251 5.33909e-10 7.06192e-07 0.343251 5.33909e-10 7.06192e-07 0.343251 5.33909e-10 7.06192e-07 0.343251 5.33909e-10 7.06192e-07 0.343251 5.33909e-10 7.06192e-07 0.343251 5.33909e-10 7.06192e-07 0.343251 5.33909e-10 7.06192e-07 0.343251 5.33909e-10 7.06192e-07 0.343251 5.33909e-10 7.06192e-07 0.343251 5.33909e-10 7.06192e-07 0.343251 5.33909e-10 7.06192e-07 0.343251 5.33909e-10 7.06192e-07 0.343251 5.33909e-10 7.06192e-07 0.343251 5.33909e-10 7.06192e-07 0.343251 5.33909e-10 7.06192e-07 0.343251 5.33909e-10 7.06192e-07 0.343251 5.33909e-10 7.06192e-07 0.343251 5.33909e-10 7.06192e-07 0.343251 5.33909e-10 7.06192e-07 0.343251 5.33909e-10 7.06192e-07 0.343251 5.33909e-10 7.06192e-07 0.343251 5.33909e-10 7.06192e-07 0.343251 5.33909e-10 7.06192e-07 0.343251 5.33909e-10</float_array><technique_common><accessor source="#hpl_mixamorigwRightLeg-trans-array" count="102" stride="3" /></technique_common></source>
      <source id="hpl_mixamorigwRightLeg-rotz"><float_array id="hpl_mixamorigwRightLeg-rotz-array" count="102">1.50529 1.41771 1.26221 1.09164 0.964793 0.88582 0.829717 0.828922 0.800793 0.777759 0.751761 0.677353 0.611622 0.535807 0.49439 0.4856 0.459871 0.42133 0.37463 0.36163 0.383053 0.418687 0.464489 0.520806 0.612471 0.706583 0.799768 0.873863 0.914683 0.927123 0.90478 0.89051 0.814713 0.699926 0.514895 0.328396 0.345891 0.528556 0.549469 0.500452 0.570018 0.748256 0.984913 1.19485 1.35628 1.45301 1.45259 1.34573 1.17196 0.952093 0.798251 0.727743 0.726655 0.758816 0.780171 0.82046 0.824871 0.785799 0.663173 0.558598 0.53365 0.498959 0.444187 0.368047 0.274314 0.167266 0.0540172 0.0534651 0.0534527 0.0528474 0.0967654 0.165933 0.227543 0.300616 0.378094 0.462181 0.544754 0.618185 0.676247 0.710813 0.732573 0.746908 0.750893 0.732456 0.725414 0.638574 0.550274 0.43063 0.369985 0.404185 0.472689 0.528559 0.558699 0.635731 0.804422 0.987098 1.14243 1.256 1.29943 1.29493 1.23446 1.50529</float_array><technique_common><accessor source="#hpl_mixamorigwRightLeg-rotz-array" count="102" stride="1" /></technique_common></source>
      <source id="hpl_mixamorigwRightLeg-roty"><float_array id="hpl_mixamorigwRightLeg-roty-array" count="102">-4.78443 -4.57702 -4.38307 -4.3108 -4.28273 -4.35659 -4.36554 -4.39483 -4.38123 -4.36888 -4.3162 -4.28558 -4.28985 -4.34028 -4.39927 -4.44076 -4.46667 -4.46742 -4.46416 -4.45168 -4.44159 -4.44579 -4.4655 -4.53647 -4.62855 -4.74366 -4.84365 -4.94466 -5.07231 -5.22166 -5.36083 -5.48242 -5.52258 -5.63267 -5.59086 -5.79536 -5.96611 -5.97946 -5.87438 -5.74646 -5.6403 -5.57231 -5.53295 -5.53664 -5.4809 -5.28903 -5.00644 -4.71875 -4.4713 -4.31697 -4.18597 -4.11952 -3.96466 -3.82588 -3.68718 -3.64923 -3.66518 -3.68967 -3.77699 -3.8611 -4.00312 -4.09644 -4.17095 -4.16784 -4.16452 -4.14885 -4.17936 -4.20705 -4.23601 -4.2697 -4.28267 -4.31984 -4.38366 -4.44561 -4.5045 -4.55356 -4.60526 -4.67031 -4.73295 -4.81713 -4.91719 -5.02532 -5.12251 -5.16234 -5.22724 -5.42608 -5.48498 -5.67602 -5.76362 -5.76723 -5.68968 -5.60796 -5.55726 -5.51205 -5.49625 -5.46874 -5.42935 -5.30388 -5.10309 -4.88858 -4.63021 -4.78443</float_array><technique_common><accessor source="#hpl_mixamorigwRightLeg-roty-array" count="102" stride="1" /></technique_common></source>
      <source id="hpl_mixamorigwRightLeg-rotx"><float_array id="hpl_mixamorigwRightLeg-rotx-array" count="102">49.9706 50.4962 49.2684 45.9371 40.692 34.5842 29.375 26.1467 24.5047 23.9489 22.7953 21.4423 20.193 18.9836 17.5541 16.1937 14.6346 12.9808 11.4677 10.9187 11.4272 12.5627 13.7735 15.1303 17.1711 19.2061 21.2281 23.0166 24.6303 25.8727 26.7422 27.0738 26.4246 23.7458 19.5407 15.0573 11.7136 10.5318 11.1357 13.5287 17.7318 22.9491 28.7568 34.4672 39.3401 42.761 44.7576 45.1271 43.7829 40.6382 36.0637 31.1019 27.489 25.4837 24.6112 24.9051 23.9275 21.9057 19.7428 17.66 16.1929 14.4902 12.841 10.7821 7.94133 4.86241 1.61591 1.61594 1.61591 1.61595 2.99328 5.24018 7.16107 9.28454 11.2963 13.3129 15.3587 17.2739 18.9599 20.4442 21.6058 22.4518 23.0163 23.2427 22.9443 21.9126 19.3303 16.2688 13.5416 12.3702 13.485 16.3106 20.3751 25.0692 30.026 34.769 38.5939 41.2467 42.4487 42.6117 41.9364 49.9706</float_array><technique_common><accessor source="#hpl_mixamorigwRightLeg-rotx-array" count="102" stride="1" /></technique_common></source>
      <sampler id="hpl_mixamorigwRightLeg-trans-sampler"><input semantic="INPUT" source="#hpl_mixamorigwRightLeg-time" /><input semantic="OUTPUT" source="#hpl_mixamorigwRightLeg-trans" /></sampler><channel source="#hpl_mixamorigwRightLeg-trans-sampler" target="mixamorigwRightLeg/translate" />
      <sampler id="hpl_mixamorigwRightLeg-rotz-sampler"><input semantic="INPUT" source="#hpl_mixamorigwRightLeg-time" /><input semantic="OUTPUT" source="#hpl_mixamorigwRightLeg-rotz" /></sampler><channel source="#hpl_mixamorigwRightLeg-rotz-sampler" target="mixamorigwRightLeg/rotateZ.ANGLE" />
      <sampler id="hpl_mixamorigwRightLeg-roty-sampler"><input semantic="INPUT" source="#hpl_mixamorigwRightLeg-time" /><input semantic="OUTPUT" source="#hpl_mixamorigwRightLeg-roty" /></sampler><channel source="#hpl_mixamorigwRightLeg-roty-sampler" target="mixamorigwRightLeg/rotateY.ANGLE" />
      <sampler id="hpl_mixamorigwRightLeg-rotx-sampler"><input semantic="INPUT" source="#hpl_mixamorigwRightLeg-time" /><input semantic="OUTPUT" source="#hpl_mixamorigwRightLeg-rotx" /></sampler><channel source="#hpl_mixamorigwRightLeg-rotx-sampler" target="mixamorigwRightLeg/rotateX.ANGLE" />
    </animation>
    <animation id="hpl_mixamorigwRightFoot">
      <source id="hpl_mixamorigwRightFoot-time"><float_array id="hpl_mixamorigwRightFoot-time-array" count="102">0 1 2 3 4 5 6 7 8 9 10 11 12 13 14 15 16 17 18 19 20 21 22 23 24 25 26 27 28 29 30 31 32 33 34 35 36 37 38 39 40 41 42 43 44 45 46 47 48 49 50 51 52 53 54 55 56 57 58 59 60 61 62 63 64 65 66 67 68 69 70 71 72 73 74 75 76 77 78 79 80 81 82 83 84 85 86 87 88 89 90 91 92 93 94 95 96 97 98 99 100 101</float_array><technique_common><accessor source="#hpl_mixamorigwRightFoot-time-array" count="102" stride="1" /></technique_common></source>
      <source id="hpl_mixamorigwRightFoot-trans"><float_array id="hpl_mixamorigwRightFoot-trans-array" count="306">-1.23877e-07 0.361137 -2.12505e-07 -1.23877e-07 0.361137 -2.12505e-07 -1.23877e-07 0.361137 -2.12505e-07 -1.23877e-07 0.361137 -2.12505e-07 -1.23877e-07 0.361137 -2.12505e-07 -1.23877e-07 0.361137 -2.12505e-07 -1.23877e-07 0.361137 -2.12505e-07 -1.23877e-07 0.361137 -2.12505e-07 -1.23877e-07 0.361137 -2.12505e-07 -1.23877e-07 0.361137 -2.12505e-07 -1.23877e-07 0.361137 -2.12505e-07 -1.23877e-07 0.361137 -2.12505e-07 -1.23877e-07 0.361137 -2.12505e-07 -1.23877e-07 0.361137 -2.12505e-07 -1.23877e-07 0.361137 -2.12505e-07 -1.23877e-07 0.361137 -2.12505e-07 -1.23877e-07 0.361137 -2.12505e-07 -1.23877e-07 0.361137 -2.12505e-07 -1.23877e-07 0.361137 -2.12505e-07 -1.23877e-07 0.361137 -2.12505e-07 -1.23877e-07 0.361137 -2.12505e-07 -1.23877e-07 0.361137 -2.12505e-07 -1.23877e-07 0.361137 -2.12505e-07 -1.23877e-07 0.361137 -2.12505e-07 -1.23877e-07 0.361137 -2.12505e-07 -1.23877e-07 0.361137 -2.12505e-07 -1.23877e-07 0.361137 -2.12505e-07 -1.23877e-07 0.361137 -2.12505e-07 -1.23877e-07 0.361137 -2.12505e-07 -1.23877e-07 0.361137 -2.12505e-07 -1.23877e-07 0.361137 -2.12505e-07 -1.23877e-07 0.361137 -2.12505e-07 -1.23877e-07 0.361137 -2.12505e-07 -1.23877e-07 0.361137 -2.12505e-07 -1.23877e-07 0.361137 -2.12505e-07 -1.23877e-07 0.361137 -2.12505e-07 -1.23877e-07 0.361137 -2.12505e-07 -1.23877e-07 0.361137 -2.12505e-07 -1.23877e-07 0.361137 -2.12505e-07 -1.23877e-07 0.361137 -2.12505e-07 -1.23877e-07 0.361137 -2.12505e-07 -1.23877e-07 0.361137 -2.12505e-07 -1.23877e-07 0.361137 -2.12505e-07 -1.23877e-07 0.361137 -2.12505e-07 -1.23877e-07 0.361137 -2.12505e-07 -1.23877e-07 0.361137 -2.12505e-07 -1.23877e-07 0.361137 -2.12505e-07 -1.23877e-07 0.361137 -2.12505e-07 -1.23877e-07 0.361137 -2.12505e-07 -1.23877e-07 0.361137 -2.12505e-07 -1.23877e-07 0.361137 -2.12505e-07 -1.23877e-07 0.361137 -2.12505e-07 -1.23877e-07 0.361137 -2.12505e-07 -1.23877e-07 0.361137 -2.12505e-07 -1.23877e-07 0.361137 -2.12505e-07 -1.23877e-07 0.361137 -2.12505e-07 -1.23877e-07 0.361137 -2.12505e-07 -1.23877e-07 0.361137 -2.12505e-07 -1.23877e-07 0.361137 -2.12505e-07 -1.23877e-07 0.361137 -2.12505e-07 -1.23877e-07 0.361137 -2.12505e-07 -1.23877e-07 0.361137 -2.12505e-07 -1.23877e-07 0.361137 -2.12505e-07 -1.23877e-07 0.361137 -2.12505e-07 -1.23877e-07 0.361137 -2.12505e-07 -1.23877e-07 0.361137 -2.12505e-07 -1.23877e-07 0.361137 -2.12505e-07 -1.23877e-07 0.361137 -2.12505e-07 -1.23877e-07 0.361137 -2.12505e-07 -1.23877e-07 0.361137 -2.12505e-07 -1.23877e-07 0.361137 -2.12505e-07 -1.23877e-07 0.361137 -2.12505e-07 -1.23877e-07 0.361137 -2.12505e-07 -1.23877e-07 0.361137 -2.12505e-07 -1.23877e-07 0.361137 -2.12505e-07 -1.23877e-07 0.361137 -2.12505e-07 -1.23877e-07 0.361137 -2.12505e-07 -1.23877e-07 0.361137 -2.12505e-07 -1.23877e-07 0.361137 -2.12505e-07 -1.23877e-07 0.361137 -2.12505e-07 -1.23877e-07 0.361137 -2.12505e-07 -1.23877e-07 0.361137 -2.12505e-07 -1.23877e-07 0.361137 -2.12505e-07 -1.23877e-07 0.361137 -2.12505e-07 -1.23877e-07 0.361137 -2.12505e-07 -1.23877e-07 0.361137 -2.12505e-07 -1.23877e-07 0.361137 -2.12505e-07 -1.23877e-07 0.361137 -2.12505e-07 -1.23877e-07 0.361137 -2.12505e-07 -1.23877e-07 0.361137 -2.12505e-07 -1.23877e-07 0.361137 -2.12505e-07 -1.23877e-07 0.361137 -2.12505e-07 -1.23877e-07 0.361137 -2.12505e-07 -1.23877e-07 0.361137 -2.12505e-07 -1.23877e-07 0.361137 -2.12505e-07 -1.23877e-07 0.361137 -2.12505e-07 -1.23877e-07 0.361137 -2.12505e-07 -1.23877e-07 0.361137 -2.12505e-07 -1.23877e-07 0.361137 -2.12505e-07 -1.23877e-07 0.361137 -2.12505e-07 -1.23877e-07 0.361137 -2.12505e-07 -1.23877e-07 0.361137 -2.12505e-07</float_array><technique_common><accessor source="#hpl_mixamorigwRightFoot-trans-array" count="102" stride="3" /></technique_common></source>
      <source id="hpl_mixamorigwRightFoot-rotz"><float_array id="hpl_mixamorigwRightFoot-rotz-array" count="102">-8.62837 -11.5842 -14.1087 -15.3577 -14.212 -9.17356 -2.02385 2.99425 5.00566 4.81287 3.75237 2.71798 1.6363 0.690463 0.0207148 -0.564032 -1.10112 -1.49559 -1.90943 -2.5637 -3.50358 -4.5148 -5.56646 -6.71122 -8.05624 -9.49989 -10.9489 -12.4723 -14.0112 -15.6479 -17.2954 -18.8519 -20.1794 -20.5016 -19.9542 -17.953 -13.3044 -7.34199 -3.47104 -1.6913 -1.02736 -1.12222 -2.35942 -4.47539 -6.85762 -9.21034 -11.7882 -14.8188 -18.0623 -20.2073 -19.9973 -14.947 -4.31186 3.23907 6.34784 6.54827 6.08624 5.39153 4.2223 3.07769 2.24943 1.71524 1.20139 0.837459 0.736695 0.787539 0.974947 0.569454 0.0847549 -0.407099 -1.13908 -2.19747 -3.058 -4.04755 -4.99612 -5.94326 -7.0514 -8.2096 -9.47797 -10.8085 -12.226 -13.7045 -15.3604 -17.0761 -18.5805 -19.4017 -19.2439 -17.8297 -13.6955 -7.67815 -4.05352 -3.97725 -4.69086 -5.32662 -6.13778 -7.2311 -8.59684 -9.92899 -11.1619 -12.1454 -12.4573 -8.62837</float_array><technique_common><accessor source="#hpl_mixamorigwRightFoot-rotz-array" count="102" stride="1" /></technique_common></source>
      <source id="hpl_mixamorigwRightFoot-roty"><float_array id="hpl_mixamorigwRightFoot-roty-array" count="102">18.9489 13.0891 6.61354 1.57323 -0.470285 0.119732 2.0224 4.09872 6.46922 8.48011 10.503 12.3882 13.8277 15.1111 16.1368 17.1046 18.1963 19.3421 20.3652 21.1712 21.857 22.4388 22.812 23.0543 23.0138 22.8658 22.6802 22.4303 22.112 21.7438 21.3477 20.8638 20.2895 20.1332 20.3174 21.1357 23.3587 25.7428 26.9195 27.2817 27.3897 27.4648 27.0946 25.8766 23.9436 21.237 17.4092 12.001 5.14447 -0.744275 -3.5644 -2.83649 0.806374 5.5506 10.5119 14.3838 17.4246 19.2884 19.8348 19.4606 19.0803 19.0428 19.4597 20.0282 20.6046 21.0115 21.2377 21.38 21.4796 21.7092 21.9487 22.1838 22.3489 22.3965 22.4676 22.5876 22.6878 22.7249 22.6673 22.5772 22.3863 22.0695 21.7255 21.3139 20.7621 20.404 20.5073 21.2706 23.3655 25.6498 26.5078 26.0394 25.1711 24.3367 23.722 23.0122 22.0804 20.85 19.0444 16.6122 14.3369 18.9489</float_array><technique_common><accessor source="#hpl_mixamorigwRightFoot-roty-array" count="102" stride="1" /></technique_common></source>
      <source id="hpl_mixamorigwRightFoot-rotx"><float_array id="hpl_mixamorigwRightFoot-rotx-array" count="102">-63.6409 -61.9228 -59.1647 -56.2481 -54.7309 -55.6247 -59.1038 -63.5789 -68.1526 -72.7092 -75.5305 -76.9115 -77.6364 -77.2602 -76.4389 -75.2682 -73.9862 -72.6957 -71.7807 -71.4272 -71.5997 -71.8824 -72.2252 -72.6454 -73.3521 -74.0267 -74.5457 -74.717 -74.6593 -74.273 -73.566 -72.8757 -71.3865 -67.9298 -62.9277 -57.2015 -52.2236 -50.0584 -50.8343 -52.8024 -55.2556 -57.7635 -60.3481 -62.6201 -64.0398 -64.4097 -63.8371 -62.0922 -59.0092 -55.5667 -53.3712 -53.9532 -58.1903 -63.4807 -67.9309 -72.3855 -75.005 -76.255 -77.123 -77.7399 -77.456 -76.3966 -74.9815 -73.2106 -71.1175 -69.0085 -66.8311 -66.4417 -65.9809 -65.5783 -65.673 -66.4304 -67.1305 -68.0207 -68.9399 -69.8274 -70.6379 -71.3218 -71.8425 -72.1747 -72.3335 -72.3885 -72.2472 -71.9187 -71.2552 -69.4298 -65.1094 -59.3754 -53.4948 -48.9349 -48.32 -50.7024 -53.8511 -57.0281 -60.2564 -63.2691 -66.0623 -68.3516 -69.9243 -70.8316 -71.1225 -63.6409</float_array><technique_common><accessor source="#hpl_mixamorigwRightFoot-rotx-array" count="102" stride="1" /></technique_common></source>
      <sampler id="hpl_mixamorigwRightFoot-trans-sampler"><input semantic="INPUT" source="#hpl_mixamorigwRightFoot-time" /><input semantic="OUTPUT" source="#hpl_mixamorigwRightFoot-trans" /></sampler><channel source="#hpl_mixamorigwRightFoot-trans-sampler" target="mixamorigwRightFoot/translate" />
      <sampler id="hpl_mixamorigwRightFoot-rotz-sampler"><input semantic="INPUT" source="#hpl_mixamorigwRightFoot-time" /><input semantic="OUTPUT" source="#hpl_mixamorigwRightFoot-rotz" /></sampler><channel source="#hpl_mixamorigwRightFoot-rotz-sampler" target="mixamorigwRightFoot/rotateZ.ANGLE" />
      <sampler id="hpl_mixamorigwRightFoot-roty-sampler"><input semantic="INPUT" source="#hpl_mixamorigwRightFoot-time" /><input semantic="OUTPUT" source="#hpl_mixamorigwRightFoot-roty" /></sampler><channel source="#hpl_mixamorigwRightFoot-roty-sampler" target="mixamorigwRightFoot/rotateY.ANGLE" />
      <sampler id="hpl_mixamorigwRightFoot-rotx-sampler"><input semantic="INPUT" source="#hpl_mixamorigwRightFoot-time" /><input semantic="OUTPUT" source="#hpl_mixamorigwRightFoot-rotx" /></sampler><channel source="#hpl_mixamorigwRightFoot-rotx-sampler" target="mixamorigwRightFoot/rotateX.ANGLE" />
    </animation>
    <animation id="hpl_mixamorigwRightToeBase">
      <source id="hpl_mixamorigwRightToeBase-time"><float_array id="hpl_mixamorigwRightToeBase-time-array" count="102">0 1 2 3 4 5 6 7 8 9 10 11 12 13 14 15 16 17 18 19 20 21 22 23 24 25 26 27 28 29 30 31 32 33 34 35 36 37 38 39 40 41 42 43 44 45 46 47 48 49 50 51 52 53 54 55 56 57 58 59 60 61 62 63 64 65 66 67 68 69 70 71 72 73 74 75 76 77 78 79 80 81 82 83 84 85 86 87 88 89 90 91 92 93 94 95 96 97 98 99 100 101</float_array><technique_common><accessor source="#hpl_mixamorigwRightToeBase-time-array" count="102" stride="1" /></technique_common></source>
      <source id="hpl_mixamorigwRightToeBase-trans"><float_array id="hpl_mixamorigwRightToeBase-trans-array" count="306">-5.86781e-07 0.170855 -2.20829e-08 -5.86781e-07 0.170855 -2.20829e-08 -5.86781e-07 0.170855 -2.20829e-08 -5.86781e-07 0.170855 -2.20829e-08 -5.86781e-07 0.170855 -2.20829e-08 -5.86781e-07 0.170855 -2.20829e-08 -5.86781e-07 0.170855 -2.20829e-08 -5.86781e-07 0.170855 -2.20829e-08 -5.86781e-07 0.170855 -2.20829e-08 -5.86781e-07 0.170855 -2.20829e-08 -5.86781e-07 0.170855 -2.20829e-08 -5.86781e-07 0.170855 -2.20829e-08 -5.86781e-07 0.170855 -2.20829e-08 -5.86781e-07 0.170855 -2.20829e-08 -5.86781e-07 0.170855 -2.20829e-08 -5.86781e-07 0.170855 -2.20829e-08 -5.86781e-07 0.170855 -2.20829e-08 -5.86781e-07 0.170855 -2.20829e-08 -5.86781e-07 0.170855 -2.20829e-08 -5.86781e-07 0.170855 -2.20829e-08 -5.86781e-07 0.170855 -2.20829e-08 -5.86781e-07 0.170855 -2.20829e-08 -5.86781e-07 0.170855 -2.20829e-08 -5.86781e-07 0.170855 -2.20829e-08 -5.86781e-07 0.170855 -2.20829e-08 -5.86781e-07 0.170855 -2.20829e-08 -5.86781e-07 0.170855 -2.20829e-08 -5.86781e-07 0.170855 -2.20829e-08 -5.86781e-07 0.170855 -2.20829e-08 -5.86781e-07 0.170855 -2.20829e-08 -5.86781e-07 0.170855 -2.20829e-08 -5.86781e-07 0.170855 -2.20829e-08 -5.86781e-07 0.170855 -2.20829e-08 -5.86781e-07 0.170855 -2.20829e-08 -5.86781e-07 0.170855 -2.20829e-08 -5.86781e-07 0.170855 -2.20829e-08 -5.86781e-07 0.170855 -2.20829e-08 -5.86781e-07 0.170855 -2.20829e-08 -5.86781e-07 0.170855 -2.20829e-08 -5.86781e-07 0.170855 -2.20829e-08 -5.86781e-07 0.170855 -2.20829e-08 -5.86781e-07 0.170855 -2.20829e-08 -5.86781e-07 0.170855 -2.20829e-08 -5.86781e-07 0.170855 -2.20829e-08 -5.86781e-07 0.170855 -2.20829e-08 -5.86781e-07 0.170855 -2.20829e-08 -5.86781e-07 0.170855 -2.20829e-08 -5.86781e-07 0.170855 -2.20829e-08 -5.86781e-07 0.170855 -2.20829e-08 -5.86781e-07 0.170855 -2.20829e-08 -5.86781e-07 0.170855 -2.20829e-08 -5.86781e-07 0.170855 -2.20829e-08 -5.86781e-07 0.170855 -2.20829e-08 -5.86781e-07 0.170855 -2.20829e-08 -5.86781e-07 0.170855 -2.20829e-08 -5.86781e-07 0.170855 -2.20829e-08 -5.86781e-07 0.170855 -2.20829e-08 -5.86781e-07 0.170855 -2.20829e-08 -5.86781e-07 0.170855 -2.20829e-08 -5.86781e-07 0.170855 -2.20829e-08 -5.86781e-07 0.170855 -2.20829e-08 -5.86781e-07 0.170855 -2.20829e-08 -5.86781e-07 0.170855 -2.20829e-08 -5.86781e-07 0.170855 -2.20829e-08 -5.86781e-07 0.170855 -2.20829e-08 -5.86781e-07 0.170855 -2.20829e-08 -5.86781e-07 0.170855 -2.20829e-08 -5.86781e-07 0.170855 -2.20829e-08 -5.86781e-07 0.170855 -2.20829e-08 -5.86781e-07 0.170855 -2.20829e-08 -5.86781e-07 0.170855 -2.20829e-08 -5.86781e-07 0.170855 -2.20829e-08 -5.86781e-07 0.170855 -2.20829e-08 -5.86781e-07 0.170855 -2.20829e-08 -5.86781e-07 0.170855 -2.20829e-08 -5.86781e-07 0.170855 -2.20829e-08 -5.86781e-07 0.170855 -2.20829e-08 -5.86781e-07 0.170855 -2.20829e-08 -5.86781e-07 0.170855 -2.20829e-08 -5.86781e-07 0.170855 -2.20829e-08 -5.86781e-07 0.170855 -2.20829e-08 -5.86781e-07 0.170855 -2.20829e-08 -5.86781e-07 0.170855 -2.20829e-08 -5.86781e-07 0.170855 -2.20829e-08 -5.86781e-07 0.170855 -2.20829e-08 -5.86781e-07 0.170855 -2.20829e-08 -5.86781e-07 0.170855 -2.20829e-08 -5.86781e-07 0.170855 -2.20829e-08 -5.86781e-07 0.170855 -2.20829e-08 -5.86781e-07 0.170855 -2.20829e-08 -5.86781e-07 0.170855 -2.20829e-08 -5.86781e-07 0.170855 -2.20829e-08 -5.86781e-07 0.170855 -2.20829e-08 -5.86781e-07 0.170855 -2.20829e-08 -5.86781e-07 0.170855 -2.20829e-08 -5.86781e-07 0.170855 -2.20829e-08 -5.86781e-07 0.170855 -2.20829e-08 -5.86781e-07 0.170855 -2.20829e-08 -5.86781e-07 0.170855 -2.20829e-08 -5.86781e-07 0.170855 -2.20829e-08 -5.86781e-07 0.170855 -2.20829e-08 -5.86781e-07 0.170855 -2.20829e-08</float_array><technique_common><accessor source="#hpl_mixamorigwRightToeBase-trans-array" count="102" stride="3" /></technique_common></source>
      <source id="hpl_mixamorigwRightToeBase-rotz"><float_array id="hpl_mixamorigwRightToeBase-rotz-array" count="102">-0.126402 -0.110927 -0.134345 -0.205012 -0.421855 -0.935262 -1.36079 -1.27657 -0.973798 -0.671733 -0.445057 -0.270227 -0.163357 -0.0620425 0.020154 0.0579528 0.0935851 0.134258 0.139782 0.164286 0.207328 0.215845 0.255403 0.277617 0.30487 0.329101 0.337217 0.326654 0.295571 0.29982 0.295964 0.31273 0.283448 0.167362 0.058008 -0.0945131 -0.140168 -0.0287947 0.0572125 0.0902804 0.0942143 0.0868047 0.0509897 -0.0405993 -0.145121 -0.168803 -0.158459 -0.1545 -0.171344 -0.251218 -0.404723 -0.822906 -1.43658 -1.35434 -1.02818 -0.734622 -0.519972 -0.364459 -0.180568 -0.0626957 -0.00117954 0.0403826 0.0583346 0.0706299 0.0948541 0.10286 0.122175 0.138078 0.174543 0.164927 0.163078 0.178468 0.187791 0.230348 0.257096 0.274054 0.281181 0.297935 0.333169 0.326931 0.319272 0.314926 0.324371 0.322966 0.320391 0.249358 0.151674 0.0170066 -0.0792144 0.00260418 0.107469 0.110593 0.120365 0.120133 0.0933328 0.0661757 0.0235908 -0.0256825 -0.0780292 -0.134326 -0.185049 -0.126402</float_array><technique_common><accessor source="#hpl_mixamorigwRightToeBase-rotz-array" count="102" stride="1" /></technique_common></source>
      <source id="hpl_mixamorigwRightToeBase-roty"><float_array id="hpl_mixamorigwRightToeBase-roty-array" count="102">2.38533 2.50829 2.64155 2.78568 2.9489 3.34248 3.57808 3.44458 3.08368 2.66114 2.32339 2.03295 1.8632 1.71138 1.6168 1.55133 1.52949 1.53289 1.50502 1.49014 1.49804 1.49476 1.52373 1.53786 1.55308 1.5653 1.56893 1.57666 1.58823 1.61101 1.57686 1.56811 1.51789 1.51761 1.59746 1.71868 1.77514 1.75325 1.75592 1.78416 1.8365 1.94215 2.07317 2.16848 2.21955 2.28914 2.36026 2.4702 2.63127 2.74388 2.83293 3.13538 3.53448 3.40747 3.05267 2.60096 2.25957 2.00469 1.83647 1.72053 1.62232 1.56552 1.53273 1.52551 1.5418 1.55233 1.56311 1.57009 1.58768 1.5782 1.57879 1.59545 1.60769 1.63269 1.63892 1.63176 1.61876 1.61917 1.63462 1.62368 1.61696 1.60508 1.59196 1.55718 1.52448 1.45146 1.47327 1.60546 1.71066 1.72333 1.70805 1.69862 1.73123 1.81201 1.88255 1.98946 2.06662 2.10843 2.149 2.20176 2.27909 2.38533</float_array><technique_common><accessor source="#hpl_mixamorigwRightToeBase-roty-array" count="102" stride="1" /></technique_common></source>
      <source id="hpl_mixamorigwRightToeBase-rotx"><float_array id="hpl_mixamorigwRightToeBase-rotx-array" count="102">-40.5322 -40.597 -40.7892 -41.3334 -42.8708 -47.352 -50.8444 -50.059 -47.3592 -44.487 -42.1184 -40.2377 -39.0011 -37.9592 -37.2414 -36.8204 -36.5894 -36.4477 -36.3066 -36.1599 -36.0608 -36.0315 -36.0327 -36.0216 -35.9887 -35.9665 -35.9732 -36.0661 -36.233 -36.3162 -36.1995 -36.0618 -36.0278 -36.5324 -37.3707 -38.5192 -38.8215 -38.3216 -38.273 -38.4563 -38.6237 -38.866 -39.2345 -39.7171 -40.1886 -40.4523 -40.5631 -40.6296 -40.7928 -41.1859 -42.0976 -45.734 -51.185 -50.4553 -47.5852 -44.5799 -42.2591 -40.5043 -38.9435 -37.8525 -37.1864 -36.8081 -36.6053 -36.53 -36.522 -36.5334 -36.5105 -36.4742 -36.4329 -36.4342 -36.4679 -36.5119 -36.539 -36.513 -36.4544 -36.379 -36.3169 -36.2856 -36.2613 -36.2683 -36.2976 -36.2813 -36.1956 -36.1232 -35.984 -36.0211 -36.4431 -37.5668 -38.3833 -38.1742 -37.7981 -37.8132 -37.9663 -38.1941 -38.4745 -38.8319 -39.1927 -39.4853 -39.8228 -40.2416 -40.7565 -40.5322</float_array><technique_common><accessor source="#hpl_mixamorigwRightToeBase-rotx-array" count="102" stride="1" /></technique_common></source>
      <sampler id="hpl_mixamorigwRightToeBase-trans-sampler"><input semantic="INPUT" source="#hpl_mixamorigwRightToeBase-time" /><input semantic="OUTPUT" source="#hpl_mixamorigwRightToeBase-trans" /></sampler><channel source="#hpl_mixamorigwRightToeBase-trans-sampler" target="mixamorigwRightToeBase/translate" />
      <sampler id="hpl_mixamorigwRightToeBase-rotz-sampler"><input semantic="INPUT" source="#hpl_mixamorigwRightToeBase-time" /><input semantic="OUTPUT" source="#hpl_mixamorigwRightToeBase-rotz" /></sampler><channel source="#hpl_mixamorigwRightToeBase-rotz-sampler" target="mixamorigwRightToeBase/rotateZ.ANGLE" />
      <sampler id="hpl_mixamorigwRightToeBase-roty-sampler"><input semantic="INPUT" source="#hpl_mixamorigwRightToeBase-time" /><input semantic="OUTPUT" source="#hpl_mixamorigwRightToeBase-roty" /></sampler><channel source="#hpl_mixamorigwRightToeBase-roty-sampler" target="mixamorigwRightToeBase/rotateY.ANGLE" />
      <sampler id="hpl_mixamorigwRightToeBase-rotx-sampler"><input semantic="INPUT" source="#hpl_mixamorigwRightToeBase-time" /><input semantic="OUTPUT" source="#hpl_mixamorigwRightToeBase-rotx" /></sampler><channel source="#hpl_mixamorigwRightToeBase-rotx-sampler" target="mixamorigwRightToeBase/rotateX.ANGLE" />
    </animation>
    <animation id="hpl_mixamorigwSpine">
      <source id="hpl_mixamorigwSpine-time"><float_array id="hpl_mixamorigwSpine-time-array" count="102">0 1 2 3 4 5 6 7 8 9 10 11 12 13 14 15 16 17 18 19 20 21 22 23 24 25 26 27 28 29 30 31 32 33 34 35 36 37 38 39 40 41 42 43 44 45 46 47 48 49 50 51 52 53 54 55 56 57 58 59 60 61 62 63 64 65 66 67 68 69 70 71 72 73 74 75 76 77 78 79 80 81 82 83 84 85 86 87 88 89 90 91 92 93 94 95 96 97 98 99 100 101</float_array><technique_common><accessor source="#hpl_mixamorigwSpine-time-array" count="102" stride="1" /></technique_common></source>
      <source id="hpl_mixamorigwSpine-trans"><float_array id="hpl_mixamorigwSpine-trans-array" count="306">-0.00967459 0.126655 -0.0275668 -0.00967459 0.126655 -0.0275668 -0.00967459 0.126655 -0.0275668 -0.00967459 0.126655 -0.0275668 -0.00967459 0.126655 -0.0275668 -0.00967459 0.126655 -0.0275668 -0.00967459 0.126655 -0.0275668 -0.00967459 0.126655 -0.0275668 -0.00967459 0.126655 -0.0275668 -0.00967459 0.126655 -0.0275668 -0.00967459 0.126655 -0.0275668 -0.00967459 0.126655 -0.0275668 -0.00967459 0.126655 -0.0275668 -0.00967459 0.126655 -0.0275668 -0.00967459 0.126655 -0.0275668 -0.00967459 0.126655 -0.0275668 -0.00967459 0.126655 -0.0275668 -0.00967459 0.126655 -0.0275668 -0.00967459 0.126655 -0.0275668 -0.00967459 0.126655 -0.0275668 -0.00967459 0.126655 -0.0275668 -0.00967459 0.126655 -0.0275668 -0.00967459 0.126655 -0.0275668 -0.00967459 0.126655 -0.0275668 -0.00967459 0.126655 -0.0275668 -0.00967459 0.126655 -0.0275668 -0.00967459 0.126655 -0.0275668 -0.00967459 0.126655 -0.0275668 -0.00967459 0.126655 -0.0275668 -0.00967459 0.126655 -0.0275668 -0.00967459 0.126655 -0.0275668 -0.00967459 0.126655 -0.0275668 -0.00967459 0.126655 -0.0275668 -0.00967459 0.126655 -0.0275668 -0.00967459 0.126655 -0.0275668 -0.00967459 0.126655 -0.0275668 -0.00967459 0.126655 -0.0275668 -0.00967459 0.126655 -0.0275668 -0.00967459 0.126655 -0.0275668 -0.00967459 0.126655 -0.0275668 -0.00967459 0.126655 -0.0275668 -0.00967459 0.126655 -0.0275668 -0.00967459 0.126655 -0.0275668 -0.00967459 0.126655 -0.0275668 -0.00967459 0.126655 -0.0275668 -0.00967459 0.126655 -0.0275668 -0.00967459 0.126655 -0.0275668 -0.00967459 0.126655 -0.0275668 -0.00967459 0.126655 -0.0275668 -0.00967459 0.126655 -0.0275668 -0.00967459 0.126655 -0.0275668 -0.00967459 0.126655 -0.0275668 -0.00967459 0.126655 -0.0275668 -0.00967459 0.126655 -0.0275668 -0.00967459 0.126655 -0.0275668 -0.00967459 0.126655 -0.0275668 -0.00967459 0.126655 -0.0275668 -0.00967459 0.126655 -0.0275668 -0.00967459 0.126655 -0.0275668 -0.00967459 0.126655 -0.0275668 -0.00967459 0.126655 -0.0275668 -0.00967459 0.126655 -0.0275668 -0.00967459 0.126655 -0.0275668 -0.00967459 0.126655 -0.0275668 -0.00967459 0.126655 -0.0275668 -0.00967459 0.126655 -0.0275668 -0.00967459 0.126655 -0.0275668 -0.00967459 0.126655 -0.0275668 -0.00967459 0.126655 -0.0275668 -0.00967459 0.126655 -0.0275668 -0.00967459 0.126655 -0.0275668 -0.00967459 0.126655 -0.0275668 -0.00967459 0.126655 -0.0275668 -0.00967459 0.126655 -0.0275668 -0.00967459 0.126655 -0.0275668 -0.00967459 0.126655 -0.0275668 -0.00967459 0.126655 -0.0275668 -0.00967459 0.126655 -0.0275668 -0.00967459 0.126655 -0.0275668 -0.00967459 0.126655 -0.0275668 -0.00967459 0.126655 -0.0275668 -0.00967459 0.126655 -0.0275668 -0.00967459 0.126655 -0.0275668 -0.00967459 0.126655 -0.0275668 -0.00967459 0.126655 -0.0275668 -0.00967459 0.126655 -0.0275668 -0.00967459 0.126655 -0.0275668 -0.00967459 0.126655 -0.0275668 -0.00967459 0.126655 -0.0275668 -0.00967459 0.126655 -0.0275668 -0.00967459 0.126655 -0.0275668 -0.00967459 0.126655 -0.0275668 -0.00967459 0.126655 -0.0275668 -0.00967459 0.126655 -0.0275668 -0.00967459 0.126655 -0.0275668 -0.00967459 0.126655 -0.0275668 -0.00967459 0.126655 -0.0275668 -0.00967459 0.126655 -0.0275668 -0.00967459 0.126655 -0.0275668 -0.00967459 0.126655 -0.0275668 -0.00967459 0.126655 -0.0275668 -0.00967459 0.126655 -0.0275668</float_array><technique_common><accessor source="#hpl_mixamorigwSpine-trans-array" count="102" stride="3" /></technique_common></source>
      <source id="hpl_mixamorigwSpine-rotz"><float_array id="hpl_mixamorigwSpine-rotz-array" count="102">2.87487 2.85942 2.83757 2.83701 2.90756 3.10779 3.54627 4.2141 5.00581 5.71001 6.2098 6.45446 6.43278 6.44881 6.38939 6.26426 6.11751 5.99869 5.95002 5.9672 6.03701 6.14233 6.28189 6.45685 6.65657 6.80985 6.90876 6.93259 6.89625 6.77707 6.58044 6.2296 5.53839 4.78274 4.211 3.55235 3.01011 2.63273 2.52267 2.55902 2.67551 2.85178 3.02483 3.15122 3.19477 3.20182 3.18012 3.16711 3.14829 3.13695 3.143 3.17329 3.36548 3.81541 4.39654 5.00649 5.51364 5.90125 6.11543 6.26072 6.43711 6.44963 6.39919 6.33637 6.29432 6.28544 6.33455 6.43281 6.58331 6.75557 6.88109 6.97655 7.04391 7.10912 7.17722 7.22719 7.26886 7.28615 7.26282 7.19043 7.07535 6.89849 6.6201 6.08677 5.25541 4.2618 3.45767 2.82878 2.36544 2.03408 1.90595 1.85829 1.85605 1.88014 1.89821 1.8773 1.80165 1.70986 1.64665 1.60885 1.61978 2.87487</float_array><technique_common><accessor source="#hpl_mixamorigwSpine-rotz-array" count="102" stride="1" /></technique_common></source>
      <source id="hpl_mixamorigwSpine-roty"><float_array id="hpl_mixamorigwSpine-roty-array" count="102">4.00125 4.06487 4.10328 4.09624 4.11541 4.28648 4.62155 4.99678 5.30429 5.54761 5.66046 5.70123 5.75469 5.79239 5.78119 5.70084 5.57876 5.46675 5.38093 5.32597 5.27359 5.21982 5.19484 5.18443 5.17459 5.16583 5.1331 5.08448 5.01216 4.99849 4.96711 4.84789 4.674 4.49792 4.45596 4.40806 4.31011 4.1852 4.04212 3.93387 3.88624 3.86578 3.84913 3.8564 3.91611 3.96703 4.05202 4.10856 4.15325 4.15583 4.14539 4.25439 4.47505 4.74181 4.93759 5.1087 5.25654 5.41885 5.59738 5.79265 5.86046 5.81912 5.66033 5.51361 5.36827 5.29094 5.2337 5.2145 5.20748 5.18956 5.18054 5.13493 5.08459 5.05799 5.01971 5.00499 4.98925 4.99052 4.9915 4.95657 4.9104 4.84474 4.84601 4.78808 4.55256 4.37281 4.19533 4.10593 4.03866 3.98142 3.86845 3.74326 3.61867 3.51253 3.41149 3.31794 3.248 3.23456 3.23123 3.26344 3.27761 4.00125</float_array><technique_common><accessor source="#hpl_mixamorigwSpine-roty-array" count="102" stride="1" /></technique_common></source>
      <source id="hpl_mixamorigwSpine-rotx"><float_array id="hpl_mixamorigwSpine-rotx-array" count="102">-13.499 -13.6427 -13.7816 -13.9498 -14.1708 -14.3829 -14.4697 -14.2801 -13.8868 -13.4005 -12.8569 -12.3247 -11.9652 -11.7397 -11.6401 -11.6421 -11.7234 -11.8448 -11.9532 -12.072 -12.2445 -12.4205 -12.5965 -12.7502 -12.8821 -13.0425 -13.2229 -13.4033 -13.5928 -13.7776 -13.929 -13.9662 -13.9789 -13.9424 -13.8606 -14.0029 -14.2192 -14.2469 -14.0923 -13.8444 -13.5885 -13.3733 -13.2037 -13.0936 -13.1075 -13.2094 -13.3685 -13.541 -13.6887 -13.8162 -13.9741 -14.1002 -14.1279 -13.9736 -13.7323 -13.3843 -12.8853 -12.3109 -11.867 -11.7581 -11.7305 -11.8062 -11.8884 -11.9369 -11.9454 -11.936 -11.9211 -11.9046 -11.9185 -11.9638 -12.059 -12.1821 -12.3057 -12.3957 -12.4345 -12.4352 -12.425 -12.4105 -12.4157 -12.4581 -12.5231 -12.6045 -12.6704 -12.767 -12.8627 -12.8813 -12.8951 -13.0553 -13.3112 -13.4923 -13.4603 -13.3015 -13.1657 -13.0942 -13.0668 -13.0883 -13.1743 -13.3181 -13.5187 -13.6873 -13.7965 -13.499</float_array><technique_common><accessor source="#hpl_mixamorigwSpine-rotx-array" count="102" stride="1" /></technique_common></source>
      <sampler id="hpl_mixamorigwSpine-trans-sampler"><input semantic="INPUT" source="#hpl_mixamorigwSpine-time" /><input semantic="OUTPUT" source="#hpl_mixamorigwSpine-trans" /></sampler><channel source="#hpl_mixamorigwSpine-trans-sampler" target="mixamorigwSpine/translate" />
      <sampler id="hpl_mixamorigwSpine-rotz-sampler"><input semantic="INPUT" source="#hpl_mixamorigwSpine-time" /><input semantic="OUTPUT" source="#hpl_mixamorigwSpine-rotz" /></sampler><channel source="#hpl_mixamorigwSpine-rotz-sampler" target="mixamorigwSpine/rotateZ.ANGLE" />
      <sampler id="hpl_mixamorigwSpine-roty-sampler"><input semantic="INPUT" source="#hpl_mixamorigwSpine-time" /><input semantic="OUTPUT" source="#hpl_mixamorigwSpine-roty" /></sampler><channel source="#hpl_mixamorigwSpine-roty-sampler" target="mixamorigwSpine/rotateY.ANGLE" />
      <sampler id="hpl_mixamorigwSpine-rotx-sampler"><input semantic="INPUT" source="#hpl_mixamorigwSpine-time" /><input semantic="OUTPUT" source="#hpl_mixamorigwSpine-rotx" /></sampler><channel source="#hpl_mixamorigwSpine-rotx-sampler" target="mixamorigwSpine/rotateX.ANGLE" />
    </animation>
    <animation id="hpl_mixamorigwSpine1">
      <source id="hpl_mixamorigwSpine1-time"><float_array id="hpl_mixamorigwSpine1-time-array" count="102">0 1 2 3 4 5 6 7 8 9 10 11 12 13 14 15 16 17 18 19 20 21 22 23 24 25 26 27 28 29 30 31 32 33 34 35 36 37 38 39 40 41 42 43 44 45 46 47 48 49 50 51 52 53 54 55 56 57 58 59 60 61 62 63 64 65 66 67 68 69 70 71 72 73 74 75 76 77 78 79 80 81 82 83 84 85 86 87 88 89 90 91 92 93 94 95 96 97 98 99 100 101</float_array><technique_common><accessor source="#hpl_mixamorigwSpine1-time-array" count="102" stride="1" /></technique_common></source>
      <source id="hpl_mixamorigwSpine1-trans"><float_array id="hpl_mixamorigwSpine1-trans-array" count="306">-2.3181e-08 0.12998 -1.90221e-08 -2.3181e-08 0.12998 -1.90221e-08 -2.3181e-08 0.12998 -1.90221e-08 -2.3181e-08 0.12998 -1.90221e-08 -2.3181e-08 0.12998 -1.90221e-08 -2.3181e-08 0.12998 -1.90221e-08 -2.3181e-08 0.12998 -1.90221e-08 -2.3181e-08 0.12998 -1.90221e-08 -2.3181e-08 0.12998 -1.90221e-08 -2.3181e-08 0.12998 -1.90221e-08 -2.3181e-08 0.12998 -1.90221e-08 -2.3181e-08 0.12998 -1.90221e-08 -2.3181e-08 0.12998 -1.90221e-08 -2.3181e-08 0.12998 -1.90221e-08 -2.3181e-08 0.12998 -1.90221e-08 -2.3181e-08 0.12998 -1.90221e-08 -2.3181e-08 0.12998 -1.90221e-08 -2.3181e-08 0.12998 -1.90221e-08 -2.3181e-08 0.12998 -1.90221e-08 -2.3181e-08 0.12998 -1.90221e-08 -2.3181e-08 0.12998 -1.90221e-08 -2.3181e-08 0.12998 -1.90221e-08 -2.3181e-08 0.12998 -1.90221e-08 -2.3181e-08 0.12998 -1.90221e-08 -2.3181e-08 0.12998 -1.90221e-08 -2.3181e-08 0.12998 -1.90221e-08 -2.3181e-08 0.12998 -1.90221e-08 -2.3181e-08 0.12998 -1.90221e-08 -2.3181e-08 0.12998 -1.90221e-08 -2.3181e-08 0.12998 -1.90221e-08 -2.3181e-08 0.12998 -1.90221e-08 -2.3181e-08 0.12998 -1.90221e-08 -2.3181e-08 0.12998 -1.90221e-08 -2.3181e-08 0.12998 -1.90221e-08 -2.3181e-08 0.12998 -1.90221e-08 -2.3181e-08 0.12998 -1.90221e-08 -2.3181e-08 0.12998 -1.90221e-08 -2.3181e-08 0.12998 -1.90221e-08 -2.3181e-08 0.12998 -1.90221e-08 -2.3181e-08 0.12998 -1.90221e-08 -2.3181e-08 0.12998 -1.90221e-08 -2.3181e-08 0.12998 -1.90221e-08 -2.3181e-08 0.12998 -1.90221e-08 -2.3181e-08 0.12998 -1.90221e-08 -2.3181e-08 0.12998 -1.90221e-08 -2.3181e-08 0.12998 -1.90221e-08 -2.3181e-08 0.12998 -1.90221e-08 -2.3181e-08 0.12998 -1.90221e-08 -2.3181e-08 0.12998 -1.90221e-08 -2.3181e-08 0.12998 -1.90221e-08 -2.3181e-08 0.12998 -1.90221e-08 -2.3181e-08 0.12998 -1.90221e-08 -2.3181e-08 0.12998 -1.90221e-08 -2.3181e-08 0.12998 -1.90221e-08 -2.3181e-08 0.12998 -1.90221e-08 -2.3181e-08 0.12998 -1.90221e-08 -2.3181e-08 0.12998 -1.90221e-08 -2.3181e-08 0.12998 -1.90221e-08 -2.3181e-08 0.12998 -1.90221e-08 -2.3181e-08 0.12998 -1.90221e-08 -2.3181e-08 0.12998 -1.90221e-08 -2.3181e-08 0.12998 -1.90221e-08 -2.3181e-08 0.12998 -1.90221e-08 -2.3181e-08 0.12998 -1.90221e-08 -2.3181e-08 0.12998 -1.90221e-08 -2.3181e-08 0.12998 -1.90221e-08 -2.3181e-08 0.12998 -1.90221e-08 -2.3181e-08 0.12998 -1.90221e-08 -2.3181e-08 0.12998 -1.90221e-08 -2.3181e-08 0.12998 -1.90221e-08 -2.3181e-08 0.12998 -1.90221e-08 -2.3181e-08 0.12998 -1.90221e-08 -2.3181e-08 0.12998 -1.90221e-08 -2.3181e-08 0.12998 -1.90221e-08 -2.3181e-08 0.12998 -1.90221e-08 -2.3181e-08 0.12998 -1.90221e-08 -2.3181e-08 0.12998 -1.90221e-08 -2.3181e-08 0.12998 -1.90221e-08 -2.3181e-08 0.12998 -1.90221e-08 -2.3181e-08 0.12998 -1.90221e-08 -2.3181e-08 0.12998 -1.90221e-08 -2.3181e-08 0.12998 -1.90221e-08 -2.3181e-08 0.12998 -1.90221e-08 -2.3181e-08 0.12998 -1.90221e-08 -2.3181e-08 0.12998 -1.90221e-08 -2.3181e-08 0.12998 -1.90221e-08 -2.3181e-08 0.12998 -1.90221e-08 -2.3181e-08 0.12998 -1.90221e-08 -2.3181e-08 0.12998 -1.90221e-08 -2.3181e-08 0.12998 -1.90221e-08 -2.3181e-08 0.12998 -1.90221e-08 -2.3181e-08 0.12998 -1.90221e-08 -2.3181e-08 0.12998 -1.90221e-08 -2.3181e-08 0.12998 -1.90221e-08 -2.3181e-08 0.12998 -1.90221e-08 -2.3181e-08 0.12998 -1.90221e-08 -2.3181e-08 0.12998 -1.90221e-08 -2.3181e-08 0.12998 -1.90221e-08 -2.3181e-08 0.12998 -1.90221e-08 -2.3181e-08 0.12998 -1.90221e-08 -2.3181e-08 0.12998 -1.90221e-08 -2.3181e-08 0.12998 -1.90221e-08</float_array><technique_common><accessor source="#hpl_mixamorigwSpine1-trans-array" count="102" stride="3" /></technique_common></source>
      <source id="hpl_mixamorigwSpine1-rotz"><float_array id="hpl_mixamorigwSpine1-rotz-array" count="102">-0.673703 -0.697606 -0.727774 -0.767292 -0.779976 -0.739443 -0.624558 -0.43345 -0.173097 0.0635338 0.27478 0.382531 0.45642 0.435229 0.376616 0.303769 0.229146 0.156556 0.103665 0.0676908 0.0448185 0.0168303 -0.00473504 -0.0120528 -0.00936051 0.0075227 0.0302841 0.0668984 0.110619 0.150783 0.197594 0.220976 0.224693 0.0982305 0.00206683 -0.0370421 -0.0607106 -0.0564178 -0.0822728 -0.117121 -0.164679 -0.213983 -0.275221 -0.340077 -0.39038 -0.445814 -0.476884 -0.498236 -0.532728 -0.592982 -0.642743 -0.643911 -0.590654 -0.499947 -0.341426 -0.195777 -0.0307549 0.106092 0.180269 0.232306 0.250278 0.261218 0.227083 0.170199 0.119011 0.0927351 0.0779152 0.0807101 0.0943222 0.107716 0.110038 0.0979942 0.0891149 0.0864434 0.0795601 0.0758445 0.0622655 0.0431255 0.0266577 0.0190985 0.0197604 0.0260999 0.0359881 0.0394337 -0.0363817 -0.156349 -0.291455 -0.321208 -0.317572 -0.288159 -0.297773 -0.347677 -0.421147 -0.508066 -0.602581 -0.684944 -0.765449 -0.8317 -0.89859 -0.95414 -0.994196 -0.673703</float_array><technique_common><accessor source="#hpl_mixamorigwSpine1-rotz-array" count="102" stride="1" /></technique_common></source>
      <source id="hpl_mixamorigwSpine1-roty"><float_array id="hpl_mixamorigwSpine1-roty-array" count="102">2.75681 2.96324 3.19022 3.42073 3.62617 3.74073 3.78162 3.77759 3.60677 3.33552 3.03209 2.76493 2.46198 2.17386 1.94995 1.74511 1.53393 1.28447 1.02579 0.752977 0.522681 0.324633 0.16167 0.00932272 -0.0716123 -0.124398 -0.144174 -0.138456 -0.104359 -0.0722005 0.0561007 0.00331035 -0.121446 0.0189612 0.211318 0.409953 0.61939 0.790372 0.987953 1.11726 1.20773 1.29082 1.40706 1.59567 1.80508 2.08386 2.33588 2.60898 2.8712 3.15755 3.41499 3.51301 3.44193 3.32907 3.11172 2.96991 2.90438 2.98732 3.00389 3.00383 2.96521 2.87833 2.80673 2.62434 2.40291 2.14634 1.89824 1.63494 1.38402 1.1732 0.944803 0.737735 0.538459 0.331202 0.188519 0.0505402 -0.0113115 -0.080087 -0.15765 -0.211441 -0.259967 -0.288762 -0.326719 -0.254907 -0.216142 -0.07028 0.177592 0.396156 0.551937 0.698136 0.882619 1.00417 1.09468 1.17125 1.25999 1.36291 1.49096 1.61152 1.79637 1.96043 2.1163 2.75681</float_array><technique_common><accessor source="#hpl_mixamorigwSpine1-roty-array" count="102" stride="1" /></technique_common></source>
      <source id="hpl_mixamorigwSpine1-rotx"><float_array id="hpl_mixamorigwSpine1-rotx-array" count="102">-11.1475 -11.2651 -11.3747 -11.4509 -11.4964 -11.5229 -11.5305 -11.5045 -11.4848 -11.3072 -11.1405 -10.9408 -10.7925 -10.6969 -10.6192 -10.5869 -10.5638 -10.5667 -10.5703 -10.599 -10.6059 -10.6234 -10.649 -10.6898 -10.7631 -10.8651 -10.9687 -11.051 -11.0922 -11.1213 -11.2016 -11.2533 -11.2614 -11.2022 -11.1265 -11.1083 -11.2237 -11.3042 -11.2976 -11.2528 -11.1953 -11.129 -11.064 -11.0337 -11.0519 -11.1055 -11.1935 -11.2735 -11.3614 -11.4237 -11.4407 -11.4477 -11.4146 -11.3757 -11.3618 -11.2621 -11.141 -11.0044 -10.9414 -10.8835 -10.8855 -10.888 -10.8349 -10.7841 -10.7271 -10.6775 -10.6361 -10.6123 -10.6 -10.6078 -10.6487 -10.6959 -10.7481 -10.806 -10.8477 -10.8744 -10.8768 -10.8907 -10.9107 -10.9349 -10.9554 -10.941 -10.9187 -10.9462 -10.9629 -10.9142 -10.8873 -10.8798 -10.9681 -11.0429 -11.0838 -11.0836 -11.083 -11.0821 -11.0795 -11.0912 -11.1278 -11.2051 -11.2672 -11.3486 -11.4279 -11.1475</float_array><technique_common><accessor source="#hpl_mixamorigwSpine1-rotx-array" count="102" stride="1" /></technique_common></source>
      <sampler id="hpl_mixamorigwSpine1-trans-sampler"><input semantic="INPUT" source="#hpl_mixamorigwSpine1-time" /><input semantic="OUTPUT" source="#hpl_mixamorigwSpine1-trans" /></sampler><channel source="#hpl_mixamorigwSpine1-trans-sampler" target="mixamorigwSpine1/translate" />
      <sampler id="hpl_mixamorigwSpine1-rotz-sampler"><input semantic="INPUT" source="#hpl_mixamorigwSpine1-time" /><input semantic="OUTPUT" source="#hpl_mixamorigwSpine1-rotz" /></sampler><channel source="#hpl_mixamorigwSpine1-rotz-sampler" target="mixamorigwSpine1/rotateZ.ANGLE" />
      <sampler id="hpl_mixamorigwSpine1-roty-sampler"><input semantic="INPUT" source="#hpl_mixamorigwSpine1-time" /><input semantic="OUTPUT" source="#hpl_mixamorigwSpine1-roty" /></sampler><channel source="#hpl_mixamorigwSpine1-roty-sampler" target="mixamorigwSpine1/rotateY.ANGLE" />
      <sampler id="hpl_mixamorigwSpine1-rotx-sampler"><input semantic="INPUT" source="#hpl_mixamorigwSpine1-time" /><input semantic="OUTPUT" source="#hpl_mixamorigwSpine1-rotx" /></sampler><channel source="#hpl_mixamorigwSpine1-rotx-sampler" target="mixamorigwSpine1/rotateX.ANGLE" />
    </animation>
    <animation id="hpl_mixamorigwSpine2">
      <source id="hpl_mixamorigwSpine2-time"><float_array id="hpl_mixamorigwSpine2-time-array" count="102">0 1 2 3 4 5 6 7 8 9 10 11 12 13 14 15 16 17 18 19 20 21 22 23 24 25 26 27 28 29 30 31 32 33 34 35 36 37 38 39 40 41 42 43 44 45 46 47 48 49 50 51 52 53 54 55 56 57 58 59 60 61 62 63 64 65 66 67 68 69 70 71 72 73 74 75 76 77 78 79 80 81 82 83 84 85 86 87 88 89 90 91 92 93 94 95 96 97 98 99 100 101</float_array><technique_common><accessor source="#hpl_mixamorigwSpine2-time-array" count="102" stride="1" /></technique_common></source>
      <source id="hpl_mixamorigwSpine2-trans"><float_array id="hpl_mixamorigwSpine2-trans-array" count="306">-5.95244e-09 0.129979 -4.64958e-07 -5.95244e-09 0.129979 -4.64958e-07 -5.95244e-09 0.129979 -4.64958e-07 -5.95244e-09 0.129979 -4.64958e-07 -5.95244e-09 0.129979 -4.64958e-07 -5.95244e-09 0.129979 -4.64958e-07 -5.95244e-09 0.129979 -4.64958e-07 -5.95244e-09 0.129979 -4.64958e-07 -5.95244e-09 0.129979 -4.64958e-07 -5.95244e-09 0.129979 -4.64958e-07 -5.95244e-09 0.129979 -4.64958e-07 -5.95244e-09 0.129979 -4.64958e-07 -5.95244e-09 0.129979 -4.64958e-07 -5.95244e-09 0.129979 -4.64958e-07 -5.95244e-09 0.129979 -4.64958e-07 -5.95244e-09 0.129979 -4.64958e-07 -5.95244e-09 0.129979 -4.64958e-07 -5.95244e-09 0.129979 -4.64958e-07 -5.95244e-09 0.129979 -4.64958e-07 -5.95244e-09 0.129979 -4.64958e-07 -5.95244e-09 0.129979 -4.64958e-07 -5.95244e-09 0.129979 -4.64958e-07 -5.95244e-09 0.129979 -4.64958e-07 -5.95244e-09 0.129979 -4.64958e-07 -5.95244e-09 0.129979 -4.64958e-07 -5.95244e-09 0.129979 -4.64958e-07 -5.95244e-09 0.129979 -4.64958e-07 -5.95244e-09 0.129979 -4.64958e-07 -5.95244e-09 0.129979 -4.64958e-07 -5.95244e-09 0.129979 -4.64958e-07 -5.95244e-09 0.129979 -4.64958e-07 -5.95244e-09 0.129979 -4.64958e-07 -5.95244e-09 0.129979 -4.64958e-07 -5.95244e-09 0.129979 -4.64958e-07 -5.95244e-09 0.129979 -4.64958e-07 -5.95244e-09 0.129979 -4.64958e-07 -5.95244e-09 0.129979 -4.64958e-07 -5.95244e-09 0.129979 -4.64958e-07 -5.95244e-09 0.129979 -4.64958e-07 -5.95244e-09 0.129979 -4.64958e-07 -5.95244e-09 0.129979 -4.64958e-07 -5.95244e-09 0.129979 -4.64958e-07 -5.95244e-09 0.129979 -4.64958e-07 -5.95244e-09 0.129979 -4.64958e-07 -5.95244e-09 0.129979 -4.64958e-07 -5.95244e-09 0.129979 -4.64958e-07 -5.95244e-09 0.129979 -4.64958e-07 -5.95244e-09 0.129979 -4.64958e-07 -5.95244e-09 0.129979 -4.64958e-07 -5.95244e-09 0.129979 -4.64958e-07 -5.95244e-09 0.129979 -4.64958e-07 -5.95244e-09 0.129979 -4.64958e-07 -5.95244e-09 0.129979 -4.64958e-07 -5.95244e-09 0.129979 -4.64958e-07 -5.95244e-09 0.129979 -4.64958e-07 -5.95244e-09 0.129979 -4.64958e-07 -5.95244e-09 0.129979 -4.64958e-07 -5.95244e-09 0.129979 -4.64958e-07 -5.95244e-09 0.129979 -4.64958e-07 -5.95244e-09 0.129979 -4.64958e-07 -5.95244e-09 0.129979 -4.64958e-07 -5.95244e-09 0.129979 -4.64958e-07 -5.95244e-09 0.129979 -4.64958e-07 -5.95244e-09 0.129979 -4.64958e-07 -5.95244e-09 0.129979 -4.64958e-07 -5.95244e-09 0.129979 -4.64958e-07 -5.95244e-09 0.129979 -4.64958e-07 -5.95244e-09 0.129979 -4.64958e-07 -5.95244e-09 0.129979 -4.64958e-07 -5.95244e-09 0.129979 -4.64958e-07 -5.95244e-09 0.129979 -4.64958e-07 -5.95244e-09 0.129979 -4.64958e-07 -5.95244e-09 0.129979 -4.64958e-07 -5.95244e-09 0.129979 -4.64958e-07 -5.95244e-09 0.129979 -4.64958e-07 -5.95244e-09 0.129979 -4.64958e-07 -5.95244e-09 0.129979 -4.64958e-07 -5.95244e-09 0.129979 -4.64958e-07 -5.95244e-09 0.129979 -4.64958e-07 -5.95244e-09 0.129979 -4.64958e-07 -5.95244e-09 0.129979 -4.64958e-07 -5.95244e-09 0.129979 -4.64958e-07 -5.95244e-09 0.129979 -4.64958e-07 -5.95244e-09 0.129979 -4.64958e-07 -5.95244e-09 0.129979 -4.64958e-07 -5.95244e-09 0.129979 -4.64958e-07 -5.95244e-09 0.129979 -4.64958e-07 -5.95244e-09 0.129979 -4.64958e-07 -5.95244e-09 0.129979 -4.64958e-07 -5.95244e-09 0.129979 -4.64958e-07 -5.95244e-09 0.129979 -4.64958e-07 -5.95244e-09 0.129979 -4.64958e-07 -5.95244e-09 0.129979 -4.64958e-07 -5.95244e-09 0.129979 -4.64958e-07 -5.95244e-09 0.129979 -4.64958e-07 -5.95244e-09 0.129979 -4.64958e-07 -5.95244e-09 0.129979 -4.64958e-07 -5.95244e-09 0.129979 -4.64958e-07 -5.95244e-09 0.129979 -4.64958e-07 -5.95244e-09 0.129979 -4.64958e-07 -5.95244e-09 0.129979 -4.64958e-07 -5.95244e-09 0.129979 -4.64958e-07</float_array><technique_common><accessor source="#hpl_mixamorigwSpine2-trans-array" count="102" stride="3" /></technique_common></source>
      <source id="hpl_mixamorigwSpine2-rotz"><float_array id="hpl_mixamorigwSpine2-rotz-array" count="102">-0.792227 -0.928994 -1.13876 -1.43268 -1.72171 -1.89755 -1.82606 -1.37599 -0.424269 0.601804 1.53558 2.0272 2.17566 2.16014 2.0544 1.86521 1.61195 1.34506 1.15305 1.07016 1.06625 1.09379 1.14253 1.20714 1.29026 1.40439 1.51073 1.57987 1.60167 1.64746 1.74434 2.00597 2.06019 1.63377 1.30226 1.00463 0.76007 0.623329 0.628572 0.756274 0.942032 1.11503 1.24446 1.31104 1.3165 1.22072 1.03581 0.796015 0.503619 0.180306 -0.148132 -0.427501 -0.664764 -0.686647 -0.265523 0.276255 0.858928 1.26755 1.53365 1.74791 1.92792 1.91471 1.70873 1.42885 1.19737 1.06458 1.04143 1.11333 1.26138 1.45313 1.62239 1.73394 1.80238 1.86367 1.91419 1.93269 1.92542 1.91328 1.89742 1.88724 1.87366 1.84389 1.85489 1.83481 1.61642 0.839005 0.0213535 -0.483938 -0.599301 -0.531699 -0.382694 -0.250322 -0.18212 -0.200958 -0.335612 -0.597152 -0.931775 -1.29413 -1.63289 -1.94315 -2.2071 -0.792227</float_array><technique_common><accessor source="#hpl_mixamorigwSpine2-rotz-array" count="102" stride="1" /></technique_common></source>
      <source id="hpl_mixamorigwSpine2-roty"><float_array id="hpl_mixamorigwSpine2-roty-array" count="102">0.491861 0.726936 0.916151 1.08009 1.19587 1.23727 1.15285 0.88958 0.640497 0.34117 0.143477 -0.0441487 -0.20176 -0.357585 -0.563352 -0.798761 -1.05221 -1.32363 -1.58799 -1.83372 -2.06842 -2.25374 -2.40953 -2.53346 -2.66102 -2.73906 -2.76061 -2.74404 -2.70689 -2.71751 -2.7907 -2.69048 -2.60664 -2.51388 -2.35979 -1.9782 -1.50599 -1.12215 -0.992163 -0.979338 -0.996265 -0.968802 -0.882758 -0.70722 -0.402801 -0.0345189 0.376192 0.751634 1.0103 1.11205 1.08361 0.985002 0.867449 0.634696 0.461283 0.288738 0.268768 0.251569 0.426103 0.553864 0.553316 0.42563 0.213852 -0.024884 -0.270623 -0.493614 -0.71566 -0.926798 -1.15218 -1.3916 -1.62991 -1.8609 -2.0773 -2.27037 -2.45763 -2.61609 -2.77616 -2.88453 -2.91646 -2.90431 -2.8731 -2.82849 -2.7827 -2.77129 -2.5064 -2.223 -1.95733 -1.66741 -1.38542 -1.10243 -0.952264 -0.906728 -0.920816 -0.919292 -0.88647 -0.769762 -0.593705 -0.373392 -0.183756 -0.0142984 0.138673 0.491861</float_array><technique_common><accessor source="#hpl_mixamorigwSpine2-roty-array" count="102" stride="1" /></technique_common></source>
      <source id="hpl_mixamorigwSpine2-rotx"><float_array id="hpl_mixamorigwSpine2-rotx-array" count="102">10.6195 10.6384 10.6647 10.6674 10.6709 10.6707 10.6607 10.62 10.7886 10.8892 11.0391 11.1844 11.3603 11.536 11.6579 11.7261 11.7661 11.8328 11.8696 11.9266 11.9458 11.9473 11.9432 11.9253 11.9202 11.9218 11.9116 11.8955 11.8486 11.7643 11.7263 11.6258 11.5897 11.4226 11.2333 11.0567 10.961 10.9404 11.0082 11.0813 11.0914 11.0076 10.8358 10.6759 10.576 10.5005 10.4612 10.4333 10.4259 10.3977 10.352 10.3401 10.3538 10.4151 10.6842 10.8197 10.8796 11.0069 11.2631 11.6014 11.8727 12.0617 12.1417 12.2197 12.293 12.3789 12.4811 12.5929 12.68 12.7138 12.7278 12.7076 12.7059 12.7246 12.7577 12.7863 12.7963 12.8156 12.8324 12.8556 12.8695 12.8522 12.7722 12.7348 12.5858 12.447 12.2364 11.9924 11.8239 11.781 11.8218 11.8818 11.948 11.9742 11.9356 11.8889 11.862 11.8784 11.9071 11.9265 11.949 10.6195</float_array><technique_common><accessor source="#hpl_mixamorigwSpine2-rotx-array" count="102" stride="1" /></technique_common></source>
      <sampler id="hpl_mixamorigwSpine2-trans-sampler"><input semantic="INPUT" source="#hpl_mixamorigwSpine2-time" /><input semantic="OUTPUT" source="#hpl_mixamorigwSpine2-trans" /></sampler><channel source="#hpl_mixamorigwSpine2-trans-sampler" target="mixamorigwSpine2/translate" />
      <sampler id="hpl_mixamorigwSpine2-rotz-sampler"><input semantic="INPUT" source="#hpl_mixamorigwSpine2-time" /><input semantic="OUTPUT" source="#hpl_mixamorigwSpine2-rotz" /></sampler><channel source="#hpl_mixamorigwSpine2-rotz-sampler" target="mixamorigwSpine2/rotateZ.ANGLE" />
      <sampler id="hpl_mixamorigwSpine2-roty-sampler"><input semantic="INPUT" source="#hpl_mixamorigwSpine2-time" /><input semantic="OUTPUT" source="#hpl_mixamorigwSpine2-roty" /></sampler><channel source="#hpl_mixamorigwSpine2-roty-sampler" target="mixamorigwSpine2/rotateY.ANGLE" />
      <sampler id="hpl_mixamorigwSpine2-rotx-sampler"><input semantic="INPUT" source="#hpl_mixamorigwSpine2-time" /><input semantic="OUTPUT" source="#hpl_mixamorigwSpine2-rotx" /></sampler><channel source="#hpl_mixamorigwSpine2-rotx-sampler" target="mixamorigwSpine2/rotateX.ANGLE" />
    </animation>
    <animation id="hpl_mixamorigwLeftShoulder">
      <source id="hpl_mixamorigwLeftShoulder-time"><float_array id="hpl_mixamorigwLeftShoulder-time-array" count="102">0 1 2 3 4 5 6 7 8 9 10 11 12 13 14 15 16 17 18 19 20 21 22 23 24 25 26 27 28 29 30 31 32 33 34 35 36 37 38 39 40 41 42 43 44 45 46 47 48 49 50 51 52 53 54 55 56 57 58 59 60 61 62 63 64 65 66 67 68 69 70 71 72 73 74 75 76 77 78 79 80 81 82 83 84 85 86 87 88 89 90 91 92 93 94 95 96 97 98 99 100 101</float_array><technique_common><accessor source="#hpl_mixamorigwLeftShoulder-time-array" count="102" stride="1" /></technique_common></source>
      <source id="hpl_mixamorigwLeftShoulder-trans"><float_array id="hpl_mixamorigwLeftShoulder-trans-array" count="306">0.0430093 0.0835295 -0.00243502 0.0430093 0.0835295 -0.00243502 0.0430093 0.0835295 -0.00243502 0.0430093 0.0835295 -0.00243502 0.0430093 0.0835295 -0.00243502 0.0430093 0.0835295 -0.00243502 0.0430093 0.0835295 -0.00243502 0.0430093 0.0835295 -0.00243502 0.0430093 0.0835295 -0.00243502 0.0430093 0.0835295 -0.00243502 0.0430093 0.0835295 -0.00243502 0.0430093 0.0835295 -0.00243502 0.0430093 0.0835295 -0.00243502 0.0430093 0.0835295 -0.00243502 0.0430093 0.0835295 -0.00243502 0.0430093 0.0835295 -0.00243502 0.0430093 0.0835295 -0.00243502 0.0430093 0.0835295 -0.00243502 0.0430093 0.0835295 -0.00243502 0.0430093 0.0835295 -0.00243502 0.0430093 0.0835295 -0.00243502 0.0430093 0.0835295 -0.00243502 0.0430093 0.0835295 -0.00243502 0.0430093 0.0835295 -0.00243502 0.0430093 0.0835295 -0.00243502 0.0430093 0.0835295 -0.00243502 0.0430093 0.0835295 -0.00243502 0.0430093 0.0835295 -0.00243502 0.0430093 0.0835295 -0.00243502 0.0430093 0.0835295 -0.00243502 0.0430093 0.0835295 -0.00243502 0.0430093 0.0835295 -0.00243502 0.0430093 0.0835295 -0.00243502 0.0430093 0.0835295 -0.00243502 0.0430093 0.0835295 -0.00243502 0.0430093 0.0835295 -0.00243502 0.0430093 0.0835295 -0.00243502 0.0430093 0.0835295 -0.00243502 0.0430093 0.0835295 -0.00243502 0.0430093 0.0835295 -0.00243502 0.0430093 0.0835295 -0.00243502 0.0430093 0.0835295 -0.00243502 0.0430093 0.0835295 -0.00243502 0.0430093 0.0835295 -0.00243502 0.0430093 0.0835295 -0.00243502 0.0430093 0.0835295 -0.00243502 0.0430093 0.0835295 -0.00243502 0.0430093 0.0835295 -0.00243502 0.0430093 0.0835295 -0.00243502 0.0430093 0.0835295 -0.00243502 0.0430093 0.0835295 -0.00243502 0.0430093 0.0835295 -0.00243502 0.0430093 0.0835295 -0.00243502 0.0430093 0.0835295 -0.00243502 0.0430093 0.0835295 -0.00243502 0.0430093 0.0835295 -0.00243502 0.0430093 0.0835295 -0.00243502 0.0430093 0.0835295 -0.00243502 0.0430093 0.0835295 -0.00243502 0.0430093 0.0835295 -0.00243502 0.0430093 0.0835295 -0.00243502 0.0430093 0.0835295 -0.00243502 0.0430093 0.0835295 -0.00243502 0.0430093 0.0835295 -0.00243502 0.0430093 0.0835295 -0.00243502 0.0430093 0.0835295 -0.00243502 0.0430093 0.0835295 -0.00243502 0.0430093 0.0835295 -0.00243502 0.0430093 0.0835295 -0.00243502 0.0430093 0.0835295 -0.00243502 0.0430093 0.0835295 -0.00243502 0.0430093 0.0835295 -0.00243502 0.0430093 0.0835295 -0.00243502 0.0430093 0.0835295 -0.00243502 0.0430093 0.0835295 -0.00243502 0.0430093 0.0835295 -0.00243502 0.0430093 0.0835295 -0.00243502 0.0430093 0.0835295 -0.00243502 0.0430093 0.0835295 -0.00243502 0.0430093 0.0835295 -0.00243502 0.0430093 0.0835295 -0.00243502 0.0430093 0.0835295 -0.00243502 0.0430093 0.0835295 -0.00243502 0.0430093 0.0835295 -0.00243502 0.0430093 0.0835295 -0.00243502 0.0430093 0.0835295 -0.00243502 0.0430093 0.0835295 -0.00243502 0.0430093 0.0835295 -0.00243502 0.0430093 0.0835295 -0.00243502 0.0430093 0.0835295 -0.00243502 0.0430093 0.0835295 -0.00243502 0.0430093 0.0835295 -0.00243502 0.0430093 0.0835295 -0.00243502 0.0430093 0.0835295 -0.00243502 0.0430093 0.0835295 -0.00243502 0.0430093 0.0835295 -0.00243502 0.0430093 0.0835295 -0.00243502 0.0430093 0.0835295 -0.00243502 0.0430093 0.0835295 -0.00243502 0.0430093 0.0835295 -0.00243502 0.0430093 0.0835295 -0.00243502 0.0430093 0.0835295 -0.00243502</float_array><technique_common><accessor source="#hpl_mixamorigwLeftShoulder-trans-array" count="102" stride="3" /></technique_common></source>
      <source id="hpl_mixamorigwLeftShoulder-rotz"><float_array id="hpl_mixamorigwLeftShoulder-rotz-array" count="102">113.366 113.966 114.466 114.766 114.964 115.098 115.068 115.021 114.61 114.226 113.989 113.609 113.309 112.604 111.932 111.229 110.394 109.465 108.586 107.811 107.352 107.208 107.166 107.285 107.501 107.71 107.839 107.929 108.008 107.994 107.876 107.401 106.622 106.205 106.844 107.343 107.232 106.975 106.842 106.949 107.339 108.033 108.893 109.868 110.891 111.911 112.829 113.643 114.325 114.708 114.841 114.706 114.091 113.007 111.805 111.102 111.466 112.188 112.834 113.328 112.96 112.456 112.135 111.86 111.535 111.293 111.037 110.773 110.628 110.598 110.533 110.421 110.233 110.042 109.862 109.69 109.574 109.4 109.164 108.852 108.53 108.256 108.041 107.736 106.794 105.408 104.848 104.622 104.437 104.298 104.296 104.483 104.856 105.356 105.96 106.578 107.182 107.743 108.2 108.594 108.927 113.366</float_array><technique_common><accessor source="#hpl_mixamorigwLeftShoulder-rotz-array" count="102" stride="1" /></technique_common></source>
      <source id="hpl_mixamorigwLeftShoulder-roty"><float_array id="hpl_mixamorigwLeftShoulder-roty-array" count="102">61.5012 61.2348 61.0316 60.9105 60.7518 60.4733 60.0912 59.775 59.5216 59.4563 59.5482 59.5759 59.6468 59.6897 59.8401 60.1162 60.3986 60.7029 60.9873 61.2047 61.3731 61.4855 61.4848 61.477 61.444 61.3677 61.2405 61.0637 60.8951 60.8621 61.0025 61.211 61.3725 61.5647 61.7899 62.097 62.3167 62.5211 62.6248 62.609 62.5451 62.5157 62.4988 62.4118 62.2205 61.8985 61.5274 61.2227 61.0276 60.928 60.8699 60.8403 60.734 60.4865 60.2212 60.009 59.8589 59.4104 58.9998 58.8465 58.693 58.6059 58.578 58.6386 58.8239 59.063 59.2421 59.3459 59.4246 59.4511 59.4413 59.402 59.3584 59.3571 59.3908 59.4364 59.5471 59.6365 59.6872 59.73 59.7257 59.7711 59.9829 60.4539 60.877 61.0083 61.4884 61.8326 62.0113 62.1908 62.2492 62.2688 62.2673 62.2207 62.153 62.0879 61.95 61.7237 61.4224 61.1408 60.9677 61.5012</float_array><technique_common><accessor source="#hpl_mixamorigwLeftShoulder-roty-array" count="102" stride="1" /></technique_common></source>
      <source id="hpl_mixamorigwLeftShoulder-rotx"><float_array id="hpl_mixamorigwLeftShoulder-rotx-array" count="102">-134.765 -133.991 -133.185 -132.276 -131.127 -129.895 -129.016 -128.415 -128.411 -128.844 -129.572 -130.9 -131.96 -133.049 -133.923 -134.769 -135.762 -136.837 -137.844 -138.719 -139.212 -139.383 -139.481 -139.444 -139.336 -139.132 -138.941 -138.738 -138.498 -138.333 -138.467 -139.175 -140.464 -141.933 -142.382 -142.497 -142.51 -142.515 -142.486 -142.312 -141.917 -141.242 -140.482 -139.682 -138.821 -137.841 -136.825 -135.772 -134.806 -134.045 -133.369 -132.778 -132.722 -132.971 -133.253 -133.713 -133.97 -134.227 -134.079 -133.402 -133.142 -133.323 -133.788 -134.461 -135.156 -135.674 -136.102 -136.451 -136.676 -136.799 -137.102 -137.491 -137.878 -138.199 -138.434 -138.633 -138.737 -138.927 -139.174 -139.485 -139.833 -140.157 -140.477 -140.954 -142.107 -143.816 -144.825 -145.304 -145.461 -145.574 -145.663 -145.579 -145.256 -144.752 -144.137 -143.482 -142.777 -142.04 -141.309 -140.48 -139.636 -134.765</float_array><technique_common><accessor source="#hpl_mixamorigwLeftShoulder-rotx-array" count="102" stride="1" /></technique_common></source>
      <sampler id="hpl_mixamorigwLeftShoulder-trans-sampler"><input semantic="INPUT" source="#hpl_mixamorigwLeftShoulder-time" /><input semantic="OUTPUT" source="#hpl_mixamorigwLeftShoulder-trans" /></sampler><channel source="#hpl_mixamorigwLeftShoulder-trans-sampler" target="mixamorigwLeftShoulder/translate" />
      <sampler id="hpl_mixamorigwLeftShoulder-rotz-sampler"><input semantic="INPUT" source="#hpl_mixamorigwLeftShoulder-time" /><input semantic="OUTPUT" source="#hpl_mixamorigwLeftShoulder-rotz" /></sampler><channel source="#hpl_mixamorigwLeftShoulder-rotz-sampler" target="mixamorigwLeftShoulder/rotateZ.ANGLE" />
      <sampler id="hpl_mixamorigwLeftShoulder-roty-sampler"><input semantic="INPUT" source="#hpl_mixamorigwLeftShoulder-time" /><input semantic="OUTPUT" source="#hpl_mixamorigwLeftShoulder-roty" /></sampler><channel source="#hpl_mixamorigwLeftShoulder-roty-sampler" target="mixamorigwLeftShoulder/rotateY.ANGLE" />
      <sampler id="hpl_mixamorigwLeftShoulder-rotx-sampler"><input semantic="INPUT" source="#hpl_mixamorigwLeftShoulder-time" /><input semantic="OUTPUT" source="#hpl_mixamorigwLeftShoulder-rotx" /></sampler><channel source="#hpl_mixamorigwLeftShoulder-rotx-sampler" target="mixamorigwLeftShoulder/rotateX.ANGLE" />
    </animation>
    <animation id="hpl_mixamorigwLeftArm">
      <source id="hpl_mixamorigwLeftArm-time"><float_array id="hpl_mixamorigwLeftArm-time-array" count="102">0 1 2 3 4 5 6 7 8 9 10 11 12 13 14 15 16 17 18 19 20 21 22 23 24 25 26 27 28 29 30 31 32 33 34 35 36 37 38 39 40 41 42 43 44 45 46 47 48 49 50 51 52 53 54 55 56 57 58 59 60 61 62 63 64 65 66 67 68 69 70 71 72 73 74 75 76 77 78 79 80 81 82 83 84 85 86 87 88 89 90 91 92 93 94 95 96 97 98 99 100 101</float_array><technique_common><accessor source="#hpl_mixamorigwLeftArm-time-array" count="102" stride="1" /></technique_common></source>
      <source id="hpl_mixamorigwLeftArm-trans"><float_array id="hpl_mixamorigwLeftArm-trans-array" count="306">1.54813e-06 0.171492 2.76526e-06 1.54813e-06 0.171492 2.76526e-06 1.54813e-06 0.171492 2.76526e-06 1.54813e-06 0.171492 2.76526e-06 1.54813e-06 0.171492 2.76526e-06 1.54813e-06 0.171492 2.76526e-06 1.54813e-06 0.171492 2.76526e-06 1.54813e-06 0.171492 2.76526e-06 1.54813e-06 0.171492 2.76526e-06 1.54813e-06 0.171492 2.76526e-06 1.54813e-06 0.171492 2.76526e-06 1.54813e-06 0.171492 2.76526e-06 1.54813e-06 0.171492 2.76526e-06 1.54813e-06 0.171492 2.76526e-06 1.54813e-06 0.171492 2.76526e-06 1.54813e-06 0.171492 2.76526e-06 1.54813e-06 0.171492 2.76526e-06 1.54813e-06 0.171492 2.76526e-06 1.54813e-06 0.171492 2.76526e-06 1.54813e-06 0.171492 2.76526e-06 1.54813e-06 0.171492 2.76526e-06 1.54813e-06 0.171492 2.76526e-06 1.54813e-06 0.171492 2.76526e-06 1.54813e-06 0.171492 2.76526e-06 1.54813e-06 0.171492 2.76526e-06 1.54813e-06 0.171492 2.76526e-06 1.54813e-06 0.171492 2.76526e-06 1.54813e-06 0.171492 2.76526e-06 1.54813e-06 0.171492 2.76526e-06 1.54813e-06 0.171492 2.76526e-06 1.54813e-06 0.171492 2.76526e-06 1.54813e-06 0.171492 2.76526e-06 1.54813e-06 0.171492 2.76526e-06 1.54813e-06 0.171492 2.76526e-06 1.54813e-06 0.171492 2.76526e-06 1.54813e-06 0.171492 2.76526e-06 1.54813e-06 0.171492 2.76526e-06 1.54813e-06 0.171492 2.76526e-06 1.54813e-06 0.171492 2.76526e-06 1.54813e-06 0.171492 2.76526e-06 1.54813e-06 0.171492 2.76526e-06 1.54813e-06 0.171492 2.76526e-06 1.54813e-06 0.171492 2.76526e-06 1.54813e-06 0.171492 2.76526e-06 1.54813e-06 0.171492 2.76526e-06 1.54813e-06 0.171492 2.76526e-06 1.54813e-06 0.171492 2.76526e-06 1.54813e-06 0.171492 2.76526e-06 1.54813e-06 0.171492 2.76526e-06 1.54813e-06 0.171492 2.76526e-06 1.54813e-06 0.171492 2.76526e-06 1.54813e-06 0.171492 2.76526e-06 1.54813e-06 0.171492 2.76526e-06 1.54813e-06 0.171492 2.76526e-06 1.54813e-06 0.171492 2.76526e-06 1.54813e-06 0.171492 2.76526e-06 1.54813e-06 0.171492 2.76526e-06 1.54813e-06 0.171492 2.76526e-06 1.54813e-06 0.171492 2.76526e-06 1.54813e-06 0.171492 2.76526e-06 1.54813e-06 0.171492 2.76526e-06 1.54813e-06 0.171492 2.76526e-06 1.54813e-06 0.171492 2.76526e-06 1.54813e-06 0.171492 2.76526e-06 1.54813e-06 0.171492 2.76526e-06 1.54813e-06 0.171492 2.76526e-06 1.54813e-06 0.171492 2.76526e-06 1.54813e-06 0.171492 2.76526e-06 1.54813e-06 0.171492 2.76526e-06 1.54813e-06 0.171492 2.76526e-06 1.54813e-06 0.171492 2.76526e-06 1.54813e-06 0.171492 2.76526e-06 1.54813e-06 0.171492 2.76526e-06 1.54813e-06 0.171492 2.76526e-06 1.54813e-06 0.171492 2.76526e-06 1.54813e-06 0.171492 2.76526e-06 1.54813e-06 0.171492 2.76526e-06 1.54813e-06 0.171492 2.76526e-06 1.54813e-06 0.171492 2.76526e-06 1.54813e-06 0.171492 2.76526e-06 1.54813e-06 0.171492 2.76526e-06 1.54813e-06 0.171492 2.76526e-06 1.54813e-06 0.171492 2.76526e-06 1.54813e-06 0.171492 2.76526e-06 1.54813e-06 0.171492 2.76526e-06 1.54813e-06 0.171492 2.76526e-06 1.54813e-06 0.171492 2.76526e-06 1.54813e-06 0.171492 2.76526e-06 1.54813e-06 0.171492 2.76526e-06 1.54813e-06 0.171492 2.76526e-06 1.54813e-06 0.171492 2.76526e-06 1.54813e-06 0.171492 2.76526e-06 1.54813e-06 0.171492 2.76526e-06 1.54813e-06 0.171492 2.76526e-06 1.54813e-06 0.171492 2.76526e-06 1.54813e-06 0.171492 2.76526e-06 1.54813e-06 0.171492 2.76526e-06 1.54813e-06 0.171492 2.76526e-06 1.54813e-06 0.171492 2.76526e-06 1.54813e-06 0.171492 2.76526e-06 1.54813e-06 0.171492 2.76526e-06 1.54813e-06 0.171492 2.76526e-06</float_array><technique_common><accessor source="#hpl_mixamorigwLeftArm-trans-array" count="102" stride="3" /></technique_common></source>
      <source id="hpl_mixamorigwLeftArm-rotz"><float_array id="hpl_mixamorigwLeftArm-rotz-array" count="102">31.3497 30.9171 30.5851 30.3229 30.1939 30.4464 31.311 32.4399 33.7187 35.4692 37.2979 38.9244 40.121 40.9354 41.0915 40.8111 40.1665 39.3588 38.6346 38.1018 37.7228 37.4799 37.2962 37.1692 37.1752 37.2577 37.2324 37.1559 37.1084 37.1192 36.8611 36.5754 36.5723 36.8301 37.0601 37.2747 37.1846 36.9553 36.5546 35.8912 35.138 34.463 33.9172 33.4313 32.8832 32.1634 31.2471 30.4159 29.8152 29.4258 29.3048 29.5447 30.7251 32.2276 34.051 36.3632 38.9835 41.0645 42.5487 43.1506 43.0765 42.7573 42.6023 42.6342 42.6563 42.5135 42.1635 41.6905 41.1418 40.6592 40.1551 39.7108 39.3013 38.9447 38.6269 38.265 37.86 37.4446 36.9891 36.5215 36.1537 36.0484 36.2672 36.5556 36.9464 37.4387 37.7847 38.1418 38.3491 38.6127 38.7578 38.6421 38.3923 38.1435 37.9142 37.591 37.3603 37.2958 37.3753 37.5281 37.634 31.3497</float_array><technique_common><accessor source="#hpl_mixamorigwLeftArm-rotz-array" count="102" stride="1" /></technique_common></source>
      <source id="hpl_mixamorigwLeftArm-roty"><float_array id="hpl_mixamorigwLeftArm-roty-array" count="102">12.7528 12.163 11.7108 11.4841 11.368 11.3767 11.4797 11.5036 11.2472 11.3384 11.5529 11.77 12.3939 13.1932 13.9051 14.3539 14.4172 14.2496 13.9689 13.6665 13.3408 12.9903 12.4532 11.957 11.5388 11.1812 10.7168 10.211 9.86385 9.74433 9.47304 8.96126 8.38379 7.79044 7.3093 7.59918 8.18601 8.78092 9.06357 9.12823 9.23866 9.61427 10.1121 10.5854 10.845 10.7802 10.5099 10.1716 9.85101 9.41956 8.99999 8.70537 8.89311 9.1298 9.31586 9.56627 10.0074 10.3868 11.4014 12.7528 13.79 14.2796 14.4054 14.5199 14.6405 14.6725 14.5314 14.2236 13.8533 13.5232 13.1109 12.6619 12.3004 12.0063 11.7457 11.4039 11.0073 10.4854 9.8957 9.24535 8.64801 8.35396 8.42239 8.74882 8.90344 8.67735 8.34515 8.043 7.70167 7.73673 7.75013 7.6375 7.5953 7.6877 7.9143 8.20469 8.58035 8.96149 9.28412 9.60371 9.79539 12.7528</float_array><technique_common><accessor source="#hpl_mixamorigwLeftArm-roty-array" count="102" stride="1" /></technique_common></source>
      <source id="hpl_mixamorigwLeftArm-rotx"><float_array id="hpl_mixamorigwLeftArm-rotx-array" count="102">44.8032 45.2828 45.8727 46.3849 46.6655 46.8564 47.225 47.6727 48.1204 48.7005 49.4793 50.1183 50.2329 49.8382 49.3052 48.7031 47.9953 47.2355 46.562 46.0263 45.6846 45.5204 45.5349 45.7497 46.0472 46.299 46.4461 46.4389 46.305 46.0991 45.9592 45.8048 45.5678 45.6516 46.3402 46.7003 46.3302 45.6875 45.1216 44.743 44.5758 44.6108 44.8689 45.2342 45.6905 46.169 46.7095 47.3326 48.0916 48.8691 49.5724 50.016 50.3321 50.0859 49.4534 49.2421 49.9483 50.636 50.8197 50.6904 50.1475 49.8044 49.8422 50.0638 50.2198 50.3292 50.2426 50.1037 49.9181 49.7716 49.7001 49.7067 49.6413 49.5527 49.3856 49.1475 48.8669 48.5758 48.2451 47.8884 47.4811 47.1346 46.8482 46.5139 45.7867 44.5974 43.9944 43.5528 42.9284 42.1993 41.4959 40.9514 40.5246 40.2518 40.1767 40.3045 40.5402 40.8201 41.1149 41.3972 41.6502 44.8032</float_array><technique_common><accessor source="#hpl_mixamorigwLeftArm-rotx-array" count="102" stride="1" /></technique_common></source>
      <sampler id="hpl_mixamorigwLeftArm-trans-sampler"><input semantic="INPUT" source="#hpl_mixamorigwLeftArm-time" /><input semantic="OUTPUT" source="#hpl_mixamorigwLeftArm-trans" /></sampler><channel source="#hpl_mixamorigwLeftArm-trans-sampler" target="mixamorigwLeftArm/translate" />
      <sampler id="hpl_mixamorigwLeftArm-rotz-sampler"><input semantic="INPUT" source="#hpl_mixamorigwLeftArm-time" /><input semantic="OUTPUT" source="#hpl_mixamorigwLeftArm-rotz" /></sampler><channel source="#hpl_mixamorigwLeftArm-rotz-sampler" target="mixamorigwLeftArm/rotateZ.ANGLE" />
      <sampler id="hpl_mixamorigwLeftArm-roty-sampler"><input semantic="INPUT" source="#hpl_mixamorigwLeftArm-time" /><input semantic="OUTPUT" source="#hpl_mixamorigwLeftArm-roty" /></sampler><channel source="#hpl_mixamorigwLeftArm-roty-sampler" target="mixamorigwLeftArm/rotateY.ANGLE" />
      <sampler id="hpl_mixamorigwLeftArm-rotx-sampler"><input semantic="INPUT" source="#hpl_mixamorigwLeftArm-time" /><input semantic="OUTPUT" source="#hpl_mixamorigwLeftArm-rotx" /></sampler><channel source="#hpl_mixamorigwLeftArm-rotx-sampler" target="mixamorigwLeftArm/rotateX.ANGLE" />
    </animation>
    <animation id="hpl_mixamorigwLeftForeArm">
      <source id="hpl_mixamorigwLeftForeArm-time"><float_array id="hpl_mixamorigwLeftForeArm-time-array" count="102">0 1 2 3 4 5 6 7 8 9 10 11 12 13 14 15 16 17 18 19 20 21 22 23 24 25 26 27 28 29 30 31 32 33 34 35 36 37 38 39 40 41 42 43 44 45 46 47 48 49 50 51 52 53 54 55 56 57 58 59 60 61 62 63 64 65 66 67 68 69 70 71 72 73 74 75 76 77 78 79 80 81 82 83 84 85 86 87 88 89 90 91 92 93 94 95 96 97 98 99 100 101</float_array><technique_common><accessor source="#hpl_mixamorigwLeftForeArm-time-array" count="102" stride="1" /></technique_common></source>
      <source id="hpl_mixamorigwLeftForeArm-trans"><float_array id="hpl_mixamorigwLeftForeArm-trans-array" count="306">-7.33203e-07 0.239881 -1.62622e-06 -7.33203e-07 0.239881 -1.62622e-06 -7.33203e-07 0.239881 -1.62622e-06 -7.33203e-07 0.239881 -1.62622e-06 -7.33203e-07 0.239881 -1.62622e-06 -7.33203e-07 0.239881 -1.62622e-06 -7.33203e-07 0.239881 -1.62622e-06 -7.33203e-07 0.239881 -1.62622e-06 -7.33203e-07 0.239881 -1.62622e-06 -7.33203e-07 0.239881 -1.62622e-06 -7.33203e-07 0.239881 -1.62622e-06 -7.33203e-07 0.239881 -1.62622e-06 -7.33203e-07 0.239881 -1.62622e-06 -7.33203e-07 0.239881 -1.62622e-06 -7.33203e-07 0.239881 -1.62622e-06 -7.33203e-07 0.239881 -1.62622e-06 -7.33203e-07 0.239881 -1.62622e-06 -7.33203e-07 0.239881 -1.62622e-06 -7.33203e-07 0.239881 -1.62622e-06 -7.33203e-07 0.239881 -1.62622e-06 -7.33203e-07 0.239881 -1.62622e-06 -7.33203e-07 0.239881 -1.62622e-06 -7.33203e-07 0.239881 -1.62622e-06 -7.33203e-07 0.239881 -1.62622e-06 -7.33203e-07 0.239881 -1.62622e-06 -7.33203e-07 0.239881 -1.62622e-06 -7.33203e-07 0.239881 -1.62622e-06 -7.33203e-07 0.239881 -1.62622e-06 -7.33203e-07 0.239881 -1.62622e-06 -7.33203e-07 0.239881 -1.62622e-06 -7.33203e-07 0.239881 -1.62622e-06 -7.33203e-07 0.239881 -1.62622e-06 -7.33203e-07 0.239881 -1.62622e-06 -7.33203e-07 0.239881 -1.62622e-06 -7.33203e-07 0.239881 -1.62622e-06 -7.33203e-07 0.239881 -1.62622e-06 -7.33203e-07 0.239881 -1.62622e-06 -7.33203e-07 0.239881 -1.62622e-06 -7.33203e-07 0.239881 -1.62622e-06 -7.33203e-07 0.239881 -1.62622e-06 -7.33203e-07 0.239881 -1.62622e-06 -7.33203e-07 0.239881 -1.62622e-06 -7.33203e-07 0.239881 -1.62622e-06 -7.33203e-07 0.239881 -1.62622e-06 -7.33203e-07 0.239881 -1.62622e-06 -7.33203e-07 0.239881 -1.62622e-06 -7.33203e-07 0.239881 -1.62622e-06 -7.33203e-07 0.239881 -1.62622e-06 -7.33203e-07 0.239881 -1.62622e-06 -7.33203e-07 0.239881 -1.62622e-06 -7.33203e-07 0.239881 -1.62622e-06 -7.33203e-07 0.239881 -1.62622e-06 -7.33203e-07 0.239881 -1.62622e-06 -7.33203e-07 0.239881 -1.62622e-06 -7.33203e-07 0.239881 -1.62622e-06 -7.33203e-07 0.239881 -1.62622e-06 -7.33203e-07 0.239881 -1.62622e-06 -7.33203e-07 0.239881 -1.62622e-06 -7.33203e-07 0.239881 -1.62622e-06 -7.33203e-07 0.239881 -1.62622e-06 -7.33203e-07 0.239881 -1.62622e-06 -7.33203e-07 0.239881 -1.62622e-06 -7.33203e-07 0.239881 -1.62622e-06 -7.33203e-07 0.239881 -1.62622e-06 -7.33203e-07 0.239881 -1.62622e-06 -7.33203e-07 0.239881 -1.62622e-06 -7.33203e-07 0.239881 -1.62622e-06 -7.33203e-07 0.239881 -1.62622e-06 -7.33203e-07 0.239881 -1.62622e-06 -7.33203e-07 0.239881 -1.62622e-06 -7.33203e-07 0.239881 -1.62622e-06 -7.33203e-07 0.239881 -1.62622e-06 -7.33203e-07 0.239881 -1.62622e-06 -7.33203e-07 0.239881 -1.62622e-06 -7.33203e-07 0.239881 -1.62622e-06 -7.33203e-07 0.239881 -1.62622e-06 -7.33203e-07 0.239881 -1.62622e-06 -7.33203e-07 0.239881 -1.62622e-06 -7.33203e-07 0.239881 -1.62622e-06 -7.33203e-07 0.239881 -1.62622e-06 -7.33203e-07 0.239881 -1.62622e-06 -7.33203e-07 0.239881 -1.62622e-06 -7.33203e-07 0.239881 -1.62622e-06 -7.33203e-07 0.239881 -1.62622e-06 -7.33203e-07 0.239881 -1.62622e-06 -7.33203e-07 0.239881 -1.62622e-06 -7.33203e-07 0.239881 -1.62622e-06 -7.33203e-07 0.239881 -1.62622e-06 -7.33203e-07 0.239881 -1.62622e-06 -7.33203e-07 0.239881 -1.62622e-06 -7.33203e-07 0.239881 -1.62622e-06 -7.33203e-07 0.239881 -1.62622e-06 -7.33203e-07 0.239881 -1.62622e-06 -7.33203e-07 0.239881 -1.62622e-06 -7.33203e-07 0.239881 -1.62622e-06 -7.33203e-07 0.239881 -1.62622e-06 -7.33203e-07 0.239881 -1.62622e-06 -7.33203e-07 0.239881 -1.62622e-06 -7.33203e-07 0.239881 -1.62622e-06 -7.33203e-07 0.239881 -1.62622e-06 -7.33203e-07 0.239881 -1.62622e-06 -7.33203e-07 0.239881 -1.62622e-06</float_array><technique_common><accessor source="#hpl_mixamorigwLeftForeArm-trans-array" count="102" stride="3" /></technique_common></source>
      <source id="hpl_mixamorigwLeftForeArm-rotz"><float_array id="hpl_mixamorigwLeftForeArm-rotz-array" count="102">38.8484 39.1974 39.2634 38.9301 38.2058 37.2483 36.2706 35.4314 34.9264 34.834 34.981 35.3966 35.8178 35.9487 35.835 35.4529 34.9335 34.5006 34.2551 34.2918 34.4465 34.6626 34.8955 35.1515 35.3571 35.4423 35.4485 35.3527 35.1071 34.6674 34.1357 33.6297 33.4971 33.905 34.7864 35.8166 36.5293 36.7039 36.5643 36.5376 36.7535 37.1205 37.5178 37.9323 38.333 38.5455 38.6229 38.1929 37.2069 35.6579 33.8176 32.011 30.7279 30.0611 29.7467 29.8197 30.4318 31.8513 33.4894 34.8007 35.3061 34.9781 34.1887 33.6085 33.3957 33.595 34.0221 34.5058 34.8954 35.1176 35.1724 35.0538 34.9714 34.9632 34.9993 35.0353 34.9428 34.8316 34.7054 34.5429 34.3867 34.2321 34.0428 33.9737 33.8083 33.7834 33.7067 33.8357 34.2612 34.7988 35.2389 35.4579 35.4663 35.3844 35.259 35.1978 35.0613 34.8223 34.4268 33.9832 33.6119 38.8484</float_array><technique_common><accessor source="#hpl_mixamorigwLeftForeArm-rotz-array" count="102" stride="1" /></technique_common></source>
      <source id="hpl_mixamorigwLeftForeArm-roty"><float_array id="hpl_mixamorigwLeftForeArm-roty-array" count="102">-9.19296 -9.16035 -9.18985 -9.22915 -9.29766 -9.43784 -9.48747 -9.47537 -9.62846 -9.58091 -9.48031 -9.45897 -9.46027 -9.45868 -9.49292 -9.50347 -9.53981 -9.57949 -9.57773 -9.59711 -9.5885 -9.58157 -9.5602 -9.56627 -9.59012 -9.61475 -9.69848 -9.78701 -9.86019 -9.89673 -9.99941 -9.9762 -9.87009 -9.87001 -9.81194 -9.68881 -9.59904 -9.48562 -9.48716 -9.56065 -9.62431 -9.60341 -9.51842 -9.44951 -9.42964 -9.4121 -9.43506 -9.47744 -9.61654 -9.87624 -10.1579 -10.4511 -10.5335 -10.4959 -10.5564 -10.5256 -10.4555 -10.3492 -10.1862 -9.99046 -9.87554 -9.90886 -10.0064 -10.101 -10.111 -10.0755 -9.99028 -9.90605 -9.8108 -9.75747 -9.76056 -9.78492 -9.818 -9.81699 -9.79147 -9.77976 -9.77692 -9.81058 -9.84415 -9.87856 -9.93615 -9.98028 -10.0186 -10.1079 -10.0565 -9.9822 -9.952 -9.95206 -9.94047 -9.87174 -9.80897 -9.77843 -9.76561 -9.7799 -9.75237 -9.73556 -9.71984 -9.71763 -9.75874 -9.78689 -9.84751 -9.19296</float_array><technique_common><accessor source="#hpl_mixamorigwLeftForeArm-roty-array" count="102" stride="1" /></technique_common></source>
      <source id="hpl_mixamorigwLeftForeArm-rotx"><float_array id="hpl_mixamorigwLeftForeArm-rotx-array" count="102">-7.23411 -7.15018 -7.02438 -6.87939 -6.68278 -6.53882 -6.51898 -6.38861 -6.24131 -6.33009 -6.57134 -6.72423 -6.70505 -6.6868 -6.60146 -6.54988 -6.48985 -6.48477 -6.51724 -6.57289 -6.60954 -6.62841 -6.65605 -6.67248 -6.70591 -6.72005 -6.66061 -6.59274 -6.57071 -6.58603 -6.38115 -6.07985 -5.9824 -5.94331 -5.98706 -6.17004 -6.38443 -6.61932 -6.73294 -6.71425 -6.68964 -6.7347 -6.81049 -6.86601 -6.93906 -6.92217 -6.79674 -6.54921 -6.28057 -5.93989 -5.56664 -5.17358 -5.11186 -5.03977 -4.96729 -5.04679 -5.49842 -5.90965 -6.24873 -6.37529 -6.48795 -6.46173 -6.33389 -6.30547 -6.34963 -6.52858 -6.76156 -6.98844 -7.14272 -7.19205 -7.11597 -7.00181 -6.93361 -6.94903 -6.96293 -6.96604 -6.90865 -6.82395 -6.71549 -6.55754 -6.38984 -6.28613 -6.25893 -6.12164 -5.94856 -5.96861 -5.98853 -6.06896 -6.20268 -6.4027 -6.55278 -6.63488 -6.72291 -6.85852 -7.02276 -7.14247 -7.18286 -7.14887 -7.02901 -6.88397 -6.67392 -7.23411</float_array><technique_common><accessor source="#hpl_mixamorigwLeftForeArm-rotx-array" count="102" stride="1" /></technique_common></source>
      <sampler id="hpl_mixamorigwLeftForeArm-trans-sampler"><input semantic="INPUT" source="#hpl_mixamorigwLeftForeArm-time" /><input semantic="OUTPUT" source="#hpl_mixamorigwLeftForeArm-trans" /></sampler><channel source="#hpl_mixamorigwLeftForeArm-trans-sampler" target="mixamorigwLeftForeArm/translate" />
      <sampler id="hpl_mixamorigwLeftForeArm-rotz-sampler"><input semantic="INPUT" source="#hpl_mixamorigwLeftForeArm-time" /><input semantic="OUTPUT" source="#hpl_mixamorigwLeftForeArm-rotz" /></sampler><channel source="#hpl_mixamorigwLeftForeArm-rotz-sampler" target="mixamorigwLeftForeArm/rotateZ.ANGLE" />
      <sampler id="hpl_mixamorigwLeftForeArm-roty-sampler"><input semantic="INPUT" source="#hpl_mixamorigwLeftForeArm-time" /><input semantic="OUTPUT" source="#hpl_mixamorigwLeftForeArm-roty" /></sampler><channel source="#hpl_mixamorigwLeftForeArm-roty-sampler" target="mixamorigwLeftForeArm/rotateY.ANGLE" />
      <sampler id="hpl_mixamorigwLeftForeArm-rotx-sampler"><input semantic="INPUT" source="#hpl_mixamorigwLeftForeArm-time" /><input semantic="OUTPUT" source="#hpl_mixamorigwLeftForeArm-rotx" /></sampler><channel source="#hpl_mixamorigwLeftForeArm-rotx-sampler" target="mixamorigwLeftForeArm/rotateX.ANGLE" />
    </animation>
    <animation id="hpl_mixamorigwLeftHand">
      <source id="hpl_mixamorigwLeftHand-time"><float_array id="hpl_mixamorigwLeftHand-time-array" count="102">0 1 2 3 4 5 6 7 8 9 10 11 12 13 14 15 16 17 18 19 20 21 22 23 24 25 26 27 28 29 30 31 32 33 34 35 36 37 38 39 40 41 42 43 44 45 46 47 48 49 50 51 52 53 54 55 56 57 58 59 60 61 62 63 64 65 66 67 68 69 70 71 72 73 74 75 76 77 78 79 80 81 82 83 84 85 86 87 88 89 90 91 92 93 94 95 96 97 98 99 100 101</float_array><technique_common><accessor source="#hpl_mixamorigwLeftHand-time-array" count="102" stride="1" /></technique_common></source>
      <source id="hpl_mixamorigwLeftHand-trans"><float_array id="hpl_mixamorigwLeftHand-trans-array" count="306">-4.76682e-07 0.249492 -6.29558e-06 -4.76682e-07 0.249492 -6.29558e-06 -4.76682e-07 0.249492 -6.29558e-06 -4.76682e-07 0.249492 -6.29558e-06 -4.76682e-07 0.249492 -6.29558e-06 -4.76682e-07 0.249492 -6.29558e-06 -4.76682e-07 0.249492 -6.29558e-06 -4.76682e-07 0.249492 -6.29558e-06 -4.76682e-07 0.249492 -6.29558e-06 -4.76682e-07 0.249492 -6.29558e-06 -4.76682e-07 0.249492 -6.29558e-06 -4.76682e-07 0.249492 -6.29558e-06 -4.76682e-07 0.249492 -6.29558e-06 -4.76682e-07 0.249492 -6.29558e-06 -4.76682e-07 0.249492 -6.29558e-06 -4.76682e-07 0.249492 -6.29558e-06 -4.76682e-07 0.249492 -6.29558e-06 -4.76682e-07 0.249492 -6.29558e-06 -4.76682e-07 0.249492 -6.29558e-06 -4.76682e-07 0.249492 -6.29558e-06 -4.76682e-07 0.249492 -6.29558e-06 -4.76682e-07 0.249492 -6.29558e-06 -4.76682e-07 0.249492 -6.29558e-06 -4.76682e-07 0.249492 -6.29558e-06 -4.76682e-07 0.249492 -6.29558e-06 -4.76682e-07 0.249492 -6.29558e-06 -4.76682e-07 0.249492 -6.29558e-06 -4.76682e-07 0.249492 -6.29558e-06 -4.76682e-07 0.249492 -6.29558e-06 -4.76682e-07 0.249492 -6.29558e-06 -4.76682e-07 0.249492 -6.29558e-06 -4.76682e-07 0.249492 -6.29558e-06 -4.76682e-07 0.249492 -6.29558e-06 -4.76682e-07 0.249492 -6.29558e-06 -4.76682e-07 0.249492 -6.29558e-06 -4.76682e-07 0.249492 -6.29558e-06 -4.76682e-07 0.249492 -6.29558e-06 -4.76682e-07 0.249492 -6.29558e-06 -4.76682e-07 0.249492 -6.29558e-06 -4.76682e-07 0.249492 -6.29558e-06 -4.76682e-07 0.249492 -6.29558e-06 -4.76682e-07 0.249492 -6.29558e-06 -4.76682e-07 0.249492 -6.29558e-06 -4.76682e-07 0.249492 -6.29558e-06 -4.76682e-07 0.249492 -6.29558e-06 -4.76682e-07 0.249492 -6.29558e-06 -4.76682e-07 0.249492 -6.29558e-06 -4.76682e-07 0.249492 -6.29558e-06 -4.76682e-07 0.249492 -6.29558e-06 -4.76682e-07 0.249492 -6.29558e-06 -4.76682e-07 0.249492 -6.29558e-06 -4.76682e-07 0.249492 -6.29558e-06 -4.76682e-07 0.249492 -6.29558e-06 -4.76682e-07 0.249492 -6.29558e-06 -4.76682e-07 0.249492 -6.29558e-06 -4.76682e-07 0.249492 -6.29558e-06 -4.76682e-07 0.249492 -6.29558e-06 -4.76682e-07 0.249492 -6.29558e-06 -4.76682e-07 0.249492 -6.29558e-06 -4.76682e-07 0.249492 -6.29558e-06 -4.76682e-07 0.249492 -6.29558e-06 -4.76682e-07 0.249492 -6.29558e-06 -4.76682e-07 0.249492 -6.29558e-06 -4.76682e-07 0.249492 -6.29558e-06 -4.76682e-07 0.249492 -6.29558e-06 -4.76682e-07 0.249492 -6.29558e-06 -4.76682e-07 0.249492 -6.29558e-06 -4.76682e-07 0.249492 -6.29558e-06 -4.76682e-07 0.249492 -6.29558e-06 -4.76682e-07 0.249492 -6.29558e-06 -4.76682e-07 0.249492 -6.29558e-06 -4.76682e-07 0.249492 -6.29558e-06 -4.76682e-07 0.249492 -6.29558e-06 -4.76682e-07 0.249492 -6.29558e-06 -4.76682e-07 0.249492 -6.29558e-06 -4.76682e-07 0.249492 -6.29558e-06 -4.76682e-07 0.249492 -6.29558e-06 -4.76682e-07 0.249492 -6.29558e-06 -4.76682e-07 0.249492 -6.29558e-06 -4.76682e-07 0.249492 -6.29558e-06 -4.76682e-07 0.249492 -6.29558e-06 -4.76682e-07 0.249492 -6.29558e-06 -4.76682e-07 0.249492 -6.29558e-06 -4.76682e-07 0.249492 -6.29558e-06 -4.76682e-07 0.249492 -6.29558e-06 -4.76682e-07 0.249492 -6.29558e-06 -4.76682e-07 0.249492 -6.29558e-06 -4.76682e-07 0.249492 -6.29558e-06 -4.76682e-07 0.249492 -6.29558e-06 -4.76682e-07 0.249492 -6.29558e-06 -4.76682e-07 0.249492 -6.29558e-06 -4.76682e-07 0.249492 -6.29558e-06 -4.76682e-07 0.249492 -6.29558e-06 -4.76682e-07 0.249492 -6.29558e-06 -4.76682e-07 0.249492 -6.29558e-06 -4.76682e-07 0.249492 -6.29558e-06 -4.76682e-07 0.249492 -6.29558e-06 -4.76682e-07 0.249492 -6.29558e-06 -4.76682e-07 0.249492 -6.29558e-06 -4.76682e-07 0.249492 -6.29558e-06 -4.76682e-07 0.249492 -6.29558e-06 -4.76682e-07 0.249492 -6.29558e-06</float_array><technique_common><accessor source="#hpl_mixamorigwLeftHand-trans-array" count="102" stride="3" /></technique_common></source>
      <source id="hpl_mixamorigwLeftHand-rotz"><float_array id="hpl_mixamorigwLeftHand-rotz-array" count="102">2.08418 1.94014 1.59251 1.04989 0.45059 0.0354833 -0.0897097 0.193112 0.593497 1.05796 1.36169 1.39601 1.34652 1.25915 1.23758 1.24215 1.23453 1.18282 1.1361 1.16103 1.24406 1.38779 1.5593 1.71758 1.78632 1.81477 1.78321 1.70562 1.63677 1.50384 1.38229 1.12219 0.97088 1.02492 1.39502 1.94367 2.377 2.58704 2.8654 3.18693 3.48064 3.70641 3.85292 3.99731 4.18367 4.39487 4.51267 4.50886 4.29921 3.94473 3.58173 3.5256 3.77748 3.99769 4.18955 4.29463 4.35289 4.28642 4.18083 4.41229 4.41199 4.04454 3.28631 2.28846 1.62674 1.43341 1.52459 1.69376 1.79113 1.74725 1.63981 1.4712 1.34278 1.25535 1.21741 1.15556 1.13631 1.11164 1.08732 1.08244 1.12414 1.20403 1.23224 1.3083 1.22597 1.269 1.54167 2.13242 2.60786 3.02119 3.43655 3.89093 4.36179 4.77328 5.11455 5.32518 5.3982 5.30373 5.08995 4.78169 4.4971 2.08418</float_array><technique_common><accessor source="#hpl_mixamorigwLeftHand-rotz-array" count="102" stride="1" /></technique_common></source>
      <source id="hpl_mixamorigwLeftHand-roty"><float_array id="hpl_mixamorigwLeftHand-roty-array" count="102">-27.7549 -28.2969 -28.9121 -29.7751 -30.9458 -32.2275 -33.2932 -33.6299 -33.5671 -33.6509 -33.653 -33.0287 -31.9408 -30.6349 -29.4956 -28.7132 -28.1582 -27.8432 -27.868 -28.0514 -28.1254 -27.9484 -27.5882 -27.1923 -26.8235 -26.4822 -25.8632 -25.107 -24.3982 -23.8286 -23.2851 -22.7527 -22.3232 -22.0853 -22.0742 -22.6378 -22.8959 -23.2245 -23.6154 -24.1115 -24.7259 -25.3893 -25.9698 -26.5437 -27.0153 -27.5315 -28.0048 -28.5577 -29.4076 -30.4761 -31.7692 -32.7891 -33.5357 -32.8729 -31.6568 -30.428 -29.3492 -28.0176 -26.9491 -26.4822 -26.3656 -25.8351 -24.6592 -23.355 -22.6718 -22.8051 -23.5656 -24.4905 -25.2943 -25.7357 -25.7009 -25.408 -25.2275 -25.1517 -25.1832 -25.2159 -25.1899 -25.0894 -24.9762 -24.7703 -24.3623 -23.9428 -23.4919 -22.5377 -21.8191 -21.5025 -21.6643 -22.7501 -23.7845 -24.7379 -25.3969 -25.6959 -25.8668 -26.0066 -26.1264 -26.1073 -26.0649 -25.8698 -25.4702 -24.975 -24.5153 -27.7549</float_array><technique_common><accessor source="#hpl_mixamorigwLeftHand-roty-array" count="102" stride="1" /></technique_common></source>
      <source id="hpl_mixamorigwLeftHand-rotx"><float_array id="hpl_mixamorigwLeftHand-rotx-array" count="102">0.109182 0.0340244 0.188347 0.448878 0.70714 0.924134 1.14275 1.39894 1.6619 2.04039 2.42559 3.13149 4.24519 5.27834 5.79394 5.88829 5.62102 5.11818 4.53474 3.95541 3.50929 3.1606 2.86126 2.56878 2.47037 2.52153 2.68141 2.94578 3.23312 3.50086 3.37352 2.87339 2.22714 1.97053 2.00518 2.00781 1.87887 1.67658 1.24908 0.747885 0.339174 0.179038 0.135886 -0.0120258 -0.333746 -0.693228 -0.941842 -0.963042 -0.650934 -0.140921 0.443276 1.18445 2.13913 3.227 3.87355 3.91116 3.47381 3.29901 3.83668 4.21645 4.41174 4.52669 4.89876 5.54343 5.94806 5.81193 5.20555 4.42225 3.70374 3.227 2.95707 2.85493 2.80002 2.79834 2.80773 2.84748 2.92266 2.99732 3.11241 3.25748 3.47429 3.78428 4.21094 4.7356 5.39072 5.75567 5.44912 4.40974 3.58719 2.96888 2.28056 1.37255 0.350627 -0.624581 -1.3976 -1.97838 -2.35061 -2.536 -2.48295 -2.19801 -1.83121 0.109182</float_array><technique_common><accessor source="#hpl_mixamorigwLeftHand-rotx-array" count="102" stride="1" /></technique_common></source>
      <sampler id="hpl_mixamorigwLeftHand-trans-sampler"><input semantic="INPUT" source="#hpl_mixamorigwLeftHand-time" /><input semantic="OUTPUT" source="#hpl_mixamorigwLeftHand-trans" /></sampler><channel source="#hpl_mixamorigwLeftHand-trans-sampler" target="mixamorigwLeftHand/translate" />
      <sampler id="hpl_mixamorigwLeftHand-rotz-sampler"><input semantic="INPUT" source="#hpl_mixamorigwLeftHand-time" /><input semantic="OUTPUT" source="#hpl_mixamorigwLeftHand-rotz" /></sampler><channel source="#hpl_mixamorigwLeftHand-rotz-sampler" target="mixamorigwLeftHand/rotateZ.ANGLE" />
      <sampler id="hpl_mixamorigwLeftHand-roty-sampler"><input semantic="INPUT" source="#hpl_mixamorigwLeftHand-time" /><input semantic="OUTPUT" source="#hpl_mixamorigwLeftHand-roty" /></sampler><channel source="#hpl_mixamorigwLeftHand-roty-sampler" target="mixamorigwLeftHand/rotateY.ANGLE" />
      <sampler id="hpl_mixamorigwLeftHand-rotx-sampler"><input semantic="INPUT" source="#hpl_mixamorigwLeftHand-time" /><input semantic="OUTPUT" source="#hpl_mixamorigwLeftHand-rotx" /></sampler><channel source="#hpl_mixamorigwLeftHand-rotx-sampler" target="mixamorigwLeftHand/rotateX.ANGLE" />
    </animation>
    <animation id="hpl_mixamorigwRightShoulder">
      <source id="hpl_mixamorigwRightShoulder-time"><float_array id="hpl_mixamorigwRightShoulder-time-array" count="102">0 1 2 3 4 5 6 7 8 9 10 11 12 13 14 15 16 17 18 19 20 21 22 23 24 25 26 27 28 29 30 31 32 33 34 35 36 37 38 39 40 41 42 43 44 45 46 47 48 49 50 51 52 53 54 55 56 57 58 59 60 61 62 63 64 65 66 67 68 69 70 71 72 73 74 75 76 77 78 79 80 81 82 83 84 85 86 87 88 89 90 91 92 93 94 95 96 97 98 99 100 101</float_array><technique_common><accessor source="#hpl_mixamorigwRightShoulder-time-array" count="102" stride="1" /></technique_common></source>
      <source id="hpl_mixamorigwRightShoulder-trans"><float_array id="hpl_mixamorigwRightShoulder-trans-array" count="306">-0.0433087 0.0799113 -0.00249339 -0.0433087 0.0799113 -0.00249339 -0.0433087 0.0799113 -0.00249339 -0.0433087 0.0799113 -0.00249339 -0.0433087 0.0799113 -0.00249339 -0.0433087 0.0799113 -0.00249339 -0.0433087 0.0799113 -0.00249339 -0.0433087 0.0799113 -0.00249339 -0.0433087 0.0799113 -0.00249339 -0.0433087 0.0799113 -0.00249339 -0.0433087 0.0799113 -0.00249339 -0.0433087 0.0799113 -0.00249339 -0.0433087 0.0799113 -0.00249339 -0.0433087 0.0799113 -0.00249339 -0.0433087 0.0799113 -0.00249339 -0.0433087 0.0799113 -0.00249339 -0.0433087 0.0799113 -0.00249339 -0.0433087 0.0799113 -0.00249339 -0.0433087 0.0799113 -0.00249339 -0.0433087 0.0799113 -0.00249339 -0.0433087 0.0799113 -0.00249339 -0.0433087 0.0799113 -0.00249339 -0.0433087 0.0799113 -0.00249339 -0.0433087 0.0799113 -0.00249339 -0.0433087 0.0799113 -0.00249339 -0.0433087 0.0799113 -0.00249339 -0.0433087 0.0799113 -0.00249339 -0.0433087 0.0799113 -0.00249339 -0.0433087 0.0799113 -0.00249339 -0.0433087 0.0799113 -0.00249339 -0.0433087 0.0799113 -0.00249339 -0.0433087 0.0799113 -0.00249339 -0.0433087 0.0799113 -0.00249339 -0.0433087 0.0799113 -0.00249339 -0.0433087 0.0799113 -0.00249339 -0.0433087 0.0799113 -0.00249339 -0.0433087 0.0799113 -0.00249339 -0.0433087 0.0799113 -0.00249339 -0.0433087 0.0799113 -0.00249339 -0.0433087 0.0799113 -0.00249339 -0.0433087 0.0799113 -0.00249339 -0.0433087 0.0799113 -0.00249339 -0.0433087 0.0799113 -0.00249339 -0.0433087 0.0799113 -0.00249339 -0.0433087 0.0799113 -0.00249339 -0.0433087 0.0799113 -0.00249339 -0.0433087 0.0799113 -0.00249339 -0.0433087 0.0799113 -0.00249339 -0.0433087 0.0799113 -0.00249339 -0.0433087 0.0799113 -0.00249339 -0.0433087 0.0799113 -0.00249339 -0.0433087 0.0799113 -0.00249339 -0.0433087 0.0799113 -0.00249339 -0.0433087 0.0799113 -0.00249339 -0.0433087 0.0799113 -0.00249339 -0.0433087 0.0799113 -0.00249339 -0.0433087 0.0799113 -0.00249339 -0.0433087 0.0799113 -0.00249339 -0.0433087 0.0799113 -0.00249339 -0.0433087 0.0799113 -0.00249339 -0.0433087 0.0799113 -0.00249339 -0.0433087 0.0799113 -0.00249339 -0.0433087 0.0799113 -0.00249339 -0.0433087 0.0799113 -0.00249339 -0.0433087 0.0799113 -0.00249339 -0.0433087 0.0799113 -0.00249339 -0.0433087 0.0799113 -0.00249339 -0.0433087 0.0799113 -0.00249339 -0.0433087 0.0799113 -0.00249339 -0.0433087 0.0799113 -0.00249339 -0.0433087 0.0799113 -0.00249339 -0.0433087 0.0799113 -0.00249339 -0.0433087 0.0799113 -0.00249339 -0.0433087 0.0799113 -0.00249339 -0.0433087 0.0799113 -0.00249339 -0.0433087 0.0799113 -0.00249339 -0.0433087 0.0799113 -0.00249339 -0.0433087 0.0799113 -0.00249339 -0.0433087 0.0799113 -0.00249339 -0.0433087 0.0799113 -0.00249339 -0.0433087 0.0799113 -0.00249339 -0.0433087 0.0799113 -0.00249339 -0.0433087 0.0799113 -0.00249339 -0.0433087 0.0799113 -0.00249339 -0.0433087 0.0799113 -0.00249339 -0.0433087 0.0799113 -0.00249339 -0.0433087 0.0799113 -0.00249339 -0.0433087 0.0799113 -0.00249339 -0.0433087 0.0799113 -0.00249339 -0.0433087 0.0799113 -0.00249339 -0.0433087 0.0799113 -0.00249339 -0.0433087 0.0799113 -0.00249339 -0.0433087 0.0799113 -0.00249339 -0.0433087 0.0799113 -0.00249339 -0.0433087 0.0799113 -0.00249339 -0.0433087 0.0799113 -0.00249339 -0.0433087 0.0799113 -0.00249339 -0.0433087 0.0799113 -0.00249339 -0.0433087 0.0799113 -0.00249339 -0.0433087 0.0799113 -0.00249339 -0.0433087 0.0799113 -0.00249339 -0.0433087 0.0799113 -0.00249339</float_array><technique_common><accessor source="#hpl_mixamorigwRightShoulder-trans-array" count="102" stride="3" /></technique_common></source>
      <source id="hpl_mixamorigwRightShoulder-rotz"><float_array id="hpl_mixamorigwRightShoulder-rotz-array" count="102">-98.4377 -97.849 -97.3412 -96.9589 -96.5146 -95.9998 -95.538 -94.8279 -94.48 -94.3902 -94.5876 -94.8588 -95.2532 -95.9277 -96.9363 -98.2482 -99.6845 -100.975 -102.1 -102.998 -103.759 -104.38 -104.841 -105.116 -105.276 -105.295 -105.149 -104.889 -104.516 -104.268 -104.071 -104.482 -105.383 -105.953 -106.364 -105.997 -105.189 -104.333 -103.467 -102.505 -101.472 -100.402 -99.4134 -98.3269 -97.0908 -95.7498 -94.3466 -93.1689 -92.2451 -91.4907 -90.7704 -90.224 -90.0664 -90.3472 -91.4072 -92.6862 -93.6475 -93.6471 -93.2646 -92.9629 -93.2818 -94.2106 -95.3409 -96.3085 -97.2356 -97.9782 -98.6043 -99.1186 -99.6502 -100.287 -100.954 -101.576 -102.133 -102.607 -103.019 -103.287 -103.518 -103.669 -103.851 -104.107 -104.268 -104.373 -104.535 -104.459 -104.906 -105.575 -106.059 -106.172 -105.65 -104.9 -104.213 -103.636 -103.167 -102.72 -102.332 -102.036 -101.81 -101.489 -101.186 -100.782 -100.138 -98.4377</float_array><technique_common><accessor source="#hpl_mixamorigwRightShoulder-rotz-array" count="102" stride="1" /></technique_common></source>
      <source id="hpl_mixamorigwRightShoulder-roty"><float_array id="hpl_mixamorigwRightShoulder-roty-array" count="102">-68.2777 -68.293 -68.3295 -68.4092 -68.5167 -68.5476 -68.5046 -68.3541 -68.2568 -68.2079 -68.0847 -68.0646 -68.0943 -67.8571 -67.5715 -67.3465 -67.1235 -66.7912 -66.4358 -66.0618 -65.7275 -65.4459 -65.1846 -64.9953 -64.7683 -64.5507 -64.3303 -64.1235 -63.9455 -63.8244 -63.6251 -63.7894 -63.8423 -63.8943 -64.4993 -65.2269 -65.7773 -66.2059 -66.4974 -66.7632 -67.0584 -67.3673 -67.7471 -68.1248 -68.4364 -68.6799 -68.9017 -69.1467 -69.3805 -69.5678 -69.6497 -69.5613 -69.2834 -69.0577 -68.9318 -68.8594 -68.8611 -68.7771 -68.352 -68.0128 -67.6631 -67.4703 -67.3819 -67.353 -67.2637 -67.1052 -66.9121 -66.7117 -66.549 -66.3895 -66.2334 -66.0566 -65.8229 -65.5658 -65.2977 -65.0634 -64.8526 -64.6133 -64.41 -64.2504 -64.1161 -64.059 -64.0362 -63.8983 -64.0867 -64.0385 -64.309 -64.7702 -65.1483 -65.5008 -65.7009 -65.8535 -65.9838 -66.0685 -66.159 -66.2533 -66.3366 -66.3968 -66.4914 -66.6098 -66.7351 -68.2777</float_array><technique_common><accessor source="#hpl_mixamorigwRightShoulder-roty-array" count="102" stride="1" /></technique_common></source>
      <source id="hpl_mixamorigwRightShoulder-rotx"><float_array id="hpl_mixamorigwRightShoulder-rotx-array" count="102">-164.861 -165.888 -166.878 -167.654 -168.475 -169.409 -170.271 -171.201 -171.493 -171.217 -170.574 -169.956 -169.267 -168.344 -167.101 -165.54 -163.821 -162.243 -160.777 -159.511 -158.343 -157.339 -156.589 -156.099 -155.815 -155.698 -155.802 -156.05 -156.451 -156.723 -156.87 -156.345 -155.079 -154.271 -154.593 -155.605 -156.529 -157.36 -158.235 -159.244 -160.322 -161.38 -162.318 -163.427 -164.791 -166.382 -168.2 -169.882 -171.373 -172.615 -173.661 -174.403 -174.628 -174.149 -172.868 -171.582 -170.948 -171.138 -171.343 -171.197 -170.457 -169.403 -168.376 -167.525 -166.568 -165.648 -164.76 -163.895 -162.96 -161.918 -160.877 -159.939 -159.121 -158.482 -157.994 -157.689 -157.488 -157.41 -157.303 -157.114 -157.043 -157.066 -157.026 -157.077 -156.525 -155.775 -155.726 -156.154 -156.974 -157.893 -158.715 -159.36 -159.875 -160.336 -160.768 -161.137 -161.478 -161.956 -162.438 -163.013 -163.742 -164.861</float_array><technique_common><accessor source="#hpl_mixamorigwRightShoulder-rotx-array" count="102" stride="1" /></technique_common></source>
      <sampler id="hpl_mixamorigwRightShoulder-trans-sampler"><input semantic="INPUT" source="#hpl_mixamorigwRightShoulder-time" /><input semantic="OUTPUT" source="#hpl_mixamorigwRightShoulder-trans" /></sampler><channel source="#hpl_mixamorigwRightShoulder-trans-sampler" target="mixamorigwRightShoulder/translate" />
      <sampler id="hpl_mixamorigwRightShoulder-rotz-sampler"><input semantic="INPUT" source="#hpl_mixamorigwRightShoulder-time" /><input semantic="OUTPUT" source="#hpl_mixamorigwRightShoulder-rotz" /></sampler><channel source="#hpl_mixamorigwRightShoulder-rotz-sampler" target="mixamorigwRightShoulder/rotateZ.ANGLE" />
      <sampler id="hpl_mixamorigwRightShoulder-roty-sampler"><input semantic="INPUT" source="#hpl_mixamorigwRightShoulder-time" /><input semantic="OUTPUT" source="#hpl_mixamorigwRightShoulder-roty" /></sampler><channel source="#hpl_mixamorigwRightShoulder-roty-sampler" target="mixamorigwRightShoulder/rotateY.ANGLE" />
      <sampler id="hpl_mixamorigwRightShoulder-rotx-sampler"><input semantic="INPUT" source="#hpl_mixamorigwRightShoulder-time" /><input semantic="OUTPUT" source="#hpl_mixamorigwRightShoulder-rotx" /></sampler><channel source="#hpl_mixamorigwRightShoulder-rotx-sampler" target="mixamorigwRightShoulder/rotateX.ANGLE" />
    </animation>
    <animation id="hpl_mixamorigwRightArm">
      <source id="hpl_mixamorigwRightArm-time"><float_array id="hpl_mixamorigwRightArm-time-array" count="102">0 1 2 3 4 5 6 7 8 9 10 11 12 13 14 15 16 17 18 19 20 21 22 23 24 25 26 27 28 29 30 31 32 33 34 35 36 37 38 39 40 41 42 43 44 45 46 47 48 49 50 51 52 53 54 55 56 57 58 59 60 61 62 63 64 65 66 67 68 69 70 71 72 73 74 75 76 77 78 79 80 81 82 83 84 85 86 87 88 89 90 91 92 93 94 95 96 97 98 99 100 101</float_array><technique_common><accessor source="#hpl_mixamorigwRightArm-time-array" count="102" stride="1" /></technique_common></source>
      <source id="hpl_mixamorigwRightArm-trans"><float_array id="hpl_mixamorigwRightArm-trans-array" count="306">-9.6372e-07 0.17456 7.77292e-06 -9.6372e-07 0.17456 7.77292e-06 -9.6372e-07 0.17456 7.77292e-06 -9.6372e-07 0.17456 7.77292e-06 -9.6372e-07 0.17456 7.77292e-06 -9.6372e-07 0.17456 7.77292e-06 -9.6372e-07 0.17456 7.77292e-06 -9.6372e-07 0.17456 7.77292e-06 -9.6372e-07 0.17456 7.77292e-06 -9.6372e-07 0.17456 7.77292e-06 -9.6372e-07 0.17456 7.77292e-06 -9.6372e-07 0.17456 7.77292e-06 -9.6372e-07 0.17456 7.77292e-06 -9.6372e-07 0.17456 7.77292e-06 -9.6372e-07 0.17456 7.77292e-06 -9.6372e-07 0.17456 7.77292e-06 -9.6372e-07 0.17456 7.77292e-06 -9.6372e-07 0.17456 7.77292e-06 -9.6372e-07 0.17456 7.77292e-06 -9.6372e-07 0.17456 7.77292e-06 -9.6372e-07 0.17456 7.77292e-06 -9.6372e-07 0.17456 7.77292e-06 -9.6372e-07 0.17456 7.77292e-06 -9.6372e-07 0.17456 7.77292e-06 -9.6372e-07 0.17456 7.77292e-06 -9.6372e-07 0.17456 7.77292e-06 -9.6372e-07 0.17456 7.77292e-06 -9.6372e-07 0.17456 7.77292e-06 -9.6372e-07 0.17456 7.77292e-06 -9.6372e-07 0.17456 7.77292e-06 -9.6372e-07 0.17456 7.77292e-06 -9.6372e-07 0.17456 7.77292e-06 -9.6372e-07 0.17456 7.77292e-06 -9.6372e-07 0.17456 7.77292e-06 -9.6372e-07 0.17456 7.77292e-06 -9.6372e-07 0.17456 7.77292e-06 -9.6372e-07 0.17456 7.77292e-06 -9.6372e-07 0.17456 7.77292e-06 -9.6372e-07 0.17456 7.77292e-06 -9.6372e-07 0.17456 7.77292e-06 -9.6372e-07 0.17456 7.77292e-06 -9.6372e-07 0.17456 7.77292e-06 -9.6372e-07 0.17456 7.77292e-06 -9.6372e-07 0.17456 7.77292e-06 -9.6372e-07 0.17456 7.77292e-06 -9.6372e-07 0.17456 7.77292e-06 -9.6372e-07 0.17456 7.77292e-06 -9.6372e-07 0.17456 7.77292e-06 -9.6372e-07 0.17456 7.77292e-06 -9.6372e-07 0.17456 7.77292e-06 -9.6372e-07 0.17456 7.77292e-06 -9.6372e-07 0.17456 7.77292e-06 -9.6372e-07 0.17456 7.77292e-06 -9.6372e-07 0.17456 7.77292e-06 -9.6372e-07 0.17456 7.77292e-06 -9.6372e-07 0.17456 7.77292e-06 -9.6372e-07 0.17456 7.77292e-06 -9.6372e-07 0.17456 7.77292e-06 -9.6372e-07 0.17456 7.77292e-06 -9.6372e-07 0.17456 7.77292e-06 -9.6372e-07 0.17456 7.77292e-06 -9.6372e-07 0.17456 7.77292e-06 -9.6372e-07 0.17456 7.77292e-06 -9.6372e-07 0.17456 7.77292e-06 -9.6372e-07 0.17456 7.77292e-06 -9.6372e-07 0.17456 7.77292e-06 -9.6372e-07 0.17456 7.77292e-06 -9.6372e-07 0.17456 7.77292e-06 -9.6372e-07 0.17456 7.77292e-06 -9.6372e-07 0.17456 7.77292e-06 -9.6372e-07 0.17456 7.77292e-06 -9.6372e-07 0.17456 7.77292e-06 -9.6372e-07 0.17456 7.77292e-06 -9.6372e-07 0.17456 7.77292e-06 -9.6372e-07 0.17456 7.77292e-06 -9.6372e-07 0.17456 7.77292e-06 -9.6372e-07 0.17456 7.77292e-06 -9.6372e-07 0.17456 7.77292e-06 -9.6372e-07 0.17456 7.77292e-06 -9.6372e-07 0.17456 7.77292e-06 -9.6372e-07 0.17456 7.77292e-06 -9.6372e-07 0.17456 7.77292e-06 -9.6372e-07 0.17456 7.77292e-06 -9.6372e-07 0.17456 7.77292e-06 -9.6372e-07 0.17456 7.77292e-06 -9.6372e-07 0.17456 7.77292e-06 -9.6372e-07 0.17456 7.77292e-06 -9.6372e-07 0.17456 7.77292e-06 -9.6372e-07 0.17456 7.77292e-06 -9.6372e-07 0.17456 7.77292e-06 -9.6372e-07 0.17456 7.77292e-06 -9.6372e-07 0.17456 7.77292e-06 -9.6372e-07 0.17456 7.77292e-06 -9.6372e-07 0.17456 7.77292e-06 -9.6372e-07 0.17456 7.77292e-06 -9.6372e-07 0.17456 7.77292e-06 -9.6372e-07 0.17456 7.77292e-06 -9.6372e-07 0.17456 7.77292e-06 -9.6372e-07 0.17456 7.77292e-06 -9.6372e-07 0.17456 7.77292e-06 -9.6372e-07 0.17456 7.77292e-06 -9.6372e-07 0.17456 7.77292e-06</float_array><technique_common><accessor source="#hpl_mixamorigwRightArm-trans-array" count="102" stride="3" /></technique_common></source>
      <source id="hpl_mixamorigwRightArm-rotz"><float_array id="hpl_mixamorigwRightArm-rotz-array" count="102">-64.9477 -66.2154 -67.2353 -68.016 -68.5493 -68.8167 -68.6346 -68.0192 -66.6728 -64.7688 -62.3423 -60.2156 -58.5142 -57.3985 -56.5159 -55.8051 -55.2243 -54.7118 -54.2699 -53.8263 -53.5316 -53.3744 -53.2671 -53.2348 -53.21 -53.132 -53.1455 -53.0453 -52.9278 -52.8 -52.4122 -51.522 -50.1108 -48.8444 -48.205 -48.1283 -48.2377 -48.5655 -49.0333 -49.4931 -50.1282 -51.1818 -52.6655 -54.4197 -56.2129 -58.0666 -59.846 -61.5319 -63.0655 -64.3599 -65.3767 -65.8952 -65.859 -65.3404 -64.2353 -62.7985 -61.3839 -60.6505 -60.485 -60.1528 -59.4267 -58.2714 -56.9158 -55.5317 -54.3927 -53.4368 -52.5516 -51.6679 -50.8929 -50.2049 -49.5097 -48.9248 -48.4513 -48.1745 -48.0476 -48.0524 -48.248 -48.5327 -48.8543 -49.2291 -49.5118 -49.631 -49.533 -49.0368 -48.3741 -47.9736 -48.1391 -48.7872 -49.2251 -49.8255 -50.6694 -51.6596 -52.6633 -53.7222 -54.8751 -56.0571 -57.2362 -58.3568 -59.443 -60.5064 -61.425 -64.9477</float_array><technique_common><accessor source="#hpl_mixamorigwRightArm-rotz-array" count="102" stride="1" /></technique_common></source>
      <source id="hpl_mixamorigwRightArm-roty"><float_array id="hpl_mixamorigwRightArm-roty-array" count="102">-12.1869 -12.3318 -12.5799 -13.1038 -13.8466 -14.6013 -15.2544 -15.8597 -16.1948 -16.1835 -15.4132 -14.464 -14.0423 -14.1113 -14.4521 -14.8319 -15.1444 -15.2887 -15.3795 -15.4677 -15.6222 -15.9071 -16.2667 -16.7724 -17.386 -18.0821 -18.7017 -19.1892 -19.5091 -19.7726 -19.785 -19.436 -18.1081 -15.9059 -13.817 -12.6695 -12.2022 -11.7905 -11.161 -10.4312 -9.9206 -9.8042 -9.93076 -10.0335 -9.86839 -9.46549 -8.91077 -8.36126 -7.95853 -7.79652 -7.94165 -8.21436 -8.37827 -8.66005 -8.66805 -8.18518 -7.29662 -7.09015 -7.81457 -9.0732 -9.91392 -9.98596 -9.71393 -9.61801 -9.92904 -10.5185 -11.1926 -11.9276 -12.7458 -13.5712 -14.3582 -15.0365 -15.6616 -16.2995 -16.864 -17.3687 -17.7689 -18.0983 -18.3513 -18.5091 -18.5334 -18.4681 -18.3357 -18.0086 -17.4523 -16.1384 -14.5598 -13.337 -12.1105 -10.9476 -9.85788 -8.94273 -8.11837 -7.52967 -7.18033 -7.01586 -6.9125 -6.86823 -6.85625 -6.91267 -7.0829 -12.1869</float_array><technique_common><accessor source="#hpl_mixamorigwRightArm-roty-array" count="102" stride="1" /></technique_common></source>
      <source id="hpl_mixamorigwRightArm-rotx"><float_array id="hpl_mixamorigwRightArm-rotx-array" count="102">57.5963 58.046 58.5912 59.2123 59.8463 60.3291 60.5479 60.2799 59.4249 58.2471 56.8815 55.9493 55.4046 55.0474 54.9217 55.0748 55.4484 55.8957 56.3607 56.6867 56.97 57.244 57.4931 57.7057 57.7466 57.5668 57.208 56.6844 56.1532 55.6299 54.9362 54.2077 53.1881 52.7111 53.264 53.6745 53.3238 52.7701 52.2095 51.7462 51.4183 51.1663 51.0432 50.9507 50.8095 50.7208 50.6384 50.6542 50.6764 50.5714 50.353 49.9721 49.555 49.285 49.2621 49.6984 50.4244 51.1191 51.3885 51.5927 51.8028 52.3149 53.1087 53.8581 54.3545 54.5964 54.7277 54.7928 54.8683 55.0394 55.326 55.7362 56.1151 56.4658 56.7754 57.0687 57.3838 57.6155 57.7407 57.7497 57.6038 57.3669 56.9963 56.2338 55.6472 55.0882 55.2776 55.6346 55.5229 55.3233 55.0851 54.9047 54.8347 54.8181 54.8855 55.0233 55.2015 55.3517 55.5548 55.7786 55.9468 57.5963</float_array><technique_common><accessor source="#hpl_mixamorigwRightArm-rotx-array" count="102" stride="1" /></technique_common></source>
      <sampler id="hpl_mixamorigwRightArm-trans-sampler"><input semantic="INPUT" source="#hpl_mixamorigwRightArm-time" /><input semantic="OUTPUT" source="#hpl_mixamorigwRightArm-trans" /></sampler><channel source="#hpl_mixamorigwRightArm-trans-sampler" target="mixamorigwRightArm/translate" />
      <sampler id="hpl_mixamorigwRightArm-rotz-sampler"><input semantic="INPUT" source="#hpl_mixamorigwRightArm-time" /><input semantic="OUTPUT" source="#hpl_mixamorigwRightArm-rotz" /></sampler><channel source="#hpl_mixamorigwRightArm-rotz-sampler" target="mixamorigwRightArm/rotateZ.ANGLE" />
      <sampler id="hpl_mixamorigwRightArm-roty-sampler"><input semantic="INPUT" source="#hpl_mixamorigwRightArm-time" /><input semantic="OUTPUT" source="#hpl_mixamorigwRightArm-roty" /></sampler><channel source="#hpl_mixamorigwRightArm-roty-sampler" target="mixamorigwRightArm/rotateY.ANGLE" />
      <sampler id="hpl_mixamorigwRightArm-rotx-sampler"><input semantic="INPUT" source="#hpl_mixamorigwRightArm-time" /><input semantic="OUTPUT" source="#hpl_mixamorigwRightArm-rotx" /></sampler><channel source="#hpl_mixamorigwRightArm-rotx-sampler" target="mixamorigwRightArm/rotateX.ANGLE" />
    </animation>
    <animation id="hpl_mixamorigwRightForeArm">
      <source id="hpl_mixamorigwRightForeArm-time"><float_array id="hpl_mixamorigwRightForeArm-time-array" count="102">0 1 2 3 4 5 6 7 8 9 10 11 12 13 14 15 16 17 18 19 20 21 22 23 24 25 26 27 28 29 30 31 32 33 34 35 36 37 38 39 40 41 42 43 44 45 46 47 48 49 50 51 52 53 54 55 56 57 58 59 60 61 62 63 64 65 66 67 68 69 70 71 72 73 74 75 76 77 78 79 80 81 82 83 84 85 86 87 88 89 90 91 92 93 94 95 96 97 98 99 100 101</float_array><technique_common><accessor source="#hpl_mixamorigwRightForeArm-time-array" count="102" stride="1" /></technique_common></source>
      <source id="hpl_mixamorigwRightForeArm-trans"><float_array id="hpl_mixamorigwRightForeArm-trans-array" count="306">4.30472e-07 0.220142 -2.87697e-06 4.30472e-07 0.220142 -2.87697e-06 4.30472e-07 0.220142 -2.87697e-06 4.30472e-07 0.220142 -2.87697e-06 4.30472e-07 0.220142 -2.87697e-06 4.30472e-07 0.220142 -2.87697e-06 4.30472e-07 0.220142 -2.87697e-06 4.30472e-07 0.220142 -2.87697e-06 4.30472e-07 0.220142 -2.87697e-06 4.30472e-07 0.220142 -2.87697e-06 4.30472e-07 0.220142 -2.87697e-06 4.30472e-07 0.220142 -2.87697e-06 4.30472e-07 0.220142 -2.87697e-06 4.30472e-07 0.220142 -2.87697e-06 4.30472e-07 0.220142 -2.87697e-06 4.30472e-07 0.220142 -2.87697e-06 4.30472e-07 0.220142 -2.87697e-06 4.30472e-07 0.220142 -2.87697e-06 4.30472e-07 0.220142 -2.87697e-06 4.30472e-07 0.220142 -2.87697e-06 4.30472e-07 0.220142 -2.87697e-06 4.30472e-07 0.220142 -2.87697e-06 4.30472e-07 0.220142 -2.87697e-06 4.30472e-07 0.220142 -2.87697e-06 4.30472e-07 0.220142 -2.87697e-06 4.30472e-07 0.220142 -2.87697e-06 4.30472e-07 0.220142 -2.87697e-06 4.30472e-07 0.220142 -2.87697e-06 4.30472e-07 0.220142 -2.87697e-06 4.30472e-07 0.220142 -2.87697e-06 4.30472e-07 0.220142 -2.87697e-06 4.30472e-07 0.220142 -2.87697e-06 4.30472e-07 0.220142 -2.87697e-06 4.30472e-07 0.220142 -2.87697e-06 4.30472e-07 0.220142 -2.87697e-06 4.30472e-07 0.220142 -2.87697e-06 4.30472e-07 0.220142 -2.87697e-06 4.30472e-07 0.220142 -2.87697e-06 4.30472e-07 0.220142 -2.87697e-06 4.30472e-07 0.220142 -2.87697e-06 4.30472e-07 0.220142 -2.87697e-06 4.30472e-07 0.220142 -2.87697e-06 4.30472e-07 0.220142 -2.87697e-06 4.30472e-07 0.220142 -2.87697e-06 4.30472e-07 0.220142 -2.87697e-06 4.30472e-07 0.220142 -2.87697e-06 4.30472e-07 0.220142 -2.87697e-06 4.30472e-07 0.220142 -2.87697e-06 4.30472e-07 0.220142 -2.87697e-06 4.30472e-07 0.220142 -2.87697e-06 4.30472e-07 0.220142 -2.87697e-06 4.30472e-07 0.220142 -2.87697e-06 4.30472e-07 0.220142 -2.87697e-06 4.30472e-07 0.220142 -2.87697e-06 4.30472e-07 0.220142 -2.87697e-06 4.30472e-07 0.220142 -2.87697e-06 4.30472e-07 0.220142 -2.87697e-06 4.30472e-07 0.220142 -2.87697e-06 4.30472e-07 0.220142 -2.87697e-06 4.30472e-07 0.220142 -2.87697e-06 4.30472e-07 0.220142 -2.87697e-06 4.30472e-07 0.220142 -2.87697e-06 4.30472e-07 0.220142 -2.87697e-06 4.30472e-07 0.220142 -2.87697e-06 4.30472e-07 0.220142 -2.87697e-06 4.30472e-07 0.220142 -2.87697e-06 4.30472e-07 0.220142 -2.87697e-06 4.30472e-07 0.220142 -2.87697e-06 4.30472e-07 0.220142 -2.87697e-06 4.30472e-07 0.220142 -2.87697e-06 4.30472e-07 0.220142 -2.87697e-06 4.30472e-07 0.220142 -2.87697e-06 4.30472e-07 0.220142 -2.87697e-06 4.30472e-07 0.220142 -2.87697e-06 4.30472e-07 0.220142 -2.87697e-06 4.30472e-07 0.220142 -2.87697e-06 4.30472e-07 0.220142 -2.87697e-06 4.30472e-07 0.220142 -2.87697e-06 4.30472e-07 0.220142 -2.87697e-06 4.30472e-07 0.220142 -2.87697e-06 4.30472e-07 0.220142 -2.87697e-06 4.30472e-07 0.220142 -2.87697e-06 4.30472e-07 0.220142 -2.87697e-06 4.30472e-07 0.220142 -2.87697e-06 4.30472e-07 0.220142 -2.87697e-06 4.30472e-07 0.220142 -2.87697e-06 4.30472e-07 0.220142 -2.87697e-06 4.30472e-07 0.220142 -2.87697e-06 4.30472e-07 0.220142 -2.87697e-06 4.30472e-07 0.220142 -2.87697e-06 4.30472e-07 0.220142 -2.87697e-06 4.30472e-07 0.220142 -2.87697e-06 4.30472e-07 0.220142 -2.87697e-06 4.30472e-07 0.220142 -2.87697e-06 4.30472e-07 0.220142 -2.87697e-06 4.30472e-07 0.220142 -2.87697e-06 4.30472e-07 0.220142 -2.87697e-06 4.30472e-07 0.220142 -2.87697e-06 4.30472e-07 0.220142 -2.87697e-06 4.30472e-07 0.220142 -2.87697e-06 4.30472e-07 0.220142 -2.87697e-06 4.30472e-07 0.220142 -2.87697e-06</float_array><technique_common><accessor source="#hpl_mixamorigwRightForeArm-trans-array" count="102" stride="3" /></technique_common></source>
      <source id="hpl_mixamorigwRightForeArm-rotz"><float_array id="hpl_mixamorigwRightForeArm-rotz-array" count="102">-43.6124 -43.7038 -43.8188 -43.9518 -43.986 -43.6081 -42.7937 -41.4896 -39.376 -36.7166 -33.6163 -30.5355 -28.3845 -27.3044 -27.0826 -27.2414 -27.4434 -27.5562 -27.5298 -27.5594 -27.6931 -27.9628 -28.4199 -28.9945 -29.6582 -30.2559 -30.5676 -30.6911 -30.6226 -30.5352 -30.6468 -30.8582 -31.0181 -30.5292 -30.3159 -30.7019 -31.7708 -33.0437 -34.2278 -35.3917 -36.6604 -37.9893 -39.3973 -40.8057 -42.0782 -43.1848 -44.4628 -45.9483 -47.8069 -49.9204 -52.0109 -53.755 -54.9478 -55.5208 -54.8076 -52.7908 -49.2652 -44.8559 -41.24 -39.15 -37.9048 -37.0992 -36.6738 -36.5314 -36.4435 -36.2781 -35.9622 -35.5647 -35.1046 -34.5947 -33.996 -33.2905 -32.6199 -32.0832 -31.6838 -31.377 -31.0615 -30.811 -30.573 -30.3558 -30.2175 -30.2596 -30.5062 -30.9833 -31.4245 -31.7028 -31.5238 -31.289 -31.2914 -31.5619 -32.1033 -32.7438 -33.4796 -34.3849 -35.5661 -37.0145 -38.5171 -39.8941 -40.9545 -41.747 -42.1269 -43.6124</float_array><technique_common><accessor source="#hpl_mixamorigwRightForeArm-rotz-array" count="102" stride="1" /></technique_common></source>
      <source id="hpl_mixamorigwRightForeArm-roty"><float_array id="hpl_mixamorigwRightForeArm-roty-array" count="102">8.51936 8.46361 8.43145 8.40499 8.44683 8.65648 8.93157 9.26959 9.66198 10.0593 10.435 10.6978 10.8705 10.8969 10.879 10.876 10.8509 10.8171 10.7677 10.7348 10.6866 10.5775 10.4885 10.3859 10.3151 10.266 10.2696 10.3144 10.3722 10.3783 10.3383 10.2714 10.2799 10.3231 10.3892 10.3554 10.3096 10.2116 10.0898 9.95216 9.81336 9.65405 9.39087 9.12715 8.86365 8.60895 8.36529 8.08209 7.76393 7.49403 7.26758 7.23253 7.20935 7.16099 7.20889 7.57434 8.19499 8.78597 9.19729 9.5873 9.69331 9.7891 9.84585 9.884 9.90081 9.96027 10.0184 10.1285 10.2022 10.2382 10.3 10.341 10.3661 10.3728 10.3823 10.3836 10.3746 10.3564 10.3581 10.3988 10.4055 10.4066 10.3924 10.342 10.2707 10.2462 10.2597 10.2746 10.3062 10.2934 10.226 10.1406 10.0502 9.96401 9.81698 9.62144 9.36544 9.19659 9.04328 8.99575 8.97201 8.51936</float_array><technique_common><accessor source="#hpl_mixamorigwRightForeArm-roty-array" count="102" stride="1" /></technique_common></source>
      <source id="hpl_mixamorigwRightForeArm-rotx"><float_array id="hpl_mixamorigwRightForeArm-rotx-array" count="102">-8.58183 -8.53008 -8.46086 -8.40599 -8.40183 -8.42007 -8.42515 -8.33615 -7.9563 -7.36414 -6.57514 -5.94054 -5.53516 -5.39732 -5.27487 -5.17308 -5.11871 -5.12802 -5.17036 -5.18441 -5.20716 -5.30207 -5.43695 -5.63914 -5.82495 -5.93116 -5.9716 -5.9722 -6.00893 -6.18619 -6.45858 -6.47077 -6.32284 -6.20085 -6.28112 -6.43556 -6.5881 -6.7574 -6.89978 -7.00302 -7.14479 -7.39123 -7.74622 -8.08615 -8.26938 -8.43141 -8.53723 -8.63443 -8.67012 -8.70195 -8.78568 -8.9175 -9.14955 -9.48335 -9.65723 -9.52033 -8.87147 -8.2452 -7.80631 -7.59931 -7.49877 -7.44402 -7.43493 -7.42082 -7.4464 -7.4437 -7.40203 -7.30713 -7.18544 -7.04479 -6.84803 -6.68745 -6.54329 -6.45096 -6.36435 -6.29023 -6.27827 -6.27228 -6.21461 -6.14738 -6.12389 -6.18976 -6.35458 -6.47502 -6.42402 -6.2175 -6.07397 -6.07795 -6.04371 -6.14804 -6.28174 -6.41472 -6.55706 -6.76475 -7.04534 -7.37353 -7.72099 -8.04451 -8.28575 -8.47877 -8.60783 -8.58183</float_array><technique_common><accessor source="#hpl_mixamorigwRightForeArm-rotx-array" count="102" stride="1" /></technique_common></source>
      <sampler id="hpl_mixamorigwRightForeArm-trans-sampler"><input semantic="INPUT" source="#hpl_mixamorigwRightForeArm-time" /><input semantic="OUTPUT" source="#hpl_mixamorigwRightForeArm-trans" /></sampler><channel source="#hpl_mixamorigwRightForeArm-trans-sampler" target="mixamorigwRightForeArm/translate" />
      <sampler id="hpl_mixamorigwRightForeArm-rotz-sampler"><input semantic="INPUT" source="#hpl_mixamorigwRightForeArm-time" /><input semantic="OUTPUT" source="#hpl_mixamorigwRightForeArm-rotz" /></sampler><channel source="#hpl_mixamorigwRightForeArm-rotz-sampler" target="mixamorigwRightForeArm/rotateZ.ANGLE" />
      <sampler id="hpl_mixamorigwRightForeArm-roty-sampler"><input semantic="INPUT" source="#hpl_mixamorigwRightForeArm-time" /><input semantic="OUTPUT" source="#hpl_mixamorigwRightForeArm-roty" /></sampler><channel source="#hpl_mixamorigwRightForeArm-roty-sampler" target="mixamorigwRightForeArm/rotateY.ANGLE" />
      <sampler id="hpl_mixamorigwRightForeArm-rotx-sampler"><input semantic="INPUT" source="#hpl_mixamorigwRightForeArm-time" /><input semantic="OUTPUT" source="#hpl_mixamorigwRightForeArm-rotx" /></sampler><channel source="#hpl_mixamorigwRightForeArm-rotx-sampler" target="mixamorigwRightForeArm/rotateX.ANGLE" />
    </animation>
    <animation id="hpl_mixamorigwRightHand">
      <source id="hpl_mixamorigwRightHand-time"><float_array id="hpl_mixamorigwRightHand-time-array" count="102">0 1 2 3 4 5 6 7 8 9 10 11 12 13 14 15 16 17 18 19 20 21 22 23 24 25 26 27 28 29 30 31 32 33 34 35 36 37 38 39 40 41 42 43 44 45 46 47 48 49 50 51 52 53 54 55 56 57 58 59 60 61 62 63 64 65 66 67 68 69 70 71 72 73 74 75 76 77 78 79 80 81 82 83 84 85 86 87 88 89 90 91 92 93 94 95 96 97 98 99 100 101</float_array><technique_common><accessor source="#hpl_mixamorigwRightHand-time-array" count="102" stride="1" /></technique_common></source>
      <source id="hpl_mixamorigwRightHand-trans"><float_array id="hpl_mixamorigwRightHand-trans-array" count="306">-5.20839e-08 0.264825 -3.87537e-06 -5.20839e-08 0.264825 -3.87537e-06 -5.20839e-08 0.264825 -3.87537e-06 -5.20839e-08 0.264825 -3.87537e-06 -5.20839e-08 0.264825 -3.87537e-06 -5.20839e-08 0.264825 -3.87537e-06 -5.20839e-08 0.264825 -3.87537e-06 -5.20839e-08 0.264825 -3.87537e-06 -5.20839e-08 0.264825 -3.87537e-06 -5.20839e-08 0.264825 -3.87537e-06 -5.20839e-08 0.264825 -3.87537e-06 -5.20839e-08 0.264825 -3.87537e-06 -5.20839e-08 0.264825 -3.87537e-06 -5.20839e-08 0.264825 -3.87537e-06 -5.20839e-08 0.264825 -3.87537e-06 -5.20839e-08 0.264825 -3.87537e-06 -5.20839e-08 0.264825 -3.87537e-06 -5.20839e-08 0.264825 -3.87537e-06 -5.20839e-08 0.264825 -3.87537e-06 -5.20839e-08 0.264825 -3.87537e-06 -5.20839e-08 0.264825 -3.87537e-06 -5.20839e-08 0.264825 -3.87537e-06 -5.20839e-08 0.264825 -3.87537e-06 -5.20839e-08 0.264825 -3.87537e-06 -5.20839e-08 0.264825 -3.87537e-06 -5.20839e-08 0.264825 -3.87537e-06 -5.20839e-08 0.264825 -3.87537e-06 -5.20839e-08 0.264825 -3.87537e-06 -5.20839e-08 0.264825 -3.87537e-06 -5.20839e-08 0.264825 -3.87537e-06 -5.20839e-08 0.264825 -3.87537e-06 -5.20839e-08 0.264825 -3.87537e-06 -5.20839e-08 0.264825 -3.87537e-06 -5.20839e-08 0.264825 -3.87537e-06 -5.20839e-08 0.264825 -3.87537e-06 -5.20839e-08 0.264825 -3.87537e-06 -5.20839e-08 0.264825 -3.87537e-06 -5.20839e-08 0.264825 -3.87537e-06 -5.20839e-08 0.264825 -3.87537e-06 -5.20839e-08 0.264825 -3.87537e-06 -5.20839e-08 0.264825 -3.87537e-06 -5.20839e-08 0.264825 -3.87537e-06 -5.20839e-08 0.264825 -3.87537e-06 -5.20839e-08 0.264825 -3.87537e-06 -5.20839e-08 0.264825 -3.87537e-06 -5.20839e-08 0.264825 -3.87537e-06 -5.20839e-08 0.264825 -3.87537e-06 -5.20839e-08 0.264825 -3.87537e-06 -5.20839e-08 0.264825 -3.87537e-06 -5.20839e-08 0.264825 -3.87537e-06 -5.20839e-08 0.264825 -3.87537e-06 -5.20839e-08 0.264825 -3.87537e-06 -5.20839e-08 0.264825 -3.87537e-06 -5.20839e-08 0.264825 -3.87537e-06 -5.20839e-08 0.264825 -3.87537e-06 -5.20839e-08 0.264825 -3.87537e-06 -5.20839e-08 0.264825 -3.87537e-06 -5.20839e-08 0.264825 -3.87537e-06 -5.20839e-08 0.264825 -3.87537e-06 -5.20839e-08 0.264825 -3.87537e-06 -5.20839e-08 0.264825 -3.87537e-06 -5.20839e-08 0.264825 -3.87537e-06 -5.20839e-08 0.264825 -3.87537e-06 -5.20839e-08 0.264825 -3.87537e-06 -5.20839e-08 0.264825 -3.87537e-06 -5.20839e-08 0.264825 -3.87537e-06 -5.20839e-08 0.264825 -3.87537e-06 -5.20839e-08 0.264825 -3.87537e-06 -5.20839e-08 0.264825 -3.87537e-06 -5.20839e-08 0.264825 -3.87537e-06 -5.20839e-08 0.264825 -3.87537e-06 -5.20839e-08 0.264825 -3.87537e-06 -5.20839e-08 0.264825 -3.87537e-06 -5.20839e-08 0.264825 -3.87537e-06 -5.20839e-08 0.264825 -3.87537e-06 -5.20839e-08 0.264825 -3.87537e-06 -5.20839e-08 0.264825 -3.87537e-06 -5.20839e-08 0.264825 -3.87537e-06 -5.20839e-08 0.264825 -3.87537e-06 -5.20839e-08 0.264825 -3.87537e-06 -5.20839e-08 0.264825 -3.87537e-06 -5.20839e-08 0.264825 -3.87537e-06 -5.20839e-08 0.264825 -3.87537e-06 -5.20839e-08 0.264825 -3.87537e-06 -5.20839e-08 0.264825 -3.87537e-06 -5.20839e-08 0.264825 -3.87537e-06 -5.20839e-08 0.264825 -3.87537e-06 -5.20839e-08 0.264825 -3.87537e-06 -5.20839e-08 0.264825 -3.87537e-06 -5.20839e-08 0.264825 -3.87537e-06 -5.20839e-08 0.264825 -3.87537e-06 -5.20839e-08 0.264825 -3.87537e-06 -5.20839e-08 0.264825 -3.87537e-06 -5.20839e-08 0.264825 -3.87537e-06 -5.20839e-08 0.264825 -3.87537e-06 -5.20839e-08 0.264825 -3.87537e-06 -5.20839e-08 0.264825 -3.87537e-06 -5.20839e-08 0.264825 -3.87537e-06 -5.20839e-08 0.264825 -3.87537e-06 -5.20839e-08 0.264825 -3.87537e-06 -5.20839e-08 0.264825 -3.87537e-06 -5.20839e-08 0.264825 -3.87537e-06</float_array><technique_common><accessor source="#hpl_mixamorigwRightHand-trans-array" count="102" stride="3" /></technique_common></source>
      <source id="hpl_mixamorigwRightHand-rotz"><float_array id="hpl_mixamorigwRightHand-rotz-array" count="102">-4.01622 -4.06312 -4.1697 -4.32261 -4.50735 -4.7816 -4.93407 -4.86314 -4.89944 -4.53375 -3.79908 -3.05569 -2.47685 -2.15623 -2.04021 -2.04197 -2.14263 -2.27823 -2.33395 -2.29995 -2.171 -2.03223 -1.89363 -1.81882 -1.74043 -1.61722 -1.4834 -1.34937 -1.25606 -1.19126 -1.17159 -1.29888 -1.2919 -1.3137 -1.25745 -1.47928 -1.6556 -1.8246 -1.96034 -1.94556 -1.82354 -1.80168 -1.82952 -1.86092 -1.91031 -1.91773 -1.85592 -1.82644 -1.88046 -2.14305 -2.53049 -2.85057 -2.9556 -2.68099 -2.72501 -2.40003 -1.66471 -0.719705 0.108938 0.497978 0.629437 0.767375 0.878269 0.851849 0.76785 0.694754 0.661908 0.666463 0.675837 0.675715 0.592885 0.484535 0.357044 0.280627 0.22831 0.175616 0.0787501 -0.0204396 -0.121615 -0.269808 -0.460444 -0.708175 -1.00896 -1.41389 -1.91341 -2.06972 -2.0748 -2.09611 -1.99503 -1.94575 -1.96727 -1.92633 -1.75624 -1.51817 -1.30934 -1.15566 -1.10559 -1.16451 -1.3125 -1.4078 -1.44329 -4.01622</float_array><technique_common><accessor source="#hpl_mixamorigwRightHand-rotz-array" count="102" stride="1" /></technique_common></source>
      <source id="hpl_mixamorigwRightHand-roty"><float_array id="hpl_mixamorigwRightHand-roty-array" count="102">-5.03289 -5.61629 -5.8907 -5.95816 -5.96408 -5.93411 -5.62462 -4.73766 -3.54752 -2.12875 -0.780627 -0.0930083 0.349576 0.447749 0.393802 0.27055 0.0863713 -0.0011638 -0.0126167 -0.0264881 -0.0743767 -0.0828829 -0.159605 -0.144089 -0.274883 -0.757647 -1.47652 -2.46194 -3.50703 -4.26043 -4.90073 -5.09771 -4.92638 -4.00341 -3.24415 -2.45597 -2.34556 -2.38948 -2.66073 -3.13418 -3.79522 -4.30826 -4.5058 -4.54008 -4.72938 -5.14287 -5.5012 -5.54751 -5.32134 -4.87191 -4.34484 -3.97297 -3.5804 -2.42013 -0.394735 1.46362 2.45596 2.18691 1.34599 1.01648 1.6158 2.83271 4.26762 5.42954 6.0291 6.12696 5.78122 5.27204 4.72316 4.27599 3.87172 3.54225 3.14168 2.81501 2.34077 1.86249 1.32989 0.89621 0.510505 0.205096 0.043413 -0.0401691 0.0255751 0.23111 -0.179751 -1.05379 -1.52601 -1.36863 -0.931015 -0.0577472 0.578499 0.917957 1.13121 1.33396 1.60131 1.94084 2.31982 2.78383 3.26703 3.74523 4.22087 -5.03289</float_array><technique_common><accessor source="#hpl_mixamorigwRightHand-roty-array" count="102" stride="1" /></technique_common></source>
      <source id="hpl_mixamorigwRightHand-rotx"><float_array id="hpl_mixamorigwRightHand-rotx-array" count="102">2.09441 2.35838 2.73451 3.20645 3.66713 4.0342 4.15901 3.94165 3.69526 3.53142 3.4214 3.27928 3.15807 2.97157 2.89192 2.85826 2.80887 2.69425 2.60023 2.5874 2.67022 2.80504 2.93214 3.03061 3.19556 3.43447 3.68072 3.96934 4.22041 4.42932 4.53864 4.49851 4.2103 3.41812 2.85538 2.74344 2.83787 2.76701 2.50137 2.26809 2.21863 2.39604 2.76158 3.1702 3.59259 4.12698 4.7129 5.33519 6.01444 6.76839 7.43803 7.99369 8.36667 8.23356 7.49594 6.46814 5.65839 5.47636 5.66872 5.91333 5.77917 5.38148 4.85757 4.38395 4.13619 3.95957 3.74677 3.47532 3.18286 2.93319 2.67456 2.4571 2.30816 2.27612 2.35928 2.4992 2.68247 2.8676 3.03275 3.15611 3.23632 3.27669 3.2795 3.08425 2.75254 2.28413 2.11054 2.28815 2.56179 2.69037 2.5154 2.13709 1.79866 1.55886 1.39461 1.25523 1.10794 0.940845 0.747602 0.581076 0.564284 2.09441</float_array><technique_common><accessor source="#hpl_mixamorigwRightHand-rotx-array" count="102" stride="1" /></technique_common></source>
      <sampler id="hpl_mixamorigwRightHand-trans-sampler"><input semantic="INPUT" source="#hpl_mixamorigwRightHand-time" /><input semantic="OUTPUT" source="#hpl_mixamorigwRightHand-trans" /></sampler><channel source="#hpl_mixamorigwRightHand-trans-sampler" target="mixamorigwRightHand/translate" />
      <sampler id="hpl_mixamorigwRightHand-rotz-sampler"><input semantic="INPUT" source="#hpl_mixamorigwRightHand-time" /><input semantic="OUTPUT" source="#hpl_mixamorigwRightHand-rotz" /></sampler><channel source="#hpl_mixamorigwRightHand-rotz-sampler" target="mixamorigwRightHand/rotateZ.ANGLE" />
      <sampler id="hpl_mixamorigwRightHand-roty-sampler"><input semantic="INPUT" source="#hpl_mixamorigwRightHand-time" /><input semantic="OUTPUT" source="#hpl_mixamorigwRightHand-roty" /></sampler><channel source="#hpl_mixamorigwRightHand-roty-sampler" target="mixamorigwRightHand/rotateY.ANGLE" />
      <sampler id="hpl_mixamorigwRightHand-rotx-sampler"><input semantic="INPUT" source="#hpl_mixamorigwRightHand-time" /><input semantic="OUTPUT" source="#hpl_mixamorigwRightHand-rotx" /></sampler><channel source="#hpl_mixamorigwRightHand-rotx-sampler" target="mixamorigwRightHand/rotateX.ANGLE" />
    </animation>
    <animation id="hpl_mixamorigwNeck">
      <source id="hpl_mixamorigwNeck-time"><float_array id="hpl_mixamorigwNeck-time-array" count="102">0 1 2 3 4 5 6 7 8 9 10 11 12 13 14 15 16 17 18 19 20 21 22 23 24 25 26 27 28 29 30 31 32 33 34 35 36 37 38 39 40 41 42 43 44 45 46 47 48 49 50 51 52 53 54 55 56 57 58 59 60 61 62 63 64 65 66 67 68 69 70 71 72 73 74 75 76 77 78 79 80 81 82 83 84 85 86 87 88 89 90 91 92 93 94 95 96 97 98 99 100 101</float_array><technique_common><accessor source="#hpl_mixamorigwNeck-time-array" count="102" stride="1" /></technique_common></source>
      <source id="hpl_mixamorigwNeck-trans"><float_array id="hpl_mixamorigwNeck-trans-array" count="306">0.00029939 0.0947524 0.00492966 0.00029939 0.0947524 0.00492966 0.00029939 0.0947524 0.00492966 0.00029939 0.0947524 0.00492966 0.00029939 0.0947524 0.00492966 0.00029939 0.0947524 0.00492966 0.00029939 0.0947524 0.00492966 0.00029939 0.0947524 0.00492966 0.00029939 0.0947524 0.00492966 0.00029939 0.0947524 0.00492966 0.00029939 0.0947524 0.00492966 0.00029939 0.0947524 0.00492966 0.00029939 0.0947524 0.00492966 0.00029939 0.0947524 0.00492966 0.00029939 0.0947524 0.00492966 0.00029939 0.0947524 0.00492966 0.00029939 0.0947524 0.00492966 0.00029939 0.0947524 0.00492966 0.00029939 0.0947524 0.00492966 0.00029939 0.0947524 0.00492966 0.00029939 0.0947524 0.00492966 0.00029939 0.0947524 0.00492966 0.00029939 0.0947524 0.00492966 0.00029939 0.0947524 0.00492966 0.00029939 0.0947524 0.00492966 0.00029939 0.0947524 0.00492966 0.00029939 0.0947524 0.00492966 0.00029939 0.0947524 0.00492966 0.00029939 0.0947524 0.00492966 0.00029939 0.0947524 0.00492966 0.00029939 0.0947524 0.00492966 0.00029939 0.0947524 0.00492966 0.00029939 0.0947524 0.00492966 0.00029939 0.0947524 0.00492966 0.00029939 0.0947524 0.00492966 0.00029939 0.0947524 0.00492966 0.00029939 0.0947524 0.00492966 0.00029939 0.0947524 0.00492966 0.00029939 0.0947524 0.00492966 0.00029939 0.0947524 0.00492966 0.00029939 0.0947524 0.00492966 0.00029939 0.0947524 0.00492966 0.00029939 0.0947524 0.00492966 0.00029939 0.0947524 0.00492966 0.00029939 0.0947524 0.00492966 0.00029939 0.0947524 0.00492966 0.00029939 0.0947524 0.00492966 0.00029939 0.0947524 0.00492966 0.00029939 0.0947524 0.00492966 0.00029939 0.0947524 0.00492966 0.00029939 0.0947524 0.00492966 0.00029939 0.0947524 0.00492966 0.00029939 0.0947524 0.00492966 0.00029939 0.0947524 0.00492966 0.00029939 0.0947524 0.00492966 0.00029939 0.0947524 0.00492966 0.00029939 0.0947524 0.00492966 0.00029939 0.0947524 0.00492966 0.00029939 0.0947524 0.00492966 0.00029939 0.0947524 0.00492966 0.00029939 0.0947524 0.00492966 0.00029939 0.0947524 0.00492966 0.00029939 0.0947524 0.00492966 0.00029939 0.0947524 0.00492966 0.00029939 0.0947524 0.00492966 0.00029939 0.0947524 0.00492966 0.00029939 0.0947524 0.00492966 0.00029939 0.0947524 0.00492966 0.00029939 0.0947524 0.00492966 0.00029939 0.0947524 0.00492966 0.00029939 0.0947524 0.00492966 0.00029939 0.0947524 0.00492966 0.00029939 0.0947524 0.00492966 0.00029939 0.0947524 0.00492966 0.00029939 0.0947524 0.00492966 0.00029939 0.0947524 0.00492966 0.00029939 0.0947524 0.00492966 0.00029939 0.0947524 0.00492966 0.00029939 0.0947524 0.00492966 0.00029939 0.0947524 0.00492966 0.00029939 0.0947524 0.00492966 0.00029939 0.0947524 0.00492966 0.00029939 0.0947524 0.00492966 0.00029939 0.0947524 0.00492966 0.00029939 0.0947524 0.00492966 0.00029939 0.0947524 0.00492966 0.00029939 0.0947524 0.00492966 0.00029939 0.0947524 0.00492966 0.00029939 0.0947524 0.00492966 0.00029939 0.0947524 0.00492966 0.00029939 0.0947524 0.00492966 0.00029939 0.0947524 0.00492966 0.00029939 0.0947524 0.00492966 0.00029939 0.0947524 0.00492966 0.00029939 0.0947524 0.00492966 0.00029939 0.0947524 0.00492966 0.00029939 0.0947524 0.00492966 0.00029939 0.0947524 0.00492966 0.00029939 0.0947524 0.00492966 0.00029939 0.0947524 0.00492966 0.00029939 0.0947524 0.00492966 0.00029939 0.0947524 0.00492966</float_array><technique_common><accessor source="#hpl_mixamorigwNeck-trans-array" count="102" stride="3" /></technique_common></source>
      <source id="hpl_mixamorigwNeck-rotz"><float_array id="hpl_mixamorigwNeck-rotz-array" count="102">-5.71546 -6.32978 -6.9828 -7.72355 -8.59999 -9.5318 -10.4244 -11.1106 -11.4962 -11.4388 -11.1213 -10.4797 -9.88254 -9.42021 -9.05684 -8.78274 -8.53426 -8.32757 -8.17012 -8.09078 -8.00276 -7.88775 -7.75739 -7.57879 -7.36586 -7.15298 -6.9488 -6.75956 -6.56336 -6.39198 -6.09079 -5.63651 -4.88 -3.79904 -3.1221 -2.81477 -2.79579 -2.90022 -3.04856 -3.21262 -3.35843 -3.47395 -3.55923 -3.64996 -3.76326 -3.93252 -4.24675 -4.69702 -5.17492 -5.67167 -6.22188 -6.74465 -7.19592 -7.68988 -8.19209 -8.39815 -8.23835 -7.7417 -7.22988 -6.90972 -6.79946 -6.75149 -6.69985 -6.69037 -6.74866 -6.79026 -6.7736 -6.68953 -6.54557 -6.35891 -6.11017 -5.86334 -5.66216 -5.50797 -5.37541 -5.23967 -5.09227 -4.92889 -4.75736 -4.55393 -4.32464 -4.06816 -3.72313 -3.1229 -2.28123 -1.1754 -0.357916 -0.0803281 -0.139259 -0.276891 -0.431632 -0.530584 -0.581446 -0.616521 -0.702906 -0.843614 -1.04626 -1.29015 -1.57884 -1.87358 -2.14176 -5.71546</float_array><technique_common><accessor source="#hpl_mixamorigwNeck-rotz-array" count="102" stride="1" /></technique_common></source>
      <source id="hpl_mixamorigwNeck-roty"><float_array id="hpl_mixamorigwNeck-roty-array" count="102">5.14972 5.36948 5.62009 5.87229 6.13163 6.4155 6.71308 6.83001 6.68222 6.50761 6.24098 5.97801 5.7393 5.5931 5.52457 5.44778 5.36067 5.26193 5.18964 5.15325 5.1215 5.11078 5.08394 5.03902 4.98644 4.94689 4.92229 4.87886 4.81976 4.7634 4.58977 4.49224 4.25649 4.06233 3.97153 3.96783 3.91017 3.9302 3.96746 4.03011 4.09807 4.12827 4.10551 4.04118 4.01913 4.07414 4.16635 4.27817 4.38231 4.4773 4.56634 4.63471 4.77793 4.96356 5.14744 5.26713 5.25018 5.16761 5.21146 5.31629 5.37343 5.38849 5.39803 5.39661 5.36397 5.32625 5.30156 5.27407 5.26238 5.22502 5.12548 5.01983 4.90725 4.81838 4.74216 4.70265 4.65826 4.6045 4.5332 4.42254 4.32129 4.21054 4.05462 3.67868 3.40826 3.27332 3.17324 3.22307 3.18289 3.15212 3.10917 3.09332 3.11505 3.1574 3.21781 3.26986 3.34908 3.40959 3.46596 3.52233 3.55733 5.14972</float_array><technique_common><accessor source="#hpl_mixamorigwNeck-roty-array" count="102" stride="1" /></technique_common></source>
      <source id="hpl_mixamorigwNeck-rotx"><float_array id="hpl_mixamorigwNeck-rotx-array" count="102">17.9783 18.145 18.3609 18.5982 18.7738 18.7634 18.5229 17.9754 17.1042 16.2374 15.5357 15.1979 15.0333 14.9638 14.9386 14.8899 14.8116 14.6989 14.5995 14.5286 14.4678 14.4103 14.3702 14.3936 14.4916 14.6466 14.8297 14.992 15.1243 15.2333 15.3346 15.2956 14.8248 14.3333 14.0485 13.8663 13.7127 13.6286 13.7003 13.9215 14.2152 14.4817 14.7115 14.8479 14.9262 14.9548 14.8754 14.6983 14.4845 14.2811 14.1138 14.0126 14.0227 14.156 14.3287 14.7003 15.2811 16.0407 16.6595 17.1296 17.3563 17.3733 17.2684 17.0318 16.6931 16.3851 16.1556 16.0211 15.9158 15.8369 15.7111 15.5425 15.3129 15.0709 14.8323 14.6098 14.4097 14.2538 14.142 14.0269 13.8603 13.585 13.1514 12.559 11.7984 10.7888 10.1971 9.86951 9.6882 9.69408 10.0456 10.6754 11.4054 12.1274 12.8419 13.4979 14.0718 14.5534 14.9622 15.2993 15.5094 17.9783</float_array><technique_common><accessor source="#hpl_mixamorigwNeck-rotx-array" count="102" stride="1" /></technique_common></source>
      <sampler id="hpl_mixamorigwNeck-trans-sampler"><input semantic="INPUT" source="#hpl_mixamorigwNeck-time" /><input semantic="OUTPUT" source="#hpl_mixamorigwNeck-trans" /></sampler><channel source="#hpl_mixamorigwNeck-trans-sampler" target="mixamorigwNeck/translate" />
      <sampler id="hpl_mixamorigwNeck-rotz-sampler"><input semantic="INPUT" source="#hpl_mixamorigwNeck-time" /><input semantic="OUTPUT" source="#hpl_mixamorigwNeck-rotz" /></sampler><channel source="#hpl_mixamorigwNeck-rotz-sampler" target="mixamorigwNeck/rotateZ.ANGLE" />
      <sampler id="hpl_mixamorigwNeck-roty-sampler"><input semantic="INPUT" source="#hpl_mixamorigwNeck-time" /><input semantic="OUTPUT" source="#hpl_mixamorigwNeck-roty" /></sampler><channel source="#hpl_mixamorigwNeck-roty-sampler" target="mixamorigwNeck/rotateY.ANGLE" />
      <sampler id="hpl_mixamorigwNeck-rotx-sampler"><input semantic="INPUT" source="#hpl_mixamorigwNeck-time" /><input semantic="OUTPUT" source="#hpl_mixamorigwNeck-rotx" /></sampler><channel source="#hpl_mixamorigwNeck-rotx-sampler" target="mixamorigwNeck/rotateX.ANGLE" />
    </animation>
    <animation id="hpl_mixamorigwHead">
      <source id="hpl_mixamorigwHead-time"><float_array id="hpl_mixamorigwHead-time-array" count="102">0 1 2 3 4 5 6 7 8 9 10 11 12 13 14 15 16 17 18 19 20 21 22 23 24 25 26 27 28 29 30 31 32 33 34 35 36 37 38 39 40 41 42 43 44 45 46 47 48 49 50 51 52 53 54 55 56 57 58 59 60 61 62 63 64 65 66 67 68 69 70 71 72 73 74 75 76 77 78 79 80 81 82 83 84 85 86 87 88 89 90 91 92 93 94 95 96 97 98 99 100 101</float_array><technique_common><accessor source="#hpl_mixamorigwHead-time-array" count="102" stride="1" /></technique_common></source>
      <source id="hpl_mixamorigwHead-trans"><float_array id="hpl_mixamorigwHead-trans-array" count="306">2.00016e-09 0.0722285 -1.48066e-06 2.00016e-09 0.0722285 -1.48066e-06 2.00016e-09 0.0722285 -1.48066e-06 2.00016e-09 0.0722285 -1.48066e-06 2.00016e-09 0.0722285 -1.48066e-06 2.00016e-09 0.0722285 -1.48066e-06 2.00016e-09 0.0722285 -1.48066e-06 2.00016e-09 0.0722285 -1.48066e-06 2.00016e-09 0.0722285 -1.48066e-06 2.00016e-09 0.0722285 -1.48066e-06 2.00016e-09 0.0722285 -1.48066e-06 2.00016e-09 0.0722285 -1.48066e-06 2.00016e-09 0.0722285 -1.48066e-06 2.00016e-09 0.0722285 -1.48066e-06 2.00016e-09 0.0722285 -1.48066e-06 2.00016e-09 0.0722285 -1.48066e-06 2.00016e-09 0.0722285 -1.48066e-06 2.00016e-09 0.0722285 -1.48066e-06 2.00016e-09 0.0722285 -1.48066e-06 2.00016e-09 0.0722285 -1.48066e-06 2.00016e-09 0.0722285 -1.48066e-06 2.00016e-09 0.0722285 -1.48066e-06 2.00016e-09 0.0722285 -1.48066e-06 2.00016e-09 0.0722285 -1.48066e-06 2.00016e-09 0.0722285 -1.48066e-06 2.00016e-09 0.0722285 -1.48066e-06 2.00016e-09 0.0722285 -1.48066e-06 2.00016e-09 0.0722285 -1.48066e-06 2.00016e-09 0.0722285 -1.48066e-06 2.00016e-09 0.0722285 -1.48066e-06 2.00016e-09 0.0722285 -1.48066e-06 2.00016e-09 0.0722285 -1.48066e-06 2.00016e-09 0.0722285 -1.48066e-06 2.00016e-09 0.0722285 -1.48066e-06 2.00016e-09 0.0722285 -1.48066e-06 2.00016e-09 0.0722285 -1.48066e-06 2.00016e-09 0.0722285 -1.48066e-06 2.00016e-09 0.0722285 -1.48066e-06 2.00016e-09 0.0722285 -1.48066e-06 2.00016e-09 0.0722285 -1.48066e-06 2.00016e-09 0.0722285 -1.48066e-06 2.00016e-09 0.0722285 -1.48066e-06 2.00016e-09 0.0722285 -1.48066e-06 2.00016e-09 0.0722285 -1.48066e-06 2.00016e-09 0.0722285 -1.48066e-06 2.00016e-09 0.0722285 -1.48066e-06 2.00016e-09 0.0722285 -1.48066e-06 2.00016e-09 0.0722285 -1.48066e-06 2.00016e-09 0.0722285 -1.48066e-06 2.00016e-09 0.0722285 -1.48066e-06 2.00016e-09 0.0722285 -1.48066e-06 2.00016e-09 0.0722285 -1.48066e-06 2.00016e-09 0.0722285 -1.48066e-06 2.00016e-09 0.0722285 -1.48066e-06 2.00016e-09 0.0722285 -1.48066e-06 2.00016e-09 0.0722285 -1.48066e-06 2.00016e-09 0.0722285 -1.48066e-06 2.00016e-09 0.0722285 -1.48066e-06 2.00016e-09 0.0722285 -1.48066e-06 2.00016e-09 0.0722285 -1.48066e-06 2.00016e-09 0.0722285 -1.48066e-06 2.00016e-09 0.0722285 -1.48066e-06 2.00016e-09 0.0722285 -1.48066e-06 2.00016e-09 0.0722285 -1.48066e-06 2.00016e-09 0.0722285 -1.48066e-06 2.00016e-09 0.0722285 -1.48066e-06 2.00016e-09 0.0722285 -1.48066e-06 2.00016e-09 0.0722285 -1.48066e-06 2.00016e-09 0.0722285 -1.48066e-06 2.00016e-09 0.0722285 -1.48066e-06 2.00016e-09 0.0722285 -1.48066e-06 2.00016e-09 0.0722285 -1.48066e-06 2.00016e-09 0.0722285 -1.48066e-06 2.00016e-09 0.0722285 -1.48066e-06 2.00016e-09 0.0722285 -1.48066e-06 2.00016e-09 0.0722285 -1.48066e-06 2.00016e-09 0.0722285 -1.48066e-06 2.00016e-09 0.0722285 -1.48066e-06 2.00016e-09 0.0722285 -1.48066e-06 2.00016e-09 0.0722285 -1.48066e-06 2.00016e-09 0.0722285 -1.48066e-06 2.00016e-09 0.0722285 -1.48066e-06 2.00016e-09 0.0722285 -1.48066e-06 2.00016e-09 0.0722285 -1.48066e-06 2.00016e-09 0.0722285 -1.48066e-06 2.00016e-09 0.0722285 -1.48066e-06 2.00016e-09 0.0722285 -1.48066e-06 2.00016e-09 0.0722285 -1.48066e-06 2.00016e-09 0.0722285 -1.48066e-06 2.00016e-09 0.0722285 -1.48066e-06 2.00016e-09 0.0722285 -1.48066e-06 2.00016e-09 0.0722285 -1.48066e-06 2.00016e-09 0.0722285 -1.48066e-06 2.00016e-09 0.0722285 -1.48066e-06 2.00016e-09 0.0722285 -1.48066e-06 2.00016e-09 0.0722285 -1.48066e-06 2.00016e-09 0.0722285 -1.48066e-06 2.00016e-09 0.0722285 -1.48066e-06 2.00016e-09 0.0722285 -1.48066e-06 2.00016e-09 0.0722285 -1.48066e-06 2.00016e-09 0.0722285 -1.48066e-06 2.00016e-09 0.0722285 -1.48066e-06</float_array><technique_common><accessor source="#hpl_mixamorigwHead-trans-array" count="102" stride="3" /></technique_common></source>
      <source id="hpl_mixamorigwHead-rotz"><float_array id="hpl_mixamorigwHead-rotz-array" count="102">0.250709 0.118293 -0.0417541 -0.174538 -0.23708 -0.273733 -0.364585 -0.673131 -1.06395 -1.40922 -1.69105 -1.90496 -2.01267 -2.06338 -2.08828 -1.96443 -1.76503 -1.6153 -1.50701 -1.39213 -1.30877 -1.21248 -1.07541 -0.966856 -0.858647 -0.762388 -0.681798 -0.61641 -0.586595 -0.486518 -0.482655 -0.440776 -0.243006 0.0122053 0.0396952 -0.0111765 -0.137335 -0.212226 -0.242522 -0.297127 -0.412343 -0.564704 -0.717263 -0.850045 -0.96354 -1.05439 -1.15037 -1.26802 -1.45418 -1.65212 -1.81359 -1.98957 -2.16066 -2.32468 -2.31835 -2.22532 -2.19916 -2.15633 -2.1694 -2.31304 -2.28524 -2.17221 -2.07693 -1.99726 -1.91094 -1.83815 -1.77897 -1.70742 -1.59217 -1.44418 -1.31386 -1.15067 -0.955212 -0.746246 -0.53975 -0.35087 -0.178899 0.00456891 0.212293 0.391313 0.547139 0.705629 0.84239 0.871217 0.969801 1.28409 1.5446 1.77394 1.80976 1.71683 1.61194 1.53019 1.44475 1.35411 1.25929 1.16411 1.10298 1.05167 0.992953 0.926278 0.934339 0.250709</float_array><technique_common><accessor source="#hpl_mixamorigwHead-rotz-array" count="102" stride="1" /></technique_common></source>
      <source id="hpl_mixamorigwHead-roty"><float_array id="hpl_mixamorigwHead-roty-array" count="102">12.0136 12.729 13.359 13.96 14.5282 14.9731 15.1985 15.3449 15.1761 14.5977 14.0295 13.3673 12.7351 12.0534 11.3975 10.7095 9.99725 9.29064 8.56725 7.85188 7.24496 6.7144 6.22447 5.80782 5.39866 4.9552 4.5461 4.21535 3.99781 3.74403 3.61066 3.44261 3.12981 2.95882 3.28835 3.88652 4.64185 5.19797 5.64155 6.08451 6.50092 6.86265 7.24757 7.66504 8.0894 8.53738 9.11723 9.81812 10.6213 11.4729 12.3138 13.0432 13.4528 13.4368 12.9254 12.0037 11.401 10.8303 10.3177 10.2101 10.1852 10.2358 10.3612 10.4375 10.383 10.2165 9.96687 9.67743 9.36367 9.08667 8.87629 8.70293 8.54068 8.3258 8.03574 7.67612 7.30044 6.86403 6.42788 5.96257 5.50646 5.09626 4.62092 4.15506 3.49545 2.48218 1.641 1.2411 1.3758 1.80031 2.35474 2.89748 3.44428 4.00383 4.60072 5.27423 5.97288 6.66003 7.29314 7.85687 8.3031 12.0136</float_array><technique_common><accessor source="#hpl_mixamorigwHead-roty-array" count="102" stride="1" /></technique_common></source>
      <source id="hpl_mixamorigwHead-rotx"><float_array id="hpl_mixamorigwHead-rotx-array" count="102">1.47205 1.69297 1.93223 2.19274 2.45016 2.70191 2.8178 2.61749 2.14129 1.29662 0.465878 -0.109171 -0.357786 -0.567854 -0.86705 -1.14735 -1.331 -1.52434 -1.74371 -2.01627 -2.22255 -2.3313 -2.42444 -2.56315 -2.70222 -2.72839 -2.70074 -2.63689 -2.54675 -2.46386 -2.27805 -2.36507 -2.91322 -3.83463 -4.58187 -4.85794 -4.97577 -5.11558 -5.2892 -5.46204 -5.57013 -5.53462 -5.39318 -5.27711 -5.25688 -5.21406 -5.09908 -4.8818 -4.56802 -4.22378 -4.00014 -3.92225 -4.02962 -4.30518 -4.49691 -4.68834 -4.6763 -4.24009 -3.73734 -3.68225 -3.88566 -4.1245 -4.21683 -4.28066 -4.29305 -4.32324 -4.37719 -4.45815 -4.51422 -4.55786 -4.60035 -4.6331 -4.62395 -4.63721 -4.64946 -4.66678 -4.62945 -4.58973 -4.54098 -4.51677 -4.56635 -4.69314 -4.87021 -4.97198 -5.51795 -6.3976 -7.27511 -7.57693 -7.35727 -6.87856 -6.35054 -5.77236 -5.09725 -4.35677 -3.56751 -2.73697 -1.97684 -1.3611 -0.878419 -0.593414 -0.477489 1.47205</float_array><technique_common><accessor source="#hpl_mixamorigwHead-rotx-array" count="102" stride="1" /></technique_common></source>
      <sampler id="hpl_mixamorigwHead-trans-sampler"><input semantic="INPUT" source="#hpl_mixamorigwHead-time" /><input semantic="OUTPUT" source="#hpl_mixamorigwHead-trans" /></sampler><channel source="#hpl_mixamorigwHead-trans-sampler" target="mixamorigwHead/translate" />
      <sampler id="hpl_mixamorigwHead-rotz-sampler"><input semantic="INPUT" source="#hpl_mixamorigwHead-time" /><input semantic="OUTPUT" source="#hpl_mixamorigwHead-rotz" /></sampler><channel source="#hpl_mixamorigwHead-rotz-sampler" target="mixamorigwHead/rotateZ.ANGLE" />
      <sampler id="hpl_mixamorigwHead-roty-sampler"><input semantic="INPUT" source="#hpl_mixamorigwHead-time" /><input semantic="OUTPUT" source="#hpl_mixamorigwHead-roty" /></sampler><channel source="#hpl_mixamorigwHead-roty-sampler" target="mixamorigwHead/rotateY.ANGLE" />
      <sampler id="hpl_mixamorigwHead-rotx-sampler"><input semantic="INPUT" source="#hpl_mixamorigwHead-time" /><input semantic="OUTPUT" source="#hpl_mixamorigwHead-rotx" /></sampler><channel source="#hpl_mixamorigwHead-rotx-sampler" target="mixamorigwHead/rotateX.ANGLE" />
    </animation>
    <animation id="hpl_mixamorigwHeadTop_End">
      <source id="hpl_mixamorigwHeadTop_End-time"><float_array id="hpl_mixamorigwHeadTop_End-time-array" count="102">0 1 2 3 4 5 6 7 8 9 10 11 12 13 14 15 16 17 18 19 20 21 22 23 24 25 26 27 28 29 30 31 32 33 34 35 36 37 38 39 40 41 42 43 44 45 46 47 48 49 50 51 52 53 54 55 56 57 58 59 60 61 62 63 64 65 66 67 68 69 70 71 72 73 74 75 76 77 78 79 80 81 82 83 84 85 86 87 88 89 90 91 92 93 94 95 96 97 98 99 100 101</float_array><technique_common><accessor source="#hpl_mixamorigwHeadTop_End-time-array" count="102" stride="1" /></technique_common></source>
      <source id="hpl_mixamorigwHeadTop_End-trans"><float_array id="hpl_mixamorigwHeadTop_End-trans-array" count="306">-3.0402e-09 0.242221 -0.111258 -3.0402e-09 0.242221 -0.111258 -3.0402e-09 0.242221 -0.111258 -3.0402e-09 0.242221 -0.111258 -3.0402e-09 0.242221 -0.111258 -3.0402e-09 0.242221 -0.111258 -3.0402e-09 0.242221 -0.111258 -3.0402e-09 0.242221 -0.111258 -3.0402e-09 0.242221 -0.111258 -3.0402e-09 0.242221 -0.111258 -3.0402e-09 0.242221 -0.111258 -3.0402e-09 0.242221 -0.111258 -3.0402e-09 0.242221 -0.111258 -3.0402e-09 0.242221 -0.111258 -3.0402e-09 0.242221 -0.111258 -3.0402e-09 0.242221 -0.111258 -3.0402e-09 0.242221 -0.111258 -3.0402e-09 0.242221 -0.111258 -3.0402e-09 0.242221 -0.111258 -3.0402e-09 0.242221 -0.111258 -3.0402e-09 0.242221 -0.111258 -3.0402e-09 0.242221 -0.111258 -3.0402e-09 0.242221 -0.111258 -3.0402e-09 0.242221 -0.111258 -3.0402e-09 0.242221 -0.111258 -3.0402e-09 0.242221 -0.111258 -3.0402e-09 0.242221 -0.111258 -3.0402e-09 0.242221 -0.111258 -3.0402e-09 0.242221 -0.111258 -3.0402e-09 0.242221 -0.111258 -3.0402e-09 0.242221 -0.111258 -3.0402e-09 0.242221 -0.111258 -3.0402e-09 0.242221 -0.111258 -3.0402e-09 0.242221 -0.111258 -3.0402e-09 0.242221 -0.111258 -3.0402e-09 0.242221 -0.111258 -3.0402e-09 0.242221 -0.111258 -3.0402e-09 0.242221 -0.111258 -3.0402e-09 0.242221 -0.111258 -3.0402e-09 0.242221 -0.111258 -3.0402e-09 0.242221 -0.111258 -3.0402e-09 0.242221 -0.111258 -3.0402e-09 0.242221 -0.111258 -3.0402e-09 0.242221 -0.111258 -3.0402e-09 0.242221 -0.111258 -3.0402e-09 0.242221 -0.111258 -3.0402e-09 0.242221 -0.111258 -3.0402e-09 0.242221 -0.111258 -3.0402e-09 0.242221 -0.111258 -3.0402e-09 0.242221 -0.111258 -3.0402e-09 0.242221 -0.111258 -3.0402e-09 0.242221 -0.111258 -3.0402e-09 0.242221 -0.111258 -3.0402e-09 0.242221 -0.111258 -3.0402e-09 0.242221 -0.111258 -3.0402e-09 0.242221 -0.111258 -3.0402e-09 0.242221 -0.111258 -3.0402e-09 0.242221 -0.111258 -3.0402e-09 0.242221 -0.111258 -3.0402e-09 0.242221 -0.111258 -3.0402e-09 0.242221 -0.111258 -3.0402e-09 0.242221 -0.111258 -3.0402e-09 0.242221 -0.111258 -3.0402e-09 0.242221 -0.111258 -3.0402e-09 0.242221 -0.111258 -3.0402e-09 0.242221 -0.111258 -3.0402e-09 0.242221 -0.111258 -3.0402e-09 0.242221 -0.111258 -3.0402e-09 0.242221 -0.111258 -3.0402e-09 0.242221 -0.111258 -3.0402e-09 0.242221 -0.111258 -3.0402e-09 0.242221 -0.111258 -3.0402e-09 0.242221 -0.111258 -3.0402e-09 0.242221 -0.111258 -3.0402e-09 0.242221 -0.111258 -3.0402e-09 0.242221 -0.111258 -3.0402e-09 0.242221 -0.111258 -3.0402e-09 0.242221 -0.111258 -3.0402e-09 0.242221 -0.111258 -3.0402e-09 0.242221 -0.111258 -3.0402e-09 0.242221 -0.111258 -3.0402e-09 0.242221 -0.111258 -3.0402e-09 0.242221 -0.111258 -3.0402e-09 0.242221 -0.111258 -3.0402e-09 0.242221 -0.111258 -3.0402e-09 0.242221 -0.111258 -3.0402e-09 0.242221 -0.111258 -3.0402e-09 0.242221 -0.111258 -3.0402e-09 0.242221 -0.111258 -3.0402e-09 0.242221 -0.111258 -3.0402e-09 0.242221 -0.111258 -3.0402e-09 0.242221 -0.111258 -3.0402e-09 0.242221 -0.111258 -3.0402e-09 0.242221 -0.111258 -3.0402e-09 0.242221 -0.111258 -3.0402e-09 0.242221 -0.111258 -3.0402e-09 0.242221 -0.111258 -3.0402e-09 0.242221 -0.111258 -3.0402e-09 0.242221 -0.111258 -3.0402e-09 0.242221 -0.111258 -3.0402e-09 0.242221 -0.111258 -3.0402e-09 0.242221 -0.111258</float_array><technique_common><accessor source="#hpl_mixamorigwHeadTop_End-trans-array" count="102" stride="3" /></technique_common></source>
      <source id="hpl_mixamorigwHeadTop_End-rotz"><float_array id="hpl_mixamorigwHeadTop_End-rotz-array" count="102">-1.59667e-08 -1.59667e-08 -1.59667e-08 -1.59667e-08 -1.59667e-08 -1.59667e-08 -1.59667e-08 -1.59667e-08 -1.59667e-08 -1.59667e-08 -1.59667e-08 -1.59667e-08 -1.59667e-08 -1.59667e-08 -1.59667e-08 -1.59667e-08 -1.59667e-08 -1.59667e-08 -1.59667e-08 -1.59667e-08 -1.59667e-08 -1.59667e-08 -1.59667e-08 -1.59667e-08 -1.59667e-08 -1.59667e-08 -1.59667e-08 -1.59667e-08 -1.59667e-08 -1.59667e-08 -1.59667e-08 -1.59667e-08 -1.59667e-08 -1.59667e-08 -1.59667e-08 -1.59667e-08 -1.59667e-08 -1.59667e-08 -1.59667e-08 -1.59667e-08 -1.59667e-08 -1.59667e-08 -1.59667e-08 -1.59667e-08 -1.59667e-08 -1.59667e-08 -1.59667e-08 -1.59667e-08 -1.59667e-08 -1.59667e-08 -1.59667e-08 -1.59667e-08 -1.59667e-08 -1.59667e-08 -1.59667e-08 -1.59667e-08 -1.59667e-08 -1.59667e-08 -1.59667e-08 -1.59667e-08 -1.59667e-08 -1.59667e-08 -1.59667e-08 -1.59667e-08 -1.59667e-08 -1.59667e-08 -1.59667e-08 -1.59667e-08 -1.59667e-08 -1.59667e-08 -1.59667e-08 -1.59667e-08 -1.59667e-08 -1.59667e-08 -1.59667e-08 -1.59667e-08 -1.59667e-08 -1.59667e-08 -1.59667e-08 -1.59667e-08 -1.59667e-08 -1.59667e-08 -1.59667e-08 -1.59667e-08 -1.59667e-08 -1.59667e-08 -1.59667e-08 -1.59667e-08 -1.59667e-08 -1.59667e-08 -1.59667e-08 -1.59667e-08 -1.59667e-08 -1.59667e-08 -1.59667e-08 -1.59667e-08 -1.59667e-08 -1.59667e-08 -1.59667e-08 -1.59667e-08 -1.59667e-08 -1.59667e-08</float_array><technique_common><accessor source="#hpl_mixamorigwHeadTop_End-rotz-array" count="102" stride="1" /></technique_common></source>
      <source id="hpl_mixamorigwHeadTop_End-roty"><float_array id="hpl_mixamorigwHeadTop_End-roty-array" count="102">1.91978e-07 1.91978e-07 1.91978e-07 1.91978e-07 1.91978e-07 1.91978e-07 1.91978e-07 1.91978e-07 1.91978e-07 1.91978e-07 1.91978e-07 1.91978e-07 1.91978e-07 1.91978e-07 1.91978e-07 1.91978e-07 1.91978e-07 1.91978e-07 1.91978e-07 1.91978e-07 1.91978e-07 1.91978e-07 1.91978e-07 1.91978e-07 1.91978e-07 1.91978e-07 1.91978e-07 1.91978e-07 1.91978e-07 1.91978e-07 1.91978e-07 1.91978e-07 1.91978e-07 1.91978e-07 1.91978e-07 1.91978e-07 1.91978e-07 1.91978e-07 1.91978e-07 1.91978e-07 1.91978e-07 1.91978e-07 1.91978e-07 1.91978e-07 1.91978e-07 1.91978e-07 1.91978e-07 1.91978e-07 1.91978e-07 1.91978e-07 1.91978e-07 1.91978e-07 1.91978e-07 1.91978e-07 1.91978e-07 1.91978e-07 1.91978e-07 1.91978e-07 1.91978e-07 1.91978e-07 1.91978e-07 1.91978e-07 1.91978e-07 1.91978e-07 1.91978e-07 1.91978e-07 1.91978e-07 1.91978e-07 1.91978e-07 1.91978e-07 1.91978e-07 1.91978e-07 1.91978e-07 1.91978e-07 1.91978e-07 1.91978e-07 1.91978e-07 1.91978e-07 1.91978e-07 1.91978e-07 1.91978e-07 1.91978e-07 1.91978e-07 1.91978e-07 1.91978e-07 1.91978e-07 1.91978e-07 1.91978e-07 1.91978e-07 1.91978e-07 1.91978e-07 1.91978e-07 1.91978e-07 1.91978e-07 1.91978e-07 1.91978e-07 1.91978e-07 1.91978e-07 1.91978e-07 1.91978e-07 1.91978e-07 1.91978e-07</float_array><technique_common><accessor source="#hpl_mixamorigwHeadTop_End-roty-array" count="102" stride="1" /></technique_common></source>
      <source id="hpl_mixamorigwHeadTop_End-rotx"><float_array id="hpl_mixamorigwHeadTop_End-rotx-array" count="102">-24.6705 -24.6705 -24.6705 -24.6705 -24.6705 -24.6705 -24.6705 -24.6705 -24.6705 -24.6705 -24.6705 -24.6705 -24.6705 -24.6705 -24.6705 -24.6705 -24.6705 -24.6705 -24.6705 -24.6705 -24.6705 -24.6705 -24.6705 -24.6705 -24.6705 -24.6705 -24.6705 -24.6705 -24.6705 -24.6705 -24.6705 -24.6705 -24.6705 -24.6705 -24.6705 -24.6705 -24.6705 -24.6705 -24.6705 -24.6705 -24.6705 -24.6705 -24.6705 -24.6705 -24.6705 -24.6705 -24.6705 -24.6705 -24.6705 -24.6705 -24.6705 -24.6705 -24.6705 -24.6705 -24.6705 -24.6705 -24.6705 -24.6705 -24.6705 -24.6705 -24.6705 -24.6705 -24.6705 -24.6705 -24.6705 -24.6705 -24.6705 -24.6705 -24.6705 -24.6705 -24.6705 -24.6705 -24.6705 -24.6705 -24.6705 -24.6705 -24.6705 -24.6705 -24.6705 -24.6705 -24.6705 -24.6705 -24.6705 -24.6705 -24.6705 -24.6705 -24.6705 -24.6705 -24.6705 -24.6705 -24.6705 -24.6705 -24.6705 -24.6705 -24.6705 -24.6705 -24.6705 -24.6705 -24.6705 -24.6705 -24.6705 -24.6705</float_array><technique_common><accessor source="#hpl_mixamorigwHeadTop_End-rotx-array" count="102" stride="1" /></technique_common></source>
      <sampler id="hpl_mixamorigwHeadTop_End-trans-sampler"><input semantic="INPUT" source="#hpl_mixamorigwHeadTop_End-time" /><input semantic="OUTPUT" source="#hpl_mixamorigwHeadTop_End-trans" /></sampler><channel source="#hpl_mixamorigwHeadTop_End-trans-sampler" target="mixamorigwHeadTop_End/translate" />
      <sampler id="hpl_mixamorigwHeadTop_End-rotz-sampler"><input semantic="INPUT" source="#hpl_mixamorigwHeadTop_End-time" /><input semantic="OUTPUT" source="#hpl_mixamorigwHeadTop_End-rotz" /></sampler><channel source="#hpl_mixamorigwHeadTop_End-rotz-sampler" target="mixamorigwHeadTop_End/rotateZ.ANGLE" />
      <sampler id="hpl_mixamorigwHeadTop_End-roty-sampler"><input semantic="INPUT" source="#hpl_mixamorigwHeadTop_End-time" /><input semantic="OUTPUT" source="#hpl_mixamorigwHeadTop_End-roty" /></sampler><channel source="#hpl_mixamorigwHeadTop_End-roty-sampler" target="mixamorigwHeadTop_End/rotateY.ANGLE" />
      <sampler id="hpl_mixamorigwHeadTop_End-rotx-sampler"><input semantic="INPUT" source="#hpl_mixamorigwHeadTop_End-time" /><input semantic="OUTPUT" source="#hpl_mixamorigwHeadTop_End-rotx" /></sampler><channel source="#hpl_mixamorigwHeadTop_End-rotx-sampler" target="mixamorigwHeadTop_End/rotateX.ANGLE" />
    </animation>
    <animation id="hpl_mixamorigwHeadFront">
      <source id="hpl_mixamorigwHeadFront-time"><float_array id="hpl_mixamorigwHeadFront-time-array" count="102">0 1 2 3 4 5 6 7 8 9 10 11 12 13 14 15 16 17 18 19 20 21 22 23 24 25 26 27 28 29 30 31 32 33 34 35 36 37 38 39 40 41 42 43 44 45 46 47 48 49 50 51 52 53 54 55 56 57 58 59 60 61 62 63 64 65 66 67 68 69 70 71 72 73 74 75 76 77 78 79 80 81 82 83 84 85 86 87 88 89 90 91 92 93 94 95 96 97 98 99 100 101</float_array><technique_common><accessor source="#hpl_mixamorigwHeadFront-time-array" count="102" stride="1" /></technique_common></source>
      <source id="hpl_mixamorigwHeadFront-trans"><float_array id="hpl_mixamorigwHeadFront-trans-array" count="306">-6.45422e-09 0.0827475 0.111256 -6.45422e-09 0.0827475 0.111256 -6.45422e-09 0.0827475 0.111256 -6.45422e-09 0.0827475 0.111256 -6.45422e-09 0.0827475 0.111256 -6.45422e-09 0.0827475 0.111256 -6.45422e-09 0.0827475 0.111256 -6.45422e-09 0.0827475 0.111256 -6.45422e-09 0.0827475 0.111256 -6.45422e-09 0.0827475 0.111256 -6.45422e-09 0.0827475 0.111256 -6.45422e-09 0.0827475 0.111256 -6.45422e-09 0.0827475 0.111256 -6.45422e-09 0.0827475 0.111256 -6.45422e-09 0.0827475 0.111256 -6.45422e-09 0.0827475 0.111256 -6.45422e-09 0.0827475 0.111256 -6.45422e-09 0.0827475 0.111256 -6.45422e-09 0.0827475 0.111256 -6.45422e-09 0.0827475 0.111256 -6.45422e-09 0.0827475 0.111256 -6.45422e-09 0.0827475 0.111256 -6.45422e-09 0.0827475 0.111256 -6.45422e-09 0.0827475 0.111256 -6.45422e-09 0.0827475 0.111256 -6.45422e-09 0.0827475 0.111256 -6.45422e-09 0.0827475 0.111256 -6.45422e-09 0.0827475 0.111256 -6.45422e-09 0.0827475 0.111256 -6.45422e-09 0.0827475 0.111256 -6.45422e-09 0.0827475 0.111256 -6.45422e-09 0.0827475 0.111256 -6.45422e-09 0.0827475 0.111256 -6.45422e-09 0.0827475 0.111256 -6.45422e-09 0.0827475 0.111256 -6.45422e-09 0.0827475 0.111256 -6.45422e-09 0.0827475 0.111256 -6.45422e-09 0.0827475 0.111256 -6.45422e-09 0.0827475 0.111256 -6.45422e-09 0.0827475 0.111256 -6.45422e-09 0.0827475 0.111256 -6.45422e-09 0.0827475 0.111256 -6.45422e-09 0.0827475 0.111256 -6.45422e-09 0.0827475 0.111256 -6.45422e-09 0.0827475 0.111256 -6.45422e-09 0.0827475 0.111256 -6.45422e-09 0.0827475 0.111256 -6.45422e-09 0.0827475 0.111256 -6.45422e-09 0.0827475 0.111256 -6.45422e-09 0.0827475 0.111256 -6.45422e-09 0.0827475 0.111256 -6.45422e-09 0.0827475 0.111256 -6.45422e-09 0.0827475 0.111256 -6.45422e-09 0.0827475 0.111256 -6.45422e-09 0.0827475 0.111256 -6.45422e-09 0.0827475 0.111256 -6.45422e-09 0.0827475 0.111256 -6.45422e-09 0.0827475 0.111256 -6.45422e-09 0.0827475 0.111256 -6.45422e-09 0.0827475 0.111256 -6.45422e-09 0.0827475 0.111256 -6.45422e-09 0.0827475 0.111256 -6.45422e-09 0.0827475 0.111256 -6.45422e-09 0.0827475 0.111256 -6.45422e-09 0.0827475 0.111256 -6.45422e-09 0.0827475 0.111256 -6.45422e-09 0.0827475 0.111256 -6.45422e-09 0.0827475 0.111256 -6.45422e-09 0.0827475 0.111256 -6.45422e-09 0.0827475 0.111256 -6.45422e-09 0.0827475 0.111256 -6.45422e-09 0.0827475 0.111256 -6.45422e-09 0.0827475 0.111256 -6.45422e-09 0.0827475 0.111256 -6.45422e-09 0.0827475 0.111256 -6.45422e-09 0.0827475 0.111256 -6.45422e-09 0.0827475 0.111256 -6.45422e-09 0.0827475 0.111256 -6.45422e-09 0.0827475 0.111256 -6.45422e-09 0.0827475 0.111256 -6.45422e-09 0.0827475 0.111256 -6.45422e-09 0.0827475 0.111256 -6.45422e-09 0.0827475 0.111256 -6.45422e-09 0.0827475 0.111256 -6.45422e-09 0.0827475 0.111256 -6.45422e-09 0.0827475 0.111256 -6.45422e-09 0.0827475 0.111256 -6.45422e-09 0.0827475 0.111256 -6.45422e-09 0.0827475 0.111256 -6.45422e-09 0.0827475 0.111256 -6.45422e-09 0.0827475 0.111256 -6.45422e-09 0.0827475 0.111256 -6.45422e-09 0.0827475 0.111256 -6.45422e-09 0.0827475 0.111256 -6.45422e-09 0.0827475 0.111256 -6.45422e-09 0.0827475 0.111256 -6.45422e-09 0.0827475 0.111256 -6.45422e-09 0.0827475 0.111256 -6.45422e-09 0.0827475 0.111256 -6.45422e-09 0.0827475 0.111256 -6.45422e-09 0.0827475 0.111256 -6.45422e-09 0.0827475 0.111256</float_array><technique_common><accessor source="#hpl_mixamorigwHeadFront-trans-array" count="102" stride="3" /></technique_common></source>
      <source id="hpl_mixamorigwHeadFront-rotz"><float_array id="hpl_mixamorigwHeadFront-rotz-array" count="102">6.88863e-06 6.88863e-06 6.88863e-06 6.88863e-06 6.88863e-06 6.88863e-06 6.88863e-06 6.88863e-06 6.88863e-06 6.88863e-06 6.88863e-06 6.88863e-06 6.88863e-06 6.88863e-06 6.88863e-06 6.88863e-06 6.88863e-06 6.88863e-06 6.88863e-06 6.88863e-06 6.88863e-06 6.88863e-06 6.88863e-06 6.88863e-06 6.88863e-06 6.88863e-06 6.88863e-06 6.88863e-06 6.88863e-06 6.88863e-06 6.88863e-06 6.88863e-06 6.88863e-06 6.88863e-06 6.88863e-06 6.88863e-06 6.88863e-06 6.88863e-06 6.88863e-06 6.88863e-06 6.88863e-06 6.88863e-06 6.88863e-06 6.88863e-06 6.88863e-06 6.88863e-06 6.88863e-06 6.88863e-06 6.88863e-06 6.88863e-06 6.88863e-06 6.88863e-06 6.88863e-06 6.88863e-06 6.88863e-06 6.88863e-06 6.88863e-06 6.88863e-06 6.88863e-06 6.88863e-06 6.88863e-06 6.88863e-06 6.88863e-06 6.88863e-06 6.88863e-06 6.88863e-06 6.88863e-06 6.88863e-06 6.88863e-06 6.88863e-06 6.88863e-06 6.88863e-06 6.88863e-06 6.88863e-06 6.88863e-06 6.88863e-06 6.88863e-06 6.88863e-06 6.88863e-06 6.88863e-06 6.88863e-06 6.88863e-06 6.88863e-06 6.88863e-06 6.88863e-06 6.88863e-06 6.88863e-06 6.88863e-06 6.88863e-06 6.88863e-06 6.88863e-06 6.88863e-06 6.88863e-06 6.88863e-06 6.88863e-06 6.88863e-06 6.88863e-06 6.88863e-06 6.88863e-06 6.88863e-06 6.88863e-06 6.88863e-06</float_array><technique_common><accessor source="#hpl_mixamorigwHeadFront-rotz-array" count="102" stride="1" /></technique_common></source>
      <source id="hpl_mixamorigwHeadFront-roty"><float_array id="hpl_mixamorigwHeadFront-roty-array" count="102">5.39189e-06 5.39189e-06 5.39189e-06 5.39189e-06 5.39189e-06 5.39189e-06 5.39189e-06 5.39189e-06 5.39189e-06 5.39189e-06 5.39189e-06 5.39189e-06 5.39189e-06 5.39189e-06 5.39189e-06 5.39189e-06 5.39189e-06 5.39189e-06 5.39189e-06 5.39189e-06 5.39189e-06 5.39189e-06 5.39189e-06 5.39189e-06 5.39189e-06 5.39189e-06 5.39189e-06 5.39189e-06 5.39189e-06 5.39189e-06 5.39189e-06 5.39189e-06 5.39189e-06 5.39189e-06 5.39189e-06 5.39189e-06 5.39189e-06 5.39189e-06 5.39189e-06 5.39189e-06 5.39189e-06 5.39189e-06 5.39189e-06 5.39189e-06 5.39189e-06 5.39189e-06 5.39189e-06 5.39189e-06 5.39189e-06 5.39189e-06 5.39189e-06 5.39189e-06 5.39189e-06 5.39189e-06 5.39189e-06 5.39189e-06 5.39189e-06 5.39189e-06 5.39189e-06 5.39189e-06 5.39189e-06 5.39189e-06 5.39189e-06 5.39189e-06 5.39189e-06 5.39189e-06 5.39189e-06 5.39189e-06 5.39189e-06 5.39189e-06 5.39189e-06 5.39189e-06 5.39189e-06 5.39189e-06 5.39189e-06 5.39189e-06 5.39189e-06 5.39189e-06 5.39189e-06 5.39189e-06 5.39189e-06 5.39189e-06 5.39189e-06 5.39189e-06 5.39189e-06 5.39189e-06 5.39189e-06 5.39189e-06 5.39189e-06 5.39189e-06 5.39189e-06 5.39189e-06 5.39189e-06 5.39189e-06 5.39189e-06 5.39189e-06 5.39189e-06 5.39189e-06 5.39189e-06 5.39189e-06 5.39189e-06 5.39189e-06</float_array><technique_common><accessor source="#hpl_mixamorigwHeadFront-roty-array" count="102" stride="1" /></technique_common></source>
      <source id="hpl_mixamorigwHeadFront-rotx"><float_array id="hpl_mixamorigwHeadFront-rotx-array" count="102">53.3605 53.3605 53.3605 53.3605 53.3605 53.3605 53.3605 53.3605 53.3605 53.3605 53.3605 53.3605 53.3605 53.3605 53.3605 53.3605 53.3605 53.3605 53.3605 53.3605 53.3605 53.3605 53.3605 53.3605 53.3605 53.3605 53.3605 53.3605 53.3605 53.3605 53.3605 53.3605 53.3605 53.3605 53.3605 53.3605 53.3605 53.3605 53.3605 53.3605 53.3605 53.3605 53.3605 53.3605 53.3605 53.3605 53.3605 53.3605 53.3605 53.3605 53.3605 53.3605 53.3605 53.3605 53.3605 53.3605 53.3605 53.3605 53.3605 53.3605 53.3605 53.3605 53.3605 53.3605 53.3605 53.3605 53.3605 53.3605 53.3605 53.3605 53.3605 53.3605 53.3605 53.3605 53.3605 53.3605 53.3605 53.3605 53.3605 53.3605 53.3605 53.3605 53.3605 53.3605 53.3605 53.3605 53.3605 53.3605 53.3605 53.3605 53.3605 53.3605 53.3605 53.3605 53.3605 53.3605 53.3605 53.3605 53.3605 53.3605 53.3605 53.3605</float_array><technique_common><accessor source="#hpl_mixamorigwHeadFront-rotx-array" count="102" stride="1" /></technique_common></source>
      <sampler id="hpl_mixamorigwHeadFront-trans-sampler"><input semantic="INPUT" source="#hpl_mixamorigwHeadFront-time" /><input semantic="OUTPUT" source="#hpl_mixamorigwHeadFront-trans" /></sampler><channel source="#hpl_mixamorigwHeadFront-trans-sampler" target="mixamorigwHeadFront/translate" />
      <sampler id="hpl_mixamorigwHeadFront-rotz-sampler"><input semantic="INPUT" source="#hpl_mixamorigwHeadFront-time" /><input semantic="OUTPUT" source="#hpl_mixamorigwHeadFront-rotz" /></sampler><channel source="#hpl_mixamorigwHeadFront-rotz-sampler" target="mixamorigwHeadFront/rotateZ.ANGLE" />
      <sampler id="hpl_mixamorigwHeadFront-roty-sampler"><input semantic="INPUT" source="#hpl_mixamorigwHeadFront-time" /><input semantic="OUTPUT" source="#hpl_mixamorigwHeadFront-roty" /></sampler><channel source="#hpl_mixamorigwHeadFront-roty-sampler" target="mixamorigwHeadFront/rotateY.ANGLE" />
      <sampler id="hpl_mixamorigwHeadFront-rotx-sampler"><input semantic="INPUT" source="#hpl_mixamorigwHeadFront-time" /><input semantic="OUTPUT" source="#hpl_mixamorigwHeadFront-rotx" /></sampler><channel source="#hpl_mixamorigwHeadFront-rotx-sampler" target="mixamorigwHeadFront/rotateX.ANGLE" />
    </animation>
  </library_animations>
  <scene><instance_visual_scene url="#RootNode" /></scene>
</COLLADA>