<?xml version='1.0' encoding='utf-8'?>
<COLLADA xmlns="http://www.collada.org/2005/11/COLLADASchema" version="1.4.1">
  <asset>
    <contributor><author>hpl_dae_export</author><authoring_tool>Blender 4.2.0</authoring_tool></contributor>
    <unit name="meter" meter="1" />
    <up_axis>Y_UP</up_axis>
  </asset>
  <library_images>
    <image id="malik-diffuse-image"><init_from>malik.tga</init_from></image>
    <image id="malik-emission-image"><init_from>malik.tga</init_from></image>
    <image id="malik-normal-image"><init_from>malik.tga</init_from></image>
  </library_images>
  <library_effects>
    <effect id="malik-fx" name="malik"><profile_COMMON>
      <newparam sid="malik-diffuse-surface"><surface type="2D"><init_from>malik-diffuse-image</init_from></surface></newparam>
      <newparam sid="malik-diffuse-sampler"><sampler2D><source>malik-diffuse-surface</source></sampler2D></newparam>
      <newparam sid="malik-emission-surface"><surface type="2D"><init_from>malik-emission-image</init_from></surface></newparam>
      <newparam sid="malik-emission-sampler"><sampler2D><source>malik-emission-surface</source></sampler2D></newparam>
      <technique sid="common"><lambert>
        <diffuse><texture texture="malik-diffuse-sampler" texcoord="CHANNEL0" /></diffuse>
      </lambert></technique>
    </profile_COMMON></effect>
  </library_effects>
  <library_materials>
    <material id="malik" name="malik"><instance_effect url="#malik-fx" /></material>
  </library_materials>
  <library_geometries>
    <geometry id="Mesh_0_1" name="Mesh_0"><mesh>
      <source id="Mesh_0_1-vpos"><float_array id="Mesh_0_1-vpos-array" count="9">0.00385354 0.969239 -0.00528156 0.0538535 0.969239 -0.00528156 0.00385354 1.01924 -0.00528156</float_array><technique_common><accessor source="#Mesh_0_1-vpos-array" count="3" stride="3"><param name="X" type="float" /><param name="Y" type="float" /><param name="Z" type="float" /></accessor></technique_common></source>
      <source id="Mesh_0_1-vnrm"><float_array id="Mesh_0_1-vnrm-array" count="9">0 0 1 0 0 1 0 0 1</float_array><technique_common><accessor source="#Mesh_0_1-vnrm-array" count="3" stride="3"><param name="X" type="float" /><param name="Y" type="float" /><param name="Z" type="float" /></accessor></technique_common></source>
      <source id="Mesh_0_1-vuv"><float_array id="Mesh_0_1-vuv-array" count="6">0 0 1 0 0 1</float_array><technique_common><accessor source="#Mesh_0_1-vuv-array" count="3" stride="2"><param name="S" type="float" /><param name="T" type="float" /></accessor></technique_common></source>
      <vertices id="Mesh_0_1-vertices"><input semantic="POSITION" source="#Mesh_0_1-vpos" /></vertices>
      <triangles count="1" material="malik"><input semantic="VERTEX" source="#Mesh_0_1-vertices" offset="0" /><input semantic="NORMAL" source="#Mesh_0_1-vnrm" offset="1" /><input semantic="TEXCOORD" source="#Mesh_0_1-vuv" offset="2" /><p>0 0 0 1 1 1 2 2 2</p></triangles>
    </mesh></geometry>
  </library_geometries>
  <library_controllers>
    <controller id="Mesh_0_1-skin" name="skinCluster0"><skin source="#Mesh_0_1">
      <bind_shape_matrix>1 0 0 0 0 1 0 0 0 0 1 0 0 0 0 1</bind_shape_matrix>
      <source id="Mesh_0_1-skin-joints"><Name_array id="Mesh_0_1-skin-joints-array" count="24">mixamorigwHips mixamorigwLeftUpLeg mixamorigwLeftLeg mixamorigwLeftFoot mixamorigwLeftToeBase mixamorigwRightUpLeg mixamorigwRightLeg mixamorigwRightFoot mixamorigwRightToeBase mixamorigwSpine mixamorigwSpine1 mixamorigwSpine2 mixamorigwLeftShoulder mixamorigwLeftArm mixamorigwLeftForeArm mixamorigwLeftHand mixamorigwRightShoulder mixamorigwRightArm mixamorigwRightForeArm mixamorigwRightHand mixamorigwNeck mixamorigwHead mixamorigwHeadTop_End mixamorigwHeadFront</Name_array><technique_common><accessor source="#Mesh_0_1-skin-joints-array" count="24" stride="1"><param name="JOINT" type="Name" /></accessor></technique_common></source>
      <source id="Mesh_0_1-skin-bind_poses"><float_array id="Mesh_0_1-skin-bind_poses-array" count="384">0.996784 -0.0397022 0.0696036 0.0350074 0.0696036 0.859369 -0.506596 -0.835878 -0.0397022 0.509812 0.859369 -0.489438 0 0 0 1 0.990163 0.0898831 -0.107236 -0.177556 0.107235 -0.979778 0.168929 0.849064 -0.0898853 -0.178767 -0.979779 0.176252 0 0 0 1 0.99676 0.0609493 -0.0524881 -0.167391 0.0524866 -0.987332 -0.149743 0.516728 -0.0609511 0.146502 -0.987332 0.00365765 0 0 0 1 0.99709 0.0259332 -0.0716882 -0.161714 0.0716883 -0.638859 0.765977 0.0743748 -0.0259358 -0.768887 -0.63886 0.133584 0 0 0 1 0.995649 1.00076e-06 -0.0931828 -0.157119 0.0931841 1.56036e-06 0.99565 -0.165753 4.42294e-07 -1 4.84035e-08 0.0429809 0 0 0 1 0.98967 -0.0919509 0.109989 0.174433 -0.109988 -0.979087 0.171149 0.848658 0.091951 -0.181478 -0.979086 0.178597 0 0 0 1 0.997973 -0.0482003 0.0415529 0.157834 -0.0415528 -0.988086 -0.148184 0.518857 0.0482003 0.146157 -0.988086 0.00298154 0 0 0 1 0.995491 -0.0318197 0.089356 0.154137 -0.0893559 -0.630627 0.770924 0.0675878 0.0318197 -0.775433 -0.630627 0.132827 0 0 0 1 0.99335 1.13874e-07 0.115137 0.148562 -0.115136 2.86819e-07 0.993349 -0.169155 5.18753e-08 -1 4.26038e-07 0.0416988 0 0 0 1 0.999977 0.00494427 0.00473304 -0.0086206 -0.00473308 0.999036 -0.0436358 -1.10561 -0.00494422 0.0436124 0.999036 -0.0369755 0 0 0 1 0.999977 0.00494423 0.00473305 -0.00862057 -0.00473304 0.999036 -0.0436361 -1.24271 -0.00494423 0.0436126 0.999036 -0.0369756 0 0 0 1 0.999862 0.0121438 0.011324 -0.0184036 -0.011324 0.997494 -0.0698444 -1.37828 -0.0121438 0.0697066 0.997494 -0.0730108 0 0 0 1 -0.0389618 8.1901e-08 -0.999241 -0.0277262 0.999241 3.01868e-09 -0.0389618 -0.042283 -4.82174e-09 -1 -8.18307e-08 1.44897 0 0 0 1 0.00856153 0.227512 -0.973738 -0.365901 0.973737 -0.223451 -0.0436475 0.129207 -0.227513 -0.947791 -0.22345 1.41049 0 0 0 1 0.070724 0.0145406 -0.99739 -0.0970561 0.99739 -0.0156091 0.0704964 -0.40923 -0.0145432 -0.999773 -0.0156065 1.39984 0 0 0 1 0.166103 -0.0697437 -0.983639 -0.0447102 0.983639 0.0822677 0.16027 -0.782822 0.0697439 -0.994167 0.0822676 1.33717 0 0 0 1 -0.0366279 7.32406e-09 0.999329 0.0277677 -0.999329 -3.58851e-09 -0.0366278 -0.0399505 -8.045e-11 -1 1.49082e-08 1.44508 0 0 0 1 0.00773206 -0.226228 0.974044 0.362764 -0.974043 -0.222079 -0.0438471 0.122465 0.226234 -0.948421 -0.222073 1.40846 0 0 0 1 0.0584042 1.97736e-07 0.998293 0.0698461 -0.998293 -6.30649e-08 0.0584043 -0.420424 -1.66971e-08 -1 2.24877e-07 1.39455 0 0 0 1 0.0965407 -0.0606554 0.993479 0.180085 -0.99348 -0.066698 0.0924687 -0.576239 0.0606543 -0.995928 -0.0666989 1.42787 0 0 0 1 0.999873 0.0115354 0.0110432 -0.0175704 -0.0110432 0.998987 -0.043634 -1.48385 -0.0115354 0.0435065 0.998987 -0.0368176 0 0 0 1 0.999978 0.00224515 0.00618342 -0.00326299 -0.00618341 0.641596 0.767018 -0.974757 -0.00224518 -0.767039 0.641596 1.21353 0 0 0 1 0.999945 0.00572479 0.00880737 -0.00859697 -0.00880736 0.913859 0.405937 -1.68462 -0.00572478 -0.405992 0.913859 0.660074 0 0 0 1 1 -1.50874e-07 1.00117e-08 4.00392e-05 -6.16999e-09 1.19209e-07 1 -0.157879 -1.52155e-07 -1 5.96047e-08 1.55623 0 0 0 1</float_array><technique_common><accessor count="24" offset="0" source="#Mesh_0_1-skin-bind_poses-array" stride="16"><param name="TRANSFORM" type="float4x4" /></accessor></technique_common></source>
      <source id="Mesh_0_1-skin-weights"><float_array id="Mesh_0_1-skin-weights-array" count="1">1</float_array><technique_common><accessor count="1" offset="0" source="#Mesh_0_1-skin-weights-array" stride="1"><param name="WEIGHT" type="float" /></accessor></technique_common></source>
      <joints><input semantic="JOINT" source="#Mesh_0_1-skin-joints" /><input semantic="INV_BIND_MATRIX" source="#Mesh_0_1-skin-bind_poses" /></joints>
      <vertex_weights count="3"><input semantic="JOINT" source="#Mesh_0_1-skin-joints" offset="0" /><input semantic="WEIGHT" source="#Mesh_0_1-skin-weights" offset="1" /><vcount>1 1 1</vcount><v>0 0 0 0 0 0</v></vertex_weights>
    </skin></controller>
  </library_controllers>
  <library_visual_scenes>
    <visual_scene id="RootNode" name="RootNode">
      <node id="mixamorigwHips" sid="mixamorigwHips" name="mixamorigwHips" type="JOINT">
        <translate sid="translate">0.00385352 0.969239 -0.00528153</translate><rotate sid="rotateZ">0 0 1 -2.2809</rotate><rotate sid="rotateY">0 1 0 -3.99122</rotate><rotate sid="rotateX">1 0 0 -30.5192</rotate>
        <node id="mixamorigwLeftUpLeg" sid="mixamorigwLeftUpLeg" name="mixamorigwLeftUpLeg" type="JOINT">
          <translate sid="translate">0.101084 -0.0783552 -0.0363447</translate><rotate sid="rotateZ">0 0 1 11.6087</rotate><rotate sid="rotateY">0 1 0 4.91312</rotate><rotate sid="rotateX">1 0 0 -158.905</rotate>
          <node id="mixamorigwLeftLeg" sid="mixamorigwLeftLeg" name="mixamorigwLeftLeg" type="JOINT">
            <translate sid="translate">-8.84533e-09 0.366933 -5.05447e-09</translate><rotate sid="rotateZ">0 0 1 2.19789</rotate><rotate sid="rotateY">0 1 0 2.81215</rotate><rotate sid="rotateX">1 0 0 18.5953</rotate>
            <node id="mixamorigwLeftFoot" sid="mixamorigwLeftFoot" name="mixamorigwLeftFoot" type="JOINT">
              <translate sid="translate">6.05747e-08 0.370118 1.13094e-07</translate><rotate sid="rotateZ">0 0 1 2.14728</rotate><rotate sid="rotateY">0 1 0 -0.79109</rotate><rotate sid="rotateX">1 0 0 -58.6844</rotate>
              <node id="mixamorigwLeftToeBase" sid="mixamorigwLeftToeBase" name="mixamorigwLeftToeBase" type="JOINT">
                <translate sid="translate">2.26662e-08 0.174433 5.24402e-08</translate><rotate sid="rotateZ">0 0 1 -3.51841e-05</rotate><rotate sid="rotateY">0 1 0 -1.93171</rotate><rotate sid="rotateX">1 0 0 -39.7069</rotate>
              </node>
            </node>
          </node>
        </node>
        <node id="mixamorigwRightUpLeg" sid="mixamorigwRightUpLeg" name="mixamorigwRightUpLeg" type="JOINT">
          <translate sid="translate">-0.0945827 -0.092128 -0.0283661</translate><rotate sid="rotateZ">0 0 1 -3.77608</rotate><rotate sid="rotateY">0 1 0 -0.478485</rotate><rotate sid="rotateX">1 0 0 -159.652</rotate>
          <node id="mixamorigwRightLeg" sid="mixamorigwRightLeg" name="mixamorigwRightLeg" type="JOINT">
            <translate sid="translate">-8.21352e-09 0.367192 1.26362e-07</translate><rotate sid="rotateZ">0 0 1 -3.18505</rotate><rotate sid="rotateY">0 1 0 -3.42995</rotate><rotate sid="rotateX">1 0 0 18.7329</rotate>
            <node id="mixamorigwRightFoot" sid="mixamorigwRightFoot" name="mixamorigwRightFoot" type="JOINT">
              <translate sid="translate">-1.02669e-09 0.373775 -1.26362e-09</translate><rotate sid="rotateZ">0 0 1 -1.32878</rotate><rotate sid="rotateY">0 1 0 2.57683</rotate><rotate sid="rotateX">1 0 0 -59.2142</rotate>
              <node id="mixamorigwRightToeBase" sid="mixamorigwRightToeBase" name="mixamorigwRightToeBase" type="JOINT">
                <translate sid="translate">4.10676e-08 0.17257 -7.58171e-08</translate><rotate sid="rotateZ">0 0 1 -1.13278e-05</rotate><rotate sid="rotateY">0 1 0 2.3498</rotate><rotate sid="rotateX">1 0 0 -39.0965</rotate>
              </node>
            </node>
          </node>
        </node>
        <node id="mixamorigwSpine" sid="mixamorigwSpine" name="mixamorigwSpine" type="JOINT">
          <translate sid="translate">-0.00650102 0.120689 0.0647114</translate><rotate sid="rotateZ">0 0 1 4.09971</rotate><rotate sid="rotateY">0 1 0 1.89759</rotate><rotate sid="rotateX">1 0 0 28.1816</rotate>
          <node id="mixamorigwSpine1" sid="mixamorigwSpine1" name="mixamorigwSpine1" type="JOINT">
            <translate sid="translate">2.0287e-08 0.137097 -2.62801e-07</translate><rotate sid="rotateZ">0 0 1 -2.30285e-06</rotate><rotate sid="rotateY">0 1 0 -5.54453e-07</rotate><rotate sid="rotateX">1 0 0 -1.35089e-05</rotate>
            <node id="mixamorigwSpine2" sid="mixamorigwSpine2" name="mixamorigwSpine2" type="JOINT">
              <translate sid="translate">6.71297e-10 0.137097 1.18032e-09</translate><rotate sid="rotateZ">0 0 1 0.395671</rotate><rotate sid="rotateY">0 1 0 -0.395296</rotate><rotate sid="rotateX">1 0 0 -1.50238</rotate>
              <node id="mixamorigwLeftShoulder" sid="mixamorigwLeftShoulder" name="mixamorigwLeftShoulder" type="JOINT">
                <translate sid="translate">0.040025 0.0686486 -0.00178681</translate><rotate sid="rotateZ">0 0 1 125.595</rotate><rotate sid="rotateY">0 1 0 85.0452</rotate><rotate sid="rotateX">1 0 0 -143.81</rotate>
                <node id="mixamorigwLeftArm" sid="mixamorigwLeftArm" name="mixamorigwLeftArm" type="JOINT">
                  <translate sid="translate">-9.23188e-11 0.157174 1.94725e-09</translate><rotate sid="rotateZ">0 0 1 2.73667</rotate><rotate sid="rotateY">0 1 0 13.1506</rotate><rotate sid="rotateX">1 0 0 13.2658</rotate>
                  <node id="mixamorigwLeftForeArm" sid="mixamorigwLeftForeArm" name="mixamorigwLeftForeArm" type="JOINT">
                    <translate sid="translate">-3.47495e-08 0.243555 -1.30153e-07</translate><rotate sid="rotateZ">0 0 1 6.38695</rotate><rotate sid="rotateY">0 1 0 -11.1276</rotate><rotate sid="rotateX">1 0 0 -13.4292</rotate>
                    <node id="mixamorigwLeftHand" sid="mixamorigwLeftHand" name="mixamorigwLeftHand" type="JOINT">
                      <translate sid="translate">7.45535e-08 0.249448 7.60145e-08</translate><rotate sid="rotateZ">0 0 1 5.60961</rotate><rotate sid="rotateY">0 1 0 -4.74167</rotate><rotate sid="rotateX">1 0 0 -5.70437</rotate>
                    </node>
                  </node>
                </node>
              </node>
              <node id="mixamorigwRightShoulder" sid="mixamorigwRightShoulder" name="mixamorigwRightShoulder" type="JOINT">
                <translate sid="translate">-0.040087 0.0656621 -0.000945981</translate><rotate sid="rotateZ">0 0 1 -110.039</rotate><rotate sid="rotateY">0 1 0 -85.7646</rotate><rotate sid="rotateX">1 0 0 -160.708</rotate>
                <node id="mixamorigwRightArm" sid="mixamorigwRightArm" name="mixamorigwRightArm" type="JOINT">
                  <translate sid="translate">2.37172e-09 0.163364 -1.62252e-07</translate><rotate sid="rotateZ">0 0 1 -2.55391</rotate><rotate sid="rotateY">0 1 0 -13.0751</rotate><rotate sid="rotateX">1 0 0 13.1787</rotate>
                  <node id="mixamorigwRightForeArm" sid="mixamorigwRightForeArm" name="mixamorigwRightForeArm" type="JOINT">
                    <translate sid="translate">-8.21352e-09 0.227531 6.31809e-08</translate><rotate sid="rotateZ">0 0 1 -5.90746</rotate><rotate sid="rotateY">0 1 0 12.0334</rotate><rotate sid="rotateX">1 0 0 -14.1336</rotate>
                    <node id="mixamorigwRightHand" sid="mixamorigwRightHand" name="mixamorigwRightHand" type="JOINT">
                      <translate sid="translate">-4.26417e-08 0.25312 -1.57282e-07</translate><rotate sid="rotateZ">0 0 1 -2.20204</rotate><rotate sid="rotateY">0 1 0 -3.47744</rotate><rotate sid="rotateX">1 0 0 3.83142</rotate>
                    </node>
                  </node>
                </node>
              </node>
              <node id="mixamorigwNeck" sid="mixamorigwNeck" name="mixamorigwNeck" type="JOINT">
                <translate sid="translate">6.2025e-05 0.104088 0.00273278</translate><rotate sid="rotateZ">0 0 1 -0.0336555</rotate><rotate sid="rotateY">0 1 0 0.0184846</rotate><rotate sid="rotateX">1 0 0 1.50393</rotate>
                <node id="mixamorigwHead" sid="mixamorigwHead" name="mixamorigwHead" type="JOINT">
                  <translate sid="translate">3.73162e-09 0.0721533 1.18502e-08</translate><rotate sid="rotateZ">0 0 1 -0.519682</rotate><rotate sid="rotateY">0 1 0 0.301393</rotate><rotate sid="rotateX">1 0 0 52.5832</rotate>
                  <node id="mixamorigwHeadTop_End" sid="mixamorigwHeadTop_End" name="mixamorigwHeadTop_End" type="JOINT">
                    <translate sid="translate">-0.00116743 0.24687 -0.121132</translate><rotate sid="rotateZ">0 0 1 0.243241</rotate><rotate sid="rotateY">0 1 0 0.0564609</rotate><rotate sid="rotateX">1 0 0 -26.1357</rotate>
                  </node>
                  <node id="mixamorigwHeadFront" sid="mixamorigwHeadFront" name="mixamorigwHeadFront" type="JOINT">
                    <translate sid="translate">0.00116742 0.144812 0.121133</translate><rotate sid="rotateZ">0 0 1 -0.354292</rotate><rotate sid="rotateY">0 1 0 0.128633</rotate><rotate sid="rotateX">1 0 0 39.9111</rotate>
                  </node>
                </node>
              </node>
            </node>
          </node>
        </node>
      </node>
      <node id="Mesh_0" name="Mesh_0" type="NODE">
        <translate sid="translate">0 0 0</translate><rotate sid="rotateZ">0 0 1 0</rotate><rotate sid="rotateY">0 1 0 -0</rotate><rotate sid="rotateX">1 0 0 -90</rotate><scale sid="scale">100 100 100</scale><instance_controller url="#Mesh_0_1-skin">
          <skeleton>#mixamorigwHips</skeleton>
          <bind_material><technique_common><instance_material symbol="defaultMaterial" target="#%s"><bind_vertex_input semantic="CHANNEL0" input_semantic="TEXCOORD" input_set="0" /></instance_material></technique_common></bind_material>
        </instance_controller>
      </node>
    </visual_scene>
  </library_visual_scenes>
  <library_animations>
    <animation id="hpl_mixamorigwHips">
      <source id="hpl_mixamorigwHips-time"><float_array id="hpl_mixamorigwHips-time-array" count="38">0 1 2 3 4 5 6 7 8 9 10 11 12 13 14 15 16 17 18 19 20 21 22 23 24 25 26 27 28 29 30 31 32 33 34 35 36 37</float_array><technique_common><accessor source="#hpl_mixamorigwHips-time-array" count="38" stride="1" /></technique_common></source>
      <source id="hpl_mixamorigwHips-trans"><float_array id="hpl_mixamorigwHips-trans-array" count="114">0.00741402 0.963683 -0.0169455 0.0101012 0.966995 -0.0156757 0.0142645 0.969111 -0.0140346 0.0188769 0.968663 -0.0124477 0.0231568 0.96734 -0.0110931 0.0258196 0.964499 -0.0104598 0.0288302 0.961138 -0.0095751 0.0309756 0.957003 -0.00868959 0.0334336 0.953014 -0.0077786 0.0338635 0.949554 -0.00748234 0.0340761 0.946315 -0.00810284 0.0337521 0.941624 -0.00957007 0.0316763 0.931904 -0.0124193 0.0288368 0.925375 -0.0163772 0.0265246 0.920826 -0.0209389 0.0255746 0.918731 -0.0257067 0.0268254 0.919788 -0.0298022 0.0278732 0.923935 -0.0336391 0.0309123 0.929767 -0.0360263 0.0361694 0.93713 -0.0369348 0.0425185 0.945257 -0.0368903 0.0474156 0.952361 -0.0365324 0.0527274 0.955929 -0.0350965 0.0567958 0.958551 -0.0337627 0.0606168 0.961146 -0.0323407 0.0629079 0.963647 -0.0311032 0.0645679 0.964026 -0.0292835 0.0643945 0.96316 -0.0273004 0.0640084 0.960711 -0.0249659 0.0619095 0.954659 -0.0225547 0.0579725 0.95195 -0.0205752 0.0506394 0.951345 -0.0194171 0.0407955 0.951224 -0.0194744 0.0315537 0.952334 -0.0192017 0.0230985 0.954755 -0.0189794 0.0157333 0.956006 -0.0184048 0.0101484 0.958172 -0.0176128 0.00741402 0.963683 -0.0169455</float_array><technique_common><accessor source="#hpl_mixamorigwHips-trans-array" count="38" stride="3" /></technique_common></source>
      <source id="hpl_mixamorigwHips-rotz"><float_array id="hpl_mixamorigwHips-rotz-array" count="38">-1.56674 -1.44823 -1.41305 -1.46466 -1.61127 -1.8166 -2.04797 -2.24711 -2.38886 -2.49046 -2.54246 -2.55689 -2.57792 -2.55456 -2.36153 -1.9854 -1.47856 -1.03985 -0.822138 -0.981077 -1.36522 -1.7261 -1.92561 -1.92788 -1.79684 -1.60184 -1.37122 -1.09153 -0.790458 -0.52696 -0.380041 -0.512123 -1.11954 -1.94789 -2.48656 -2.67232 -2.50608 -1.56674</float_array><technique_common><accessor source="#hpl_mixamorigwHips-rotz-array" count="38" stride="1" /></technique_common></source>
      <source id="hpl_mixamorigwHips-roty"><float_array id="hpl_mixamorigwHips-roty-array" count="38">-5.41486 -4.93461 -4.29912 -3.46236 -2.49323 -1.4407 -0.372356 0.612837 1.49421 2.27925 2.94476 3.43516 3.7213 3.69539 3.38855 2.72347 1.70208 0.647363 -0.156899 -0.99622 -1.96773 -3.04591 -4.07716 -4.96676 -5.69925 -6.31048 -6.85106 -7.32455 -7.72425 -8.06021 -8.27911 -8.36954 -8.46288 -8.46674 -8.13913 -7.49993 -6.92479 -5.41486</float_array><technique_common><accessor source="#hpl_mixamorigwHips-roty-array" count="38" stride="1" /></technique_common></source>
      <source id="hpl_mixamorigwHips-rotx"><float_array id="hpl_mixamorigwHips-rotx-array" count="38">-22.4252 -22.5789 -22.6948 -22.8013 -22.9217 -23.0783 -23.2904 -23.5605 -23.8604 -24.1691 -24.4884 -24.8001 -25.0748 -25.3256 -25.4845 -25.5643 -25.6703 -25.9001 -26.0992 -26.1686 -26.1209 -26.0238 -25.9643 -26.0208 -26.1536 -26.3078 -26.4374 -26.5493 -26.5825 -26.5156 -26.3038 -25.7523 -24.6238 -23.0673 -21.8536 -21.1372 -20.996 -22.4252</float_array><technique_common><accessor source="#hpl_mixamorigwHips-rotx-array" count="38" stride="1" /></technique_common></source>
      <sampler id="hpl_mixamorigwHips-trans-sampler"><input semantic="INPUT" source="#hpl_mixamorigwHips-time" /><input semantic="OUTPUT" source="#hpl_mixamorigwHips-trans" /></sampler><channel source="#hpl_mixamorigwHips-trans-sampler" target="mixamorigwHips/translate" />
      <sampler id="hpl_mixamorigwHips-rotz-sampler"><input semantic="INPUT" source="#hpl_mixamorigwHips-time" /><input semantic="OUTPUT" source="#hpl_mixamorigwHips-rotz" /></sampler><channel source="#hpl_mixamorigwHips-rotz-sampler" target="mixamorigwHips/rotateZ.ANGLE" />
      <sampler id="hpl_mixamorigwHips-roty-sampler"><input semantic="INPUT" source="#hpl_mixamorigwHips-time" /><input semantic="OUTPUT" source="#hpl_mixamorigwHips-roty" /></sampler><channel source="#hpl_mixamorigwHips-roty-sampler" target="mixamorigwHips/rotateY.ANGLE" />
      <sampler id="hpl_mixamorigwHips-rotx-sampler"><input semantic="INPUT" source="#hpl_mixamorigwHips-time" /><input semantic="OUTPUT" source="#hpl_mixamorigwHips-rotx" /></sampler><channel source="#hpl_mixamorigwHips-rotx-sampler" target="mixamorigwHips/rotateX.ANGLE" />
    </animation>
    <animation id="hpl_mixamorigwLeftUpLeg">
      <source id="hpl_mixamorigwLeftUpLeg-time"><float_array id="hpl_mixamorigwLeftUpLeg-time-array" count="38">0 1 2 3 4 5 6 7 8 9 10 11 12 13 14 15 16 17 18 19 20 21 22 23 24 25 26 27 28 29 30 31 32 33 34 35 36 37</float_array><technique_common><accessor source="#hpl_mixamorigwLeftUpLeg-time-array" count="38" stride="1" /></technique_common></source>
      <source id="hpl_mixamorigwLeftUpLeg-trans"><float_array id="hpl_mixamorigwLeftUpLeg-trans-array" count="114">0.101084 -0.0783561 -0.036345 0.101084 -0.0783561 -0.036345 0.101084 -0.0783561 -0.036345 0.101084 -0.0783561 -0.036345 0.101084 -0.0783561 -0.036345 0.101084 -0.0783561 -0.036345 0.101084 -0.0783561 -0.036345 0.101084 -0.0783561 -0.036345 0.101084 -0.0783561 -0.036345 0.101084 -0.0783561 -0.036345 0.101084 -0.0783561 -0.036345 0.101084 -0.0783561 -0.036345 0.101084 -0.0783561 -0.036345 0.101084 -0.0783561 -0.036345 0.101084 -0.0783561 -0.036345 0.101084 -0.0783561 -0.036345 0.101084 -0.0783561 -0.036345 0.101084 -0.0783561 -0.036345 0.101084 -0.0783561 -0.036345 0.101084 -0.0783561 -0.036345 0.101084 -0.0783561 -0.036345 0.101084 -0.0783561 -0.036345 0.101084 -0.0783561 -0.036345 0.101084 -0.0783561 -0.036345 0.101084 -0.0783561 -0.036345 0.101084 -0.0783561 -0.036345 0.101084 -0.0783561 -0.036345 0.101084 -0.0783561 -0.036345 0.101084 -0.0783561 -0.036345 0.101084 -0.0783561 -0.036345 0.101084 -0.0783561 -0.036345 0.101084 -0.0783561 -0.036345 0.101084 -0.0783561 -0.036345 0.101084 -0.0783561 -0.036345 0.101084 -0.0783561 -0.036345 0.101084 -0.0783561 -0.036345 0.101084 -0.0783561 -0.036345 0.101084 -0.0783561 -0.036345</float_array><technique_common><accessor source="#hpl_mixamorigwLeftUpLeg-trans-array" count="38" stride="3" /></technique_common></source>
      <source id="hpl_mixamorigwLeftUpLeg-rotz"><float_array id="hpl_mixamorigwLeftUpLeg-rotz-array" count="38">35.4268 34.5729 33.4001 32.206 31.2383 30.5579 29.9641 29.1134 27.7096 25.7318 23.3958 21.0518 19.1298 18.3256 18.1392 18.2188 17.8187 17.6181 17.7129 18.1032 18.5515 18.9889 19.3696 19.8602 20.432 21.0754 21.7935 22.6566 23.5364 24.5606 25.7365 27.1895 29.2912 31.0985 32.0057 32.0466 31.8647 35.4268</float_array><technique_common><accessor source="#hpl_mixamorigwLeftUpLeg-rotz-array" count="38" stride="1" /></technique_common></source>
      <source id="hpl_mixamorigwLeftUpLeg-roty"><float_array id="hpl_mixamorigwLeftUpLeg-roty-array" count="38">30.6264 33.6527 36.5738 39.3783 41.8529 43.9429 45.4831 46.191 46.0529 45.201 43.8175 42.2255 40.8497 40.0787 39.5518 39.2813 38.913 38.2839 37.5504 36.8422 35.9685 34.9381 33.8929 32.9464 32.116 31.2647 30.4245 29.6013 28.8324 28.0117 27.0557 25.8735 24.931 23.6442 22.1228 21.2076 22.1271 30.6264</float_array><technique_common><accessor source="#hpl_mixamorigwLeftUpLeg-roty-array" count="38" stride="1" /></technique_common></source>
      <source id="hpl_mixamorigwLeftUpLeg-rotx"><float_array id="hpl_mixamorigwLeftUpLeg-rotx-array" count="38">-154.752 -154.253 -153.674 -152.655 -151.009 -148.642 -145.663 -142.605 -139.977 -138.068 -136.961 -136.591 -136.512 -136.336 -136.476 -137.072 -138.431 -139.345 -139.906 -140.389 -140.469 -140.767 -141.065 -141.782 -142.652 -143.79 -144.9 -146.174 -147.674 -149.41 -151.378 -153.137 -154.024 -154.563 -155.07 -156.002 -156.205 -154.752</float_array><technique_common><accessor source="#hpl_mixamorigwLeftUpLeg-rotx-array" count="38" stride="1" /></technique_common></source>
      <sampler id="hpl_mixamorigwLeftUpLeg-trans-sampler"><input semantic="INPUT" source="#hpl_mixamorigwLeftUpLeg-time" /><input semantic="OUTPUT" source="#hpl_mixamorigwLeftUpLeg-trans" /></sampler><channel source="#hpl_mixamorigwLeftUpLeg-trans-sampler" target="mixamorigwLeftUpLeg/translate" />
      <sampler id="hpl_mixamorigwLeftUpLeg-rotz-sampler"><input semantic="INPUT" source="#hpl_mixamorigwLeftUpLeg-time" /><input semantic="OUTPUT" source="#hpl_mixamorigwLeftUpLeg-rotz" /></sampler><channel source="#hpl_mixamorigwLeftUpLeg-rotz-sampler" target="mixamorigwLeftUpLeg/rotateZ.ANGLE" />
      <sampler id="hpl_mixamorigwLeftUpLeg-roty-sampler"><input semantic="INPUT" source="#hpl_mixamorigwLeftUpLeg-time" /><input semantic="OUTPUT" source="#hpl_mixamorigwLeftUpLeg-roty" /></sampler><channel source="#hpl_mixamorigwLeftUpLeg-roty-sampler" target="mixamorigwLeftUpLeg/rotateY.ANGLE" />
      <sampler id="hpl_mixamorigwLeftUpLeg-rotx-sampler"><input semantic="INPUT" source="#hpl_mixamorigwLeftUpLeg-time" /><input semantic="OUTPUT" source="#hpl_mixamorigwLeftUpLeg-rotx" /></sampler><channel source="#hpl_mixamorigwLeftUpLeg-rotx-sampler" target="mixamorigwLeftUpLeg/rotateX.ANGLE" />
    </animation>
    <animation id="hpl_mixamorigwLeftLeg">
      <source id="hpl_mixamorigwLeftLeg-time"><float_array id="hpl_mixamorigwLeftLeg-time-array" count="38">0 1 2 3 4 5 6 7 8 9 10 11 12 13 14 15 16 17 18 19 20 21 22 23 24 25 26 27 28 29 30 31 32 33 34 35 36 37</float_array><technique_common><accessor source="#hpl_mixamorigwLeftLeg-time-array" count="38" stride="1" /></technique_common></source>
      <source id="hpl_mixamorigwLeftLeg-trans"><float_array id="hpl_mixamorigwLeftLeg-trans-array" count="114">6.40674e-08 0.366933 1.23554e-07 6.40674e-08 0.366933 1.23554e-07 6.40674e-08 0.366933 1.23554e-07 6.40674e-08 0.366933 1.23554e-07 6.40674e-08 0.366933 1.23554e-07 6.40674e-08 0.366933 1.23554e-07 6.40674e-08 0.366933 1.23554e-07 6.40674e-08 0.366933 1.23554e-07 6.40674e-08 0.366933 1.23554e-07 6.40674e-08 0.366933 1.23554e-07 6.40674e-08 0.366933 1.23554e-07 6.40674e-08 0.366933 1.23554e-07 6.40674e-08 0.366933 1.23554e-07 6.40674e-08 0.366933 1.23554e-07 6.40674e-08 0.366933 1.23554e-07 6.40674e-08 0.366933 1.23554e-07 6.40674e-08 0.366933 1.23554e-07 6.40674e-08 0.366933 1.23554e-07 6.40674e-08 0.366933 1.23554e-07 6.40674e-08 0.366933 1.23554e-07 6.40674e-08 0.366933 1.23554e-07 6.40674e-08 0.366933 1.23554e-07 6.40674e-08 0.366933 1.23554e-07 6.40674e-08 0.366933 1.23554e-07 6.40674e-08 0.366933 1.23554e-07 6.40674e-08 0.366933 1.23554e-07 6.40674e-08 0.366933 1.23554e-07 6.40674e-08 0.366933 1.23554e-07 6.40674e-08 0.366933 1.23554e-07 6.40674e-08 0.366933 1.23554e-07 6.40674e-08 0.366933 1.23554e-07 6.40674e-08 0.366933 1.23554e-07 6.40674e-08 0.366933 1.23554e-07 6.40674e-08 0.366933 1.23554e-07 6.40674e-08 0.366933 1.23554e-07 6.40674e-08 0.366933 1.23554e-07 6.40674e-08 0.366933 1.23554e-07 6.40674e-08 0.366933 1.23554e-07</float_array><technique_common><accessor source="#hpl_mixamorigwLeftLeg-trans-array" count="38" stride="3" /></technique_common></source>
      <source id="hpl_mixamorigwLeftLeg-rotz"><float_array id="hpl_mixamorigwLeftLeg-rotz-array" count="38">-0.857514 -1.22418 -1.61002 -1.94475 -2.20344 -2.33131 -2.37097 -2.32964 -2.22786 -2.10682 -2.00974 -1.90187 -1.75111 -1.68005 -1.64804 -1.56994 -1.53052 -1.38433 -1.24032 -1.21425 -1.11148 -0.983279 -0.867768 -0.817864 -0.823232 -0.878298 -0.960343 -1.06811 -1.17953 -1.24722 -1.253 -1.21138 -1.01802 -0.792896 -0.733308 -0.888764 -0.930184 -0.857514</float_array><technique_common><accessor source="#hpl_mixamorigwLeftLeg-rotz-array" count="38" stride="1" /></technique_common></source>
      <source id="hpl_mixamorigwLeftLeg-roty"><float_array id="hpl_mixamorigwLeftLeg-roty-array" count="38">3.49505 3.57812 3.61141 3.57333 3.41607 3.20333 3.01896 2.83214 2.58137 2.31356 2.02961 1.73369 1.57571 1.61933 1.8114 1.9782 1.98631 1.88518 1.86759 1.93324 2.08251 2.24416 2.36712 2.5182 2.6764 2.81131 2.91233 3.02341 3.13772 3.28613 3.42061 3.4777 3.6122 3.55845 3.55611 3.42904 3.34003 3.49505</float_array><technique_common><accessor source="#hpl_mixamorigwLeftLeg-roty-array" count="38" stride="1" /></technique_common></source>
      <source id="hpl_mixamorigwLeftLeg-rotx"><float_array id="hpl_mixamorigwLeftLeg-rotx-array" count="38">19.6637 26.2619 32.7369 38.2339 42.3504 45.0269 46.3459 46.1008 44.5129 41.8699 38.4876 34.9937 31.6446 29.1147 27.2903 26.0221 25.0133 23.54 21.8237 20.0939 17.4277 15.2106 13.5284 13.2528 13.7145 14.7887 15.9355 17.4849 19.4268 21.6443 23.8429 24.5049 22.0542 17.7456 13.5851 11.9415 13.4112 19.6637</float_array><technique_common><accessor source="#hpl_mixamorigwLeftLeg-rotx-array" count="38" stride="1" /></technique_common></source>
      <sampler id="hpl_mixamorigwLeftLeg-trans-sampler"><input semantic="INPUT" source="#hpl_mixamorigwLeftLeg-time" /><input semantic="OUTPUT" source="#hpl_mixamorigwLeftLeg-trans" /></sampler><channel source="#hpl_mixamorigwLeftLeg-trans-sampler" target="mixamorigwLeftLeg/translate" />
      <sampler id="hpl_mixamorigwLeftLeg-rotz-sampler"><input semantic="INPUT" source="#hpl_mixamorigwLeftLeg-time" /><input semantic="OUTPUT" source="#hpl_mixamorigwLeftLeg-rotz" /></sampler><channel source="#hpl_mixamorigwLeftLeg-rotz-sampler" target="mixamorigwLeftLeg/rotateZ.ANGLE" />
      <sampler id="hpl_mixamorigwLeftLeg-roty-sampler"><input semantic="INPUT" source="#hpl_mixamorigwLeftLeg-time" /><input semantic="OUTPUT" source="#hpl_mixamorigwLeftLeg-roty" /></sampler><channel source="#hpl_mixamorigwLeftLeg-roty-sampler" target="mixamorigwLeftLeg/rotateY.ANGLE" />
      <sampler id="hpl_mixamorigwLeftLeg-rotx-sampler"><input semantic="INPUT" source="#hpl_mixamorigwLeftLeg-time" /><input semantic="OUTPUT" source="#hpl_mixamorigwLeftLeg-rotx" /></sampler><channel source="#hpl_mixamorigwLeftLeg-rotx-sampler" target="mixamorigwLeftLeg/rotateX.ANGLE" />
    </animation>
    <animation id="hpl_mixamorigwLeftFoot">
      <source id="hpl_mixamorigwLeftFoot-time"><float_array id="hpl_mixamorigwLeftFoot-time-array" count="38">0 1 2 3 4 5 6 7 8 9 10 11 12 13 14 15 16 17 18 19 20 21 22 23 24 25 26 27 28 29 30 31 32 33 34 35 36 37</float_array><technique_common><accessor source="#hpl_mixamorigwLeftFoot-time-array" count="38" stride="1" /></technique_common></source>
      <source id="hpl_mixamorigwLeftFoot-trans"><float_array id="hpl_mixamorigwLeftFoot-trans-array" count="114">-2.69963e-07 0.370117 9.45187e-08 -2.69963e-07 0.370117 9.45187e-08 -2.69963e-07 0.370117 9.45187e-08 -2.69963e-07 0.370117 9.45187e-08 -2.69963e-07 0.370117 9.45187e-08 -2.69963e-07 0.370117 9.45187e-08 -2.69963e-07 0.370117 9.45187e-08 -2.69963e-07 0.370117 9.45187e-08 -2.69963e-07 0.370117 9.45187e-08 -2.69963e-07 0.370117 9.45187e-08 -2.69963e-07 0.370117 9.45187e-08 -2.69963e-07 0.370117 9.45187e-08 -2.69963e-07 0.370117 9.45187e-08 -2.69963e-07 0.370117 9.45187e-08 -2.69963e-07 0.370117 9.45187e-08 -2.69963e-07 0.370117 9.45187e-08 -2.69963e-07 0.370117 9.45187e-08 -2.69963e-07 0.370117 9.45187e-08 -2.69963e-07 0.370117 9.45187e-08 -2.69963e-07 0.370117 9.45187e-08 -2.69963e-07 0.370117 9.45187e-08 -2.69963e-07 0.370117 9.45187e-08 -2.69963e-07 0.370117 9.45187e-08 -2.69963e-07 0.370117 9.45187e-08 -2.69963e-07 0.370117 9.45187e-08 -2.69963e-07 0.370117 9.45187e-08 -2.69963e-07 0.370117 9.45187e-08 -2.69963e-07 0.370117 9.45187e-08 -2.69963e-07 0.370117 9.45187e-08 -2.69963e-07 0.370117 9.45187e-08 -2.69963e-07 0.370117 9.45187e-08 -2.69963e-07 0.370117 9.45187e-08 -2.69963e-07 0.370117 9.45187e-08 -2.69963e-07 0.370117 9.45187e-08 -2.69963e-07 0.370117 9.45187e-08 -2.69963e-07 0.370117 9.45187e-08 -2.69963e-07 0.370117 9.45187e-08 -2.69963e-07 0.370117 9.45187e-08</float_array><technique_common><accessor source="#hpl_mixamorigwLeftFoot-trans-array" count="38" stride="3" /></technique_common></source>
      <source id="hpl_mixamorigwLeftFoot-rotz"><float_array id="hpl_mixamorigwLeftFoot-rotz-array" count="38">11.9068 11.1602 10.708 10.878 11.9023 13.8334 16.707 20.2495 23.3348 24.7447 22.9097 16.2047 4.75465 -3.10313 -4.82555 -3.84421 -2.26145 -0.378099 1.19179 2.00325 2.48522 2.88207 3.34094 4.11852 5.14329 6.41015 7.76785 9.31814 10.9326 12.6246 14.2989 15.4462 16.0084 15.3877 12.924 8.3348 7.29286 11.9068</float_array><technique_common><accessor source="#hpl_mixamorigwLeftFoot-rotz-array" count="38" stride="1" /></technique_common></source>
      <source id="hpl_mixamorigwLeftFoot-roty"><float_array id="hpl_mixamorigwLeftFoot-roty-array" count="38">-17.3979 -17.926 -18.3387 -17.8735 -15.9955 -12.3664 -6.76089 -0.418496 4.8995 8.40559 9.51832 7.78472 3.52921 -0.392095 -2.06967 -2.89453 -3.88491 -4.77011 -5.41272 -6.0431 -7.28359 -8.86336 -10.2442 -11.1958 -11.9214 -12.6091 -13.2245 -13.6151 -13.8088 -13.9579 -14.2318 -14.6337 -15.8404 -18.0686 -20.3443 -21.2463 -20.6368 -17.3979</float_array><technique_common><accessor source="#hpl_mixamorigwLeftFoot-roty-array" count="38" stride="1" /></technique_common></source>
      <source id="hpl_mixamorigwLeftFoot-rotx"><float_array id="hpl_mixamorigwLeftFoot-rotx-array" count="38">-54.4847 -57.7691 -60.4659 -62.4845 -63.6593 -63.4366 -61.2681 -57.1542 -52.1408 -48.0578 -46.5102 -48.8531 -54.7278 -61.3174 -67.118 -71.4838 -75.0482 -77.1866 -77.6044 -76.095 -73.8676 -71.8159 -70.3792 -69.5594 -69.046 -68.7244 -68.3984 -68.2623 -68.4082 -68.4654 -68.3677 -67.0589 -63.5756 -58.1125 -52.9572 -51.137 -53.1636 -54.4847</float_array><technique_common><accessor source="#hpl_mixamorigwLeftFoot-rotx-array" count="38" stride="1" /></technique_common></source>
      <sampler id="hpl_mixamorigwLeftFoot-trans-sampler"><input semantic="INPUT" source="#hpl_mixamorigwLeftFoot-time" /><input semantic="OUTPUT" source="#hpl_mixamorigwLeftFoot-trans" /></sampler><channel source="#hpl_mixamorigwLeftFoot-trans-sampler" target="mixamorigwLeftFoot/translate" />
      <sampler id="hpl_mixamorigwLeftFoot-rotz-sampler"><input semantic="INPUT" source="#hpl_mixamorigwLeftFoot-time" /><input semantic="OUTPUT" source="#hpl_mixamorigwLeftFoot-rotz" /></sampler><channel source="#hpl_mixamorigwLeftFoot-rotz-sampler" target="mixamorigwLeftFoot/rotateZ.ANGLE" />
      <sampler id="hpl_mixamorigwLeftFoot-roty-sampler"><input semantic="INPUT" source="#hpl_mixamorigwLeftFoot-time" /><input semantic="OUTPUT" source="#hpl_mixamorigwLeftFoot-roty" /></sampler><channel source="#hpl_mixamorigwLeftFoot-roty-sampler" target="mixamorigwLeftFoot/rotateY.ANGLE" />
      <sampler id="hpl_mixamorigwLeftFoot-rotx-sampler"><input semantic="INPUT" source="#hpl_mixamorigwLeftFoot-time" /><input semantic="OUTPUT" source="#hpl_mixamorigwLeftFoot-rotx" /></sampler><channel source="#hpl_mixamorigwLeftFoot-rotx-sampler" target="mixamorigwLeftFoot/rotateX.ANGLE" />
    </animation>
    <animation id="hpl_mixamorigwLeftToeBase">
      <source id="hpl_mixamorigwLeftToeBase-time"><float_array id="hpl_mixamorigwLeftToeBase-time-array" count="38">0 1 2 3 4 5 6 7 8 9 10 11 12 13 14 15 16 17 18 19 20 21 22 23 24 25 26 27 28 29 30 31 32 33 34 35 36 37</float_array><technique_common><accessor source="#hpl_mixamorigwLeftToeBase-time-array" count="38" stride="1" /></technique_common></source>
      <source id="hpl_mixamorigwLeftToeBase-trans"><float_array id="hpl_mixamorigwLeftToeBase-trans-array" count="114">-1.43007e-07 0.174434 8.64634e-08 -1.43007e-07 0.174434 8.64634e-08 -1.43007e-07 0.174434 8.64634e-08 -1.43007e-07 0.174434 8.64634e-08 -1.43007e-07 0.174434 8.64634e-08 -1.43007e-07 0.174434 8.64634e-08 -1.43007e-07 0.174434 8.64634e-08 -1.43007e-07 0.174434 8.64634e-08 -1.43007e-07 0.174434 8.64634e-08 -1.43007e-07 0.174434 8.64634e-08 -1.43007e-07 0.174434 8.64634e-08 -1.43007e-07 0.174434 8.64634e-08 -1.43007e-07 0.174434 8.64634e-08 -1.43007e-07 0.174434 8.64634e-08 -1.43007e-07 0.174434 8.64634e-08 -1.43007e-07 0.174434 8.64634e-08 -1.43007e-07 0.174434 8.64634e-08 -1.43007e-07 0.174434 8.64634e-08 -1.43007e-07 0.174434 8.64634e-08 -1.43007e-07 0.174434 8.64634e-08 -1.43007e-07 0.174434 8.64634e-08 -1.43007e-07 0.174434 8.64634e-08 -1.43007e-07 0.174434 8.64634e-08 -1.43007e-07 0.174434 8.64634e-08 -1.43007e-07 0.174434 8.64634e-08 -1.43007e-07 0.174434 8.64634e-08 -1.43007e-07 0.174434 8.64634e-08 -1.43007e-07 0.174434 8.64634e-08 -1.43007e-07 0.174434 8.64634e-08 -1.43007e-07 0.174434 8.64634e-08 -1.43007e-07 0.174434 8.64634e-08 -1.43007e-07 0.174434 8.64634e-08 -1.43007e-07 0.174434 8.64634e-08 -1.43007e-07 0.174434 8.64634e-08 -1.43007e-07 0.174434 8.64634e-08 -1.43007e-07 0.174434 8.64634e-08 -1.43007e-07 0.174434 8.64634e-08 -1.43007e-07 0.174434 8.64634e-08</float_array><technique_common><accessor source="#hpl_mixamorigwLeftToeBase-trans-array" count="38" stride="3" /></technique_common></source>
      <source id="hpl_mixamorigwLeftToeBase-rotz"><float_array id="hpl_mixamorigwLeftToeBase-rotz-array" count="38">0.564801 0.581991 0.593713 0.59893 0.614753 0.593637 0.535217 0.469841 0.425312 0.475675 0.580912 0.793337 1.14591 1.25077 1.08101 0.98064 0.833938 0.690752 0.590837 0.565082 0.574815 0.595107 0.627963 0.577018 0.522955 0.47347 0.478593 0.482973 0.513101 0.495377 0.471162 0.428453 0.398047 0.397322 0.48582 0.513988 0.505841 0.564801</float_array><technique_common><accessor source="#hpl_mixamorigwLeftToeBase-rotz-array" count="38" stride="1" /></technique_common></source>
      <source id="hpl_mixamorigwLeftToeBase-roty"><float_array id="hpl_mixamorigwLeftToeBase-roty-array" count="38">0.613805 0.631397 0.62268 0.582138 0.542677 0.461942 0.337788 0.209196 0.0375115 -0.0672677 -0.123381 -0.216163 -0.447562 -0.411982 -0.17002 0.0934388 0.350994 0.444694 0.388786 0.418444 0.49058 0.546796 0.591098 0.55286 0.508329 0.464844 0.46163 0.456386 0.480589 0.488698 0.518127 0.55692 0.578413 0.630998 0.616365 0.601143 0.606514 0.613805</float_array><technique_common><accessor source="#hpl_mixamorigwLeftToeBase-roty-array" count="38" stride="1" /></technique_common></source>
      <source id="hpl_mixamorigwLeftToeBase-rotx"><float_array id="hpl_mixamorigwLeftToeBase-rotx-array" count="38">-41.3587 -41.5335 -41.7812 -42.1216 -42.6016 -43.1322 -43.62 -43.941 -43.9975 -44.1725 -45.4761 -49.8546 -56.3206 -57.2377 -53.5155 -50.458 -46.5224 -43.9283 -42.8664 -42.143 -41.632 -41.34 -41.1534 -40.9352 -40.7368 -40.5965 -40.5657 -40.5768 -40.5426 -40.3786 -40.0753 -39.7421 -39.8288 -40.0797 -40.8032 -41.0012 -41.1157 -41.3587</float_array><technique_common><accessor source="#hpl_mixamorigwLeftToeBase-rotx-array" count="38" stride="1" /></technique_common></source>
      <sampler id="hpl_mixamorigwLeftToeBase-trans-sampler"><input semantic="INPUT" source="#hpl_mixamorigwLeftToeBase-time" /><input semantic="OUTPUT" source="#hpl_mixamorigwLeftToeBase-trans" /></sampler><channel source="#hpl_mixamorigwLeftToeBase-trans-sampler" target="mixamorigwLeftToeBase/translate" />
      <sampler id="hpl_mixamorigwLeftToeBase-rotz-sampler"><input semantic="INPUT" source="#hpl_mixamorigwLeftToeBase-time" /><input semantic="OUTPUT" source="#hpl_mixamorigwLeftToeBase-rotz" /></sampler><channel source="#hpl_mixamorigwLeftToeBase-rotz-sampler" target="mixamorigwLeftToeBase/rotateZ.ANGLE" />
      <sampler id="hpl_mixamorigwLeftToeBase-roty-sampler"><input semantic="INPUT" source="#hpl_mixamorigwLeftToeBase-time" /><input semantic="OUTPUT" source="#hpl_mixamorigwLeftToeBase-roty" /></sampler><channel source="#hpl_mixamorigwLeftToeBase-roty-sampler" target="mixamorigwLeftToeBase/rotateY.ANGLE" />
      <sampler id="hpl_mixamorigwLeftToeBase-rotx-sampler"><input semantic="INPUT" source="#hpl_mixamorigwLeftToeBase-time" /><input semantic="OUTPUT" source="#hpl_mixamorigwLeftToeBase-rotx" /></sampler><channel source="#hpl_mixamorigwLeftToeBase-rotx-sampler" target="mixamorigwLeftToeBase/rotateX.ANGLE" />
    </animation>
    <animation id="hpl_mixamorigwRightUpLeg">
      <source id="hpl_mixamorigwRightUpLeg-time"><float_array id="hpl_mixamorigwRightUpLeg-time-array" count="38">0 1 2 3 4 5 6 7 8 9 10 11 12 13 14 15 16 17 18 19 20 21 22 23 24 25 26 27 28 29 30 31 32 33 34 35 36 37</float_array><technique_common><accessor source="#hpl_mixamorigwRightUpLeg-time-array" count="38" stride="1" /></technique_common></source>
      <source id="hpl_mixamorigwRightUpLeg-trans"><float_array id="hpl_mixamorigwRightUpLeg-trans-array" count="114">-0.0945823 -0.0921287 -0.0283666 -0.0945823 -0.0921287 -0.0283666 -0.0945823 -0.0921287 -0.0283666 -0.0945823 -0.0921287 -0.0283666 -0.0945823 -0.0921287 -0.0283666 -0.0945823 -0.0921287 -0.0283666 -0.0945823 -0.0921287 -0.0283666 -0.0945823 -0.0921287 -0.0283666 -0.0945823 -0.0921287 -0.0283666 -0.0945823 -0.0921287 -0.0283666 -0.0945823 -0.0921287 -0.0283666 -0.0945823 -0.0921287 -0.0283666 -0.0945823 -0.0921287 -0.0283666 -0.0945823 -0.0921287 -0.0283666 -0.0945823 -0.0921287 -0.0283666 -0.0945823 -0.0921287 -0.0283666 -0.0945823 -0.0921287 -0.0283666 -0.0945823 -0.0921287 -0.0283666 -0.0945823 -0.0921287 -0.0283666 -0.0945823 -0.0921287 -0.0283666 -0.0945823 -0.0921287 -0.0283666 -0.0945823 -0.0921287 -0.0283666 -0.0945823 -0.0921287 -0.0283666 -0.0945823 -0.0921287 -0.0283666 -0.0945823 -0.0921287 -0.0283666 -0.0945823 -0.0921287 -0.0283666 -0.0945823 -0.0921287 -0.0283666 -0.0945823 -0.0921287 -0.0283666 -0.0945823 -0.0921287 -0.0283666 -0.0945823 -0.0921287 -0.0283666 -0.0945823 -0.0921287 -0.0283666 -0.0945823 -0.0921287 -0.0283666 -0.0945823 -0.0921287 -0.0283666 -0.0945823 -0.0921287 -0.0283666 -0.0945823 -0.0921287 -0.0283666 -0.0945823 -0.0921287 -0.0283666 -0.0945823 -0.0921287 -0.0283666 -0.0945823 -0.0921287 -0.0283666</float_array><technique_common><accessor source="#hpl_mixamorigwRightUpLeg-trans-array" count="38" stride="3" /></technique_common></source>
      <source id="hpl_mixamorigwRightUpLeg-rotz"><float_array id="hpl_mixamorigwRightUpLeg-rotz-array" count="38">-8.33927 -6.92328 -5.60218 -4.04001 -2.32108 -0.221263 1.9561 4.2132 6.37812 8.56828 10.6008 12.5829 14.8889 17.3301 19.541 20.7706 20.5157 18.526 15.8238 12.7293 8.98631 4.57373 -0.297266 -5.36247 -10.2822 -14.7574 -18.7457 -22.1295 -24.618 -26.1285 -26.3767 -24.7169 -21.0339 -16.8821 -13.3899 -10.5988 -8.46568 -8.33927</float_array><technique_common><accessor source="#hpl_mixamorigwRightUpLeg-rotz-array" count="38" stride="1" /></technique_common></source>
      <source id="hpl_mixamorigwRightUpLeg-roty"><float_array id="hpl_mixamorigwRightUpLeg-roty-array" count="38">-23.7664 -24.1965 -24.5968 -25.02 -25.2883 -25.3945 -25.2134 -24.8477 -24.381 -24.0336 -23.8828 -23.8435 -23.7625 -23.7619 -24.4255 -25.701 -26.9186 -27.2729 -27.5581 -29.0039 -30.9524 -32.5873 -33.4893 -33.393 -32.3649 -30.6081 -28.3905 -25.6855 -22.6669 -19.4032 -17.223 -17.8047 -19.0692 -20.4353 -21.7784 -23.0322 -23.9076 -23.7664</float_array><technique_common><accessor source="#hpl_mixamorigwRightUpLeg-roty-array" count="38" stride="1" /></technique_common></source>
      <source id="hpl_mixamorigwRightUpLeg-rotx"><float_array id="hpl_mixamorigwRightUpLeg-rotx-array" count="38">-173.588 -172.817 -172.184 -172.016 -172.199 -172.764 -173.474 -174.039 -174.437 -174.4 -174.029 -173.43 -173.385 -173.847 -174.771 -177.029 -179.743 -181.748 -182.421 -182.646 -182.231 -181.187 -179.87 -178.48 -177.045 -175.612 -174.132 -172.473 -170.75 -168.874 -167.302 -166.913 -168.484 -171.495 -173.944 -175.513 -175.853 -173.588</float_array><technique_common><accessor source="#hpl_mixamorigwRightUpLeg-rotx-array" count="38" stride="1" /></technique_common></source>
      <sampler id="hpl_mixamorigwRightUpLeg-trans-sampler"><input semantic="INPUT" source="#hpl_mixamorigwRightUpLeg-time" /><input semantic="OUTPUT" source="#hpl_mixamorigwRightUpLeg-trans" /></sampler><channel source="#hpl_mixamorigwRightUpLeg-trans-sampler" target="mixamorigwRightUpLeg/translate" />
      <sampler id="hpl_mixamorigwRightUpLeg-rotz-sampler"><input semantic="INPUT" source="#hpl_mixamorigwRightUpLeg-time" /><input semantic="OUTPUT" source="#hpl_mixamorigwRightUpLeg-rotz" /></sampler><channel source="#hpl_mixamorigwRightUpLeg-rotz-sampler" target="mixamorigwRightUpLeg/rotateZ.ANGLE" />
      <sampler id="hpl_mixamorigwRightUpLeg-roty-sampler"><input semantic="INPUT" source="#hpl_mixamorigwRightUpLeg-time" /><input semantic="OUTPUT" source="#hpl_mixamorigwRightUpLeg-roty" /></sampler><channel source="#hpl_mixamorigwRightUpLeg-roty-sampler" target="mixamorigwRightUpLeg/rotateY.ANGLE" />
      <sampler id="hpl_mixamorigwRightUpLeg-rotx-sampler"><input semantic="INPUT" source="#hpl_mixamorigwRightUpLeg-time" /><input semantic="OUTPUT" source="#hpl_mixamorigwRightUpLeg-rotx" /></sampler><channel source="#hpl_mixamorigwRightUpLeg-rotx-sampler" target="mixamorigwRightUpLeg/rotateX.ANGLE" />
    </animation>
    <animation id="hpl_mixamorigwRightLeg">
      <source id="hpl_mixamorigwRightLeg-time"><float_array id="hpl_mixamorigwRightLeg-time-array" count="38">0 1 2 3 4 5 6 7 8 9 10 11 12 13 14 15 16 17 18 19 20 21 22 23 24 25 26 27 28 29 30 31 32 33 34 35 36 37</float_array><technique_common><accessor source="#hpl_mixamorigwRightLeg-time-array" count="38" stride="1" /></technique_common></source>
      <source id="hpl_mixamorigwRightLeg-trans"><float_array id="hpl_mixamorigwRightLeg-trans-array" count="114">-4.47169e-08 0.367192 2.558e-07 -4.47169e-08 0.367192 2.558e-07 -4.47169e-08 0.367192 2.558e-07 -4.47169e-08 0.367192 2.558e-07 -4.47169e-08 0.367192 2.558e-07 -4.47169e-08 0.367192 2.558e-07 -4.47169e-08 0.367192 2.558e-07 -4.47169e-08 0.367192 2.558e-07 -4.47169e-08 0.367192 2.558e-07 -4.47169e-08 0.367192 2.558e-07 -4.47169e-08 0.367192 2.558e-07 -4.47169e-08 0.367192 2.558e-07 -4.47169e-08 0.367192 2.558e-07 -4.47169e-08 0.367192 2.558e-07 -4.47169e-08 0.367192 2.558e-07 -4.47169e-08 0.367192 2.558e-07 -4.47169e-08 0.367192 2.558e-07 -4.47169e-08 0.367192 2.558e-07 -4.47169e-08 0.367192 2.558e-07 -4.47169e-08 0.367192 2.558e-07 -4.47169e-08 0.367192 2.558e-07 -4.47169e-08 0.367192 2.558e-07 -4.47169e-08 0.367192 2.558e-07 -4.47169e-08 0.367192 2.558e-07 -4.47169e-08 0.367192 2.558e-07 -4.47169e-08 0.367192 2.558e-07 -4.47169e-08 0.367192 2.558e-07 -4.47169e-08 0.367192 2.558e-07 -4.47169e-08 0.367192 2.558e-07 -4.47169e-08 0.367192 2.558e-07 -4.47169e-08 0.367192 2.558e-07 -4.47169e-08 0.367192 2.558e-07 -4.47169e-08 0.367192 2.558e-07 -4.47169e-08 0.367192 2.558e-07 -4.47169e-08 0.367192 2.558e-07 -4.47169e-08 0.367192 2.558e-07 -4.47169e-08 0.367192 2.558e-07 -4.47169e-08 0.367192 2.558e-07</float_array><technique_common><accessor source="#hpl_mixamorigwRightLeg-trans-array" count="38" stride="3" /></technique_common></source>
      <source id="hpl_mixamorigwRightLeg-rotz"><float_array id="hpl_mixamorigwRightLeg-rotz-array" count="38">1.28542 1.22717 1.16804 1.13879 1.15677 1.20928 1.28189 1.35254 1.39671 1.38331 1.32323 1.22837 1.15848 1.11045 1.13507 1.29284 1.3601 1.25665 1.17875 1.31152 1.57311 1.79641 1.94422 2.00768 1.99523 1.87839 1.66866 1.38506 1.08626 0.875048 0.743981 0.737481 0.853134 1.08231 1.13699 1.24508 1.34337 1.28542</float_array><technique_common><accessor source="#hpl_mixamorigwRightLeg-rotz-array" count="38" stride="1" /></technique_common></source>
      <source id="hpl_mixamorigwRightLeg-roty"><float_array id="hpl_mixamorigwRightLeg-roty-array" count="38">-3.44656 -3.34302 -3.26743 -3.2219 -3.14469 -3.04555 -2.92818 -2.78814 -2.63434 -2.45058 -2.19251 -1.83908 -1.5539 -1.26969 -0.951545 -0.602962 -0.633194 -1.31021 -2.01053 -2.36222 -2.48523 -2.64761 -2.84669 -3.08737 -3.32031 -3.5197 -3.70069 -3.91081 -4.1815 -4.44029 -4.5936 -4.13428 -3.81158 -3.72626 -3.64808 -3.52936 -3.45198 -3.44656</float_array><technique_common><accessor source="#hpl_mixamorigwRightLeg-roty-array" count="38" stride="1" /></technique_common></source>
      <source id="hpl_mixamorigwRightLeg-rotx"><float_array id="hpl_mixamorigwRightLeg-rotx-array" count="38">29.1516 27.5789 26.2387 25.5694 25.4657 25.7525 26.2558 26.3772 26.0957 24.7785 22.653 19.9004 17.7655 16.4076 15.9128 18.2142 22.328 26.5327 29.2753 31.9812 34.2302 35.7453 36.9064 37.8655 38.1783 37.5649 35.7906 32.8498 29.0633 24.7669 21.7092 21.3367 22.8301 26.0569 28.7162 30.5229 30.8139 29.1516</float_array><technique_common><accessor source="#hpl_mixamorigwRightLeg-rotx-array" count="38" stride="1" /></technique_common></source>
      <sampler id="hpl_mixamorigwRightLeg-trans-sampler"><input semantic="INPUT" source="#hpl_mixamorigwRightLeg-time" /><input semantic="OUTPUT" source="#hpl_mixamorigwRightLeg-trans" /></sampler><channel source="#hpl_mixamorigwRightLeg-trans-sampler" target="mixamorigwRightLeg/translate" />
      <sampler id="hpl_mixamorigwRightLeg-rotz-sampler"><input semantic="INPUT" source="#hpl_mixamorigwRightLeg-time" /><input semantic="OUTPUT" source="#hpl_mixamorigwRightLeg-rotz" /></sampler><channel source="#hpl_mixamorigwRightLeg-rotz-sampler" target="mixamorigwRightLeg/rotateZ.ANGLE" />
      <sampler id="hpl_mixamorigwRightLeg-roty-sampler"><input semantic="INPUT" source="#hpl_mixamorigwRightLeg-time" /><input semantic="OUTPUT" source="#hpl_mixamorigwRightLeg-roty" /></sampler><channel source="#hpl_mixamorigwRightLeg-roty-sampler" target="mixamorigwRightLeg/rotateY.ANGLE" />
      <sampler id="hpl_mixamorigwRightLeg-rotx-sampler"><input semantic="INPUT" source="#hpl_mixamorigwRightLeg-time" /><input semantic="OUTPUT" source="#hpl_mixamorigwRightLeg-rotx" /></sampler><channel source="#hpl_mixamorigwRightLeg-rotx-sampler" target="mixamorigwRightLeg/rotateX.ANGLE" />
    </animation>
    <animation id="hpl_mixamorigwRightFoot">
      <source id="hpl_mixamorigwRightFoot-time"><float_array id="hpl_mixamorigwRightFoot-time-array" count="38">0 1 2 3 4 5 6 7 8 9 10 11 12 13 14 15 16 17 18 19 20 21 22 23 24 25 26 27 28 29 30 31 32 33 34 35 36 37</float_array><technique_common><accessor source="#hpl_mixamorigwRightFoot-time-array" count="38" stride="1" /></technique_common></source>
      <source id="hpl_mixamorigwRightFoot-trans"><float_array id="hpl_mixamorigwRightFoot-trans-array" count="114">-6.19872e-08 0.373775 2.85636e-07 -6.19872e-08 0.373775 2.85636e-07 -6.19872e-08 0.373775 2.85636e-07 -6.19872e-08 0.373775 2.85636e-07 -6.19872e-08 0.373775 2.85636e-07 -6.19872e-08 0.373775 2.85636e-07 -6.19872e-08 0.373775 2.85636e-07 -6.19872e-08 0.373775 2.85636e-07 -6.19872e-08 0.373775 2.85636e-07 -6.19872e-08 0.373775 2.85636e-07 -6.19872e-08 0.373775 2.85636e-07 -6.19872e-08 0.373775 2.85636e-07 -6.19872e-08 0.373775 2.85636e-07 -6.19872e-08 0.373775 2.85636e-07 -6.19872e-08 0.373775 2.85636e-07 -6.19872e-08 0.373775 2.85636e-07 -6.19872e-08 0.373775 2.85636e-07 -6.19872e-08 0.373775 2.85636e-07 -6.19872e-08 0.373775 2.85636e-07 -6.19872e-08 0.373775 2.85636e-07 -6.19872e-08 0.373775 2.85636e-07 -6.19872e-08 0.373775 2.85636e-07 -6.19872e-08 0.373775 2.85636e-07 -6.19872e-08 0.373775 2.85636e-07 -6.19872e-08 0.373775 2.85636e-07 -6.19872e-08 0.373775 2.85636e-07 -6.19872e-08 0.373775 2.85636e-07 -6.19872e-08 0.373775 2.85636e-07 -6.19872e-08 0.373775 2.85636e-07 -6.19872e-08 0.373775 2.85636e-07 -6.19872e-08 0.373775 2.85636e-07 -6.19872e-08 0.373775 2.85636e-07 -6.19872e-08 0.373775 2.85636e-07 -6.19872e-08 0.373775 2.85636e-07 -6.19872e-08 0.373775 2.85636e-07 -6.19872e-08 0.373775 2.85636e-07 -6.19872e-08 0.373775 2.85636e-07 -6.19872e-08 0.373775 2.85636e-07</float_array><technique_common><accessor source="#hpl_mixamorigwRightFoot-trans-array" count="38" stride="3" /></technique_common></source>
      <source id="hpl_mixamorigwRightFoot-rotz"><float_array id="hpl_mixamorigwRightFoot-rotz-array" count="38">-4.85983 -3.61637 -2.56893 -1.43259 -0.320975 1.03058 2.39887 3.98509 5.64883 7.75089 10.2117 12.9045 15.2616 17.0755 17.6884 14.8008 5.37733 -13.5268 -25.9871 -26.1731 -22.1289 -17.5633 -13.8933 -11.1104 -8.99617 -7.45476 -5.93014 -4.61949 -5.39952 -11.0753 -18.7985 -19.2672 -15.4799 -12.4367 -10.1185 -7.96249 -5.98285 -4.85983</float_array><technique_common><accessor source="#hpl_mixamorigwRightFoot-rotz-array" count="38" stride="1" /></technique_common></source>
      <source id="hpl_mixamorigwRightFoot-roty"><float_array id="hpl_mixamorigwRightFoot-roty-array" count="38">3.315 4.37424 5.57671 6.98271 8.54011 10.3776 12.4233 14.4413 16.2448 17.8202 18.9956 19.572 19.8218 18.8915 16.43 11.748 5.83656 -1.53921 -5.78447 -5.16069 -0.957802 3.84629 7.24441 9.45611 10.9786 11.8742 11.9987 11.1422 8.89803 5.06707 1.49036 0.0607124 0.941068 2.00778 2.59606 3.06652 3.73816 3.315</float_array><technique_common><accessor source="#hpl_mixamorigwRightFoot-roty-array" count="38" stride="1" /></technique_common></source>
      <source id="hpl_mixamorigwRightFoot-rotx"><float_array id="hpl_mixamorigwRightFoot-rotx-array" count="38">-61.6685 -61.3399 -61.1096 -61.1551 -61.4645 -61.8469 -62.2545 -62.3291 -62.0357 -61.0702 -59.5361 -57.5211 -54.796 -51.96 -48.1711 -44.7747 -41.6862 -36.6197 -35.2397 -39.5563 -45.5987 -50.4484 -53.2459 -54.553 -54.6277 -53.674 -51.5423 -48.4513 -45.1149 -42.621 -43.1044 -48.8102 -54.2675 -56.8814 -59.0991 -60.8908 -61.8785 -61.6685</float_array><technique_common><accessor source="#hpl_mixamorigwRightFoot-rotx-array" count="38" stride="1" /></technique_common></source>
      <sampler id="hpl_mixamorigwRightFoot-trans-sampler"><input semantic="INPUT" source="#hpl_mixamorigwRightFoot-time" /><input semantic="OUTPUT" source="#hpl_mixamorigwRightFoot-trans" /></sampler><channel source="#hpl_mixamorigwRightFoot-trans-sampler" target="mixamorigwRightFoot/translate" />
      <sampler id="hpl_mixamorigwRightFoot-rotz-sampler"><input semantic="INPUT" source="#hpl_mixamorigwRightFoot-time" /><input semantic="OUTPUT" source="#hpl_mixamorigwRightFoot-rotz" /></sampler><channel source="#hpl_mixamorigwRightFoot-rotz-sampler" target="mixamorigwRightFoot/rotateZ.ANGLE" />
      <sampler id="hpl_mixamorigwRightFoot-roty-sampler"><input semantic="INPUT" source="#hpl_mixamorigwRightFoot-time" /><input semantic="OUTPUT" source="#hpl_mixamorigwRightFoot-roty" /></sampler><channel source="#hpl_mixamorigwRightFoot-roty-sampler" target="mixamorigwRightFoot/rotateY.ANGLE" />
      <sampler id="hpl_mixamorigwRightFoot-rotx-sampler"><input semantic="INPUT" source="#hpl_mixamorigwRightFoot-time" /><input semantic="OUTPUT" source="#hpl_mixamorigwRightFoot-rotx" /></sampler><channel source="#hpl_mixamorigwRightFoot-rotx-sampler" target="mixamorigwRightFoot/rotateX.ANGLE" />
    </animation>
    <animation id="hpl_mixamorigwRightToeBase">
      <source id="hpl_mixamorigwRightToeBase-time"><float_array id="hpl_mixamorigwRightToeBase-time-array" count="38">0 1 2 3 4 5 6 7 8 9 10 11 12 13 14 15 16 17 18 19 20 21 22 23 24 25 26 27 28 29 30 31 32 33 34 35 36 37</float_array><technique_common><accessor source="#hpl_mixamorigwRightToeBase-time-array" count="38" stride="1" /></technique_common></source>
      <source id="hpl_mixamorigwRightToeBase-trans"><float_array id="hpl_mixamorigwRightToeBase-trans-array" count="114">-5.09662e-07 0.17257 -7.34606e-07 -5.09662e-07 0.17257 -7.34606e-07 -5.09662e-07 0.17257 -7.34606e-07 -5.09662e-07 0.17257 -7.34606e-07 -5.09662e-07 0.17257 -7.34606e-07 -5.09662e-07 0.17257 -7.34606e-07 -5.09662e-07 0.17257 -7.34606e-07 -5.09662e-07 0.17257 -7.34606e-07 -5.09662e-07 0.17257 -7.34606e-07 -5.09662e-07 0.17257 -7.34606e-07 -5.09662e-07 0.17257 -7.34606e-07 -5.09662e-07 0.17257 -7.34606e-07 -5.09662e-07 0.17257 -7.34606e-07 -5.09662e-07 0.17257 -7.34606e-07 -5.09662e-07 0.17257 -7.34606e-07 -5.09662e-07 0.17257 -7.34606e-07 -5.09662e-07 0.17257 -7.34606e-07 -5.09662e-07 0.17257 -7.34606e-07 -5.09662e-07 0.17257 -7.34606e-07 -5.09662e-07 0.17257 -7.34606e-07 -5.09662e-07 0.17257 -7.34606e-07 -5.09662e-07 0.17257 -7.34606e-07 -5.09662e-07 0.17257 -7.34606e-07 -5.09662e-07 0.17257 -7.34606e-07 -5.09662e-07 0.17257 -7.34606e-07 -5.09662e-07 0.17257 -7.34606e-07 -5.09662e-07 0.17257 -7.34606e-07 -5.09662e-07 0.17257 -7.34606e-07 -5.09662e-07 0.17257 -7.34606e-07 -5.09662e-07 0.17257 -7.34606e-07 -5.09662e-07 0.17257 -7.34606e-07 -5.09662e-07 0.17257 -7.34606e-07 -5.09662e-07 0.17257 -7.34606e-07 -5.09662e-07 0.17257 -7.34606e-07 -5.09662e-07 0.17257 -7.34606e-07 -5.09662e-07 0.17257 -7.34606e-07 -5.09662e-07 0.17257 -7.34606e-07 -5.09662e-07 0.17257 -7.34606e-07</float_array><technique_common><accessor source="#hpl_mixamorigwRightToeBase-trans-array" count="38" stride="3" /></technique_common></source>
      <source id="hpl_mixamorigwRightToeBase-rotz"><float_array id="hpl_mixamorigwRightToeBase-rotz-array" count="38">0.360825 0.316943 0.259019 0.223233 0.173071 0.143695 0.12859 0.138172 0.158885 0.159625 0.144348 0.107483 0.0375876 0.0315373 -0.00574958 0.00141766 -0.0490079 -0.224663 -0.411992 -0.392218 -0.265361 -0.138715 -0.0856603 -0.0510404 -0.0271134 -0.0320249 -0.00652259 0.0326741 0.0470449 0.0399018 -0.0571378 0.000805008 0.142225 0.185906 0.205055 0.273979 0.316363 0.360825</float_array><technique_common><accessor source="#hpl_mixamorigwRightToeBase-rotz-array" count="38" stride="1" /></technique_common></source>
      <source id="hpl_mixamorigwRightToeBase-roty"><float_array id="hpl_mixamorigwRightToeBase-roty-array" count="38">0.794008 0.770923 0.743595 0.731581 0.694519 0.658269 0.619539 0.599098 0.592016 0.59512 0.605971 0.632091 0.607449 0.627176 0.687109 0.853238 1.04638 1.18662 1.32364 1.1534 0.919365 0.777651 0.749487 0.744162 0.765675 0.778537 0.837358 0.905958 0.943479 0.965018 0.968263 0.845322 0.784604 0.792454 0.777737 0.782841 0.777445 0.794008</float_array><technique_common><accessor source="#hpl_mixamorigwRightToeBase-roty-array" count="38" stride="1" /></technique_common></source>
      <source id="hpl_mixamorigwRightToeBase-rotx"><float_array id="hpl_mixamorigwRightToeBase-rotx-array" count="38">-39.2874 -39.4454 -39.6049 -39.6884 -39.6651 -39.5331 -39.3211 -39.1338 -39.0227 -39.0584 -39.2455 -39.5132 -39.7839 -39.9993 -40.6977 -42.2838 -43.4679 -42.153 -41.6216 -41.4705 -41.1887 -41.1247 -41.2088 -41.2747 -41.3063 -41.3748 -41.524 -41.6735 -41.7607 -41.9934 -42.564 -41.2955 -40.2898 -40.0567 -39.8471 -39.5153 -39.261 -39.2874</float_array><technique_common><accessor source="#hpl_mixamorigwRightToeBase-rotx-array" count="38" stride="1" /></technique_common></source>
      <sampler id="hpl_mixamorigwRightToeBase-trans-sampler"><input semantic="INPUT" source="#hpl_mixamorigwRightToeBase-time" /><input semantic="OUTPUT" source="#hpl_mixamorigwRightToeBase-trans" /></sampler><channel source="#hpl_mixamorigwRightToeBase-trans-sampler" target="mixamorigwRightToeBase/translate" />
      <sampler id="hpl_mixamorigwRightToeBase-rotz-sampler"><input semantic="INPUT" source="#hpl_mixamorigwRightToeBase-time" /><input semantic="OUTPUT" source="#hpl_mixamorigwRightToeBase-rotz" /></sampler><channel source="#hpl_mixamorigwRightToeBase-rotz-sampler" target="mixamorigwRightToeBase/rotateZ.ANGLE" />
      <sampler id="hpl_mixamorigwRightToeBase-roty-sampler"><input semantic="INPUT" source="#hpl_mixamorigwRightToeBase-time" /><input semantic="OUTPUT" source="#hpl_mixamorigwRightToeBase-roty" /></sampler><channel source="#hpl_mixamorigwRightToeBase-roty-sampler" target="mixamorigwRightToeBase/rotateY.ANGLE" />
      <sampler id="hpl_mixamorigwRightToeBase-rotx-sampler"><input semantic="INPUT" source="#hpl_mixamorigwRightToeBase-time" /><input semantic="OUTPUT" source="#hpl_mixamorigwRightToeBase-rotx" /></sampler><channel source="#hpl_mixamorigwRightToeBase-rotx-sampler" target="mixamorigwRightToeBase/rotateX.ANGLE" />
    </animation>
    <animation id="hpl_mixamorigwSpine">
      <source id="hpl_mixamorigwSpine-time"><float_array id="hpl_mixamorigwSpine-time-array" count="38">0 1 2 3 4 5 6 7 8 9 10 11 12 13 14 15 16 17 18 19 20 21 22 23 24 25 26 27 28 29 30 31 32 33 34 35 36 37</float_array><technique_common><accessor source="#hpl_mixamorigwSpine-time-array" count="38" stride="1" /></technique_common></source>
      <source id="hpl_mixamorigwSpine-trans"><float_array id="hpl_mixamorigwSpine-trans-array" count="114">-0.00650083 0.120685 0.0647093 -0.00650083 0.120685 0.0647093 -0.00650083 0.120685 0.0647093 -0.00650083 0.120685 0.0647093 -0.00650083 0.120685 0.0647093 -0.00650083 0.120685 0.0647093 -0.00650083 0.120685 0.0647093 -0.00650083 0.120685 0.0647093 -0.00650083 0.120685 0.0647093 -0.00650083 0.120685 0.0647093 -0.00650083 0.120685 0.0647093 -0.00650083 0.120685 0.0647093 -0.00650083 0.120685 0.0647093 -0.00650083 0.120685 0.0647093 -0.00650083 0.120685 0.0647093 -0.00650083 0.120685 0.0647093 -0.00650083 0.120685 0.0647093 -0.00650083 0.120685 0.0647093 -0.00650083 0.120685 0.0647093 -0.00650083 0.120685 0.0647093 -0.00650083 0.120685 0.0647093 -0.00650083 0.120685 0.0647093 -0.00650083 0.120685 0.0647093 -0.00650083 0.120685 0.0647093 -0.00650083 0.120685 0.0647093 -0.00650083 0.120685 0.0647093 -0.00650083 0.120685 0.0647093 -0.00650083 0.120685 0.0647093 -0.00650083 0.120685 0.0647093 -0.00650083 0.120685 0.0647093 -0.00650083 0.120685 0.0647093 -0.00650083 0.120685 0.0647093 -0.00650083 0.120685 0.0647093 -0.00650083 0.120685 0.0647093 -0.00650083 0.120685 0.0647093 -0.00650083 0.120685 0.0647093 -0.00650083 0.120685 0.0647093 -0.00650083 0.120685 0.0647093</float_array><technique_common><accessor source="#hpl_mixamorigwSpine-trans-array" count="38" stride="3" /></technique_common></source>
      <source id="hpl_mixamorigwSpine-rotz"><float_array id="hpl_mixamorigwSpine-rotz-array" count="38">3.91023 4.16235 4.34863 4.48123 4.58674 4.67406 4.7354 4.72138 4.60921 4.3937 4.10439 3.80012 3.50763 3.10221 2.49808 1.80011 1.05405 0.484832 0.145216 0.283128 0.673353 1.01572 1.16691 1.16095 1.10364 1.0585 1.03649 1.03431 1.05188 1.06343 1.04766 1.26597 2.08144 2.9954 3.49956 3.76568 3.85139 3.91023</float_array><technique_common><accessor source="#hpl_mixamorigwSpine-rotz-array" count="38" stride="1" /></technique_common></source>
      <source id="hpl_mixamorigwSpine-roty"><float_array id="hpl_mixamorigwSpine-roty-array" count="38">1.71742 1.74733 1.70759 1.59094 1.44507 1.29417 1.17972 1.072 1.00518 0.947737 0.923805 0.937742 0.968839 0.979869 1.22271 1.62943 1.99444 2.2738 2.44583 2.43084 2.32634 2.25381 2.24209 2.31043 2.40609 2.48951 2.57247 2.70044 2.88671 3.07315 3.16853 3.0162 2.52992 2.02635 1.67818 1.3932 1.37199 1.71742</float_array><technique_common><accessor source="#hpl_mixamorigwSpine-roty-array" count="38" stride="1" /></technique_common></source>
      <source id="hpl_mixamorigwSpine-rotx"><float_array id="hpl_mixamorigwSpine-rotx-array" count="38">27.3739 27.6026 27.7345 27.7854 27.7726 27.69 27.5626 27.4454 27.3339 27.2137 27.0937 27.0508 27.1683 27.4649 27.9336 28.5036 28.9855 29.4752 29.7224 29.8208 29.7935 29.6641 29.4734 29.3099 29.1516 28.9807 28.7708 28.5158 28.2043 27.8971 27.6458 27.4238 27.0375 26.7071 26.5962 26.5868 26.6484 27.3739</float_array><technique_common><accessor source="#hpl_mixamorigwSpine-rotx-array" count="38" stride="1" /></technique_common></source>
      <sampler id="hpl_mixamorigwSpine-trans-sampler"><input semantic="INPUT" source="#hpl_mixamorigwSpine-time" /><input semantic="OUTPUT" source="#hpl_mixamorigwSpine-trans" /></sampler><channel source="#hpl_mixamorigwSpine-trans-sampler" target="mixamorigwSpine/translate" />
      <sampler id="hpl_mixamorigwSpine-rotz-sampler"><input semantic="INPUT" source="#hpl_mixamorigwSpine-time" /><input semantic="OUTPUT" source="#hpl_mixamorigwSpine-rotz" /></sampler><channel source="#hpl_mixamorigwSpine-rotz-sampler" target="mixamorigwSpine/rotateZ.ANGLE" />
      <sampler id="hpl_mixamorigwSpine-roty-sampler"><input semantic="INPUT" source="#hpl_mixamorigwSpine-time" /><input semantic="OUTPUT" source="#hpl_mixamorigwSpine-roty" /></sampler><channel source="#hpl_mixamorigwSpine-roty-sampler" target="mixamorigwSpine/rotateY.ANGLE" />
      <sampler id="hpl_mixamorigwSpine-rotx-sampler"><input semantic="INPUT" source="#hpl_mixamorigwSpine-time" /><input semantic="OUTPUT" source="#hpl_mixamorigwSpine-rotx" /></sampler><channel source="#hpl_mixamorigwSpine-rotx-sampler" target="mixamorigwSpine/rotateX.ANGLE" />
    </animation>
    <animation id="hpl_mixamorigwSpine1">
      <source id="hpl_mixamorigwSpine1-time"><float_array id="hpl_mixamorigwSpine1-time-array" count="38">0 1 2 3 4 5 6 7 8 9 10 11 12 13 14 15 16 17 18 19 20 21 22 23 24 25 26 27 28 29 30 31 32 33 34 35 36 37</float_array><technique_common><accessor source="#hpl_mixamorigwSpine1-time-array" count="38" stride="1" /></technique_common></source>
      <source id="hpl_mixamorigwSpine1-trans"><float_array id="hpl_mixamorigwSpine1-trans-array" count="114">1.98992e-08 0.1371 -1.48608e-07 1.98992e-08 0.1371 -1.48608e-07 1.98992e-08 0.1371 -1.48608e-07 1.98992e-08 0.1371 -1.48608e-07 1.98992e-08 0.1371 -1.48608e-07 1.98992e-08 0.1371 -1.48608e-07 1.98992e-08 0.1371 -1.48608e-07 1.98992e-08 0.1371 -1.48608e-07 1.98992e-08 0.1371 -1.48608e-07 1.98992e-08 0.1371 -1.48608e-07 1.98992e-08 0.1371 -1.48608e-07 1.98992e-08 0.1371 -1.48608e-07 1.98992e-08 0.1371 -1.48608e-07 1.98992e-08 0.1371 -1.48608e-07 1.98992e-08 0.1371 -1.48608e-07 1.98992e-08 0.1371 -1.48608e-07 1.98992e-08 0.1371 -1.48608e-07 1.98992e-08 0.1371 -1.48608e-07 1.98992e-08 0.1371 -1.48608e-07 1.98992e-08 0.1371 -1.48608e-07 1.98992e-08 0.1371 -1.48608e-07 1.98992e-08 0.1371 -1.48608e-07 1.98992e-08 0.1371 -1.48608e-07 1.98992e-08 0.1371 -1.48608e-07 1.98992e-08 0.1371 -1.48608e-07 1.98992e-08 0.1371 -1.48608e-07 1.98992e-08 0.1371 -1.48608e-07 1.98992e-08 0.1371 -1.48608e-07 1.98992e-08 0.1371 -1.48608e-07 1.98992e-08 0.1371 -1.48608e-07 1.98992e-08 0.1371 -1.48608e-07 1.98992e-08 0.1371 -1.48608e-07 1.98992e-08 0.1371 -1.48608e-07 1.98992e-08 0.1371 -1.48608e-07 1.98992e-08 0.1371 -1.48608e-07 1.98992e-08 0.1371 -1.48608e-07 1.98992e-08 0.1371 -1.48608e-07 1.98992e-08 0.1371 -1.48608e-07</float_array><technique_common><accessor source="#hpl_mixamorigwSpine1-trans-array" count="38" stride="3" /></technique_common></source>
      <source id="hpl_mixamorigwSpine1-rotz"><float_array id="hpl_mixamorigwSpine1-rotz-array" count="38">-0.835976 -0.770277 -0.682984 -0.584687 -0.472615 -0.362006 -0.267578 -0.21476 -0.200432 -0.224716 -0.282709 -0.336928 -0.366817 -0.468276 -0.587442 -0.779211 -0.981552 -1.13083 -1.13213 -1.1017 -1.00723 -0.888661 -0.770079 -0.675246 -0.598337 -0.537764 -0.485222 -0.443134 -0.426369 -0.446896 -0.521324 -0.63749 -0.725398 -0.709257 -0.691824 -0.679089 -0.7316 -0.835976</float_array><technique_common><accessor source="#hpl_mixamorigwSpine1-rotz-array" count="38" stride="1" /></technique_common></source>
      <source id="hpl_mixamorigwSpine1-roty"><float_array id="hpl_mixamorigwSpine1-roty-array" count="38">-1.53734 -1.70666 -1.96274 -2.27332 -2.68238 -3.13193 -3.62334 -4.0454 -4.38719 -4.56665 -4.64959 -4.66307 -4.67108 -4.59207 -4.67949 -4.62148 -4.43273 -4.1728 -3.99048 -3.62185 -3.12568 -2.61981 -2.19717 -1.8812 -1.63243 -1.42906 -1.25672 -1.13727 -1.08267 -1.09771 -1.02333 -0.915675 -0.833501 -0.911891 -1.21387 -1.42178 -1.5687 -1.53734</float_array><technique_common><accessor source="#hpl_mixamorigwSpine1-roty-array" count="38" stride="1" /></technique_common></source>
      <source id="hpl_mixamorigwSpine1-rotx"><float_array id="hpl_mixamorigwSpine1-rotx-array" count="38">-10.9681 -10.9084 -10.8925 -10.8929 -10.9192 -10.9725 -11.0433 -11.1212 -11.2039 -11.257 -11.2665 -11.2722 -11.2579 -11.1565 -10.9965 -10.7546 -10.5554 -10.4147 -10.3453 -10.3052 -10.2721 -10.2654 -10.2791 -10.3114 -10.3284 -10.341 -10.3706 -10.3999 -10.4221 -10.4584 -10.5274 -10.718 -10.887 -11.0271 -11.1338 -11.2426 -11.2682 -10.9681</float_array><technique_common><accessor source="#hpl_mixamorigwSpine1-rotx-array" count="38" stride="1" /></technique_common></source>
      <sampler id="hpl_mixamorigwSpine1-trans-sampler"><input semantic="INPUT" source="#hpl_mixamorigwSpine1-time" /><input semantic="OUTPUT" source="#hpl_mixamorigwSpine1-trans" /></sampler><channel source="#hpl_mixamorigwSpine1-trans-sampler" target="mixamorigwSpine1/translate" />
      <sampler id="hpl_mixamorigwSpine1-rotz-sampler"><input semantic="INPUT" source="#hpl_mixamorigwSpine1-time" /><input semantic="OUTPUT" source="#hpl_mixamorigwSpine1-rotz" /></sampler><channel source="#hpl_mixamorigwSpine1-rotz-sampler" target="mixamorigwSpine1/rotateZ.ANGLE" />
      <sampler id="hpl_mixamorigwSpine1-roty-sampler"><input semantic="INPUT" source="#hpl_mixamorigwSpine1-time" /><input semantic="OUTPUT" source="#hpl_mixamorigwSpine1-roty" /></sampler><channel source="#hpl_mixamorigwSpine1-roty-sampler" target="mixamorigwSpine1/rotateY.ANGLE" />
      <sampler id="hpl_mixamorigwSpine1-rotx-sampler"><input semantic="INPUT" source="#hpl_mixamorigwSpine1-time" /><input semantic="OUTPUT" source="#hpl_mixamorigwSpine1-rotx" /></sampler><channel source="#hpl_mixamorigwSpine1-rotx-sampler" target="mixamorigwSpine1/rotateX.ANGLE" />
    </animation>
    <animation id="hpl_mixamorigwSpine2">
      <source id="hpl_mixamorigwSpine2-time"><float_array id="hpl_mixamorigwSpine2-time-array" count="38">0 1 2 3 4 5 6 7 8 9 10 11 12 13 14 15 16 17 18 19 20 21 22 23 24 25 26 27 28 29 30 31 32 33 34 35 36 37</float_array><technique_common><accessor source="#hpl_mixamorigwSpine2-time-array" count="38" stride="1" /></technique_common></source>
      <source id="hpl_mixamorigwSpine2-trans"><float_array id="hpl_mixamorigwSpine2-trans-array" count="114">-4.84715e-08 0.137102 -2.06867e-07 -4.84715e-08 0.137102 -2.06867e-07 -4.84715e-08 0.137102 -2.06867e-07 -4.84715e-08 0.137102 -2.06867e-07 -4.84715e-08 0.137102 -2.06867e-07 -4.84715e-08 0.137102 -2.06867e-07 -4.84715e-08 0.137102 -2.06867e-07 -4.84715e-08 0.137102 -2.06867e-07 -4.84715e-08 0.137102 -2.06867e-07 -4.84715e-08 0.137102 -2.06867e-07 -4.84715e-08 0.137102 -2.06867e-07 -4.84715e-08 0.137102 -2.06867e-07 -4.84715e-08 0.137102 -2.06867e-07 -4.84715e-08 0.137102 -2.06867e-07 -4.84715e-08 0.137102 -2.06867e-07 -4.84715e-08 0.137102 -2.06867e-07 -4.84715e-08 0.137102 -2.06867e-07 -4.84715e-08 0.137102 -2.06867e-07 -4.84715e-08 0.137102 -2.06867e-07 -4.84715e-08 0.137102 -2.06867e-07 -4.84715e-08 0.137102 -2.06867e-07 -4.84715e-08 0.137102 -2.06867e-07 -4.84715e-08 0.137102 -2.06867e-07 -4.84715e-08 0.137102 -2.06867e-07 -4.84715e-08 0.137102 -2.06867e-07 -4.84715e-08 0.137102 -2.06867e-07 -4.84715e-08 0.137102 -2.06867e-07 -4.84715e-08 0.137102 -2.06867e-07 -4.84715e-08 0.137102 -2.06867e-07 -4.84715e-08 0.137102 -2.06867e-07 -4.84715e-08 0.137102 -2.06867e-07 -4.84715e-08 0.137102 -2.06867e-07 -4.84715e-08 0.137102 -2.06867e-07 -4.84715e-08 0.137102 -2.06867e-07 -4.84715e-08 0.137102 -2.06867e-07 -4.84715e-08 0.137102 -2.06867e-07 -4.84715e-08 0.137102 -2.06867e-07 -4.84715e-08 0.137102 -2.06867e-07</float_array><technique_common><accessor source="#hpl_mixamorigwSpine2-trans-array" count="38" stride="3" /></technique_common></source>
      <source id="hpl_mixamorigwSpine2-rotz"><float_array id="hpl_mixamorigwSpine2-rotz-array" count="38">-2.6007 -2.61844 -2.49285 -2.26462 -1.92242 -1.54324 -1.17147 -0.89689 -0.735149 -0.669349 -0.718138 -0.893368 -1.09524 -1.30195 -1.58102 -2.07697 -2.62659 -2.94242 -3.05949 -2.85144 -2.28015 -1.56979 -0.931892 -0.487344 -0.244837 -0.137794 -0.0925936 -0.142995 -0.280358 -0.419925 -0.564816 -0.70833 -0.739224 -0.369962 -0.221146 -0.568329 -1.02897 -2.6007</float_array><technique_common><accessor source="#hpl_mixamorigwSpine2-rotz-array" count="38" stride="1" /></technique_common></source>
      <source id="hpl_mixamorigwSpine2-roty"><float_array id="hpl_mixamorigwSpine2-roty-array" count="38">-3.56654 -3.7176 -4.00598 -4.46231 -4.95098 -5.493 -6.03116 -6.50377 -6.86653 -7.22583 -7.6008 -7.8961 -7.93858 -7.85712 -7.5863 -7.40148 -6.95584 -6.4389 -6.01491 -5.82583 -5.64981 -5.36126 -4.94245 -4.4951 -4.12428 -3.83557 -3.59246 -3.34871 -3.11519 -2.8745 -2.77412 -2.70265 -2.70897 -2.92475 -3.12285 -3.43293 -3.59607 -3.56654</float_array><technique_common><accessor source="#hpl_mixamorigwSpine2-roty-array" count="38" stride="1" /></technique_common></source>
      <source id="hpl_mixamorigwSpine2-rotx"><float_array id="hpl_mixamorigwSpine2-rotx-array" count="38">11.6903 11.7041 11.7267 11.7498 11.7943 11.8677 11.9718 12.0513 12.1012 12.1132 12.1304 12.1934 12.3026 12.4292 12.5953 12.7571 12.9471 12.942 12.9429 12.8246 12.6129 12.4134 12.2657 12.2018 12.1975 12.2414 12.3073 12.3695 12.3862 12.3178 12.1704 12.1255 12.1384 11.8988 11.5104 11.3002 11.3149 11.6903</float_array><technique_common><accessor source="#hpl_mixamorigwSpine2-rotx-array" count="38" stride="1" /></technique_common></source>
      <sampler id="hpl_mixamorigwSpine2-trans-sampler"><input semantic="INPUT" source="#hpl_mixamorigwSpine2-time" /><input semantic="OUTPUT" source="#hpl_mixamorigwSpine2-trans" /></sampler><channel source="#hpl_mixamorigwSpine2-trans-sampler" target="mixamorigwSpine2/translate" />
      <sampler id="hpl_mixamorigwSpine2-rotz-sampler"><input semantic="INPUT" source="#hpl_mixamorigwSpine2-time" /><input semantic="OUTPUT" source="#hpl_mixamorigwSpine2-rotz" /></sampler><channel source="#hpl_mixamorigwSpine2-rotz-sampler" target="mixamorigwSpine2/rotateZ.ANGLE" />
      <sampler id="hpl_mixamorigwSpine2-roty-sampler"><input semantic="INPUT" source="#hpl_mixamorigwSpine2-time" /><input semantic="OUTPUT" source="#hpl_mixamorigwSpine2-roty" /></sampler><channel source="#hpl_mixamorigwSpine2-roty-sampler" target="mixamorigwSpine2/rotateY.ANGLE" />
      <sampler id="hpl_mixamorigwSpine2-rotx-sampler"><input semantic="INPUT" source="#hpl_mixamorigwSpine2-time" /><input semantic="OUTPUT" source="#hpl_mixamorigwSpine2-rotx" /></sampler><channel source="#hpl_mixamorigwSpine2-rotx-sampler" target="mixamorigwSpine2/rotateX.ANGLE" />
    </animation>
    <animation id="hpl_mixamorigwLeftShoulder">
      <source id="hpl_mixamorigwLeftShoulder-time"><float_array id="hpl_mixamorigwLeftShoulder-time-array" count="38">0 1 2 3 4 5 6 7 8 9 10 11 12 13 14 15 16 17 18 19 20 21 22 23 24 25 26 27 28 29 30 31 32 33 34 35 36 37</float_array><technique_common><accessor source="#hpl_mixamorigwLeftShoulder-time-array" count="38" stride="1" /></technique_common></source>
      <source id="hpl_mixamorigwLeftShoulder-trans"><float_array id="hpl_mixamorigwLeftShoulder-trans-array" count="114">0.040025 0.0686428 -0.00178688 0.040025 0.0686428 -0.00178688 0.040025 0.0686428 -0.00178688 0.040025 0.0686428 -0.00178688 0.040025 0.0686428 -0.00178688 0.040025 0.0686428 -0.00178688 0.040025 0.0686428 -0.00178688 0.040025 0.0686428 -0.00178688 0.040025 0.0686428 -0.00178688 0.040025 0.0686428 -0.00178688 0.040025 0.0686428 -0.00178688 0.040025 0.0686428 -0.00178688 0.040025 0.0686428 -0.00178688 0.040025 0.0686428 -0.00178688 0.040025 0.0686428 -0.00178688 0.040025 0.0686428 -0.00178688 0.040025 0.0686428 -0.00178688 0.040025 0.0686428 -0.00178688 0.040025 0.0686428 -0.00178688 0.040025 0.0686428 -0.00178688 0.040025 0.0686428 -0.00178688 0.040025 0.0686428 -0.00178688 0.040025 0.0686428 -0.00178688 0.040025 0.0686428 -0.00178688 0.040025 0.0686428 -0.00178688 0.040025 0.0686428 -0.00178688 0.040025 0.0686428 -0.00178688 0.040025 0.0686428 -0.00178688 0.040025 0.0686428 -0.00178688 0.040025 0.0686428 -0.00178688 0.040025 0.0686428 -0.00178688 0.040025 0.0686428 -0.00178688 0.040025 0.0686428 -0.00178688 0.040025 0.0686428 -0.00178688 0.040025 0.0686428 -0.00178688 0.040025 0.0686428 -0.00178688 0.040025 0.0686428 -0.00178688 0.040025 0.0686428 -0.00178688</float_array><technique_common><accessor source="#hpl_mixamorigwLeftShoulder-trans-array" count="38" stride="3" /></technique_common></source>
      <source id="hpl_mixamorigwLeftShoulder-rotz"><float_array id="hpl_mixamorigwLeftShoulder-rotz-array" count="38">119.184 118.88 118.381 117.479 116.125 114.638 113.2 112.071 111.104 110.481 110.238 110.229 110.159 110.171 109.932 110.135 109.8 109.58 109.597 110.329 111.874 113.983 115.695 116.799 117.598 118.241 118.835 119.441 119.914 120.082 120.131 119.932 120.572 121.502 121.826 121.783 121.178 119.184</float_array><technique_common><accessor source="#hpl_mixamorigwLeftShoulder-rotz-array" count="38" stride="1" /></technique_common></source>
      <source id="hpl_mixamorigwLeftShoulder-roty"><float_array id="hpl_mixamorigwLeftShoulder-roty-array" count="38">70.1368 70.4827 70.8675 71.2902 71.6632 71.9952 72.1983 72.3163 72.4058 72.5646 72.6727 72.7482 72.8734 72.8947 72.807 72.6588 72.0954 71.5113 70.9284 70.5321 70.1515 69.6546 69.0273 68.3957 67.8162 67.3762 67.0501 66.8519 66.7749 66.7457 66.7454 66.6664 67.1996 67.5634 67.9906 68.6029 69.1357 70.1368</float_array><technique_common><accessor source="#hpl_mixamorigwLeftShoulder-roty-array" count="38" stride="1" /></technique_common></source>
      <source id="hpl_mixamorigwLeftShoulder-rotx"><float_array id="hpl_mixamorigwLeftShoulder-rotx-array" count="38">-141.043 -141.755 -142.778 -144.303 -146.298 -148.351 -150.228 -151.668 -152.859 -153.709 -154.263 -154.772 -155.451 -156.028 -156.493 -156.024 -155.84 -155.439 -154.934 -153.733 -151.813 -149.397 -147.365 -145.897 -144.672 -143.536 -142.431 -141.369 -140.495 -139.988 -139.691 -139.45 -137.613 -136.234 -137.216 -138.559 -139.558 -141.043</float_array><technique_common><accessor source="#hpl_mixamorigwLeftShoulder-rotx-array" count="38" stride="1" /></technique_common></source>
      <sampler id="hpl_mixamorigwLeftShoulder-trans-sampler"><input semantic="INPUT" source="#hpl_mixamorigwLeftShoulder-time" /><input semantic="OUTPUT" source="#hpl_mixamorigwLeftShoulder-trans" /></sampler><channel source="#hpl_mixamorigwLeftShoulder-trans-sampler" target="mixamorigwLeftShoulder/translate" />
      <sampler id="hpl_mixamorigwLeftShoulder-rotz-sampler"><input semantic="INPUT" source="#hpl_mixamorigwLeftShoulder-time" /><input semantic="OUTPUT" source="#hpl_mixamorigwLeftShoulder-rotz" /></sampler><channel source="#hpl_mixamorigwLeftShoulder-rotz-sampler" target="mixamorigwLeftShoulder/rotateZ.ANGLE" />
      <sampler id="hpl_mixamorigwLeftShoulder-roty-sampler"><input semantic="INPUT" source="#hpl_mixamorigwLeftShoulder-time" /><input semantic="OUTPUT" source="#hpl_mixamorigwLeftShoulder-roty" /></sampler><channel source="#hpl_mixamorigwLeftShoulder-roty-sampler" target="mixamorigwLeftShoulder/rotateY.ANGLE" />
      <sampler id="hpl_mixamorigwLeftShoulder-rotx-sampler"><input semantic="INPUT" source="#hpl_mixamorigwLeftShoulder-time" /><input semantic="OUTPUT" source="#hpl_mixamorigwLeftShoulder-rotx" /></sampler><channel source="#hpl_mixamorigwLeftShoulder-rotx-sampler" target="mixamorigwLeftShoulder/rotateX.ANGLE" />
    </animation>
    <animation id="hpl_mixamorigwLeftArm">
      <source id="hpl_mixamorigwLeftArm-time"><float_array id="hpl_mixamorigwLeftArm-time-array" count="38">0 1 2 3 4 5 6 7 8 9 10 11 12 13 14 15 16 17 18 19 20 21 22 23 24 25 26 27 28 29 30 31 32 33 34 35 36 37</float_array><technique_common><accessor source="#hpl_mixamorigwLeftArm-time-array" count="38" stride="1" /></technique_common></source>
      <source id="hpl_mixamorigwLeftArm-trans"><float_array id="hpl_mixamorigwLeftArm-trans-array" count="114">1.79558e-06 0.157173 1.76683e-06 1.79558e-06 0.157173 1.76683e-06 1.79558e-06 0.157173 1.76683e-06 1.79558e-06 0.157173 1.76683e-06 1.79558e-06 0.157173 1.76683e-06 1.79558e-06 0.157173 1.76683e-06 1.79558e-06 0.157173 1.76683e-06 1.79558e-06 0.157173 1.76683e-06 1.79558e-06 0.157173 1.76683e-06 1.79558e-06 0.157173 1.76683e-06 1.79558e-06 0.157173 1.76683e-06 1.79558e-06 0.157173 1.76683e-06 1.79558e-06 0.157173 1.76683e-06 1.79558e-06 0.157173 1.76683e-06 1.79558e-06 0.157173 1.76683e-06 1.79558e-06 0.157173 1.76683e-06 1.79558e-06 0.157173 1.76683e-06 1.79558e-06 0.157173 1.76683e-06 1.79558e-06 0.157173 1.76683e-06 1.79558e-06 0.157173 1.76683e-06 1.79558e-06 0.157173 1.76683e-06 1.79558e-06 0.157173 1.76683e-06 1.79558e-06 0.157173 1.76683e-06 1.79558e-06 0.157173 1.76683e-06 1.79558e-06 0.157173 1.76683e-06 1.79558e-06 0.157173 1.76683e-06 1.79558e-06 0.157173 1.76683e-06 1.79558e-06 0.157173 1.76683e-06 1.79558e-06 0.157173 1.76683e-06 1.79558e-06 0.157173 1.76683e-06 1.79558e-06 0.157173 1.76683e-06 1.79558e-06 0.157173 1.76683e-06 1.79558e-06 0.157173 1.76683e-06 1.79558e-06 0.157173 1.76683e-06 1.79558e-06 0.157173 1.76683e-06 1.79558e-06 0.157173 1.76683e-06 1.79558e-06 0.157173 1.76683e-06 1.79558e-06 0.157173 1.76683e-06</float_array><technique_common><accessor source="#hpl_mixamorigwLeftArm-trans-array" count="38" stride="3" /></technique_common></source>
      <source id="hpl_mixamorigwLeftArm-rotz"><float_array id="hpl_mixamorigwLeftArm-rotz-array" count="38">47.4194 49.6109 51.6146 53.5727 55.447 57.2055 58.7189 59.8565 60.6167 61.0575 61.2449 61.1446 60.8073 59.7465 58.0979 55.968 53.39 51.3435 49.9562 48.7126 47.5619 46.8565 46.71 46.9454 47.3563 47.6175 47.753 47.6847 47.3172 46.4904 45.2867 43.6591 41.7939 40.3652 40.573 42.2494 44.7194 47.4194</float_array><technique_common><accessor source="#hpl_mixamorigwLeftArm-rotz-array" count="38" stride="1" /></technique_common></source>
      <source id="hpl_mixamorigwLeftArm-roty"><float_array id="hpl_mixamorigwLeftArm-roty-array" count="38">14.2126 12.9004 11.5593 10.3319 9.25974 8.43046 7.73622 7.22462 6.86929 6.64899 6.5975 6.6398 6.84684 7.03893 7.40046 7.96637 7.83635 7.66112 7.79646 8.20703 8.67806 9.69315 11.3201 13.0885 14.6893 15.9598 16.9269 17.6133 18.0213 18.0699 17.9037 17.5115 17.6084 16.2812 14.6242 14.2525 14.3796 14.2126</float_array><technique_common><accessor source="#hpl_mixamorigwLeftArm-roty-array" count="38" stride="1" /></technique_common></source>
      <source id="hpl_mixamorigwLeftArm-rotx"><float_array id="hpl_mixamorigwLeftArm-rotx-array" count="38">53.4978 53.3584 53.4249 53.5282 53.5297 53.3783 53.0276 52.6584 52.3203 52.2384 52.3056 52.4992 52.5655 52.4467 52.0164 51.4924 51.1156 51.2384 52.0526 53.4964 55.4349 57.5283 59.255 60.567 61.5301 62.2435 62.8092 63.1967 63.2625 63.0051 62.2869 60.7229 58.7929 57.9006 58.6293 59.0277 58.6493 53.4978</float_array><technique_common><accessor source="#hpl_mixamorigwLeftArm-rotx-array" count="38" stride="1" /></technique_common></source>
      <sampler id="hpl_mixamorigwLeftArm-trans-sampler"><input semantic="INPUT" source="#hpl_mixamorigwLeftArm-time" /><input semantic="OUTPUT" source="#hpl_mixamorigwLeftArm-trans" /></sampler><channel source="#hpl_mixamorigwLeftArm-trans-sampler" target="mixamorigwLeftArm/translate" />
      <sampler id="hpl_mixamorigwLeftArm-rotz-sampler"><input semantic="INPUT" source="#hpl_mixamorigwLeftArm-time" /><input semantic="OUTPUT" source="#hpl_mixamorigwLeftArm-rotz" /></sampler><channel source="#hpl_mixamorigwLeftArm-rotz-sampler" target="mixamorigwLeftArm/rotateZ.ANGLE" />
      <sampler id="hpl_mixamorigwLeftArm-roty-sampler"><input semantic="INPUT" source="#hpl_mixamorigwLeftArm-time" /><input semantic="OUTPUT" source="#hpl_mixamorigwLeftArm-roty" /></sampler><channel source="#hpl_mixamorigwLeftArm-roty-sampler" target="mixamorigwLeftArm/rotateY.ANGLE" />
      <sampler id="hpl_mixamorigwLeftArm-rotx-sampler"><input semantic="INPUT" source="#hpl_mixamorigwLeftArm-time" /><input semantic="OUTPUT" source="#hpl_mixamorigwLeftArm-rotx" /></sampler><channel source="#hpl_mixamorigwLeftArm-rotx-sampler" target="mixamorigwLeftArm/rotateX.ANGLE" />
    </animation>
    <animation id="hpl_mixamorigwLeftForeArm">
      <source id="hpl_mixamorigwLeftForeArm-time"><float_array id="hpl_mixamorigwLeftForeArm-time-array" count="38">0 1 2 3 4 5 6 7 8 9 10 11 12 13 14 15 16 17 18 19 20 21 22 23 24 25 26 27 28 29 30 31 32 33 34 35 36 37</float_array><technique_common><accessor source="#hpl_mixamorigwLeftForeArm-time-array" count="38" stride="1" /></technique_common></source>
      <source id="hpl_mixamorigwLeftForeArm-trans"><float_array id="hpl_mixamorigwLeftForeArm-trans-array" count="114">-1.94106e-06 0.243557 4.92905e-07 -1.94106e-06 0.243557 4.92905e-07 -1.94106e-06 0.243557 4.92905e-07 -1.94106e-06 0.243557 4.92905e-07 -1.94106e-06 0.243557 4.92905e-07 -1.94106e-06 0.243557 4.92905e-07 -1.94106e-06 0.243557 4.92905e-07 -1.94106e-06 0.243557 4.92905e-07 -1.94106e-06 0.243557 4.92905e-07 -1.94106e-06 0.243557 4.92905e-07 -1.94106e-06 0.243557 4.92905e-07 -1.94106e-06 0.243557 4.92905e-07 -1.94106e-06 0.243557 4.92905e-07 -1.94106e-06 0.243557 4.92905e-07 -1.94106e-06 0.243557 4.92905e-07 -1.94106e-06 0.243557 4.92905e-07 -1.94106e-06 0.243557 4.92905e-07 -1.94106e-06 0.243557 4.92905e-07 -1.94106e-06 0.243557 4.92905e-07 -1.94106e-06 0.243557 4.92905e-07 -1.94106e-06 0.243557 4.92905e-07 -1.94106e-06 0.243557 4.92905e-07 -1.94106e-06 0.243557 4.92905e-07 -1.94106e-06 0.243557 4.92905e-07 -1.94106e-06 0.243557 4.92905e-07 -1.94106e-06 0.243557 4.92905e-07 -1.94106e-06 0.243557 4.92905e-07 -1.94106e-06 0.243557 4.92905e-07 -1.94106e-06 0.243557 4.92905e-07 -1.94106e-06 0.243557 4.92905e-07 -1.94106e-06 0.243557 4.92905e-07 -1.94106e-06 0.243557 4.92905e-07 -1.94106e-06 0.243557 4.92905e-07 -1.94106e-06 0.243557 4.92905e-07 -1.94106e-06 0.243557 4.92905e-07 -1.94106e-06 0.243557 4.92905e-07 -1.94106e-06 0.243557 4.92905e-07 -1.94106e-06 0.243557 4.92905e-07</float_array><technique_common><accessor source="#hpl_mixamorigwLeftForeArm-trans-array" count="38" stride="3" /></technique_common></source>
      <source id="hpl_mixamorigwLeftForeArm-rotz"><float_array id="hpl_mixamorigwLeftForeArm-rotz-array" count="38">39.8505 41.6616 43.5173 45.2258 46.7366 48.081 49.3083 50.2649 50.8541 51.065 50.893 50.4846 49.945 49.3491 48.7912 47.8784 46.0928 43.7344 41.3852 39.4532 38.0969 37.6268 37.8603 38.192 38.1793 37.7899 37.1079 36.2245 35.287 34.4374 33.8612 33.6557 33.5217 33.0836 33.2171 34.8884 36.9587 39.8505</float_array><technique_common><accessor source="#hpl_mixamorigwLeftForeArm-rotz-array" count="38" stride="1" /></technique_common></source>
      <source id="hpl_mixamorigwLeftForeArm-roty"><float_array id="hpl_mixamorigwLeftForeArm-roty-array" count="38">-9.24692 -9.01432 -8.73896 -8.46775 -8.17853 -7.93293 -7.72861 -7.55906 -7.51058 -7.50107 -7.57679 -7.72267 -7.86281 -8.06253 -8.18843 -8.32982 -8.5318 -8.8129 -9.0682 -9.4174 -9.72173 -9.91161 -9.96115 -9.90174 -9.85587 -9.80963 -9.84682 -9.89339 -9.97575 -10.1289 -10.2529 -10.3391 -10.395 -10.53 -10.4899 -10.2456 -9.9015 -9.24692</float_array><technique_common><accessor source="#hpl_mixamorigwLeftForeArm-roty-array" count="38" stride="1" /></technique_common></source>
      <source id="hpl_mixamorigwLeftForeArm-rotx"><float_array id="hpl_mixamorigwLeftForeArm-rotx-array" count="38">-8.62928 -8.92311 -9.21243 -9.51025 -9.73424 -9.87857 -9.91562 -9.90683 -9.84722 -9.75349 -9.79902 -9.95954 -10.1624 -10.0945 -9.98492 -9.72453 -9.186 -8.48943 -8.01126 -7.70352 -7.51602 -7.61208 -7.87141 -8.04793 -8.11306 -8.08122 -8.01075 -7.8923 -7.671 -7.43977 -7.31892 -7.26226 -7.10957 -6.98615 -7.12055 -7.40285 -7.74229 -8.62928</float_array><technique_common><accessor source="#hpl_mixamorigwLeftForeArm-rotx-array" count="38" stride="1" /></technique_common></source>
      <sampler id="hpl_mixamorigwLeftForeArm-trans-sampler"><input semantic="INPUT" source="#hpl_mixamorigwLeftForeArm-time" /><input semantic="OUTPUT" source="#hpl_mixamorigwLeftForeArm-trans" /></sampler><channel source="#hpl_mixamorigwLeftForeArm-trans-sampler" target="mixamorigwLeftForeArm/translate" />
      <sampler id="hpl_mixamorigwLeftForeArm-rotz-sampler"><input semantic="INPUT" source="#hpl_mixamorigwLeftForeArm-time" /><input semantic="OUTPUT" source="#hpl_mixamorigwLeftForeArm-rotz" /></sampler><channel source="#hpl_mixamorigwLeftForeArm-rotz-sampler" target="mixamorigwLeftForeArm/rotateZ.ANGLE" />
      <sampler id="hpl_mixamorigwLeftForeArm-roty-sampler"><input semantic="INPUT" source="#hpl_mixamorigwLeftForeArm-time" /><input semantic="OUTPUT" source="#hpl_mixamorigwLeftForeArm-roty" /></sampler><channel source="#hpl_mixamorigwLeftForeArm-roty-sampler" target="mixamorigwLeftForeArm/rotateY.ANGLE" />
      <sampler id="hpl_mixamorigwLeftForeArm-rotx-sampler"><input semantic="INPUT" source="#hpl_mixamorigwLeftForeArm-time" /><input semantic="OUTPUT" source="#hpl_mixamorigwLeftForeArm-rotx" /></sampler><channel source="#hpl_mixamorigwLeftForeArm-rotx-sampler" target="mixamorigwLeftForeArm/rotateX.ANGLE" />
    </animation>
    <animation id="hpl_mixamorigwLeftHand">
      <source id="hpl_mixamorigwLeftHand-time"><float_array id="hpl_mixamorigwLeftHand-time-array" count="38">0 1 2 3 4 5 6 7 8 9 10 11 12 13 14 15 16 17 18 19 20 21 22 23 24 25 26 27 28 29 30 31 32 33 34 35 36 37</float_array><technique_common><accessor source="#hpl_mixamorigwLeftHand-time-array" count="38" stride="1" /></technique_common></source>
      <source id="hpl_mixamorigwLeftHand-trans"><float_array id="hpl_mixamorigwLeftHand-trans-array" count="114">-2.90081e-08 0.249448 -2.13017e-06 -2.90081e-08 0.249448 -2.13017e-06 -2.90081e-08 0.249448 -2.13017e-06 -2.90081e-08 0.249448 -2.13017e-06 -2.90081e-08 0.249448 -2.13017e-06 -2.90081e-08 0.249448 -2.13017e-06 -2.90081e-08 0.249448 -2.13017e-06 -2.90081e-08 0.249448 -2.13017e-06 -2.90081e-08 0.249448 -2.13017e-06 -2.90081e-08 0.249448 -2.13017e-06 -2.90081e-08 0.249448 -2.13017e-06 -2.90081e-08 0.249448 -2.13017e-06 -2.90081e-08 0.249448 -2.13017e-06 -2.90081e-08 0.249448 -2.13017e-06 -2.90081e-08 0.249448 -2.13017e-06 -2.90081e-08 0.249448 -2.13017e-06 -2.90081e-08 0.249448 -2.13017e-06 -2.90081e-08 0.249448 -2.13017e-06 -2.90081e-08 0.249448 -2.13017e-06 -2.90081e-08 0.249448 -2.13017e-06 -2.90081e-08 0.249448 -2.13017e-06 -2.90081e-08 0.249448 -2.13017e-06 -2.90081e-08 0.249448 -2.13017e-06 -2.90081e-08 0.249448 -2.13017e-06 -2.90081e-08 0.249448 -2.13017e-06 -2.90081e-08 0.249448 -2.13017e-06 -2.90081e-08 0.249448 -2.13017e-06 -2.90081e-08 0.249448 -2.13017e-06 -2.90081e-08 0.249448 -2.13017e-06 -2.90081e-08 0.249448 -2.13017e-06 -2.90081e-08 0.249448 -2.13017e-06 -2.90081e-08 0.249448 -2.13017e-06 -2.90081e-08 0.249448 -2.13017e-06 -2.90081e-08 0.249448 -2.13017e-06 -2.90081e-08 0.249448 -2.13017e-06 -2.90081e-08 0.249448 -2.13017e-06 -2.90081e-08 0.249448 -2.13017e-06 -2.90081e-08 0.249448 -2.13017e-06</float_array><technique_common><accessor source="#hpl_mixamorigwLeftHand-trans-array" count="38" stride="3" /></technique_common></source>
      <source id="hpl_mixamorigwLeftHand-rotz"><float_array id="hpl_mixamorigwLeftHand-rotz-array" count="38">8.36859 8.45403 8.64209 9.00053 9.5466 10.2119 10.7809 11.219 11.5181 11.7239 11.8401 11.6471 11.0822 10.8532 10.8239 10.6874 10.4468 10.0813 9.92245 9.68255 9.48752 9.42108 9.43873 9.46399 9.48918 9.51049 9.55848 9.53003 9.3988 9.17739 9.07457 9.32128 9.77937 9.66975 8.94143 8.29924 8.29679 8.36859</float_array><technique_common><accessor source="#hpl_mixamorigwLeftHand-rotz-array" count="38" stride="1" /></technique_common></source>
      <source id="hpl_mixamorigwLeftHand-roty"><float_array id="hpl_mixamorigwLeftHand-roty-array" count="38">-9.33193 -8.37875 -7.7969 -7.41911 -7.18889 -6.82669 -6.23709 -5.59329 -4.80696 -3.94553 -3.24857 -3.0325 -3.17059 -3.48063 -3.85408 -4.60001 -5.65105 -7.13483 -8.48757 -9.45513 -10.5853 -11.7985 -12.5235 -12.5553 -12.192 -11.8128 -11.5751 -11.4092 -11.6357 -12.4481 -13.7247 -15.0192 -15.4481 -14.7856 -14.4337 -13.1835 -11.9541 -9.33193</float_array><technique_common><accessor source="#hpl_mixamorigwLeftHand-roty-array" count="38" stride="1" /></technique_common></source>
      <source id="hpl_mixamorigwLeftHand-rotx"><float_array id="hpl_mixamorigwLeftHand-rotx-array" count="38">-5.19479 -4.93527 -4.8611 -4.92174 -5.22568 -5.69112 -6.12736 -6.32982 -6.25918 -5.98312 -5.52266 -5.14576 -5.03576 -5.34136 -5.76544 -6.21453 -6.4779 -6.45611 -6.31763 -6.33167 -6.23114 -5.81185 -5.04779 -4.21525 -3.53333 -3.06639 -2.69481 -2.34428 -2.17056 -2.26048 -2.69059 -3.78019 -5.43851 -7.21648 -7.60241 -6.55593 -5.6913 -5.19479</float_array><technique_common><accessor source="#hpl_mixamorigwLeftHand-rotx-array" count="38" stride="1" /></technique_common></source>
      <sampler id="hpl_mixamorigwLeftHand-trans-sampler"><input semantic="INPUT" source="#hpl_mixamorigwLeftHand-time" /><input semantic="OUTPUT" source="#hpl_mixamorigwLeftHand-trans" /></sampler><channel source="#hpl_mixamorigwLeftHand-trans-sampler" target="mixamorigwLeftHand/translate" />
      <sampler id="hpl_mixamorigwLeftHand-rotz-sampler"><input semantic="INPUT" source="#hpl_mixamorigwLeftHand-time" /><input semantic="OUTPUT" source="#hpl_mixamorigwLeftHand-rotz" /></sampler><channel source="#hpl_mixamorigwLeftHand-rotz-sampler" target="mixamorigwLeftHand/rotateZ.ANGLE" />
      <sampler id="hpl_mixamorigwLeftHand-roty-sampler"><input semantic="INPUT" source="#hpl_mixamorigwLeftHand-time" /><input semantic="OUTPUT" source="#hpl_mixamorigwLeftHand-roty" /></sampler><channel source="#hpl_mixamorigwLeftHand-roty-sampler" target="mixamorigwLeftHand/rotateY.ANGLE" />
      <sampler id="hpl_mixamorigwLeftHand-rotx-sampler"><input semantic="INPUT" source="#hpl_mixamorigwLeftHand-time" /><input semantic="OUTPUT" source="#hpl_mixamorigwLeftHand-rotx" /></sampler><channel source="#hpl_mixamorigwLeftHand-rotx-sampler" target="mixamorigwLeftHand/rotateX.ANGLE" />
    </animation>
    <animation id="hpl_mixamorigwRightShoulder">
      <source id="hpl_mixamorigwRightShoulder-time"><float_array id="hpl_mixamorigwRightShoulder-time-array" count="38">0 1 2 3 4 5 6 7 8 9 10 11 12 13 14 15 16 17 18 19 20 21 22 23 24 25 26 27 28 29 30 31 32 33 34 35 36 37</float_array><technique_common><accessor source="#hpl_mixamorigwRightShoulder-time-array" count="38" stride="1" /></technique_common></source>
      <source id="hpl_mixamorigwRightShoulder-trans"><float_array id="hpl_mixamorigwRightShoulder-trans-array" count="114">-0.0400869 0.0656595 -0.000945886 -0.0400869 0.0656595 -0.000945886 -0.0400869 0.0656595 -0.000945886 -0.0400869 0.0656595 -0.000945886 -0.0400869 0.0656595 -0.000945886 -0.0400869 0.0656595 -0.000945886 -0.0400869 0.0656595 -0.000945886 -0.0400869 0.0656595 -0.000945886 -0.0400869 0.0656595 -0.000945886 -0.0400869 0.0656595 -0.000945886 -0.0400869 0.0656595 -0.000945886 -0.0400869 0.0656595 -0.000945886 -0.0400869 0.0656595 -0.000945886 -0.0400869 0.0656595 -0.000945886 -0.0400869 0.0656595 -0.000945886 -0.0400869 0.0656595 -0.000945886 -0.0400869 0.0656595 -0.000945886 -0.0400869 0.0656595 -0.000945886 -0.0400869 0.0656595 -0.000945886 -0.0400869 0.0656595 -0.000945886 -0.0400869 0.0656595 -0.000945886 -0.0400869 0.0656595 -0.000945886 -0.0400869 0.0656595 -0.000945886 -0.0400869 0.0656595 -0.000945886 -0.0400869 0.0656595 -0.000945886 -0.0400869 0.0656595 -0.000945886 -0.0400869 0.0656595 -0.000945886 -0.0400869 0.0656595 -0.000945886 -0.0400869 0.0656595 -0.000945886 -0.0400869 0.0656595 -0.000945886 -0.0400869 0.0656595 -0.000945886 -0.0400869 0.0656595 -0.000945886 -0.0400869 0.0656595 -0.000945886 -0.0400869 0.0656595 -0.000945886 -0.0400869 0.0656595 -0.000945886 -0.0400869 0.0656595 -0.000945886 -0.0400869 0.0656595 -0.000945886 -0.0400869 0.0656595 -0.000945886</float_array><technique_common><accessor source="#hpl_mixamorigwRightShoulder-trans-array" count="38" stride="3" /></technique_common></source>
      <source id="hpl_mixamorigwRightShoulder-rotz"><float_array id="hpl_mixamorigwRightShoulder-rotz-array" count="38">-110.465 -110.959 -111.69 -112.742 -113.999 -115.342 -116.64 -117.766 -118.747 -119.648 -120.394 -121.227 -122.02 -122.084 -121.756 -121.371 -120.567 -119.916 -119.489 -118.486 -117.374 -116.173 -115.1 -114.163 -113.371 -112.716 -112.14 -111.674 -111.184 -110.383 -109.509 -108.345 -106.432 -105.255 -106.291 -107.841 -108.939 -110.465</float_array><technique_common><accessor source="#hpl_mixamorigwRightShoulder-rotz-array" count="38" stride="1" /></technique_common></source>
      <source id="hpl_mixamorigwRightShoulder-roty"><float_array id="hpl_mixamorigwRightShoulder-roty-array" count="38">-70.7154 -70.5338 -70.2444 -69.8689 -69.4152 -68.9008 -68.3386 -67.7928 -67.202 -66.6095 -66.0437 -65.5983 -65.1414 -64.8702 -64.6939 -64.7325 -64.9997 -65.4592 -65.7886 -66.3122 -67.0982 -67.9447 -68.5757 -68.9688 -69.1972 -69.3881 -69.6253 -69.8447 -69.9815 -70.0124 -70.0832 -70.0439 -70.2711 -70.6896 -71.2417 -71.5859 -71.5425 -70.7154</float_array><technique_common><accessor source="#hpl_mixamorigwRightShoulder-roty-array" count="38" stride="1" /></technique_common></source>
      <source id="hpl_mixamorigwRightShoulder-rotx"><float_array id="hpl_mixamorigwRightShoulder-rotx-array" count="38">-146.122 -146.062 -145.496 -144.307 -142.698 -140.859 -138.979 -137.238 -135.646 -134.202 -132.987 -131.834 -130.748 -130.337 -130.267 -130.341 -131.544 -132.985 -133.922 -135.127 -136.608 -138.293 -139.741 -140.911 -141.801 -142.493 -143.108 -143.641 -144.14 -144.838 -145.357 -145.954 -146.732 -147.986 -148.187 -147.418 -146.425 -146.122</float_array><technique_common><accessor source="#hpl_mixamorigwRightShoulder-rotx-array" count="38" stride="1" /></technique_common></source>
      <sampler id="hpl_mixamorigwRightShoulder-trans-sampler"><input semantic="INPUT" source="#hpl_mixamorigwRightShoulder-time" /><input semantic="OUTPUT" source="#hpl_mixamorigwRightShoulder-trans" /></sampler><channel source="#hpl_mixamorigwRightShoulder-trans-sampler" target="mixamorigwRightShoulder/translate" />
      <sampler id="hpl_mixamorigwRightShoulder-rotz-sampler"><input semantic="INPUT" source="#hpl_mixamorigwRightShoulder-time" /><input semantic="OUTPUT" source="#hpl_mixamorigwRightShoulder-rotz" /></sampler><channel source="#hpl_mixamorigwRightShoulder-rotz-sampler" target="mixamorigwRightShoulder/rotateZ.ANGLE" />
      <sampler id="hpl_mixamorigwRightShoulder-roty-sampler"><input semantic="INPUT" source="#hpl_mixamorigwRightShoulder-time" /><input semantic="OUTPUT" source="#hpl_mixamorigwRightShoulder-roty" /></sampler><channel source="#hpl_mixamorigwRightShoulder-roty-sampler" target="mixamorigwRightShoulder/rotateY.ANGLE" />
      <sampler id="hpl_mixamorigwRightShoulder-rotx-sampler"><input semantic="INPUT" source="#hpl_mixamorigwRightShoulder-time" /><input semantic="OUTPUT" source="#hpl_mixamorigwRightShoulder-rotx" /></sampler><channel source="#hpl_mixamorigwRightShoulder-rotx-sampler" target="mixamorigwRightShoulder/rotateX.ANGLE" />
    </animation>
    <animation id="hpl_mixamorigwRightArm">
      <source id="hpl_mixamorigwRightArm-time"><float_array id="hpl_mixamorigwRightArm-time-array" count="38">0 1 2 3 4 5 6 7 8 9 10 11 12 13 14 15 16 17 18 19 20 21 22 23 24 25 26 27 28 29 30 31 32 33 34 35 36 37</float_array><technique_common><accessor source="#hpl_mixamorigwRightArm-time-array" count="38" stride="1" /></technique_common></source>
      <source id="hpl_mixamorigwRightArm-trans"><float_array id="hpl_mixamorigwRightArm-trans-array" count="114">-1.6677e-06 0.163363 3.4728e-06 -1.6677e-06 0.163363 3.4728e-06 -1.6677e-06 0.163363 3.4728e-06 -1.6677e-06 0.163363 3.4728e-06 -1.6677e-06 0.163363 3.4728e-06 -1.6677e-06 0.163363 3.4728e-06 -1.6677e-06 0.163363 3.4728e-06 -1.6677e-06 0.163363 3.4728e-06 -1.6677e-06 0.163363 3.4728e-06 -1.6677e-06 0.163363 3.4728e-06 -1.6677e-06 0.163363 3.4728e-06 -1.6677e-06 0.163363 3.4728e-06 -1.6677e-06 0.163363 3.4728e-06 -1.6677e-06 0.163363 3.4728e-06 -1.6677e-06 0.163363 3.4728e-06 -1.6677e-06 0.163363 3.4728e-06 -1.6677e-06 0.163363 3.4728e-06 -1.6677e-06 0.163363 3.4728e-06 -1.6677e-06 0.163363 3.4728e-06 -1.6677e-06 0.163363 3.4728e-06 -1.6677e-06 0.163363 3.4728e-06 -1.6677e-06 0.163363 3.4728e-06 -1.6677e-06 0.163363 3.4728e-06 -1.6677e-06 0.163363 3.4728e-06 -1.6677e-06 0.163363 3.4728e-06 -1.6677e-06 0.163363 3.4728e-06 -1.6677e-06 0.163363 3.4728e-06 -1.6677e-06 0.163363 3.4728e-06 -1.6677e-06 0.163363 3.4728e-06 -1.6677e-06 0.163363 3.4728e-06 -1.6677e-06 0.163363 3.4728e-06 -1.6677e-06 0.163363 3.4728e-06 -1.6677e-06 0.163363 3.4728e-06 -1.6677e-06 0.163363 3.4728e-06 -1.6677e-06 0.163363 3.4728e-06 -1.6677e-06 0.163363 3.4728e-06 -1.6677e-06 0.163363 3.4728e-06 -1.6677e-06 0.163363 3.4728e-06</float_array><technique_common><accessor source="#hpl_mixamorigwRightArm-trans-array" count="38" stride="3" /></technique_common></source>
      <source id="hpl_mixamorigwRightArm-rotz"><float_array id="hpl_mixamorigwRightArm-rotz-array" count="38">-37.109 -36.157 -34.9285 -33.4988 -31.9783 -30.4813 -29.1389 -28.1227 -27.4707 -27.2381 -27.3577 -27.7105 -28.1126 -28.6136 -29.5017 -31.3234 -33.3026 -34.9464 -36.0974 -36.5915 -36.421 -35.8188 -35.2946 -34.9756 -34.8984 -35.0335 -35.3591 -35.8843 -36.4786 -37.049 -37.7436 -38.4051 -39.1405 -40.4484 -42.3682 -43.036 -42.2053 -37.109</float_array><technique_common><accessor source="#hpl_mixamorigwRightArm-rotz-array" count="38" stride="1" /></technique_common></source>
      <source id="hpl_mixamorigwRightArm-roty"><float_array id="hpl_mixamorigwRightArm-roty-array" count="38">-13.3333 -13.4158 -13.4844 -13.5887 -13.7987 -14.1526 -14.6677 -15.3352 -16.0883 -16.8385 -17.5484 -18.2488 -18.685 -18.8511 -18.7459 -18.7076 -18.1523 -17.8402 -17.8614 -17.9753 -17.8405 -17.3605 -16.7978 -16.2549 -15.7923 -15.5614 -15.6494 -15.9775 -16.4475 -17.0704 -17.8709 -17.9935 -18.2891 -18.1579 -17.8232 -17.7558 -17.5604 -13.3333</float_array><technique_common><accessor source="#hpl_mixamorigwRightArm-roty-array" count="38" stride="1" /></technique_common></source>
      <source id="hpl_mixamorigwRightArm-rotx"><float_array id="hpl_mixamorigwRightArm-rotx-array" count="38">50.3435 50.7067 50.945 51.1356 51.365 51.7046 52.219 53.0237 54.085 55.4492 56.9997 58.6778 60.0712 61.0266 61.3837 61.4149 61.5016 61.4372 60.5891 59.06 57.4804 55.9165 54.4682 53.1916 52.1015 51.2551 50.6689 50.3402 50.17 49.9954 49.9506 49.8125 49.1504 49.5099 51.4275 52.8108 53.0729 50.3435</float_array><technique_common><accessor source="#hpl_mixamorigwRightArm-rotx-array" count="38" stride="1" /></technique_common></source>
      <sampler id="hpl_mixamorigwRightArm-trans-sampler"><input semantic="INPUT" source="#hpl_mixamorigwRightArm-time" /><input semantic="OUTPUT" source="#hpl_mixamorigwRightArm-trans" /></sampler><channel source="#hpl_mixamorigwRightArm-trans-sampler" target="mixamorigwRightArm/translate" />
      <sampler id="hpl_mixamorigwRightArm-rotz-sampler"><input semantic="INPUT" source="#hpl_mixamorigwRightArm-time" /><input semantic="OUTPUT" source="#hpl_mixamorigwRightArm-rotz" /></sampler><channel source="#hpl_mixamorigwRightArm-rotz-sampler" target="mixamorigwRightArm/rotateZ.ANGLE" />
      <sampler id="hpl_mixamorigwRightArm-roty-sampler"><input semantic="INPUT" source="#hpl_mixamorigwRightArm-time" /><input semantic="OUTPUT" source="#hpl_mixamorigwRightArm-roty" /></sampler><channel source="#hpl_mixamorigwRightArm-roty-sampler" target="mixamorigwRightArm/rotateY.ANGLE" />
      <sampler id="hpl_mixamorigwRightArm-rotx-sampler"><input semantic="INPUT" source="#hpl_mixamorigwRightArm-time" /><input semantic="OUTPUT" source="#hpl_mixamorigwRightArm-rotx" /></sampler><channel source="#hpl_mixamorigwRightArm-rotx-sampler" target="mixamorigwRightArm/rotateX.ANGLE" />
    </animation>
    <animation id="hpl_mixamorigwRightForeArm">
      <source id="hpl_mixamorigwRightForeArm-time"><float_array id="hpl_mixamorigwRightForeArm-time-array" count="38">0 1 2 3 4 5 6 7 8 9 10 11 12 13 14 15 16 17 18 19 20 21 22 23 24 25 26 27 28 29 30 31 32 33 34 35 36 37</float_array><technique_common><accessor source="#hpl_mixamorigwRightForeArm-time-array" count="38" stride="1" /></technique_common></source>
      <source id="hpl_mixamorigwRightForeArm-trans"><float_array id="hpl_mixamorigwRightForeArm-trans-array" count="114">8.8996e-07 0.227531 -3.63292e-06 8.8996e-07 0.227531 -3.63292e-06 8.8996e-07 0.227531 -3.63292e-06 8.8996e-07 0.227531 -3.63292e-06 8.8996e-07 0.227531 -3.63292e-06 8.8996e-07 0.227531 -3.63292e-06 8.8996e-07 0.227531 -3.63292e-06 8.8996e-07 0.227531 -3.63292e-06 8.8996e-07 0.227531 -3.63292e-06 8.8996e-07 0.227531 -3.63292e-06 8.8996e-07 0.227531 -3.63292e-06 8.8996e-07 0.227531 -3.63292e-06 8.8996e-07 0.227531 -3.63292e-06 8.8996e-07 0.227531 -3.63292e-06 8.8996e-07 0.227531 -3.63292e-06 8.8996e-07 0.227531 -3.63292e-06 8.8996e-07 0.227531 -3.63292e-06 8.8996e-07 0.227531 -3.63292e-06 8.8996e-07 0.227531 -3.63292e-06 8.8996e-07 0.227531 -3.63292e-06 8.8996e-07 0.227531 -3.63292e-06 8.8996e-07 0.227531 -3.63292e-06 8.8996e-07 0.227531 -3.63292e-06 8.8996e-07 0.227531 -3.63292e-06 8.8996e-07 0.227531 -3.63292e-06 8.8996e-07 0.227531 -3.63292e-06 8.8996e-07 0.227531 -3.63292e-06 8.8996e-07 0.227531 -3.63292e-06 8.8996e-07 0.227531 -3.63292e-06 8.8996e-07 0.227531 -3.63292e-06 8.8996e-07 0.227531 -3.63292e-06 8.8996e-07 0.227531 -3.63292e-06 8.8996e-07 0.227531 -3.63292e-06 8.8996e-07 0.227531 -3.63292e-06 8.8996e-07 0.227531 -3.63292e-06 8.8996e-07 0.227531 -3.63292e-06 8.8996e-07 0.227531 -3.63292e-06 8.8996e-07 0.227531 -3.63292e-06</float_array><technique_common><accessor source="#hpl_mixamorigwRightForeArm-trans-array" count="38" stride="3" /></technique_common></source>
      <source id="hpl_mixamorigwRightForeArm-rotz"><float_array id="hpl_mixamorigwRightForeArm-rotz-array" count="38">-50.2898 -49.3709 -48.477 -47.6426 -46.9704 -46.4559 -45.9516 -45.3552 -44.5309 -43.5295 -42.612 -42.1995 -42.3012 -42.9467 -43.8661 -44.5301 -44.8492 -45.2679 -45.8309 -46.1625 -46.3001 -46.4483 -46.8087 -47.4531 -48.1989 -48.9743 -49.7549 -50.5575 -51.4015 -52.4065 -53.2168 -53.3142 -52.5507 -51.295 -49.9862 -49.6378 -49.2359 -50.2898</float_array><technique_common><accessor source="#hpl_mixamorigwRightForeArm-rotz-array" count="38" stride="1" /></technique_common></source>
      <source id="hpl_mixamorigwRightForeArm-roty"><float_array id="hpl_mixamorigwRightForeArm-roty-array" count="38">8.18023 8.41694 8.64857 8.84397 9.02311 9.17044 9.30801 9.41693 9.4793 9.54223 9.56731 9.54304 9.41604 9.27256 9.16982 9.01083 8.90469 8.63875 8.55679 8.67618 8.83132 8.87502 8.87218 8.81058 8.71081 8.5545 8.3682 8.12436 7.83574 7.58378 7.37774 7.31388 7.38847 7.62246 7.95826 8.09074 8.24019 8.18023</float_array><technique_common><accessor source="#hpl_mixamorigwRightForeArm-roty-array" count="38" stride="1" /></technique_common></source>
      <source id="hpl_mixamorigwRightForeArm-rotx"><float_array id="hpl_mixamorigwRightForeArm-rotx-array" count="38">-9.87676 -9.55177 -9.30862 -9.21221 -9.20691 -9.22641 -9.20047 -9.1208 -8.97781 -8.81522 -8.71641 -8.7162 -8.61752 -8.70771 -8.844 -9.24646 -9.58381 -9.83578 -9.95036 -9.92278 -9.80907 -9.60982 -9.56188 -9.56377 -9.60772 -9.70959 -9.90342 -10.1888 -10.4954 -10.793 -11.1033 -11.0309 -10.8089 -10.5736 -10.6653 -10.6511 -10.3114 -9.87676</float_array><technique_common><accessor source="#hpl_mixamorigwRightForeArm-rotx-array" count="38" stride="1" /></technique_common></source>
      <sampler id="hpl_mixamorigwRightForeArm-trans-sampler"><input semantic="INPUT" source="#hpl_mixamorigwRightForeArm-time" /><input semantic="OUTPUT" source="#hpl_mixamorigwRightForeArm-trans" /></sampler><channel source="#hpl_mixamorigwRightForeArm-trans-sampler" target="mixamorigwRightForeArm/translate" />
      <sampler id="hpl_mixamorigwRightForeArm-rotz-sampler"><input semantic="INPUT" source="#hpl_mixamorigwRightForeArm-time" /><input semantic="OUTPUT" source="#hpl_mixamorigwRightForeArm-rotz" /></sampler><channel source="#hpl_mixamorigwRightForeArm-rotz-sampler" target="mixamorigwRightForeArm/rotateZ.ANGLE" />
      <sampler id="hpl_mixamorigwRightForeArm-roty-sampler"><input semantic="INPUT" source="#hpl_mixamorigwRightForeArm-time" /><input semantic="OUTPUT" source="#hpl_mixamorigwRightForeArm-roty" /></sampler><channel source="#hpl_mixamorigwRightForeArm-roty-sampler" target="mixamorigwRightForeArm/rotateY.ANGLE" />
      <sampler id="hpl_mixamorigwRightForeArm-rotx-sampler"><input semantic="INPUT" source="#hpl_mixamorigwRightForeArm-time" /><input semantic="OUTPUT" source="#hpl_mixamorigwRightForeArm-rotx" /></sampler><channel source="#hpl_mixamorigwRightForeArm-rotx-sampler" target="mixamorigwRightForeArm/rotateX.ANGLE" />
    </animation>
    <animation id="hpl_mixamorigwRightHand">
      <source id="hpl_mixamorigwRightHand-time"><float_array id="hpl_mixamorigwRightHand-time-array" count="38">0 1 2 3 4 5 6 7 8 9 10 11 12 13 14 15 16 17 18 19 20 21 22 23 24 25 26 27 28 29 30 31 32 33 34 35 36 37</float_array><technique_common><accessor source="#hpl_mixamorigwRightHand-time-array" count="38" stride="1" /></technique_common></source>
      <source id="hpl_mixamorigwRightHand-trans"><float_array id="hpl_mixamorigwRightHand-trans-array" count="114">4.98903e-08 0.253119 5.47996e-06 4.98903e-08 0.253119 5.47996e-06 4.98903e-08 0.253119 5.47996e-06 4.98903e-08 0.253119 5.47996e-06 4.98903e-08 0.253119 5.47996e-06 4.98903e-08 0.253119 5.47996e-06 4.98903e-08 0.253119 5.47996e-06 4.98903e-08 0.253119 5.47996e-06 4.98903e-08 0.253119 5.47996e-06 4.98903e-08 0.253119 5.47996e-06 4.98903e-08 0.253119 5.47996e-06 4.98903e-08 0.253119 5.47996e-06 4.98903e-08 0.253119 5.47996e-06 4.98903e-08 0.253119 5.47996e-06 4.98903e-08 0.253119 5.47996e-06 4.98903e-08 0.253119 5.47996e-06 4.98903e-08 0.253119 5.47996e-06 4.98903e-08 0.253119 5.47996e-06 4.98903e-08 0.253119 5.47996e-06 4.98903e-08 0.253119 5.47996e-06 4.98903e-08 0.253119 5.47996e-06 4.98903e-08 0.253119 5.47996e-06 4.98903e-08 0.253119 5.47996e-06 4.98903e-08 0.253119 5.47996e-06 4.98903e-08 0.253119 5.47996e-06 4.98903e-08 0.253119 5.47996e-06 4.98903e-08 0.253119 5.47996e-06 4.98903e-08 0.253119 5.47996e-06 4.98903e-08 0.253119 5.47996e-06 4.98903e-08 0.253119 5.47996e-06 4.98903e-08 0.253119 5.47996e-06 4.98903e-08 0.253119 5.47996e-06 4.98903e-08 0.253119 5.47996e-06 4.98903e-08 0.253119 5.47996e-06 4.98903e-08 0.253119 5.47996e-06 4.98903e-08 0.253119 5.47996e-06 4.98903e-08 0.253119 5.47996e-06 4.98903e-08 0.253119 5.47996e-06</float_array><technique_common><accessor source="#hpl_mixamorigwRightHand-trans-array" count="38" stride="3" /></technique_common></source>
      <source id="hpl_mixamorigwRightHand-rotz"><float_array id="hpl_mixamorigwRightHand-rotz-array" count="38">-4.69941 -4.616 -4.5606 -4.55676 -4.65668 -4.87396 -5.12837 -5.33934 -5.40696 -5.25482 -4.91212 -4.59702 -4.57134 -4.15952 -3.6243 -3.3897 -3.14468 -3.20088 -3.55639 -3.91264 -4.28239 -4.58588 -4.82392 -4.91876 -4.89317 -4.80081 -4.63461 -4.42771 -4.21126 -3.92153 -3.58953 -3.32545 -3.71625 -4.42163 -4.79437 -5.02502 -5.37397 -4.69941</float_array><technique_common><accessor source="#hpl_mixamorigwRightHand-rotz-array" count="38" stride="1" /></technique_common></source>
      <source id="hpl_mixamorigwRightHand-roty"><float_array id="hpl_mixamorigwRightHand-roty-array" count="38">10.9456 10.8418 10.684 10.4678 10.2635 10.1592 10.1596 10.3166 10.6015 10.7489 10.6266 10.4008 10.2336 9.71597 9.33349 9.40176 9.84353 10.1665 9.34243 8.96284 8.77232 8.85983 9.13136 9.26877 8.98905 8.62808 8.41103 8.26442 8.0852 7.86616 7.87828 8.34098 9.05729 10.3579 11.5526 12.8122 13.4524 10.9456</float_array><technique_common><accessor source="#hpl_mixamorigwRightHand-roty-array" count="38" stride="1" /></technique_common></source>
      <source id="hpl_mixamorigwRightHand-rotx"><float_array id="hpl_mixamorigwRightHand-rotx-array" count="38">1.7491 1.79036 1.87402 1.98885 2.05867 2.09873 2.13587 2.20299 2.34237 2.6308 3.08706 3.70584 4.35692 5.35282 5.9978 5.96826 5.72124 5.46781 5.22536 4.75928 4.07296 3.35372 2.80188 2.51295 2.49917 2.65193 2.88876 3.18879 3.61829 4.27264 5.02151 5.60782 5.53904 5.06614 4.9477 4.6181 3.85769 1.7491</float_array><technique_common><accessor source="#hpl_mixamorigwRightHand-rotx-array" count="38" stride="1" /></technique_common></source>
      <sampler id="hpl_mixamorigwRightHand-trans-sampler"><input semantic="INPUT" source="#hpl_mixamorigwRightHand-time" /><input semantic="OUTPUT" source="#hpl_mixamorigwRightHand-trans" /></sampler><channel source="#hpl_mixamorigwRightHand-trans-sampler" target="mixamorigwRightHand/translate" />
      <sampler id="hpl_mixamorigwRightHand-rotz-sampler"><input semantic="INPUT" source="#hpl_mixamorigwRightHand-time" /><input semantic="OUTPUT" source="#hpl_mixamorigwRightHand-rotz" /></sampler><channel source="#hpl_mixamorigwRightHand-rotz-sampler" target="mixamorigwRightHand/rotateZ.ANGLE" />
      <sampler id="hpl_mixamorigwRightHand-roty-sampler"><input semantic="INPUT" source="#hpl_mixamorigwRightHand-time" /><input semantic="OUTPUT" source="#hpl_mixamorigwRightHand-roty" /></sampler><channel source="#hpl_mixamorigwRightHand-roty-sampler" target="mixamorigwRightHand/rotateY.ANGLE" />
      <sampler id="hpl_mixamorigwRightHand-rotx-sampler"><input semantic="INPUT" source="#hpl_mixamorigwRightHand-time" /><input semantic="OUTPUT" source="#hpl_mixamorigwRightHand-rotx" /></sampler><channel source="#hpl_mixamorigwRightHand-rotx-sampler" target="mixamorigwRightHand/rotateX.ANGLE" />
    </animation>
    <animation id="hpl_mixamorigwNeck">
      <source id="hpl_mixamorigwNeck-time"><float_array id="hpl_mixamorigwNeck-time-array" count="38">0 1 2 3 4 5 6 7 8 9 10 11 12 13 14 15 16 17 18 19 20 21 22 23 24 25 26 27 28 29 30 31 32 33 34 35 36 37</float_array><technique_common><accessor source="#hpl_mixamorigwNeck-time-array" count="38" stride="1" /></technique_common></source>
      <source id="hpl_mixamorigwNeck-trans"><float_array id="hpl_mixamorigwNeck-trans-array" count="114">6.19502e-05 0.104082 0.00273268 6.19502e-05 0.104082 0.00273268 6.19502e-05 0.104082 0.00273268 6.19502e-05 0.104082 0.00273268 6.19502e-05 0.104082 0.00273268 6.19502e-05 0.104082 0.00273268 6.19502e-05 0.104082 0.00273268 6.19502e-05 0.104082 0.00273268 6.19502e-05 0.104082 0.00273268 6.19502e-05 0.104082 0.00273268 6.19502e-05 0.104082 0.00273268 6.19502e-05 0.104082 0.00273268 6.19502e-05 0.104082 0.00273268 6.19502e-05 0.104082 0.00273268 6.19502e-05 0.104082 0.00273268 6.19502e-05 0.104082 0.00273268 6.19502e-05 0.104082 0.00273268 6.19502e-05 0.104082 0.00273268 6.19502e-05 0.104082 0.00273268 6.19502e-05 0.104082 0.00273268 6.19502e-05 0.104082 0.00273268 6.19502e-05 0.104082 0.00273268 6.19502e-05 0.104082 0.00273268 6.19502e-05 0.104082 0.00273268 6.19502e-05 0.104082 0.00273268 6.19502e-05 0.104082 0.00273268 6.19502e-05 0.104082 0.00273268 6.19502e-05 0.104082 0.00273268 6.19502e-05 0.104082 0.00273268 6.19502e-05 0.104082 0.00273268 6.19502e-05 0.104082 0.00273268 6.19502e-05 0.104082 0.00273268 6.19502e-05 0.104082 0.00273268 6.19502e-05 0.104082 0.00273268 6.19502e-05 0.104082 0.00273268 6.19502e-05 0.104082 0.00273268 6.19502e-05 0.104082 0.00273268 6.19502e-05 0.104082 0.00273268</float_array><technique_common><accessor source="#hpl_mixamorigwNeck-trans-array" count="38" stride="3" /></technique_common></source>
      <source id="hpl_mixamorigwNeck-rotz"><float_array id="hpl_mixamorigwNeck-rotz-array" count="38">5.62911 5.67367 5.84566 6.13902 6.50683 6.93704 7.39097 7.86359 8.34866 8.82783 9.26747 9.60204 9.92992 10.3406 10.7992 11.1961 11.2719 10.9441 10.6549 10.2387 9.58266 8.83663 8.14561 7.61114 7.21001 6.87877 6.54648 6.21748 5.91361 5.65633 5.60554 5.58355 5.31729 4.77016 4.68288 5.09697 5.46151 5.62911</float_array><technique_common><accessor source="#hpl_mixamorigwNeck-rotz-array" count="38" stride="1" /></technique_common></source>
      <source id="hpl_mixamorigwNeck-roty"><float_array id="hpl_mixamorigwNeck-roty-array" count="38">0.390887 0.320341 0.195139 0.0178004 -0.193172 -0.423558 -0.651792 -0.908283 -1.24159 -1.61638 -1.98573 -2.33294 -2.70079 -2.94195 -2.92476 -2.67781 -2.4873 -2.26448 -2.05943 -1.9905 -1.8875 -1.66123 -1.40993 -1.1587 -0.914364 -0.678628 -0.466888 -0.266986 -0.0401902 0.163985 0.396607 0.565004 0.951424 1.20378 1.13721 0.802098 0.523812 0.390887</float_array><technique_common><accessor source="#hpl_mixamorigwNeck-roty-array" count="38" stride="1" /></technique_common></source>
      <source id="hpl_mixamorigwNeck-rotx"><float_array id="hpl_mixamorigwNeck-rotx-array" count="38">20.2691 20.3469 20.4829 20.6872 20.9194 21.2172 21.5416 21.9269 22.3899 22.9406 23.5536 24.1689 24.5727 24.9517 25.1457 25.1892 25.2921 25.3445 25.2871 25.1481 25.0435 25.0081 25.1012 25.268 25.4361 25.5606 25.6579 25.7652 25.8356 25.8491 25.767 25.3945 24.6392 23.8427 23.3433 23.0136 22.7916 20.2691</float_array><technique_common><accessor source="#hpl_mixamorigwNeck-rotx-array" count="38" stride="1" /></technique_common></source>
      <sampler id="hpl_mixamorigwNeck-trans-sampler"><input semantic="INPUT" source="#hpl_mixamorigwNeck-time" /><input semantic="OUTPUT" source="#hpl_mixamorigwNeck-trans" /></sampler><channel source="#hpl_mixamorigwNeck-trans-sampler" target="mixamorigwNeck/translate" />
      <sampler id="hpl_mixamorigwNeck-rotz-sampler"><input semantic="INPUT" source="#hpl_mixamorigwNeck-time" /><input semantic="OUTPUT" source="#hpl_mixamorigwNeck-rotz" /></sampler><channel source="#hpl_mixamorigwNeck-rotz-sampler" target="mixamorigwNeck/rotateZ.ANGLE" />
      <sampler id="hpl_mixamorigwNeck-roty-sampler"><input semantic="INPUT" source="#hpl_mixamorigwNeck-time" /><input semantic="OUTPUT" source="#hpl_mixamorigwNeck-roty" /></sampler><channel source="#hpl_mixamorigwNeck-roty-sampler" target="mixamorigwNeck/rotateY.ANGLE" />
      <sampler id="hpl_mixamorigwNeck-rotx-sampler"><input semantic="INPUT" source="#hpl_mixamorigwNeck-time" /><input semantic="OUTPUT" source="#hpl_mixamorigwNeck-rotx" /></sampler><channel source="#hpl_mixamorigwNeck-rotx-sampler" target="mixamorigwNeck/rotateX.ANGLE" />
    </animation>
    <animation id="hpl_mixamorigwHead">
      <source id="hpl_mixamorigwHead-time"><float_array id="hpl_mixamorigwHead-time-array" count="38">0 1 2 3 4 5 6 7 8 9 10 11 12 13 14 15 16 17 18 19 20 21 22 23 24 25 26 27 28 29 30 31 32 33 34 35 36 37</float_array><technique_common><accessor source="#hpl_mixamorigwHead-time-array" count="38" stride="1" /></technique_common></source>
      <source id="hpl_mixamorigwHead-trans"><float_array id="hpl_mixamorigwHead-trans-array" count="114">1.26362e-07 0.0721566 1.71408e-07 1.26362e-07 0.0721566 1.71408e-07 1.26362e-07 0.0721566 1.71408e-07 1.26362e-07 0.0721566 1.71408e-07 1.26362e-07 0.0721566 1.71408e-07 1.26362e-07 0.0721566 1.71408e-07 1.26362e-07 0.0721566 1.71408e-07 1.26362e-07 0.0721566 1.71408e-07 1.26362e-07 0.0721566 1.71408e-07 1.26362e-07 0.0721566 1.71408e-07 1.26362e-07 0.0721566 1.71408e-07 1.26362e-07 0.0721566 1.71408e-07 1.26362e-07 0.0721566 1.71408e-07 1.26362e-07 0.0721566 1.71408e-07 1.26362e-07 0.0721566 1.71408e-07 1.26362e-07 0.0721566 1.71408e-07 1.26362e-07 0.0721566 1.71408e-07 1.26362e-07 0.0721566 1.71408e-07 1.26362e-07 0.0721566 1.71408e-07 1.26362e-07 0.0721566 1.71408e-07 1.26362e-07 0.0721566 1.71408e-07 1.26362e-07 0.0721566 1.71408e-07 1.26362e-07 0.0721566 1.71408e-07 1.26362e-07 0.0721566 1.71408e-07 1.26362e-07 0.0721566 1.71408e-07 1.26362e-07 0.0721566 1.71408e-07 1.26362e-07 0.0721566 1.71408e-07 1.26362e-07 0.0721566 1.71408e-07 1.26362e-07 0.0721566 1.71408e-07 1.26362e-07 0.0721566 1.71408e-07 1.26362e-07 0.0721566 1.71408e-07 1.26362e-07 0.0721566 1.71408e-07 1.26362e-07 0.0721566 1.71408e-07 1.26362e-07 0.0721566 1.71408e-07 1.26362e-07 0.0721566 1.71408e-07 1.26362e-07 0.0721566 1.71408e-07 1.26362e-07 0.0721566 1.71408e-07 1.26362e-07 0.0721566 1.71408e-07</float_array><technique_common><accessor source="#hpl_mixamorigwHead-trans-array" count="38" stride="3" /></technique_common></source>
      <source id="hpl_mixamorigwHead-rotz"><float_array id="hpl_mixamorigwHead-rotz-array" count="38">1.78475 1.85452 1.85574 1.84277 1.85561 1.88694 1.95419 2.00559 2.04658 2.0531 2.02754 1.95316 1.82729 1.68555 1.84301 2.18777 2.35822 2.30446 2.12995 1.89458 1.59126 1.26586 1.03373 0.878779 0.792688 0.734651 0.682706 0.619704 0.563384 0.457322 0.323099 0.271164 0.312323 0.390244 0.487534 0.485115 0.495815 1.78475</float_array><technique_common><accessor source="#hpl_mixamorigwHead-rotz-array" count="38" stride="1" /></technique_common></source>
      <source id="hpl_mixamorigwHead-roty"><float_array id="hpl_mixamorigwHead-roty-array" count="38">-13.6819 -14.3909 -15.1151 -15.8626 -16.6958 -17.5831 -18.4905 -19.3453 -20.1206 -20.7162 -21.1361 -21.3134 -21.2169 -20.6156 -19.9163 -18.9327 -17.5655 -16.2987 -15.3549 -13.8048 -12.0777 -10.6977 -9.73033 -9.11785 -8.80396 -8.70178 -8.70788 -8.79934 -8.86264 -8.78368 -8.68828 -8.37017 -8.0965 -7.70862 -7.59341 -7.69758 -8.08794 -13.6819</float_array><technique_common><accessor source="#hpl_mixamorigwHead-roty-array" count="38" stride="1" /></technique_common></source>
      <source id="hpl_mixamorigwHead-rotx"><float_array id="hpl_mixamorigwHead-rotx-array" count="38">19.8771 19.6069 19.3631 19.1289 18.8989 18.5987 18.3245 18.1644 18.2116 18.3845 18.6184 18.8207 18.9253 18.4836 17.7019 17.1185 16.9997 17.1216 17.216 17.498 17.8539 18.2431 18.6418 18.9566 19.2194 19.5331 19.9629 20.4099 20.8226 21.1673 21.4373 21.6059 21.739 21.4919 20.8852 20.2948 19.9604 19.8771</float_array><technique_common><accessor source="#hpl_mixamorigwHead-rotx-array" count="38" stride="1" /></technique_common></source>
      <sampler id="hpl_mixamorigwHead-trans-sampler"><input semantic="INPUT" source="#hpl_mixamorigwHead-time" /><input semantic="OUTPUT" source="#hpl_mixamorigwHead-trans" /></sampler><channel source="#hpl_mixamorigwHead-trans-sampler" target="mixamorigwHead/translate" />
      <sampler id="hpl_mixamorigwHead-rotz-sampler"><input semantic="INPUT" source="#hpl_mixamorigwHead-time" /><input semantic="OUTPUT" source="#hpl_mixamorigwHead-rotz" /></sampler><channel source="#hpl_mixamorigwHead-rotz-sampler" target="mixamorigwHead/rotateZ.ANGLE" />
      <sampler id="hpl_mixamorigwHead-roty-sampler"><input semantic="INPUT" source="#hpl_mixamorigwHead-time" /><input semantic="OUTPUT" source="#hpl_mixamorigwHead-roty" /></sampler><channel source="#hpl_mixamorigwHead-roty-sampler" target="mixamorigwHead/rotateY.ANGLE" />
      <sampler id="hpl_mixamorigwHead-rotx-sampler"><input semantic="INPUT" source="#hpl_mixamorigwHead-time" /><input semantic="OUTPUT" source="#hpl_mixamorigwHead-rotx" /></sampler><channel source="#hpl_mixamorigwHead-rotx-sampler" target="mixamorigwHead/rotateX.ANGLE" />
    </animation>
    <animation id="hpl_mixamorigwHeadTop_End">
      <source id="hpl_mixamorigwHeadTop_End-time"><float_array id="hpl_mixamorigwHeadTop_End-time-array" count="38">0 1 2 3 4 5 6 7 8 9 10 11 12 13 14 15 16 17 18 19 20 21 22 23 24 25 26 27 28 29 30 31 32 33 34 35 36 37</float_array><technique_common><accessor source="#hpl_mixamorigwHeadTop_End-time-array" count="38" stride="1" /></technique_common></source>
      <source id="hpl_mixamorigwHeadTop_End-trans"><float_array id="hpl_mixamorigwHeadTop_End-trans-array" count="114">-0.00116746 0.246874 -0.121133 -0.00116746 0.246874 -0.121133 -0.00116746 0.246874 -0.121133 -0.00116746 0.246874 -0.121133 -0.00116746 0.246874 -0.121133 -0.00116746 0.246874 -0.121133 -0.00116746 0.246874 -0.121133 -0.00116746 0.246874 -0.121133 -0.00116746 0.246874 -0.121133 -0.00116746 0.246874 -0.121133 -0.00116746 0.246874 -0.121133 -0.00116746 0.246874 -0.121133 -0.00116746 0.246874 -0.121133 -0.00116746 0.246874 -0.121133 -0.00116746 0.246874 -0.121133 -0.00116746 0.246874 -0.121133 -0.00116746 0.246874 -0.121133 -0.00116746 0.246874 -0.121133 -0.00116746 0.246874 -0.121133 -0.00116746 0.246874 -0.121133 -0.00116746 0.246874 -0.121133 -0.00116746 0.246874 -0.121133 -0.00116746 0.246874 -0.121133 -0.00116746 0.246874 -0.121133 -0.00116746 0.246874 -0.121133 -0.00116746 0.246874 -0.121133 -0.00116746 0.246874 -0.121133 -0.00116746 0.246874 -0.121133 -0.00116746 0.246874 -0.121133 -0.00116746 0.246874 -0.121133 -0.00116746 0.246874 -0.121133 -0.00116746 0.246874 -0.121133 -0.00116746 0.246874 -0.121133 -0.00116746 0.246874 -0.121133 -0.00116746 0.246874 -0.121133 -0.00116746 0.246874 -0.121133 -0.00116746 0.246874 -0.121133 -0.00116746 0.246874 -0.121133</float_array><technique_common><accessor source="#hpl_mixamorigwHeadTop_End-trans-array" count="38" stride="3" /></technique_common></source>
      <source id="hpl_mixamorigwHeadTop_End-rotz"><float_array id="hpl_mixamorigwHeadTop_End-rotz-array" count="38">0.24324 0.24324 0.24324 0.24324 0.24324 0.24324 0.24324 0.24324 0.24324 0.24324 0.24324 0.24324 0.24324 0.24324 0.24324 0.24324 0.24324 0.24324 0.24324 0.24324 0.24324 0.24324 0.24324 0.24324 0.24324 0.24324 0.24324 0.24324 0.24324 0.24324 0.24324 0.24324 0.24324 0.24324 0.24324 0.24324 0.24324 0.24324</float_array><technique_common><accessor source="#hpl_mixamorigwHeadTop_End-rotz-array" count="38" stride="1" /></technique_common></source>
      <source id="hpl_mixamorigwHeadTop_End-roty"><float_array id="hpl_mixamorigwHeadTop_End-roty-array" count="38">0.0564607 0.0564607 0.0564607 0.0564607 0.0564607 0.0564607 0.0564607 0.0564607 0.0564607 0.0564607 0.0564607 0.0564607 0.0564607 0.0564607 0.0564607 0.0564607 0.0564607 0.0564607 0.0564607 0.0564607 0.0564607 0.0564607 0.0564607 0.0564607 0.0564607 0.0564607 0.0564607 0.0564607 0.0564607 0.0564607 0.0564607 0.0564607 0.0564607 0.0564607 0.0564607 0.0564607 0.0564607 0.0564607</float_array><technique_common><accessor source="#hpl_mixamorigwHeadTop_End-roty-array" count="38" stride="1" /></technique_common></source>
      <source id="hpl_mixamorigwHeadTop_End-rotx"><float_array id="hpl_mixamorigwHeadTop_End-rotx-array" count="38">-26.1357 -26.1357 -26.1357 -26.1357 -26.1357 -26.1357 -26.1357 -26.1357 -26.1357 -26.1357 -26.1357 -26.1357 -26.1357 -26.1357 -26.1357 -26.1357 -26.1357 -26.1357 -26.1357 -26.1357 -26.1357 -26.1357 -26.1357 -26.1357 -26.1357 -26.1357 -26.1357 -26.1357 -26.1357 -26.1357 -26.1357 -26.1357 -26.1357 -26.1357 -26.1357 -26.1357 -26.1357 -26.1357</float_array><technique_common><accessor source="#hpl_mixamorigwHeadTop_End-rotx-array" count="38" stride="1" /></technique_common></source>
      <sampler id="hpl_mixamorigwHeadTop_End-trans-sampler"><input semantic="INPUT" source="#hpl_mixamorigwHeadTop_End-time" /><input semantic="OUTPUT" source="#hpl_mixamorigwHeadTop_End-trans" /></sampler><channel source="#hpl_mixamorigwHeadTop_End-trans-sampler" target="mixamorigwHeadTop_End/translate" />
      <sampler id="hpl_mixamorigwHeadTop_End-rotz-sampler"><input semantic="INPUT" source="#hpl_mixamorigwHeadTop_End-time" /><input semantic="OUTPUT" source="#hpl_mixamorigwHeadTop_End-rotz" /></sampler><channel source="#hpl_mixamorigwHeadTop_End-rotz-sampler" target="mixamorigwHeadTop_End/rotateZ.ANGLE" />
      <sampler id="hpl_mixamorigwHeadTop_End-roty-sampler"><input semantic="INPUT" source="#hpl_mixamorigwHeadTop_End-time" /><input semantic="OUTPUT" source="#hpl_mixamorigwHeadTop_End-roty" /></sampler><channel source="#hpl_mixamorigwHeadTop_End-roty-sampler" target="mixamorigwHeadTop_End/rotateY.ANGLE" />
      <sampler id="hpl_mixamorigwHeadTop_End-rotx-sampler"><input semantic="INPUT" source="#hpl_mixamorigwHeadTop_End-time" /><input semantic="OUTPUT" source="#hpl_mixamorigwHeadTop_End-rotx" /></sampler><channel source="#hpl_mixamorigwHeadTop_End-rotx-sampler" target="mixamorigwHeadTop_End/rotateX.ANGLE" />
    </animation>
    <animation id="hpl_mixamorigwHeadFront">
      <source id="hpl_mixamorigwHeadFront-time"><float_array id="hpl_mixamorigwHeadFront-time-array" count="38">0 1 2 3 4 5 6 7 8 9 10 11 12 13 14 15 16 17 18 19 20 21 22 23 24 25 26 27 28 29 30 31 32 33 34 35 36 37</float_array><technique_common><accessor source="#hpl_mixamorigwHeadFront-time-array" count="38" stride="1" /></technique_common></source>
      <source id="hpl_mixamorigwHeadFront-trans"><float_array id="hpl_mixamorigwHeadFront-trans-array" count="114">0.00116741 0.14481 0.121135 0.00116741 0.14481 0.121135 0.00116741 0.14481 0.121135 0.00116741 0.14481 0.121135 0.00116741 0.14481 0.121135 0.00116741 0.14481 0.121135 0.00116741 0.14481 0.121135 0.00116741 0.14481 0.121135 0.00116741 0.14481 0.121135 0.00116741 0.14481 0.121135 0.00116741 0.14481 0.121135 0.00116741 0.14481 0.121135 0.00116741 0.14481 0.121135 0.00116741 0.14481 0.121135 0.00116741 0.14481 0.121135 0.00116741 0.14481 0.121135 0.00116741 0.14481 0.121135 0.00116741 0.14481 0.121135 0.00116741 0.14481 0.121135 0.00116741 0.14481 0.121135 0.00116741 0.14481 0.121135 0.00116741 0.14481 0.121135 0.00116741 0.14481 0.121135 0.00116741 0.14481 0.121135 0.00116741 0.14481 0.121135 0.00116741 0.14481 0.121135 0.00116741 0.14481 0.121135 0.00116741 0.14481 0.121135 0.00116741 0.14481 0.121135 0.00116741 0.14481 0.121135 0.00116741 0.14481 0.121135 0.00116741 0.14481 0.121135 0.00116741 0.14481 0.121135 0.00116741 0.14481 0.121135 0.00116741 0.14481 0.121135 0.00116741 0.14481 0.121135 0.00116741 0.14481 0.121135 0.00116741 0.14481 0.121135</float_array><technique_common><accessor source="#hpl_mixamorigwHeadFront-trans-array" count="38" stride="3" /></technique_common></source>
      <source id="hpl_mixamorigwHeadFront-rotz"><float_array id="hpl_mixamorigwHeadFront-rotz-array" count="38">-0.354292 -0.354292 -0.354292 -0.354292 -0.354292 -0.354292 -0.354292 -0.354292 -0.354292 -0.354292 -0.354292 -0.354292 -0.354292 -0.354292 -0.354292 -0.354292 -0.354292 -0.354292 -0.354292 -0.354292 -0.354292 -0.354292 -0.354292 -0.354292 -0.354292 -0.354292 -0.354292 -0.354292 -0.354292 -0.354292 -0.354292 -0.354292 -0.354292 -0.354292 -0.354292 -0.354292 -0.354292 -0.354292</float_array><technique_common><accessor source="#hpl_mixamorigwHeadFront-rotz-array" count="38" stride="1" /></technique_common></source>
      <source id="hpl_mixamorigwHeadFront-roty"><float_array id="hpl_mixamorigwHeadFront-roty-array" count="38">0.128633 0.128633 0.128633 0.128633 0.128633 0.128633 0.128633 0.128633 0.128633 0.128633 0.128633 0.128633 0.128633 0.128633 0.128633 0.128633 0.128633 0.128633 0.128633 0.128633 0.128633 0.128633 0.128633 0.128633 0.128633 0.128633 0.128633 0.128633 0.128633 0.128633 0.128633 0.128633 0.128633 0.128633 0.128633 0.128633 0.128633 0.128633</float_array><technique_common><accessor source="#hpl_mixamorigwHeadFront-roty-array" count="38" stride="1" /></technique_common></source>
      <source id="hpl_mixamorigwHeadFront-rotx"><float_array id="hpl_mixamorigwHeadFront-rotx-array" count="38">39.911 39.911 39.911 39.911 39.911 39.911 39.911 39.911 39.911 39.911 39.911 39.911 39.911 39.911 39.911 39.911 39.911 39.911 39.911 39.911 39.911 39.911 39.911 39.911 39.911 39.911 39.911 39.911 39.911 39.911 39.911 39.911 39.911 39.911 39.911 39.911 39.911 39.911</float_array><technique_common><accessor source="#hpl_mixamorigwHeadFront-rotx-array" count="38" stride="1" /></technique_common></source>
      <sampler id="hpl_mixamorigwHeadFront-trans-sampler"><input semantic="INPUT" source="#hpl_mixamorigwHeadFront-time" /><input semantic="OUTPUT" source="#hpl_mixamorigwHeadFront-trans" /></sampler><channel source="#hpl_mixamorigwHeadFront-trans-sampler" target="mixamorigwHeadFront/translate" />
      <sampler id="hpl_mixamorigwHeadFront-rotz-sampler"><input semantic="INPUT" source="#hpl_mixamorigwHeadFront-time" /><input semantic="OUTPUT" source="#hpl_mixamorigwHeadFront-rotz" /></sampler><channel source="#hpl_mixamorigwHeadFront-rotz-sampler" target="mixamorigwHeadFront/rotateZ.ANGLE" />
      <sampler id="hpl_mixamorigwHeadFront-roty-sampler"><input semantic="INPUT" source="#hpl_mixamorigwHeadFront-time" /><input semantic="OUTPUT" source="#hpl_mixamorigwHeadFront-roty" /></sampler><channel source="#hpl_mixamorigwHeadFront-roty-sampler" target="mixamorigwHeadFront/rotateY.ANGLE" />
      <sampler id="hpl_mixamorigwHeadFront-rotx-sampler"><input semantic="INPUT" source="#hpl_mixamorigwHeadFront-time" /><input semantic="OUTPUT" source="#hpl_mixamorigwHeadFront-rotx" /></sampler><channel source="#hpl_mixamorigwHeadFront-rotx-sampler" target="mixamorigwHeadFront/rotateX.ANGLE" />
    </animation>
  </library_animations>
  <scene><instance_visual_scene url="#RootNode" /></scene>
</COLLADA>