<?xml version='1.0' encoding='utf-8'?>
<COLLADA xmlns="http://www.collada.org/2005/11/COLLADASchema" version="1.4.1">
  <asset>
    <contributor><author>hpl_dae_export</author><authoring_tool>Blender 4.2.0</authoring_tool></contributor>
    <unit name="meter" meter="1" />
    <up_axis>Y_UP</up_axis>
  </asset>
  <library_images>
    <image id="malik-diffuse-image"><init_from>malik.tga</init_from></image>
    <image id="malik-emission-image"><init_from>malik.tga</init_from></image>
    <image id="malik-normal-image"><init_from>malik.tga</init_from></image>
  </library_images>
  <library_effects>
    <effect id="malik-fx" name="malik"><profile_COMMON>
      <newparam sid="malik-diffuse-surface"><surface type="2D"><init_from>malik-diffuse-image</init_from></surface></newparam>
      <newparam sid="malik-diffuse-sampler"><sampler2D><source>malik-diffuse-surface</source></sampler2D></newparam>
      <newparam sid="malik-emission-surface"><surface type="2D"><init_from>malik-emission-image</init_from></surface></newparam>
      <newparam sid="malik-emission-sampler"><sampler2D><source>malik-emission-surface</source></sampler2D></newparam>
      <technique sid="common"><lambert>
        <diffuse><texture texture="malik-diffuse-sampler" texcoord="CHANNEL0" /></diffuse>
      </lambert></technique>
    </profile_COMMON></effect>
  </library_effects>
  <library_materials>
    <material id="malik" name="malik"><instance_effect url="#malik-fx" /></material>
  </library_materials>
  <library_geometries>
    <geometry id="Mesh_0_1" name="Mesh_0"><mesh>
      <source id="Mesh_0_1-vpos"><float_array id="Mesh_0_1-vpos-array" count="9">0.00385354 0.969239 -0.00528156 0.0538535 0.969239 -0.00528156 0.00385354 1.01924 -0.00528156</float_array><technique_common><accessor source="#Mesh_0_1-vpos-array" count="3" stride="3"><param name="X" type="float" /><param name="Y" type="float" /><param name="Z" type="float" /></accessor></technique_common></source>
      <source id="Mesh_0_1-vnrm"><float_array id="Mesh_0_1-vnrm-array" count="9">0 0 1 0 0 1 0 0 1</float_array><technique_common><accessor source="#Mesh_0_1-vnrm-array" count="3" stride="3"><param name="X" type="float" /><param name="Y" type="float" /><param name="Z" type="float" /></accessor></technique_common></source>
      <source id="Mesh_0_1-vuv"><float_array id="Mesh_0_1-vuv-array" count="6">0 0 1 0 0 1</float_array><technique_common><accessor source="#Mesh_0_1-vuv-array" count="3" stride="2"><param name="S" type="float" /><param name="T" type="float" /></accessor></technique_common></source>
      <vertices id="Mesh_0_1-vertices"><input semantic="POSITION" source="#Mesh_0_1-vpos" /></vertices>
      <triangles count="1" material="malik"><input semantic="VERTEX" source="#Mesh_0_1-vertices" offset="0" /><input semantic="NORMAL" source="#Mesh_0_1-vnrm" offset="1" /><input semantic="TEXCOORD" source="#Mesh_0_1-vuv" offset="2" /><p>0 0 0 1 1 1 2 2 2</p></triangles>
    </mesh></geometry>
  </library_geometries>
  <library_controllers>
    <controller id="Mesh_0_1-skin" name="skinCluster0"><skin source="#Mesh_0_1">
      <bind_shape_matrix>1 0 0 0 0 1 0 0 0 0 1 0 0 0 0 1</bind_shape_matrix>
      <source id="Mesh_0_1-skin-joints"><Name_array id="Mesh_0_1-skin-joints-array" count="24">mixamorigwHips mixamorigwLeftUpLeg mixamorigwLeftLeg mixamorigwLeftFoot mixamorigwLeftToeBase mixamorigwRightUpLeg mixamorigwRightLeg mixamorigwRightFoot mixamorigwRightToeBase mixamorigwSpine mixamorigwSpine1 mixamorigwSpine2 mixamorigwLeftShoulder mixamorigwLeftArm mixamorigwLeftForeArm mixamorigwLeftHand mixamorigwRightShoulder mixamorigwRightArm mixamorigwRightForeArm mixamorigwRightHand mixamorigwNeck mixamorigwHead mixamorigwHeadTop_End mixamorigwHeadFront</Name_array><technique_common><accessor source="#Mesh_0_1-skin-joints-array" count="24" stride="1"><param name="JOINT" type="Name" /></accessor></technique_common></source>
      <source id="Mesh_0_1-skin-bind_poses"><float_array id="Mesh_0_1-skin-bind_poses-array" count="384">0.996784 -0.0397022 0.0696036 0.0350074 0.0696036 0.859369 -0.506596 -0.835878 -0.0397022 0.509812 0.859369 -0.489438 0 0 0 1 0.990163 0.0898831 -0.107236 -0.177556 0.107235 -0.979778 0.168929 0.849064 -0.0898853 -0.178767 -0.979779 0.176252 0 0 0 1 0.99676 0.0609493 -0.0524881 -0.167391 0.0524866 -0.987332 -0.149743 0.516728 -0.0609511 0.146502 -0.987332 0.00365765 0 0 0 1 0.99709 0.0259332 -0.0716882 -0.161714 0.0716883 -0.638859 0.765977 0.0743748 -0.0259358 -0.768887 -0.63886 0.133584 0 0 0 1 0.995649 1.00076e-06 -0.0931828 -0.157119 0.0931841 1.56036e-06 0.99565 -0.165753 4.42294e-07 -1 4.84035e-08 0.0429809 0 0 0 1 0.98967 -0.0919509 0.109989 0.174433 -0.109988 -0.979087 0.171149 0.848658 0.091951 -0.181478 -0.979086 0.178597 0 0 0 1 0.997973 -0.0482003 0.0415529 0.157834 -0.0415528 -0.988086 -0.148184 0.518857 0.0482003 0.146157 -0.988086 0.00298154 0 0 0 1 0.995491 -0.0318197 0.089356 0.154137 -0.0893559 -0.630627 0.770924 0.0675878 0.0318197 -0.775433 -0.630627 0.132827 0 0 0 1 0.99335 1.13874e-07 0.115137 0.148562 -0.115136 2.86819e-07 0.993349 -0.169155 5.18753e-08 -1 4.26038e-07 0.0416988 0 0 0 1 0.999977 0.00494427 0.00473304 -0.0086206 -0.00473308 0.999036 -0.0436358 -1.10561 -0.00494422 0.0436124 0.999036 -0.0369755 0 0 0 1 0.999977 0.00494423 0.00473305 -0.00862057 -0.00473304 0.999036 -0.0436361 -1.24271 -0.00494423 0.0436126 0.999036 -0.0369756 0 0 0 1 0.999862 0.0121438 0.011324 -0.0184036 -0.011324 0.997494 -0.0698444 -1.37828 -0.0121438 0.0697066 0.997494 -0.0730108 0 0 0 1 -0.0389618 8.1901e-08 -0.999241 -0.0277262 0.999241 3.01868e-09 -0.0389618 -0.042283 -4.82174e-09 -1 -8.18307e-08 1.44897 0 0 0 1 0.00856153 0.227512 -0.973738 -0.365901 0.973737 -0.223451 -0.0436475 0.129207 -0.227513 -0.947791 -0.22345 1.41049 0 0 0 1 0.070724 0.0145406 -0.99739 -0.0970561 0.99739 -0.0156091 0.0704964 -0.40923 -0.0145432 -0.999773 -0.0156065 1.39984 0 0 0 1 0.166103 -0.0697437 -0.983639 -0.0447102 0.983639 0.0822677 0.16027 -0.782822 0.0697439 -0.994167 0.0822676 1.33717 0 0 0 1 -0.0366279 7.32406e-09 0.999329 0.0277677 -0.999329 -3.58851e-09 -0.0366278 -0.0399505 -8.045e-11 -1 1.49082e-08 1.44508 0 0 0 1 0.00773206 -0.226228 0.974044 0.362764 -0.974043 -0.222079 -0.0438471 0.122465 0.226234 -0.948421 -0.222073 1.40846 0 0 0 1 0.0584042 1.97736e-07 0.998293 0.0698461 -0.998293 -6.30649e-08 0.0584043 -0.420424 -1.66971e-08 -1 2.24877e-07 1.39455 0 0 0 1 0.0965407 -0.0606554 0.993479 0.180085 -0.99348 -0.066698 0.0924687 -0.576239 0.0606543 -0.995928 -0.0666989 1.42787 0 0 0 1 0.999873 0.0115354 0.0110432 -0.0175704 -0.0110432 0.998987 -0.043634 -1.48385 -0.0115354 0.0435065 0.998987 -0.0368176 0 0 0 1 0.999978 0.00224515 0.00618342 -0.00326299 -0.00618341 0.641596 0.767018 -0.974757 -0.00224518 -0.767039 0.641596 1.21353 0 0 0 1 0.999945 0.00572479 0.00880737 -0.00859697 -0.00880736 0.913859 0.405937 -1.68462 -0.00572478 -0.405992 0.913859 0.660074 0 0 0 1 1 -1.50874e-07 1.00117e-08 4.00392e-05 -6.16999e-09 1.19209e-07 1 -0.157879 -1.52155e-07 -1 5.96047e-08 1.55623 0 0 0 1</float_array><technique_common><accessor count="24" offset="0" source="#Mesh_0_1-skin-bind_poses-array" stride="16"><param name="TRANSFORM" type="float4x4" /></accessor></technique_common></source>
      <source id="Mesh_0_1-skin-weights"><float_array id="Mesh_0_1-skin-weights-array" count="1">1</float_array><technique_common><accessor count="1" offset="0" source="#Mesh_0_1-skin-weights-array" stride="1"><param name="WEIGHT" type="float" /></accessor></technique_common></source>
      <joints><input semantic="JOINT" source="#Mesh_0_1-skin-joints" /><input semantic="INV_BIND_MATRIX" source="#Mesh_0_1-skin-bind_poses" /></joints>
      <vertex_weights count="3"><input semantic="JOINT" source="#Mesh_0_1-skin-joints" offset="0" /><input semantic="WEIGHT" source="#Mesh_0_1-skin-weights" offset="1" /><vcount>1 1 1</vcount><v>0 0 0 0 0 0</v></vertex_weights>
    </skin></controller>
  </library_controllers>
  <library_visual_scenes>
    <visual_scene id="RootNode" name="RootNode">
      <node id="mixamorigwHips" sid="mixamorigwHips" name="mixamorigwHips" type="JOINT">
        <translate sid="translate">0.00385352 0.969239 -0.00528153</translate><rotate sid="rotateZ">0 0 1 -2.2809</rotate><rotate sid="rotateY">0 1 0 -3.99122</rotate><rotate sid="rotateX">1 0 0 -30.5192</rotate>
        <node id="mixamorigwLeftUpLeg" sid="mixamorigwLeftUpLeg" name="mixamorigwLeftUpLeg" type="JOINT">
          <translate sid="translate">0.101084 -0.0783552 -0.0363447</translate><rotate sid="rotateZ">0 0 1 11.6087</rotate><rotate sid="rotateY">0 1 0 4.91312</rotate><rotate sid="rotateX">1 0 0 -158.905</rotate>
          <node id="mixamorigwLeftLeg" sid="mixamorigwLeftLeg" name="mixamorigwLeftLeg" type="JOINT">
            <translate sid="translate">-8.84533e-09 0.366933 -5.05447e-09</translate><rotate sid="rotateZ">0 0 1 2.19789</rotate><rotate sid="rotateY">0 1 0 2.81215</rotate><rotate sid="rotateX">1 0 0 18.5953</rotate>
            <node id="mixamorigwLeftFoot" sid="mixamorigwLeftFoot" name="mixamorigwLeftFoot" type="JOINT">
              <translate sid="translate">6.05747e-08 0.370118 1.13094e-07</translate><rotate sid="rotateZ">0 0 1 2.14728</rotate><rotate sid="rotateY">0 1 0 -0.79109</rotate><rotate sid="rotateX">1 0 0 -58.6844</rotate>
              <node id="mixamorigwLeftToeBase" sid="mixamorigwLeftToeBase" name="mixamorigwLeftToeBase" type="JOINT">
                <translate sid="translate">2.26662e-08 0.174433 5.24402e-08</translate><rotate sid="rotateZ">0 0 1 -3.51841e-05</rotate><rotate sid="rotateY">0 1 0 -1.93171</rotate><rotate sid="rotateX">1 0 0 -39.7069</rotate>
              </node>
            </node>
          </node>
        </node>
        <node id="mixamorigwRightUpLeg" sid="mixamorigwRightUpLeg" name="mixamorigwRightUpLeg" type="JOINT">
          <translate sid="translate">-0.0945827 -0.092128 -0.0283661</translate><rotate sid="rotateZ">0 0 1 -3.77608</rotate><rotate sid="rotateY">0 1 0 -0.478485</rotate><rotate sid="rotateX">1 0 0 -159.652</rotate>
          <node id="mixamorigwRightLeg" sid="mixamorigwRightLeg" name="mixamorigwRightLeg" type="JOINT">
            <translate sid="translate">-8.21352e-09 0.367192 1.26362e-07</translate><rotate sid="rotateZ">0 0 1 -3.18505</rotate><rotate sid="rotateY">0 1 0 -3.42995</rotate><rotate sid="rotateX">1 0 0 18.7329</rotate>
            <node id="mixamorigwRightFoot" sid="mixamorigwRightFoot" name="mixamorigwRightFoot" type="JOINT">
              <translate sid="translate">-1.02669e-09 0.373775 -1.26362e-09</translate><rotate sid="rotateZ">0 0 1 -1.32878</rotate><rotate sid="rotateY">0 1 0 2.57683</rotate><rotate sid="rotateX">1 0 0 -59.2142</rotate>
              <node id="mixamorigwRightToeBase" sid="mixamorigwRightToeBase" name="mixamorigwRightToeBase" type="JOINT">
                <translate sid="translate">4.10676e-08 0.17257 -7.58171e-08</translate><rotate sid="rotateZ">0 0 1 -1.13278e-05</rotate><rotate sid="rotateY">0 1 0 2.3498</rotate><rotate sid="rotateX">1 0 0 -39.0965</rotate>
              </node>
            </node>
          </node>
        </node>
        <node id="mixamorigwSpine" sid="mixamorigwSpine" name="mixamorigwSpine" type="JOINT">
          <translate sid="translate">-0.00650102 0.120689 0.0647114</translate><rotate sid="rotateZ">0 0 1 4.09971</rotate><rotate sid="rotateY">0 1 0 1.89759</rotate><rotate sid="rotateX">1 0 0 28.1816</rotate>
          <node id="mixamorigwSpine1" sid="mixamorigwSpine1" name="mixamorigwSpine1" type="JOINT">
            <translate sid="translate">2.0287e-08 0.137097 -2.62801e-07</translate><rotate sid="rotateZ">0 0 1 -2.30285e-06</rotate><rotate sid="rotateY">0 1 0 -5.54453e-07</rotate><rotate sid="rotateX">1 0 0 -1.35089e-05</rotate>
            <node id="mixamorigwSpine2" sid="mixamorigwSpine2" name="mixamorigwSpine2" type="JOINT">
              <translate sid="translate">6.71297e-10 0.137097 1.18032e-09</translate><rotate sid="rotateZ">0 0 1 0.395671</rotate><rotate sid="rotateY">0 1 0 -0.395296</rotate><rotate sid="rotateX">1 0 0 -1.50238</rotate>
              <node id="mixamorigwLeftShoulder" sid="mixamorigwLeftShoulder" name="mixamorigwLeftShoulder" type="JOINT">
                <translate sid="translate">0.040025 0.0686486 -0.00178681</translate><rotate sid="rotateZ">0 0 1 125.595</rotate><rotate sid="rotateY">0 1 0 85.0452</rotate><rotate sid="rotateX">1 0 0 -143.81</rotate>
                <node id="mixamorigwLeftArm" sid="mixamorigwLeftArm" name="mixamorigwLeftArm" type="JOINT">
                  <translate sid="translate">-9.23188e-11 0.157174 1.94725e-09</translate><rotate sid="rotateZ">0 0 1 2.73667</rotate><rotate sid="rotateY">0 1 0 13.1506</rotate><rotate sid="rotateX">1 0 0 13.2658</rotate>
                  <node id="mixamorigwLeftForeArm" sid="mixamorigwLeftForeArm" name="mixamorigwLeftForeArm" type="JOINT">
                    <translate sid="translate">-3.47495e-08 0.243555 -1.30153e-07</translate><rotate sid="rotateZ">0 0 1 6.38695</rotate><rotate sid="rotateY">0 1 0 -11.1276</rotate><rotate sid="rotateX">1 0 0 -13.4292</rotate>
                    <node id="mixamorigwLeftHand" sid="mixamorigwLeftHand" name="mixamorigwLeftHand" type="JOINT">
                      <translate sid="translate">7.45535e-08 0.249448 7.60145e-08</translate><rotate sid="rotateZ">0 0 1 5.60961</rotate><rotate sid="rotateY">0 1 0 -4.74167</rotate><rotate sid="rotateX">1 0 0 -5.70437</rotate>
                    </node>
                  </node>
                </node>
              </node>
              <node id="mixamorigwRightShoulder" sid="mixamorigwRightShoulder" name="mixamorigwRightShoulder" type="JOINT">
                <translate sid="translate">-0.040087 0.0656621 -0.000945981</translate><rotate sid="rotateZ">0 0 1 -110.039</rotate><rotate sid="rotateY">0 1 0 -85.7646</rotate><rotate sid="rotateX">1 0 0 -160.708</rotate>
                <node id="mixamorigwRightArm" sid="mixamorigwRightArm" name="mixamorigwRightArm" type="JOINT">
                  <translate sid="translate">2.37172e-09 0.163364 -1.62252e-07</translate><rotate sid="rotateZ">0 0 1 -2.55391</rotate><rotate sid="rotateY">0 1 0 -13.0751</rotate><rotate sid="rotateX">1 0 0 13.1787</rotate>
                  <node id="mixamorigwRightForeArm" sid="mixamorigwRightForeArm" name="mixamorigwRightForeArm" type="JOINT">
                    <translate sid="translate">-8.21352e-09 0.227531 6.31809e-08</translate><rotate sid="rotateZ">0 0 1 -5.90746</rotate><rotate sid="rotateY">0 1 0 12.0334</rotate><rotate sid="rotateX">1 0 0 -14.1336</rotate>
                    <node id="mixamorigwRightHand" sid="mixamorigwRightHand" name="mixamorigwRightHand" type="JOINT">
                      <translate sid="translate">-4.26417e-08 0.25312 -1.57282e-07</translate><rotate sid="rotateZ">0 0 1 -2.20204</rotate><rotate sid="rotateY">0 1 0 -3.47744</rotate><rotate sid="rotateX">1 0 0 3.83142</rotate>
                    </node>
                  </node>
                </node>
              </node>
              <node id="mixamorigwNeck" sid="mixamorigwNeck" name="mixamorigwNeck" type="JOINT">
                <translate sid="translate">6.2025e-05 0.104088 0.00273278</translate><rotate sid="rotateZ">0 0 1 -0.0336555</rotate><rotate sid="rotateY">0 1 0 0.0184846</rotate><rotate sid="rotateX">1 0 0 1.50393</rotate>
                <node id="mixamorigwHead" sid="mixamorigwHead" name="mixamorigwHead" type="JOINT">
                  <translate sid="translate">3.73162e-09 0.0721533 1.18502e-08</translate><rotate sid="rotateZ">0 0 1 -0.519682</rotate><rotate sid="rotateY">0 1 0 0.301393</rotate><rotate sid="rotateX">1 0 0 52.5832</rotate>
                  <node id="mixamorigwHeadTop_End" sid="mixamorigwHeadTop_End" name="mixamorigwHeadTop_End" type="JOINT">
                    <translate sid="translate">-0.00116743 0.24687 -0.121132</translate><rotate sid="rotateZ">0 0 1 0.243241</rotate><rotate sid="rotateY">0 1 0 0.0564609</rotate><rotate sid="rotateX">1 0 0 -26.1357</rotate>
                  </node>
                  <node id="mixamorigwHeadFront" sid="mixamorigwHeadFront" name="mixamorigwHeadFront" type="JOINT">
                    <translate sid="translate">0.00116742 0.144812 0.121133</translate><rotate sid="rotateZ">0 0 1 -0.354292</rotate><rotate sid="rotateY">0 1 0 0.128633</rotate><rotate sid="rotateX">1 0 0 39.9111</rotate>
                  </node>
                </node>
              </node>
            </node>
          </node>
        </node>
      </node>
      <node id="Mesh_0" name="Mesh_0" type="NODE">
        <translate sid="translate">0 0 0</translate><rotate sid="rotateZ">0 0 1 0</rotate><rotate sid="rotateY">0 1 0 -0</rotate><rotate sid="rotateX">1 0 0 -90</rotate><scale sid="scale">100 100 100</scale><instance_controller url="#Mesh_0_1-skin">
          <skeleton>#mixamorigwHips</skeleton>
          <bind_material><technique_common><instance_material symbol="defaultMaterial" target="#%s"><bind_vertex_input semantic="CHANNEL0" input_semantic="TEXCOORD" input_set="0" /></instance_material></technique_common></bind_material>
        </instance_controller>
      </node>
    </visual_scene>
  </library_visual_scenes>
  <library_animations>
    <animation id="hpl_mixamorigwHips">
      <source id="hpl_mixamorigwHips-time"><float_array id="hpl_mixamorigwHips-time-array" count="89">0 1 2 3 4 5 6 7 8 9 10 11 12 13 14 15 16 17 18 19 20 21 22 23 24 25 26 27 28 29 30 31 32 33 34 35 36 37 38 39 40 41 42 43 44 45 46 47 48 49 50 51 52 53 54 55 56 57 58 59 60 61 62 63 64 65 66 67 68 69 70 71 72 73 74 75 76 77 78 79 80 81 82 83 84 85 86 87 88</float_array><technique_common><accessor source="#hpl_mixamorigwHips-time-array" count="89" stride="1" /></technique_common></source>
      <source id="hpl_mixamorigwHips-trans"><float_array id="hpl_mixamorigwHips-trans-array" count="267">0.00385354 0.508746 -0.00528156 0.00383532 0.510045 -0.00528953 0.00381709 0.511344 -0.00529751 0.00379887 0.512643 -0.00530548 0.00378065 0.513941 -0.00531345 0.00376242 0.51524 -0.00532143 0.0037442 0.516539 -0.0053294 0.00372598 0.517837 -0.00533738 0.00370775 0.519136 -0.00534535 0.00368953 0.520434 -0.00535333 0.00367131 0.521733 -0.0053613 0.00365309 0.523031 -0.00536927 0.00363486 0.524329 -0.00537725 0.00361664 0.525627 -0.00538522 0.00359842 0.526925 -0.0053932 0.00358869 0.528239 -0.00540513 0.00359595 0.529588 -0.00542498 0.00360321 0.530936 -0.00544483 0.00361047 0.532284 -0.00546468 0.00361773 0.533632 -0.00548452 0.00362499 0.534979 -0.00550437 0.00363225 0.536327 -0.00552422 0.00363951 0.537675 -0.00554407 0.00364677 0.539022 -0.00556392 0.00365403 0.54037 -0.00558376 0.00366129 0.541717 -0.00560361 0.00366855 0.543064 -0.00562346 0.00367581 0.544411 -0.00564331 0.00368307 0.545758 -0.00566316 0.00369033 0.547105 -0.00568301 0.00370005 0.548457 -0.00567107 0.00371102 0.549813 -0.00564325 0.00372198 0.551168 -0.00561543 0.00373294 0.552523 -0.00558761 0.00374391 0.553877 -0.00555978 0.00375487 0.555232 -0.00553196 0.00376583 0.556587 -0.00550414 0.0037768 0.557941 -0.00547631 0.00378776 0.559295 -0.00544849 0.00379872 0.560649 -0.00542067 0.00380969 0.562003 -0.00539285 0.00382065 0.563357 -0.00536502 0.00383161 0.564711 -0.0053372 0.00384258 0.566064 -0.00530938 0.00385354 0.567418 -0.00528156 0.00384258 0.566064 -0.00530938 0.00383161 0.564711 -0.0053372 0.00382065 0.563357 -0.00536502 0.00380969 0.562003 -0.00539285 0.00379872 0.560649 -0.00542067 0.00378776 0.559295 -0.00544849 0.0037768 0.557941 -0.00547631 0.00376583 0.556587 -0.00550414 0.00375487 0.555232 -0.00553196 0.00374391 0.553877 -0.00555978 0.00373294 0.552523 -0.00558761 0.00372198 0.551168 -0.00561543 0.00371102 0.549813 -0.00564325 0.00370005 0.548457 -0.00567107 0.00369033 0.547105 -0.00568301 0.00368307 0.545758 -0.00566316 0.00367581 0.544411 -0.00564331 0.00366855 0.543064 -0.00562346 0.00366129 0.541717 -0.00560361 0.00365403 0.54037 -0.00558376 0.00364677 0.539022 -0.00556392 0.00363951 0.537675 -0.00554407 0.00363225 0.536327 -0.00552422 0.00362499 0.534979 -0.00550437 0.00361773 0.533632 -0.00548452 0.00361047 0.532284 -0.00546468 0.00360321 0.530936 -0.00544483 0.00359595 0.529588 -0.00542498 0.00358869 0.528239 -0.00540513 0.00359842 0.526925 -0.0053932 0.00361664 0.525627 -0.00538522 0.00363486 0.524329 -0.00537725 0.00365309 0.523031 -0.00536927 0.00367131 0.521733 -0.0053613 0.00368953 0.520434 -0.00535333 0.00370775 0.519136 -0.00534535 0.00372598 0.517837 -0.00533738 0.0037442 0.516539 -0.0053294 0.00376242 0.51524 -0.00532143 0.00378065 0.513941 -0.00531345 0.00379887 0.512643 -0.00530548 0.00381709 0.511344 -0.00529751 0.00383532 0.510045 -0.00528953 0.00385354 0.508746 -0.00528156</float_array><technique_common><accessor source="#hpl_mixamorigwHips-trans-array" count="89" stride="3" /></technique_common></source>
      <source id="hpl_mixamorigwHips-rotz"><float_array id="hpl_mixamorigwHips-rotz-array" count="89">-8.89628 -8.89612 -8.89595 -8.89578 -8.89561 -8.89543 -8.89525 -8.89507 -8.89488 -8.89469 -8.89449 -8.89429 -8.89409 -8.89388 -8.89367 -8.89225 -8.8884 -8.88455 -8.88069 -8.87683 -8.87297 -8.86911 -8.86524 -8.86137 -8.8575 -8.85362 -8.84974 -8.84586 -8.84197 -8.83808 -8.8328 -8.82683 -8.82085 -8.81488 -8.80889 -8.80291 -8.79693 -8.79094 -8.78495 -8.77896 -8.77296 -8.76697 -8.76097 -8.75497 -8.74896 -8.75497 -8.76097 -8.76697 -8.77296 -8.77896 -8.78495 -8.79094 -8.79693 -8.80291 -8.80889 -8.81488 -8.82085 -8.82683 -8.8328 -8.83808 -8.84197 -8.84586 -8.84974 -8.85362 -8.8575 -8.86137 -8.86524 -8.86911 -8.87297 -8.87683 -8.88069 -8.88455 -8.8884 -8.89225 -8.89367 -8.89388 -8.89409 -8.89429 -8.89449 -8.89469 -8.89488 -8.89507 -8.89525 -8.89543 -8.89561 -8.89578 -8.89595 -8.89612 -8.89628</float_array><technique_common><accessor source="#hpl_mixamorigwHips-rotz-array" count="89" stride="1" /></technique_common></source>
      <source id="hpl_mixamorigwHips-roty"><float_array id="hpl_mixamorigwHips-roty-array" count="89">-5.84523 -5.84655 -5.84787 -5.84917 -5.85048 -5.85178 -5.85307 -5.85436 -5.85564 -5.85692 -5.8582 -5.85947 -5.86073 -5.86199 -5.86325 -5.86574 -5.87073 -5.8757 -5.88068 -5.88565 -5.89062 -5.89558 -5.90054 -5.90549 -5.91044 -5.91539 -5.92033 -5.92527 -5.93021 -5.93514 -5.94471 -5.95659 -5.96848 -5.98036 -5.99224 -6.00411 -6.01599 -6.02786 -6.03972 -6.05158 -6.06344 -6.0753 -6.08716 -6.09901 -6.11085 -6.09901 -6.08716 -6.0753 -6.06344 -6.05158 -6.03972 -6.02786 -6.01599 -6.00411 -5.99224 -5.98036 -5.96848 -5.95659 -5.94471 -5.93514 -5.93021 -5.92527 -5.92033 -5.91539 -5.91044 -5.90549 -5.90054 -5.89558 -5.89062 -5.88565 -5.88068 -5.8757 -5.87073 -5.86574 -5.86325 -5.86199 -5.86073 -5.85947 -5.8582 -5.85692 -5.85564 -5.85436 -5.85307 -5.85178 -5.85048 -5.84917 -5.84787 -5.84655 -5.84523</float_array><technique_common><accessor source="#hpl_mixamorigwHips-roty-array" count="89" stride="1" /></technique_common></source>
      <source id="hpl_mixamorigwHips-rotx"><float_array id="hpl_mixamorigwHips-rotx-array" count="89">-23.178 -23.1122 -23.0463 -22.9804 -22.9146 -22.8487 -22.7828 -22.7169 -22.6511 -22.5852 -22.5193 -22.4535 -22.3876 -22.3217 -22.2559 -22.1921 -22.1324 -22.0727 -22.0131 -21.9534 -21.8937 -21.834 -21.7744 -21.7147 -21.655 -21.5954 -21.5357 -21.476 -21.4163 -21.3567 -21.3013 -21.2481 -21.1949 -21.1417 -21.0885 -21.0353 -20.9821 -20.9289 -20.8756 -20.8224 -20.7692 -20.716 -20.6628 -20.6096 -20.5563 -20.6096 -20.6628 -20.716 -20.7692 -20.8224 -20.8756 -20.9289 -20.9821 -21.0353 -21.0885 -21.1417 -21.1949 -21.2481 -21.3013 -21.3567 -21.4163 -21.476 -21.5357 -21.5954 -21.655 -21.7147 -21.7744 -21.834 -21.8937 -21.9534 -22.0131 -22.0727 -22.1324 -22.1921 -22.2559 -22.3217 -22.3876 -22.4535 -22.5193 -22.5852 -22.6511 -22.7169 -22.7828 -22.8487 -22.9146 -22.9804 -23.0463 -23.1122 -23.178</float_array><technique_common><accessor source="#hpl_mixamorigwHips-rotx-array" count="89" stride="1" /></technique_common></source>
      <sampler id="hpl_mixamorigwHips-trans-sampler"><input semantic="INPUT" source="#hpl_mixamorigwHips-time" /><input semantic="OUTPUT" source="#hpl_mixamorigwHips-trans" /></sampler><channel source="#hpl_mixamorigwHips-trans-sampler" target="mixamorigwHips/translate" />
      <sampler id="hpl_mixamorigwHips-rotz-sampler"><input semantic="INPUT" source="#hpl_mixamorigwHips-time" /><input semantic="OUTPUT" source="#hpl_mixamorigwHips-rotz" /></sampler><channel source="#hpl_mixamorigwHips-rotz-sampler" target="mixamorigwHips/rotateZ.ANGLE" />
      <sampler id="hpl_mixamorigwHips-roty-sampler"><input semantic="INPUT" source="#hpl_mixamorigwHips-time" /><input semantic="OUTPUT" source="#hpl_mixamorigwHips-roty" /></sampler><channel source="#hpl_mixamorigwHips-roty-sampler" target="mixamorigwHips/rotateY.ANGLE" />
      <sampler id="hpl_mixamorigwHips-rotx-sampler"><input semantic="INPUT" source="#hpl_mixamorigwHips-time" /><input semantic="OUTPUT" source="#hpl_mixamorigwHips-rotx" /></sampler><channel source="#hpl_mixamorigwHips-rotx-sampler" target="mixamorigwHips/rotateX.ANGLE" />
    </animation>
    <animation id="hpl_mixamorigwLeftUpLeg">
      <source id="hpl_mixamorigwLeftUpLeg-time"><float_array id="hpl_mixamorigwLeftUpLeg-time-array" count="89">0 1 2 3 4 5 6 7 8 9 10 11 12 13 14 15 16 17 18 19 20 21 22 23 24 25 26 27 28 29 30 31 32 33 34 35 36 37 38 39 40 41 42 43 44 45 46 47 48 49 50 51 52 53 54 55 56 57 58 59 60 61 62 63 64 65 66 67 68 69 70 71 72 73 74 75 76 77 78 79 80 81 82 83 84 85 86 87 88</float_array><technique_common><accessor source="#hpl_mixamorigwLeftUpLeg-time-array" count="89" stride="1" /></technique_common></source>
      <source id="hpl_mixamorigwLeftUpLeg-trans"><float_array id="hpl_mixamorigwLeftUpLeg-trans-array" count="267">0.101084 -0.0783561 -0.036345 0.101084 -0.0783561 -0.036345 0.101084 -0.0783561 -0.036345 0.101084 -0.0783561 -0.036345 0.101084 -0.0783561 -0.036345 0.101084 -0.0783561 -0.036345 0.101084 -0.0783561 -0.036345 0.101084 -0.0783561 -0.036345 0.101084 -0.0783561 -0.036345 0.101084 -0.0783561 -0.036345 0.101084 -0.0783561 -0.036345 0.101084 -0.0783561 -0.036345 0.101084 -0.0783561 -0.036345 0.101084 -0.0783561 -0.036345 0.101084 -0.0783561 -0.036345 0.101084 -0.0783561 -0.036345 0.101084 -0.0783561 -0.036345 0.101084 -0.0783561 -0.036345 0.101084 -0.0783561 -0.036345 0.101084 -0.0783561 -0.036345 0.101084 -0.0783561 -0.036345 0.101084 -0.0783561 -0.036345 0.101084 -0.0783561 -0.036345 0.101084 -0.0783561 -0.036345 0.101084 -0.0783561 -0.036345 0.101084 -0.0783561 -0.036345 0.101084 -0.0783561 -0.036345 0.101084 -0.0783561 -0.036345 0.101084 -0.0783561 -0.036345 0.101084 -0.0783561 -0.036345 0.101084 -0.0783561 -0.036345 0.101084 -0.0783561 -0.036345 0.101084 -0.0783561 -0.036345 0.101084 -0.0783561 -0.036345 0.101084 -0.0783561 -0.036345 0.101084 -0.0783561 -0.036345 0.101084 -0.0783561 -0.036345 0.101084 -0.0783561 -0.036345 0.101084 -0.0783561 -0.036345 0.101084 -0.0783561 -0.036345 0.101084 -0.0783561 -0.036345 0.101084 -0.0783561 -0.036345 0.101084 -0.0783561 -0.036345 0.101084 -0.0783561 -0.036345 0.101084 -0.0783561 -0.036345 0.101084 -0.0783561 -0.036345 0.101084 -0.0783561 -0.036345 0.101084 -0.0783561 -0.036345 0.101084 -0.0783561 -0.036345 0.101084 -0.0783561 -0.036345 0.101084 -0.0783561 -0.036345 0.101084 -0.0783561 -0.036345 0.101084 -0.0783561 -0.036345 0.101084 -0.0783561 -0.036345 0.101084 -0.0783561 -0.036345 0.101084 -0.0783561 -0.036345 0.101084 -0.0783561 -0.036345 0.101084 -0.0783561 -0.036345 0.101084 -0.0783561 -0.036345 0.101084 -0.0783561 -0.036345 0.101084 -0.0783561 -0.036345 0.101084 -0.0783561 -0.036345 0.101084 -0.0783561 -0.036345 0.101084 -0.0783561 -0.036345 0.101084 -0.0783561 -0.036345 0.101084 -0.0783561 -0.036345 0.101084 -0.0783561 -0.036345 0.101084 -0.0783561 -0.036345 0.101084 -0.0783561 -0.036345 0.101084 -0.0783561 -0.036345 0.101084 -0.0783561 -0.036345 0.101084 -0.0783561 -0.036345 0.101084 -0.0783561 -0.036345 0.101084 -0.0783561 -0.036345 0.101084 -0.0783561 -0.036345 0.101084 -0.0783561 -0.036345 0.101084 -0.0783561 -0.036345 0.101084 -0.0783561 -0.036345 0.101084 -0.0783561 -0.036345 0.101084 -0.0783561 -0.036345 0.101084 -0.0783561 -0.036345 0.101084 -0.0783561 -0.036345 0.101084 -0.0783561 -0.036345 0.101084 -0.0783561 -0.036345 0.101084 -0.0783561 -0.036345 0.101084 -0.0783561 -0.036345 0.101084 -0.0783561 -0.036345 0.101084 -0.0783561 -0.036345 0.101084 -0.0783561 -0.036345</float_array><technique_common><accessor source="#hpl_mixamorigwLeftUpLeg-trans-array" count="89" stride="3" /></technique_common></source>
      <source id="hpl_mixamorigwLeftUpLeg-rotz"><float_array id="hpl_mixamorigwLeftUpLeg-rotz-array" count="89">17.3909 17.3155 17.2402 17.1648 17.0894 17.014 16.9386 16.8632 16.7878 16.7124 16.637 16.5616 16.4862 16.4107 16.3353 16.2597 16.1838 16.1078 16.0319 15.956 15.88 15.8041 15.7281 15.6521 15.5762 15.5002 15.4242 15.3482 15.2722 15.1962 15.1251 15.0565 14.9878 14.9191 14.8504 14.7817 14.7131 14.6444 14.5757 14.507 14.4383 14.3696 14.3009 14.2322 14.1635 14.2322 14.3009 14.3696 14.4383 14.507 14.5757 14.6444 14.7131 14.7817 14.8504 14.9191 14.9878 15.0565 15.1251 15.1962 15.2722 15.3482 15.4242 15.5002 15.5762 15.6521 15.7281 15.8041 15.88 15.956 16.0319 16.1078 16.1838 16.2597 16.3353 16.4107 16.4862 16.5616 16.637 16.7124 16.7878 16.8632 16.9386 17.014 17.0894 17.1648 17.2402 17.3155 17.3909</float_array><technique_common><accessor source="#hpl_mixamorigwLeftUpLeg-rotz-array" count="89" stride="1" /></technique_common></source>
      <source id="hpl_mixamorigwLeftUpLeg-roty"><float_array id="hpl_mixamorigwLeftUpLeg-roty-array" count="89">3.57827 3.58721 3.59616 3.60512 3.61409 3.62306 3.63205 3.64104 3.65004 3.65905 3.66807 3.67709 3.68613 3.69517 3.70422 3.71266 3.71985 3.72705 3.73426 3.74148 3.74871 3.75594 3.76318 3.77043 3.77768 3.78494 3.79221 3.79949 3.80677 3.81406 3.81852 3.82157 3.82462 3.82768 3.83074 3.8338 3.83686 3.83993 3.843 3.84607 3.84915 3.85223 3.85531 3.8584 3.86148 3.8584 3.85531 3.85223 3.84915 3.84607 3.843 3.83993 3.83686 3.8338 3.83074 3.82768 3.82462 3.82157 3.81852 3.81406 3.80677 3.79949 3.79221 3.78494 3.77768 3.77043 3.76318 3.75594 3.74871 3.74148 3.73426 3.72705 3.71985 3.71266 3.70422 3.69517 3.68613 3.67709 3.66807 3.65905 3.65004 3.64104 3.63205 3.62306 3.61409 3.60512 3.59616 3.58721 3.57827</float_array><technique_common><accessor source="#hpl_mixamorigwLeftUpLeg-roty-array" count="89" stride="1" /></technique_common></source>
      <source id="hpl_mixamorigwLeftUpLeg-rotx"><float_array id="hpl_mixamorigwLeftUpLeg-rotx-array" count="89">131.916 131.915 131.914 131.913 131.911 131.91 131.909 131.907 131.906 131.904 131.903 131.901 131.9 131.898 131.896 131.902 131.921 131.941 131.96 131.98 131.999 132.018 132.038 132.057 132.076 132.095 132.114 132.134 132.153 132.171 132.212 132.263 132.314 132.365 132.416 132.466 132.517 132.568 132.619 132.67 132.72 132.771 132.821 132.872 132.922 132.872 132.821 132.771 132.72 132.67 132.619 132.568 132.517 132.466 132.416 132.365 132.314 132.263 132.212 132.171 132.153 132.134 132.114 132.095 132.076 132.057 132.038 132.018 131.999 131.98 131.96 131.941 131.921 131.902 131.896 131.898 131.9 131.901 131.903 131.904 131.906 131.907 131.909 131.91 131.911 131.913 131.914 131.915 131.916</float_array><technique_common><accessor source="#hpl_mixamorigwLeftUpLeg-rotx-array" count="89" stride="1" /></technique_common></source>
      <sampler id="hpl_mixamorigwLeftUpLeg-trans-sampler"><input semantic="INPUT" source="#hpl_mixamorigwLeftUpLeg-time" /><input semantic="OUTPUT" source="#hpl_mixamorigwLeftUpLeg-trans" /></sampler><channel source="#hpl_mixamorigwLeftUpLeg-trans-sampler" target="mixamorigwLeftUpLeg/translate" />
      <sampler id="hpl_mixamorigwLeftUpLeg-rotz-sampler"><input semantic="INPUT" source="#hpl_mixamorigwLeftUpLeg-time" /><input semantic="OUTPUT" source="#hpl_mixamorigwLeftUpLeg-rotz" /></sampler><channel source="#hpl_mixamorigwLeftUpLeg-rotz-sampler" target="mixamorigwLeftUpLeg/rotateZ.ANGLE" />
      <sampler id="hpl_mixamorigwLeftUpLeg-roty-sampler"><input semantic="INPUT" source="#hpl_mixamorigwLeftUpLeg-time" /><input semantic="OUTPUT" source="#hpl_mixamorigwLeftUpLeg-roty" /></sampler><channel source="#hpl_mixamorigwLeftUpLeg-roty-sampler" target="mixamorigwLeftUpLeg/rotateY.ANGLE" />
      <sampler id="hpl_mixamorigwLeftUpLeg-rotx-sampler"><input semantic="INPUT" source="#hpl_mixamorigwLeftUpLeg-time" /><input semantic="OUTPUT" source="#hpl_mixamorigwLeftUpLeg-rotx" /></sampler><channel source="#hpl_mixamorigwLeftUpLeg-rotx-sampler" target="mixamorigwLeftUpLeg/rotateX.ANGLE" />
    </animation>
    <animation id="hpl_mixamorigwLeftLeg">
      <source id="hpl_mixamorigwLeftLeg-time"><float_array id="hpl_mixamorigwLeftLeg-time-array" count="89">0 1 2 3 4 5 6 7 8 9 10 11 12 13 14 15 16 17 18 19 20 21 22 23 24 25 26 27 28 29 30 31 32 33 34 35 36 37 38 39 40 41 42 43 44 45 46 47 48 49 50 51 52 53 54 55 56 57 58 59 60 61 62 63 64 65 66 67 68 69 70 71 72 73 74 75 76 77 78 79 80 81 82 83 84 85 86 87 88</float_array><technique_common><accessor source="#hpl_mixamorigwLeftLeg-time-array" count="89" stride="1" /></technique_common></source>
      <source id="hpl_mixamorigwLeftLeg-trans"><float_array id="hpl_mixamorigwLeftLeg-trans-array" count="267">6.40674e-08 0.366933 1.23554e-07 6.40674e-08 0.366933 1.23554e-07 6.40674e-08 0.366933 1.23554e-07 6.40674e-08 0.366933 1.23554e-07 6.40674e-08 0.366933 1.23554e-07 6.40674e-08 0.366933 1.23554e-07 6.40674e-08 0.366933 1.23554e-07 6.40674e-08 0.366933 1.23554e-07 6.40674e-08 0.366933 1.23554e-07 6.40674e-08 0.366933 1.23554e-07 6.40674e-08 0.366933 1.23554e-07 6.40674e-08 0.366933 1.23554e-07 6.40674e-08 0.366933 1.23554e-07 6.40674e-08 0.366933 1.23554e-07 6.40674e-08 0.366933 1.23554e-07 6.40674e-08 0.366933 1.23554e-07 6.40674e-08 0.366933 1.23554e-07 6.40674e-08 0.366933 1.23554e-07 6.40674e-08 0.366933 1.23554e-07 6.40674e-08 0.366933 1.23554e-07 6.40674e-08 0.366933 1.23554e-07 6.40674e-08 0.366933 1.23554e-07 6.40674e-08 0.366933 1.23554e-07 6.40674e-08 0.366933 1.23554e-07 6.40674e-08 0.366933 1.23554e-07 6.40674e-08 0.366933 1.23554e-07 6.40674e-08 0.366933 1.23554e-07 6.40674e-08 0.366933 1.23554e-07 6.40674e-08 0.366933 1.23554e-07 6.40674e-08 0.366933 1.23554e-07 6.40674e-08 0.366933 1.23554e-07 6.40674e-08 0.366933 1.23554e-07 6.40674e-08 0.366933 1.23554e-07 6.40674e-08 0.366933 1.23554e-07 6.40674e-08 0.366933 1.23554e-07 6.40674e-08 0.366933 1.23554e-07 6.40674e-08 0.366933 1.23554e-07 6.40674e-08 0.366933 1.23554e-07 6.40674e-08 0.366933 1.23554e-07 6.40674e-08 0.366933 1.23554e-07 6.40674e-08 0.366933 1.23554e-07 6.40674e-08 0.366933 1.23554e-07 6.40674e-08 0.366933 1.23554e-07 6.40674e-08 0.366933 1.23554e-07 6.40674e-08 0.366933 1.23554e-07 6.40674e-08 0.366933 1.23554e-07 6.40674e-08 0.366933 1.23554e-07 6.40674e-08 0.366933 1.23554e-07 6.40674e-08 0.366933 1.23554e-07 6.40674e-08 0.366933 1.23554e-07 6.40674e-08 0.366933 1.23554e-07 6.40674e-08 0.366933 1.23554e-07 6.40674e-08 0.366933 1.23554e-07 6.40674e-08 0.366933 1.23554e-07 6.40674e-08 0.366933 1.23554e-07 6.40674e-08 0.366933 1.23554e-07 6.40674e-08 0.366933 1.23554e-07 6.40674e-08 0.366933 1.23554e-07 6.40674e-08 0.366933 1.23554e-07 6.40674e-08 0.366933 1.23554e-07 6.40674e-08 0.366933 1.23554e-07 6.40674e-08 0.366933 1.23554e-07 6.40674e-08 0.366933 1.23554e-07 6.40674e-08 0.366933 1.23554e-07 6.40674e-08 0.366933 1.23554e-07 6.40674e-08 0.366933 1.23554e-07 6.40674e-08 0.366933 1.23554e-07 6.40674e-08 0.366933 1.23554e-07 6.40674e-08 0.366933 1.23554e-07 6.40674e-08 0.366933 1.23554e-07 6.40674e-08 0.366933 1.23554e-07 6.40674e-08 0.366933 1.23554e-07 6.40674e-08 0.366933 1.23554e-07 6.40674e-08 0.366933 1.23554e-07 6.40674e-08 0.366933 1.23554e-07 6.40674e-08 0.366933 1.23554e-07 6.40674e-08 0.366933 1.23554e-07 6.40674e-08 0.366933 1.23554e-07 6.40674e-08 0.366933 1.23554e-07 6.40674e-08 0.366933 1.23554e-07 6.40674e-08 0.366933 1.23554e-07 6.40674e-08 0.366933 1.23554e-07 6.40674e-08 0.366933 1.23554e-07 6.40674e-08 0.366933 1.23554e-07 6.40674e-08 0.366933 1.23554e-07 6.40674e-08 0.366933 1.23554e-07 6.40674e-08 0.366933 1.23554e-07 6.40674e-08 0.366933 1.23554e-07 6.40674e-08 0.366933 1.23554e-07</float_array><technique_common><accessor source="#hpl_mixamorigwLeftLeg-trans-array" count="89" stride="3" /></technique_common></source>
      <source id="hpl_mixamorigwLeftLeg-rotz"><float_array id="hpl_mixamorigwLeftLeg-rotz-array" count="89">-1.79601 -1.80906 -1.82208 -1.83507 -1.84802 -1.86095 -1.87385 -1.88672 -1.89956 -1.91237 -1.92514 -1.93789 -1.9506 -1.96329 -1.97594 -1.98854 -2.00108 -2.01358 -2.02604 -2.03847 -2.05086 -2.06322 -2.07554 -2.08782 -2.10007 -2.11227 -2.12445 -2.13658 -2.14868 -2.16073 -2.17242 -2.18389 -2.19532 -2.20672 -2.21807 -2.22938 -2.24064 -2.25187 -2.26305 -2.27419 -2.28529 -2.29634 -2.30736 -2.31833 -2.32925 -2.31833 -2.30736 -2.29634 -2.28529 -2.27419 -2.26305 -2.25187 -2.24064 -2.22938 -2.21807 -2.20672 -2.19532 -2.18389 -2.17242 -2.16073 -2.14868 -2.13658 -2.12445 -2.11227 -2.10007 -2.08782 -2.07554 -2.06322 -2.05086 -2.03847 -2.02604 -2.01358 -2.00108 -1.98854 -1.97594 -1.96329 -1.9506 -1.93789 -1.92514 -1.91237 -1.89956 -1.88672 -1.87385 -1.86095 -1.84802 -1.83507 -1.82208 -1.80906 -1.79601</float_array><technique_common><accessor source="#hpl_mixamorigwLeftLeg-rotz-array" count="89" stride="1" /></technique_common></source>
      <source id="hpl_mixamorigwLeftLeg-roty"><float_array id="hpl_mixamorigwLeftLeg-roty-array" count="89">8.67407 8.66601 8.65792 8.64978 8.6416 8.63338 8.62512 8.61682 8.60847 8.60009 8.59167 8.5832 8.5747 8.56615 8.55757 8.54871 8.53934 8.52993 8.52047 8.51097 8.50143 8.49184 8.4822 8.47253 8.46281 8.45305 8.44324 8.43339 8.4235 8.41356 8.4035 8.39334 8.38314 8.3729 8.36261 8.35228 8.3419 8.33147 8.32101 8.3105 8.29994 8.28934 8.2787 8.26801 8.25728 8.26801 8.2787 8.28934 8.29994 8.3105 8.32101 8.33147 8.3419 8.35228 8.36261 8.3729 8.38314 8.39334 8.4035 8.41356 8.4235 8.43339 8.44324 8.45305 8.46281 8.47253 8.4822 8.49184 8.50143 8.51097 8.52047 8.52993 8.53934 8.54871 8.55757 8.56615 8.5747 8.5832 8.59167 8.60009 8.60847 8.61682 8.62512 8.63338 8.6416 8.64978 8.65792 8.66601 8.67407</float_array><technique_common><accessor source="#hpl_mixamorigwLeftLeg-roty-array" count="89" stride="1" /></technique_common></source>
      <source id="hpl_mixamorigwLeftLeg-rotx"><float_array id="hpl_mixamorigwLeftLeg-rotx-array" count="89">145.444 145.222 145.001 144.779 144.558 144.336 144.115 143.893 143.672 143.45 143.229 143.007 142.786 142.564 142.343 142.117 141.883 141.648 141.414 141.179 140.945 140.71 140.476 140.241 140.007 139.772 139.538 139.304 139.069 138.835 138.595 138.352 138.109 137.867 137.624 137.381 137.138 136.896 136.653 136.41 136.167 135.925 135.682 135.439 135.197 135.439 135.682 135.925 136.167 136.41 136.653 136.896 137.138 137.381 137.624 137.867 138.109 138.352 138.595 138.835 139.069 139.304 139.538 139.772 140.007 140.241 140.476 140.71 140.945 141.179 141.414 141.648 141.883 142.117 142.343 142.564 142.786 143.007 143.229 143.45 143.672 143.893 144.115 144.336 144.558 144.779 145.001 145.222 145.444</float_array><technique_common><accessor source="#hpl_mixamorigwLeftLeg-rotx-array" count="89" stride="1" /></technique_common></source>
      <sampler id="hpl_mixamorigwLeftLeg-trans-sampler"><input semantic="INPUT" source="#hpl_mixamorigwLeftLeg-time" /><input semantic="OUTPUT" source="#hpl_mixamorigwLeftLeg-trans" /></sampler><channel source="#hpl_mixamorigwLeftLeg-trans-sampler" target="mixamorigwLeftLeg/translate" />
      <sampler id="hpl_mixamorigwLeftLeg-rotz-sampler"><input semantic="INPUT" source="#hpl_mixamorigwLeftLeg-time" /><input semantic="OUTPUT" source="#hpl_mixamorigwLeftLeg-rotz" /></sampler><channel source="#hpl_mixamorigwLeftLeg-rotz-sampler" target="mixamorigwLeftLeg/rotateZ.ANGLE" />
      <sampler id="hpl_mixamorigwLeftLeg-roty-sampler"><input semantic="INPUT" source="#hpl_mixamorigwLeftLeg-time" /><input semantic="OUTPUT" source="#hpl_mixamorigwLeftLeg-roty" /></sampler><channel source="#hpl_mixamorigwLeftLeg-roty-sampler" target="mixamorigwLeftLeg/rotateY.ANGLE" />
      <sampler id="hpl_mixamorigwLeftLeg-rotx-sampler"><input semantic="INPUT" source="#hpl_mixamorigwLeftLeg-time" /><input semantic="OUTPUT" source="#hpl_mixamorigwLeftLeg-rotx" /></sampler><channel source="#hpl_mixamorigwLeftLeg-rotx-sampler" target="mixamorigwLeftLeg/rotateX.ANGLE" />
    </animation>
    <animation id="hpl_mixamorigwLeftFoot">
      <source id="hpl_mixamorigwLeftFoot-time"><float_array id="hpl_mixamorigwLeftFoot-time-array" count="89">0 1 2 3 4 5 6 7 8 9 10 11 12 13 14 15 16 17 18 19 20 21 22 23 24 25 26 27 28 29 30 31 32 33 34 35 36 37 38 39 40 41 42 43 44 45 46 47 48 49 50 51 52 53 54 55 56 57 58 59 60 61 62 63 64 65 66 67 68 69 70 71 72 73 74 75 76 77 78 79 80 81 82 83 84 85 86 87 88</float_array><technique_common><accessor source="#hpl_mixamorigwLeftFoot-time-array" count="89" stride="1" /></technique_common></source>
      <source id="hpl_mixamorigwLeftFoot-trans"><float_array id="hpl_mixamorigwLeftFoot-trans-array" count="267">-2.69963e-07 0.370117 9.45187e-08 -2.69963e-07 0.370117 9.45187e-08 -2.69963e-07 0.370117 9.45187e-08 -2.69963e-07 0.370117 9.45187e-08 -2.69963e-07 0.370117 9.45187e-08 -2.69963e-07 0.370117 9.45187e-08 -2.69963e-07 0.370117 9.45187e-08 -2.69963e-07 0.370117 9.45187e-08 -2.69963e-07 0.370117 9.45187e-08 -2.69963e-07 0.370117 9.45187e-08 -2.69963e-07 0.370117 9.45187e-08 -2.69963e-07 0.370117 9.45187e-08 -2.69963e-07 0.370117 9.45187e-08 -2.69963e-07 0.370117 9.45187e-08 -2.69963e-07 0.370117 9.45187e-08 -2.69963e-07 0.370117 9.45187e-08 -2.69963e-07 0.370117 9.45187e-08 -2.69963e-07 0.370117 9.45187e-08 -2.69963e-07 0.370117 9.45187e-08 -2.69963e-07 0.370117 9.45187e-08 -2.69963e-07 0.370117 9.45187e-08 -2.69963e-07 0.370117 9.45187e-08 -2.69963e-07 0.370117 9.45187e-08 -2.69963e-07 0.370117 9.45187e-08 -2.69963e-07 0.370117 9.45187e-08 -2.69963e-07 0.370117 9.45187e-08 -2.69963e-07 0.370117 9.45187e-08 -2.69963e-07 0.370117 9.45187e-08 -2.69963e-07 0.370117 9.45187e-08 -2.69963e-07 0.370117 9.45187e-08 -2.69963e-07 0.370117 9.45187e-08 -2.69963e-07 0.370117 9.45187e-08 -2.69963e-07 0.370117 9.45187e-08 -2.69963e-07 0.370117 9.45187e-08 -2.69963e-07 0.370117 9.45187e-08 -2.69963e-07 0.370117 9.45187e-08 -2.69963e-07 0.370117 9.45187e-08 -2.69963e-07 0.370117 9.45187e-08 -2.69963e-07 0.370117 9.45187e-08 -2.69963e-07 0.370117 9.45187e-08 -2.69963e-07 0.370117 9.45187e-08 -2.69963e-07 0.370117 9.45187e-08 -2.69963e-07 0.370117 9.45187e-08 -2.69963e-07 0.370117 9.45187e-08 -2.69963e-07 0.370117 9.45187e-08 -2.69963e-07 0.370117 9.45187e-08 -2.69963e-07 0.370117 9.45187e-08 -2.69963e-07 0.370117 9.45187e-08 -2.69963e-07 0.370117 9.45187e-08 -2.69963e-07 0.370117 9.45187e-08 -2.69963e-07 0.370117 9.45187e-08 -2.69963e-07 0.370117 9.45187e-08 -2.69963e-07 0.370117 9.45187e-08 -2.69963e-07 0.370117 9.45187e-08 -2.69963e-07 0.370117 9.45187e-08 -2.69963e-07 0.370117 9.45187e-08 -2.69963e-07 0.370117 9.45187e-08 -2.69963e-07 0.370117 9.45187e-08 -2.69963e-07 0.370117 9.45187e-08 -2.69963e-07 0.370117 9.45187e-08 -2.69963e-07 0.370117 9.45187e-08 -2.69963e-07 0.370117 9.45187e-08 -2.69963e-07 0.370117 9.45187e-08 -2.69963e-07 0.370117 9.45187e-08 -2.69963e-07 0.370117 9.45187e-08 -2.69963e-07 0.370117 9.45187e-08 -2.69963e-07 0.370117 9.45187e-08 -2.69963e-07 0.370117 9.45187e-08 -2.69963e-07 0.370117 9.45187e-08 -2.69963e-07 0.370117 9.45187e-08 -2.69963e-07 0.370117 9.45187e-08 -2.69963e-07 0.370117 9.45187e-08 -2.69963e-07 0.370117 9.45187e-08 -2.69963e-07 0.370117 9.45187e-08 -2.69963e-07 0.370117 9.45187e-08 -2.69963e-07 0.370117 9.45187e-08 -2.69963e-07 0.370117 9.45187e-08 -2.69963e-07 0.370117 9.45187e-08 -2.69963e-07 0.370117 9.45187e-08 -2.69963e-07 0.370117 9.45187e-08 -2.69963e-07 0.370117 9.45187e-08 -2.69963e-07 0.370117 9.45187e-08 -2.69963e-07 0.370117 9.45187e-08 -2.69963e-07 0.370117 9.45187e-08 -2.69963e-07 0.370117 9.45187e-08 -2.69963e-07 0.370117 9.45187e-08 -2.69963e-07 0.370117 9.45187e-08 -2.69963e-07 0.370117 9.45187e-08 -2.69963e-07 0.370117 9.45187e-08</float_array><technique_common><accessor source="#hpl_mixamorigwLeftFoot-trans-array" count="89" stride="3" /></technique_common></source>
      <source id="hpl_mixamorigwLeftFoot-rotz"><float_array id="hpl_mixamorigwLeftFoot-rotz-array" count="89">9.10853 9.15466 9.20077 9.24687 9.29296 9.33904 9.3851 9.43116 9.47721 9.52324 9.56926 9.61528 9.66128 9.70727 9.75325 9.79639 9.83387 9.87134 9.9088 9.94626 9.98371 10.0211 10.0586 10.096 10.1334 10.1708 10.2082 10.2456 10.283 10.3204 10.3536 10.3847 10.4159 10.447 10.4781 10.5092 10.5403 10.5714 10.6025 10.6336 10.6646 10.6957 10.7268 10.7579 10.7889 10.7579 10.7268 10.6957 10.6646 10.6336 10.6025 10.5714 10.5403 10.5092 10.4781 10.447 10.4159 10.3847 10.3536 10.3204 10.283 10.2456 10.2082 10.1708 10.1334 10.096 10.0586 10.0211 9.98371 9.94626 9.9088 9.87134 9.83387 9.79639 9.75325 9.70727 9.66128 9.61528 9.56926 9.52324 9.47721 9.43116 9.3851 9.33904 9.29296 9.24687 9.20077 9.15466 9.10853</float_array><technique_common><accessor source="#hpl_mixamorigwLeftFoot-rotz-array" count="89" stride="1" /></technique_common></source>
      <source id="hpl_mixamorigwLeftFoot-roty"><float_array id="hpl_mixamorigwLeftFoot-roty-array" count="89">9.48874 9.35875 9.22877 9.09879 8.96881 8.83883 8.70886 8.57889 8.44892 8.31895 8.18898 8.05902 7.92905 7.79909 7.66913 7.53809 7.40487 7.27166 7.13844 7.00523 6.87202 6.73881 6.6056 6.47239 6.33918 6.20597 6.07276 5.93956 5.80635 5.67315 5.543 5.41438 5.28575 5.15713 5.0285 4.89987 4.77125 4.64262 4.51399 4.38537 4.25674 4.12811 3.99948 3.87085 3.74222 3.87085 3.99948 4.12811 4.25674 4.38537 4.51399 4.64262 4.77125 4.89987 5.0285 5.15713 5.28575 5.41438 5.543 5.67315 5.80635 5.93956 6.07276 6.20597 6.33918 6.47239 6.6056 6.73881 6.87202 7.00523 7.13844 7.27166 7.40487 7.53809 7.66913 7.79909 7.92905 8.05902 8.18898 8.31895 8.44892 8.57889 8.70886 8.83883 8.96881 9.09879 9.22877 9.35875 9.48874</float_array><technique_common><accessor source="#hpl_mixamorigwLeftFoot-roty-array" count="89" stride="1" /></technique_common></source>
      <source id="hpl_mixamorigwLeftFoot-rotx"><float_array id="hpl_mixamorigwLeftFoot-rotx-array" count="89">-93.5579 -93.4958 -93.4337 -93.3716 -93.3095 -93.2474 -93.1853 -93.1231 -93.061 -92.9989 -92.9368 -92.8747 -92.8126 -92.7505 -92.6884 -92.6316 -92.5856 -92.5395 -92.4934 -92.4474 -92.4014 -92.3553 -92.3093 -92.2633 -92.2173 -92.1712 -92.1252 -92.0792 -92.0332 -91.9872 -91.9592 -91.9401 -91.9211 -91.902 -91.883 -91.864 -91.845 -91.826 -91.8071 -91.7881 -91.7692 -91.7502 -91.7313 -91.7124 -91.6935 -91.7124 -91.7313 -91.7502 -91.7692 -91.7881 -91.8071 -91.826 -91.845 -91.864 -91.883 -91.902 -91.9211 -91.9401 -91.9592 -91.9872 -92.0332 -92.0792 -92.1252 -92.1712 -92.2173 -92.2633 -92.3093 -92.3553 -92.4014 -92.4474 -92.4934 -92.5395 -92.5856 -92.6316 -92.6884 -92.7505 -92.8126 -92.8747 -92.9368 -92.9989 -93.061 -93.1231 -93.1853 -93.2474 -93.3095 -93.3716 -93.4337 -93.4958 -93.5579</float_array><technique_common><accessor source="#hpl_mixamorigwLeftFoot-rotx-array" count="89" stride="1" /></technique_common></source>
      <sampler id="hpl_mixamorigwLeftFoot-trans-sampler"><input semantic="INPUT" source="#hpl_mixamorigwLeftFoot-time" /><input semantic="OUTPUT" source="#hpl_mixamorigwLeftFoot-trans" /></sampler><channel source="#hpl_mixamorigwLeftFoot-trans-sampler" target="mixamorigwLeftFoot/translate" />
      <sampler id="hpl_mixamorigwLeftFoot-rotz-sampler"><input semantic="INPUT" source="#hpl_mixamorigwLeftFoot-time" /><input semantic="OUTPUT" source="#hpl_mixamorigwLeftFoot-rotz" /></sampler><channel source="#hpl_mixamorigwLeftFoot-rotz-sampler" target="mixamorigwLeftFoot/rotateZ.ANGLE" />
      <sampler id="hpl_mixamorigwLeftFoot-roty-sampler"><input semantic="INPUT" source="#hpl_mixamorigwLeftFoot-time" /><input semantic="OUTPUT" source="#hpl_mixamorigwLeftFoot-roty" /></sampler><channel source="#hpl_mixamorigwLeftFoot-roty-sampler" target="mixamorigwLeftFoot/rotateY.ANGLE" />
      <sampler id="hpl_mixamorigwLeftFoot-rotx-sampler"><input semantic="INPUT" source="#hpl_mixamorigwLeftFoot-time" /><input semantic="OUTPUT" source="#hpl_mixamorigwLeftFoot-rotx" /></sampler><channel source="#hpl_mixamorigwLeftFoot-rotx-sampler" target="mixamorigwLeftFoot/rotateX.ANGLE" />
    </animation>
    <animation id="hpl_mixamorigwLeftToeBase">
      <source id="hpl_mixamorigwLeftToeBase-time"><float_array id="hpl_mixamorigwLeftToeBase-time-array" count="89">0 1 2 3 4 5 6 7 8 9 10 11 12 13 14 15 16 17 18 19 20 21 22 23 24 25 26 27 28 29 30 31 32 33 34 35 36 37 38 39 40 41 42 43 44 45 46 47 48 49 50 51 52 53 54 55 56 57 58 59 60 61 62 63 64 65 66 67 68 69 70 71 72 73 74 75 76 77 78 79 80 81 82 83 84 85 86 87 88</float_array><technique_common><accessor source="#hpl_mixamorigwLeftToeBase-time-array" count="89" stride="1" /></technique_common></source>
      <source id="hpl_mixamorigwLeftToeBase-trans"><float_array id="hpl_mixamorigwLeftToeBase-trans-array" count="267">-1.43007e-07 0.174434 8.64634e-08 -1.43007e-07 0.174434 8.64634e-08 -1.43007e-07 0.174434 8.64634e-08 -1.43007e-07 0.174434 8.64634e-08 -1.43007e-07 0.174434 8.64634e-08 -1.43007e-07 0.174434 8.64634e-08 -1.43007e-07 0.174434 8.64634e-08 -1.43007e-07 0.174434 8.64634e-08 -1.43007e-07 0.174434 8.64634e-08 -1.43007e-07 0.174434 8.64634e-08 -1.43007e-07 0.174434 8.64634e-08 -1.43007e-07 0.174434 8.64634e-08 -1.43007e-07 0.174434 8.64634e-08 -1.43007e-07 0.174434 8.64634e-08 -1.43007e-07 0.174434 8.64634e-08 -1.43007e-07 0.174434 8.64634e-08 -1.43007e-07 0.174434 8.64634e-08 -1.43007e-07 0.174434 8.64634e-08 -1.43007e-07 0.174434 8.64634e-08 -1.43007e-07 0.174434 8.64634e-08 -1.43007e-07 0.174434 8.64634e-08 -1.43007e-07 0.174434 8.64634e-08 -1.43007e-07 0.174434 8.64634e-08 -1.43007e-07 0.174434 8.64634e-08 -1.43007e-07 0.174434 8.64634e-08 -1.43007e-07 0.174434 8.64634e-08 -1.43007e-07 0.174434 8.64634e-08 -1.43007e-07 0.174434 8.64634e-08 -1.43007e-07 0.174434 8.64634e-08 -1.43007e-07 0.174434 8.64634e-08 -1.43007e-07 0.174434 8.64634e-08 -1.43007e-07 0.174434 8.64634e-08 -1.43007e-07 0.174434 8.64634e-08 -1.43007e-07 0.174434 8.64634e-08 -1.43007e-07 0.174434 8.64634e-08 -1.43007e-07 0.174434 8.64634e-08 -1.43007e-07 0.174434 8.64634e-08 -1.43007e-07 0.174434 8.64634e-08 -1.43007e-07 0.174434 8.64634e-08 -1.43007e-07 0.174434 8.64634e-08 -1.43007e-07 0.174434 8.64634e-08 -1.43007e-07 0.174434 8.64634e-08 -1.43007e-07 0.174434 8.64634e-08 -1.43007e-07 0.174434 8.64634e-08 -1.43007e-07 0.174434 8.64634e-08 -1.43007e-07 0.174434 8.64634e-08 -1.43007e-07 0.174434 8.64634e-08 -1.43007e-07 0.174434 8.64634e-08 -1.43007e-07 0.174434 8.64634e-08 -1.43007e-07 0.174434 8.64634e-08 -1.43007e-07 0.174434 8.64634e-08 -1.43007e-07 0.174434 8.64634e-08 -1.43007e-07 0.174434 8.64634e-08 -1.43007e-07 0.174434 8.64634e-08 -1.43007e-07 0.174434 8.64634e-08 -1.43007e-07 0.174434 8.64634e-08 -1.43007e-07 0.174434 8.64634e-08 -1.43007e-07 0.174434 8.64634e-08 -1.43007e-07 0.174434 8.64634e-08 -1.43007e-07 0.174434 8.64634e-08 -1.43007e-07 0.174434 8.64634e-08 -1.43007e-07 0.174434 8.64634e-08 -1.43007e-07 0.174434 8.64634e-08 -1.43007e-07 0.174434 8.64634e-08 -1.43007e-07 0.174434 8.64634e-08 -1.43007e-07 0.174434 8.64634e-08 -1.43007e-07 0.174434 8.64634e-08 -1.43007e-07 0.174434 8.64634e-08 -1.43007e-07 0.174434 8.64634e-08 -1.43007e-07 0.174434 8.64634e-08 -1.43007e-07 0.174434 8.64634e-08 -1.43007e-07 0.174434 8.64634e-08 -1.43007e-07 0.174434 8.64634e-08 -1.43007e-07 0.174434 8.64634e-08 -1.43007e-07 0.174434 8.64634e-08 -1.43007e-07 0.174434 8.64634e-08 -1.43007e-07 0.174434 8.64634e-08 -1.43007e-07 0.174434 8.64634e-08 -1.43007e-07 0.174434 8.64634e-08 -1.43007e-07 0.174434 8.64634e-08 -1.43007e-07 0.174434 8.64634e-08 -1.43007e-07 0.174434 8.64634e-08 -1.43007e-07 0.174434 8.64634e-08 -1.43007e-07 0.174434 8.64634e-08 -1.43007e-07 0.174434 8.64634e-08 -1.43007e-07 0.174434 8.64634e-08 -1.43007e-07 0.174434 8.64634e-08 -1.43007e-07 0.174434 8.64634e-08 -1.43007e-07 0.174434 8.64634e-08</float_array><technique_common><accessor source="#hpl_mixamorigwLeftToeBase-trans-array" count="89" stride="3" /></technique_common></source>
      <source id="hpl_mixamorigwLeftToeBase-rotz"><float_array id="hpl_mixamorigwLeftToeBase-rotz-array" count="89">1.36769 1.36531 1.36294 1.36057 1.35821 1.35585 1.35348 1.35113 1.34877 1.34642 1.34406 1.34172 1.33937 1.33702 1.33468 1.33237 1.33011 1.32785 1.32559 1.32334 1.32109 1.31884 1.31659 1.31434 1.3121 1.30986 1.30762 1.30538 1.30315 1.30092 1.29795 1.2946 1.29127 1.28793 1.2846 1.28127 1.27794 1.27462 1.2713 1.26798 1.26467 1.26136 1.25805 1.25474 1.25144 1.25474 1.25805 1.26136 1.26467 1.26798 1.2713 1.27462 1.27794 1.28127 1.2846 1.28793 1.29127 1.2946 1.29795 1.30092 1.30315 1.30538 1.30762 1.30986 1.3121 1.31434 1.31659 1.31884 1.32109 1.32334 1.32559 1.32785 1.33011 1.33237 1.33468 1.33702 1.33937 1.34172 1.34406 1.34642 1.34877 1.35113 1.35348 1.35585 1.35821 1.36057 1.36294 1.36531 1.36769</float_array><technique_common><accessor source="#hpl_mixamorigwLeftToeBase-rotz-array" count="89" stride="1" /></technique_common></source>
      <source id="hpl_mixamorigwLeftToeBase-roty"><float_array id="hpl_mixamorigwLeftToeBase-roty-array" count="89">-0.16288 -0.16101 -0.159137 -0.157261 -0.155381 -0.153497 -0.15161 -0.14972 -0.147826 -0.145929 -0.144029 -0.142125 -0.140218 -0.138307 -0.136393 -0.134353 -0.132064 -0.129773 -0.127478 -0.125181 -0.12288 -0.120575 -0.118268 -0.115958 -0.113644 -0.111327 -0.109007 -0.106684 -0.104358 -0.102029 -0.0998813 -0.0978227 -0.0957601 -0.0936935 -0.091623 -0.0895485 -0.08747 -0.0853875 -0.0833012 -0.0812108 -0.0791165 -0.0770182 -0.074916 -0.0728099 -0.0706998 -0.0728099 -0.074916 -0.0770182 -0.0791165 -0.0812108 -0.0833012 -0.0853875 -0.08747 -0.0895485 -0.091623 -0.0936935 -0.0957601 -0.0978227 -0.0998813 -0.102029 -0.104358 -0.106684 -0.109007 -0.111327 -0.113644 -0.115958 -0.118268 -0.120575 -0.12288 -0.125181 -0.127478 -0.129773 -0.132064 -0.134353 -0.136393 -0.138307 -0.140218 -0.142125 -0.144029 -0.145929 -0.147826 -0.14972 -0.15161 -0.153497 -0.155381 -0.157261 -0.159137 -0.16101 -0.16288</float_array><technique_common><accessor source="#hpl_mixamorigwLeftToeBase-roty-array" count="89" stride="1" /></technique_common></source>
      <source id="hpl_mixamorigwLeftToeBase-rotx"><float_array id="hpl_mixamorigwLeftToeBase-rotx-array" count="89">-55.6242 -55.5738 -55.5233 -55.4729 -55.4225 -55.3721 -55.3217 -55.2713 -55.2209 -55.1705 -55.1201 -55.0697 -55.0192 -54.9688 -54.9184 -54.8686 -54.8198 -54.7711 -54.7223 -54.6736 -54.6248 -54.5761 -54.5273 -54.4786 -54.4299 -54.3811 -54.3324 -54.2836 -54.2349 -54.1861 -54.1333 -54.0785 -54.0237 -53.9688 -53.914 -53.8592 -53.8044 -53.7495 -53.6947 -53.6399 -53.585 -53.5302 -53.4754 -53.4206 -53.3657 -53.4206 -53.4754 -53.5302 -53.585 -53.6399 -53.6947 -53.7495 -53.8044 -53.8592 -53.914 -53.9688 -54.0237 -54.0785 -54.1333 -54.1861 -54.2349 -54.2836 -54.3324 -54.3811 -54.4299 -54.4786 -54.5273 -54.5761 -54.6248 -54.6736 -54.7223 -54.7711 -54.8198 -54.8686 -54.9184 -54.9688 -55.0192 -55.0697 -55.1201 -55.1705 -55.2209 -55.2713 -55.3217 -55.3721 -55.4225 -55.4729 -55.5233 -55.5738 -55.6242</float_array><technique_common><accessor source="#hpl_mixamorigwLeftToeBase-rotx-array" count="89" stride="1" /></technique_common></source>
      <sampler id="hpl_mixamorigwLeftToeBase-trans-sampler"><input semantic="INPUT" source="#hpl_mixamorigwLeftToeBase-time" /><input semantic="OUTPUT" source="#hpl_mixamorigwLeftToeBase-trans" /></sampler><channel source="#hpl_mixamorigwLeftToeBase-trans-sampler" target="mixamorigwLeftToeBase/translate" />
      <sampler id="hpl_mixamorigwLeftToeBase-rotz-sampler"><input semantic="INPUT" source="#hpl_mixamorigwLeftToeBase-time" /><input semantic="OUTPUT" source="#hpl_mixamorigwLeftToeBase-rotz" /></sampler><channel source="#hpl_mixamorigwLeftToeBase-rotz-sampler" target="mixamorigwLeftToeBase/rotateZ.ANGLE" />
      <sampler id="hpl_mixamorigwLeftToeBase-roty-sampler"><input semantic="INPUT" source="#hpl_mixamorigwLeftToeBase-time" /><input semantic="OUTPUT" source="#hpl_mixamorigwLeftToeBase-roty" /></sampler><channel source="#hpl_mixamorigwLeftToeBase-roty-sampler" target="mixamorigwLeftToeBase/rotateY.ANGLE" />
      <sampler id="hpl_mixamorigwLeftToeBase-rotx-sampler"><input semantic="INPUT" source="#hpl_mixamorigwLeftToeBase-time" /><input semantic="OUTPUT" source="#hpl_mixamorigwLeftToeBase-rotx" /></sampler><channel source="#hpl_mixamorigwLeftToeBase-rotx-sampler" target="mixamorigwLeftToeBase/rotateX.ANGLE" />
    </animation>
    <animation id="hpl_mixamorigwRightUpLeg">
      <source id="hpl_mixamorigwRightUpLeg-time"><float_array id="hpl_mixamorigwRightUpLeg-time-array" count="89">0 1 2 3 4 5 6 7 8 9 10 11 12 13 14 15 16 17 18 19 20 21 22 23 24 25 26 27 28 29 30 31 32 33 34 35 36 37 38 39 40 41 42 43 44 45 46 47 48 49 50 51 52 53 54 55 56 57 58 59 60 61 62 63 64 65 66 67 68 69 70 71 72 73 74 75 76 77 78 79 80 81 82 83 84 85 86 87 88</float_array><technique_common><accessor source="#hpl_mixamorigwRightUpLeg-time-array" count="89" stride="1" /></technique_common></source>
      <source id="hpl_mixamorigwRightUpLeg-trans"><float_array id="hpl_mixamorigwRightUpLeg-trans-array" count="267">-0.0945823 -0.0921287 -0.0283666 -0.0945823 -0.0921287 -0.0283666 -0.0945823 -0.0921287 -0.0283666 -0.0945823 -0.0921287 -0.0283666 -0.0945823 -0.0921287 -0.0283666 -0.0945823 -0.0921287 -0.0283666 -0.0945823 -0.0921287 -0.0283666 -0.0945823 -0.0921287 -0.0283666 -0.0945823 -0.0921287 -0.0283666 -0.0945823 -0.0921287 -0.0283666 -0.0945823 -0.0921287 -0.0283666 -0.0945823 -0.0921287 -0.0283666 -0.0945823 -0.0921287 -0.0283666 -0.0945823 -0.0921287 -0.0283666 -0.0945823 -0.0921287 -0.0283666 -0.0945823 -0.0921287 -0.0283666 -0.0945823 -0.0921287 -0.0283666 -0.0945823 -0.0921287 -0.0283666 -0.0945823 -0.0921287 -0.0283666 -0.0945823 -0.0921287 -0.0283666 -0.0945823 -0.0921287 -0.0283666 -0.0945823 -0.0921287 -0.0283666 -0.0945823 -0.0921287 -0.0283666 -0.0945823 -0.0921287 -0.0283666 -0.0945823 -0.0921287 -0.0283666 -0.0945823 -0.0921287 -0.0283666 -0.0945823 -0.0921287 -0.0283666 -0.0945823 -0.0921287 -0.0283666 -0.0945823 -0.0921287 -0.0283666 -0.0945823 -0.0921287 -0.0283666 -0.0945823 -0.0921287 -0.0283666 -0.0945823 -0.0921287 -0.0283666 -0.0945823 -0.0921287 -0.0283666 -0.0945823 -0.0921287 -0.0283666 -0.0945823 -0.0921287 -0.0283666 -0.0945823 -0.0921287 -0.0283666 -0.0945823 -0.0921287 -0.0283666 -0.0945823 -0.0921287 -0.0283666 -0.0945823 -0.0921287 -0.0283666 -0.0945823 -0.0921287 -0.0283666 -0.0945823 -0.0921287 -0.0283666 -0.0945823 -0.0921287 -0.0283666 -0.0945823 -0.0921287 -0.0283666 -0.0945823 -0.0921287 -0.0283666 -0.0945823 -0.0921287 -0.0283666 -0.0945823 -0.0921287 -0.0283666 -0.0945823 -0.0921287 -0.0283666 -0.0945823 -0.0921287 -0.0283666 -0.0945823 -0.0921287 -0.0283666 -0.0945823 -0.0921287 -0.0283666 -0.0945823 -0.0921287 -0.0283666 -0.0945823 -0.0921287 -0.0283666 -0.0945823 -0.0921287 -0.0283666 -0.0945823 -0.0921287 -0.0283666 -0.0945823 -0.0921287 -0.0283666 -0.0945823 -0.0921287 -0.0283666 -0.0945823 -0.0921287 -0.0283666 -0.0945823 -0.0921287 -0.0283666 -0.0945823 -0.0921287 -0.0283666 -0.0945823 -0.0921287 -0.0283666 -0.0945823 -0.0921287 -0.0283666 -0.0945823 -0.0921287 -0.0283666 -0.0945823 -0.0921287 -0.0283666 -0.0945823 -0.0921287 -0.0283666 -0.0945823 -0.0921287 -0.0283666 -0.0945823 -0.0921287 -0.0283666 -0.0945823 -0.0921287 -0.0283666 -0.0945823 -0.0921287 -0.0283666 -0.0945823 -0.0921287 -0.0283666 -0.0945823 -0.0921287 -0.0283666 -0.0945823 -0.0921287 -0.0283666 -0.0945823 -0.0921287 -0.0283666 -0.0945823 -0.0921287 -0.0283666 -0.0945823 -0.0921287 -0.0283666 -0.0945823 -0.0921287 -0.0283666 -0.0945823 -0.0921287 -0.0283666 -0.0945823 -0.0921287 -0.0283666 -0.0945823 -0.0921287 -0.0283666 -0.0945823 -0.0921287 -0.0283666 -0.0945823 -0.0921287 -0.0283666 -0.0945823 -0.0921287 -0.0283666 -0.0945823 -0.0921287 -0.0283666 -0.0945823 -0.0921287 -0.0283666 -0.0945823 -0.0921287 -0.0283666 -0.0945823 -0.0921287 -0.0283666 -0.0945823 -0.0921287 -0.0283666 -0.0945823 -0.0921287 -0.0283666 -0.0945823 -0.0921287 -0.0283666 -0.0945823 -0.0921287 -0.0283666</float_array><technique_common><accessor source="#hpl_mixamorigwRightUpLeg-trans-array" count="89" stride="3" /></technique_common></source>
      <source id="hpl_mixamorigwRightUpLeg-rotz"><float_array id="hpl_mixamorigwRightUpLeg-rotz-array" count="89">5.37256 5.4224 5.47226 5.52211 5.57197 5.62183 5.6717 5.72156 5.77143 5.82131 5.87118 5.92106 5.97095 6.02083 6.07072 6.1158 6.15125 6.1867 6.22215 6.2576 6.29306 6.32851 6.36396 6.39941 6.43486 6.47031 6.50576 6.54121 6.57666 6.61211 6.64174 6.66844 6.69515 6.72185 6.74855 6.77524 6.80193 6.82862 6.85531 6.882 6.90868 6.93536 6.96203 6.98871 7.01538 6.98871 6.96203 6.93536 6.90868 6.882 6.85531 6.82862 6.80193 6.77524 6.74855 6.72185 6.69515 6.66844 6.64174 6.61211 6.57666 6.54121 6.50576 6.47031 6.43486 6.39941 6.36396 6.32851 6.29306 6.2576 6.22215 6.1867 6.15125 6.1158 6.07072 6.02083 5.97095 5.92106 5.87118 5.82131 5.77143 5.72156 5.6717 5.62183 5.57197 5.52211 5.47226 5.4224 5.37256</float_array><technique_common><accessor source="#hpl_mixamorigwRightUpLeg-rotz-array" count="89" stride="1" /></technique_common></source>
      <source id="hpl_mixamorigwRightUpLeg-roty"><float_array id="hpl_mixamorigwRightUpLeg-roty-array" count="89">-13.6976 -13.6834 -13.6693 -13.6551 -13.6409 -13.6268 -13.6126 -13.5985 -13.5843 -13.5702 -13.556 -13.5419 -13.5277 -13.5136 -13.4994 -13.4834 -13.4635 -13.4436 -13.4238 -13.4039 -13.384 -13.3641 -13.3442 -13.3244 -13.3045 -13.2846 -13.2647 -13.2448 -13.2249 -13.2051 -13.1844 -13.1633 -13.1422 -13.1212 -13.1001 -13.079 -13.0579 -13.0368 -13.0158 -12.9947 -12.9736 -12.9525 -12.9314 -12.9103 -12.8892 -12.9103 -12.9314 -12.9525 -12.9736 -12.9947 -13.0158 -13.0368 -13.0579 -13.079 -13.1001 -13.1212 -13.1422 -13.1633 -13.1844 -13.2051 -13.2249 -13.2448 -13.2647 -13.2846 -13.3045 -13.3244 -13.3442 -13.3641 -13.384 -13.4039 -13.4238 -13.4436 -13.4635 -13.4834 -13.4994 -13.5136 -13.5277 -13.5419 -13.556 -13.5702 -13.5843 -13.5985 -13.6126 -13.6268 -13.6409 -13.6551 -13.6693 -13.6834 -13.6976</float_array><technique_common><accessor source="#hpl_mixamorigwRightUpLeg-roty-array" count="89" stride="1" /></technique_common></source>
      <source id="hpl_mixamorigwRightUpLeg-rotx"><float_array id="hpl_mixamorigwRightUpLeg-rotx-array" count="89">132.202 132.203 132.203 132.204 132.204 132.205 132.205 132.206 132.206 132.207 132.207 132.208 132.208 132.209 132.209 132.215 132.234 132.252 132.27 132.288 132.307 132.325 132.343 132.361 132.379 132.398 132.416 132.434 132.452 132.47 132.504 132.546 132.588 132.63 132.672 132.714 132.756 132.798 132.84 132.882 132.924 132.966 133.008 133.05 133.092 133.05 133.008 132.966 132.924 132.882 132.84 132.798 132.756 132.714 132.672 132.63 132.588 132.546 132.504 132.47 132.452 132.434 132.416 132.398 132.379 132.361 132.343 132.325 132.307 132.288 132.27 132.252 132.234 132.215 132.209 132.209 132.208 132.208 132.207 132.207 132.206 132.206 132.205 132.205 132.204 132.204 132.203 132.203 132.202</float_array><technique_common><accessor source="#hpl_mixamorigwRightUpLeg-rotx-array" count="89" stride="1" /></technique_common></source>
      <sampler id="hpl_mixamorigwRightUpLeg-trans-sampler"><input semantic="INPUT" source="#hpl_mixamorigwRightUpLeg-time" /><input semantic="OUTPUT" source="#hpl_mixamorigwRightUpLeg-trans" /></sampler><channel source="#hpl_mixamorigwRightUpLeg-trans-sampler" target="mixamorigwRightUpLeg/translate" />
      <sampler id="hpl_mixamorigwRightUpLeg-rotz-sampler"><input semantic="INPUT" source="#hpl_mixamorigwRightUpLeg-time" /><input semantic="OUTPUT" source="#hpl_mixamorigwRightUpLeg-rotz" /></sampler><channel source="#hpl_mixamorigwRightUpLeg-rotz-sampler" target="mixamorigwRightUpLeg/rotateZ.ANGLE" />
      <sampler id="hpl_mixamorigwRightUpLeg-roty-sampler"><input semantic="INPUT" source="#hpl_mixamorigwRightUpLeg-time" /><input semantic="OUTPUT" source="#hpl_mixamorigwRightUpLeg-roty" /></sampler><channel source="#hpl_mixamorigwRightUpLeg-roty-sampler" target="mixamorigwRightUpLeg/rotateY.ANGLE" />
      <sampler id="hpl_mixamorigwRightUpLeg-rotx-sampler"><input semantic="INPUT" source="#hpl_mixamorigwRightUpLeg-time" /><input semantic="OUTPUT" source="#hpl_mixamorigwRightUpLeg-rotx" /></sampler><channel source="#hpl_mixamorigwRightUpLeg-rotx-sampler" target="mixamorigwRightUpLeg/rotateX.ANGLE" />
    </animation>
    <animation id="hpl_mixamorigwRightLeg">
      <source id="hpl_mixamorigwRightLeg-time"><float_array id="hpl_mixamorigwRightLeg-time-array" count="89">0 1 2 3 4 5 6 7 8 9 10 11 12 13 14 15 16 17 18 19 20 21 22 23 24 25 26 27 28 29 30 31 32 33 34 35 36 37 38 39 40 41 42 43 44 45 46 47 48 49 50 51 52 53 54 55 56 57 58 59 60 61 62 63 64 65 66 67 68 69 70 71 72 73 74 75 76 77 78 79 80 81 82 83 84 85 86 87 88</float_array><technique_common><accessor source="#hpl_mixamorigwRightLeg-time-array" count="89" stride="1" /></technique_common></source>
      <source id="hpl_mixamorigwRightLeg-trans"><float_array id="hpl_mixamorigwRightLeg-trans-array" count="267">-4.47169e-08 0.367192 2.558e-07 -4.47169e-08 0.367192 2.558e-07 -4.47169e-08 0.367192 2.558e-07 -4.47169e-08 0.367192 2.558e-07 -4.47169e-08 0.367192 2.558e-07 -4.47169e-08 0.367192 2.558e-07 -4.47169e-08 0.367192 2.558e-07 -4.47169e-08 0.367192 2.558e-07 -4.47169e-08 0.367192 2.558e-07 -4.47169e-08 0.367192 2.558e-07 -4.47169e-08 0.367192 2.558e-07 -4.47169e-08 0.367192 2.558e-07 -4.47169e-08 0.367192 2.558e-07 -4.47169e-08 0.367192 2.558e-07 -4.47169e-08 0.367192 2.558e-07 -4.47169e-08 0.367192 2.558e-07 -4.47169e-08 0.367192 2.558e-07 -4.47169e-08 0.367192 2.558e-07 -4.47169e-08 0.367192 2.558e-07 -4.47169e-08 0.367192 2.558e-07 -4.47169e-08 0.367192 2.558e-07 -4.47169e-08 0.367192 2.558e-07 -4.47169e-08 0.367192 2.558e-07 -4.47169e-08 0.367192 2.558e-07 -4.47169e-08 0.367192 2.558e-07 -4.47169e-08 0.367192 2.558e-07 -4.47169e-08 0.367192 2.558e-07 -4.47169e-08 0.367192 2.558e-07 -4.47169e-08 0.367192 2.558e-07 -4.47169e-08 0.367192 2.558e-07 -4.47169e-08 0.367192 2.558e-07 -4.47169e-08 0.367192 2.558e-07 -4.47169e-08 0.367192 2.558e-07 -4.47169e-08 0.367192 2.558e-07 -4.47169e-08 0.367192 2.558e-07 -4.47169e-08 0.367192 2.558e-07 -4.47169e-08 0.367192 2.558e-07 -4.47169e-08 0.367192 2.558e-07 -4.47169e-08 0.367192 2.558e-07 -4.47169e-08 0.367192 2.558e-07 -4.47169e-08 0.367192 2.558e-07 -4.47169e-08 0.367192 2.558e-07 -4.47169e-08 0.367192 2.558e-07 -4.47169e-08 0.367192 2.558e-07 -4.47169e-08 0.367192 2.558e-07 -4.47169e-08 0.367192 2.558e-07 -4.47169e-08 0.367192 2.558e-07 -4.47169e-08 0.367192 2.558e-07 -4.47169e-08 0.367192 2.558e-07 -4.47169e-08 0.367192 2.558e-07 -4.47169e-08 0.367192 2.558e-07 -4.47169e-08 0.367192 2.558e-07 -4.47169e-08 0.367192 2.558e-07 -4.47169e-08 0.367192 2.558e-07 -4.47169e-08 0.367192 2.558e-07 -4.47169e-08 0.367192 2.558e-07 -4.47169e-08 0.367192 2.558e-07 -4.47169e-08 0.367192 2.558e-07 -4.47169e-08 0.367192 2.558e-07 -4.47169e-08 0.367192 2.558e-07 -4.47169e-08 0.367192 2.558e-07 -4.47169e-08 0.367192 2.558e-07 -4.47169e-08 0.367192 2.558e-07 -4.47169e-08 0.367192 2.558e-07 -4.47169e-08 0.367192 2.558e-07 -4.47169e-08 0.367192 2.558e-07 -4.47169e-08 0.367192 2.558e-07 -4.47169e-08 0.367192 2.558e-07 -4.47169e-08 0.367192 2.558e-07 -4.47169e-08 0.367192 2.558e-07 -4.47169e-08 0.367192 2.558e-07 -4.47169e-08 0.367192 2.558e-07 -4.47169e-08 0.367192 2.558e-07 -4.47169e-08 0.367192 2.558e-07 -4.47169e-08 0.367192 2.558e-07 -4.47169e-08 0.367192 2.558e-07 -4.47169e-08 0.367192 2.558e-07 -4.47169e-08 0.367192 2.558e-07 -4.47169e-08 0.367192 2.558e-07 -4.47169e-08 0.367192 2.558e-07 -4.47169e-08 0.367192 2.558e-07 -4.47169e-08 0.367192 2.558e-07 -4.47169e-08 0.367192 2.558e-07 -4.47169e-08 0.367192 2.558e-07 -4.47169e-08 0.367192 2.558e-07 -4.47169e-08 0.367192 2.558e-07 -4.47169e-08 0.367192 2.558e-07 -4.47169e-08 0.367192 2.558e-07 -4.47169e-08 0.367192 2.558e-07</float_array><technique_common><accessor source="#hpl_mixamorigwRightLeg-trans-array" count="89" stride="3" /></technique_common></source>
      <source id="hpl_mixamorigwRightLeg-rotz"><float_array id="hpl_mixamorigwRightLeg-rotz-array" count="89">2.34342 2.34844 2.35344 2.35841 2.36336 2.36828 2.37317 2.37804 2.38289 2.38771 2.3925 2.39727 2.40201 2.40672 2.41141 2.41624 2.42138 2.42649 2.43157 2.43662 2.44164 2.44662 2.45158 2.45651 2.4614 2.46626 2.47109 2.47589 2.48066 2.4854 2.48966 2.49368 2.49766 2.50161 2.50552 2.5094 2.51324 2.51705 2.52082 2.52456 2.52827 2.53194 2.53557 2.53917 2.54274 2.53917 2.53557 2.53194 2.52827 2.52456 2.52082 2.51705 2.51324 2.5094 2.50552 2.50161 2.49766 2.49368 2.48966 2.4854 2.48066 2.47589 2.47109 2.46626 2.4614 2.45651 2.45158 2.44662 2.44164 2.43662 2.43157 2.42649 2.42138 2.41624 2.41141 2.40672 2.40201 2.39727 2.3925 2.38771 2.38289 2.37804 2.37317 2.36828 2.36336 2.35841 2.35344 2.34844 2.34342</float_array><technique_common><accessor source="#hpl_mixamorigwRightLeg-rotz-array" count="89" stride="1" /></technique_common></source>
      <source id="hpl_mixamorigwRightLeg-roty"><float_array id="hpl_mixamorigwRightLeg-roty-array" count="89">-8.06275 -8.0546 -8.04641 -8.0382 -8.02995 -8.02168 -8.01338 -8.00505 -7.99669 -7.9883 -7.97988 -7.97143 -7.96296 -7.95446 -7.94592 -7.93717 -7.92799 -7.91879 -7.90955 -7.90028 -7.89098 -7.88164 -7.87228 -7.86289 -7.85346 -7.844 -7.83452 -7.825 -7.81545 -7.80587 -7.7973 -7.78922 -7.78111 -7.77296 -7.76479 -7.75658 -7.74835 -7.74008 -7.73178 -7.72345 -7.71509 -7.7067 -7.69829 -7.68984 -7.68136 -7.68984 -7.69829 -7.7067 -7.71509 -7.72345 -7.73178 -7.74008 -7.74835 -7.75658 -7.76479 -7.77296 -7.78111 -7.78922 -7.7973 -7.80587 -7.81545 -7.825 -7.83452 -7.844 -7.85346 -7.86289 -7.87228 -7.88164 -7.89098 -7.90028 -7.90955 -7.91879 -7.92799 -7.93717 -7.94592 -7.95446 -7.96296 -7.97143 -7.97988 -7.9883 -7.99669 -8.00505 -8.01338 -8.02168 -8.02995 -8.0382 -8.04641 -8.0546 -8.06275</float_array><technique_common><accessor source="#hpl_mixamorigwRightLeg-roty-array" count="89" stride="1" /></technique_common></source>
      <source id="hpl_mixamorigwRightLeg-rotx"><float_array id="hpl_mixamorigwRightLeg-rotx-array" count="89">140.269 140.051 139.834 139.617 139.4 139.183 138.966 138.749 138.532 138.315 138.098 137.881 137.664 137.447 137.23 137.008 136.776 136.545 136.314 136.083 135.851 135.62 135.389 135.158 134.926 134.695 134.464 134.233 134.001 133.77 133.535 133.298 133.061 132.824 132.587 132.35 132.113 131.876 131.639 131.402 131.165 130.928 130.691 130.454 130.217 130.454 130.691 130.928 131.165 131.402 131.639 131.876 132.113 132.35 132.587 132.824 133.061 133.298 133.535 133.77 134.001 134.233 134.464 134.695 134.926 135.158 135.389 135.62 135.851 136.083 136.314 136.545 136.776 137.008 137.23 137.447 137.664 137.881 138.098 138.315 138.532 138.749 138.966 139.183 139.4 139.617 139.834 140.051 140.269</float_array><technique_common><accessor source="#hpl_mixamorigwRightLeg-rotx-array" count="89" stride="1" /></technique_common></source>
      <sampler id="hpl_mixamorigwRightLeg-trans-sampler"><input semantic="INPUT" source="#hpl_mixamorigwRightLeg-time" /><input semantic="OUTPUT" source="#hpl_mixamorigwRightLeg-trans" /></sampler><channel source="#hpl_mixamorigwRightLeg-trans-sampler" target="mixamorigwRightLeg/translate" />
      <sampler id="hpl_mixamorigwRightLeg-rotz-sampler"><input semantic="INPUT" source="#hpl_mixamorigwRightLeg-time" /><input semantic="OUTPUT" source="#hpl_mixamorigwRightLeg-rotz" /></sampler><channel source="#hpl_mixamorigwRightLeg-rotz-sampler" target="mixamorigwRightLeg/rotateZ.ANGLE" />
      <sampler id="hpl_mixamorigwRightLeg-roty-sampler"><input semantic="INPUT" source="#hpl_mixamorigwRightLeg-time" /><input semantic="OUTPUT" source="#hpl_mixamorigwRightLeg-roty" /></sampler><channel source="#hpl_mixamorigwRightLeg-roty-sampler" target="mixamorigwRightLeg/rotateY.ANGLE" />
      <sampler id="hpl_mixamorigwRightLeg-rotx-sampler"><input semantic="INPUT" source="#hpl_mixamorigwRightLeg-time" /><input semantic="OUTPUT" source="#hpl_mixamorigwRightLeg-rotx" /></sampler><channel source="#hpl_mixamorigwRightLeg-rotx-sampler" target="mixamorigwRightLeg/rotateX.ANGLE" />
    </animation>
    <animation id="hpl_mixamorigwRightFoot">
      <source id="hpl_mixamorigwRightFoot-time"><float_array id="hpl_mixamorigwRightFoot-time-array" count="89">0 1 2 3 4 5 6 7 8 9 10 11 12 13 14 15 16 17 18 19 20 21 22 23 24 25 26 27 28 29 30 31 32 33 34 35 36 37 38 39 40 41 42 43 44 45 46 47 48 49 50 51 52 53 54 55 56 57 58 59 60 61 62 63 64 65 66 67 68 69 70 71 72 73 74 75 76 77 78 79 80 81 82 83 84 85 86 87 88</float_array><technique_common><accessor source="#hpl_mixamorigwRightFoot-time-array" count="89" stride="1" /></technique_common></source>
      <source id="hpl_mixamorigwRightFoot-trans"><float_array id="hpl_mixamorigwRightFoot-trans-array" count="267">-6.19872e-08 0.373775 2.85636e-07 -6.19872e-08 0.373775 2.85636e-07 -6.19872e-08 0.373775 2.85636e-07 -6.19872e-08 0.373775 2.85636e-07 -6.19872e-08 0.373775 2.85636e-07 -6.19872e-08 0.373775 2.85636e-07 -6.19872e-08 0.373775 2.85636e-07 -6.19872e-08 0.373775 2.85636e-07 -6.19872e-08 0.373775 2.85636e-07 -6.19872e-08 0.373775 2.85636e-07 -6.19872e-08 0.373775 2.85636e-07 -6.19872e-08 0.373775 2.85636e-07 -6.19872e-08 0.373775 2.85636e-07 -6.19872e-08 0.373775 2.85636e-07 -6.19872e-08 0.373775 2.85636e-07 -6.19872e-08 0.373775 2.85636e-07 -6.19872e-08 0.373775 2.85636e-07 -6.19872e-08 0.373775 2.85636e-07 -6.19872e-08 0.373775 2.85636e-07 -6.19872e-08 0.373775 2.85636e-07 -6.19872e-08 0.373775 2.85636e-07 -6.19872e-08 0.373775 2.85636e-07 -6.19872e-08 0.373775 2.85636e-07 -6.19872e-08 0.373775 2.85636e-07 -6.19872e-08 0.373775 2.85636e-07 -6.19872e-08 0.373775 2.85636e-07 -6.19872e-08 0.373775 2.85636e-07 -6.19872e-08 0.373775 2.85636e-07 -6.19872e-08 0.373775 2.85636e-07 -6.19872e-08 0.373775 2.85636e-07 -6.19872e-08 0.373775 2.85636e-07 -6.19872e-08 0.373775 2.85636e-07 -6.19872e-08 0.373775 2.85636e-07 -6.19872e-08 0.373775 2.85636e-07 -6.19872e-08 0.373775 2.85636e-07 -6.19872e-08 0.373775 2.85636e-07 -6.19872e-08 0.373775 2.85636e-07 -6.19872e-08 0.373775 2.85636e-07 -6.19872e-08 0.373775 2.85636e-07 -6.19872e-08 0.373775 2.85636e-07 -6.19872e-08 0.373775 2.85636e-07 -6.19872e-08 0.373775 2.85636e-07 -6.19872e-08 0.373775 2.85636e-07 -6.19872e-08 0.373775 2.85636e-07 -6.19872e-08 0.373775 2.85636e-07 -6.19872e-08 0.373775 2.85636e-07 -6.19872e-08 0.373775 2.85636e-07 -6.19872e-08 0.373775 2.85636e-07 -6.19872e-08 0.373775 2.85636e-07 -6.19872e-08 0.373775 2.85636e-07 -6.19872e-08 0.373775 2.85636e-07 -6.19872e-08 0.373775 2.85636e-07 -6.19872e-08 0.373775 2.85636e-07 -6.19872e-08 0.373775 2.85636e-07 -6.19872e-08 0.373775 2.85636e-07 -6.19872e-08 0.373775 2.85636e-07 -6.19872e-08 0.373775 2.85636e-07 -6.19872e-08 0.373775 2.85636e-07 -6.19872e-08 0.373775 2.85636e-07 -6.19872e-08 0.373775 2.85636e-07 -6.19872e-08 0.373775 2.85636e-07 -6.19872e-08 0.373775 2.85636e-07 -6.19872e-08 0.373775 2.85636e-07 -6.19872e-08 0.373775 2.85636e-07 -6.19872e-08 0.373775 2.85636e-07 -6.19872e-08 0.373775 2.85636e-07 -6.19872e-08 0.373775 2.85636e-07 -6.19872e-08 0.373775 2.85636e-07 -6.19872e-08 0.373775 2.85636e-07 -6.19872e-08 0.373775 2.85636e-07 -6.19872e-08 0.373775 2.85636e-07 -6.19872e-08 0.373775 2.85636e-07 -6.19872e-08 0.373775 2.85636e-07 -6.19872e-08 0.373775 2.85636e-07 -6.19872e-08 0.373775 2.85636e-07 -6.19872e-08 0.373775 2.85636e-07 -6.19872e-08 0.373775 2.85636e-07 -6.19872e-08 0.373775 2.85636e-07 -6.19872e-08 0.373775 2.85636e-07 -6.19872e-08 0.373775 2.85636e-07 -6.19872e-08 0.373775 2.85636e-07 -6.19872e-08 0.373775 2.85636e-07 -6.19872e-08 0.373775 2.85636e-07 -6.19872e-08 0.373775 2.85636e-07 -6.19872e-08 0.373775 2.85636e-07 -6.19872e-08 0.373775 2.85636e-07 -6.19872e-08 0.373775 2.85636e-07 -6.19872e-08 0.373775 2.85636e-07 -6.19872e-08 0.373775 2.85636e-07</float_array><technique_common><accessor source="#hpl_mixamorigwRightFoot-trans-array" count="89" stride="3" /></technique_common></source>
      <source id="hpl_mixamorigwRightFoot-rotz"><float_array id="hpl_mixamorigwRightFoot-rotz-array" count="89">-9.10792 -9.12589 -9.14385 -9.16181 -9.17975 -9.19769 -9.21563 -9.23355 -9.25147 -9.26938 -9.28728 -9.30518 -9.32306 -9.34094 -9.35881 -9.37597 -9.39169 -9.4074 -9.42311 -9.43882 -9.45451 -9.47021 -9.48589 -9.50157 -9.51725 -9.53292 -9.54858 -9.56424 -9.57989 -9.59554 -9.6087 -9.62063 -9.63255 -9.64446 -9.65637 -9.66828 -9.68019 -9.69209 -9.70399 -9.71588 -9.72777 -9.73966 -9.75154 -9.76342 -9.77529 -9.76342 -9.75154 -9.73966 -9.72777 -9.71588 -9.70399 -9.69209 -9.68019 -9.66828 -9.65637 -9.64446 -9.63255 -9.62063 -9.6087 -9.59554 -9.57989 -9.56424 -9.54858 -9.53292 -9.51725 -9.50157 -9.48589 -9.47021 -9.45451 -9.43882 -9.42311 -9.4074 -9.39169 -9.37597 -9.35881 -9.34094 -9.32306 -9.30518 -9.28728 -9.26938 -9.25147 -9.23355 -9.21563 -9.19769 -9.17975 -9.16181 -9.14385 -9.12589 -9.10792</float_array><technique_common><accessor source="#hpl_mixamorigwRightFoot-rotz-array" count="89" stride="1" /></technique_common></source>
      <source id="hpl_mixamorigwRightFoot-roty"><float_array id="hpl_mixamorigwRightFoot-roty-array" count="89">-2.24561 -2.18484 -2.12407 -2.06332 -2.00258 -1.94186 -1.88114 -1.82044 -1.75976 -1.69908 -1.63842 -1.57778 -1.51714 -1.45652 -1.39591 -1.33801 -1.28553 -1.23305 -1.18058 -1.12813 -1.07568 -1.02324 -0.970814 -0.918396 -0.865989 -0.813592 -0.761204 -0.708827 -0.65646 -0.604102 -0.556216 -0.510567 -0.464926 -0.419291 -0.373663 -0.328042 -0.282427 -0.23682 -0.191219 -0.145626 -0.100039 -0.054459 -0.00888602 0.0366801 0.0822393 0.0366801 -0.00888602 -0.054459 -0.100039 -0.145626 -0.191219 -0.23682 -0.282427 -0.328042 -0.373663 -0.419291 -0.464926 -0.510567 -0.556216 -0.604102 -0.65646 -0.708827 -0.761204 -0.813592 -0.865989 -0.918396 -0.970814 -1.02324 -1.07568 -1.12813 -1.18058 -1.23305 -1.28553 -1.33801 -1.39591 -1.45652 -1.51714 -1.57778 -1.63842 -1.69908 -1.75976 -1.82044 -1.88114 -1.94186 -2.00258 -2.06332 -2.12407 -2.18484 -2.24561</float_array><technique_common><accessor source="#hpl_mixamorigwRightFoot-roty-array" count="89" stride="1" /></technique_common></source>
      <source id="hpl_mixamorigwRightFoot-rotx"><float_array id="hpl_mixamorigwRightFoot-rotx-array" count="89">-100.686 -100.59 -100.494 -100.398 -100.302 -100.205 -100.109 -100.013 -99.9166 -99.8203 -99.724 -99.6277 -99.5313 -99.435 -99.3386 -99.2464 -99.1623 -99.0783 -98.9942 -98.9102 -98.8261 -98.742 -98.6579 -98.5738 -98.4897 -98.4056 -98.3214 -98.2373 -98.1532 -98.069 -97.9948 -97.9255 -97.8563 -97.7871 -97.7178 -97.6485 -97.5793 -97.51 -97.4407 -97.3714 -97.3021 -97.2328 -97.1635 -97.0942 -97.0248 -97.0942 -97.1635 -97.2328 -97.3021 -97.3714 -97.4407 -97.51 -97.5793 -97.6485 -97.7178 -97.7871 -97.8563 -97.9255 -97.9948 -98.069 -98.1532 -98.2373 -98.3214 -98.4056 -98.4897 -98.5738 -98.6579 -98.742 -98.8261 -98.9102 -98.9942 -99.0783 -99.1623 -99.2464 -99.3386 -99.435 -99.5313 -99.6277 -99.724 -99.8203 -99.9166 -100.013 -100.109 -100.205 -100.302 -100.398 -100.494 -100.59 -100.686</float_array><technique_common><accessor source="#hpl_mixamorigwRightFoot-rotx-array" count="89" stride="1" /></technique_common></source>
      <sampler id="hpl_mixamorigwRightFoot-trans-sampler"><input semantic="INPUT" source="#hpl_mixamorigwRightFoot-time" /><input semantic="OUTPUT" source="#hpl_mixamorigwRightFoot-trans" /></sampler><channel source="#hpl_mixamorigwRightFoot-trans-sampler" target="mixamorigwRightFoot/translate" />
      <sampler id="hpl_mixamorigwRightFoot-rotz-sampler"><input semantic="INPUT" source="#hpl_mixamorigwRightFoot-time" /><input semantic="OUTPUT" source="#hpl_mixamorigwRightFoot-rotz" /></sampler><channel source="#hpl_mixamorigwRightFoot-rotz-sampler" target="mixamorigwRightFoot/rotateZ.ANGLE" />
      <sampler id="hpl_mixamorigwRightFoot-roty-sampler"><input semantic="INPUT" source="#hpl_mixamorigwRightFoot-time" /><input semantic="OUTPUT" source="#hpl_mixamorigwRightFoot-roty" /></sampler><channel source="#hpl_mixamorigwRightFoot-roty-sampler" target="mixamorigwRightFoot/rotateY.ANGLE" />
      <sampler id="hpl_mixamorigwRightFoot-rotx-sampler"><input semantic="INPUT" source="#hpl_mixamorigwRightFoot-time" /><input semantic="OUTPUT" source="#hpl_mixamorigwRightFoot-rotx" /></sampler><channel source="#hpl_mixamorigwRightFoot-rotx-sampler" target="mixamorigwRightFoot/rotateX.ANGLE" />
    </animation>
    <animation id="hpl_mixamorigwRightToeBase">
      <source id="hpl_mixamorigwRightToeBase-time"><float_array id="hpl_mixamorigwRightToeBase-time-array" count="89">0 1 2 3 4 5 6 7 8 9 10 11 12 13 14 15 16 17 18 19 20 21 22 23 24 25 26 27 28 29 30 31 32 33 34 35 36 37 38 39 40 41 42 43 44 45 46 47 48 49 50 51 52 53 54 55 56 57 58 59 60 61 62 63 64 65 66 67 68 69 70 71 72 73 74 75 76 77 78 79 80 81 82 83 84 85 86 87 88</float_array><technique_common><accessor source="#hpl_mixamorigwRightToeBase-time-array" count="89" stride="1" /></technique_common></source>
      <source id="hpl_mixamorigwRightToeBase-trans"><float_array id="hpl_mixamorigwRightToeBase-trans-array" count="267">-5.09662e-07 0.17257 -7.34606e-07 -5.09662e-07 0.17257 -7.34606e-07 -5.09662e-07 0.17257 -7.34606e-07 -5.09662e-07 0.17257 -7.34606e-07 -5.09662e-07 0.17257 -7.34606e-07 -5.09662e-07 0.17257 -7.34606e-07 -5.09662e-07 0.17257 -7.34606e-07 -5.09662e-07 0.17257 -7.34606e-07 -5.09662e-07 0.17257 -7.34606e-07 -5.09662e-07 0.17257 -7.34606e-07 -5.09662e-07 0.17257 -7.34606e-07 -5.09662e-07 0.17257 -7.34606e-07 -5.09662e-07 0.17257 -7.34606e-07 -5.09662e-07 0.17257 -7.34606e-07 -5.09662e-07 0.17257 -7.34606e-07 -5.09662e-07 0.17257 -7.34606e-07 -5.09662e-07 0.17257 -7.34606e-07 -5.09662e-07 0.17257 -7.34606e-07 -5.09662e-07 0.17257 -7.34606e-07 -5.09662e-07 0.17257 -7.34606e-07 -5.09662e-07 0.17257 -7.34606e-07 -5.09662e-07 0.17257 -7.34606e-07 -5.09662e-07 0.17257 -7.34606e-07 -5.09662e-07 0.17257 -7.34606e-07 -5.09662e-07 0.17257 -7.34606e-07 -5.09662e-07 0.17257 -7.34606e-07 -5.09662e-07 0.17257 -7.34606e-07 -5.09662e-07 0.17257 -7.34606e-07 -5.09662e-07 0.17257 -7.34606e-07 -5.09662e-07 0.17257 -7.34606e-07 -5.09662e-07 0.17257 -7.34606e-07 -5.09662e-07 0.17257 -7.34606e-07 -5.09662e-07 0.17257 -7.34606e-07 -5.09662e-07 0.17257 -7.34606e-07 -5.09662e-07 0.17257 -7.34606e-07 -5.09662e-07 0.17257 -7.34606e-07 -5.09662e-07 0.17257 -7.34606e-07 -5.09662e-07 0.17257 -7.34606e-07 -5.09662e-07 0.17257 -7.34606e-07 -5.09662e-07 0.17257 -7.34606e-07 -5.09662e-07 0.17257 -7.34606e-07 -5.09662e-07 0.17257 -7.34606e-07 -5.09662e-07 0.17257 -7.34606e-07 -5.09662e-07 0.17257 -7.34606e-07 -5.09662e-07 0.17257 -7.34606e-07 -5.09662e-07 0.17257 -7.34606e-07 -5.09662e-07 0.17257 -7.34606e-07 -5.09662e-07 0.17257 -7.34606e-07 -5.09662e-07 0.17257 -7.34606e-07 -5.09662e-07 0.17257 -7.34606e-07 -5.09662e-07 0.17257 -7.34606e-07 -5.09662e-07 0.17257 -7.34606e-07 -5.09662e-07 0.17257 -7.34606e-07 -5.09662e-07 0.17257 -7.34606e-07 -5.09662e-07 0.17257 -7.34606e-07 -5.09662e-07 0.17257 -7.34606e-07 -5.09662e-07 0.17257 -7.34606e-07 -5.09662e-07 0.17257 -7.34606e-07 -5.09662e-07 0.17257 -7.34606e-07 -5.09662e-07 0.17257 -7.34606e-07 -5.09662e-07 0.17257 -7.34606e-07 -5.09662e-07 0.17257 -7.34606e-07 -5.09662e-07 0.17257 -7.34606e-07 -5.09662e-07 0.17257 -7.34606e-07 -5.09662e-07 0.17257 -7.34606e-07 -5.09662e-07 0.17257 -7.34606e-07 -5.09662e-07 0.17257 -7.34606e-07 -5.09662e-07 0.17257 -7.34606e-07 -5.09662e-07 0.17257 -7.34606e-07 -5.09662e-07 0.17257 -7.34606e-07 -5.09662e-07 0.17257 -7.34606e-07 -5.09662e-07 0.17257 -7.34606e-07 -5.09662e-07 0.17257 -7.34606e-07 -5.09662e-07 0.17257 -7.34606e-07 -5.09662e-07 0.17257 -7.34606e-07 -5.09662e-07 0.17257 -7.34606e-07 -5.09662e-07 0.17257 -7.34606e-07 -5.09662e-07 0.17257 -7.34606e-07 -5.09662e-07 0.17257 -7.34606e-07 -5.09662e-07 0.17257 -7.34606e-07 -5.09662e-07 0.17257 -7.34606e-07 -5.09662e-07 0.17257 -7.34606e-07 -5.09662e-07 0.17257 -7.34606e-07 -5.09662e-07 0.17257 -7.34606e-07 -5.09662e-07 0.17257 -7.34606e-07 -5.09662e-07 0.17257 -7.34606e-07 -5.09662e-07 0.17257 -7.34606e-07 -5.09662e-07 0.17257 -7.34606e-07 -5.09662e-07 0.17257 -7.34606e-07</float_array><technique_common><accessor source="#hpl_mixamorigwRightToeBase-trans-array" count="89" stride="3" /></technique_common></source>
      <source id="hpl_mixamorigwRightToeBase-rotz"><float_array id="hpl_mixamorigwRightToeBase-rotz-array" count="89">-0.405994 -0.402936 -0.39988 -0.396825 -0.393771 -0.390719 -0.387668 -0.384618 -0.38157 -0.378524 -0.375478 -0.372434 -0.369392 -0.366351 -0.363311 -0.360448 -0.357937 -0.355428 -0.35292 -0.350414 -0.347909 -0.345405 -0.342904 -0.340403 -0.337904 -0.335407 -0.332911 -0.330416 -0.327923 -0.325431 -0.322358 -0.318996 -0.315636 -0.312279 -0.308924 -0.305572 -0.302222 -0.298874 -0.295529 -0.292186 -0.288845 -0.285507 -0.282171 -0.278838 -0.275507 -0.278838 -0.282171 -0.285507 -0.288845 -0.292186 -0.295529 -0.298874 -0.302222 -0.305572 -0.308924 -0.312279 -0.315636 -0.318996 -0.322358 -0.325431 -0.327923 -0.330416 -0.332911 -0.335407 -0.337904 -0.340403 -0.342904 -0.345405 -0.347909 -0.350414 -0.35292 -0.355428 -0.357937 -0.360448 -0.363311 -0.366351 -0.369392 -0.372434 -0.375478 -0.378524 -0.38157 -0.384618 -0.387668 -0.390719 -0.393771 -0.396825 -0.39988 -0.402936 -0.405994</float_array><technique_common><accessor source="#hpl_mixamorigwRightToeBase-rotz-array" count="89" stride="1" /></technique_common></source>
      <source id="hpl_mixamorigwRightToeBase-roty"><float_array id="hpl_mixamorigwRightToeBase-roty-array" count="89">1.64999 1.64708 1.64416 1.64124 1.63833 1.63541 1.63248 1.62956 1.62664 1.62371 1.62078 1.61785 1.61492 1.61199 1.60905 1.60606 1.60295 1.59984 1.59672 1.59361 1.59049 1.58737 1.58425 1.58113 1.578 1.57488 1.57175 1.56862 1.56549 1.56236 1.55876 1.55491 1.55107 1.54722 1.54337 1.53951 1.53566 1.5318 1.52794 1.52407 1.52021 1.51634 1.51247 1.50859 1.50471 1.50859 1.51247 1.51634 1.52021 1.52407 1.52794 1.5318 1.53566 1.53951 1.54337 1.54722 1.55107 1.55491 1.55876 1.56236 1.56549 1.56862 1.57175 1.57488 1.578 1.58113 1.58425 1.58737 1.59049 1.59361 1.59672 1.59984 1.60295 1.60606 1.60905 1.61199 1.61492 1.61785 1.62078 1.62371 1.62664 1.62956 1.63248 1.63541 1.63833 1.64124 1.64416 1.64708 1.64999</float_array><technique_common><accessor source="#hpl_mixamorigwRightToeBase-roty-array" count="89" stride="1" /></technique_common></source>
      <source id="hpl_mixamorigwRightToeBase-rotx"><float_array id="hpl_mixamorigwRightToeBase-rotx-array" count="89">-49.0564 -49.0242 -48.992 -48.9598 -48.9276 -48.8954 -48.8632 -48.831 -48.7988 -48.7666 -48.7344 -48.7022 -48.67 -48.6378 -48.6056 -48.5732 -48.5402 -48.5072 -48.4742 -48.4412 -48.4082 -48.3752 -48.3422 -48.3092 -48.2762 -48.2433 -48.2103 -48.1773 -48.1443 -48.1113 -48.0723 -48.0302 -47.9882 -47.9462 -47.9042 -47.8621 -47.8201 -47.7781 -47.7361 -47.694 -47.652 -47.61 -47.568 -47.5259 -47.4839 -47.5259 -47.568 -47.61 -47.652 -47.694 -47.7361 -47.7781 -47.8201 -47.8621 -47.9042 -47.9462 -47.9882 -48.0302 -48.0723 -48.1113 -48.1443 -48.1773 -48.2103 -48.2433 -48.2762 -48.3092 -48.3422 -48.3752 -48.4082 -48.4412 -48.4742 -48.5072 -48.5402 -48.5732 -48.6056 -48.6378 -48.67 -48.7022 -48.7344 -48.7666 -48.7988 -48.831 -48.8632 -48.8954 -48.9276 -48.9598 -48.992 -49.0242 -49.0564</float_array><technique_common><accessor source="#hpl_mixamorigwRightToeBase-rotx-array" count="89" stride="1" /></technique_common></source>
      <sampler id="hpl_mixamorigwRightToeBase-trans-sampler"><input semantic="INPUT" source="#hpl_mixamorigwRightToeBase-time" /><input semantic="OUTPUT" source="#hpl_mixamorigwRightToeBase-trans" /></sampler><channel source="#hpl_mixamorigwRightToeBase-trans-sampler" target="mixamorigwRightToeBase/translate" />
      <sampler id="hpl_mixamorigwRightToeBase-rotz-sampler"><input semantic="INPUT" source="#hpl_mixamorigwRightToeBase-time" /><input semantic="OUTPUT" source="#hpl_mixamorigwRightToeBase-rotz" /></sampler><channel source="#hpl_mixamorigwRightToeBase-rotz-sampler" target="mixamorigwRightToeBase/rotateZ.ANGLE" />
      <sampler id="hpl_mixamorigwRightToeBase-roty-sampler"><input semantic="INPUT" source="#hpl_mixamorigwRightToeBase-time" /><input semantic="OUTPUT" source="#hpl_mixamorigwRightToeBase-roty" /></sampler><channel source="#hpl_mixamorigwRightToeBase-roty-sampler" target="mixamorigwRightToeBase/rotateY.ANGLE" />
      <sampler id="hpl_mixamorigwRightToeBase-rotx-sampler"><input semantic="INPUT" source="#hpl_mixamorigwRightToeBase-time" /><input semantic="OUTPUT" source="#hpl_mixamorigwRightToeBase-rotx" /></sampler><channel source="#hpl_mixamorigwRightToeBase-rotx-sampler" target="mixamorigwRightToeBase/rotateX.ANGLE" />
    </animation>
    <animation id="hpl_mixamorigwSpine">
      <source id="hpl_mixamorigwSpine-time"><float_array id="hpl_mixamorigwSpine-time-array" count="89">0 1 2 3 4 5 6 7 8 9 10 11 12 13 14 15 16 17 18 19 20 21 22 23 24 25 26 27 28 29 30 31 32 33 34 35 36 37 38 39 40 41 42 43 44 45 46 47 48 49 50 51 52 53 54 55 56 57 58 59 60 61 62 63 64 65 66 67 68 69 70 71 72 73 74 75 76 77 78 79 80 81 82 83 84 85 86 87 88</float_array><technique_common><accessor source="#hpl_mixamorigwSpine-time-array" count="89" stride="1" /></technique_common></source>
      <source id="hpl_mixamorigwSpine-trans"><float_array id="hpl_mixamorigwSpine-trans-array" count="267">-0.00650083 0.120685 0.0647093 -0.00650083 0.120685 0.0647093 -0.00650083 0.120685 0.0647093 -0.00650083 0.120685 0.0647093 -0.00650083 0.120685 0.0647093 -0.00650083 0.120685 0.0647093 -0.00650083 0.120685 0.0647093 -0.00650083 0.120685 0.0647093 -0.00650083 0.120685 0.0647093 -0.00650083 0.120685 0.0647093 -0.00650083 0.120685 0.0647093 -0.00650083 0.120685 0.0647093 -0.00650083 0.120685 0.0647093 -0.00650083 0.120685 0.0647093 -0.00650083 0.120685 0.0647093 -0.00650083 0.120685 0.0647093 -0.00650083 0.120685 0.0647093 -0.00650083 0.120685 0.0647093 -0.00650083 0.120685 0.0647093 -0.00650083 0.120685 0.0647093 -0.00650083 0.120685 0.0647093 -0.00650083 0.120685 0.0647093 -0.00650083 0.120685 0.0647093 -0.00650083 0.120685 0.0647093 -0.00650083 0.120685 0.0647093 -0.00650083 0.120685 0.0647093 -0.00650083 0.120685 0.0647093 -0.00650083 0.120685 0.0647093 -0.00650083 0.120685 0.0647093 -0.00650083 0.120685 0.0647093 -0.00650083 0.120685 0.0647093 -0.00650083 0.120685 0.0647093 -0.00650083 0.120685 0.0647093 -0.00650083 0.120685 0.0647093 -0.00650083 0.120685 0.0647093 -0.00650083 0.120685 0.0647093 -0.00650083 0.120685 0.0647093 -0.00650083 0.120685 0.0647093 -0.00650083 0.120685 0.0647093 -0.00650083 0.120685 0.0647093 -0.00650083 0.120685 0.0647093 -0.00650083 0.120685 0.0647093 -0.00650083 0.120685 0.0647093 -0.00650083 0.120685 0.0647093 -0.00650083 0.120685 0.0647093 -0.00650083 0.120685 0.0647093 -0.00650083 0.120685 0.0647093 -0.00650083 0.120685 0.0647093 -0.00650083 0.120685 0.0647093 -0.00650083 0.120685 0.0647093 -0.00650083 0.120685 0.0647093 -0.00650083 0.120685 0.0647093 -0.00650083 0.120685 0.0647093 -0.00650083 0.120685 0.0647093 -0.00650083 0.120685 0.0647093 -0.00650083 0.120685 0.0647093 -0.00650083 0.120685 0.0647093 -0.00650083 0.120685 0.0647093 -0.00650083 0.120685 0.0647093 -0.00650083 0.120685 0.0647093 -0.00650083 0.120685 0.0647093 -0.00650083 0.120685 0.0647093 -0.00650083 0.120685 0.0647093 -0.00650083 0.120685 0.0647093 -0.00650083 0.120685 0.0647093 -0.00650083 0.120685 0.0647093 -0.00650083 0.120685 0.0647093 -0.00650083 0.120685 0.0647093 -0.00650083 0.120685 0.0647093 -0.00650083 0.120685 0.0647093 -0.00650083 0.120685 0.0647093 -0.00650083 0.120685 0.0647093 -0.00650083 0.120685 0.0647093 -0.00650083 0.120685 0.0647093 -0.00650083 0.120685 0.0647093 -0.00650083 0.120685 0.0647093 -0.00650083 0.120685 0.0647093 -0.00650083 0.120685 0.0647093 -0.00650083 0.120685 0.0647093 -0.00650083 0.120685 0.0647093 -0.00650083 0.120685 0.0647093 -0.00650083 0.120685 0.0647093 -0.00650083 0.120685 0.0647093 -0.00650083 0.120685 0.0647093 -0.00650083 0.120685 0.0647093 -0.00650083 0.120685 0.0647093 -0.00650083 0.120685 0.0647093 -0.00650083 0.120685 0.0647093 -0.00650083 0.120685 0.0647093</float_array><technique_common><accessor source="#hpl_mixamorigwSpine-trans-array" count="89" stride="3" /></technique_common></source>
      <source id="hpl_mixamorigwSpine-rotz"><float_array id="hpl_mixamorigwSpine-rotz-array" count="89">5.4154 5.40763 5.39985 5.39207 5.3843 5.37652 5.36874 5.36097 5.35319 5.34542 5.33764 5.32986 5.32209 5.31431 5.30654 5.29882 5.29123 5.28363 5.27604 5.26844 5.26085 5.25326 5.24566 5.23807 5.23047 5.22288 5.21529 5.20769 5.2001 5.19251 5.18487 5.17721 5.16956 5.1619 5.15424 5.14659 5.13893 5.13128 5.12362 5.11596 5.10831 5.10065 5.093 5.08534 5.07769 5.08534 5.093 5.10065 5.10831 5.11596 5.12362 5.13128 5.13893 5.14659 5.15424 5.1619 5.16956 5.17721 5.18487 5.19251 5.2001 5.20769 5.21529 5.22288 5.23047 5.23807 5.24566 5.25326 5.26085 5.26844 5.27604 5.28363 5.29123 5.29882 5.30654 5.31431 5.32209 5.32986 5.33764 5.34542 5.35319 5.36097 5.36874 5.37652 5.3843 5.39207 5.39985 5.40763 5.4154</float_array><technique_common><accessor source="#hpl_mixamorigwSpine-rotz-array" count="89" stride="1" /></technique_common></source>
      <source id="hpl_mixamorigwSpine-roty"><float_array id="hpl_mixamorigwSpine-roty-array" count="89">2.21107 2.21517 2.21928 2.22338 2.22748 2.23159 2.23569 2.2398 2.2439 2.24801 2.25211 2.25621 2.26032 2.26442 2.26853 2.2728 2.27739 2.28199 2.28658 2.29118 2.29577 2.30037 2.30496 2.30956 2.31415 2.31875 2.32334 2.32794 2.33253 2.33713 2.34123 2.34508 2.34892 2.35277 2.35662 2.36047 2.36432 2.36817 2.37202 2.37587 2.37972 2.38356 2.38741 2.39126 2.39511 2.39126 2.38741 2.38356 2.37972 2.37587 2.37202 2.36817 2.36432 2.36047 2.35662 2.35277 2.34892 2.34508 2.34123 2.33713 2.33253 2.32794 2.32334 2.31875 2.31415 2.30956 2.30496 2.30037 2.29577 2.29118 2.28658 2.28199 2.27739 2.2728 2.26853 2.26442 2.26032 2.25621 2.25211 2.24801 2.2439 2.2398 2.23569 2.23159 2.22748 2.22338 2.21928 2.21517 2.21107</float_array><technique_common><accessor source="#hpl_mixamorigwSpine-roty-array" count="89" stride="1" /></technique_common></source>
      <source id="hpl_mixamorigwSpine-rotx"><float_array id="hpl_mixamorigwSpine-rotx-array" count="89">46.6133 46.5761 46.5388 46.5015 46.4642 46.427 46.3897 46.3524 46.3151 46.2779 46.2406 46.2033 46.166 46.1287 46.0914 46.0537 46.0151 45.9765 45.9379 45.8992 45.8606 45.822 45.7834 45.7447 45.7061 45.6675 45.6289 45.5902 45.5516 45.513 45.4745 45.4362 45.3979 45.3595 45.3212 45.2828 45.2445 45.2061 45.1678 45.1295 45.0911 45.0528 45.0144 44.9761 44.9377 44.9761 45.0144 45.0528 45.0911 45.1295 45.1678 45.2061 45.2445 45.2828 45.3212 45.3595 45.3979 45.4362 45.4745 45.513 45.5516 45.5902 45.6289 45.6675 45.7061 45.7447 45.7834 45.822 45.8606 45.8992 45.9379 45.9765 46.0151 46.0537 46.0914 46.1287 46.166 46.2033 46.2406 46.2779 46.3151 46.3524 46.3897 46.427 46.4642 46.5015 46.5388 46.5761 46.6133</float_array><technique_common><accessor source="#hpl_mixamorigwSpine-rotx-array" count="89" stride="1" /></technique_common></source>
      <sampler id="hpl_mixamorigwSpine-trans-sampler"><input semantic="INPUT" source="#hpl_mixamorigwSpine-time" /><input semantic="OUTPUT" source="#hpl_mixamorigwSpine-trans" /></sampler><channel source="#hpl_mixamorigwSpine-trans-sampler" target="mixamorigwSpine/translate" />
      <sampler id="hpl_mixamorigwSpine-rotz-sampler"><input semantic="INPUT" source="#hpl_mixamorigwSpine-time" /><input semantic="OUTPUT" source="#hpl_mixamorigwSpine-rotz" /></sampler><channel source="#hpl_mixamorigwSpine-rotz-sampler" target="mixamorigwSpine/rotateZ.ANGLE" />
      <sampler id="hpl_mixamorigwSpine-roty-sampler"><input semantic="INPUT" source="#hpl_mixamorigwSpine-time" /><input semantic="OUTPUT" source="#hpl_mixamorigwSpine-roty" /></sampler><channel source="#hpl_mixamorigwSpine-roty-sampler" target="mixamorigwSpine/rotateY.ANGLE" />
      <sampler id="hpl_mixamorigwSpine-rotx-sampler"><input semantic="INPUT" source="#hpl_mixamorigwSpine-time" /><input semantic="OUTPUT" source="#hpl_mixamorigwSpine-rotx" /></sampler><channel source="#hpl_mixamorigwSpine-rotx-sampler" target="mixamorigwSpine/rotateX.ANGLE" />
    </animation>
    <animation id="hpl_mixamorigwSpine1">
      <source id="hpl_mixamorigwSpine1-time"><float_array id="hpl_mixamorigwSpine1-time-array" count="89">0 1 2 3 4 5 6 7 8 9 10 11 12 13 14 15 16 17 18 19 20 21 22 23 24 25 26 27 28 29 30 31 32 33 34 35 36 37 38 39 40 41 42 43 44 45 46 47 48 49 50 51 52 53 54 55 56 57 58 59 60 61 62 63 64 65 66 67 68 69 70 71 72 73 74 75 76 77 78 79 80 81 82 83 84 85 86 87 88</float_array><technique_common><accessor source="#hpl_mixamorigwSpine1-time-array" count="89" stride="1" /></technique_common></source>
      <source id="hpl_mixamorigwSpine1-trans"><float_array id="hpl_mixamorigwSpine1-trans-array" count="267">1.98992e-08 0.1371 -1.48608e-07 1.98992e-08 0.1371 -1.48608e-07 1.98992e-08 0.1371 -1.48608e-07 1.98992e-08 0.1371 -1.48608e-07 1.98992e-08 0.1371 -1.48608e-07 1.98992e-08 0.1371 -1.48608e-07 1.98992e-08 0.1371 -1.48608e-07 1.98992e-08 0.1371 -1.48608e-07 1.98992e-08 0.1371 -1.48608e-07 1.98992e-08 0.1371 -1.48608e-07 1.98992e-08 0.1371 -1.48608e-07 1.98992e-08 0.1371 -1.48608e-07 1.98992e-08 0.1371 -1.48608e-07 1.98992e-08 0.1371 -1.48608e-07 1.98992e-08 0.1371 -1.48608e-07 1.98992e-08 0.1371 -1.48608e-07 1.98992e-08 0.1371 -1.48608e-07 1.98992e-08 0.1371 -1.48608e-07 1.98992e-08 0.1371 -1.48608e-07 1.98992e-08 0.1371 -1.48608e-07 1.98992e-08 0.1371 -1.48608e-07 1.98992e-08 0.1371 -1.48608e-07 1.98992e-08 0.1371 -1.48608e-07 1.98992e-08 0.1371 -1.48608e-07 1.98992e-08 0.1371 -1.48608e-07 1.98992e-08 0.1371 -1.48608e-07 1.98992e-08 0.1371 -1.48608e-07 1.98992e-08 0.1371 -1.48608e-07 1.98992e-08 0.1371 -1.48608e-07 1.98992e-08 0.1371 -1.48608e-07 1.98992e-08 0.1371 -1.48608e-07 1.98992e-08 0.1371 -1.48608e-07 1.98992e-08 0.1371 -1.48608e-07 1.98992e-08 0.1371 -1.48608e-07 1.98992e-08 0.1371 -1.48608e-07 1.98992e-08 0.1371 -1.48608e-07 1.98992e-08 0.1371 -1.48608e-07 1.98992e-08 0.1371 -1.48608e-07 1.98992e-08 0.1371 -1.48608e-07 1.98992e-08 0.1371 -1.48608e-07 1.98992e-08 0.1371 -1.48608e-07 1.98992e-08 0.1371 -1.48608e-07 1.98992e-08 0.1371 -1.48608e-07 1.98992e-08 0.1371 -1.48608e-07 1.98992e-08 0.1371 -1.48608e-07 1.98992e-08 0.1371 -1.48608e-07 1.98992e-08 0.1371 -1.48608e-07 1.98992e-08 0.1371 -1.48608e-07 1.98992e-08 0.1371 -1.48608e-07 1.98992e-08 0.1371 -1.48608e-07 1.98992e-08 0.1371 -1.48608e-07 1.98992e-08 0.1371 -1.48608e-07 1.98992e-08 0.1371 -1.48608e-07 1.98992e-08 0.1371 -1.48608e-07 1.98992e-08 0.1371 -1.48608e-07 1.98992e-08 0.1371 -1.48608e-07 1.98992e-08 0.1371 -1.48608e-07 1.98992e-08 0.1371 -1.48608e-07 1.98992e-08 0.1371 -1.48608e-07 1.98992e-08 0.1371 -1.48608e-07 1.98992e-08 0.1371 -1.48608e-07 1.98992e-08 0.1371 -1.48608e-07 1.98992e-08 0.1371 -1.48608e-07 1.98992e-08 0.1371 -1.48608e-07 1.98992e-08 0.1371 -1.48608e-07 1.98992e-08 0.1371 -1.48608e-07 1.98992e-08 0.1371 -1.48608e-07 1.98992e-08 0.1371 -1.48608e-07 1.98992e-08 0.1371 -1.48608e-07 1.98992e-08 0.1371 -1.48608e-07 1.98992e-08 0.1371 -1.48608e-07 1.98992e-08 0.1371 -1.48608e-07 1.98992e-08 0.1371 -1.48608e-07 1.98992e-08 0.1371 -1.48608e-07 1.98992e-08 0.1371 -1.48608e-07 1.98992e-08 0.1371 -1.48608e-07 1.98992e-08 0.1371 -1.48608e-07 1.98992e-08 0.1371 -1.48608e-07 1.98992e-08 0.1371 -1.48608e-07 1.98992e-08 0.1371 -1.48608e-07 1.98992e-08 0.1371 -1.48608e-07 1.98992e-08 0.1371 -1.48608e-07 1.98992e-08 0.1371 -1.48608e-07 1.98992e-08 0.1371 -1.48608e-07 1.98992e-08 0.1371 -1.48608e-07 1.98992e-08 0.1371 -1.48608e-07 1.98992e-08 0.1371 -1.48608e-07 1.98992e-08 0.1371 -1.48608e-07 1.98992e-08 0.1371 -1.48608e-07</float_array><technique_common><accessor source="#hpl_mixamorigwSpine1-trans-array" count="89" stride="3" /></technique_common></source>
      <source id="hpl_mixamorigwSpine1-rotz"><float_array id="hpl_mixamorigwSpine1-rotz-array" count="89">0.270737 0.266416 0.262094 0.257773 0.253451 0.24913 0.244808 0.240487 0.236166 0.231844 0.227523 0.223201 0.21888 0.214558 0.210237 0.205916 0.201597 0.197277 0.192958 0.188638 0.184319 0.179999 0.17568 0.171361 0.167041 0.162722 0.158402 0.154083 0.149764 0.145444 0.141465 0.137655 0.133845 0.130036 0.126226 0.122416 0.118607 0.114797 0.110987 0.107178 0.103368 0.0995586 0.095749 0.0919394 0.0881298 0.0919394 0.095749 0.0995586 0.103368 0.107178 0.110987 0.114797 0.118607 0.122416 0.126226 0.130036 0.133845 0.137655 0.141465 0.145444 0.149764 0.154083 0.158402 0.162722 0.167041 0.171361 0.17568 0.179999 0.184319 0.188638 0.192958 0.197277 0.201597 0.205916 0.210237 0.214558 0.21888 0.223201 0.227523 0.231844 0.236166 0.240487 0.244808 0.24913 0.253451 0.257773 0.262094 0.266416 0.270737</float_array><technique_common><accessor source="#hpl_mixamorigwSpine1-rotz-array" count="89" stride="1" /></technique_common></source>
      <source id="hpl_mixamorigwSpine1-roty"><float_array id="hpl_mixamorigwSpine1-roty-array" count="89">1.22773 1.21919 1.21065 1.20211 1.19357 1.18504 1.1765 1.16796 1.15942 1.15088 1.14235 1.13381 1.12527 1.11673 1.1082 1.09987 1.09197 1.08407 1.07617 1.06827 1.06037 1.05247 1.04457 1.03667 1.02877 1.02087 1.01297 1.00507 0.997169 0.989269 0.98333 0.978372 0.973413 0.968454 0.963495 0.958537 0.953578 0.94862 0.943661 0.938702 0.933744 0.928786 0.923827 0.918869 0.91391 0.918869 0.923827 0.928786 0.933744 0.938702 0.943661 0.94862 0.953578 0.958537 0.963495 0.968454 0.973413 0.978372 0.98333 0.989269 0.997169 1.00507 1.01297 1.02087 1.02877 1.03667 1.04457 1.05247 1.06037 1.06827 1.07617 1.08407 1.09197 1.09987 1.1082 1.11673 1.12527 1.13381 1.14235 1.15088 1.15942 1.16796 1.1765 1.18504 1.19357 1.20211 1.21065 1.21919 1.22773</float_array><technique_common><accessor source="#hpl_mixamorigwSpine1-roty-array" count="89" stride="1" /></technique_common></source>
      <source id="hpl_mixamorigwSpine1-rotx"><float_array id="hpl_mixamorigwSpine1-rotx-array" count="89">-1.76358 -1.78403 -1.80448 -1.82492 -1.84537 -1.86582 -1.88627 -1.90672 -1.92717 -1.94762 -1.96807 -1.98852 -2.00897 -2.02942 -2.04987 -2.07017 -2.09015 -2.11013 -2.13012 -2.1501 -2.17008 -2.19007 -2.21005 -2.23003 -2.25002 -2.27 -2.28999 -2.30997 -2.32995 -2.34994 -2.36995 -2.38998 -2.41001 -2.43004 -2.45007 -2.47011 -2.49014 -2.51017 -2.5302 -2.55023 -2.57026 -2.59029 -2.61032 -2.63035 -2.65038 -2.63035 -2.61032 -2.59029 -2.57026 -2.55023 -2.5302 -2.51017 -2.49014 -2.47011 -2.45007 -2.43004 -2.41001 -2.38998 -2.36995 -2.34994 -2.32995 -2.30997 -2.28999 -2.27 -2.25002 -2.23003 -2.21005 -2.19007 -2.17008 -2.1501 -2.13012 -2.11013 -2.09015 -2.07017 -2.04987 -2.02942 -2.00897 -1.98852 -1.96807 -1.94762 -1.92717 -1.90672 -1.88627 -1.86582 -1.84537 -1.82492 -1.80448 -1.78403 -1.76358</float_array><technique_common><accessor source="#hpl_mixamorigwSpine1-rotx-array" count="89" stride="1" /></technique_common></source>
      <sampler id="hpl_mixamorigwSpine1-trans-sampler"><input semantic="INPUT" source="#hpl_mixamorigwSpine1-time" /><input semantic="OUTPUT" source="#hpl_mixamorigwSpine1-trans" /></sampler><channel source="#hpl_mixamorigwSpine1-trans-sampler" target="mixamorigwSpine1/translate" />
      <sampler id="hpl_mixamorigwSpine1-rotz-sampler"><input semantic="INPUT" source="#hpl_mixamorigwSpine1-time" /><input semantic="OUTPUT" source="#hpl_mixamorigwSpine1-rotz" /></sampler><channel source="#hpl_mixamorigwSpine1-rotz-sampler" target="mixamorigwSpine1/rotateZ.ANGLE" />
      <sampler id="hpl_mixamorigwSpine1-roty-sampler"><input semantic="INPUT" source="#hpl_mixamorigwSpine1-time" /><input semantic="OUTPUT" source="#hpl_mixamorigwSpine1-roty" /></sampler><channel source="#hpl_mixamorigwSpine1-roty-sampler" target="mixamorigwSpine1/rotateY.ANGLE" />
      <sampler id="hpl_mixamorigwSpine1-rotx-sampler"><input semantic="INPUT" source="#hpl_mixamorigwSpine1-time" /><input semantic="OUTPUT" source="#hpl_mixamorigwSpine1-rotx" /></sampler><channel source="#hpl_mixamorigwSpine1-rotx-sampler" target="mixamorigwSpine1/rotateX.ANGLE" />
    </animation>
    <animation id="hpl_mixamorigwSpine2">
      <source id="hpl_mixamorigwSpine2-time"><float_array id="hpl_mixamorigwSpine2-time-array" count="89">0 1 2 3 4 5 6 7 8 9 10 11 12 13 14 15 16 17 18 19 20 21 22 23 24 25 26 27 28 29 30 31 32 33 34 35 36 37 38 39 40 41 42 43 44 45 46 47 48 49 50 51 52 53 54 55 56 57 58 59 60 61 62 63 64 65 66 67 68 69 70 71 72 73 74 75 76 77 78 79 80 81 82 83 84 85 86 87 88</float_array><technique_common><accessor source="#hpl_mixamorigwSpine2-time-array" count="89" stride="1" /></technique_common></source>
      <source id="hpl_mixamorigwSpine2-trans"><float_array id="hpl_mixamorigwSpine2-trans-array" count="267">-4.84715e-08 0.137102 -2.06867e-07 -4.84715e-08 0.137102 -2.06867e-07 -4.84715e-08 0.137102 -2.06867e-07 -4.84715e-08 0.137102 -2.06867e-07 -4.84715e-08 0.137102 -2.06867e-07 -4.84715e-08 0.137102 -2.06867e-07 -4.84715e-08 0.137102 -2.06867e-07 -4.84715e-08 0.137102 -2.06867e-07 -4.84715e-08 0.137102 -2.06867e-07 -4.84715e-08 0.137102 -2.06867e-07 -4.84715e-08 0.137102 -2.06867e-07 -4.84715e-08 0.137102 -2.06867e-07 -4.84715e-08 0.137102 -2.06867e-07 -4.84715e-08 0.137102 -2.06867e-07 -4.84715e-08 0.137102 -2.06867e-07 -4.84715e-08 0.137102 -2.06867e-07 -4.84715e-08 0.137102 -2.06867e-07 -4.84715e-08 0.137102 -2.06867e-07 -4.84715e-08 0.137102 -2.06867e-07 -4.84715e-08 0.137102 -2.06867e-07 -4.84715e-08 0.137102 -2.06867e-07 -4.84715e-08 0.137102 -2.06867e-07 -4.84715e-08 0.137102 -2.06867e-07 -4.84715e-08 0.137102 -2.06867e-07 -4.84715e-08 0.137102 -2.06867e-07 -4.84715e-08 0.137102 -2.06867e-07 -4.84715e-08 0.137102 -2.06867e-07 -4.84715e-08 0.137102 -2.06867e-07 -4.84715e-08 0.137102 -2.06867e-07 -4.84715e-08 0.137102 -2.06867e-07 -4.84715e-08 0.137102 -2.06867e-07 -4.84715e-08 0.137102 -2.06867e-07 -4.84715e-08 0.137102 -2.06867e-07 -4.84715e-08 0.137102 -2.06867e-07 -4.84715e-08 0.137102 -2.06867e-07 -4.84715e-08 0.137102 -2.06867e-07 -4.84715e-08 0.137102 -2.06867e-07 -4.84715e-08 0.137102 -2.06867e-07 -4.84715e-08 0.137102 -2.06867e-07 -4.84715e-08 0.137102 -2.06867e-07 -4.84715e-08 0.137102 -2.06867e-07 -4.84715e-08 0.137102 -2.06867e-07 -4.84715e-08 0.137102 -2.06867e-07 -4.84715e-08 0.137102 -2.06867e-07 -4.84715e-08 0.137102 -2.06867e-07 -4.84715e-08 0.137102 -2.06867e-07 -4.84715e-08 0.137102 -2.06867e-07 -4.84715e-08 0.137102 -2.06867e-07 -4.84715e-08 0.137102 -2.06867e-07 -4.84715e-08 0.137102 -2.06867e-07 -4.84715e-08 0.137102 -2.06867e-07 -4.84715e-08 0.137102 -2.06867e-07 -4.84715e-08 0.137102 -2.06867e-07 -4.84715e-08 0.137102 -2.06867e-07 -4.84715e-08 0.137102 -2.06867e-07 -4.84715e-08 0.137102 -2.06867e-07 -4.84715e-08 0.137102 -2.06867e-07 -4.84715e-08 0.137102 -2.06867e-07 -4.84715e-08 0.137102 -2.06867e-07 -4.84715e-08 0.137102 -2.06867e-07 -4.84715e-08 0.137102 -2.06867e-07 -4.84715e-08 0.137102 -2.06867e-07 -4.84715e-08 0.137102 -2.06867e-07 -4.84715e-08 0.137102 -2.06867e-07 -4.84715e-08 0.137102 -2.06867e-07 -4.84715e-08 0.137102 -2.06867e-07 -4.84715e-08 0.137102 -2.06867e-07 -4.84715e-08 0.137102 -2.06867e-07 -4.84715e-08 0.137102 -2.06867e-07 -4.84715e-08 0.137102 -2.06867e-07 -4.84715e-08 0.137102 -2.06867e-07 -4.84715e-08 0.137102 -2.06867e-07 -4.84715e-08 0.137102 -2.06867e-07 -4.84715e-08 0.137102 -2.06867e-07 -4.84715e-08 0.137102 -2.06867e-07 -4.84715e-08 0.137102 -2.06867e-07 -4.84715e-08 0.137102 -2.06867e-07 -4.84715e-08 0.137102 -2.06867e-07 -4.84715e-08 0.137102 -2.06867e-07 -4.84715e-08 0.137102 -2.06867e-07 -4.84715e-08 0.137102 -2.06867e-07 -4.84715e-08 0.137102 -2.06867e-07 -4.84715e-08 0.137102 -2.06867e-07 -4.84715e-08 0.137102 -2.06867e-07 -4.84715e-08 0.137102 -2.06867e-07 -4.84715e-08 0.137102 -2.06867e-07 -4.84715e-08 0.137102 -2.06867e-07 -4.84715e-08 0.137102 -2.06867e-07 -4.84715e-08 0.137102 -2.06867e-07</float_array><technique_common><accessor source="#hpl_mixamorigwSpine2-trans-array" count="89" stride="3" /></technique_common></source>
      <source id="hpl_mixamorigwSpine2-rotz"><float_array id="hpl_mixamorigwSpine2-rotz-array" count="89">2.27886 2.2721 2.26533 2.25856 2.25179 2.24502 2.23826 2.23149 2.22472 2.21795 2.21118 2.20441 2.19764 2.19088 2.18411 2.1771 2.16962 2.16213 2.15465 2.14716 2.13968 2.1322 2.12471 2.11723 2.10974 2.10226 2.09477 2.08729 2.0798 2.07232 2.06566 2.05942 2.05317 2.04693 2.04068 2.03444 2.02819 2.02195 2.0157 2.00946 2.00321 1.99697 1.99072 1.98447 1.97823 1.98447 1.99072 1.99697 2.00321 2.00946 2.0157 2.02195 2.02819 2.03444 2.04068 2.04693 2.05317 2.05942 2.06566 2.07232 2.0798 2.08729 2.09477 2.10226 2.10974 2.11723 2.12471 2.1322 2.13968 2.14716 2.15465 2.16213 2.16962 2.1771 2.18411 2.19088 2.19764 2.20441 2.21118 2.21795 2.22472 2.23149 2.23826 2.24502 2.25179 2.25856 2.26533 2.2721 2.27886</float_array><technique_common><accessor source="#hpl_mixamorigwSpine2-rotz-array" count="89" stride="1" /></technique_common></source>
      <source id="hpl_mixamorigwSpine2-roty"><float_array id="hpl_mixamorigwSpine2-roty-array" count="89">0.414451 0.400709 0.386967 0.373226 0.359485 0.345745 0.332005 0.318267 0.304529 0.290791 0.277054 0.263318 0.249583 0.235848 0.222113 0.209464 0.198984 0.188504 0.178025 0.167546 0.157068 0.146591 0.136114 0.125637 0.115162 0.104686 0.0942117 0.0837376 0.0732641 0.0627912 0.0543177 0.0468441 0.0393709 0.0318983 0.0244262 0.0169545 0.00948332 0.00201262 -0.00545759 -0.0129273 -0.0203966 -0.0278653 -0.0353336 -0.0428014 -0.0502687 -0.0428014 -0.0353336 -0.0278653 -0.0203966 -0.0129273 -0.00545759 0.00201262 0.00948332 0.0169545 0.0244262 0.0318983 0.0393709 0.0468441 0.0543177 0.0627912 0.0732641 0.0837376 0.0942117 0.104686 0.115162 0.125637 0.136114 0.146591 0.157068 0.167546 0.178025 0.188504 0.198984 0.209464 0.222113 0.235848 0.249583 0.263318 0.277054 0.290791 0.304529 0.318267 0.332005 0.345745 0.359485 0.373226 0.386967 0.400709 0.414451</float_array><technique_common><accessor source="#hpl_mixamorigwSpine2-roty-array" count="89" stride="1" /></technique_common></source>
      <source id="hpl_mixamorigwSpine2-rotx"><float_array id="hpl_mixamorigwSpine2-rotx-array" count="89">18.1431 18.0905 18.0379 17.9853 17.9328 17.8802 17.8276 17.7751 17.7225 17.6699 17.6173 17.5648 17.5122 17.4596 17.407 17.3555 17.3061 17.2568 17.2074 17.158 17.1086 17.0592 17.0098 16.9604 16.911 16.8616 16.8122 16.7628 16.7134 16.6641 16.6172 16.5715 16.5259 16.4802 16.4346 16.389 16.3433 16.2977 16.252 16.2064 16.1608 16.1151 16.0695 16.0238 15.9782 16.0238 16.0695 16.1151 16.1608 16.2064 16.252 16.2977 16.3433 16.389 16.4346 16.4802 16.5259 16.5715 16.6172 16.6641 16.7134 16.7628 16.8122 16.8616 16.911 16.9604 17.0098 17.0592 17.1086 17.158 17.2074 17.2568 17.3061 17.3555 17.407 17.4596 17.5122 17.5648 17.6173 17.6699 17.7225 17.7751 17.8276 17.8802 17.9328 17.9853 18.0379 18.0905 18.1431</float_array><technique_common><accessor source="#hpl_mixamorigwSpine2-rotx-array" count="89" stride="1" /></technique_common></source>
      <sampler id="hpl_mixamorigwSpine2-trans-sampler"><input semantic="INPUT" source="#hpl_mixamorigwSpine2-time" /><input semantic="OUTPUT" source="#hpl_mixamorigwSpine2-trans" /></sampler><channel source="#hpl_mixamorigwSpine2-trans-sampler" target="mixamorigwSpine2/translate" />
      <sampler id="hpl_mixamorigwSpine2-rotz-sampler"><input semantic="INPUT" source="#hpl_mixamorigwSpine2-time" /><input semantic="OUTPUT" source="#hpl_mixamorigwSpine2-rotz" /></sampler><channel source="#hpl_mixamorigwSpine2-rotz-sampler" target="mixamorigwSpine2/rotateZ.ANGLE" />
      <sampler id="hpl_mixamorigwSpine2-roty-sampler"><input semantic="INPUT" source="#hpl_mixamorigwSpine2-time" /><input semantic="OUTPUT" source="#hpl_mixamorigwSpine2-roty" /></sampler><channel source="#hpl_mixamorigwSpine2-roty-sampler" target="mixamorigwSpine2/rotateY.ANGLE" />
      <sampler id="hpl_mixamorigwSpine2-rotx-sampler"><input semantic="INPUT" source="#hpl_mixamorigwSpine2-time" /><input semantic="OUTPUT" source="#hpl_mixamorigwSpine2-rotx" /></sampler><channel source="#hpl_mixamorigwSpine2-rotx-sampler" target="mixamorigwSpine2/rotateX.ANGLE" />
    </animation>
    <animation id="hpl_mixamorigwLeftShoulder">
      <source id="hpl_mixamorigwLeftShoulder-time"><float_array id="hpl_mixamorigwLeftShoulder-time-array" count="89">0 1 2 3 4 5 6 7 8 9 10 11 12 13 14 15 16 17 18 19 20 21 22 23 24 25 26 27 28 29 30 31 32 33 34 35 36 37 38 39 40 41 42 43 44 45 46 47 48 49 50 51 52 53 54 55 56 57 58 59 60 61 62 63 64 65 66 67 68 69 70 71 72 73 74 75 76 77 78 79 80 81 82 83 84 85 86 87 88</float_array><technique_common><accessor source="#hpl_mixamorigwLeftShoulder-time-array" count="89" stride="1" /></technique_common></source>
      <source id="hpl_mixamorigwLeftShoulder-trans"><float_array id="hpl_mixamorigwLeftShoulder-trans-array" count="267">0.040025 0.0686428 -0.00178688 0.040025 0.0686428 -0.00178688 0.040025 0.0686428 -0.00178688 0.040025 0.0686428 -0.00178688 0.040025 0.0686428 -0.00178688 0.040025 0.0686428 -0.00178688 0.040025 0.0686428 -0.00178688 0.040025 0.0686428 -0.00178688 0.040025 0.0686428 -0.00178688 0.040025 0.0686428 -0.00178688 0.040025 0.0686428 -0.00178688 0.040025 0.0686428 -0.00178688 0.040025 0.0686428 -0.00178688 0.040025 0.0686428 -0.00178688 0.040025 0.0686428 -0.00178688 0.040025 0.0686428 -0.00178688 0.040025 0.0686428 -0.00178688 0.040025 0.0686428 -0.00178688 0.040025 0.0686428 -0.00178688 0.040025 0.0686428 -0.00178688 0.040025 0.0686428 -0.00178688 0.040025 0.0686428 -0.00178688 0.040025 0.0686428 -0.00178688 0.040025 0.0686428 -0.00178688 0.040025 0.0686428 -0.00178688 0.040025 0.0686428 -0.00178688 0.040025 0.0686428 -0.00178688 0.040025 0.0686428 -0.00178688 0.040025 0.0686428 -0.00178688 0.040025 0.0686428 -0.00178688 0.040025 0.0686428 -0.00178688 0.040025 0.0686428 -0.00178688 0.040025 0.0686428 -0.00178688 0.040025 0.0686428 -0.00178688 0.040025 0.0686428 -0.00178688 0.040025 0.0686428 -0.00178688 0.040025 0.0686428 -0.00178688 0.040025 0.0686428 -0.00178688 0.040025 0.0686428 -0.00178688 0.040025 0.0686428 -0.00178688 0.040025 0.0686428 -0.00178688 0.040025 0.0686428 -0.00178688 0.040025 0.0686428 -0.00178688 0.040025 0.0686428 -0.00178688 0.040025 0.0686428 -0.00178688 0.040025 0.0686428 -0.00178688 0.040025 0.0686428 -0.00178688 0.040025 0.0686428 -0.00178688 0.040025 0.0686428 -0.00178688 0.040025 0.0686428 -0.00178688 0.040025 0.0686428 -0.00178688 0.040025 0.0686428 -0.00178688 0.040025 0.0686428 -0.00178688 0.040025 0.0686428 -0.00178688 0.040025 0.0686428 -0.00178688 0.040025 0.0686428 -0.00178688 0.040025 0.0686428 -0.00178688 0.040025 0.0686428 -0.00178688 0.040025 0.0686428 -0.00178688 0.040025 0.0686428 -0.00178688 0.040025 0.0686428 -0.00178688 0.040025 0.0686428 -0.00178688 0.040025 0.0686428 -0.00178688 0.040025 0.0686428 -0.00178688 0.040025 0.0686428 -0.00178688 0.040025 0.0686428 -0.00178688 0.040025 0.0686428 -0.00178688 0.040025 0.0686428 -0.00178688 0.040025 0.0686428 -0.00178688 0.040025 0.0686428 -0.00178688 0.040025 0.0686428 -0.00178688 0.040025 0.0686428 -0.00178688 0.040025 0.0686428 -0.00178688 0.040025 0.0686428 -0.00178688 0.040025 0.0686428 -0.00178688 0.040025 0.0686428 -0.00178688 0.040025 0.0686428 -0.00178688 0.040025 0.0686428 -0.00178688 0.040025 0.0686428 -0.00178688 0.040025 0.0686428 -0.00178688 0.040025 0.0686428 -0.00178688 0.040025 0.0686428 -0.00178688 0.040025 0.0686428 -0.00178688 0.040025 0.0686428 -0.00178688 0.040025 0.0686428 -0.00178688 0.040025 0.0686428 -0.00178688 0.040025 0.0686428 -0.00178688 0.040025 0.0686428 -0.00178688 0.040025 0.0686428 -0.00178688</float_array><technique_common><accessor source="#hpl_mixamorigwLeftShoulder-trans-array" count="89" stride="3" /></technique_common></source>
      <source id="hpl_mixamorigwLeftShoulder-rotz"><float_array id="hpl_mixamorigwLeftShoulder-rotz-array" count="89">107.828 107.845 107.862 107.879 107.895 107.912 107.929 107.946 107.962 107.979 107.996 108.013 108.029 108.046 108.063 108.082 108.107 108.132 108.157 108.182 108.207 108.232 108.257 108.282 108.307 108.331 108.356 108.381 108.406 108.431 108.473 108.523 108.573 108.623 108.673 108.723 108.773 108.823 108.873 108.923 108.973 109.023 109.073 109.123 109.173 109.123 109.073 109.023 108.973 108.923 108.873 108.823 108.773 108.723 108.673 108.623 108.573 108.523 108.473 108.431 108.406 108.381 108.356 108.331 108.307 108.282 108.257 108.232 108.207 108.182 108.157 108.132 108.107 108.082 108.063 108.046 108.029 108.013 107.996 107.979 107.962 107.946 107.929 107.912 107.895 107.879 107.862 107.845 107.828</float_array><technique_common><accessor source="#hpl_mixamorigwLeftShoulder-rotz-array" count="89" stride="1" /></technique_common></source>
      <source id="hpl_mixamorigwLeftShoulder-roty"><float_array id="hpl_mixamorigwLeftShoulder-roty-array" count="89">76.8056 76.8111 76.8166 76.8221 76.8276 76.8331 76.8387 76.8442 76.8497 76.8552 76.8607 76.8662 76.8718 76.8773 76.8828 76.8878 76.8917 76.8956 76.8995 76.9034 76.9073 76.9112 76.9151 76.919 76.9229 76.9268 76.9307 76.9346 76.9385 76.9424 76.9448 76.9463 76.9479 76.9495 76.9511 76.9526 76.9542 76.9557 76.9573 76.9588 76.9604 76.9619 76.9635 76.965 76.9665 76.965 76.9635 76.9619 76.9604 76.9588 76.9573 76.9557 76.9542 76.9526 76.9511 76.9495 76.9479 76.9463 76.9448 76.9424 76.9385 76.9346 76.9307 76.9268 76.9229 76.919 76.9151 76.9112 76.9073 76.9034 76.8995 76.8956 76.8917 76.8878 76.8828 76.8773 76.8718 76.8662 76.8607 76.8552 76.8497 76.8442 76.8387 76.8331 76.8276 76.8221 76.8166 76.8111 76.8056</float_array><technique_common><accessor source="#hpl_mixamorigwLeftShoulder-roty-array" count="89" stride="1" /></technique_common></source>
      <source id="hpl_mixamorigwLeftShoulder-rotx"><float_array id="hpl_mixamorigwLeftShoulder-rotx-array" count="89">-156.367 -156.376 -156.385 -156.394 -156.404 -156.413 -156.422 -156.431 -156.44 -156.45 -156.459 -156.468 -156.477 -156.487 -156.496 -156.5 -156.495 -156.49 -156.484 -156.479 -156.474 -156.469 -156.463 -156.458 -156.453 -156.448 -156.442 -156.437 -156.432 -156.426 -156.4 -156.363 -156.326 -156.289 -156.251 -156.214 -156.177 -156.14 -156.103 -156.066 -156.028 -155.991 -155.954 -155.917 -155.879 -155.917 -155.954 -155.991 -156.028 -156.066 -156.103 -156.14 -156.177 -156.214 -156.251 -156.289 -156.326 -156.363 -156.4 -156.426 -156.432 -156.437 -156.442 -156.448 -156.453 -156.458 -156.463 -156.469 -156.474 -156.479 -156.484 -156.49 -156.495 -156.5 -156.496 -156.487 -156.477 -156.468 -156.459 -156.45 -156.44 -156.431 -156.422 -156.413 -156.404 -156.394 -156.385 -156.376 -156.367</float_array><technique_common><accessor source="#hpl_mixamorigwLeftShoulder-rotx-array" count="89" stride="1" /></technique_common></source>
      <sampler id="hpl_mixamorigwLeftShoulder-trans-sampler"><input semantic="INPUT" source="#hpl_mixamorigwLeftShoulder-time" /><input semantic="OUTPUT" source="#hpl_mixamorigwLeftShoulder-trans" /></sampler><channel source="#hpl_mixamorigwLeftShoulder-trans-sampler" target="mixamorigwLeftShoulder/translate" />
      <sampler id="hpl_mixamorigwLeftShoulder-rotz-sampler"><input semantic="INPUT" source="#hpl_mixamorigwLeftShoulder-time" /><input semantic="OUTPUT" source="#hpl_mixamorigwLeftShoulder-rotz" /></sampler><channel source="#hpl_mixamorigwLeftShoulder-rotz-sampler" target="mixamorigwLeftShoulder/rotateZ.ANGLE" />
      <sampler id="hpl_mixamorigwLeftShoulder-roty-sampler"><input semantic="INPUT" source="#hpl_mixamorigwLeftShoulder-time" /><input semantic="OUTPUT" source="#hpl_mixamorigwLeftShoulder-roty" /></sampler><channel source="#hpl_mixamorigwLeftShoulder-roty-sampler" target="mixamorigwLeftShoulder/rotateY.ANGLE" />
      <sampler id="hpl_mixamorigwLeftShoulder-rotx-sampler"><input semantic="INPUT" source="#hpl_mixamorigwLeftShoulder-time" /><input semantic="OUTPUT" source="#hpl_mixamorigwLeftShoulder-rotx" /></sampler><channel source="#hpl_mixamorigwLeftShoulder-rotx-sampler" target="mixamorigwLeftShoulder/rotateX.ANGLE" />
    </animation>
    <animation id="hpl_mixamorigwLeftArm">
      <source id="hpl_mixamorigwLeftArm-time"><float_array id="hpl_mixamorigwLeftArm-time-array" count="89">0 1 2 3 4 5 6 7 8 9 10 11 12 13 14 15 16 17 18 19 20 21 22 23 24 25 26 27 28 29 30 31 32 33 34 35 36 37 38 39 40 41 42 43 44 45 46 47 48 49 50 51 52 53 54 55 56 57 58 59 60 61 62 63 64 65 66 67 68 69 70 71 72 73 74 75 76 77 78 79 80 81 82 83 84 85 86 87 88</float_array><technique_common><accessor source="#hpl_mixamorigwLeftArm-time-array" count="89" stride="1" /></technique_common></source>
      <source id="hpl_mixamorigwLeftArm-trans"><float_array id="hpl_mixamorigwLeftArm-trans-array" count="267">1.79558e-06 0.157173 1.76683e-06 1.79558e-06 0.157173 1.76683e-06 1.79558e-06 0.157173 1.76683e-06 1.79558e-06 0.157173 1.76683e-06 1.79558e-06 0.157173 1.76683e-06 1.79558e-06 0.157173 1.76683e-06 1.79558e-06 0.157173 1.76683e-06 1.79558e-06 0.157173 1.76683e-06 1.79558e-06 0.157173 1.76683e-06 1.79558e-06 0.157173 1.76683e-06 1.79558e-06 0.157173 1.76683e-06 1.79558e-06 0.157173 1.76683e-06 1.79558e-06 0.157173 1.76683e-06 1.79558e-06 0.157173 1.76683e-06 1.79558e-06 0.157173 1.76683e-06 1.79558e-06 0.157173 1.76683e-06 1.79558e-06 0.157173 1.76683e-06 1.79558e-06 0.157173 1.76683e-06 1.79558e-06 0.157173 1.76683e-06 1.79558e-06 0.157173 1.76683e-06 1.79558e-06 0.157173 1.76683e-06 1.79558e-06 0.157173 1.76683e-06 1.79558e-06 0.157173 1.76683e-06 1.79558e-06 0.157173 1.76683e-06 1.79558e-06 0.157173 1.76683e-06 1.79558e-06 0.157173 1.76683e-06 1.79558e-06 0.157173 1.76683e-06 1.79558e-06 0.157173 1.76683e-06 1.79558e-06 0.157173 1.76683e-06 1.79558e-06 0.157173 1.76683e-06 1.79558e-06 0.157173 1.76683e-06 1.79558e-06 0.157173 1.76683e-06 1.79558e-06 0.157173 1.76683e-06 1.79558e-06 0.157173 1.76683e-06 1.79558e-06 0.157173 1.76683e-06 1.79558e-06 0.157173 1.76683e-06 1.79558e-06 0.157173 1.76683e-06 1.79558e-06 0.157173 1.76683e-06 1.79558e-06 0.157173 1.76683e-06 1.79558e-06 0.157173 1.76683e-06 1.79558e-06 0.157173 1.76683e-06 1.79558e-06 0.157173 1.76683e-06 1.79558e-06 0.157173 1.76683e-06 1.79558e-06 0.157173 1.76683e-06 1.79558e-06 0.157173 1.76683e-06 1.79558e-06 0.157173 1.76683e-06 1.79558e-06 0.157173 1.76683e-06 1.79558e-06 0.157173 1.76683e-06 1.79558e-06 0.157173 1.76683e-06 1.79558e-06 0.157173 1.76683e-06 1.79558e-06 0.157173 1.76683e-06 1.79558e-06 0.157173 1.76683e-06 1.79558e-06 0.157173 1.76683e-06 1.79558e-06 0.157173 1.76683e-06 1.79558e-06 0.157173 1.76683e-06 1.79558e-06 0.157173 1.76683e-06 1.79558e-06 0.157173 1.76683e-06 1.79558e-06 0.157173 1.76683e-06 1.79558e-06 0.157173 1.76683e-06 1.79558e-06 0.157173 1.76683e-06 1.79558e-06 0.157173 1.76683e-06 1.79558e-06 0.157173 1.76683e-06 1.79558e-06 0.157173 1.76683e-06 1.79558e-06 0.157173 1.76683e-06 1.79558e-06 0.157173 1.76683e-06 1.79558e-06 0.157173 1.76683e-06 1.79558e-06 0.157173 1.76683e-06 1.79558e-06 0.157173 1.76683e-06 1.79558e-06 0.157173 1.76683e-06 1.79558e-06 0.157173 1.76683e-06 1.79558e-06 0.157173 1.76683e-06 1.79558e-06 0.157173 1.76683e-06 1.79558e-06 0.157173 1.76683e-06 1.79558e-06 0.157173 1.76683e-06 1.79558e-06 0.157173 1.76683e-06 1.79558e-06 0.157173 1.76683e-06 1.79558e-06 0.157173 1.76683e-06 1.79558e-06 0.157173 1.76683e-06 1.79558e-06 0.157173 1.76683e-06 1.79558e-06 0.157173 1.76683e-06 1.79558e-06 0.157173 1.76683e-06 1.79558e-06 0.157173 1.76683e-06 1.79558e-06 0.157173 1.76683e-06 1.79558e-06 0.157173 1.76683e-06 1.79558e-06 0.157173 1.76683e-06 1.79558e-06 0.157173 1.76683e-06 1.79558e-06 0.157173 1.76683e-06 1.79558e-06 0.157173 1.76683e-06 1.79558e-06 0.157173 1.76683e-06</float_array><technique_common><accessor source="#hpl_mixamorigwLeftArm-trans-array" count="89" stride="3" /></technique_common></source>
      <source id="hpl_mixamorigwLeftArm-rotz"><float_array id="hpl_mixamorigwLeftArm-rotz-array" count="89">51.921 51.9361 51.9511 51.9662 51.9812 51.9962 52.0111 52.0261 52.041 52.056 52.0709 52.0857 52.1006 52.1154 52.1303 52.1405 52.1418 52.143 52.1442 52.1454 52.1466 52.1478 52.1489 52.1501 52.1513 52.1524 52.1536 52.1547 52.1558 52.157 52.1512 52.142 52.1328 52.1236 52.1145 52.1053 52.0962 52.087 52.0779 52.0688 52.0597 52.0506 52.0415 52.0324 52.0234 52.0324 52.0415 52.0506 52.0597 52.0688 52.0779 52.087 52.0962 52.1053 52.1145 52.1236 52.1328 52.142 52.1512 52.157 52.1558 52.1547 52.1536 52.1524 52.1513 52.1501 52.1489 52.1478 52.1466 52.1454 52.1442 52.143 52.1418 52.1405 52.1303 52.1154 52.1006 52.0857 52.0709 52.056 52.041 52.0261 52.0111 51.9962 51.9812 51.9662 51.9511 51.9361 51.921</float_array><technique_common><accessor source="#hpl_mixamorigwLeftArm-rotz-array" count="89" stride="1" /></technique_common></source>
      <source id="hpl_mixamorigwLeftArm-roty"><float_array id="hpl_mixamorigwLeftArm-roty-array" count="89">-23.3219 -23.2872 -23.2525 -23.2178 -23.1831 -23.1484 -23.1137 -23.079 -23.0443 -23.0096 -22.9748 -22.9401 -22.9054 -22.8706 -22.8359 -22.7997 -22.7606 -22.7215 -22.6824 -22.6433 -22.6042 -22.5651 -22.526 -22.4869 -22.4478 -22.4087 -22.3696 -22.3305 -22.2915 -22.2524 -22.2095 -22.1648 -22.1201 -22.0754 -22.0306 -21.9859 -21.9412 -21.8965 -21.8518 -21.807 -21.7623 -21.7176 -21.6729 -21.6282 -21.5834 -21.6282 -21.6729 -21.7176 -21.7623 -21.807 -21.8518 -21.8965 -21.9412 -21.9859 -22.0306 -22.0754 -22.1201 -22.1648 -22.2095 -22.2524 -22.2915 -22.3305 -22.3696 -22.4087 -22.4478 -22.4869 -22.526 -22.5651 -22.6042 -22.6433 -22.6824 -22.7215 -22.7606 -22.7997 -22.8359 -22.8706 -22.9054 -22.9401 -22.9748 -23.0096 -23.0443 -23.079 -23.1137 -23.1484 -23.1831 -23.2178 -23.2525 -23.2872 -23.3219</float_array><technique_common><accessor source="#hpl_mixamorigwLeftArm-roty-array" count="89" stride="1" /></technique_common></source>
      <source id="hpl_mixamorigwLeftArm-rotx"><float_array id="hpl_mixamorigwLeftArm-rotx-array" count="89">40.9562 40.9412 40.9262 40.9113 40.8963 40.8814 40.8665 40.8516 40.8367 40.8219 40.8071 40.7923 40.7775 40.7627 40.748 40.7366 40.7322 40.7277 40.7233 40.7189 40.7144 40.71 40.7056 40.7013 40.6969 40.6925 40.6882 40.6839 40.6795 40.6752 40.679 40.6868 40.6945 40.7023 40.7101 40.7179 40.7257 40.7335 40.7414 40.7492 40.757 40.7649 40.7727 40.7806 40.7884 40.7806 40.7727 40.7649 40.757 40.7492 40.7414 40.7335 40.7257 40.7179 40.7101 40.7023 40.6945 40.6868 40.679 40.6752 40.6795 40.6839 40.6882 40.6925 40.6969 40.7013 40.7056 40.71 40.7144 40.7189 40.7233 40.7277 40.7322 40.7366 40.748 40.7627 40.7775 40.7923 40.8071 40.8219 40.8367 40.8516 40.8665 40.8814 40.8963 40.9113 40.9262 40.9412 40.9562</float_array><technique_common><accessor source="#hpl_mixamorigwLeftArm-rotx-array" count="89" stride="1" /></technique_common></source>
      <sampler id="hpl_mixamorigwLeftArm-trans-sampler"><input semantic="INPUT" source="#hpl_mixamorigwLeftArm-time" /><input semantic="OUTPUT" source="#hpl_mixamorigwLeftArm-trans" /></sampler><channel source="#hpl_mixamorigwLeftArm-trans-sampler" target="mixamorigwLeftArm/translate" />
      <sampler id="hpl_mixamorigwLeftArm-rotz-sampler"><input semantic="INPUT" source="#hpl_mixamorigwLeftArm-time" /><input semantic="OUTPUT" source="#hpl_mixamorigwLeftArm-rotz" /></sampler><channel source="#hpl_mixamorigwLeftArm-rotz-sampler" target="mixamorigwLeftArm/rotateZ.ANGLE" />
      <sampler id="hpl_mixamorigwLeftArm-roty-sampler"><input semantic="INPUT" source="#hpl_mixamorigwLeftArm-time" /><input semantic="OUTPUT" source="#hpl_mixamorigwLeftArm-roty" /></sampler><channel source="#hpl_mixamorigwLeftArm-roty-sampler" target="mixamorigwLeftArm/rotateY.ANGLE" />
      <sampler id="hpl_mixamorigwLeftArm-rotx-sampler"><input semantic="INPUT" source="#hpl_mixamorigwLeftArm-time" /><input semantic="OUTPUT" source="#hpl_mixamorigwLeftArm-rotx" /></sampler><channel source="#hpl_mixamorigwLeftArm-rotx-sampler" target="mixamorigwLeftArm/rotateX.ANGLE" />
    </animation>
    <animation id="hpl_mixamorigwLeftForeArm">
      <source id="hpl_mixamorigwLeftForeArm-time"><float_array id="hpl_mixamorigwLeftForeArm-time-array" count="89">0 1 2 3 4 5 6 7 8 9 10 11 12 13 14 15 16 17 18 19 20 21 22 23 24 25 26 27 28 29 30 31 32 33 34 35 36 37 38 39 40 41 42 43 44 45 46 47 48 49 50 51 52 53 54 55 56 57 58 59 60 61 62 63 64 65 66 67 68 69 70 71 72 73 74 75 76 77 78 79 80 81 82 83 84 85 86 87 88</float_array><technique_common><accessor source="#hpl_mixamorigwLeftForeArm-time-array" count="89" stride="1" /></technique_common></source>
      <source id="hpl_mixamorigwLeftForeArm-trans"><float_array id="hpl_mixamorigwLeftForeArm-trans-array" count="267">-1.94106e-06 0.243557 4.92905e-07 -1.94106e-06 0.243557 4.92905e-07 -1.94106e-06 0.243557 4.92905e-07 -1.94106e-06 0.243557 4.92905e-07 -1.94106e-06 0.243557 4.92905e-07 -1.94106e-06 0.243557 4.92905e-07 -1.94106e-06 0.243557 4.92905e-07 -1.94106e-06 0.243557 4.92905e-07 -1.94106e-06 0.243557 4.92905e-07 -1.94106e-06 0.243557 4.92905e-07 -1.94106e-06 0.243557 4.92905e-07 -1.94106e-06 0.243557 4.92905e-07 -1.94106e-06 0.243557 4.92905e-07 -1.94106e-06 0.243557 4.92905e-07 -1.94106e-06 0.243557 4.92905e-07 -1.94106e-06 0.243557 4.92905e-07 -1.94106e-06 0.243557 4.92905e-07 -1.94106e-06 0.243557 4.92905e-07 -1.94106e-06 0.243557 4.92905e-07 -1.94106e-06 0.243557 4.92905e-07 -1.94106e-06 0.243557 4.92905e-07 -1.94106e-06 0.243557 4.92905e-07 -1.94106e-06 0.243557 4.92905e-07 -1.94106e-06 0.243557 4.92905e-07 -1.94106e-06 0.243557 4.92905e-07 -1.94106e-06 0.243557 4.92905e-07 -1.94106e-06 0.243557 4.92905e-07 -1.94106e-06 0.243557 4.92905e-07 -1.94106e-06 0.243557 4.92905e-07 -1.94106e-06 0.243557 4.92905e-07 -1.94106e-06 0.243557 4.92905e-07 -1.94106e-06 0.243557 4.92905e-07 -1.94106e-06 0.243557 4.92905e-07 -1.94106e-06 0.243557 4.92905e-07 -1.94106e-06 0.243557 4.92905e-07 -1.94106e-06 0.243557 4.92905e-07 -1.94106e-06 0.243557 4.92905e-07 -1.94106e-06 0.243557 4.92905e-07 -1.94106e-06 0.243557 4.92905e-07 -1.94106e-06 0.243557 4.92905e-07 -1.94106e-06 0.243557 4.92905e-07 -1.94106e-06 0.243557 4.92905e-07 -1.94106e-06 0.243557 4.92905e-07 -1.94106e-06 0.243557 4.92905e-07 -1.94106e-06 0.243557 4.92905e-07 -1.94106e-06 0.243557 4.92905e-07 -1.94106e-06 0.243557 4.92905e-07 -1.94106e-06 0.243557 4.92905e-07 -1.94106e-06 0.243557 4.92905e-07 -1.94106e-06 0.243557 4.92905e-07 -1.94106e-06 0.243557 4.92905e-07 -1.94106e-06 0.243557 4.92905e-07 -1.94106e-06 0.243557 4.92905e-07 -1.94106e-06 0.243557 4.92905e-07 -1.94106e-06 0.243557 4.92905e-07 -1.94106e-06 0.243557 4.92905e-07 -1.94106e-06 0.243557 4.92905e-07 -1.94106e-06 0.243557 4.92905e-07 -1.94106e-06 0.243557 4.92905e-07 -1.94106e-06 0.243557 4.92905e-07 -1.94106e-06 0.243557 4.92905e-07 -1.94106e-06 0.243557 4.92905e-07 -1.94106e-06 0.243557 4.92905e-07 -1.94106e-06 0.243557 4.92905e-07 -1.94106e-06 0.243557 4.92905e-07 -1.94106e-06 0.243557 4.92905e-07 -1.94106e-06 0.243557 4.92905e-07 -1.94106e-06 0.243557 4.92905e-07 -1.94106e-06 0.243557 4.92905e-07 -1.94106e-06 0.243557 4.92905e-07 -1.94106e-06 0.243557 4.92905e-07 -1.94106e-06 0.243557 4.92905e-07 -1.94106e-06 0.243557 4.92905e-07 -1.94106e-06 0.243557 4.92905e-07 -1.94106e-06 0.243557 4.92905e-07 -1.94106e-06 0.243557 4.92905e-07 -1.94106e-06 0.243557 4.92905e-07 -1.94106e-06 0.243557 4.92905e-07 -1.94106e-06 0.243557 4.92905e-07 -1.94106e-06 0.243557 4.92905e-07 -1.94106e-06 0.243557 4.92905e-07 -1.94106e-06 0.243557 4.92905e-07 -1.94106e-06 0.243557 4.92905e-07 -1.94106e-06 0.243557 4.92905e-07 -1.94106e-06 0.243557 4.92905e-07 -1.94106e-06 0.243557 4.92905e-07 -1.94106e-06 0.243557 4.92905e-07 -1.94106e-06 0.243557 4.92905e-07 -1.94106e-06 0.243557 4.92905e-07</float_array><technique_common><accessor source="#hpl_mixamorigwLeftForeArm-trans-array" count="89" stride="3" /></technique_common></source>
      <source id="hpl_mixamorigwLeftForeArm-rotz"><float_array id="hpl_mixamorigwLeftForeArm-rotz-array" count="89">16.9443 16.9614 16.9786 16.9958 17.013 17.0301 17.0473 17.0645 17.0817 17.0988 17.116 17.1332 17.1504 17.1675 17.1847 17.2093 17.2489 17.2884 17.328 17.3675 17.407 17.4466 17.4861 17.5256 17.5652 17.6047 17.6442 17.6838 17.7233 17.7628 17.823 17.8934 17.9639 18.0343 18.1048 18.1752 18.2456 18.3161 18.3865 18.457 18.5274 18.5978 18.6683 18.7387 18.8091 18.7387 18.6683 18.5978 18.5274 18.457 18.3865 18.3161 18.2456 18.1752 18.1048 18.0343 17.9639 17.8934 17.823 17.7628 17.7233 17.6838 17.6442 17.6047 17.5652 17.5256 17.4861 17.4466 17.407 17.3675 17.328 17.2884 17.2489 17.2093 17.1847 17.1675 17.1504 17.1332 17.116 17.0988 17.0817 17.0645 17.0473 17.0301 17.013 16.9958 16.9786 16.9614 16.9443</float_array><technique_common><accessor source="#hpl_mixamorigwLeftForeArm-rotz-array" count="89" stride="1" /></technique_common></source>
      <source id="hpl_mixamorigwLeftForeArm-roty"><float_array id="hpl_mixamorigwLeftForeArm-roty-array" count="89">-11.9127 -11.9104 -11.908 -11.9057 -11.9033 -11.901 -11.8986 -11.8963 -11.8939 -11.8915 -11.8892 -11.8868 -11.8844 -11.8821 -11.8797 -11.8769 -11.8732 -11.8694 -11.8657 -11.862 -11.8582 -11.8545 -11.8507 -11.847 -11.8432 -11.8395 -11.8357 -11.8319 -11.8282 -11.8244 -11.8198 -11.8149 -11.81 -11.805 -11.8001 -11.7951 -11.7902 -11.7852 -11.7803 -11.7753 -11.7703 -11.7653 -11.7604 -11.7554 -11.7504 -11.7554 -11.7604 -11.7653 -11.7703 -11.7753 -11.7803 -11.7852 -11.7902 -11.7951 -11.8001 -11.805 -11.81 -11.8149 -11.8198 -11.8244 -11.8282 -11.8319 -11.8357 -11.8395 -11.8432 -11.847 -11.8507 -11.8545 -11.8582 -11.862 -11.8657 -11.8694 -11.8732 -11.8769 -11.8797 -11.8821 -11.8844 -11.8868 -11.8892 -11.8915 -11.8939 -11.8963 -11.8986 -11.901 -11.9033 -11.9057 -11.908 -11.9104 -11.9127</float_array><technique_common><accessor source="#hpl_mixamorigwLeftForeArm-roty-array" count="89" stride="1" /></technique_common></source>
      <source id="hpl_mixamorigwLeftForeArm-rotx"><float_array id="hpl_mixamorigwLeftForeArm-rotx-array" count="89">-3.979 -3.98339 -3.98777 -3.99215 -3.99653 -4.00091 -4.00529 -4.00967 -4.01405 -4.01843 -4.02281 -4.02719 -4.03156 -4.03594 -4.04032 -4.0457 -4.05309 -4.06048 -4.06787 -4.07526 -4.08265 -4.09003 -4.09742 -4.1048 -4.11218 -4.11956 -4.12694 -4.13431 -4.14169 -4.14906 -4.15792 -4.16752 -4.17712 -4.18672 -4.19632 -4.20591 -4.2155 -4.22509 -4.23468 -4.24427 -4.25385 -4.26343 -4.27301 -4.28259 -4.29217 -4.28259 -4.27301 -4.26343 -4.25385 -4.24427 -4.23468 -4.22509 -4.2155 -4.20591 -4.19632 -4.18672 -4.17712 -4.16752 -4.15792 -4.14906 -4.14169 -4.13431 -4.12694 -4.11956 -4.11218 -4.1048 -4.09742 -4.09003 -4.08265 -4.07526 -4.06787 -4.06048 -4.05309 -4.0457 -4.04032 -4.03594 -4.03156 -4.02719 -4.02281 -4.01843 -4.01405 -4.00967 -4.00529 -4.00091 -3.99653 -3.99215 -3.98777 -3.98339 -3.979</float_array><technique_common><accessor source="#hpl_mixamorigwLeftForeArm-rotx-array" count="89" stride="1" /></technique_common></source>
      <sampler id="hpl_mixamorigwLeftForeArm-trans-sampler"><input semantic="INPUT" source="#hpl_mixamorigwLeftForeArm-time" /><input semantic="OUTPUT" source="#hpl_mixamorigwLeftForeArm-trans" /></sampler><channel source="#hpl_mixamorigwLeftForeArm-trans-sampler" target="mixamorigwLeftForeArm/translate" />
      <sampler id="hpl_mixamorigwLeftForeArm-rotz-sampler"><input semantic="INPUT" source="#hpl_mixamorigwLeftForeArm-time" /><input semantic="OUTPUT" source="#hpl_mixamorigwLeftForeArm-rotz" /></sampler><channel source="#hpl_mixamorigwLeftForeArm-rotz-sampler" target="mixamorigwLeftForeArm/rotateZ.ANGLE" />
      <sampler id="hpl_mixamorigwLeftForeArm-roty-sampler"><input semantic="INPUT" source="#hpl_mixamorigwLeftForeArm-time" /><input semantic="OUTPUT" source="#hpl_mixamorigwLeftForeArm-roty" /></sampler><channel source="#hpl_mixamorigwLeftForeArm-roty-sampler" target="mixamorigwLeftForeArm/rotateY.ANGLE" />
      <sampler id="hpl_mixamorigwLeftForeArm-rotx-sampler"><input semantic="INPUT" source="#hpl_mixamorigwLeftForeArm-time" /><input semantic="OUTPUT" source="#hpl_mixamorigwLeftForeArm-rotx" /></sampler><channel source="#hpl_mixamorigwLeftForeArm-rotx-sampler" target="mixamorigwLeftForeArm/rotateX.ANGLE" />
    </animation>
    <animation id="hpl_mixamorigwLeftHand">
      <source id="hpl_mixamorigwLeftHand-time"><float_array id="hpl_mixamorigwLeftHand-time-array" count="89">0 1 2 3 4 5 6 7 8 9 10 11 12 13 14 15 16 17 18 19 20 21 22 23 24 25 26 27 28 29 30 31 32 33 34 35 36 37 38 39 40 41 42 43 44 45 46 47 48 49 50 51 52 53 54 55 56 57 58 59 60 61 62 63 64 65 66 67 68 69 70 71 72 73 74 75 76 77 78 79 80 81 82 83 84 85 86 87 88</float_array><technique_common><accessor source="#hpl_mixamorigwLeftHand-time-array" count="89" stride="1" /></technique_common></source>
      <source id="hpl_mixamorigwLeftHand-trans"><float_array id="hpl_mixamorigwLeftHand-trans-array" count="267">-2.90081e-08 0.249448 -2.13017e-06 -2.90081e-08 0.249448 -2.13017e-06 -2.90081e-08 0.249448 -2.13017e-06 -2.90081e-08 0.249448 -2.13017e-06 -2.90081e-08 0.249448 -2.13017e-06 -2.90081e-08 0.249448 -2.13017e-06 -2.90081e-08 0.249448 -2.13017e-06 -2.90081e-08 0.249448 -2.13017e-06 -2.90081e-08 0.249448 -2.13017e-06 -2.90081e-08 0.249448 -2.13017e-06 -2.90081e-08 0.249448 -2.13017e-06 -2.90081e-08 0.249448 -2.13017e-06 -2.90081e-08 0.249448 -2.13017e-06 -2.90081e-08 0.249448 -2.13017e-06 -2.90081e-08 0.249448 -2.13017e-06 -2.90081e-08 0.249448 -2.13017e-06 -2.90081e-08 0.249448 -2.13017e-06 -2.90081e-08 0.249448 -2.13017e-06 -2.90081e-08 0.249448 -2.13017e-06 -2.90081e-08 0.249448 -2.13017e-06 -2.90081e-08 0.249448 -2.13017e-06 -2.90081e-08 0.249448 -2.13017e-06 -2.90081e-08 0.249448 -2.13017e-06 -2.90081e-08 0.249448 -2.13017e-06 -2.90081e-08 0.249448 -2.13017e-06 -2.90081e-08 0.249448 -2.13017e-06 -2.90081e-08 0.249448 -2.13017e-06 -2.90081e-08 0.249448 -2.13017e-06 -2.90081e-08 0.249448 -2.13017e-06 -2.90081e-08 0.249448 -2.13017e-06 -2.90081e-08 0.249448 -2.13017e-06 -2.90081e-08 0.249448 -2.13017e-06 -2.90081e-08 0.249448 -2.13017e-06 -2.90081e-08 0.249448 -2.13017e-06 -2.90081e-08 0.249448 -2.13017e-06 -2.90081e-08 0.249448 -2.13017e-06 -2.90081e-08 0.249448 -2.13017e-06 -2.90081e-08 0.249448 -2.13017e-06 -2.90081e-08 0.249448 -2.13017e-06 -2.90081e-08 0.249448 -2.13017e-06 -2.90081e-08 0.249448 -2.13017e-06 -2.90081e-08 0.249448 -2.13017e-06 -2.90081e-08 0.249448 -2.13017e-06 -2.90081e-08 0.249448 -2.13017e-06 -2.90081e-08 0.249448 -2.13017e-06 -2.90081e-08 0.249448 -2.13017e-06 -2.90081e-08 0.249448 -2.13017e-06 -2.90081e-08 0.249448 -2.13017e-06 -2.90081e-08 0.249448 -2.13017e-06 -2.90081e-08 0.249448 -2.13017e-06 -2.90081e-08 0.249448 -2.13017e-06 -2.90081e-08 0.249448 -2.13017e-06 -2.90081e-08 0.249448 -2.13017e-06 -2.90081e-08 0.249448 -2.13017e-06 -2.90081e-08 0.249448 -2.13017e-06 -2.90081e-08 0.249448 -2.13017e-06 -2.90081e-08 0.249448 -2.13017e-06 -2.90081e-08 0.249448 -2.13017e-06 -2.90081e-08 0.249448 -2.13017e-06 -2.90081e-08 0.249448 -2.13017e-06 -2.90081e-08 0.249448 -2.13017e-06 -2.90081e-08 0.249448 -2.13017e-06 -2.90081e-08 0.249448 -2.13017e-06 -2.90081e-08 0.249448 -2.13017e-06 -2.90081e-08 0.249448 -2.13017e-06 -2.90081e-08 0.249448 -2.13017e-06 -2.90081e-08 0.249448 -2.13017e-06 -2.90081e-08 0.249448 -2.13017e-06 -2.90081e-08 0.249448 -2.13017e-06 -2.90081e-08 0.249448 -2.13017e-06 -2.90081e-08 0.249448 -2.13017e-06 -2.90081e-08 0.249448 -2.13017e-06 -2.90081e-08 0.249448 -2.13017e-06 -2.90081e-08 0.249448 -2.13017e-06 -2.90081e-08 0.249448 -2.13017e-06 -2.90081e-08 0.249448 -2.13017e-06 -2.90081e-08 0.249448 -2.13017e-06 -2.90081e-08 0.249448 -2.13017e-06 -2.90081e-08 0.249448 -2.13017e-06 -2.90081e-08 0.249448 -2.13017e-06 -2.90081e-08 0.249448 -2.13017e-06 -2.90081e-08 0.249448 -2.13017e-06 -2.90081e-08 0.249448 -2.13017e-06 -2.90081e-08 0.249448 -2.13017e-06 -2.90081e-08 0.249448 -2.13017e-06 -2.90081e-08 0.249448 -2.13017e-06 -2.90081e-08 0.249448 -2.13017e-06 -2.90081e-08 0.249448 -2.13017e-06 -2.90081e-08 0.249448 -2.13017e-06</float_array><technique_common><accessor source="#hpl_mixamorigwLeftHand-trans-array" count="89" stride="3" /></technique_common></source>
      <source id="hpl_mixamorigwLeftHand-rotz"><float_array id="hpl_mixamorigwLeftHand-rotz-array" count="89">-5.44052 -5.4623 -5.48408 -5.50588 -5.52769 -5.54951 -5.57134 -5.59318 -5.61503 -5.63689 -5.65876 -5.68065 -5.70254 -5.72445 -5.74636 -5.76629 -5.78224 -5.79819 -5.81415 -5.83012 -5.84611 -5.8621 -5.8781 -5.89411 -5.91013 -5.92616 -5.9422 -5.95825 -5.97431 -5.99038 -6.00143 -6.00996 -6.0185 -6.02704 -6.03559 -6.04414 -6.05269 -6.06125 -6.06982 -6.07839 -6.08696 -6.09554 -6.10412 -6.11271 -6.1213 -6.11271 -6.10412 -6.09554 -6.08696 -6.07839 -6.06982 -6.06125 -6.05269 -6.04414 -6.03559 -6.02704 -6.0185 -6.00996 -6.00143 -5.99038 -5.97431 -5.95825 -5.9422 -5.92616 -5.91013 -5.89411 -5.8781 -5.8621 -5.84611 -5.83012 -5.81415 -5.79819 -5.78224 -5.76629 -5.74636 -5.72445 -5.70254 -5.68065 -5.65876 -5.63689 -5.61503 -5.59318 -5.57134 -5.54951 -5.52769 -5.50588 -5.48408 -5.4623 -5.44052</float_array><technique_common><accessor source="#hpl_mixamorigwLeftHand-rotz-array" count="89" stride="1" /></technique_common></source>
      <source id="hpl_mixamorigwLeftHand-roty"><float_array id="hpl_mixamorigwLeftHand-roty-array" count="89">-12.9921 -13.028 -13.0639 -13.0998 -13.1357 -13.1716 -13.2075 -13.2434 -13.2793 -13.3151 -13.351 -13.3869 -13.4227 -13.4586 -13.4944 -13.5298 -13.5642 -13.5986 -13.633 -13.6674 -13.7019 -13.7363 -13.7707 -13.8051 -13.8395 -13.8738 -13.9082 -13.9426 -13.977 -14.0114 -14.0552 -14.1037 -14.1523 -14.2008 -14.2494 -14.2979 -14.3465 -14.395 -14.4436 -14.4921 -14.5406 -14.5892 -14.6377 -14.6863 -14.7348 -14.6863 -14.6377 -14.5892 -14.5406 -14.4921 -14.4436 -14.395 -14.3465 -14.2979 -14.2494 -14.2008 -14.1523 -14.1037 -14.0552 -14.0114 -13.977 -13.9426 -13.9082 -13.8738 -13.8395 -13.8051 -13.7707 -13.7363 -13.7019 -13.6674 -13.633 -13.5986 -13.5642 -13.5298 -13.4944 -13.4586 -13.4227 -13.3869 -13.351 -13.3151 -13.2793 -13.2434 -13.2075 -13.1716 -13.1357 -13.0998 -13.0639 -13.028 -12.9921</float_array><technique_common><accessor source="#hpl_mixamorigwLeftHand-roty-array" count="89" stride="1" /></technique_common></source>
      <source id="hpl_mixamorigwLeftHand-rotx"><float_array id="hpl_mixamorigwLeftHand-rotx-array" count="89">9.71941 9.72461 9.72982 9.73504 9.74027 9.7455 9.75074 9.75599 9.76125 9.76651 9.77178 9.77705 9.78234 9.78763 9.79292 9.79803 9.80275 9.80748 9.81222 9.81696 9.82171 9.82646 9.83123 9.836 9.84077 9.84556 9.85035 9.85515 9.85995 9.86477 9.8652 9.86346 9.86172 9.86 9.85829 9.85659 9.8549 9.85322 9.85156 9.8499 9.84826 9.84662 9.845 9.84339 9.84179 9.84339 9.845 9.84662 9.84826 9.8499 9.85156 9.85322 9.8549 9.85659 9.85829 9.86 9.86172 9.86346 9.8652 9.86477 9.85995 9.85515 9.85035 9.84556 9.84077 9.836 9.83123 9.82646 9.82171 9.81696 9.81222 9.80748 9.80275 9.79803 9.79292 9.78763 9.78234 9.77705 9.77178 9.76651 9.76125 9.75599 9.75074 9.7455 9.74027 9.73504 9.72982 9.72461 9.71941</float_array><technique_common><accessor source="#hpl_mixamorigwLeftHand-rotx-array" count="89" stride="1" /></technique_common></source>
      <sampler id="hpl_mixamorigwLeftHand-trans-sampler"><input semantic="INPUT" source="#hpl_mixamorigwLeftHand-time" /><input semantic="OUTPUT" source="#hpl_mixamorigwLeftHand-trans" /></sampler><channel source="#hpl_mixamorigwLeftHand-trans-sampler" target="mixamorigwLeftHand/translate" />
      <sampler id="hpl_mixamorigwLeftHand-rotz-sampler"><input semantic="INPUT" source="#hpl_mixamorigwLeftHand-time" /><input semantic="OUTPUT" source="#hpl_mixamorigwLeftHand-rotz" /></sampler><channel source="#hpl_mixamorigwLeftHand-rotz-sampler" target="mixamorigwLeftHand/rotateZ.ANGLE" />
      <sampler id="hpl_mixamorigwLeftHand-roty-sampler"><input semantic="INPUT" source="#hpl_mixamorigwLeftHand-time" /><input semantic="OUTPUT" source="#hpl_mixamorigwLeftHand-roty" /></sampler><channel source="#hpl_mixamorigwLeftHand-roty-sampler" target="mixamorigwLeftHand/rotateY.ANGLE" />
      <sampler id="hpl_mixamorigwLeftHand-rotx-sampler"><input semantic="INPUT" source="#hpl_mixamorigwLeftHand-time" /><input semantic="OUTPUT" source="#hpl_mixamorigwLeftHand-rotx" /></sampler><channel source="#hpl_mixamorigwLeftHand-rotx-sampler" target="mixamorigwLeftHand/rotateX.ANGLE" />
    </animation>
    <animation id="hpl_mixamorigwRightShoulder">
      <source id="hpl_mixamorigwRightShoulder-time"><float_array id="hpl_mixamorigwRightShoulder-time-array" count="89">0 1 2 3 4 5 6 7 8 9 10 11 12 13 14 15 16 17 18 19 20 21 22 23 24 25 26 27 28 29 30 31 32 33 34 35 36 37 38 39 40 41 42 43 44 45 46 47 48 49 50 51 52 53 54 55 56 57 58 59 60 61 62 63 64 65 66 67 68 69 70 71 72 73 74 75 76 77 78 79 80 81 82 83 84 85 86 87 88</float_array><technique_common><accessor source="#hpl_mixamorigwRightShoulder-time-array" count="89" stride="1" /></technique_common></source>
      <source id="hpl_mixamorigwRightShoulder-trans"><float_array id="hpl_mixamorigwRightShoulder-trans-array" count="267">-0.0400869 0.0656595 -0.000945886 -0.0400869 0.0656595 -0.000945886 -0.0400869 0.0656595 -0.000945886 -0.0400869 0.0656595 -0.000945886 -0.0400869 0.0656595 -0.000945886 -0.0400869 0.0656595 -0.000945886 -0.0400869 0.0656595 -0.000945886 -0.0400869 0.0656595 -0.000945886 -0.0400869 0.0656595 -0.000945886 -0.0400869 0.0656595 -0.000945886 -0.0400869 0.0656595 -0.000945886 -0.0400869 0.0656595 -0.000945886 -0.0400869 0.0656595 -0.000945886 -0.0400869 0.0656595 -0.000945886 -0.0400869 0.0656595 -0.000945886 -0.0400869 0.0656595 -0.000945886 -0.0400869 0.0656595 -0.000945886 -0.0400869 0.0656595 -0.000945886 -0.0400869 0.0656595 -0.000945886 -0.0400869 0.0656595 -0.000945886 -0.0400869 0.0656595 -0.000945886 -0.0400869 0.0656595 -0.000945886 -0.0400869 0.0656595 -0.000945886 -0.0400869 0.0656595 -0.000945886 -0.0400869 0.0656595 -0.000945886 -0.0400869 0.0656595 -0.000945886 -0.0400869 0.0656595 -0.000945886 -0.0400869 0.0656595 -0.000945886 -0.0400869 0.0656595 -0.000945886 -0.0400869 0.0656595 -0.000945886 -0.0400869 0.0656595 -0.000945886 -0.0400869 0.0656595 -0.000945886 -0.0400869 0.0656595 -0.000945886 -0.0400869 0.0656595 -0.000945886 -0.0400869 0.0656595 -0.000945886 -0.0400869 0.0656595 -0.000945886 -0.0400869 0.0656595 -0.000945886 -0.0400869 0.0656595 -0.000945886 -0.0400869 0.0656595 -0.000945886 -0.0400869 0.0656595 -0.000945886 -0.0400869 0.0656595 -0.000945886 -0.0400869 0.0656595 -0.000945886 -0.0400869 0.0656595 -0.000945886 -0.0400869 0.0656595 -0.000945886 -0.0400869 0.0656595 -0.000945886 -0.0400869 0.0656595 -0.000945886 -0.0400869 0.0656595 -0.000945886 -0.0400869 0.0656595 -0.000945886 -0.0400869 0.0656595 -0.000945886 -0.0400869 0.0656595 -0.000945886 -0.0400869 0.0656595 -0.000945886 -0.0400869 0.0656595 -0.000945886 -0.0400869 0.0656595 -0.000945886 -0.0400869 0.0656595 -0.000945886 -0.0400869 0.0656595 -0.000945886 -0.0400869 0.0656595 -0.000945886 -0.0400869 0.0656595 -0.000945886 -0.0400869 0.0656595 -0.000945886 -0.0400869 0.0656595 -0.000945886 -0.0400869 0.0656595 -0.000945886 -0.0400869 0.0656595 -0.000945886 -0.0400869 0.0656595 -0.000945886 -0.0400869 0.0656595 -0.000945886 -0.0400869 0.0656595 -0.000945886 -0.0400869 0.0656595 -0.000945886 -0.0400869 0.0656595 -0.000945886 -0.0400869 0.0656595 -0.000945886 -0.0400869 0.0656595 -0.000945886 -0.0400869 0.0656595 -0.000945886 -0.0400869 0.0656595 -0.000945886 -0.0400869 0.0656595 -0.000945886 -0.0400869 0.0656595 -0.000945886 -0.0400869 0.0656595 -0.000945886 -0.0400869 0.0656595 -0.000945886 -0.0400869 0.0656595 -0.000945886 -0.0400869 0.0656595 -0.000945886 -0.0400869 0.0656595 -0.000945886 -0.0400869 0.0656595 -0.000945886 -0.0400869 0.0656595 -0.000945886 -0.0400869 0.0656595 -0.000945886 -0.0400869 0.0656595 -0.000945886 -0.0400869 0.0656595 -0.000945886 -0.0400869 0.0656595 -0.000945886 -0.0400869 0.0656595 -0.000945886 -0.0400869 0.0656595 -0.000945886 -0.0400869 0.0656595 -0.000945886 -0.0400869 0.0656595 -0.000945886 -0.0400869 0.0656595 -0.000945886 -0.0400869 0.0656595 -0.000945886</float_array><technique_common><accessor source="#hpl_mixamorigwRightShoulder-trans-array" count="89" stride="3" /></technique_common></source>
      <source id="hpl_mixamorigwRightShoulder-rotz"><float_array id="hpl_mixamorigwRightShoulder-rotz-array" count="89">-61.9262 -62.1615 -62.3986 -62.6377 -62.8788 -63.1219 -63.367 -63.6142 -63.8633 -64.1146 -64.3679 -64.6234 -64.8809 -65.1407 -65.4026 -65.6504 -65.8677 -66.0865 -66.3068 -66.5288 -66.7523 -66.9775 -67.2042 -67.4326 -67.6627 -67.8944 -68.1278 -68.3628 -68.5996 -68.8381 -69.0647 -69.286 -69.5085 -69.7322 -69.9573 -70.1836 -70.4112 -70.6401 -70.8704 -71.1019 -71.3347 -71.5689 -71.8043 -72.0411 -72.2793 -72.0411 -71.8043 -71.5689 -71.3347 -71.1019 -70.8704 -70.6401 -70.4112 -70.1836 -69.9573 -69.7322 -69.5085 -69.286 -69.0647 -68.8381 -68.5996 -68.3628 -68.1278 -67.8944 -67.6627 -67.4326 -67.2042 -66.9775 -66.7523 -66.5288 -66.3068 -66.0865 -65.8677 -65.6504 -65.4026 -65.1407 -64.8809 -64.6234 -64.3679 -64.1146 -63.8633 -63.6142 -63.367 -63.1219 -62.8788 -62.6377 -62.3986 -62.1615 -61.9262</float_array><technique_common><accessor source="#hpl_mixamorigwRightShoulder-rotz-array" count="89" stride="1" /></technique_common></source>
      <source id="hpl_mixamorigwRightShoulder-roty"><float_array id="hpl_mixamorigwRightShoulder-roty-array" count="89">-80.7128 -80.7532 -80.7934 -80.8335 -80.8735 -80.9133 -80.953 -80.9925 -81.0319 -81.0711 -81.1102 -81.1491 -81.1879 -81.2266 -81.265 -81.3017 -81.3348 -81.3678 -81.4007 -81.4335 -81.4662 -81.4988 -81.5313 -81.5636 -81.5959 -81.628 -81.66 -81.6919 -81.7237 -81.7553 -81.7824 -81.8071 -81.8316 -81.8561 -81.8805 -81.9047 -81.9289 -81.9529 -81.9768 -82.0006 -82.0243 -82.0478 -82.0712 -82.0946 -82.1178 -82.0946 -82.0712 -82.0478 -82.0243 -82.0006 -81.9768 -81.9529 -81.9289 -81.9047 -81.8805 -81.8561 -81.8316 -81.8071 -81.7824 -81.7553 -81.7237 -81.6919 -81.66 -81.628 -81.5959 -81.5636 -81.5313 -81.4988 -81.4662 -81.4335 -81.4007 -81.3678 -81.3348 -81.3017 -81.265 -81.2266 -81.1879 -81.1491 -81.1102 -81.0711 -81.0319 -80.9925 -80.953 -80.9133 -80.8735 -80.8335 -80.7934 -80.7532 -80.7128</float_array><technique_common><accessor source="#hpl_mixamorigwRightShoulder-roty-array" count="89" stride="1" /></technique_common></source>
      <source id="hpl_mixamorigwRightShoulder-rotx"><float_array id="hpl_mixamorigwRightShoulder-rotx-array" count="89">148.432 148.659 148.887 149.118 149.351 149.586 149.822 150.061 150.302 150.545 150.79 151.037 151.286 151.537 151.79 152.029 152.237 152.447 152.658 152.871 153.085 153.301 153.519 153.738 153.958 154.181 154.405 154.631 154.858 155.087 155.306 155.519 155.734 155.95 156.167 156.386 156.606 156.827 157.05 157.273 157.498 157.725 157.953 158.182 158.412 158.182 157.953 157.725 157.498 157.273 157.05 156.827 156.606 156.386 156.167 155.95 155.734 155.519 155.306 155.087 154.858 154.631 154.405 154.181 153.958 153.738 153.519 153.301 153.085 152.871 152.658 152.447 152.237 152.029 151.79 151.537 151.286 151.037 150.79 150.545 150.302 150.061 149.822 149.586 149.351 149.118 148.887 148.659 148.432</float_array><technique_common><accessor source="#hpl_mixamorigwRightShoulder-rotx-array" count="89" stride="1" /></technique_common></source>
      <sampler id="hpl_mixamorigwRightShoulder-trans-sampler"><input semantic="INPUT" source="#hpl_mixamorigwRightShoulder-time" /><input semantic="OUTPUT" source="#hpl_mixamorigwRightShoulder-trans" /></sampler><channel source="#hpl_mixamorigwRightShoulder-trans-sampler" target="mixamorigwRightShoulder/translate" />
      <sampler id="hpl_mixamorigwRightShoulder-rotz-sampler"><input semantic="INPUT" source="#hpl_mixamorigwRightShoulder-time" /><input semantic="OUTPUT" source="#hpl_mixamorigwRightShoulder-rotz" /></sampler><channel source="#hpl_mixamorigwRightShoulder-rotz-sampler" target="mixamorigwRightShoulder/rotateZ.ANGLE" />
      <sampler id="hpl_mixamorigwRightShoulder-roty-sampler"><input semantic="INPUT" source="#hpl_mixamorigwRightShoulder-time" /><input semantic="OUTPUT" source="#hpl_mixamorigwRightShoulder-roty" /></sampler><channel source="#hpl_mixamorigwRightShoulder-roty-sampler" target="mixamorigwRightShoulder/rotateY.ANGLE" />
      <sampler id="hpl_mixamorigwRightShoulder-rotx-sampler"><input semantic="INPUT" source="#hpl_mixamorigwRightShoulder-time" /><input semantic="OUTPUT" source="#hpl_mixamorigwRightShoulder-rotx" /></sampler><channel source="#hpl_mixamorigwRightShoulder-rotx-sampler" target="mixamorigwRightShoulder/rotateX.ANGLE" />
    </animation>
    <animation id="hpl_mixamorigwRightArm">
      <source id="hpl_mixamorigwRightArm-time"><float_array id="hpl_mixamorigwRightArm-time-array" count="89">0 1 2 3 4 5 6 7 8 9 10 11 12 13 14 15 16 17 18 19 20 21 22 23 24 25 26 27 28 29 30 31 32 33 34 35 36 37 38 39 40 41 42 43 44 45 46 47 48 49 50 51 52 53 54 55 56 57 58 59 60 61 62 63 64 65 66 67 68 69 70 71 72 73 74 75 76 77 78 79 80 81 82 83 84 85 86 87 88</float_array><technique_common><accessor source="#hpl_mixamorigwRightArm-time-array" count="89" stride="1" /></technique_common></source>
      <source id="hpl_mixamorigwRightArm-trans"><float_array id="hpl_mixamorigwRightArm-trans-array" count="267">-1.6677e-06 0.163363 3.4728e-06 -1.6677e-06 0.163363 3.4728e-06 -1.6677e-06 0.163363 3.4728e-06 -1.6677e-06 0.163363 3.4728e-06 -1.6677e-06 0.163363 3.4728e-06 -1.6677e-06 0.163363 3.4728e-06 -1.6677e-06 0.163363 3.4728e-06 -1.6677e-06 0.163363 3.4728e-06 -1.6677e-06 0.163363 3.4728e-06 -1.6677e-06 0.163363 3.4728e-06 -1.6677e-06 0.163363 3.4728e-06 -1.6677e-06 0.163363 3.4728e-06 -1.6677e-06 0.163363 3.4728e-06 -1.6677e-06 0.163363 3.4728e-06 -1.6677e-06 0.163363 3.4728e-06 -1.6677e-06 0.163363 3.4728e-06 -1.6677e-06 0.163363 3.4728e-06 -1.6677e-06 0.163363 3.4728e-06 -1.6677e-06 0.163363 3.4728e-06 -1.6677e-06 0.163363 3.4728e-06 -1.6677e-06 0.163363 3.4728e-06 -1.6677e-06 0.163363 3.4728e-06 -1.6677e-06 0.163363 3.4728e-06 -1.6677e-06 0.163363 3.4728e-06 -1.6677e-06 0.163363 3.4728e-06 -1.6677e-06 0.163363 3.4728e-06 -1.6677e-06 0.163363 3.4728e-06 -1.6677e-06 0.163363 3.4728e-06 -1.6677e-06 0.163363 3.4728e-06 -1.6677e-06 0.163363 3.4728e-06 -1.6677e-06 0.163363 3.4728e-06 -1.6677e-06 0.163363 3.4728e-06 -1.6677e-06 0.163363 3.4728e-06 -1.6677e-06 0.163363 3.4728e-06 -1.6677e-06 0.163363 3.4728e-06 -1.6677e-06 0.163363 3.4728e-06 -1.6677e-06 0.163363 3.4728e-06 -1.6677e-06 0.163363 3.4728e-06 -1.6677e-06 0.163363 3.4728e-06 -1.6677e-06 0.163363 3.4728e-06 -1.6677e-06 0.163363 3.4728e-06 -1.6677e-06 0.163363 3.4728e-06 -1.6677e-06 0.163363 3.4728e-06 -1.6677e-06 0.163363 3.4728e-06 -1.6677e-06 0.163363 3.4728e-06 -1.6677e-06 0.163363 3.4728e-06 -1.6677e-06 0.163363 3.4728e-06 -1.6677e-06 0.163363 3.4728e-06 -1.6677e-06 0.163363 3.4728e-06 -1.6677e-06 0.163363 3.4728e-06 -1.6677e-06 0.163363 3.4728e-06 -1.6677e-06 0.163363 3.4728e-06 -1.6677e-06 0.163363 3.4728e-06 -1.6677e-06 0.163363 3.4728e-06 -1.6677e-06 0.163363 3.4728e-06 -1.6677e-06 0.163363 3.4728e-06 -1.6677e-06 0.163363 3.4728e-06 -1.6677e-06 0.163363 3.4728e-06 -1.6677e-06 0.163363 3.4728e-06 -1.6677e-06 0.163363 3.4728e-06 -1.6677e-06 0.163363 3.4728e-06 -1.6677e-06 0.163363 3.4728e-06 -1.6677e-06 0.163363 3.4728e-06 -1.6677e-06 0.163363 3.4728e-06 -1.6677e-06 0.163363 3.4728e-06 -1.6677e-06 0.163363 3.4728e-06 -1.6677e-06 0.163363 3.4728e-06 -1.6677e-06 0.163363 3.4728e-06 -1.6677e-06 0.163363 3.4728e-06 -1.6677e-06 0.163363 3.4728e-06 -1.6677e-06 0.163363 3.4728e-06 -1.6677e-06 0.163363 3.4728e-06 -1.6677e-06 0.163363 3.4728e-06 -1.6677e-06 0.163363 3.4728e-06 -1.6677e-06 0.163363 3.4728e-06 -1.6677e-06 0.163363 3.4728e-06 -1.6677e-06 0.163363 3.4728e-06 -1.6677e-06 0.163363 3.4728e-06 -1.6677e-06 0.163363 3.4728e-06 -1.6677e-06 0.163363 3.4728e-06 -1.6677e-06 0.163363 3.4728e-06 -1.6677e-06 0.163363 3.4728e-06 -1.6677e-06 0.163363 3.4728e-06 -1.6677e-06 0.163363 3.4728e-06 -1.6677e-06 0.163363 3.4728e-06 -1.6677e-06 0.163363 3.4728e-06 -1.6677e-06 0.163363 3.4728e-06 -1.6677e-06 0.163363 3.4728e-06 -1.6677e-06 0.163363 3.4728e-06</float_array><technique_common><accessor source="#hpl_mixamorigwRightArm-trans-array" count="89" stride="3" /></technique_common></source>
      <source id="hpl_mixamorigwRightArm-rotz"><float_array id="hpl_mixamorigwRightArm-rotz-array" count="89">-61.7366 -61.7759 -61.8156 -61.8556 -61.896 -61.9366 -61.9777 -62.019 -62.0607 -62.1027 -62.1451 -62.1878 -62.2308 -62.2742 -62.3179 -62.3591 -62.3948 -62.4308 -62.467 -62.5036 -62.5404 -62.5775 -62.6148 -62.6525 -62.6904 -62.7286 -62.7671 -62.8058 -62.8448 -62.8841 -62.9179 -62.949 -62.9803 -63.0118 -63.0434 -63.0753 -63.1073 -63.1396 -63.172 -63.2046 -63.2374 -63.2703 -63.3035 -63.3368 -63.3703 -63.3368 -63.3035 -63.2703 -63.2374 -63.2046 -63.172 -63.1396 -63.1073 -63.0753 -63.0434 -63.0118 -62.9803 -62.949 -62.9179 -62.8841 -62.8448 -62.8058 -62.7671 -62.7286 -62.6904 -62.6525 -62.6148 -62.5775 -62.5404 -62.5036 -62.467 -62.4308 -62.3948 -62.3591 -62.3179 -62.2742 -62.2308 -62.1878 -62.1451 -62.1027 -62.0607 -62.019 -61.9777 -61.9366 -61.896 -61.8556 -61.8156 -61.7759 -61.7366</float_array><technique_common><accessor source="#hpl_mixamorigwRightArm-rotz-array" count="89" stride="1" /></technique_common></source>
      <source id="hpl_mixamorigwRightArm-roty"><float_array id="hpl_mixamorigwRightArm-roty-array" count="89">10.6591 10.586 10.513 10.4402 10.3675 10.2949 10.2226 10.1503 10.0783 10.0064 9.93463 9.86304 9.79161 9.72034 9.64924 9.5856 9.53671 9.48796 9.43935 9.39089 9.34256 9.29438 9.24634 9.19845 9.1507 9.10309 9.05564 9.00833 8.96117 8.91416 8.88414 8.86266 8.8413 8.82006 8.79893 8.77793 8.75704 8.73627 8.71563 8.6951 8.67469 8.65441 8.63424 8.6142 8.59429 8.6142 8.63424 8.65441 8.67469 8.6951 8.71563 8.73627 8.75704 8.77793 8.79893 8.82006 8.8413 8.86266 8.88414 8.91416 8.96117 9.00833 9.05564 9.10309 9.1507 9.19845 9.24634 9.29438 9.34256 9.39089 9.43935 9.48796 9.53671 9.5856 9.64924 9.72034 9.79161 9.86304 9.93463 10.0064 10.0783 10.1503 10.2226 10.2949 10.3675 10.4402 10.513 10.586 10.6591</float_array><technique_common><accessor source="#hpl_mixamorigwRightArm-roty-array" count="89" stride="1" /></technique_common></source>
      <source id="hpl_mixamorigwRightArm-rotx"><float_array id="hpl_mixamorigwRightArm-rotx-array" count="89">35.1466 35.2294 35.3122 35.3951 35.4781 35.5611 35.6441 35.7273 35.8104 35.8937 35.977 36.0603 36.1437 36.2272 36.3107 36.395 36.4807 36.5663 36.652 36.7377 36.8235 36.9092 36.995 37.0808 37.1667 37.2525 37.3384 37.4243 37.5102 37.5961 37.6805 37.7641 37.8476 37.9311 38.0147 38.0982 38.1817 38.2652 38.3486 38.4321 38.5156 38.599 38.6824 38.7659 38.8493 38.7659 38.6824 38.599 38.5156 38.4321 38.3486 38.2652 38.1817 38.0982 38.0147 37.9311 37.8476 37.7641 37.6805 37.5961 37.5102 37.4243 37.3384 37.2525 37.1667 37.0808 36.995 36.9092 36.8235 36.7377 36.652 36.5663 36.4807 36.395 36.3107 36.2272 36.1437 36.0603 35.977 35.8937 35.8104 35.7273 35.6441 35.5611 35.4781 35.3951 35.3122 35.2294 35.1466</float_array><technique_common><accessor source="#hpl_mixamorigwRightArm-rotx-array" count="89" stride="1" /></technique_common></source>
      <sampler id="hpl_mixamorigwRightArm-trans-sampler"><input semantic="INPUT" source="#hpl_mixamorigwRightArm-time" /><input semantic="OUTPUT" source="#hpl_mixamorigwRightArm-trans" /></sampler><channel source="#hpl_mixamorigwRightArm-trans-sampler" target="mixamorigwRightArm/translate" />
      <sampler id="hpl_mixamorigwRightArm-rotz-sampler"><input semantic="INPUT" source="#hpl_mixamorigwRightArm-time" /><input semantic="OUTPUT" source="#hpl_mixamorigwRightArm-rotz" /></sampler><channel source="#hpl_mixamorigwRightArm-rotz-sampler" target="mixamorigwRightArm/rotateZ.ANGLE" />
      <sampler id="hpl_mixamorigwRightArm-roty-sampler"><input semantic="INPUT" source="#hpl_mixamorigwRightArm-time" /><input semantic="OUTPUT" source="#hpl_mixamorigwRightArm-roty" /></sampler><channel source="#hpl_mixamorigwRightArm-roty-sampler" target="mixamorigwRightArm/rotateY.ANGLE" />
      <sampler id="hpl_mixamorigwRightArm-rotx-sampler"><input semantic="INPUT" source="#hpl_mixamorigwRightArm-time" /><input semantic="OUTPUT" source="#hpl_mixamorigwRightArm-rotx" /></sampler><channel source="#hpl_mixamorigwRightArm-rotx-sampler" target="mixamorigwRightArm/rotateX.ANGLE" />
    </animation>
    <animation id="hpl_mixamorigwRightForeArm">
      <source id="hpl_mixamorigwRightForeArm-time"><float_array id="hpl_mixamorigwRightForeArm-time-array" count="89">0 1 2 3 4 5 6 7 8 9 10 11 12 13 14 15 16 17 18 19 20 21 22 23 24 25 26 27 28 29 30 31 32 33 34 35 36 37 38 39 40 41 42 43 44 45 46 47 48 49 50 51 52 53 54 55 56 57 58 59 60 61 62 63 64 65 66 67 68 69 70 71 72 73 74 75 76 77 78 79 80 81 82 83 84 85 86 87 88</float_array><technique_common><accessor source="#hpl_mixamorigwRightForeArm-time-array" count="89" stride="1" /></technique_common></source>
      <source id="hpl_mixamorigwRightForeArm-trans"><float_array id="hpl_mixamorigwRightForeArm-trans-array" count="267">8.8996e-07 0.227531 -3.63292e-06 8.8996e-07 0.227531 -3.63292e-06 8.8996e-07 0.227531 -3.63292e-06 8.8996e-07 0.227531 -3.63292e-06 8.8996e-07 0.227531 -3.63292e-06 8.8996e-07 0.227531 -3.63292e-06 8.8996e-07 0.227531 -3.63292e-06 8.8996e-07 0.227531 -3.63292e-06 8.8996e-07 0.227531 -3.63292e-06 8.8996e-07 0.227531 -3.63292e-06 8.8996e-07 0.227531 -3.63292e-06 8.8996e-07 0.227531 -3.63292e-06 8.8996e-07 0.227531 -3.63292e-06 8.8996e-07 0.227531 -3.63292e-06 8.8996e-07 0.227531 -3.63292e-06 8.8996e-07 0.227531 -3.63292e-06 8.8996e-07 0.227531 -3.63292e-06 8.8996e-07 0.227531 -3.63292e-06 8.8996e-07 0.227531 -3.63292e-06 8.8996e-07 0.227531 -3.63292e-06 8.8996e-07 0.227531 -3.63292e-06 8.8996e-07 0.227531 -3.63292e-06 8.8996e-07 0.227531 -3.63292e-06 8.8996e-07 0.227531 -3.63292e-06 8.8996e-07 0.227531 -3.63292e-06 8.8996e-07 0.227531 -3.63292e-06 8.8996e-07 0.227531 -3.63292e-06 8.8996e-07 0.227531 -3.63292e-06 8.8996e-07 0.227531 -3.63292e-06 8.8996e-07 0.227531 -3.63292e-06 8.8996e-07 0.227531 -3.63292e-06 8.8996e-07 0.227531 -3.63292e-06 8.8996e-07 0.227531 -3.63292e-06 8.8996e-07 0.227531 -3.63292e-06 8.8996e-07 0.227531 -3.63292e-06 8.8996e-07 0.227531 -3.63292e-06 8.8996e-07 0.227531 -3.63292e-06 8.8996e-07 0.227531 -3.63292e-06 8.8996e-07 0.227531 -3.63292e-06 8.8996e-07 0.227531 -3.63292e-06 8.8996e-07 0.227531 -3.63292e-06 8.8996e-07 0.227531 -3.63292e-06 8.8996e-07 0.227531 -3.63292e-06 8.8996e-07 0.227531 -3.63292e-06 8.8996e-07 0.227531 -3.63292e-06 8.8996e-07 0.227531 -3.63292e-06 8.8996e-07 0.227531 -3.63292e-06 8.8996e-07 0.227531 -3.63292e-06 8.8996e-07 0.227531 -3.63292e-06 8.8996e-07 0.227531 -3.63292e-06 8.8996e-07 0.227531 -3.63292e-06 8.8996e-07 0.227531 -3.63292e-06 8.8996e-07 0.227531 -3.63292e-06 8.8996e-07 0.227531 -3.63292e-06 8.8996e-07 0.227531 -3.63292e-06 8.8996e-07 0.227531 -3.63292e-06 8.8996e-07 0.227531 -3.63292e-06 8.8996e-07 0.227531 -3.63292e-06 8.8996e-07 0.227531 -3.63292e-06 8.8996e-07 0.227531 -3.63292e-06 8.8996e-07 0.227531 -3.63292e-06 8.8996e-07 0.227531 -3.63292e-06 8.8996e-07 0.227531 -3.63292e-06 8.8996e-07 0.227531 -3.63292e-06 8.8996e-07 0.227531 -3.63292e-06 8.8996e-07 0.227531 -3.63292e-06 8.8996e-07 0.227531 -3.63292e-06 8.8996e-07 0.227531 -3.63292e-06 8.8996e-07 0.227531 -3.63292e-06 8.8996e-07 0.227531 -3.63292e-06 8.8996e-07 0.227531 -3.63292e-06 8.8996e-07 0.227531 -3.63292e-06 8.8996e-07 0.227531 -3.63292e-06 8.8996e-07 0.227531 -3.63292e-06 8.8996e-07 0.227531 -3.63292e-06 8.8996e-07 0.227531 -3.63292e-06 8.8996e-07 0.227531 -3.63292e-06 8.8996e-07 0.227531 -3.63292e-06 8.8996e-07 0.227531 -3.63292e-06 8.8996e-07 0.227531 -3.63292e-06 8.8996e-07 0.227531 -3.63292e-06 8.8996e-07 0.227531 -3.63292e-06 8.8996e-07 0.227531 -3.63292e-06 8.8996e-07 0.227531 -3.63292e-06 8.8996e-07 0.227531 -3.63292e-06 8.8996e-07 0.227531 -3.63292e-06 8.8996e-07 0.227531 -3.63292e-06 8.8996e-07 0.227531 -3.63292e-06 8.8996e-07 0.227531 -3.63292e-06</float_array><technique_common><accessor source="#hpl_mixamorigwRightForeArm-trans-array" count="89" stride="3" /></technique_common></source>
      <source id="hpl_mixamorigwRightForeArm-rotz"><float_array id="hpl_mixamorigwRightForeArm-rotz-array" count="89">-25.0541 -25.1313 -25.2084 -25.2856 -25.3627 -25.4398 -25.5169 -25.594 -25.6711 -25.7482 -25.8253 -25.9024 -25.9795 -26.0566 -26.1337 -26.2053 -26.2661 -26.3269 -26.3876 -26.4484 -26.5091 -26.5699 -26.6306 -26.6914 -26.7521 -26.8129 -26.8736 -26.9343 -26.995 -27.0558 -27.1074 -27.1544 -27.2014 -27.2484 -27.2954 -27.3425 -27.3895 -27.4365 -27.4835 -27.5305 -27.5775 -27.6245 -27.6714 -27.7184 -27.7654 -27.7184 -27.6714 -27.6245 -27.5775 -27.5305 -27.4835 -27.4365 -27.3895 -27.3425 -27.2954 -27.2484 -27.2014 -27.1544 -27.1074 -27.0558 -26.995 -26.9343 -26.8736 -26.8129 -26.7521 -26.6914 -26.6306 -26.5699 -26.5091 -26.4484 -26.3876 -26.3269 -26.2661 -26.2053 -26.1337 -26.0566 -25.9795 -25.9024 -25.8253 -25.7482 -25.6711 -25.594 -25.5169 -25.4398 -25.3627 -25.2856 -25.2084 -25.1313 -25.0541</float_array><technique_common><accessor source="#hpl_mixamorigwRightForeArm-rotz-array" count="89" stride="1" /></technique_common></source>
      <source id="hpl_mixamorigwRightForeArm-roty"><float_array id="hpl_mixamorigwRightForeArm-roty-array" count="89">11.739 11.7308 11.7226 11.7144 11.7062 11.698 11.6897 11.6814 11.6731 11.6648 11.6565 11.6481 11.6397 11.6313 11.6229 11.6145 11.6064 11.5982 11.59 11.5818 11.5736 11.5653 11.5571 11.5488 11.5405 11.5321 11.5238 11.5154 11.507 11.4986 11.4914 11.4848 11.4781 11.4715 11.4648 11.4581 11.4514 11.4447 11.4379 11.4312 11.4244 11.4176 11.4107 11.4039 11.397 11.4039 11.4107 11.4176 11.4244 11.4312 11.4379 11.4447 11.4514 11.4581 11.4648 11.4715 11.4781 11.4848 11.4914 11.4986 11.507 11.5154 11.5238 11.5321 11.5405 11.5488 11.5571 11.5653 11.5736 11.5818 11.59 11.5982 11.6064 11.6145 11.6229 11.6313 11.6397 11.6481 11.6565 11.6648 11.6731 11.6814 11.6897 11.698 11.7062 11.7144 11.7226 11.7308 11.739</float_array><technique_common><accessor source="#hpl_mixamorigwRightForeArm-roty-array" count="89" stride="1" /></technique_common></source>
      <source id="hpl_mixamorigwRightForeArm-rotx"><float_array id="hpl_mixamorigwRightForeArm-rotx-array" count="89">-4.89651 -4.91275 -4.92898 -4.9452 -4.96142 -4.97762 -4.99381 -5.01 -5.02617 -5.04234 -5.05849 -5.07464 -5.09077 -5.1069 -5.12302 -5.13905 -5.15494 -5.17081 -5.18668 -5.20254 -5.21838 -5.23422 -5.25005 -5.26586 -5.28167 -5.29747 -5.31325 -5.32903 -5.3448 -5.36056 -5.37683 -5.39336 -5.40987 -5.42638 -5.44288 -5.45937 -5.47584 -5.49231 -5.50877 -5.52522 -5.54166 -5.55809 -5.57451 -5.59091 -5.60731 -5.59091 -5.57451 -5.55809 -5.54166 -5.52522 -5.50877 -5.49231 -5.47584 -5.45937 -5.44288 -5.42638 -5.40987 -5.39336 -5.37683 -5.36056 -5.3448 -5.32903 -5.31325 -5.29747 -5.28167 -5.26586 -5.25005 -5.23422 -5.21838 -5.20254 -5.18668 -5.17081 -5.15494 -5.13905 -5.12302 -5.1069 -5.09077 -5.07464 -5.05849 -5.04234 -5.02617 -5.01 -4.99381 -4.97762 -4.96142 -4.9452 -4.92898 -4.91275 -4.89651</float_array><technique_common><accessor source="#hpl_mixamorigwRightForeArm-rotx-array" count="89" stride="1" /></technique_common></source>
      <sampler id="hpl_mixamorigwRightForeArm-trans-sampler"><input semantic="INPUT" source="#hpl_mixamorigwRightForeArm-time" /><input semantic="OUTPUT" source="#hpl_mixamorigwRightForeArm-trans" /></sampler><channel source="#hpl_mixamorigwRightForeArm-trans-sampler" target="mixamorigwRightForeArm/translate" />
      <sampler id="hpl_mixamorigwRightForeArm-rotz-sampler"><input semantic="INPUT" source="#hpl_mixamorigwRightForeArm-time" /><input semantic="OUTPUT" source="#hpl_mixamorigwRightForeArm-rotz" /></sampler><channel source="#hpl_mixamorigwRightForeArm-rotz-sampler" target="mixamorigwRightForeArm/rotateZ.ANGLE" />
      <sampler id="hpl_mixamorigwRightForeArm-roty-sampler"><input semantic="INPUT" source="#hpl_mixamorigwRightForeArm-time" /><input semantic="OUTPUT" source="#hpl_mixamorigwRightForeArm-roty" /></sampler><channel source="#hpl_mixamorigwRightForeArm-roty-sampler" target="mixamorigwRightForeArm/rotateY.ANGLE" />
      <sampler id="hpl_mixamorigwRightForeArm-rotx-sampler"><input semantic="INPUT" source="#hpl_mixamorigwRightForeArm-time" /><input semantic="OUTPUT" source="#hpl_mixamorigwRightForeArm-rotx" /></sampler><channel source="#hpl_mixamorigwRightForeArm-rotx-sampler" target="mixamorigwRightForeArm/rotateX.ANGLE" />
    </animation>
    <animation id="hpl_mixamorigwRightHand">
      <source id="hpl_mixamorigwRightHand-time"><float_array id="hpl_mixamorigwRightHand-time-array" count="89">0 1 2 3 4 5 6 7 8 9 10 11 12 13 14 15 16 17 18 19 20 21 22 23 24 25 26 27 28 29 30 31 32 33 34 35 36 37 38 39 40 41 42 43 44 45 46 47 48 49 50 51 52 53 54 55 56 57 58 59 60 61 62 63 64 65 66 67 68 69 70 71 72 73 74 75 76 77 78 79 80 81 82 83 84 85 86 87 88</float_array><technique_common><accessor source="#hpl_mixamorigwRightHand-time-array" count="89" stride="1" /></technique_common></source>
      <source id="hpl_mixamorigwRightHand-trans"><float_array id="hpl_mixamorigwRightHand-trans-array" count="267">4.98903e-08 0.253119 5.47996e-06 4.98903e-08 0.253119 5.47996e-06 4.98903e-08 0.253119 5.47996e-06 4.98903e-08 0.253119 5.47996e-06 4.98903e-08 0.253119 5.47996e-06 4.98903e-08 0.253119 5.47996e-06 4.98903e-08 0.253119 5.47996e-06 4.98903e-08 0.253119 5.47996e-06 4.98903e-08 0.253119 5.47996e-06 4.98903e-08 0.253119 5.47996e-06 4.98903e-08 0.253119 5.47996e-06 4.98903e-08 0.253119 5.47996e-06 4.98903e-08 0.253119 5.47996e-06 4.98903e-08 0.253119 5.47996e-06 4.98903e-08 0.253119 5.47996e-06 4.98903e-08 0.253119 5.47996e-06 4.98903e-08 0.253119 5.47996e-06 4.98903e-08 0.253119 5.47996e-06 4.98903e-08 0.253119 5.47996e-06 4.98903e-08 0.253119 5.47996e-06 4.98903e-08 0.253119 5.47996e-06 4.98903e-08 0.253119 5.47996e-06 4.98903e-08 0.253119 5.47996e-06 4.98903e-08 0.253119 5.47996e-06 4.98903e-08 0.253119 5.47996e-06 4.98903e-08 0.253119 5.47996e-06 4.98903e-08 0.253119 5.47996e-06 4.98903e-08 0.253119 5.47996e-06 4.98903e-08 0.253119 5.47996e-06 4.98903e-08 0.253119 5.47996e-06 4.98903e-08 0.253119 5.47996e-06 4.98903e-08 0.253119 5.47996e-06 4.98903e-08 0.253119 5.47996e-06 4.98903e-08 0.253119 5.47996e-06 4.98903e-08 0.253119 5.47996e-06 4.98903e-08 0.253119 5.47996e-06 4.98903e-08 0.253119 5.47996e-06 4.98903e-08 0.253119 5.47996e-06 4.98903e-08 0.253119 5.47996e-06 4.98903e-08 0.253119 5.47996e-06 4.98903e-08 0.253119 5.47996e-06 4.98903e-08 0.253119 5.47996e-06 4.98903e-08 0.253119 5.47996e-06 4.98903e-08 0.253119 5.47996e-06 4.98903e-08 0.253119 5.47996e-06 4.98903e-08 0.253119 5.47996e-06 4.98903e-08 0.253119 5.47996e-06 4.98903e-08 0.253119 5.47996e-06 4.98903e-08 0.253119 5.47996e-06 4.98903e-08 0.253119 5.47996e-06 4.98903e-08 0.253119 5.47996e-06 4.98903e-08 0.253119 5.47996e-06 4.98903e-08 0.253119 5.47996e-06 4.98903e-08 0.253119 5.47996e-06 4.98903e-08 0.253119 5.47996e-06 4.98903e-08 0.253119 5.47996e-06 4.98903e-08 0.253119 5.47996e-06 4.98903e-08 0.253119 5.47996e-06 4.98903e-08 0.253119 5.47996e-06 4.98903e-08 0.253119 5.47996e-06 4.98903e-08 0.253119 5.47996e-06 4.98903e-08 0.253119 5.47996e-06 4.98903e-08 0.253119 5.47996e-06 4.98903e-08 0.253119 5.47996e-06 4.98903e-08 0.253119 5.47996e-06 4.98903e-08 0.253119 5.47996e-06 4.98903e-08 0.253119 5.47996e-06 4.98903e-08 0.253119 5.47996e-06 4.98903e-08 0.253119 5.47996e-06 4.98903e-08 0.253119 5.47996e-06 4.98903e-08 0.253119 5.47996e-06 4.98903e-08 0.253119 5.47996e-06 4.98903e-08 0.253119 5.47996e-06 4.98903e-08 0.253119 5.47996e-06 4.98903e-08 0.253119 5.47996e-06 4.98903e-08 0.253119 5.47996e-06 4.98903e-08 0.253119 5.47996e-06 4.98903e-08 0.253119 5.47996e-06 4.98903e-08 0.253119 5.47996e-06 4.98903e-08 0.253119 5.47996e-06 4.98903e-08 0.253119 5.47996e-06 4.98903e-08 0.253119 5.47996e-06 4.98903e-08 0.253119 5.47996e-06 4.98903e-08 0.253119 5.47996e-06 4.98903e-08 0.253119 5.47996e-06 4.98903e-08 0.253119 5.47996e-06 4.98903e-08 0.253119 5.47996e-06 4.98903e-08 0.253119 5.47996e-06 4.98903e-08 0.253119 5.47996e-06</float_array><technique_common><accessor source="#hpl_mixamorigwRightHand-trans-array" count="89" stride="3" /></technique_common></source>
      <source id="hpl_mixamorigwRightHand-rotz"><float_array id="hpl_mixamorigwRightHand-rotz-array" count="89">0.800945 0.84605 0.891117 0.936146 0.981137 1.02609 1.07101 1.11588 1.16072 1.20553 1.25029 1.29502 1.3397 1.38435 1.42897 1.47409 1.52028 1.56644 1.61257 1.65868 1.70475 1.7508 1.79682 1.84281 1.88877 1.9347 1.9806 2.02648 2.07233 2.11814 2.16124 2.20296 2.24467 2.28636 2.32803 2.36969 2.41133 2.45295 2.49456 2.53615 2.57772 2.61928 2.66082 2.70234 2.74385 2.70234 2.66082 2.61928 2.57772 2.53615 2.49456 2.45295 2.41133 2.36969 2.32803 2.28636 2.24467 2.20296 2.16124 2.11814 2.07233 2.02648 1.9806 1.9347 1.88877 1.84281 1.79682 1.7508 1.70475 1.65868 1.61257 1.56644 1.52028 1.47409 1.42897 1.38435 1.3397 1.29502 1.25029 1.20553 1.16072 1.11588 1.07101 1.02609 0.981137 0.936146 0.891117 0.84605 0.800945</float_array><technique_common><accessor source="#hpl_mixamorigwRightHand-rotz-array" count="89" stride="1" /></technique_common></source>
      <source id="hpl_mixamorigwRightHand-roty"><float_array id="hpl_mixamorigwRightHand-roty-array" count="89">19.819 19.7733 19.7275 19.6817 19.6358 19.59 19.5441 19.4982 19.4523 19.4063 19.3603 19.3143 19.2683 19.2222 19.1762 19.1302 19.0845 19.0388 18.9931 18.9474 18.9016 18.8558 18.81 18.7642 18.7184 18.6725 18.6267 18.5808 18.5349 18.489 18.4428 18.3966 18.3503 18.3041 18.2578 18.2115 18.1652 18.1189 18.0726 18.0263 17.98 17.9337 17.8874 17.841 17.7947 17.841 17.8874 17.9337 17.98 18.0263 18.0726 18.1189 18.1652 18.2115 18.2578 18.3041 18.3503 18.3966 18.4428 18.489 18.5349 18.5808 18.6267 18.6725 18.7184 18.7642 18.81 18.8558 18.9016 18.9474 18.9931 19.0388 19.0845 19.1302 19.1762 19.2222 19.2683 19.3143 19.3603 19.4063 19.4523 19.4982 19.5441 19.59 19.6358 19.6817 19.7275 19.7733 19.819</float_array><technique_common><accessor source="#hpl_mixamorigwRightHand-roty-array" count="89" stride="1" /></technique_common></source>
      <source id="hpl_mixamorigwRightHand-rotx"><float_array id="hpl_mixamorigwRightHand-rotx-array" count="89">-5.00238 -4.97742 -4.95249 -4.92756 -4.90266 -4.87777 -4.85289 -4.82804 -4.8032 -4.77838 -4.75357 -4.72878 -4.70401 -4.67925 -4.65451 -4.6315 -4.61191 -4.59234 -4.57278 -4.55324 -4.53371 -4.51419 -4.49468 -4.47519 -4.45571 -4.43624 -4.41678 -4.39734 -4.37791 -4.35849 -4.34372 -4.33127 -4.31883 -4.30639 -4.29397 -4.28156 -4.26915 -4.25675 -4.24436 -4.23198 -4.21961 -4.20725 -4.1949 -4.18255 -4.17021 -4.18255 -4.1949 -4.20725 -4.21961 -4.23198 -4.24436 -4.25675 -4.26915 -4.28156 -4.29397 -4.30639 -4.31883 -4.33127 -4.34372 -4.35849 -4.37791 -4.39734 -4.41678 -4.43624 -4.45571 -4.47519 -4.49468 -4.51419 -4.53371 -4.55324 -4.57278 -4.59234 -4.61191 -4.6315 -4.65451 -4.67925 -4.70401 -4.72878 -4.75357 -4.77838 -4.8032 -4.82804 -4.85289 -4.87777 -4.90266 -4.92756 -4.95249 -4.97742 -5.00238</float_array><technique_common><accessor source="#hpl_mixamorigwRightHand-rotx-array" count="89" stride="1" /></technique_common></source>
      <sampler id="hpl_mixamorigwRightHand-trans-sampler"><input semantic="INPUT" source="#hpl_mixamorigwRightHand-time" /><input semantic="OUTPUT" source="#hpl_mixamorigwRightHand-trans" /></sampler><channel source="#hpl_mixamorigwRightHand-trans-sampler" target="mixamorigwRightHand/translate" />
      <sampler id="hpl_mixamorigwRightHand-rotz-sampler"><input semantic="INPUT" source="#hpl_mixamorigwRightHand-time" /><input semantic="OUTPUT" source="#hpl_mixamorigwRightHand-rotz" /></sampler><channel source="#hpl_mixamorigwRightHand-rotz-sampler" target="mixamorigwRightHand/rotateZ.ANGLE" />
      <sampler id="hpl_mixamorigwRightHand-roty-sampler"><input semantic="INPUT" source="#hpl_mixamorigwRightHand-time" /><input semantic="OUTPUT" source="#hpl_mixamorigwRightHand-roty" /></sampler><channel source="#hpl_mixamorigwRightHand-roty-sampler" target="mixamorigwRightHand/rotateY.ANGLE" />
      <sampler id="hpl_mixamorigwRightHand-rotx-sampler"><input semantic="INPUT" source="#hpl_mixamorigwRightHand-time" /><input semantic="OUTPUT" source="#hpl_mixamorigwRightHand-rotx" /></sampler><channel source="#hpl_mixamorigwRightHand-rotx-sampler" target="mixamorigwRightHand/rotateX.ANGLE" />
    </animation>
    <animation id="hpl_mixamorigwNeck">
      <source id="hpl_mixamorigwNeck-time"><float_array id="hpl_mixamorigwNeck-time-array" count="89">0 1 2 3 4 5 6 7 8 9 10 11 12 13 14 15 16 17 18 19 20 21 22 23 24 25 26 27 28 29 30 31 32 33 34 35 36 37 38 39 40 41 42 43 44 45 46 47 48 49 50 51 52 53 54 55 56 57 58 59 60 61 62 63 64 65 66 67 68 69 70 71 72 73 74 75 76 77 78 79 80 81 82 83 84 85 86 87 88</float_array><technique_common><accessor source="#hpl_mixamorigwNeck-time-array" count="89" stride="1" /></technique_common></source>
      <source id="hpl_mixamorigwNeck-trans"><float_array id="hpl_mixamorigwNeck-trans-array" count="267">6.19502e-05 0.104082 0.00273268 6.19502e-05 0.104082 0.00273268 6.19502e-05 0.104082 0.00273268 6.19502e-05 0.104082 0.00273268 6.19502e-05 0.104082 0.00273268 6.19502e-05 0.104082 0.00273268 6.19502e-05 0.104082 0.00273268 6.19502e-05 0.104082 0.00273268 6.19502e-05 0.104082 0.00273268 6.19502e-05 0.104082 0.00273268 6.19502e-05 0.104082 0.00273268 6.19502e-05 0.104082 0.00273268 6.19502e-05 0.104082 0.00273268 6.19502e-05 0.104082 0.00273268 6.19502e-05 0.104082 0.00273268 6.19502e-05 0.104082 0.00273268 6.19502e-05 0.104082 0.00273268 6.19502e-05 0.104082 0.00273268 6.19502e-05 0.104082 0.00273268 6.19502e-05 0.104082 0.00273268 6.19502e-05 0.104082 0.00273268 6.19502e-05 0.104082 0.00273268 6.19502e-05 0.104082 0.00273268 6.19502e-05 0.104082 0.00273268 6.19502e-05 0.104082 0.00273268 6.19502e-05 0.104082 0.00273268 6.19502e-05 0.104082 0.00273268 6.19502e-05 0.104082 0.00273268 6.19502e-05 0.104082 0.00273268 6.19502e-05 0.104082 0.00273268 6.19502e-05 0.104082 0.00273268 6.19502e-05 0.104082 0.00273268 6.19502e-05 0.104082 0.00273268 6.19502e-05 0.104082 0.00273268 6.19502e-05 0.104082 0.00273268 6.19502e-05 0.104082 0.00273268 6.19502e-05 0.104082 0.00273268 6.19502e-05 0.104082 0.00273268 6.19502e-05 0.104082 0.00273268 6.19502e-05 0.104082 0.00273268 6.19502e-05 0.104082 0.00273268 6.19502e-05 0.104082 0.00273268 6.19502e-05 0.104082 0.00273268 6.19502e-05 0.104082 0.00273268 6.19502e-05 0.104082 0.00273268 6.19502e-05 0.104082 0.00273268 6.19502e-05 0.104082 0.00273268 6.19502e-05 0.104082 0.00273268 6.19502e-05 0.104082 0.00273268 6.19502e-05 0.104082 0.00273268 6.19502e-05 0.104082 0.00273268 6.19502e-05 0.104082 0.00273268 6.19502e-05 0.104082 0.00273268 6.19502e-05 0.104082 0.00273268 6.19502e-05 0.104082 0.00273268 6.19502e-05 0.104082 0.00273268 6.19502e-05 0.104082 0.00273268 6.19502e-05 0.104082 0.00273268 6.19502e-05 0.104082 0.00273268 6.19502e-05 0.104082 0.00273268 6.19502e-05 0.104082 0.00273268 6.19502e-05 0.104082 0.00273268 6.19502e-05 0.104082 0.00273268 6.19502e-05 0.104082 0.00273268 6.19502e-05 0.104082 0.00273268 6.19502e-05 0.104082 0.00273268 6.19502e-05 0.104082 0.00273268 6.19502e-05 0.104082 0.00273268 6.19502e-05 0.104082 0.00273268 6.19502e-05 0.104082 0.00273268 6.19502e-05 0.104082 0.00273268 6.19502e-05 0.104082 0.00273268 6.19502e-05 0.104082 0.00273268 6.19502e-05 0.104082 0.00273268 6.19502e-05 0.104082 0.00273268 6.19502e-05 0.104082 0.00273268 6.19502e-05 0.104082 0.00273268 6.19502e-05 0.104082 0.00273268 6.19502e-05 0.104082 0.00273268 6.19502e-05 0.104082 0.00273268 6.19502e-05 0.104082 0.00273268 6.19502e-05 0.104082 0.00273268 6.19502e-05 0.104082 0.00273268 6.19502e-05 0.104082 0.00273268 6.19502e-05 0.104082 0.00273268 6.19502e-05 0.104082 0.00273268 6.19502e-05 0.104082 0.00273268 6.19502e-05 0.104082 0.00273268 6.19502e-05 0.104082 0.00273268</float_array><technique_common><accessor source="#hpl_mixamorigwNeck-trans-array" count="89" stride="3" /></technique_common></source>
      <source id="hpl_mixamorigwNeck-rotz"><float_array id="hpl_mixamorigwNeck-rotz-array" count="89">-0.0722115 -0.0437237 -0.0152359 0.0132518 0.0417394 0.070227 0.0987145 0.127202 0.155689 0.184177 0.212664 0.241151 0.269638 0.298125 0.326612 0.353534 0.377326 0.401117 0.424909 0.4487 0.472492 0.496284 0.520075 0.543866 0.567658 0.591449 0.61524 0.639032 0.662823 0.686614 0.705743 0.722542 0.73934 0.756139 0.772937 0.789735 0.806534 0.823332 0.840131 0.856929 0.873727 0.890526 0.907324 0.924122 0.940921 0.924122 0.907324 0.890526 0.873727 0.856929 0.840131 0.823332 0.806534 0.789735 0.772937 0.756139 0.73934 0.722542 0.705743 0.686614 0.662823 0.639032 0.61524 0.591449 0.567658 0.543866 0.520075 0.496284 0.472492 0.4487 0.424909 0.401117 0.377326 0.353534 0.326612 0.298125 0.269638 0.241151 0.212664 0.184177 0.155689 0.127202 0.0987145 0.070227 0.0417394 0.0132518 -0.0152359 -0.0437237 -0.0722115</float_array><technique_common><accessor source="#hpl_mixamorigwNeck-rotz-array" count="89" stride="1" /></technique_common></source>
      <source id="hpl_mixamorigwNeck-roty"><float_array id="hpl_mixamorigwNeck-roty-array" count="89">2.56104 2.55691 2.55277 2.54864 2.5445 2.54037 2.53623 2.5321 2.52796 2.52383 2.51969 2.51556 2.51142 2.50729 2.50315 2.49936 2.49626 2.49316 2.49005 2.48695 2.48385 2.48075 2.47764 2.47454 2.47144 2.46834 2.46523 2.46213 2.45903 2.45592 2.45452 2.45395 2.45339 2.45283 2.45227 2.4517 2.45114 2.45058 2.45002 2.44945 2.44889 2.44833 2.44777 2.4472 2.44664 2.4472 2.44777 2.44833 2.44889 2.44945 2.45002 2.45058 2.45114 2.4517 2.45227 2.45283 2.45339 2.45395 2.45452 2.45592 2.45903 2.46213 2.46523 2.46834 2.47144 2.47454 2.47764 2.48075 2.48385 2.48695 2.49005 2.49316 2.49626 2.49936 2.50315 2.50729 2.51142 2.51556 2.51969 2.52383 2.52796 2.5321 2.53623 2.54037 2.5445 2.54864 2.55277 2.55691 2.56104</float_array><technique_common><accessor source="#hpl_mixamorigwNeck-roty-array" count="89" stride="1" /></technique_common></source>
      <source id="hpl_mixamorigwNeck-rotx"><float_array id="hpl_mixamorigwNeck-rotx-array" count="89">4.51814 4.51787 4.51761 4.51734 4.51708 4.51681 4.51654 4.51627 4.516 4.51573 4.51546 4.51519 4.51492 4.51465 4.51437 4.51458 4.51574 4.5169 4.51806 4.51922 4.52038 4.52154 4.5227 4.52386 4.52501 4.52617 4.52733 4.52848 4.52964 4.53079 4.53324 4.53632 4.53941 4.5425 4.54558 4.54867 4.55176 4.55484 4.55793 4.56101 4.5641 4.56718 4.57026 4.57335 4.57643 4.57335 4.57026 4.56718 4.5641 4.56101 4.55793 4.55484 4.55176 4.54867 4.54558 4.5425 4.53941 4.53632 4.53324 4.53079 4.52964 4.52848 4.52733 4.52617 4.52501 4.52386 4.5227 4.52154 4.52038 4.51922 4.51806 4.5169 4.51574 4.51458 4.51437 4.51465 4.51492 4.51519 4.51546 4.51573 4.516 4.51627 4.51654 4.51681 4.51708 4.51734 4.51761 4.51787 4.51814</float_array><technique_common><accessor source="#hpl_mixamorigwNeck-rotx-array" count="89" stride="1" /></technique_common></source>
      <sampler id="hpl_mixamorigwNeck-trans-sampler"><input semantic="INPUT" source="#hpl_mixamorigwNeck-time" /><input semantic="OUTPUT" source="#hpl_mixamorigwNeck-trans" /></sampler><channel source="#hpl_mixamorigwNeck-trans-sampler" target="mixamorigwNeck/translate" />
      <sampler id="hpl_mixamorigwNeck-rotz-sampler"><input semantic="INPUT" source="#hpl_mixamorigwNeck-time" /><input semantic="OUTPUT" source="#hpl_mixamorigwNeck-rotz" /></sampler><channel source="#hpl_mixamorigwNeck-rotz-sampler" target="mixamorigwNeck/rotateZ.ANGLE" />
      <sampler id="hpl_mixamorigwNeck-roty-sampler"><input semantic="INPUT" source="#hpl_mixamorigwNeck-time" /><input semantic="OUTPUT" source="#hpl_mixamorigwNeck-roty" /></sampler><channel source="#hpl_mixamorigwNeck-roty-sampler" target="mixamorigwNeck/rotateY.ANGLE" />
      <sampler id="hpl_mixamorigwNeck-rotx-sampler"><input semantic="INPUT" source="#hpl_mixamorigwNeck-time" /><input semantic="OUTPUT" source="#hpl_mixamorigwNeck-rotx" /></sampler><channel source="#hpl_mixamorigwNeck-rotx-sampler" target="mixamorigwNeck/rotateX.ANGLE" />
    </animation>
    <animation id="hpl_mixamorigwHead">
      <source id="hpl_mixamorigwHead-time"><float_array id="hpl_mixamorigwHead-time-array" count="89">0 1 2 3 4 5 6 7 8 9 10 11 12 13 14 15 16 17 18 19 20 21 22 23 24 25 26 27 28 29 30 31 32 33 34 35 36 37 38 39 40 41 42 43 44 45 46 47 48 49 50 51 52 53 54 55 56 57 58 59 60 61 62 63 64 65 66 67 68 69 70 71 72 73 74 75 76 77 78 79 80 81 82 83 84 85 86 87 88</float_array><technique_common><accessor source="#hpl_mixamorigwHead-time-array" count="89" stride="1" /></technique_common></source>
      <source id="hpl_mixamorigwHead-trans"><float_array id="hpl_mixamorigwHead-trans-array" count="267">1.26362e-07 0.0721566 1.71408e-07 1.26362e-07 0.0721566 1.71408e-07 1.26362e-07 0.0721566 1.71408e-07 1.26362e-07 0.0721566 1.71408e-07 1.26362e-07 0.0721566 1.71408e-07 1.26362e-07 0.0721566 1.71408e-07 1.26362e-07 0.0721566 1.71408e-07 1.26362e-07 0.0721566 1.71408e-07 1.26362e-07 0.0721566 1.71408e-07 1.26362e-07 0.0721566 1.71408e-07 1.26362e-07 0.0721566 1.71408e-07 1.26362e-07 0.0721566 1.71408e-07 1.26362e-07 0.0721566 1.71408e-07 1.26362e-07 0.0721566 1.71408e-07 1.26362e-07 0.0721566 1.71408e-07 1.26362e-07 0.0721566 1.71408e-07 1.26362e-07 0.0721566 1.71408e-07 1.26362e-07 0.0721566 1.71408e-07 1.26362e-07 0.0721566 1.71408e-07 1.26362e-07 0.0721566 1.71408e-07 1.26362e-07 0.0721566 1.71408e-07 1.26362e-07 0.0721566 1.71408e-07 1.26362e-07 0.0721566 1.71408e-07 1.26362e-07 0.0721566 1.71408e-07 1.26362e-07 0.0721566 1.71408e-07 1.26362e-07 0.0721566 1.71408e-07 1.26362e-07 0.0721566 1.71408e-07 1.26362e-07 0.0721566 1.71408e-07 1.26362e-07 0.0721566 1.71408e-07 1.26362e-07 0.0721566 1.71408e-07 1.26362e-07 0.0721566 1.71408e-07 1.26362e-07 0.0721566 1.71408e-07 1.26362e-07 0.0721566 1.71408e-07 1.26362e-07 0.0721566 1.71408e-07 1.26362e-07 0.0721566 1.71408e-07 1.26362e-07 0.0721566 1.71408e-07 1.26362e-07 0.0721566 1.71408e-07 1.26362e-07 0.0721566 1.71408e-07 1.26362e-07 0.0721566 1.71408e-07 1.26362e-07 0.0721566 1.71408e-07 1.26362e-07 0.0721566 1.71408e-07 1.26362e-07 0.0721566 1.71408e-07 1.26362e-07 0.0721566 1.71408e-07 1.26362e-07 0.0721566 1.71408e-07 1.26362e-07 0.0721566 1.71408e-07 1.26362e-07 0.0721566 1.71408e-07 1.26362e-07 0.0721566 1.71408e-07 1.26362e-07 0.0721566 1.71408e-07 1.26362e-07 0.0721566 1.71408e-07 1.26362e-07 0.0721566 1.71408e-07 1.26362e-07 0.0721566 1.71408e-07 1.26362e-07 0.0721566 1.71408e-07 1.26362e-07 0.0721566 1.71408e-07 1.26362e-07 0.0721566 1.71408e-07 1.26362e-07 0.0721566 1.71408e-07 1.26362e-07 0.0721566 1.71408e-07 1.26362e-07 0.0721566 1.71408e-07 1.26362e-07 0.0721566 1.71408e-07 1.26362e-07 0.0721566 1.71408e-07 1.26362e-07 0.0721566 1.71408e-07 1.26362e-07 0.0721566 1.71408e-07 1.26362e-07 0.0721566 1.71408e-07 1.26362e-07 0.0721566 1.71408e-07 1.26362e-07 0.0721566 1.71408e-07 1.26362e-07 0.0721566 1.71408e-07 1.26362e-07 0.0721566 1.71408e-07 1.26362e-07 0.0721566 1.71408e-07 1.26362e-07 0.0721566 1.71408e-07 1.26362e-07 0.0721566 1.71408e-07 1.26362e-07 0.0721566 1.71408e-07 1.26362e-07 0.0721566 1.71408e-07 1.26362e-07 0.0721566 1.71408e-07 1.26362e-07 0.0721566 1.71408e-07 1.26362e-07 0.0721566 1.71408e-07 1.26362e-07 0.0721566 1.71408e-07 1.26362e-07 0.0721566 1.71408e-07 1.26362e-07 0.0721566 1.71408e-07 1.26362e-07 0.0721566 1.71408e-07 1.26362e-07 0.0721566 1.71408e-07 1.26362e-07 0.0721566 1.71408e-07 1.26362e-07 0.0721566 1.71408e-07 1.26362e-07 0.0721566 1.71408e-07 1.26362e-07 0.0721566 1.71408e-07 1.26362e-07 0.0721566 1.71408e-07 1.26362e-07 0.0721566 1.71408e-07 1.26362e-07 0.0721566 1.71408e-07 1.26362e-07 0.0721566 1.71408e-07 1.26362e-07 0.0721566 1.71408e-07 1.26362e-07 0.0721566 1.71408e-07</float_array><technique_common><accessor source="#hpl_mixamorigwHead-trans-array" count="89" stride="3" /></technique_common></source>
      <source id="hpl_mixamorigwHead-rotz"><float_array id="hpl_mixamorigwHead-rotz-array" count="89">-0.384344 -0.398534 -0.412724 -0.426914 -0.441105 -0.455295 -0.469486 -0.483677 -0.497868 -0.512059 -0.526251 -0.540443 -0.554635 -0.568827 -0.583019 -0.596377 -0.608065 -0.619753 -0.631442 -0.64313 -0.654818 -0.666507 -0.678196 -0.689884 -0.701573 -0.713262 -0.724951 -0.73664 -0.74833 -0.760019 -0.769788 -0.778597 -0.787407 -0.796217 -0.805027 -0.813838 -0.822649 -0.83146 -0.840271 -0.849083 -0.857895 -0.866708 -0.875521 -0.884334 -0.893147 -0.884334 -0.875521 -0.866708 -0.857895 -0.849083 -0.840271 -0.83146 -0.822649 -0.813838 -0.805027 -0.796217 -0.787407 -0.778597 -0.769788 -0.760019 -0.74833 -0.73664 -0.724951 -0.713262 -0.701573 -0.689884 -0.678196 -0.666507 -0.654818 -0.64313 -0.631442 -0.619753 -0.608065 -0.596377 -0.583019 -0.568827 -0.554635 -0.540443 -0.526251 -0.512059 -0.497868 -0.483677 -0.469486 -0.455295 -0.441105 -0.426914 -0.412724 -0.398534 -0.384344</float_array><technique_common><accessor source="#hpl_mixamorigwHead-rotz-array" count="89" stride="1" /></technique_common></source>
      <source id="hpl_mixamorigwHead-roty"><float_array id="hpl_mixamorigwHead-roty-array" count="89">1.77316 1.79221 1.81126 1.83031 1.84936 1.86842 1.88747 1.90653 1.92558 1.94464 1.9637 1.98275 2.00181 2.02087 2.03993 2.05452 2.06016 2.06581 2.07145 2.07709 2.08274 2.08838 2.09402 2.09967 2.10531 2.11095 2.11659 2.12224 2.12788 2.13352 2.13062 2.12344 2.11627 2.1091 2.10192 2.09475 2.08758 2.0804 2.07323 2.06606 2.05888 2.05171 2.04454 2.03737 2.0302 2.03737 2.04454 2.05171 2.05888 2.06606 2.07323 2.0804 2.08758 2.09475 2.10192 2.1091 2.11627 2.12344 2.13062 2.13352 2.12788 2.12224 2.11659 2.11095 2.10531 2.09967 2.09402 2.08838 2.08274 2.07709 2.07145 2.06581 2.06016 2.05452 2.03993 2.02087 2.00181 1.98275 1.9637 1.94464 1.92558 1.90653 1.88747 1.86842 1.84936 1.83031 1.81126 1.79221 1.77316</float_array><technique_common><accessor source="#hpl_mixamorigwHead-roty-array" count="89" stride="1" /></technique_common></source>
      <source id="hpl_mixamorigwHead-rotx"><float_array id="hpl_mixamorigwHead-rotx-array" count="89">11.2786 11.2692 11.2597 11.2503 11.2408 11.2313 11.2218 11.2123 11.2028 11.1933 11.1838 11.1743 11.1647 11.1552 11.1456 11.138 11.1343 11.1306 11.1269 11.1232 11.1195 11.1158 11.1121 11.1084 11.1047 11.101 11.0973 11.0935 11.0898 11.0861 11.0863 11.0884 11.0906 11.0928 11.0949 11.0971 11.0992 11.1014 11.1036 11.1057 11.1079 11.11 11.1122 11.1143 11.1165 11.1143 11.1122 11.11 11.1079 11.1057 11.1036 11.1014 11.0992 11.0971 11.0949 11.0928 11.0906 11.0884 11.0863 11.0861 11.0898 11.0935 11.0973 11.101 11.1047 11.1084 11.1121 11.1158 11.1195 11.1232 11.1269 11.1306 11.1343 11.138 11.1456 11.1552 11.1647 11.1743 11.1838 11.1933 11.2028 11.2123 11.2218 11.2313 11.2408 11.2503 11.2597 11.2692 11.2786</float_array><technique_common><accessor source="#hpl_mixamorigwHead-rotx-array" count="89" stride="1" /></technique_common></source>
      <sampler id="hpl_mixamorigwHead-trans-sampler"><input semantic="INPUT" source="#hpl_mixamorigwHead-time" /><input semantic="OUTPUT" source="#hpl_mixamorigwHead-trans" /></sampler><channel source="#hpl_mixamorigwHead-trans-sampler" target="mixamorigwHead/translate" />
      <sampler id="hpl_mixamorigwHead-rotz-sampler"><input semantic="INPUT" source="#hpl_mixamorigwHead-time" /><input semantic="OUTPUT" source="#hpl_mixamorigwHead-rotz" /></sampler><channel source="#hpl_mixamorigwHead-rotz-sampler" target="mixamorigwHead/rotateZ.ANGLE" />
      <sampler id="hpl_mixamorigwHead-roty-sampler"><input semantic="INPUT" source="#hpl_mixamorigwHead-time" /><input semantic="OUTPUT" source="#hpl_mixamorigwHead-roty" /></sampler><channel source="#hpl_mixamorigwHead-roty-sampler" target="mixamorigwHead/rotateY.ANGLE" />
      <sampler id="hpl_mixamorigwHead-rotx-sampler"><input semantic="INPUT" source="#hpl_mixamorigwHead-time" /><input semantic="OUTPUT" source="#hpl_mixamorigwHead-rotx" /></sampler><channel source="#hpl_mixamorigwHead-rotx-sampler" target="mixamorigwHead/rotateX.ANGLE" />
    </animation>
    <animation id="hpl_mixamorigwHeadTop_End">
      <source id="hpl_mixamorigwHeadTop_End-time"><float_array id="hpl_mixamorigwHeadTop_End-time-array" count="89">0 1 2 3 4 5 6 7 8 9 10 11 12 13 14 15 16 17 18 19 20 21 22 23 24 25 26 27 28 29 30 31 32 33 34 35 36 37 38 39 40 41 42 43 44 45 46 47 48 49 50 51 52 53 54 55 56 57 58 59 60 61 62 63 64 65 66 67 68 69 70 71 72 73 74 75 76 77 78 79 80 81 82 83 84 85 86 87 88</float_array><technique_common><accessor source="#hpl_mixamorigwHeadTop_End-time-array" count="89" stride="1" /></technique_common></source>
      <source id="hpl_mixamorigwHeadTop_End-trans"><float_array id="hpl_mixamorigwHeadTop_End-trans-array" count="267">-0.00116746 0.246874 -0.121133 -0.00116746 0.246874 -0.121133 -0.00116746 0.246874 -0.121133 -0.00116746 0.246874 -0.121133 -0.00116746 0.246874 -0.121133 -0.00116746 0.246874 -0.121133 -0.00116746 0.246874 -0.121133 -0.00116746 0.246874 -0.121133 -0.00116746 0.246874 -0.121133 -0.00116746 0.246874 -0.121133 -0.00116746 0.246874 -0.121133 -0.00116746 0.246874 -0.121133 -0.00116746 0.246874 -0.121133 -0.00116746 0.246874 -0.121133 -0.00116746 0.246874 -0.121133 -0.00116746 0.246874 -0.121133 -0.00116746 0.246874 -0.121133 -0.00116746 0.246874 -0.121133 -0.00116746 0.246874 -0.121133 -0.00116746 0.246874 -0.121133 -0.00116746 0.246874 -0.121133 -0.00116746 0.246874 -0.121133 -0.00116746 0.246874 -0.121133 -0.00116746 0.246874 -0.121133 -0.00116746 0.246874 -0.121133 -0.00116746 0.246874 -0.121133 -0.00116746 0.246874 -0.121133 -0.00116746 0.246874 -0.121133 -0.00116746 0.246874 -0.121133 -0.00116746 0.246874 -0.121133 -0.00116746 0.246874 -0.121133 -0.00116746 0.246874 -0.121133 -0.00116746 0.246874 -0.121133 -0.00116746 0.246874 -0.121133 -0.00116746 0.246874 -0.121133 -0.00116746 0.246874 -0.121133 -0.00116746 0.246874 -0.121133 -0.00116746 0.246874 -0.121133 -0.00116746 0.246874 -0.121133 -0.00116746 0.246874 -0.121133 -0.00116746 0.246874 -0.121133 -0.00116746 0.246874 -0.121133 -0.00116746 0.246874 -0.121133 -0.00116746 0.246874 -0.121133 -0.00116746 0.246874 -0.121133 -0.00116746 0.246874 -0.121133 -0.00116746 0.246874 -0.121133 -0.00116746 0.246874 -0.121133 -0.00116746 0.246874 -0.121133 -0.00116746 0.246874 -0.121133 -0.00116746 0.246874 -0.121133 -0.00116746 0.246874 -0.121133 -0.00116746 0.246874 -0.121133 -0.00116746 0.246874 -0.121133 -0.00116746 0.246874 -0.121133 -0.00116746 0.246874 -0.121133 -0.00116746 0.246874 -0.121133 -0.00116746 0.246874 -0.121133 -0.00116746 0.246874 -0.121133 -0.00116746 0.246874 -0.121133 -0.00116746 0.246874 -0.121133 -0.00116746 0.246874 -0.121133 -0.00116746 0.246874 -0.121133 -0.00116746 0.246874 -0.121133 -0.00116746 0.246874 -0.121133 -0.00116746 0.246874 -0.121133 -0.00116746 0.246874 -0.121133 -0.00116746 0.246874 -0.121133 -0.00116746 0.246874 -0.121133 -0.00116746 0.246874 -0.121133 -0.00116746 0.246874 -0.121133 -0.00116746 0.246874 -0.121133 -0.00116746 0.246874 -0.121133 -0.00116746 0.246874 -0.121133 -0.00116746 0.246874 -0.121133 -0.00116746 0.246874 -0.121133 -0.00116746 0.246874 -0.121133 -0.00116746 0.246874 -0.121133 -0.00116746 0.246874 -0.121133 -0.00116746 0.246874 -0.121133 -0.00116746 0.246874 -0.121133 -0.00116746 0.246874 -0.121133 -0.00116746 0.246874 -0.121133 -0.00116746 0.246874 -0.121133 -0.00116746 0.246874 -0.121133 -0.00116746 0.246874 -0.121133 -0.00116746 0.246874 -0.121133 -0.00116746 0.246874 -0.121133 -0.00116746 0.246874 -0.121133</float_array><technique_common><accessor source="#hpl_mixamorigwHeadTop_End-trans-array" count="89" stride="3" /></technique_common></source>
      <source id="hpl_mixamorigwHeadTop_End-rotz"><float_array id="hpl_mixamorigwHeadTop_End-rotz-array" count="89">0.24324 0.24324 0.24324 0.24324 0.24324 0.24324 0.24324 0.24324 0.24324 0.24324 0.24324 0.24324 0.24324 0.24324 0.24324 0.24324 0.24324 0.24324 0.24324 0.24324 0.24324 0.24324 0.24324 0.24324 0.24324 0.24324 0.24324 0.24324 0.24324 0.24324 0.24324 0.24324 0.24324 0.24324 0.24324 0.24324 0.24324 0.24324 0.24324 0.24324 0.24324 0.24324 0.24324 0.24324 0.24324 0.24324 0.24324 0.24324 0.24324 0.24324 0.24324 0.24324 0.24324 0.24324 0.24324 0.24324 0.24324 0.24324 0.24324 0.24324 0.24324 0.24324 0.24324 0.24324 0.24324 0.24324 0.24324 0.24324 0.24324 0.24324 0.24324 0.24324 0.24324 0.24324 0.24324 0.24324 0.24324 0.24324 0.24324 0.24324 0.24324 0.24324 0.24324 0.24324 0.24324 0.24324 0.24324 0.24324 0.24324</float_array><technique_common><accessor source="#hpl_mixamorigwHeadTop_End-rotz-array" count="89" stride="1" /></technique_common></source>
      <source id="hpl_mixamorigwHeadTop_End-roty"><float_array id="hpl_mixamorigwHeadTop_End-roty-array" count="89">0.0564607 0.0564607 0.0564607 0.0564607 0.0564607 0.0564607 0.0564607 0.0564607 0.0564607 0.0564607 0.0564607 0.0564607 0.0564607 0.0564607 0.0564607 0.0564607 0.0564607 0.0564607 0.0564607 0.0564607 0.0564607 0.0564607 0.0564607 0.0564607 0.0564607 0.0564607 0.0564607 0.0564607 0.0564607 0.0564607 0.0564607 0.0564607 0.0564607 0.0564607 0.0564607 0.0564607 0.0564607 0.0564607 0.0564607 0.0564607 0.0564607 0.0564607 0.0564607 0.0564607 0.0564607 0.0564607 0.0564607 0.0564607 0.0564607 0.0564607 0.0564607 0.0564607 0.0564607 0.0564607 0.0564607 0.0564607 0.0564607 0.0564607 0.0564607 0.0564607 0.0564607 0.0564607 0.0564607 0.0564607 0.0564607 0.0564607 0.0564607 0.0564607 0.0564607 0.0564607 0.0564607 0.0564607 0.0564607 0.0564607 0.0564607 0.0564607 0.0564607 0.0564607 0.0564607 0.0564607 0.0564607 0.0564607 0.0564607 0.0564607 0.0564607 0.0564607 0.0564607 0.0564607 0.0564607</float_array><technique_common><accessor source="#hpl_mixamorigwHeadTop_End-roty-array" count="89" stride="1" /></technique_common></source>
      <source id="hpl_mixamorigwHeadTop_End-rotx"><float_array id="hpl_mixamorigwHeadTop_End-rotx-array" count="89">-26.1357 -26.1357 -26.1357 -26.1357 -26.1357 -26.1357 -26.1357 -26.1357 -26.1357 -26.1357 -26.1357 -26.1357 -26.1357 -26.1357 -26.1357 -26.1357 -26.1357 -26.1357 -26.1357 -26.1357 -26.1357 -26.1357 -26.1357 -26.1357 -26.1357 -26.1357 -26.1357 -26.1357 -26.1357 -26.1357 -26.1357 -26.1357 -26.1357 -26.1357 -26.1357 -26.1357 -26.1357 -26.1357 -26.1357 -26.1357 -26.1357 -26.1357 -26.1357 -26.1357 -26.1357 -26.1357 -26.1357 -26.1357 -26.1357 -26.1357 -26.1357 -26.1357 -26.1357 -26.1357 -26.1357 -26.1357 -26.1357 -26.1357 -26.1357 -26.1357 -26.1357 -26.1357 -26.1357 -26.1357 -26.1357 -26.1357 -26.1357 -26.1357 -26.1357 -26.1357 -26.1357 -26.1357 -26.1357 -26.1357 -26.1357 -26.1357 -26.1357 -26.1357 -26.1357 -26.1357 -26.1357 -26.1357 -26.1357 -26.1357 -26.1357 -26.1357 -26.1357 -26.1357 -26.1357</float_array><technique_common><accessor source="#hpl_mixamorigwHeadTop_End-rotx-array" count="89" stride="1" /></technique_common></source>
      <sampler id="hpl_mixamorigwHeadTop_End-trans-sampler"><input semantic="INPUT" source="#hpl_mixamorigwHeadTop_End-time" /><input semantic="OUTPUT" source="#hpl_mixamorigwHeadTop_End-trans" /></sampler><channel source="#hpl_mixamorigwHeadTop_End-trans-sampler" target="mixamorigwHeadTop_End/translate" />
      <sampler id="hpl_mixamorigwHeadTop_End-rotz-sampler"><input semantic="INPUT" source="#hpl_mixamorigwHeadTop_End-time" /><input semantic="OUTPUT" source="#hpl_mixamorigwHeadTop_End-rotz" /></sampler><channel source="#hpl_mixamorigwHeadTop_End-rotz-sampler" target="mixamorigwHeadTop_End/rotateZ.ANGLE" />
      <sampler id="hpl_mixamorigwHeadTop_End-roty-sampler"><input semantic="INPUT" source="#hpl_mixamorigwHeadTop_End-time" /><input semantic="OUTPUT" source="#hpl_mixamorigwHeadTop_End-roty" /></sampler><channel source="#hpl_mixamorigwHeadTop_End-roty-sampler" target="mixamorigwHeadTop_End/rotateY.ANGLE" />
      <sampler id="hpl_mixamorigwHeadTop_End-rotx-sampler"><input semantic="INPUT" source="#hpl_mixamorigwHeadTop_End-time" /><input semantic="OUTPUT" source="#hpl_mixamorigwHeadTop_End-rotx" /></sampler><channel source="#hpl_mixamorigwHeadTop_End-rotx-sampler" target="mixamorigwHeadTop_End/rotateX.ANGLE" />
    </animation>
    <animation id="hpl_mixamorigwHeadFront">
      <source id="hpl_mixamorigwHeadFront-time"><float_array id="hpl_mixamorigwHeadFront-time-array" count="89">0 1 2 3 4 5 6 7 8 9 10 11 12 13 14 15 16 17 18 19 20 21 22 23 24 25 26 27 28 29 30 31 32 33 34 35 36 37 38 39 40 41 42 43 44 45 46 47 48 49 50 51 52 53 54 55 56 57 58 59 60 61 62 63 64 65 66 67 68 69 70 71 72 73 74 75 76 77 78 79 80 81 82 83 84 85 86 87 88</float_array><technique_common><accessor source="#hpl_mixamorigwHeadFront-time-array" count="89" stride="1" /></technique_common></source>
      <source id="hpl_mixamorigwHeadFront-trans"><float_array id="hpl_mixamorigwHeadFront-trans-array" count="267">0.00116741 0.14481 0.121135 0.00116741 0.14481 0.121135 0.00116741 0.14481 0.121135 0.00116741 0.14481 0.121135 0.00116741 0.14481 0.121135 0.00116741 0.14481 0.121135 0.00116741 0.14481 0.121135 0.00116741 0.14481 0.121135 0.00116741 0.14481 0.121135 0.00116741 0.14481 0.121135 0.00116741 0.14481 0.121135 0.00116741 0.14481 0.121135 0.00116741 0.14481 0.121135 0.00116741 0.14481 0.121135 0.00116741 0.14481 0.121135 0.00116741 0.14481 0.121135 0.00116741 0.14481 0.121135 0.00116741 0.14481 0.121135 0.00116741 0.14481 0.121135 0.00116741 0.14481 0.121135 0.00116741 0.14481 0.121135 0.00116741 0.14481 0.121135 0.00116741 0.14481 0.121135 0.00116741 0.14481 0.121135 0.00116741 0.14481 0.121135 0.00116741 0.14481 0.121135 0.00116741 0.14481 0.121135 0.00116741 0.14481 0.121135 0.00116741 0.14481 0.121135 0.00116741 0.14481 0.121135 0.00116741 0.14481 0.121135 0.00116741 0.14481 0.121135 0.00116741 0.14481 0.121135 0.00116741 0.14481 0.121135 0.00116741 0.14481 0.121135 0.00116741 0.14481 0.121135 0.00116741 0.14481 0.121135 0.00116741 0.14481 0.121135 0.00116741 0.14481 0.121135 0.00116741 0.14481 0.121135 0.00116741 0.14481 0.121135 0.00116741 0.14481 0.121135 0.00116741 0.14481 0.121135 0.00116741 0.14481 0.121135 0.00116741 0.14481 0.121135 0.00116741 0.14481 0.121135 0.00116741 0.14481 0.121135 0.00116741 0.14481 0.121135 0.00116741 0.14481 0.121135 0.00116741 0.14481 0.121135 0.00116741 0.14481 0.121135 0.00116741 0.14481 0.121135 0.00116741 0.14481 0.121135 0.00116741 0.14481 0.121135 0.00116741 0.14481 0.121135 0.00116741 0.14481 0.121135 0.00116741 0.14481 0.121135 0.00116741 0.14481 0.121135 0.00116741 0.14481 0.121135 0.00116741 0.14481 0.121135 0.00116741 0.14481 0.121135 0.00116741 0.14481 0.121135 0.00116741 0.14481 0.121135 0.00116741 0.14481 0.121135 0.00116741 0.14481 0.121135 0.00116741 0.14481 0.121135 0.00116741 0.14481 0.121135 0.00116741 0.14481 0.121135 0.00116741 0.14481 0.121135 0.00116741 0.14481 0.121135 0.00116741 0.14481 0.121135 0.00116741 0.14481 0.121135 0.00116741 0.14481 0.121135 0.00116741 0.14481 0.121135 0.00116741 0.14481 0.121135 0.00116741 0.14481 0.121135 0.00116741 0.14481 0.121135 0.00116741 0.14481 0.121135 0.00116741 0.14481 0.121135 0.00116741 0.14481 0.121135 0.00116741 0.14481 0.121135 0.00116741 0.14481 0.121135 0.00116741 0.14481 0.121135 0.00116741 0.14481 0.121135 0.00116741 0.14481 0.121135 0.00116741 0.14481 0.121135 0.00116741 0.14481 0.121135 0.00116741 0.14481 0.121135 0.00116741 0.14481 0.121135</float_array><technique_common><accessor source="#hpl_mixamorigwHeadFront-trans-array" count="89" stride="3" /></technique_common></source>
      <source id="hpl_mixamorigwHeadFront-rotz"><float_array id="hpl_mixamorigwHeadFront-rotz-array" count="89">-0.354292 -0.354292 -0.354292 -0.354292 -0.354292 -0.354292 -0.354292 -0.354292 -0.354292 -0.354292 -0.354292 -0.354292 -0.354292 -0.354292 -0.354292 -0.354292 -0.354292 -0.354292 -0.354292 -0.354292 -0.354292 -0.354292 -0.354292 -0.354292 -0.354292 -0.354292 -0.354292 -0.354292 -0.354292 -0.354292 -0.354292 -0.354292 -0.354292 -0.354292 -0.354292 -0.354292 -0.354292 -0.354292 -0.354292 -0.354292 -0.354292 -0.354292 -0.354292 -0.354292 -0.354292 -0.354292 -0.354292 -0.354292 -0.354292 -0.354292 -0.354292 -0.354292 -0.354292 -0.354292 -0.354292 -0.354292 -0.354292 -0.354292 -0.354292 -0.354292 -0.354292 -0.354292 -0.354292 -0.354292 -0.354292 -0.354292 -0.354292 -0.354292 -0.354292 -0.354292 -0.354292 -0.354292 -0.354292 -0.354292 -0.354292 -0.354292 -0.354292 -0.354292 -0.354292 -0.354292 -0.354292 -0.354292 -0.354292 -0.354292 -0.354292 -0.354292 -0.354292 -0.354292 -0.354292</float_array><technique_common><accessor source="#hpl_mixamorigwHeadFront-rotz-array" count="89" stride="1" /></technique_common></source>
      <source id="hpl_mixamorigwHeadFront-roty"><float_array id="hpl_mixamorigwHeadFront-roty-array" count="89">0.128633 0.128633 0.128633 0.128633 0.128633 0.128633 0.128633 0.128633 0.128633 0.128633 0.128633 0.128633 0.128633 0.128633 0.128633 0.128633 0.128633 0.128633 0.128633 0.128633 0.128633 0.128633 0.128633 0.128633 0.128633 0.128633 0.128633 0.128633 0.128633 0.128633 0.128633 0.128633 0.128633 0.128633 0.128633 0.128633 0.128633 0.128633 0.128633 0.128633 0.128633 0.128633 0.128633 0.128633 0.128633 0.128633 0.128633 0.128633 0.128633 0.128633 0.128633 0.128633 0.128633 0.128633 0.128633 0.128633 0.128633 0.128633 0.128633 0.128633 0.128633 0.128633 0.128633 0.128633 0.128633 0.128633 0.128633 0.128633 0.128633 0.128633 0.128633 0.128633 0.128633 0.128633 0.128633 0.128633 0.128633 0.128633 0.128633 0.128633 0.128633 0.128633 0.128633 0.128633 0.128633 0.128633 0.128633 0.128633 0.128633</float_array><technique_common><accessor source="#hpl_mixamorigwHeadFront-roty-array" count="89" stride="1" /></technique_common></source>
      <source id="hpl_mixamorigwHeadFront-rotx"><float_array id="hpl_mixamorigwHeadFront-rotx-array" count="89">39.911 39.911 39.911 39.911 39.911 39.911 39.911 39.911 39.911 39.911 39.911 39.911 39.911 39.911 39.911 39.911 39.911 39.911 39.911 39.911 39.911 39.911 39.911 39.911 39.911 39.911 39.911 39.911 39.911 39.911 39.911 39.911 39.911 39.911 39.911 39.911 39.911 39.911 39.911 39.911 39.911 39.911 39.911 39.911 39.911 39.911 39.911 39.911 39.911 39.911 39.911 39.911 39.911 39.911 39.911 39.911 39.911 39.911 39.911 39.911 39.911 39.911 39.911 39.911 39.911 39.911 39.911 39.911 39.911 39.911 39.911 39.911 39.911 39.911 39.911 39.911 39.911 39.911 39.911 39.911 39.911 39.911 39.911 39.911 39.911 39.911 39.911 39.911 39.911</float_array><technique_common><accessor source="#hpl_mixamorigwHeadFront-rotx-array" count="89" stride="1" /></technique_common></source>
      <sampler id="hpl_mixamorigwHeadFront-trans-sampler"><input semantic="INPUT" source="#hpl_mixamorigwHeadFront-time" /><input semantic="OUTPUT" source="#hpl_mixamorigwHeadFront-trans" /></sampler><channel source="#hpl_mixamorigwHeadFront-trans-sampler" target="mixamorigwHeadFront/translate" />
      <sampler id="hpl_mixamorigwHeadFront-rotz-sampler"><input semantic="INPUT" source="#hpl_mixamorigwHeadFront-time" /><input semantic="OUTPUT" source="#hpl_mixamorigwHeadFront-rotz" /></sampler><channel source="#hpl_mixamorigwHeadFront-rotz-sampler" target="mixamorigwHeadFront/rotateZ.ANGLE" />
      <sampler id="hpl_mixamorigwHeadFront-roty-sampler"><input semantic="INPUT" source="#hpl_mixamorigwHeadFront-time" /><input semantic="OUTPUT" source="#hpl_mixamorigwHeadFront-roty" /></sampler><channel source="#hpl_mixamorigwHeadFront-roty-sampler" target="mixamorigwHeadFront/rotateY.ANGLE" />
      <sampler id="hpl_mixamorigwHeadFront-rotx-sampler"><input semantic="INPUT" source="#hpl_mixamorigwHeadFront-time" /><input semantic="OUTPUT" source="#hpl_mixamorigwHeadFront-rotx" /></sampler><channel source="#hpl_mixamorigwHeadFront-rotx-sampler" target="mixamorigwHeadFront/rotateX.ANGLE" />
    </animation>
  </library_animations>
  <scene><instance_visual_scene url="#RootNode" /></scene>
</COLLADA>