<?xml version='1.0' encoding='utf-8'?>
<COLLADA xmlns="http://www.collada.org/2005/11/COLLADASchema" version="1.4.1">
  <asset>
    <contributor><author>hpl_dae_export</author><authoring_tool>Blender 4.2.0</authoring_tool></contributor>
    <unit name="meter" meter="1" />
    <up_axis>Y_UP</up_axis>
  </asset>
  <library_images>
    <image id="malik-diffuse-image"><init_from>malik.tga</init_from></image>
    <image id="malik-emission-image"><init_from>malik.tga</init_from></image>
    <image id="malik-normal-image"><init_from>malik.tga</init_from></image>
  </library_images>
  <library_effects>
    <effect id="malik-fx" name="malik"><profile_COMMON>
      <newparam sid="malik-diffuse-surface"><surface type="2D"><init_from>malik-diffuse-image</init_from></surface></newparam>
      <newparam sid="malik-diffuse-sampler"><sampler2D><source>malik-diffuse-surface</source></sampler2D></newparam>
      <newparam sid="malik-emission-surface"><surface type="2D"><init_from>malik-emission-image</init_from></surface></newparam>
      <newparam sid="malik-emission-sampler"><sampler2D><source>malik-emission-surface</source></sampler2D></newparam>
      <technique sid="common"><lambert>
        <diffuse><texture texture="malik-diffuse-sampler" texcoord="CHANNEL0" /></diffuse>
      </lambert></technique>
    </profile_COMMON></effect>
  </library_effects>
  <library_materials>
    <material id="malik" name="malik"><instance_effect url="#malik-fx" /></material>
  </library_materials>
  <library_geometries>
    <geometry id="Mesh_0_1" name="Mesh_0"><mesh>
      <source id="Mesh_0_1-vpos"><float_array id="Mesh_0_1-vpos-array" count="9">0.00385354 0.969239 -0.00528156 0.0538535 0.969239 -0.00528156 0.00385354 1.01924 -0.00528156</float_array><technique_common><accessor source="#Mesh_0_1-vpos-array" count="3" stride="3"><param name="X" type="float" /><param name="Y" type="float" /><param name="Z" type="float" /></accessor></technique_common></source>
      <source id="Mesh_0_1-vnrm"><float_array id="Mesh_0_1-vnrm-array" count="9">0 0 1 0 0 1 0 0 1</float_array><technique_common><accessor source="#Mesh_0_1-vnrm-array" count="3" stride="3"><param name="X" type="float" /><param name="Y" type="float" /><param name="Z" type="float" /></accessor></technique_common></source>
      <source id="Mesh_0_1-vuv"><float_array id="Mesh_0_1-vuv-array" count="6">0 0 1 0 0 1</float_array><technique_common><accessor source="#Mesh_0_1-vuv-array" count="3" stride="2"><param name="S" type="float" /><param name="T" type="float" /></accessor></technique_common></source>
      <vertices id="Mesh_0_1-vertices"><input semantic="POSITION" source="#Mesh_0_1-vpos" /></vertices>
      <triangles count="1" material="malik"><input semantic="VERTEX" source="#Mesh_0_1-vertices" offset="0" /><input semantic="NORMAL" source="#Mesh_0_1-vnrm" offset="1" /><input semantic="TEXCOORD" source="#Mesh_0_1-vuv" offset="2" /><p>0 0 0 1 1 1 2 2 2</p></triangles>
    </mesh></geometry>
  </library_geometries>
  <library_controllers>
    <controller id="Mesh_0_1-skin" name="skinCluster0"><skin source="#Mesh_0_1">
      <bind_shape_matrix>1 0 0 0 0 1 0 0 0 0 1 0 0 0 0 1</bind_shape_matrix>
      <source id="Mesh_0_1-skin-joints"><Name_array id="Mesh_0_1-skin-joints-array" count="24">mixamorigwHips mixamorigwLeftUpLeg mixamorigwLeftLeg mixamorigwLeftFoot mixamorigwLeftToeBase mixamorigwRightUpLeg mixamorigwRightLeg mixamorigwRightFoot mixamorigwRightToeBase mixamorigwSpine mixamorigwSpine1 mixamorigwSpine2 mixamorigwLeftShoulder mixamorigwLeftArm mixamorigwLeftForeArm mixamorigwLeftHand mixamorigwRightShoulder mixamorigwRightArm mixamorigwRightForeArm mixamorigwRightHand mixamorigwNeck mixamorigwHead mixamorigwHeadTop_End mixamorigwHeadFront</Name_array><technique_common><accessor source="#Mesh_0_1-skin-joints-array" count="24" stride="1"><param name="JOINT" type="Name" /></accessor></technique_common></source>
      <source id="Mesh_0_1-skin-bind_poses"><float_array id="Mesh_0_1-skin-bind_poses-array" count="384">0.996784 -0.0397022 0.0696036 0.0350074 0.0696036 0.859369 -0.506596 -0.835878 -0.0397022 0.509812 0.859369 -0.489438 0 0 0 1 0.990163 0.0898831 -0.107236 -0.177556 0.107235 -0.979778 0.168929 0.849064 -0.0898853 -0.178767 -0.979779 0.176252 0 0 0 1 0.99676 0.0609493 -0.0524881 -0.167391 0.0524866 -0.987332 -0.149743 0.516728 -0.0609511 0.146502 -0.987332 0.00365765 0 0 0 1 0.99709 0.0259332 -0.0716882 -0.161714 0.0716883 -0.638859 0.765977 0.0743748 -0.0259358 -0.768887 -0.63886 0.133584 0 0 0 1 0.995649 1.00076e-06 -0.0931828 -0.157119 0.0931841 1.56036e-06 0.99565 -0.165753 4.42294e-07 -1 4.84035e-08 0.0429809 0 0 0 1 0.98967 -0.0919509 0.109989 0.174433 -0.109988 -0.979087 0.171149 0.848658 0.091951 -0.181478 -0.979086 0.178597 0 0 0 1 0.997973 -0.0482003 0.0415529 0.157834 -0.0415528 -0.988086 -0.148184 0.518857 0.0482003 0.146157 -0.988086 0.00298154 0 0 0 1 0.995491 -0.0318197 0.089356 0.154137 -0.0893559 -0.630627 0.770924 0.0675878 0.0318197 -0.775433 -0.630627 0.132827 0 0 0 1 0.99335 1.13874e-07 0.115137 0.148562 -0.115136 2.86819e-07 0.993349 -0.169155 5.18753e-08 -1 4.26038e-07 0.0416988 0 0 0 1 0.999977 0.00494427 0.00473304 -0.0086206 -0.00473308 0.999036 -0.0436358 -1.10561 -0.00494422 0.0436124 0.999036 -0.0369755 0 0 0 1 0.999977 0.00494423 0.00473305 -0.00862057 -0.00473304 0.999036 -0.0436361 -1.24271 -0.00494423 0.0436126 0.999036 -0.0369756 0 0 0 1 0.999862 0.0121438 0.011324 -0.0184036 -0.011324 0.997494 -0.0698444 -1.37828 -0.0121438 0.0697066 0.997494 -0.0730108 0 0 0 1 -0.0389618 8.1901e-08 -0.999241 -0.0277262 0.999241 3.01868e-09 -0.0389618 -0.042283 -4.82174e-09 -1 -8.18307e-08 1.44897 0 0 0 1 0.00856153 0.227512 -0.973738 -0.365901 0.973737 -0.223451 -0.0436475 0.129207 -0.227513 -0.947791 -0.22345 1.41049 0 0 0 1 0.070724 0.0145406 -0.99739 -0.0970561 0.99739 -0.0156091 0.0704964 -0.40923 -0.0145432 -0.999773 -0.0156065 1.39984 0 0 0 1 0.166103 -0.0697437 -0.983639 -0.0447102 0.983639 0.0822677 0.16027 -0.782822 0.0697439 -0.994167 0.0822676 1.33717 0 0 0 1 -0.0366279 7.32406e-09 0.999329 0.0277677 -0.999329 -3.58851e-09 -0.0366278 -0.0399505 -8.045e-11 -1 1.49082e-08 1.44508 0 0 0 1 0.00773206 -0.226228 0.974044 0.362764 -0.974043 -0.222079 -0.0438471 0.122465 0.226234 -0.948421 -0.222073 1.40846 0 0 0 1 0.0584042 1.97736e-07 0.998293 0.0698461 -0.998293 -6.30649e-08 0.0584043 -0.420424 -1.66971e-08 -1 2.24877e-07 1.39455 0 0 0 1 0.0965407 -0.0606554 0.993479 0.180085 -0.99348 -0.066698 0.0924687 -0.576239 0.0606543 -0.995928 -0.0666989 1.42787 0 0 0 1 0.999873 0.0115354 0.0110432 -0.0175704 -0.0110432 0.998987 -0.043634 -1.48385 -0.0115354 0.0435065 0.998987 -0.0368176 0 0 0 1 0.999978 0.00224515 0.00618342 -0.00326299 -0.00618341 0.641596 0.767018 -0.974757 -0.00224518 -0.767039 0.641596 1.21353 0 0 0 1 0.999945 0.00572479 0.00880737 -0.00859697 -0.00880736 0.913859 0.405937 -1.68462 -0.00572478 -0.405992 0.913859 0.660074 0 0 0 1 1 -1.50874e-07 1.00117e-08 4.00392e-05 -6.16999e-09 1.19209e-07 1 -0.157879 -1.52155e-07 -1 5.96047e-08 1.55623 0 0 0 1</float_array><technique_common><accessor count="24" offset="0" source="#Mesh_0_1-skin-bind_poses-array" stride="16"><param name="TRANSFORM" type="float4x4" /></accessor></technique_common></source>
      <source id="Mesh_0_1-skin-weights"><float_array id="Mesh_0_1-skin-weights-array" count="1">1</float_array><technique_common><accessor count="1" offset="0" source="#Mesh_0_1-skin-weights-array" stride="1"><param name="WEIGHT" type="float" /></accessor></technique_common></source>
      <joints><input semantic="JOINT" source="#Mesh_0_1-skin-joints" /><input semantic="INV_BIND_MATRIX" source="#Mesh_0_1-skin-bind_poses" /></joints>
      <vertex_weights count="3"><input semantic="JOINT" source="#Mesh_0_1-skin-joints" offset="0" /><input semantic="WEIGHT" source="#Mesh_0_1-skin-weights" offset="1" /><vcount>1 1 1</vcount><v>0 0 0 0 0 0</v></vertex_weights>
    </skin></controller>
  </library_controllers>
  <library_visual_scenes>
    <visual_scene id="RootNode" name="RootNode">
      <node id="mixamorigwHips" sid="mixamorigwHips" name="mixamorigwHips" type="JOINT">
        <translate sid="translate">0.00385352 0.969239 -0.00528153</translate><rotate sid="rotateZ">0 0 1 -2.2809</rotate><rotate sid="rotateY">0 1 0 -3.99122</rotate><rotate sid="rotateX">1 0 0 -30.5192</rotate>
        <node id="mixamorigwLeftUpLeg" sid="mixamorigwLeftUpLeg" name="mixamorigwLeftUpLeg" type="JOINT">
          <translate sid="translate">0.101084 -0.0783552 -0.0363447</translate><rotate sid="rotateZ">0 0 1 11.6087</rotate><rotate sid="rotateY">0 1 0 4.91312</rotate><rotate sid="rotateX">1 0 0 -158.905</rotate>
          <node id="mixamorigwLeftLeg" sid="mixamorigwLeftLeg" name="mixamorigwLeftLeg" type="JOINT">
            <translate sid="translate">-8.84533e-09 0.366933 -5.05447e-09</translate><rotate sid="rotateZ">0 0 1 2.19789</rotate><rotate sid="rotateY">0 1 0 2.81215</rotate><rotate sid="rotateX">1 0 0 18.5953</rotate>
            <node id="mixamorigwLeftFoot" sid="mixamorigwLeftFoot" name="mixamorigwLeftFoot" type="JOINT">
              <translate sid="translate">6.05747e-08 0.370118 1.13094e-07</translate><rotate sid="rotateZ">0 0 1 2.14728</rotate><rotate sid="rotateY">0 1 0 -0.79109</rotate><rotate sid="rotateX">1 0 0 -58.6844</rotate>
              <node id="mixamorigwLeftToeBase" sid="mixamorigwLeftToeBase" name="mixamorigwLeftToeBase" type="JOINT">
                <translate sid="translate">2.26662e-08 0.174433 5.24402e-08</translate><rotate sid="rotateZ">0 0 1 -3.51841e-05</rotate><rotate sid="rotateY">0 1 0 -1.93171</rotate><rotate sid="rotateX">1 0 0 -39.7069</rotate>
              </node>
            </node>
          </node>
        </node>
        <node id="mixamorigwRightUpLeg" sid="mixamorigwRightUpLeg" name="mixamorigwRightUpLeg" type="JOINT">
          <translate sid="translate">-0.0945827 -0.092128 -0.0283661</translate><rotate sid="rotateZ">0 0 1 -3.77608</rotate><rotate sid="rotateY">0 1 0 -0.478485</rotate><rotate sid="rotateX">1 0 0 -159.652</rotate>
          <node id="mixamorigwRightLeg" sid="mixamorigwRightLeg" name="mixamorigwRightLeg" type="JOINT">
            <translate sid="translate">-8.21352e-09 0.367192 1.26362e-07</translate><rotate sid="rotateZ">0 0 1 -3.18505</rotate><rotate sid="rotateY">0 1 0 -3.42995</rotate><rotate sid="rotateX">1 0 0 18.7329</rotate>
            <node id="mixamorigwRightFoot" sid="mixamorigwRightFoot" name="mixamorigwRightFoot" type="JOINT">
              <translate sid="translate">-1.02669e-09 0.373775 -1.26362e-09</translate><rotate sid="rotateZ">0 0 1 -1.32878</rotate><rotate sid="rotateY">0 1 0 2.57683</rotate><rotate sid="rotateX">1 0 0 -59.2142</rotate>
              <node id="mixamorigwRightToeBase" sid="mixamorigwRightToeBase" name="mixamorigwRightToeBase" type="JOINT">
                <translate sid="translate">4.10676e-08 0.17257 -7.58171e-08</translate><rotate sid="rotateZ">0 0 1 -1.13278e-05</rotate><rotate sid="rotateY">0 1 0 2.3498</rotate><rotate sid="rotateX">1 0 0 -39.0965</rotate>
              </node>
            </node>
          </node>
        </node>
        <node id="mixamorigwSpine" sid="mixamorigwSpine" name="mixamorigwSpine" type="JOINT">
          <translate sid="translate">-0.00650102 0.120689 0.0647114</translate><rotate sid="rotateZ">0 0 1 4.09971</rotate><rotate sid="rotateY">0 1 0 1.89759</rotate><rotate sid="rotateX">1 0 0 28.1816</rotate>
          <node id="mixamorigwSpine1" sid="mixamorigwSpine1" name="mixamorigwSpine1" type="JOINT">
            <translate sid="translate">2.0287e-08 0.137097 -2.62801e-07</translate><rotate sid="rotateZ">0 0 1 -2.30285e-06</rotate><rotate sid="rotateY">0 1 0 -5.54453e-07</rotate><rotate sid="rotateX">1 0 0 -1.35089e-05</rotate>
            <node id="mixamorigwSpine2" sid="mixamorigwSpine2" name="mixamorigwSpine2" type="JOINT">
              <translate sid="translate">6.71297e-10 0.137097 1.18032e-09</translate><rotate sid="rotateZ">0 0 1 0.395671</rotate><rotate sid="rotateY">0 1 0 -0.395296</rotate><rotate sid="rotateX">1 0 0 -1.50238</rotate>
              <node id="mixamorigwLeftShoulder" sid="mixamorigwLeftShoulder" name="mixamorigwLeftShoulder" type="JOINT">
                <translate sid="translate">0.040025 0.0686486 -0.00178681</translate><rotate sid="rotateZ">0 0 1 125.595</rotate><rotate sid="rotateY">0 1 0 85.0452</rotate><rotate sid="rotateX">1 0 0 -143.81</rotate>
                <node id="mixamorigwLeftArm" sid="mixamorigwLeftArm" name="mixamorigwLeftArm" type="JOINT">
                  <translate sid="translate">-9.23188e-11 0.157174 1.94725e-09</translate><rotate sid="rotateZ">0 0 1 2.73667</rotate><rotate sid="rotateY">0 1 0 13.1506</rotate><rotate sid="rotateX">1 0 0 13.2658</rotate>
                  <node id="mixamorigwLeftForeArm" sid="mixamorigwLeftForeArm" name="mixamorigwLeftForeArm" type="JOINT">
                    <translate sid="translate">-3.47495e-08 0.243555 -1.30153e-07</translate><rotate sid="rotateZ">0 0 1 6.38695</rotate><rotate sid="rotateY">0 1 0 -11.1276</rotate><rotate sid="rotateX">1 0 0 -13.4292</rotate>
                    <node id="mixamorigwLeftHand" sid="mixamorigwLeftHand" name="mixamorigwLeftHand" type="JOINT">
                      <translate sid="translate">7.45535e-08 0.249448 7.60145e-08</translate><rotate sid="rotateZ">0 0 1 5.60961</rotate><rotate sid="rotateY">0 1 0 -4.74167</rotate><rotate sid="rotateX">1 0 0 -5.70437</rotate>
                    </node>
                  </node>
                </node>
              </node>
              <node id="mixamorigwRightShoulder" sid="mixamorigwRightShoulder" name="mixamorigwRightShoulder" type="JOINT">
                <translate sid="translate">-0.040087 0.0656621 -0.000945981</translate><rotate sid="rotateZ">0 0 1 -110.039</rotate><rotate sid="rotateY">0 1 0 -85.7646</rotate><rotate sid="rotateX">1 0 0 -160.708</rotate>
                <node id="mixamorigwRightArm" sid="mixamorigwRightArm" name="mixamorigwRightArm" type="JOINT">
                  <translate sid="translate">2.37172e-09 0.163364 -1.62252e-07</translate><rotate sid="rotateZ">0 0 1 -2.55391</rotate><rotate sid="rotateY">0 1 0 -13.0751</rotate><rotate sid="rotateX">1 0 0 13.1787</rotate>
                  <node id="mixamorigwRightForeArm" sid="mixamorigwRightForeArm" name="mixamorigwRightForeArm" type="JOINT">
                    <translate sid="translate">-8.21352e-09 0.227531 6.31809e-08</translate><rotate sid="rotateZ">0 0 1 -5.90746</rotate><rotate sid="rotateY">0 1 0 12.0334</rotate><rotate sid="rotateX">1 0 0 -14.1336</rotate>
                    <node id="mixamorigwRightHand" sid="mixamorigwRightHand" name="mixamorigwRightHand" type="JOINT">
                      <translate sid="translate">-4.26417e-08 0.25312 -1.57282e-07</translate><rotate sid="rotateZ">0 0 1 -2.20204</rotate><rotate sid="rotateY">0 1 0 -3.47744</rotate><rotate sid="rotateX">1 0 0 3.83142</rotate>
                    </node>
                  </node>
                </node>
              </node>
              <node id="mixamorigwNeck" sid="mixamorigwNeck" name="mixamorigwNeck" type="JOINT">
                <translate sid="translate">6.2025e-05 0.104088 0.00273278</translate><rotate sid="rotateZ">0 0 1 -0.0336555</rotate><rotate sid="rotateY">0 1 0 0.0184846</rotate><rotate sid="rotateX">1 0 0 1.50393</rotate>
                <node id="mixamorigwHead" sid="mixamorigwHead" name="mixamorigwHead" type="JOINT">
                  <translate sid="translate">3.73162e-09 0.0721533 1.18502e-08</translate><rotate sid="rotateZ">0 0 1 -0.519682</rotate><rotate sid="rotateY">0 1 0 0.301393</rotate><rotate sid="rotateX">1 0 0 52.5832</rotate>
                  <node id="mixamorigwHeadTop_End" sid="mixamorigwHeadTop_End" name="mixamorigwHeadTop_End" type="JOINT">
                    <translate sid="translate">-0.00116743 0.24687 -0.121132</translate><rotate sid="rotateZ">0 0 1 0.243241</rotate><rotate sid="rotateY">0 1 0 0.0564609</rotate><rotate sid="rotateX">1 0 0 -26.1357</rotate>
                  </node>
                  <node id="mixamorigwHeadFront" sid="mixamorigwHeadFront" name="mixamorigwHeadFront" type="JOINT">
                    <translate sid="translate">0.00116742 0.144812 0.121133</translate><rotate sid="rotateZ">0 0 1 -0.354292</rotate><rotate sid="rotateY">0 1 0 0.128633</rotate><rotate sid="rotateX">1 0 0 39.9111</rotate>
                  </node>
                </node>
              </node>
            </node>
          </node>
        </node>
      </node>
      <node id="Mesh_0" name="Mesh_0" type="NODE">
        <translate sid="translate">0 0 0</translate><rotate sid="rotateZ">0 0 1 0</rotate><rotate sid="rotateY">0 1 0 -0</rotate><rotate sid="rotateX">1 0 0 -90</rotate><scale sid="scale">100 100 100</scale><instance_controller url="#Mesh_0_1-skin">
          <skeleton>#mixamorigwHips</skeleton>
          <bind_material><technique_common><instance_material symbol="defaultMaterial" target="#%s"><bind_vertex_input semantic="CHANNEL0" input_semantic="TEXCOORD" input_set="0" /></instance_material></technique_common></bind_material>
        </instance_controller>
      </node>
    </visual_scene>
  </library_visual_scenes>
  <library_animations>
    <animation id="hpl_mixamorigwHips">
      <source id="hpl_mixamorigwHips-time"><float_array id="hpl_mixamorigwHips-time-array" count="102">0 1 2 3 4 5 6 7 8 9 10 11 12 13 14 15 16 17 18 19 20 21 22 23 24 25 26 27 28 29 30 31 32 33 34 35 36 37 38 39 40 41 42 43 44 45 46 47 48 49 50 51 52 53 54 55 56 57 58 59 60 61 62 63 64 65 66 67 68 69 70 71 72 73 74 75 76 77 78 79 80 81 82 83 84 85 86 87 88 89 90 91 92 93 94 95 96 97 98 99 100 101</float_array><technique_common><accessor source="#hpl_mixamorigwHips-time-array" count="102" stride="1" /></technique_common></source>
      <source id="hpl_mixamorigwHips-trans"><float_array id="hpl_mixamorigwHips-trans-array" count="306">0.00179182 0.967623 -0.0339006 0.000566933 0.965607 -0.0340521 0.000287016 0.963166 -0.0343261 -2.24641e-06 0.960167 -0.0348423 0.000333577 0.956549 -0.0356406 0.00142757 0.951513 -0.0365815 0.00285646 0.9397 -0.0379761 0.00484132 0.934847 -0.0400789 0.00633784 0.933549 -0.0432311 0.00746527 0.933618 -0.0476746 0.00762679 0.932577 -0.0528418 0.00671247 0.935923 -0.0579502 0.00541975 0.939972 -0.0624804 0.00285094 0.943793 -0.0658696 -0.00165165 0.947766 -0.0682793 -0.00618554 0.952067 -0.0703164 -0.0111011 0.956246 -0.0716461 -0.0172784 0.959953 -0.072994 -0.0240646 0.962565 -0.0735884 -0.0300187 0.964143 -0.0739128 -0.0353141 0.964851 -0.0737546 -0.0395068 0.965163 -0.0735001 -0.0429349 0.965059 -0.0729155 -0.0458891 0.964384 -0.0720854 -0.0473559 0.96265 -0.0708995 -0.0483351 0.960249 -0.069026 -0.0481815 0.957499 -0.0672773 -0.0456343 0.954618 -0.0652318 -0.041936 0.951483 -0.0635173 -0.0365388 0.943737 -0.0614831 -0.0301344 0.939922 -0.0593048 -0.0224973 0.939737 -0.0575105 -0.0142077 0.936812 -0.0565005 -0.00474166 0.937097 -0.055781 0.00661806 0.9378 -0.0554963 0.018788 0.939558 -0.0553605 0.0305343 0.943594 -0.0553719 0.039259 0.950447 -0.055418 0.0451312 0.955252 -0.0551743 0.0502354 0.960301 -0.0545076 0.0539339 0.964893 -0.0534752 0.0561715 0.968292 -0.0524708 0.0583315 0.970276 -0.0512768 0.0596945 0.970739 -0.0501143 0.0593704 0.970121 -0.0490664 0.0586908 0.968719 -0.048275 0.0586783 0.966773 -0.0476105 0.0590147 0.964389 -0.0474808 0.0600269 0.961205 -0.0477401 0.0623513 0.957344 -0.048632 0.0643585 0.952676 -0.0504135 0.066481 0.946904 -0.052416 0.0679563 0.933385 -0.0550214 0.0696729 0.926348 -0.0581035 0.0696863 0.923283 -0.0618021 0.0693797 0.923218 -0.0662635 0.0682761 0.922625 -0.0711986 0.0660228 0.92702 -0.0757631 0.0632818 0.931654 -0.0793406 0.0584027 0.934784 -0.0818366 0.0536118 0.938472 -0.0841684 0.048302 0.94305 -0.0862052 0.0434967 0.948092 -0.0883129 0.0381313 0.953224 -0.0902829 0.0320738 0.957999 -0.0918212 0.0261105 0.961889 -0.0932454 0.0194785 0.964876 -0.094308 0.0112948 0.966873 -0.0950114 0.00402322 0.968179 -0.0958615 -0.00380947 0.969024 -0.0962591 -0.0120107 0.96974 -0.0960618 -0.0193597 0.970124 -0.0953714 -0.0266929 0.970023 -0.0940592 -0.0330162 0.969321 -0.0926298 -0.0392424 0.968088 -0.0910186 -0.0448334 0.966455 -0.0893097 -0.0482542 0.964514 -0.0877357 -0.0505298 0.962242 -0.0857463 -0.0507331 0.959635 -0.0833023 -0.0499526 0.956792 -0.0807011 -0.0478941 0.953702 -0.0777502 -0.0452222 0.950345 -0.074672 -0.0410733 0.946668 -0.071394 -0.0364824 0.940602 -0.067563 -0.029748 0.939524 -0.0651372 -0.0231706 0.937982 -0.0628471 -0.0137112 0.937506 -0.0609595 -0.00330659 0.940051 -0.0595263 0.00599893 0.944708 -0.0580919 0.0131739 0.951207 -0.0566786 0.0165399 0.956018 -0.0547595 0.0195617 0.96042 -0.0530119 0.0234565 0.964261 -0.0508831 0.0247362 0.967153 -0.048882 0.0249531 0.96897 -0.0469411 0.0225778 0.969516 -0.0446667 0.0191449 0.969047 -0.0421818 0.0119224 0.968082 -0.0388669 0.00797687 0.966425 -0.0369416 0.00510003 0.964415 -0.0351907 0.00395394 0.962109 -0.0344231 0.00179182 0.967623 -0.0339006</float_array><technique_common><accessor source="#hpl_mixamorigwHips-trans-array" count="102" stride="3" /></technique_common></source>
      <source id="hpl_mixamorigwHips-rotz"><float_array id="hpl_mixamorigwHips-rotz-array" count="102">-4.66245 -4.60223 -4.41073 -4.06803 -3.64497 -3.25852 -3.08662 -3.27038 -3.74737 -4.26277 -4.64361 -4.7044 -4.50441 -4.24727 -3.94585 -3.62768 -3.3221 -3.05804 -2.87528 -2.7815 -2.76273 -2.78979 -2.86417 -2.98971 -3.16042 -3.34312 -3.51152 -3.64958 -3.75976 -3.86036 -3.98946 -4.11644 -4.07171 -3.8298 -3.67145 -3.49652 -3.38721 -3.38163 -3.50468 -3.71675 -3.97013 -4.22872 -4.46206 -4.65477 -4.79429 -4.85242 -4.83018 -4.72893 -4.52618 -4.22632 -3.85617 -3.47093 -3.15051 -3.04961 -3.16607 -3.3803 -3.59299 -3.70641 -3.67266 -3.58734 -3.53756 -3.41122 -3.21 -2.99177 -2.7953 -2.66023 -2.601 -2.62407 -2.73896 -2.91496 -3.09027 -3.24065 -3.37012 -3.50647 -3.64668 -3.79152 -3.94595 -4.11082 -4.28276 -4.46721 -4.65429 -4.81543 -4.95346 -4.98867 -4.7661 -4.29144 -3.83305 -3.58464 -3.56997 -3.71468 -3.94326 -4.14389 -4.29711 -4.39304 -4.41007 -4.32985 -4.16094 -3.9555 -3.74222 -3.53439 -3.34806 -4.66245</float_array><technique_common><accessor source="#hpl_mixamorigwHips-rotz-array" count="102" stride="1" /></technique_common></source>
      <source id="hpl_mixamorigwHips-roty"><float_array id="hpl_mixamorigwHips-roty-array" count="102">-6.03271 -6.72675 -7.374 -7.97572 -8.53708 -9.05871 -9.44298 -9.62398 -9.499 -9.05522 -8.45177 -7.74812 -7.06415 -6.37715 -5.68542 -4.93687 -4.14069 -3.30203 -2.47022 -1.67583 -0.945813 -0.265681 0.366625 0.958874 1.51735 2.02866 2.47414 2.84031 3.13302 3.37045 3.52083 3.63978 3.8131 3.81058 3.36234 2.64681 1.82428 1.08451 0.522744 0.0663582 -0.334053 -0.69741 -1.09054 -1.57485 -2.18553 -2.90595 -3.71416 -4.52401 -5.27214 -5.90999 -6.41345 -6.79069 -6.98327 -6.90999 -6.48525 -5.77323 -4.99042 -4.30867 -3.87776 -3.67946 -3.51105 -3.33077 -3.14321 -2.92288 -2.64121 -2.34401 -2.04356 -1.74631 -1.45989 -1.19152 -0.915212 -0.639241 -0.381455 -0.132225 0.107131 0.341595 0.556935 0.764152 0.933385 1.07561 1.17206 1.21915 1.22885 1.21914 1.25787 1.30018 1.18882 0.888551 0.489728 0.0586441 -0.289681 -0.542357 -0.735199 -0.920403 -1.1358 -1.42183 -1.78069 -2.18179 -2.59538 -2.98671 -3.3269 -6.03271</float_array><technique_common><accessor source="#hpl_mixamorigwHips-roty-array" count="102" stride="1" /></technique_common></source>
      <source id="hpl_mixamorigwHips-rotx"><float_array id="hpl_mixamorigwHips-rotx-array" count="102">-18.214 -18.2531 -18.4157 -18.6867 -18.9919 -19.2452 -19.3554 -19.2778 -19.0773 -18.8272 -18.6931 -18.8272 -19.0654 -19.3082 -19.5467 -19.7004 -19.8187 -19.913 -20.0412 -20.189 -20.3235 -20.4494 -20.5684 -20.6777 -20.7708 -20.7906 -20.7306 -20.6045 -20.4035 -20.1225 -19.7572 -19.2495 -18.3934 -17.1734 -16.0189 -14.7793 -13.5998 -12.9552 -12.9299 -13.2881 -13.835 -14.4248 -15.0193 -15.5681 -15.9943 -16.3373 -16.6072 -16.8677 -17.1612 -17.4732 -17.7704 -18.0643 -18.411 -18.8174 -19.2581 -19.7415 -20.426 -21.4428 -22.4392 -23.1601 -23.603 -23.7914 -23.8522 -23.84 -23.7793 -23.7359 -23.7615 -23.8707 -24.0188 -24.1782 -24.31 -24.4116 -24.497 -24.5925 -24.7067 -24.8081 -24.8712 -24.8914 -24.8405 -24.6979 -24.456 -24.1043 -23.6093 -22.8756 -21.7757 -20.4387 -19.0605 -17.6944 -16.3655 -15.4183 -15.0674 -15.189 -15.5179 -15.9292 -16.3684 -16.8274 -17.2652 -17.6451 -17.9784 -18.2571 -18.4884 -18.214</float_array><technique_common><accessor source="#hpl_mixamorigwHips-rotx-array" count="102" stride="1" /></technique_common></source>
      <sampler id="hpl_mixamorigwHips-trans-sampler"><input semantic="INPUT" source="#hpl_mixamorigwHips-time" /><input semantic="OUTPUT" source="#hpl_mixamorigwHips-trans" /></sampler><channel source="#hpl_mixamorigwHips-trans-sampler" target="mixamorigwHips/translate" />
      <sampler id="hpl_mixamorigwHips-rotz-sampler"><input semantic="INPUT" source="#hpl_mixamorigwHips-time" /><input semantic="OUTPUT" source="#hpl_mixamorigwHips-rotz" /></sampler><channel source="#hpl_mixamorigwHips-rotz-sampler" target="mixamorigwHips/rotateZ.ANGLE" />
      <sampler id="hpl_mixamorigwHips-roty-sampler"><input semantic="INPUT" source="#hpl_mixamorigwHips-time" /><input semantic="OUTPUT" source="#hpl_mixamorigwHips-roty" /></sampler><channel source="#hpl_mixamorigwHips-roty-sampler" target="mixamorigwHips/rotateY.ANGLE" />
      <sampler id="hpl_mixamorigwHips-rotx-sampler"><input semantic="INPUT" source="#hpl_mixamorigwHips-time" /><input semantic="OUTPUT" source="#hpl_mixamorigwHips-rotx" /></sampler><channel source="#hpl_mixamorigwHips-rotx-sampler" target="mixamorigwHips/rotateX.ANGLE" />
    </animation>
    <animation id="hpl_mixamorigwLeftUpLeg">
      <source id="hpl_mixamorigwLeftUpLeg-time"><float_array id="hpl_mixamorigwLeftUpLeg-time-array" count="102">0 1 2 3 4 5 6 7 8 9 10 11 12 13 14 15 16 17 18 19 20 21 22 23 24 25 26 27 28 29 30 31 32 33 34 35 36 37 38 39 40 41 42 43 44 45 46 47 48 49 50 51 52 53 54 55 56 57 58 59 60 61 62 63 64 65 66 67 68 69 70 71 72 73 74 75 76 77 78 79 80 81 82 83 84 85 86 87 88 89 90 91 92 93 94 95 96 97 98 99 100 101</float_array><technique_common><accessor source="#hpl_mixamorigwLeftUpLeg-time-array" count="102" stride="1" /></technique_common></source>
      <source id="hpl_mixamorigwLeftUpLeg-trans"><float_array id="hpl_mixamorigwLeftUpLeg-trans-array" count="306">0.101084 -0.0783561 -0.036345 0.101084 -0.0783561 -0.036345 0.101084 -0.0783561 -0.036345 0.101084 -0.0783561 -0.036345 0.101084 -0.0783561 -0.036345 0.101084 -0.0783561 -0.036345 0.101084 -0.0783561 -0.036345 0.101084 -0.0783561 -0.036345 0.101084 -0.0783561 -0.036345 0.101084 -0.0783561 -0.036345 0.101084 -0.0783561 -0.036345 0.101084 -0.0783561 -0.036345 0.101084 -0.0783561 -0.036345 0.101084 -0.0783561 -0.036345 0.101084 -0.0783561 -0.036345 0.101084 -0.0783561 -0.036345 0.101084 -0.0783561 -0.036345 0.101084 -0.0783561 -0.036345 0.101084 -0.0783561 -0.036345 0.101084 -0.0783561 -0.036345 0.101084 -0.0783561 -0.036345 0.101084 -0.0783561 -0.036345 0.101084 -0.0783561 -0.036345 0.101084 -0.0783561 -0.036345 0.101084 -0.0783561 -0.036345 0.101084 -0.0783561 -0.036345 0.101084 -0.0783561 -0.036345 0.101084 -0.0783561 -0.036345 0.101084 -0.0783561 -0.036345 0.101084 -0.0783561 -0.036345 0.101084 -0.0783561 -0.036345 0.101084 -0.0783561 -0.036345 0.101084 -0.0783561 -0.036345 0.101084 -0.0783561 -0.036345 0.101084 -0.0783561 -0.036345 0.101084 -0.0783561 -0.036345 0.101084 -0.0783561 -0.036345 0.101084 -0.0783561 -0.036345 0.101084 -0.0783561 -0.036345 0.101084 -0.0783561 -0.036345 0.101084 -0.0783561 -0.036345 0.101084 -0.0783561 -0.036345 0.101084 -0.0783561 -0.036345 0.101084 -0.0783561 -0.036345 0.101084 -0.0783561 -0.036345 0.101084 -0.0783561 -0.036345 0.101084 -0.0783561 -0.036345 0.101084 -0.0783561 -0.036345 0.101084 -0.0783561 -0.036345 0.101084 -0.0783561 -0.036345 0.101084 -0.0783561 -0.036345 0.101084 -0.0783561 -0.036345 0.101084 -0.0783561 -0.036345 0.101084 -0.0783561 -0.036345 0.101084 -0.0783561 -0.036345 0.101084 -0.0783561 -0.036345 0.101084 -0.0783561 -0.036345 0.101084 -0.0783561 -0.036345 0.101084 -0.0783561 -0.036345 0.101084 -0.0783561 -0.036345 0.101084 -0.0783561 -0.036345 0.101084 -0.0783561 -0.036345 0.101084 -0.0783561 -0.036345 0.101084 -0.0783561 -0.036345 0.101084 -0.0783561 -0.036345 0.101084 -0.0783561 -0.036345 0.101084 -0.0783561 -0.036345 0.101084 -0.0783561 -0.036345 0.101084 -0.0783561 -0.036345 0.101084 -0.0783561 -0.036345 0.101084 -0.0783561 -0.036345 0.101084 -0.0783561 -0.036345 0.101084 -0.0783561 -0.036345 0.101084 -0.0783561 -0.036345 0.101084 -0.0783561 -0.036345 0.101084 -0.0783561 -0.036345 0.101084 -0.0783561 -0.036345 0.101084 -0.0783561 -0.036345 0.101084 -0.0783561 -0.036345 0.101084 -0.0783561 -0.036345 0.101084 -0.0783561 -0.036345 0.101084 -0.0783561 -0.036345 0.101084 -0.0783561 -0.036345 0.101084 -0.0783561 -0.036345 0.101084 -0.0783561 -0.036345 0.101084 -0.0783561 -0.036345 0.101084 -0.0783561 -0.036345 0.101084 -0.0783561 -0.036345 0.101084 -0.0783561 -0.036345 0.101084 -0.0783561 -0.036345 0.101084 -0.0783561 -0.036345 0.101084 -0.0783561 -0.036345 0.101084 -0.0783561 -0.036345 0.101084 -0.0783561 -0.036345 0.101084 -0.0783561 -0.036345 0.101084 -0.0783561 -0.036345 0.101084 -0.0783561 -0.036345 0.101084 -0.0783561 -0.036345 0.101084 -0.0783561 -0.036345 0.101084 -0.0783561 -0.036345 0.101084 -0.0783561 -0.036345 0.101084 -0.0783561 -0.036345</float_array><technique_common><accessor source="#hpl_mixamorigwLeftUpLeg-trans-array" count="102" stride="3" /></technique_common></source>
      <source id="hpl_mixamorigwLeftUpLeg-rotz"><float_array id="hpl_mixamorigwLeftUpLeg-rotz-array" count="102">2.8232 1.65727 0.310855 -1.19341 -2.85614 -4.60017 -6.27616 -7.80481 -9.16474 -10.7002 -11.9916 -12.7445 -12.8372 -12.0158 -10.5959 -8.60771 -5.8756 -2.40092 1.6225 5.93007 10.1538 14.1676 17.9901 21.4315 24.4265 26.8233 28.5828 29.7165 30.2803 30.1934 29.5168 28.4712 26.3019 23.4739 20.6443 17.6814 14.7837 12.586 10.928 9.6433 8.60257 7.678 6.70004 5.75837 4.79976 3.74954 2.53609 1.21507 -0.257593 -1.94833 -3.72753 -5.53086 -7.27114 -8.95955 -10.4363 -11.9354 -12.8748 -12.6392 -11.3012 -9.62366 -7.6986 -5.50661 -3.00781 -0.326915 2.40839 5.1872 8.03979 10.9153 13.8329 16.6587 19.3516 21.8066 23.9597 25.8922 27.5571 29.0105 30.2652 31.3075 32.0443 32.4518 32.5089 32.1454 31.3321 29.9137 27.8917 25.2509 22.3131 19.4309 16.814 14.6778 13.233 12.0001 10.7554 9.75726 8.60698 7.68623 6.51344 5.71594 4.52345 3.2282 1.78855 2.8232</float_array><technique_common><accessor source="#hpl_mixamorigwLeftUpLeg-rotz-array" count="102" stride="1" /></technique_common></source>
      <source id="hpl_mixamorigwLeftUpLeg-roty"><float_array id="hpl_mixamorigwLeftUpLeg-roty-array" count="102">21.4575 22.1229 22.7969 23.4712 24.1365 24.7588 25.263 25.3285 25.2262 24.9418 24.7482 25.0607 25.6599 26.4712 27.4426 28.3605 29.1401 29.7412 30.0932 30.2354 30.0835 29.6547 28.8944 27.7993 26.4241 24.8747 23.2821 21.8181 20.5637 19.7101 19.5974 21.0514 23.2195 24.9475 26.1061 26.7373 26.98 26.7147 26.1625 25.469 24.6684 23.9498 23.4213 23.0581 22.8572 22.8337 23.0038 23.3651 23.9003 24.6476 25.568 26.6402 27.6738 28.0352 28.1644 28.2939 28.6907 29.1022 28.7467 27.5903 26.471 25.3718 24.2181 23.2639 22.6481 22.3923 22.3348 22.3646 22.29 22.0438 21.7148 21.3183 20.8201 20.3321 19.9656 19.8055 19.825 19.879 19.7721 19.4803 19.1853 18.986 19.0941 19.627 21.6322 24.2304 26.4062 27.9887 28.9413 29.1896 28.8255 28.1724 27.5077 26.8388 26.2285 25.5768 25.0208 24.4601 24.0801 23.8185 23.737 21.4575</float_array><technique_common><accessor source="#hpl_mixamorigwLeftUpLeg-roty-array" count="102" stride="1" /></technique_common></source>
      <source id="hpl_mixamorigwLeftUpLeg-rotx"><float_array id="hpl_mixamorigwLeftUpLeg-rotx-array" count="102">-177.184 -177.41 -177.47 -177.484 -177.466 -177.518 -177.919 -178.618 -179.804 -181.781 -184.873 -188.207 -191.254 -193.393 -194.656 -195.298 -195.35 -194.803 -193.656 -192.077 -190.22 -188.127 -185.732 -183.182 -180.654 -178.383 -176.567 -175.242 -174.203 -173.436 -172.981 -173.514 -176.924 -180.943 -183.929 -186.035 -187.401 -187.592 -186.858 -185.423 -183.631 -181.934 -180.486 -179.583 -179.09 -178.858 -178.814 -178.839 -178.934 -179.121 -179.474 -179.85 -180.343 -180.909 -181.751 -183.151 -185.68 -188.251 -190.011 -190.952 -191.271 -191.175 -190.566 -189.694 -188.745 -187.677 -186.423 -184.995 -183.342 -181.569 -179.815 -178.134 -176.605 -175.242 -174.114 -173.197 -172.434 -171.801 -171.299 -170.892 -170.6 -170.42 -170.491 -171.543 -174.804 -178.907 -182.151 -184.207 -185.517 -185.93 -185.36 -184.27 -182.93 -181.482 -180.163 -179.126 -178.508 -178.085 -178.037 -178.073 -178.18 -177.184</float_array><technique_common><accessor source="#hpl_mixamorigwLeftUpLeg-rotx-array" count="102" stride="1" /></technique_common></source>
      <sampler id="hpl_mixamorigwLeftUpLeg-trans-sampler"><input semantic="INPUT" source="#hpl_mixamorigwLeftUpLeg-time" /><input semantic="OUTPUT" source="#hpl_mixamorigwLeftUpLeg-trans" /></sampler><channel source="#hpl_mixamorigwLeftUpLeg-trans-sampler" target="mixamorigwLeftUpLeg/translate" />
      <sampler id="hpl_mixamorigwLeftUpLeg-rotz-sampler"><input semantic="INPUT" source="#hpl_mixamorigwLeftUpLeg-time" /><input semantic="OUTPUT" source="#hpl_mixamorigwLeftUpLeg-rotz" /></sampler><channel source="#hpl_mixamorigwLeftUpLeg-rotz-sampler" target="mixamorigwLeftUpLeg/rotateZ.ANGLE" />
      <sampler id="hpl_mixamorigwLeftUpLeg-roty-sampler"><input semantic="INPUT" source="#hpl_mixamorigwLeftUpLeg-time" /><input semantic="OUTPUT" source="#hpl_mixamorigwLeftUpLeg-roty" /></sampler><channel source="#hpl_mixamorigwLeftUpLeg-roty-sampler" target="mixamorigwLeftUpLeg/rotateY.ANGLE" />
      <sampler id="hpl_mixamorigwLeftUpLeg-rotx-sampler"><input semantic="INPUT" source="#hpl_mixamorigwLeftUpLeg-time" /><input semantic="OUTPUT" source="#hpl_mixamorigwLeftUpLeg-rotx" /></sampler><channel source="#hpl_mixamorigwLeftUpLeg-rotx-sampler" target="mixamorigwLeftUpLeg/rotateX.ANGLE" />
    </animation>
    <animation id="hpl_mixamorigwLeftLeg">
      <source id="hpl_mixamorigwLeftLeg-time"><float_array id="hpl_mixamorigwLeftLeg-time-array" count="102">0 1 2 3 4 5 6 7 8 9 10 11 12 13 14 15 16 17 18 19 20 21 22 23 24 25 26 27 28 29 30 31 32 33 34 35 36 37 38 39 40 41 42 43 44 45 46 47 48 49 50 51 52 53 54 55 56 57 58 59 60 61 62 63 64 65 66 67 68 69 70 71 72 73 74 75 76 77 78 79 80 81 82 83 84 85 86 87 88 89 90 91 92 93 94 95 96 97 98 99 100 101</float_array><technique_common><accessor source="#hpl_mixamorigwLeftLeg-time-array" count="102" stride="1" /></technique_common></source>
      <source id="hpl_mixamorigwLeftLeg-trans"><float_array id="hpl_mixamorigwLeftLeg-trans-array" count="306">6.40674e-08 0.366933 1.23554e-07 6.40674e-08 0.366933 1.23554e-07 6.40674e-08 0.366933 1.23554e-07 6.40674e-08 0.366933 1.23554e-07 6.40674e-08 0.366933 1.23554e-07 6.40674e-08 0.366933 1.23554e-07 6.40674e-08 0.366933 1.23554e-07 6.40674e-08 0.366933 1.23554e-07 6.40674e-08 0.366933 1.23554e-07 6.40674e-08 0.366933 1.23554e-07 6.40674e-08 0.366933 1.23554e-07 6.40674e-08 0.366933 1.23554e-07 6.40674e-08 0.366933 1.23554e-07 6.40674e-08 0.366933 1.23554e-07 6.40674e-08 0.366933 1.23554e-07 6.40674e-08 0.366933 1.23554e-07 6.40674e-08 0.366933 1.23554e-07 6.40674e-08 0.366933 1.23554e-07 6.40674e-08 0.366933 1.23554e-07 6.40674e-08 0.366933 1.23554e-07 6.40674e-08 0.366933 1.23554e-07 6.40674e-08 0.366933 1.23554e-07 6.40674e-08 0.366933 1.23554e-07 6.40674e-08 0.366933 1.23554e-07 6.40674e-08 0.366933 1.23554e-07 6.40674e-08 0.366933 1.23554e-07 6.40674e-08 0.366933 1.23554e-07 6.40674e-08 0.366933 1.23554e-07 6.40674e-08 0.366933 1.23554e-07 6.40674e-08 0.366933 1.23554e-07 6.40674e-08 0.366933 1.23554e-07 6.40674e-08 0.366933 1.23554e-07 6.40674e-08 0.366933 1.23554e-07 6.40674e-08 0.366933 1.23554e-07 6.40674e-08 0.366933 1.23554e-07 6.40674e-08 0.366933 1.23554e-07 6.40674e-08 0.366933 1.23554e-07 6.40674e-08 0.366933 1.23554e-07 6.40674e-08 0.366933 1.23554e-07 6.40674e-08 0.366933 1.23554e-07 6.40674e-08 0.366933 1.23554e-07 6.40674e-08 0.366933 1.23554e-07 6.40674e-08 0.366933 1.23554e-07 6.40674e-08 0.366933 1.23554e-07 6.40674e-08 0.366933 1.23554e-07 6.40674e-08 0.366933 1.23554e-07 6.40674e-08 0.366933 1.23554e-07 6.40674e-08 0.366933 1.23554e-07 6.40674e-08 0.366933 1.23554e-07 6.40674e-08 0.366933 1.23554e-07 6.40674e-08 0.366933 1.23554e-07 6.40674e-08 0.366933 1.23554e-07 6.40674e-08 0.366933 1.23554e-07 6.40674e-08 0.366933 1.23554e-07 6.40674e-08 0.366933 1.23554e-07 6.40674e-08 0.366933 1.23554e-07 6.40674e-08 0.366933 1.23554e-07 6.40674e-08 0.366933 1.23554e-07 6.40674e-08 0.366933 1.23554e-07 6.40674e-08 0.366933 1.23554e-07 6.40674e-08 0.366933 1.23554e-07 6.40674e-08 0.366933 1.23554e-07 6.40674e-08 0.366933 1.23554e-07 6.40674e-08 0.366933 1.23554e-07 6.40674e-08 0.366933 1.23554e-07 6.40674e-08 0.366933 1.23554e-07 6.40674e-08 0.366933 1.23554e-07 6.40674e-08 0.366933 1.23554e-07 6.40674e-08 0.366933 1.23554e-07 6.40674e-08 0.366933 1.23554e-07 6.40674e-08 0.366933 1.23554e-07 6.40674e-08 0.366933 1.23554e-07 6.40674e-08 0.366933 1.23554e-07 6.40674e-08 0.366933 1.23554e-07 6.40674e-08 0.366933 1.23554e-07 6.40674e-08 0.366933 1.23554e-07 6.40674e-08 0.366933 1.23554e-07 6.40674e-08 0.366933 1.23554e-07 6.40674e-08 0.366933 1.23554e-07 6.40674e-08 0.366933 1.23554e-07 6.40674e-08 0.366933 1.23554e-07 6.40674e-08 0.366933 1.23554e-07 6.40674e-08 0.366933 1.23554e-07 6.40674e-08 0.366933 1.23554e-07 6.40674e-08 0.366933 1.23554e-07 6.40674e-08 0.366933 1.23554e-07 6.40674e-08 0.366933 1.23554e-07 6.40674e-08 0.366933 1.23554e-07 6.40674e-08 0.366933 1.23554e-07 6.40674e-08 0.366933 1.23554e-07 6.40674e-08 0.366933 1.23554e-07 6.40674e-08 0.366933 1.23554e-07 6.40674e-08 0.366933 1.23554e-07 6.40674e-08 0.366933 1.23554e-07 6.40674e-08 0.366933 1.23554e-07 6.40674e-08 0.366933 1.23554e-07 6.40674e-08 0.366933 1.23554e-07 6.40674e-08 0.366933 1.23554e-07 6.40674e-08 0.366933 1.23554e-07 6.40674e-08 0.366933 1.23554e-07 6.40674e-08 0.366933 1.23554e-07 6.40674e-08 0.366933 1.23554e-07</float_array><technique_common><accessor source="#hpl_mixamorigwLeftLeg-trans-array" count="102" stride="3" /></technique_common></source>
      <source id="hpl_mixamorigwLeftLeg-rotz"><float_array id="hpl_mixamorigwLeftLeg-rotz-array" count="102">-1.30817 -1.33377 -1.35273 -1.39137 -1.4275 -1.45166 -1.46929 -1.44506 -1.47175 -1.61228 -1.85917 -2.10762 -2.34461 -2.49958 -2.62395 -2.77749 -2.8964 -2.94786 -2.94151 -2.84664 -2.69637 -2.47255 -2.19552 -1.87485 -1.51034 -1.18828 -0.92346 -0.722147 -0.595935 -0.49096 -0.417408 -0.356988 -0.609011 -0.935834 -1.19578 -1.33796 -1.4283 -1.44276 -1.44854 -1.432 -1.3904 -1.33211 -1.28685 -1.27558 -1.29295 -1.33276 -1.39908 -1.46616 -1.53606 -1.6154 -1.7095 -1.76554 -1.81089 -1.834 -1.92884 -2.10557 -2.34296 -2.5363 -2.60753 -2.69322 -2.72512 -2.74449 -2.70388 -2.60406 -2.47687 -2.32981 -2.17081 -1.99491 -1.80943 -1.62017 -1.4448 -1.26707 -1.11762 -0.984008 -0.880815 -0.754436 -0.680759 -0.579509 -0.502625 -0.465137 -0.448202 -0.422363 -0.397461 -0.438702 -0.616963 -0.956211 -1.20274 -1.31682 -1.35748 -1.36416 -1.34399 -1.32112 -1.2913 -1.24462 -1.19708 -1.17763 -1.19229 -1.25525 -1.33359 -1.39863 -1.44422 -1.30817</float_array><technique_common><accessor source="#hpl_mixamorigwLeftLeg-rotz-array" count="102" stride="1" /></technique_common></source>
      <source id="hpl_mixamorigwLeftLeg-roty"><float_array id="hpl_mixamorigwLeftLeg-roty-array" count="102">2.33874 2.23029 2.05457 1.82938 1.59485 1.37987 1.2023 1.03415 0.917562 0.818446 0.732106 0.769663 1.03685 1.51137 2.02174 2.44518 2.83818 3.18111 3.39648 3.52975 3.60136 3.62565 3.60954 3.54648 3.52757 3.52771 3.60604 3.70116 3.80515 3.87096 3.75605 3.52934 3.39357 3.32022 3.32319 3.3405 3.26843 3.15726 3.01872 2.91485 2.79739 2.72314 2.67624 2.62796 2.58479 2.51283 2.41187 2.26338 2.06191 1.82127 1.53928 1.27524 1.10167 0.937156 0.877496 0.825888 0.78697 0.965253 1.48494 2.06279 2.55349 2.92526 3.16815 3.28782 3.28417 3.23533 3.16276 3.12297 3.10285 3.11164 3.1243 3.14355 3.17542 3.21704 3.27399 3.35653 3.41334 3.46811 3.52148 3.54156 3.54619 3.53238 3.54286 3.44744 3.32561 3.26293 3.21866 3.2442 3.21308 3.12918 3.03565 2.92673 2.83819 2.77743 2.71867 2.63859 2.56641 2.48903 2.40782 2.30919 2.21741 2.33874</float_array><technique_common><accessor source="#hpl_mixamorigwLeftLeg-roty-array" count="102" stride="1" /></technique_common></source>
      <source id="hpl_mixamorigwLeftLeg-rotx"><float_array id="hpl_mixamorigwLeftLeg-rotx-array" count="102">19.3536 19.5609 19.5659 19.5307 19.3061 18.9427 18.8263 18.8041 19.4124 21.241 25.5334 31.2941 37.43 42.6781 46.7948 50.1217 52.5704 54.0673 54.3591 53.5051 51.5291 48.5265 44.3164 39.0442 32.9869 26.7136 21.1922 16.696 13.1451 10.4954 9.36283 10.4691 16.1044 22.1095 26.3617 28.7111 29.6014 29.1977 27.9568 26.2911 24.3188 22.5374 21.3525 20.8753 20.9943 21.3611 21.8419 22.2601 22.7004 23.1034 23.5327 23.882 24.4328 25.1441 26.4745 28.9297 34.0104 40.4479 45.9865 49.4226 51.1881 51.4441 50.0694 47.6533 44.8093 42.0587 39.487 37.0186 34.5234 31.8839 29.1515 26.4736 23.9715 21.7895 20.0295 18.6054 17.3549 16.1517 14.9101 13.6006 12.2755 11.0529 10.1315 10.7976 15.4526 21.6914 26.047 27.9269 28.2248 27.4577 26.0591 24.6019 23.1305 21.5615 20.2599 19.5662 19.476 20.0658 20.821 21.5354 22.0567 19.3536</float_array><technique_common><accessor source="#hpl_mixamorigwLeftLeg-rotx-array" count="102" stride="1" /></technique_common></source>
      <sampler id="hpl_mixamorigwLeftLeg-trans-sampler"><input semantic="INPUT" source="#hpl_mixamorigwLeftLeg-time" /><input semantic="OUTPUT" source="#hpl_mixamorigwLeftLeg-trans" /></sampler><channel source="#hpl_mixamorigwLeftLeg-trans-sampler" target="mixamorigwLeftLeg/translate" />
      <sampler id="hpl_mixamorigwLeftLeg-rotz-sampler"><input semantic="INPUT" source="#hpl_mixamorigwLeftLeg-time" /><input semantic="OUTPUT" source="#hpl_mixamorigwLeftLeg-rotz" /></sampler><channel source="#hpl_mixamorigwLeftLeg-rotz-sampler" target="mixamorigwLeftLeg/rotateZ.ANGLE" />
      <sampler id="hpl_mixamorigwLeftLeg-roty-sampler"><input semantic="INPUT" source="#hpl_mixamorigwLeftLeg-time" /><input semantic="OUTPUT" source="#hpl_mixamorigwLeftLeg-roty" /></sampler><channel source="#hpl_mixamorigwLeftLeg-roty-sampler" target="mixamorigwLeftLeg/rotateY.ANGLE" />
      <sampler id="hpl_mixamorigwLeftLeg-rotx-sampler"><input semantic="INPUT" source="#hpl_mixamorigwLeftLeg-time" /><input semantic="OUTPUT" source="#hpl_mixamorigwLeftLeg-rotx" /></sampler><channel source="#hpl_mixamorigwLeftLeg-rotx-sampler" target="mixamorigwLeftLeg/rotateX.ANGLE" />
    </animation>
    <animation id="hpl_mixamorigwLeftFoot">
      <source id="hpl_mixamorigwLeftFoot-time"><float_array id="hpl_mixamorigwLeftFoot-time-array" count="102">0 1 2 3 4 5 6 7 8 9 10 11 12 13 14 15 16 17 18 19 20 21 22 23 24 25 26 27 28 29 30 31 32 33 34 35 36 37 38 39 40 41 42 43 44 45 46 47 48 49 50 51 52 53 54 55 56 57 58 59 60 61 62 63 64 65 66 67 68 69 70 71 72 73 74 75 76 77 78 79 80 81 82 83 84 85 86 87 88 89 90 91 92 93 94 95 96 97 98 99 100 101</float_array><technique_common><accessor source="#hpl_mixamorigwLeftFoot-time-array" count="102" stride="1" /></technique_common></source>
      <source id="hpl_mixamorigwLeftFoot-trans"><float_array id="hpl_mixamorigwLeftFoot-trans-array" count="306">-2.69963e-07 0.370117 9.45187e-08 -2.69963e-07 0.370117 9.45187e-08 -2.69963e-07 0.370117 9.45187e-08 -2.69963e-07 0.370117 9.45187e-08 -2.69963e-07 0.370117 9.45187e-08 -2.69963e-07 0.370117 9.45187e-08 -2.69963e-07 0.370117 9.45187e-08 -2.69963e-07 0.370117 9.45187e-08 -2.69963e-07 0.370117 9.45187e-08 -2.69963e-07 0.370117 9.45187e-08 -2.69963e-07 0.370117 9.45187e-08 -2.69963e-07 0.370117 9.45187e-08 -2.69963e-07 0.370117 9.45187e-08 -2.69963e-07 0.370117 9.45187e-08 -2.69963e-07 0.370117 9.45187e-08 -2.69963e-07 0.370117 9.45187e-08 -2.69963e-07 0.370117 9.45187e-08 -2.69963e-07 0.370117 9.45187e-08 -2.69963e-07 0.370117 9.45187e-08 -2.69963e-07 0.370117 9.45187e-08 -2.69963e-07 0.370117 9.45187e-08 -2.69963e-07 0.370117 9.45187e-08 -2.69963e-07 0.370117 9.45187e-08 -2.69963e-07 0.370117 9.45187e-08 -2.69963e-07 0.370117 9.45187e-08 -2.69963e-07 0.370117 9.45187e-08 -2.69963e-07 0.370117 9.45187e-08 -2.69963e-07 0.370117 9.45187e-08 -2.69963e-07 0.370117 9.45187e-08 -2.69963e-07 0.370117 9.45187e-08 -2.69963e-07 0.370117 9.45187e-08 -2.69963e-07 0.370117 9.45187e-08 -2.69963e-07 0.370117 9.45187e-08 -2.69963e-07 0.370117 9.45187e-08 -2.69963e-07 0.370117 9.45187e-08 -2.69963e-07 0.370117 9.45187e-08 -2.69963e-07 0.370117 9.45187e-08 -2.69963e-07 0.370117 9.45187e-08 -2.69963e-07 0.370117 9.45187e-08 -2.69963e-07 0.370117 9.45187e-08 -2.69963e-07 0.370117 9.45187e-08 -2.69963e-07 0.370117 9.45187e-08 -2.69963e-07 0.370117 9.45187e-08 -2.69963e-07 0.370117 9.45187e-08 -2.69963e-07 0.370117 9.45187e-08 -2.69963e-07 0.370117 9.45187e-08 -2.69963e-07 0.370117 9.45187e-08 -2.69963e-07 0.370117 9.45187e-08 -2.69963e-07 0.370117 9.45187e-08 -2.69963e-07 0.370117 9.45187e-08 -2.69963e-07 0.370117 9.45187e-08 -2.69963e-07 0.370117 9.45187e-08 -2.69963e-07 0.370117 9.45187e-08 -2.69963e-07 0.370117 9.45187e-08 -2.69963e-07 0.370117 9.45187e-08 -2.69963e-07 0.370117 9.45187e-08 -2.69963e-07 0.370117 9.45187e-08 -2.69963e-07 0.370117 9.45187e-08 -2.69963e-07 0.370117 9.45187e-08 -2.69963e-07 0.370117 9.45187e-08 -2.69963e-07 0.370117 9.45187e-08 -2.69963e-07 0.370117 9.45187e-08 -2.69963e-07 0.370117 9.45187e-08 -2.69963e-07 0.370117 9.45187e-08 -2.69963e-07 0.370117 9.45187e-08 -2.69963e-07 0.370117 9.45187e-08 -2.69963e-07 0.370117 9.45187e-08 -2.69963e-07 0.370117 9.45187e-08 -2.69963e-07 0.370117 9.45187e-08 -2.69963e-07 0.370117 9.45187e-08 -2.69963e-07 0.370117 9.45187e-08 -2.69963e-07 0.370117 9.45187e-08 -2.69963e-07 0.370117 9.45187e-08 -2.69963e-07 0.370117 9.45187e-08 -2.69963e-07 0.370117 9.45187e-08 -2.69963e-07 0.370117 9.45187e-08 -2.69963e-07 0.370117 9.45187e-08 -2.69963e-07 0.370117 9.45187e-08 -2.69963e-07 0.370117 9.45187e-08 -2.69963e-07 0.370117 9.45187e-08 -2.69963e-07 0.370117 9.45187e-08 -2.69963e-07 0.370117 9.45187e-08 -2.69963e-07 0.370117 9.45187e-08 -2.69963e-07 0.370117 9.45187e-08 -2.69963e-07 0.370117 9.45187e-08 -2.69963e-07 0.370117 9.45187e-08 -2.69963e-07 0.370117 9.45187e-08 -2.69963e-07 0.370117 9.45187e-08 -2.69963e-07 0.370117 9.45187e-08 -2.69963e-07 0.370117 9.45187e-08 -2.69963e-07 0.370117 9.45187e-08 -2.69963e-07 0.370117 9.45187e-08 -2.69963e-07 0.370117 9.45187e-08 -2.69963e-07 0.370117 9.45187e-08 -2.69963e-07 0.370117 9.45187e-08 -2.69963e-07 0.370117 9.45187e-08 -2.69963e-07 0.370117 9.45187e-08 -2.69963e-07 0.370117 9.45187e-08 -2.69963e-07 0.370117 9.45187e-08 -2.69963e-07 0.370117 9.45187e-08 -2.69963e-07 0.370117 9.45187e-08 -2.69963e-07 0.370117 9.45187e-08</float_array><technique_common><accessor source="#hpl_mixamorigwLeftFoot-trans-array" count="102" stride="3" /></technique_common></source>
      <source id="hpl_mixamorigwLeftFoot-rotz"><float_array id="hpl_mixamorigwLeftFoot-rotz-array" count="102">-7.06455 -7.95544 -8.97735 -9.98406 -11.0752 -12.3475 -13.8492 -15.674 -17.0877 -18.1948 -18.0004 -14.859 -7.6435 1.99001 8.44688 10.5089 10.4389 9.50726 8.02818 6.40982 5.07329 4.22188 3.4377 2.92637 3.01008 3.46584 4.28895 5.27729 6.9569 9.97636 13.0746 13.878 13.67 12.3127 10.6546 8.89989 7.04914 5.4225 3.78801 2.19675 0.669366 -0.790831 -2.19075 -3.40766 -4.42416 -5.38603 -6.41045 -7.47138 -8.56732 -9.7114 -10.877 -12.205 -13.8344 -15.6533 -17.0202 -18.1848 -17.7343 -12.3357 -0.158655 11.0008 13.756 12.2574 10.0819 8.24766 6.42792 4.70406 3.37072 2.40569 1.87455 1.68238 1.6412 1.73475 1.95183 2.46699 3.14497 4.0064 4.91893 5.46002 5.52383 5.14667 4.62237 4.284 5.25387 7.69227 8.61988 8.86818 7.79454 6.32837 4.72445 3.12679 1.72436 0.352121 -1.05701 -2.22389 -3.32992 -3.99942 -4.63615 -4.70808 -5.11122 -5.62219 -6.30495 -7.06455</float_array><technique_common><accessor source="#hpl_mixamorigwLeftFoot-rotz-array" count="102" stride="1" /></technique_common></source>
      <source id="hpl_mixamorigwLeftFoot-roty"><float_array id="hpl_mixamorigwLeftFoot-roty-array" count="102">-20.0655 -20.4589 -20.7171 -20.8598 -21.0897 -21.3343 -21.4188 -21.5327 -20.8894 -19.5618 -17.0615 -13.6523 -9.14082 -3.95286 -0.287036 0.882749 0.373406 -1.06199 -3.05578 -5.1622 -6.88527 -7.91657 -8.49763 -8.57471 -8.00893 -7.16611 -6.45735 -6.03474 -5.92104 -5.94829 -5.66808 -4.68927 -3.04779 -1.93059 -1.73767 -2.43368 -3.47162 -4.77519 -6.14996 -7.61663 -9.06192 -10.4008 -11.5862 -12.7735 -14.0301 -15.2183 -16.2607 -17.1018 -17.6894 -18.0604 -18.1508 -17.9606 -17.5195 -17.2762 -16.5225 -15.2852 -12.5105 -8.03087 -1.48824 3.74796 5.27067 4.16218 2.34611 0.485628 -1.38747 -3.10285 -4.41489 -5.2661 -5.78905 -6.0713 -6.25435 -6.37937 -6.50178 -6.53263 -6.4562 -6.32841 -6.12012 -5.9351 -5.96365 -6.249 -6.75458 -7.61709 -8.67349 -9.54613 -9.30529 -7.8653 -7.27901 -7.57766 -8.20969 -9.27211 -10.4699 -11.6741 -12.8661 -14.0373 -15.1766 -16.2153 -17.2214 -18.0328 -18.7974 -19.4491 -19.8938 -20.0655</float_array><technique_common><accessor source="#hpl_mixamorigwLeftFoot-roty-array" count="102" stride="1" /></technique_common></source>
      <source id="hpl_mixamorigwLeftFoot-rotx"><float_array id="hpl_mixamorigwLeftFoot-rotx-array" count="102">-55.12 -55.4371 -55.6179 -55.725 -55.7718 -55.7121 -55.5747 -54.8573 -54.0485 -51.9447 -49.5371 -48.0433 -47.6043 -47.9652 -49.1741 -51.1957 -52.9927 -54.1114 -54.6749 -54.5755 -53.6995 -52.0476 -49.6419 -46.5144 -42.7979 -38.7311 -35.0218 -31.7678 -29.1837 -27.3767 -29.8468 -36.6283 -43.2831 -47.0905 -50.1971 -52.6418 -54.9008 -56.099 -56.2899 -56.1567 -55.8907 -55.7147 -55.9048 -56.1968 -56.7074 -57.2607 -57.6809 -57.9577 -58.2928 -58.5387 -58.8061 -59.2396 -59.8167 -59.557 -58.6005 -55.6226 -51.9657 -48.6411 -45.7805 -44.0289 -45.8069 -48.39 -50.0724 -50.9303 -51.1681 -50.9544 -50.2721 -49.2728 -48.1404 -46.8682 -45.552 -44.0409 -42.4101 -40.7575 -39.1629 -37.6242 -36.117 -34.6698 -33.5775 -32.7854 -32.3221 -32.2374 -31.8578 -33.2992 -39.377 -44.1595 -47.1516 -49.1534 -50.7427 -51.6854 -52.0717 -52.291 -52.4935 -52.563 -52.8467 -53.3161 -53.9383 -54.9166 -55.7567 -56.5721 -57.2548 -55.12</float_array><technique_common><accessor source="#hpl_mixamorigwLeftFoot-rotx-array" count="102" stride="1" /></technique_common></source>
      <sampler id="hpl_mixamorigwLeftFoot-trans-sampler"><input semantic="INPUT" source="#hpl_mixamorigwLeftFoot-time" /><input semantic="OUTPUT" source="#hpl_mixamorigwLeftFoot-trans" /></sampler><channel source="#hpl_mixamorigwLeftFoot-trans-sampler" target="mixamorigwLeftFoot/translate" />
      <sampler id="hpl_mixamorigwLeftFoot-rotz-sampler"><input semantic="INPUT" source="#hpl_mixamorigwLeftFoot-time" /><input semantic="OUTPUT" source="#hpl_mixamorigwLeftFoot-rotz" /></sampler><channel source="#hpl_mixamorigwLeftFoot-rotz-sampler" target="mixamorigwLeftFoot/rotateZ.ANGLE" />
      <sampler id="hpl_mixamorigwLeftFoot-roty-sampler"><input semantic="INPUT" source="#hpl_mixamorigwLeftFoot-time" /><input semantic="OUTPUT" source="#hpl_mixamorigwLeftFoot-roty" /></sampler><channel source="#hpl_mixamorigwLeftFoot-roty-sampler" target="mixamorigwLeftFoot/rotateY.ANGLE" />
      <sampler id="hpl_mixamorigwLeftFoot-rotx-sampler"><input semantic="INPUT" source="#hpl_mixamorigwLeftFoot-time" /><input semantic="OUTPUT" source="#hpl_mixamorigwLeftFoot-rotx" /></sampler><channel source="#hpl_mixamorigwLeftFoot-rotx-sampler" target="mixamorigwLeftFoot/rotateX.ANGLE" />
    </animation>
    <animation id="hpl_mixamorigwLeftToeBase">
      <source id="hpl_mixamorigwLeftToeBase-time"><float_array id="hpl_mixamorigwLeftToeBase-time-array" count="102">0 1 2 3 4 5 6 7 8 9 10 11 12 13 14 15 16 17 18 19 20 21 22 23 24 25 26 27 28 29 30 31 32 33 34 35 36 37 38 39 40 41 42 43 44 45 46 47 48 49 50 51 52 53 54 55 56 57 58 59 60 61 62 63 64 65 66 67 68 69 70 71 72 73 74 75 76 77 78 79 80 81 82 83 84 85 86 87 88 89 90 91 92 93 94 95 96 97 98 99 100 101</float_array><technique_common><accessor source="#hpl_mixamorigwLeftToeBase-time-array" count="102" stride="1" /></technique_common></source>
      <source id="hpl_mixamorigwLeftToeBase-trans"><float_array id="hpl_mixamorigwLeftToeBase-trans-array" count="306">-1.43007e-07 0.174434 8.64634e-08 -1.43007e-07 0.174434 8.64634e-08 -1.43007e-07 0.174434 8.64634e-08 -1.43007e-07 0.174434 8.64634e-08 -1.43007e-07 0.174434 8.64634e-08 -1.43007e-07 0.174434 8.64634e-08 -1.43007e-07 0.174434 8.64634e-08 -1.43007e-07 0.174434 8.64634e-08 -1.43007e-07 0.174434 8.64634e-08 -1.43007e-07 0.174434 8.64634e-08 -1.43007e-07 0.174434 8.64634e-08 -1.43007e-07 0.174434 8.64634e-08 -1.43007e-07 0.174434 8.64634e-08 -1.43007e-07 0.174434 8.64634e-08 -1.43007e-07 0.174434 8.64634e-08 -1.43007e-07 0.174434 8.64634e-08 -1.43007e-07 0.174434 8.64634e-08 -1.43007e-07 0.174434 8.64634e-08 -1.43007e-07 0.174434 8.64634e-08 -1.43007e-07 0.174434 8.64634e-08 -1.43007e-07 0.174434 8.64634e-08 -1.43007e-07 0.174434 8.64634e-08 -1.43007e-07 0.174434 8.64634e-08 -1.43007e-07 0.174434 8.64634e-08 -1.43007e-07 0.174434 8.64634e-08 -1.43007e-07 0.174434 8.64634e-08 -1.43007e-07 0.174434 8.64634e-08 -1.43007e-07 0.174434 8.64634e-08 -1.43007e-07 0.174434 8.64634e-08 -1.43007e-07 0.174434 8.64634e-08 -1.43007e-07 0.174434 8.64634e-08 -1.43007e-07 0.174434 8.64634e-08 -1.43007e-07 0.174434 8.64634e-08 -1.43007e-07 0.174434 8.64634e-08 -1.43007e-07 0.174434 8.64634e-08 -1.43007e-07 0.174434 8.64634e-08 -1.43007e-07 0.174434 8.64634e-08 -1.43007e-07 0.174434 8.64634e-08 -1.43007e-07 0.174434 8.64634e-08 -1.43007e-07 0.174434 8.64634e-08 -1.43007e-07 0.174434 8.64634e-08 -1.43007e-07 0.174434 8.64634e-08 -1.43007e-07 0.174434 8.64634e-08 -1.43007e-07 0.174434 8.64634e-08 -1.43007e-07 0.174434 8.64634e-08 -1.43007e-07 0.174434 8.64634e-08 -1.43007e-07 0.174434 8.64634e-08 -1.43007e-07 0.174434 8.64634e-08 -1.43007e-07 0.174434 8.64634e-08 -1.43007e-07 0.174434 8.64634e-08 -1.43007e-07 0.174434 8.64634e-08 -1.43007e-07 0.174434 8.64634e-08 -1.43007e-07 0.174434 8.64634e-08 -1.43007e-07 0.174434 8.64634e-08 -1.43007e-07 0.174434 8.64634e-08 -1.43007e-07 0.174434 8.64634e-08 -1.43007e-07 0.174434 8.64634e-08 -1.43007e-07 0.174434 8.64634e-08 -1.43007e-07 0.174434 8.64634e-08 -1.43007e-07 0.174434 8.64634e-08 -1.43007e-07 0.174434 8.64634e-08 -1.43007e-07 0.174434 8.64634e-08 -1.43007e-07 0.174434 8.64634e-08 -1.43007e-07 0.174434 8.64634e-08 -1.43007e-07 0.174434 8.64634e-08 -1.43007e-07 0.174434 8.64634e-08 -1.43007e-07 0.174434 8.64634e-08 -1.43007e-07 0.174434 8.64634e-08 -1.43007e-07 0.174434 8.64634e-08 -1.43007e-07 0.174434 8.64634e-08 -1.43007e-07 0.174434 8.64634e-08 -1.43007e-07 0.174434 8.64634e-08 -1.43007e-07 0.174434 8.64634e-08 -1.43007e-07 0.174434 8.64634e-08 -1.43007e-07 0.174434 8.64634e-08 -1.43007e-07 0.174434 8.64634e-08 -1.43007e-07 0.174434 8.64634e-08 -1.43007e-07 0.174434 8.64634e-08 -1.43007e-07 0.174434 8.64634e-08 -1.43007e-07 0.174434 8.64634e-08 -1.43007e-07 0.174434 8.64634e-08 -1.43007e-07 0.174434 8.64634e-08 -1.43007e-07 0.174434 8.64634e-08 -1.43007e-07 0.174434 8.64634e-08 -1.43007e-07 0.174434 8.64634e-08 -1.43007e-07 0.174434 8.64634e-08 -1.43007e-07 0.174434 8.64634e-08 -1.43007e-07 0.174434 8.64634e-08 -1.43007e-07 0.174434 8.64634e-08 -1.43007e-07 0.174434 8.64634e-08 -1.43007e-07 0.174434 8.64634e-08 -1.43007e-07 0.174434 8.64634e-08 -1.43007e-07 0.174434 8.64634e-08 -1.43007e-07 0.174434 8.64634e-08 -1.43007e-07 0.174434 8.64634e-08 -1.43007e-07 0.174434 8.64634e-08 -1.43007e-07 0.174434 8.64634e-08 -1.43007e-07 0.174434 8.64634e-08 -1.43007e-07 0.174434 8.64634e-08 -1.43007e-07 0.174434 8.64634e-08 -1.43007e-07 0.174434 8.64634e-08 -1.43007e-07 0.174434 8.64634e-08</float_array><technique_common><accessor source="#hpl_mixamorigwLeftToeBase-trans-array" count="102" stride="3" /></technique_common></source>
      <source id="hpl_mixamorigwLeftToeBase-rotz"><float_array id="hpl_mixamorigwLeftToeBase-rotz-array" count="102">0.471704 0.478659 0.508353 0.539252 0.568339 0.586586 0.617643 0.61804 0.645259 0.710795 0.760199 0.74752 0.654351 0.57939 0.612879 0.618787 0.598651 0.593135 0.608718 0.629931 0.63137 0.603172 0.580336 0.561859 0.536443 0.482024 0.446495 0.434887 0.444277 0.455461 0.475726 0.430034 0.373718 0.364275 0.337331 0.366636 0.324663 0.302461 0.276118 0.296885 0.348472 0.413694 0.445991 0.456054 0.448803 0.443118 0.433935 0.461263 0.507613 0.547204 0.58482 0.592418 0.560478 0.560843 0.578628 0.657322 0.693244 0.68589 0.548837 0.531531 0.622093 0.607096 0.574822 0.58984 0.609643 0.629953 0.640383 0.625954 0.59792 0.565724 0.538879 0.527633 0.517029 0.503448 0.493855 0.47149 0.447628 0.422252 0.408323 0.416483 0.438206 0.473514 0.490689 0.476059 0.463302 0.42699 0.388053 0.392223 0.342622 0.343282 0.344503 0.331702 0.322235 0.345438 0.37154 0.391569 0.402028 0.39262 0.433115 0.476177 0.543481 0.471704</float_array><technique_common><accessor source="#hpl_mixamorigwLeftToeBase-rotz-array" count="102" stride="1" /></technique_common></source>
      <source id="hpl_mixamorigwLeftToeBase-roty"><float_array id="hpl_mixamorigwLeftToeBase-roty-array" count="102">0.613138 0.608836 0.614848 0.619964 0.628679 0.646568 0.680084 0.710071 0.743005 0.762038 0.723298 0.642076 0.575949 0.587642 0.579797 0.591603 0.631863 0.659801 0.678822 0.682008 0.659561 0.627258 0.605301 0.596683 0.579811 0.540713 0.527014 0.526939 0.548342 0.555002 0.615459 0.668428 0.617568 0.573967 0.540586 0.538096 0.513992 0.488247 0.457159 0.465729 0.494857 0.534409 0.551609 0.556034 0.552572 0.555571 0.552683 0.574095 0.599441 0.608736 0.621399 0.631111 0.641246 0.686528 0.702759 0.691727 0.551505 0.396422 0.438181 0.510079 0.537427 0.584298 0.621405 0.648025 0.678706 0.699083 0.707776 0.68209 0.645911 0.608507 0.564307 0.539377 0.523628 0.526244 0.515282 0.519259 0.510398 0.505531 0.508393 0.522473 0.534843 0.559902 0.599763 0.673146 0.708046 0.637544 0.599143 0.572144 0.534054 0.525883 0.520549 0.510142 0.506375 0.530227 0.560796 0.584707 0.605649 0.601488 0.634841 0.677189 0.736792 0.613138</float_array><technique_common><accessor source="#hpl_mixamorigwLeftToeBase-roty-array" count="102" stride="1" /></technique_common></source>
      <source id="hpl_mixamorigwLeftToeBase-rotx"><float_array id="hpl_mixamorigwLeftToeBase-rotx-array" count="102">-39.4182 -39.5071 -39.6171 -39.7439 -39.863 -39.8055 -39.6892 -39.5666 -39.7541 -40.3547 -41.7189 -43.019 -43.4836 -42.5856 -42.1303 -42.1026 -42.1148 -42.1332 -42.023 -41.8391 -41.6707 -41.5195 -41.3486 -41.2072 -41.1021 -41.0225 -40.9886 -40.9389 -40.8334 -40.8128 -40.556 -39.712 -39.3782 -39.3234 -39.4086 -39.4357 -39.21 -39.173 -39.2402 -39.2856 -39.3515 -39.4478 -39.5381 -39.5652 -39.5585 -39.5539 -39.5388 -39.5539 -39.6145 -39.7923 -40.001 -39.9616 -39.5759 -39.3385 -39.6065 -40.6394 -42.9594 -45.2156 -44.4574 -42.7135 -42.221 -42.0443 -41.8535 -41.6432 -41.3812 -41.1144 -40.9357 -40.8497 -40.8493 -40.9066 -40.9987 -41.0503 -41.082 -41.0734 -41.0674 -41.0586 -41.0492 -40.992 -40.9378 -40.9336 -40.9581 -40.9241 -40.6298 -39.9463 -39.5741 -39.4218 -39.3235 -39.3972 -39.2795 -39.1952 -39.1569 -39.1549 -39.1374 -39.0908 -39.0364 -38.9791 -38.9475 -38.9415 -38.9574 -38.978 -39.0466 -39.4182</float_array><technique_common><accessor source="#hpl_mixamorigwLeftToeBase-rotx-array" count="102" stride="1" /></technique_common></source>
      <sampler id="hpl_mixamorigwLeftToeBase-trans-sampler"><input semantic="INPUT" source="#hpl_mixamorigwLeftToeBase-time" /><input semantic="OUTPUT" source="#hpl_mixamorigwLeftToeBase-trans" /></sampler><channel source="#hpl_mixamorigwLeftToeBase-trans-sampler" target="mixamorigwLeftToeBase/translate" />
      <sampler id="hpl_mixamorigwLeftToeBase-rotz-sampler"><input semantic="INPUT" source="#hpl_mixamorigwLeftToeBase-time" /><input semantic="OUTPUT" source="#hpl_mixamorigwLeftToeBase-rotz" /></sampler><channel source="#hpl_mixamorigwLeftToeBase-rotz-sampler" target="mixamorigwLeftToeBase/rotateZ.ANGLE" />
      <sampler id="hpl_mixamorigwLeftToeBase-roty-sampler"><input semantic="INPUT" source="#hpl_mixamorigwLeftToeBase-time" /><input semantic="OUTPUT" source="#hpl_mixamorigwLeftToeBase-roty" /></sampler><channel source="#hpl_mixamorigwLeftToeBase-roty-sampler" target="mixamorigwLeftToeBase/rotateY.ANGLE" />
      <sampler id="hpl_mixamorigwLeftToeBase-rotx-sampler"><input semantic="INPUT" source="#hpl_mixamorigwLeftToeBase-time" /><input semantic="OUTPUT" source="#hpl_mixamorigwLeftToeBase-rotx" /></sampler><channel source="#hpl_mixamorigwLeftToeBase-rotx-sampler" target="mixamorigwLeftToeBase/rotateX.ANGLE" />
    </animation>
    <animation id="hpl_mixamorigwRightUpLeg">
      <source id="hpl_mixamorigwRightUpLeg-time"><float_array id="hpl_mixamorigwRightUpLeg-time-array" count="102">0 1 2 3 4 5 6 7 8 9 10 11 12 13 14 15 16 17 18 19 20 21 22 23 24 25 26 27 28 29 30 31 32 33 34 35 36 37 38 39 40 41 42 43 44 45 46 47 48 49 50 51 52 53 54 55 56 57 58 59 60 61 62 63 64 65 66 67 68 69 70 71 72 73 74 75 76 77 78 79 80 81 82 83 84 85 86 87 88 89 90 91 92 93 94 95 96 97 98 99 100 101</float_array><technique_common><accessor source="#hpl_mixamorigwRightUpLeg-time-array" count="102" stride="1" /></technique_common></source>
      <source id="hpl_mixamorigwRightUpLeg-trans"><float_array id="hpl_mixamorigwRightUpLeg-trans-array" count="306">-0.0945823 -0.0921287 -0.0283666 -0.0945823 -0.0921287 -0.0283666 -0.0945823 -0.0921287 -0.0283666 -0.0945823 -0.0921287 -0.0283666 -0.0945823 -0.0921287 -0.0283666 -0.0945823 -0.0921287 -0.0283666 -0.0945823 -0.0921287 -0.0283666 -0.0945823 -0.0921287 -0.0283666 -0.0945823 -0.0921287 -0.0283666 -0.0945823 -0.0921287 -0.0283666 -0.0945823 -0.0921287 -0.0283666 -0.0945823 -0.0921287 -0.0283666 -0.0945823 -0.0921287 -0.0283666 -0.0945823 -0.0921287 -0.0283666 -0.0945823 -0.0921287 -0.0283666 -0.0945823 -0.0921287 -0.0283666 -0.0945823 -0.0921287 -0.0283666 -0.0945823 -0.0921287 -0.0283666 -0.0945823 -0.0921287 -0.0283666 -0.0945823 -0.0921287 -0.0283666 -0.0945823 -0.0921287 -0.0283666 -0.0945823 -0.0921287 -0.0283666 -0.0945823 -0.0921287 -0.0283666 -0.0945823 -0.0921287 -0.0283666 -0.0945823 -0.0921287 -0.0283666 -0.0945823 -0.0921287 -0.0283666 -0.0945823 -0.0921287 -0.0283666 -0.0945823 -0.0921287 -0.0283666 -0.0945823 -0.0921287 -0.0283666 -0.0945823 -0.0921287 -0.0283666 -0.0945823 -0.0921287 -0.0283666 -0.0945823 -0.0921287 -0.0283666 -0.0945823 -0.0921287 -0.0283666 -0.0945823 -0.0921287 -0.0283666 -0.0945823 -0.0921287 -0.0283666 -0.0945823 -0.0921287 -0.0283666 -0.0945823 -0.0921287 -0.0283666 -0.0945823 -0.0921287 -0.0283666 -0.0945823 -0.0921287 -0.0283666 -0.0945823 -0.0921287 -0.0283666 -0.0945823 -0.0921287 -0.0283666 -0.0945823 -0.0921287 -0.0283666 -0.0945823 -0.0921287 -0.0283666 -0.0945823 -0.0921287 -0.0283666 -0.0945823 -0.0921287 -0.0283666 -0.0945823 -0.0921287 -0.0283666 -0.0945823 -0.0921287 -0.0283666 -0.0945823 -0.0921287 -0.0283666 -0.0945823 -0.0921287 -0.0283666 -0.0945823 -0.0921287 -0.0283666 -0.0945823 -0.0921287 -0.0283666 -0.0945823 -0.0921287 -0.0283666 -0.0945823 -0.0921287 -0.0283666 -0.0945823 -0.0921287 -0.0283666 -0.0945823 -0.0921287 -0.0283666 -0.0945823 -0.0921287 -0.0283666 -0.0945823 -0.0921287 -0.0283666 -0.0945823 -0.0921287 -0.0283666 -0.0945823 -0.0921287 -0.0283666 -0.0945823 -0.0921287 -0.0283666 -0.0945823 -0.0921287 -0.0283666 -0.0945823 -0.0921287 -0.0283666 -0.0945823 -0.0921287 -0.0283666 -0.0945823 -0.0921287 -0.0283666 -0.0945823 -0.0921287 -0.0283666 -0.0945823 -0.0921287 -0.0283666 -0.0945823 -0.0921287 -0.0283666 -0.0945823 -0.0921287 -0.0283666 -0.0945823 -0.0921287 -0.0283666 -0.0945823 -0.0921287 -0.0283666 -0.0945823 -0.0921287 -0.0283666 -0.0945823 -0.0921287 -0.0283666 -0.0945823 -0.0921287 -0.0283666 -0.0945823 -0.0921287 -0.0283666 -0.0945823 -0.0921287 -0.0283666 -0.0945823 -0.0921287 -0.0283666 -0.0945823 -0.0921287 -0.0283666 -0.0945823 -0.0921287 -0.0283666 -0.0945823 -0.0921287 -0.0283666 -0.0945823 -0.0921287 -0.0283666 -0.0945823 -0.0921287 -0.0283666 -0.0945823 -0.0921287 -0.0283666 -0.0945823 -0.0921287 -0.0283666 -0.0945823 -0.0921287 -0.0283666 -0.0945823 -0.0921287 -0.0283666 -0.0945823 -0.0921287 -0.0283666 -0.0945823 -0.0921287 -0.0283666 -0.0945823 -0.0921287 -0.0283666 -0.0945823 -0.0921287 -0.0283666 -0.0945823 -0.0921287 -0.0283666 -0.0945823 -0.0921287 -0.0283666 -0.0945823 -0.0921287 -0.0283666 -0.0945823 -0.0921287 -0.0283666 -0.0945823 -0.0921287 -0.0283666 -0.0945823 -0.0921287 -0.0283666 -0.0945823 -0.0921287 -0.0283666 -0.0945823 -0.0921287 -0.0283666 -0.0945823 -0.0921287 -0.0283666 -0.0945823 -0.0921287 -0.0283666 -0.0945823 -0.0921287 -0.0283666 -0.0945823 -0.0921287 -0.0283666 -0.0945823 -0.0921287 -0.0283666</float_array><technique_common><accessor source="#hpl_mixamorigwRightUpLeg-trans-array" count="102" stride="3" /></technique_common></source>
      <source id="hpl_mixamorigwRightUpLeg-rotz"><float_array id="hpl_mixamorigwRightUpLeg-rotz-array" count="102">-7.91315 -6.43252 -5.35688 -4.62611 -4.18594 -3.89169 -3.20323 -1.80699 -0.195722 1.18594 2.01836 2.09889 1.5935 0.891065 0.150137 -0.568046 -1.23794 -1.73781 -2.22978 -2.76185 -3.35277 -3.9367 -4.57979 -5.31263 -6.13603 -7.07083 -8.03617 -9.18958 -10.4368 -11.8248 -13.1986 -14.5692 -16.0799 -17.881 -19.6571 -20.9004 -21.3822 -21.2487 -20.6781 -19.5285 -17.7654 -15.7335 -13.6748 -11.7707 -10.0053 -8.33949 -6.68106 -5.15433 -3.77359 -2.56139 -1.66213 -1.1826 -0.48062 1.11155 2.92138 4.0361 4.20914 3.52615 2.17226 0.753982 -0.482879 -1.49031 -2.31195 -2.94775 -3.49234 -4.06747 -4.65761 -5.06954 -5.53194 -5.94118 -6.2142 -6.55124 -6.84098 -7.19148 -7.52669 -7.84983 -8.26967 -8.74619 -9.38039 -10.0714 -10.876 -11.7437 -12.6971 -13.6838 -15.068 -16.8105 -18.9379 -20.6515 -21.5253 -21.5992 -21.1398 -20.285 -18.9862 -17.3339 -15.5006 -13.5147 -11.5104 -9.41835 -7.35618 -5.41255 -3.96253 -7.91315</float_array><technique_common><accessor source="#hpl_mixamorigwRightUpLeg-rotz-array" count="102" stride="1" /></technique_common></source>
      <source id="hpl_mixamorigwRightUpLeg-roty"><float_array id="hpl_mixamorigwRightUpLeg-roty-array" count="102">-40.3178 -41.4934 -41.893 -41.4992 -40.4528 -39.035 -37.4056 -35.6019 -33.7273 -32.0282 -30.6319 -29.4186 -28.3552 -27.4517 -26.6597 -25.8578 -24.9834 -24.0763 -23.2664 -22.5853 -22 -21.4751 -20.9794 -20.5815 -20.2914 -20.0215 -19.6957 -19.2248 -18.6856 -18.0807 -17.3422 -16.5038 -15.6383 -14.8899 -13.6867 -12.1604 -10.732 -10.256 -11.0202 -12.4306 -14.3168 -16.735 -19.8642 -23.6314 -27.6464 -31.2916 -34.3321 -36.6586 -38.1967 -38.9891 -39.2096 -39.1113 -38.4823 -36.8608 -34.6464 -32.5539 -31.2067 -30.3088 -29.7229 -29.3807 -29.1522 -28.761 -28.0951 -27.267 -26.4152 -25.6379 -24.9897 -24.5947 -24.2684 -23.998 -23.6943 -23.3116 -22.9454 -22.4727 -21.9447 -21.3346 -20.6197 -19.8383 -18.993 -18.1294 -17.2606 -16.3761 -15.4125 -14.3082 -13.2886 -12.4516 -11.7676 -11.2449 -10.9998 -11.1778 -12.1243 -13.553 -15.3469 -17.4136 -19.7056 -21.9885 -24.0873 -25.8958 -27.3857 -28.6971 -29.8362 -40.3178</float_array><technique_common><accessor source="#hpl_mixamorigwRightUpLeg-roty-array" count="102" stride="1" /></technique_common></source>
      <source id="hpl_mixamorigwRightUpLeg-rotx"><float_array id="hpl_mixamorigwRightUpLeg-rotx-array" count="102">-159.474 -157.847 -156.004 -154.016 -152.037 -150.265 -149.081 -149.003 -150.001 -151.75 -152.882 -153.397 -153.637 -153.658 -153.406 -153.234 -152.919 -152.552 -152.075 -151.978 -152.318 -152.929 -153.536 -154.153 -155.085 -155.97 -156.971 -157.913 -158.885 -159.745 -160.541 -161.297 -162.02 -162.23 -161.842 -161.69 -162.202 -162.705 -162.472 -161.924 -161.486 -161.068 -160.588 -159.84 -158.77 -157.434 -156.08 -154.686 -153.349 -152.14 -151.068 -150.252 -149.756 -149.887 -150.849 -152.325 -152.483 -151.337 -149.737 -148.227 -147.322 -146.655 -146.281 -145.833 -145.015 -143.994 -142.714 -142.894 -142.986 -143.002 -143.723 -144.87 -145.86 -146.92 -147.89 -148.88 -149.948 -150.965 -151.908 -152.836 -153.688 -154.508 -155.358 -156.294 -157.5 -158.609 -159.083 -159.488 -160.252 -161.302 -162.141 -162.513 -162.818 -162.968 -162.934 -162.656 -162.047 -161.314 -160.272 -159.252 -158.304 -159.474</float_array><technique_common><accessor source="#hpl_mixamorigwRightUpLeg-rotx-array" count="102" stride="1" /></technique_common></source>
      <sampler id="hpl_mixamorigwRightUpLeg-trans-sampler"><input semantic="INPUT" source="#hpl_mixamorigwRightUpLeg-time" /><input semantic="OUTPUT" source="#hpl_mixamorigwRightUpLeg-trans" /></sampler><channel source="#hpl_mixamorigwRightUpLeg-trans-sampler" target="mixamorigwRightUpLeg/translate" />
      <sampler id="hpl_mixamorigwRightUpLeg-rotz-sampler"><input semantic="INPUT" source="#hpl_mixamorigwRightUpLeg-time" /><input semantic="OUTPUT" source="#hpl_mixamorigwRightUpLeg-rotz" /></sampler><channel source="#hpl_mixamorigwRightUpLeg-rotz-sampler" target="mixamorigwRightUpLeg/rotateZ.ANGLE" />
      <sampler id="hpl_mixamorigwRightUpLeg-roty-sampler"><input semantic="INPUT" source="#hpl_mixamorigwRightUpLeg-time" /><input semantic="OUTPUT" source="#hpl_mixamorigwRightUpLeg-roty" /></sampler><channel source="#hpl_mixamorigwRightUpLeg-roty-sampler" target="mixamorigwRightUpLeg/rotateY.ANGLE" />
      <sampler id="hpl_mixamorigwRightUpLeg-rotx-sampler"><input semantic="INPUT" source="#hpl_mixamorigwRightUpLeg-time" /><input semantic="OUTPUT" source="#hpl_mixamorigwRightUpLeg-rotx" /></sampler><channel source="#hpl_mixamorigwRightUpLeg-rotx-sampler" target="mixamorigwRightUpLeg/rotateX.ANGLE" />
    </animation>
    <animation id="hpl_mixamorigwRightLeg">
      <source id="hpl_mixamorigwRightLeg-time"><float_array id="hpl_mixamorigwRightLeg-time-array" count="102">0 1 2 3 4 5 6 7 8 9 10 11 12 13 14 15 16 17 18 19 20 21 22 23 24 25 26 27 28 29 30 31 32 33 34 35 36 37 38 39 40 41 42 43 44 45 46 47 48 49 50 51 52 53 54 55 56 57 58 59 60 61 62 63 64 65 66 67 68 69 70 71 72 73 74 75 76 77 78 79 80 81 82 83 84 85 86 87 88 89 90 91 92 93 94 95 96 97 98 99 100 101</float_array><technique_common><accessor source="#hpl_mixamorigwRightLeg-time-array" count="102" stride="1" /></technique_common></source>
      <source id="hpl_mixamorigwRightLeg-trans"><float_array id="hpl_mixamorigwRightLeg-trans-array" count="306">-4.47169e-08 0.367192 2.558e-07 -4.47169e-08 0.367192 2.558e-07 -4.47169e-08 0.367192 2.558e-07 -4.47169e-08 0.367192 2.558e-07 -4.47169e-08 0.367192 2.558e-07 -4.47169e-08 0.367192 2.558e-07 -4.47169e-08 0.367192 2.558e-07 -4.47169e-08 0.367192 2.558e-07 -4.47169e-08 0.367192 2.558e-07 -4.47169e-08 0.367192 2.558e-07 -4.47169e-08 0.367192 2.558e-07 -4.47169e-08 0.367192 2.558e-07 -4.47169e-08 0.367192 2.558e-07 -4.47169e-08 0.367192 2.558e-07 -4.47169e-08 0.367192 2.558e-07 -4.47169e-08 0.367192 2.558e-07 -4.47169e-08 0.367192 2.558e-07 -4.47169e-08 0.367192 2.558e-07 -4.47169e-08 0.367192 2.558e-07 -4.47169e-08 0.367192 2.558e-07 -4.47169e-08 0.367192 2.558e-07 -4.47169e-08 0.367192 2.558e-07 -4.47169e-08 0.367192 2.558e-07 -4.47169e-08 0.367192 2.558e-07 -4.47169e-08 0.367192 2.558e-07 -4.47169e-08 0.367192 2.558e-07 -4.47169e-08 0.367192 2.558e-07 -4.47169e-08 0.367192 2.558e-07 -4.47169e-08 0.367192 2.558e-07 -4.47169e-08 0.367192 2.558e-07 -4.47169e-08 0.367192 2.558e-07 -4.47169e-08 0.367192 2.558e-07 -4.47169e-08 0.367192 2.558e-07 -4.47169e-08 0.367192 2.558e-07 -4.47169e-08 0.367192 2.558e-07 -4.47169e-08 0.367192 2.558e-07 -4.47169e-08 0.367192 2.558e-07 -4.47169e-08 0.367192 2.558e-07 -4.47169e-08 0.367192 2.558e-07 -4.47169e-08 0.367192 2.558e-07 -4.47169e-08 0.367192 2.558e-07 -4.47169e-08 0.367192 2.558e-07 -4.47169e-08 0.367192 2.558e-07 -4.47169e-08 0.367192 2.558e-07 -4.47169e-08 0.367192 2.558e-07 -4.47169e-08 0.367192 2.558e-07 -4.47169e-08 0.367192 2.558e-07 -4.47169e-08 0.367192 2.558e-07 -4.47169e-08 0.367192 2.558e-07 -4.47169e-08 0.367192 2.558e-07 -4.47169e-08 0.367192 2.558e-07 -4.47169e-08 0.367192 2.558e-07 -4.47169e-08 0.367192 2.558e-07 -4.47169e-08 0.367192 2.558e-07 -4.47169e-08 0.367192 2.558e-07 -4.47169e-08 0.367192 2.558e-07 -4.47169e-08 0.367192 2.558e-07 -4.47169e-08 0.367192 2.558e-07 -4.47169e-08 0.367192 2.558e-07 -4.47169e-08 0.367192 2.558e-07 -4.47169e-08 0.367192 2.558e-07 -4.47169e-08 0.367192 2.558e-07 -4.47169e-08 0.367192 2.558e-07 -4.47169e-08 0.367192 2.558e-07 -4.47169e-08 0.367192 2.558e-07 -4.47169e-08 0.367192 2.558e-07 -4.47169e-08 0.367192 2.558e-07 -4.47169e-08 0.367192 2.558e-07 -4.47169e-08 0.367192 2.558e-07 -4.47169e-08 0.367192 2.558e-07 -4.47169e-08 0.367192 2.558e-07 -4.47169e-08 0.367192 2.558e-07 -4.47169e-08 0.367192 2.558e-07 -4.47169e-08 0.367192 2.558e-07 -4.47169e-08 0.367192 2.558e-07 -4.47169e-08 0.367192 2.558e-07 -4.47169e-08 0.367192 2.558e-07 -4.47169e-08 0.367192 2.558e-07 -4.47169e-08 0.367192 2.558e-07 -4.47169e-08 0.367192 2.558e-07 -4.47169e-08 0.367192 2.558e-07 -4.47169e-08 0.367192 2.558e-07 -4.47169e-08 0.367192 2.558e-07 -4.47169e-08 0.367192 2.558e-07 -4.47169e-08 0.367192 2.558e-07 -4.47169e-08 0.367192 2.558e-07 -4.47169e-08 0.367192 2.558e-07 -4.47169e-08 0.367192 2.558e-07 -4.47169e-08 0.367192 2.558e-07 -4.47169e-08 0.367192 2.558e-07 -4.47169e-08 0.367192 2.558e-07 -4.47169e-08 0.367192 2.558e-07 -4.47169e-08 0.367192 2.558e-07 -4.47169e-08 0.367192 2.558e-07 -4.47169e-08 0.367192 2.558e-07 -4.47169e-08 0.367192 2.558e-07 -4.47169e-08 0.367192 2.558e-07 -4.47169e-08 0.367192 2.558e-07 -4.47169e-08 0.367192 2.558e-07 -4.47169e-08 0.367192 2.558e-07 -4.47169e-08 0.367192 2.558e-07 -4.47169e-08 0.367192 2.558e-07</float_array><technique_common><accessor source="#hpl_mixamorigwRightLeg-trans-array" count="102" stride="3" /></technique_common></source>
      <source id="hpl_mixamorigwRightLeg-rotz"><float_array id="hpl_mixamorigwRightLeg-rotz-array" count="102">1.9801 1.89622 1.73225 1.53745 1.36932 1.23798 1.13401 1.10223 1.05802 1.02951 0.992047 0.904104 0.825762 0.737652 0.681549 0.658648 0.616639 0.560709 0.498008 0.479177 0.505994 0.553645 0.612197 0.682719 0.795571 0.910575 1.02426 1.11627 1.17308 1.19772 1.18388 1.17285 1.09085 0.949856 0.722585 0.489842 0.471996 0.641836 0.669166 0.645598 0.759032 0.990177 1.2833 1.5458 1.74935 1.87396 1.88916 1.78521 1.60116 1.35619 1.16355 1.04828 1.01301 1.02569 1.03846 1.08162 1.07637 1.01714 0.87268 0.74679 0.706642 0.654172 0.582065 0.484131 0.360077 0.219935 0.0716292 0.071078 0.0710653 0.0704609 0.129269 0.222686 0.304957 0.400764 0.499647 0.605036 0.709038 0.802346 0.877742 0.927442 0.960954 0.983794 0.993435 0.97728 0.967273 0.870195 0.755754 0.604613 0.515422 0.53718 0.617402 0.702857 0.774852 0.898805 1.11502 1.34097 1.52944 1.66495 1.71802 1.71479 1.64893 1.9801</float_array><technique_common><accessor source="#hpl_mixamorigwRightLeg-rotz-array" count="102" stride="1" /></technique_common></source>
      <source id="hpl_mixamorigwRightLeg-roty"><float_array id="hpl_mixamorigwRightLeg-roty-array" count="102">-3.57023 -3.36716 -3.16297 -3.06399 -2.99692 -3.03038 -3.00945 -3.02245 -3.00123 -2.9864 -2.92876 -2.89261 -2.89205 -2.93808 -2.9922 -3.02942 -3.05084 -3.04731 -3.04057 -3.02693 -3.01791 -3.02468 -3.04738 -3.12202 -3.22027 -3.34228 -3.44986 -3.55819 -3.69291 -3.848 -3.99133 -4.11454 -4.15152 -4.24928 -4.19064 -4.38068 -4.54305 -4.55396 -4.45011 -4.32772 -4.23383 -4.18551 -4.17363 -4.20979 -4.18581 -4.01831 -3.75069 -3.46578 -3.20807 -3.03078 -2.869 -2.77282 -2.59881 -2.45036 -2.30766 -2.27106 -2.28263 -2.29859 -2.37754 -2.4544 -2.59179 -2.68022 -2.75051 -2.74282 -2.73448 -2.71508 -2.7436 -2.77129 -2.80026 -2.83395 -2.84751 -2.88643 -2.95251 -3.01776 -3.08055 -3.13427 -3.19147 -3.26236 -3.33069 -3.4203 -3.52487 -3.63645 -3.736 -3.77679 -3.84042 -4.03497 -4.084 -4.26489 -4.34489 -4.34566 -4.27082 -4.19697 -4.16013 -4.13456 -4.14362 -4.14368 -4.12908 -4.0221 -3.83001 -3.61671 -3.3534 -3.57023</float_array><technique_common><accessor source="#hpl_mixamorigwRightLeg-roty-array" count="102" stride="1" /></technique_common></source>
      <source id="hpl_mixamorigwRightLeg-rotx"><float_array id="hpl_mixamorigwRightLeg-rotx-array" count="102">49.9608 50.4866 49.2587 45.9271 40.6829 34.5766 29.3693 26.1427 24.5013 23.9455 22.7925 21.4393 20.1898 18.9798 17.5503 16.1905 14.632 12.9786 11.4658 10.9169 11.4255 12.5607 13.7714 15.128 17.1685 19.2032 21.2248 23.0127 24.6253 25.8663 26.7343 27.0648 26.4148 23.736 19.5318 15.0488 11.7078 10.5296 11.1336 13.5241 17.7249 22.9408 28.7476 34.4568 39.3289 42.7504 44.748 45.118 43.7738 40.6287 36.0551 31.0953 27.485 25.4817 24.6106 24.9051 23.928 21.9064 19.7424 17.6589 16.1917 14.4892 12.8399 10.7812 7.94065 4.86198 1.61571 1.61572 1.61569 1.6157 2.99283 5.23934 7.15987 9.28297 11.2944 13.3109 15.3564 17.2712 18.9567 20.4402 21.601 22.4462 23.0099 23.2357 22.9372 21.9042 19.3224 16.261 13.535 12.3651 13.4802 16.3044 20.3662 25.0579 30.0135 34.7558 38.5806 41.2341 42.4375 42.6019 41.928 49.9608</float_array><technique_common><accessor source="#hpl_mixamorigwRightLeg-rotx-array" count="102" stride="1" /></technique_common></source>
      <sampler id="hpl_mixamorigwRightLeg-trans-sampler"><input semantic="INPUT" source="#hpl_mixamorigwRightLeg-time" /><input semantic="OUTPUT" source="#hpl_mixamorigwRightLeg-trans" /></sampler><channel source="#hpl_mixamorigwRightLeg-trans-sampler" target="mixamorigwRightLeg/translate" />
      <sampler id="hpl_mixamorigwRightLeg-rotz-sampler"><input semantic="INPUT" source="#hpl_mixamorigwRightLeg-time" /><input semantic="OUTPUT" source="#hpl_mixamorigwRightLeg-rotz" /></sampler><channel source="#hpl_mixamorigwRightLeg-rotz-sampler" target="mixamorigwRightLeg/rotateZ.ANGLE" />
      <sampler id="hpl_mixamorigwRightLeg-roty-sampler"><input semantic="INPUT" source="#hpl_mixamorigwRightLeg-time" /><input semantic="OUTPUT" source="#hpl_mixamorigwRightLeg-roty" /></sampler><channel source="#hpl_mixamorigwRightLeg-roty-sampler" target="mixamorigwRightLeg/rotateY.ANGLE" />
      <sampler id="hpl_mixamorigwRightLeg-rotx-sampler"><input semantic="INPUT" source="#hpl_mixamorigwRightLeg-time" /><input semantic="OUTPUT" source="#hpl_mixamorigwRightLeg-rotx" /></sampler><channel source="#hpl_mixamorigwRightLeg-rotx-sampler" target="mixamorigwRightLeg/rotateX.ANGLE" />
    </animation>
    <animation id="hpl_mixamorigwRightFoot">
      <source id="hpl_mixamorigwRightFoot-time"><float_array id="hpl_mixamorigwRightFoot-time-array" count="102">0 1 2 3 4 5 6 7 8 9 10 11 12 13 14 15 16 17 18 19 20 21 22 23 24 25 26 27 28 29 30 31 32 33 34 35 36 37 38 39 40 41 42 43 44 45 46 47 48 49 50 51 52 53 54 55 56 57 58 59 60 61 62 63 64 65 66 67 68 69 70 71 72 73 74 75 76 77 78 79 80 81 82 83 84 85 86 87 88 89 90 91 92 93 94 95 96 97 98 99 100 101</float_array><technique_common><accessor source="#hpl_mixamorigwRightFoot-time-array" count="102" stride="1" /></technique_common></source>
      <source id="hpl_mixamorigwRightFoot-trans"><float_array id="hpl_mixamorigwRightFoot-trans-array" count="306">-6.19872e-08 0.373775 2.85636e-07 -6.19872e-08 0.373775 2.85636e-07 -6.19872e-08 0.373775 2.85636e-07 -6.19872e-08 0.373775 2.85636e-07 -6.19872e-08 0.373775 2.85636e-07 -6.19872e-08 0.373775 2.85636e-07 -6.19872e-08 0.373775 2.85636e-07 -6.19872e-08 0.373775 2.85636e-07 -6.19872e-08 0.373775 2.85636e-07 -6.19872e-08 0.373775 2.85636e-07 -6.19872e-08 0.373775 2.85636e-07 -6.19872e-08 0.373775 2.85636e-07 -6.19872e-08 0.373775 2.85636e-07 -6.19872e-08 0.373775 2.85636e-07 -6.19872e-08 0.373775 2.85636e-07 -6.19872e-08 0.373775 2.85636e-07 -6.19872e-08 0.373775 2.85636e-07 -6.19872e-08 0.373775 2.85636e-07 -6.19872e-08 0.373775 2.85636e-07 -6.19872e-08 0.373775 2.85636e-07 -6.19872e-08 0.373775 2.85636e-07 -6.19872e-08 0.373775 2.85636e-07 -6.19872e-08 0.373775 2.85636e-07 -6.19872e-08 0.373775 2.85636e-07 -6.19872e-08 0.373775 2.85636e-07 -6.19872e-08 0.373775 2.85636e-07 -6.19872e-08 0.373775 2.85636e-07 -6.19872e-08 0.373775 2.85636e-07 -6.19872e-08 0.373775 2.85636e-07 -6.19872e-08 0.373775 2.85636e-07 -6.19872e-08 0.373775 2.85636e-07 -6.19872e-08 0.373775 2.85636e-07 -6.19872e-08 0.373775 2.85636e-07 -6.19872e-08 0.373775 2.85636e-07 -6.19872e-08 0.373775 2.85636e-07 -6.19872e-08 0.373775 2.85636e-07 -6.19872e-08 0.373775 2.85636e-07 -6.19872e-08 0.373775 2.85636e-07 -6.19872e-08 0.373775 2.85636e-07 -6.19872e-08 0.373775 2.85636e-07 -6.19872e-08 0.373775 2.85636e-07 -6.19872e-08 0.373775 2.85636e-07 -6.19872e-08 0.373775 2.85636e-07 -6.19872e-08 0.373775 2.85636e-07 -6.19872e-08 0.373775 2.85636e-07 -6.19872e-08 0.373775 2.85636e-07 -6.19872e-08 0.373775 2.85636e-07 -6.19872e-08 0.373775 2.85636e-07 -6.19872e-08 0.373775 2.85636e-07 -6.19872e-08 0.373775 2.85636e-07 -6.19872e-08 0.373775 2.85636e-07 -6.19872e-08 0.373775 2.85636e-07 -6.19872e-08 0.373775 2.85636e-07 -6.19872e-08 0.373775 2.85636e-07 -6.19872e-08 0.373775 2.85636e-07 -6.19872e-08 0.373775 2.85636e-07 -6.19872e-08 0.373775 2.85636e-07 -6.19872e-08 0.373775 2.85636e-07 -6.19872e-08 0.373775 2.85636e-07 -6.19872e-08 0.373775 2.85636e-07 -6.19872e-08 0.373775 2.85636e-07 -6.19872e-08 0.373775 2.85636e-07 -6.19872e-08 0.373775 2.85636e-07 -6.19872e-08 0.373775 2.85636e-07 -6.19872e-08 0.373775 2.85636e-07 -6.19872e-08 0.373775 2.85636e-07 -6.19872e-08 0.373775 2.85636e-07 -6.19872e-08 0.373775 2.85636e-07 -6.19872e-08 0.373775 2.85636e-07 -6.19872e-08 0.373775 2.85636e-07 -6.19872e-08 0.373775 2.85636e-07 -6.19872e-08 0.373775 2.85636e-07 -6.19872e-08 0.373775 2.85636e-07 -6.19872e-08 0.373775 2.85636e-07 -6.19872e-08 0.373775 2.85636e-07 -6.19872e-08 0.373775 2.85636e-07 -6.19872e-08 0.373775 2.85636e-07 -6.19872e-08 0.373775 2.85636e-07 -6.19872e-08 0.373775 2.85636e-07 -6.19872e-08 0.373775 2.85636e-07 -6.19872e-08 0.373775 2.85636e-07 -6.19872e-08 0.373775 2.85636e-07 -6.19872e-08 0.373775 2.85636e-07 -6.19872e-08 0.373775 2.85636e-07 -6.19872e-08 0.373775 2.85636e-07 -6.19872e-08 0.373775 2.85636e-07 -6.19872e-08 0.373775 2.85636e-07 -6.19872e-08 0.373775 2.85636e-07 -6.19872e-08 0.373775 2.85636e-07 -6.19872e-08 0.373775 2.85636e-07 -6.19872e-08 0.373775 2.85636e-07 -6.19872e-08 0.373775 2.85636e-07 -6.19872e-08 0.373775 2.85636e-07 -6.19872e-08 0.373775 2.85636e-07 -6.19872e-08 0.373775 2.85636e-07 -6.19872e-08 0.373775 2.85636e-07 -6.19872e-08 0.373775 2.85636e-07 -6.19872e-08 0.373775 2.85636e-07 -6.19872e-08 0.373775 2.85636e-07 -6.19872e-08 0.373775 2.85636e-07 -6.19872e-08 0.373775 2.85636e-07 -6.19872e-08 0.373775 2.85636e-07</float_array><technique_common><accessor source="#hpl_mixamorigwRightFoot-trans-array" count="102" stride="3" /></technique_common></source>
      <source id="hpl_mixamorigwRightFoot-rotz"><float_array id="hpl_mixamorigwRightFoot-rotz-array" count="102">-8.93188 -11.9777 -14.6561 -16.0715 -15.0114 -9.92136 -2.58318 2.67269 4.92623 4.97668 4.06826 3.11015 2.07069 1.10804 0.396638 -0.24928 -0.853965 -1.31737 -1.77979 -2.45081 -3.37679 -4.36743 -5.39501 -6.511 -7.81087 -9.21128 -10.6262 -12.1353 -13.6733 -15.3277 -17.0112 -18.6037 -20.0131 -20.5283 -20.2611 -18.5823 -14.2264 -8.4183 -4.53036 -2.65183 -1.85309 -1.80453 -2.88535 -4.85737 -7.14593 -9.46866 -12.073 -15.1993 -18.6199 -20.9684 -20.8869 -15.7969 -4.92136 2.91119 6.25034 6.68772 6.36901 5.74593 4.62894 3.5215 2.67951 2.08843 1.49838 1.03767 0.820552 0.752887 0.817149 0.391036 -0.117973 -0.630986 -1.35526 -2.36724 -3.1851 -4.1206 -5.01355 -5.90674 -6.9646 -8.07958 -9.31382 -10.6208 -12.0248 -13.496 -15.1554 -16.8855 -18.4245 -19.3469 -19.431 -18.3394 -14.5466 -8.81363 -5.24517 -5.03526 -5.56623 -6.01834 -6.64303 -7.56108 -8.76402 -9.96416 -11.109 -12.0457 -12.3471 -8.93188</float_array><technique_common><accessor source="#hpl_mixamorigwRightFoot-rotz-array" count="102" stride="1" /></technique_common></source>
      <source id="hpl_mixamorigwRightFoot-roty"><float_array id="hpl_mixamorigwRightFoot-roty-array" count="102">15.2777 9.43482 2.98921 -2.01465 -4.04125 -3.47512 -1.62072 0.421247 2.77753 4.79208 6.82607 8.71909 10.1631 11.4436 12.4636 13.4246 14.5104 15.6518 16.6728 17.4784 18.165 18.7481 19.123 19.3677 19.3312 19.1879 19.0073 18.7614 18.4466 18.0812 17.6873 17.2064 16.6337 16.4791 16.6814 17.5433 19.8198 22.2271 23.3855 23.715 23.7882 23.8336 23.4393 22.206 20.2676 17.5629 13.7432 8.35374 1.53402 -4.3065 -7.09589 -6.39398 -2.82573 1.87378 6.8219 10.6968 13.7471 15.6171 16.1681 15.7974 15.4146 15.3697 15.7784 16.3394 16.9109 17.3168 17.5463 17.6896 17.7906 18.0217 18.261 18.4939 18.6577 18.7043 18.7753 18.896 18.998 19.0376 18.9829 18.896 18.7085 18.3955 18.0556 17.6483 17.1005 16.7443 16.857 17.655 19.8083 22.155 23.0195 22.5082 21.5915 20.7171 20.071 19.3409 18.3984 17.1652 15.3612 12.9317 10.6575 15.2777</float_array><technique_common><accessor source="#hpl_mixamorigwRightFoot-roty-array" count="102" stride="1" /></technique_common></source>
      <source id="hpl_mixamorigwRightFoot-rotx"><float_array id="hpl_mixamorigwRightFoot-rotx-array" count="102">-61.5029 -59.7386 -56.9201 -53.9405 -52.4061 -53.3631 -56.944 -61.4855 -66.0758 -70.6061 -73.388 -74.7339 -75.429 -75.0369 -74.2115 -73.0443 -71.7697 -70.4908 -69.5838 -69.2274 -69.3845 -69.6488 -69.9717 -70.3695 -71.0468 -71.6922 -72.1855 -72.3378 -72.2661 -71.8713 -71.1617 -70.4695 -68.9947 -65.5949 -60.6859 -55.0896 -50.2888 -48.2816 -49.1087 -51.058 -53.4615 -55.9079 -58.4102 -60.5929 -61.9415 -62.2637 -61.6531 -59.8644 -56.7099 -53.1783 -50.9359 -51.584 -55.9928 -61.3984 -65.8762 -70.2883 -72.8571 -74.0694 -74.906 -75.5028 -75.2171 -74.1691 -72.7687 -71.021 -68.9617 -66.8911 -64.7559 -64.3695 -63.9121 -63.5124 -63.5979 -64.3295 -65.0066 -65.8681 -66.7586 -67.6177 -68.3995 -69.0565 -69.5526 -69.8636 -70.004 -70.0426 -69.887 -69.5474 -68.8815 -67.0804 -62.8379 -57.2268 -51.5305 -47.1769 -46.6369 -48.9563 -52.0109 -55.0997 -58.244 -61.1771 -63.8954 -66.1249 -67.6574 -68.5436 -68.8317 -61.5029</float_array><technique_common><accessor source="#hpl_mixamorigwRightFoot-rotx-array" count="102" stride="1" /></technique_common></source>
      <sampler id="hpl_mixamorigwRightFoot-trans-sampler"><input semantic="INPUT" source="#hpl_mixamorigwRightFoot-time" /><input semantic="OUTPUT" source="#hpl_mixamorigwRightFoot-trans" /></sampler><channel source="#hpl_mixamorigwRightFoot-trans-sampler" target="mixamorigwRightFoot/translate" />
      <sampler id="hpl_mixamorigwRightFoot-rotz-sampler"><input semantic="INPUT" source="#hpl_mixamorigwRightFoot-time" /><input semantic="OUTPUT" source="#hpl_mixamorigwRightFoot-rotz" /></sampler><channel source="#hpl_mixamorigwRightFoot-rotz-sampler" target="mixamorigwRightFoot/rotateZ.ANGLE" />
      <sampler id="hpl_mixamorigwRightFoot-roty-sampler"><input semantic="INPUT" source="#hpl_mixamorigwRightFoot-time" /><input semantic="OUTPUT" source="#hpl_mixamorigwRightFoot-roty" /></sampler><channel source="#hpl_mixamorigwRightFoot-roty-sampler" target="mixamorigwRightFoot/rotateY.ANGLE" />
      <sampler id="hpl_mixamorigwRightFoot-rotx-sampler"><input semantic="INPUT" source="#hpl_mixamorigwRightFoot-time" /><input semantic="OUTPUT" source="#hpl_mixamorigwRightFoot-rotx" /></sampler><channel source="#hpl_mixamorigwRightFoot-rotx-sampler" target="mixamorigwRightFoot/rotateX.ANGLE" />
    </animation>
    <animation id="hpl_mixamorigwRightToeBase">
      <source id="hpl_mixamorigwRightToeBase-time"><float_array id="hpl_mixamorigwRightToeBase-time-array" count="102">0 1 2 3 4 5 6 7 8 9 10 11 12 13 14 15 16 17 18 19 20 21 22 23 24 25 26 27 28 29 30 31 32 33 34 35 36 37 38 39 40 41 42 43 44 45 46 47 48 49 50 51 52 53 54 55 56 57 58 59 60 61 62 63 64 65 66 67 68 69 70 71 72 73 74 75 76 77 78 79 80 81 82 83 84 85 86 87 88 89 90 91 92 93 94 95 96 97 98 99 100 101</float_array><technique_common><accessor source="#hpl_mixamorigwRightToeBase-time-array" count="102" stride="1" /></technique_common></source>
      <source id="hpl_mixamorigwRightToeBase-trans"><float_array id="hpl_mixamorigwRightToeBase-trans-array" count="306">-5.09662e-07 0.17257 -7.34606e-07 -5.09662e-07 0.17257 -7.34606e-07 -5.09662e-07 0.17257 -7.34606e-07 -5.09662e-07 0.17257 -7.34606e-07 -5.09662e-07 0.17257 -7.34606e-07 -5.09662e-07 0.17257 -7.34606e-07 -5.09662e-07 0.17257 -7.34606e-07 -5.09662e-07 0.17257 -7.34606e-07 -5.09662e-07 0.17257 -7.34606e-07 -5.09662e-07 0.17257 -7.34606e-07 -5.09662e-07 0.17257 -7.34606e-07 -5.09662e-07 0.17257 -7.34606e-07 -5.09662e-07 0.17257 -7.34606e-07 -5.09662e-07 0.17257 -7.34606e-07 -5.09662e-07 0.17257 -7.34606e-07 -5.09662e-07 0.17257 -7.34606e-07 -5.09662e-07 0.17257 -7.34606e-07 -5.09662e-07 0.17257 -7.34606e-07 -5.09662e-07 0.17257 -7.34606e-07 -5.09662e-07 0.17257 -7.34606e-07 -5.09662e-07 0.17257 -7.34606e-07 -5.09662e-07 0.17257 -7.34606e-07 -5.09662e-07 0.17257 -7.34606e-07 -5.09662e-07 0.17257 -7.34606e-07 -5.09662e-07 0.17257 -7.34606e-07 -5.09662e-07 0.17257 -7.34606e-07 -5.09662e-07 0.17257 -7.34606e-07 -5.09662e-07 0.17257 -7.34606e-07 -5.09662e-07 0.17257 -7.34606e-07 -5.09662e-07 0.17257 -7.34606e-07 -5.09662e-07 0.17257 -7.34606e-07 -5.09662e-07 0.17257 -7.34606e-07 -5.09662e-07 0.17257 -7.34606e-07 -5.09662e-07 0.17257 -7.34606e-07 -5.09662e-07 0.17257 -7.34606e-07 -5.09662e-07 0.17257 -7.34606e-07 -5.09662e-07 0.17257 -7.34606e-07 -5.09662e-07 0.17257 -7.34606e-07 -5.09662e-07 0.17257 -7.34606e-07 -5.09662e-07 0.17257 -7.34606e-07 -5.09662e-07 0.17257 -7.34606e-07 -5.09662e-07 0.17257 -7.34606e-07 -5.09662e-07 0.17257 -7.34606e-07 -5.09662e-07 0.17257 -7.34606e-07 -5.09662e-07 0.17257 -7.34606e-07 -5.09662e-07 0.17257 -7.34606e-07 -5.09662e-07 0.17257 -7.34606e-07 -5.09662e-07 0.17257 -7.34606e-07 -5.09662e-07 0.17257 -7.34606e-07 -5.09662e-07 0.17257 -7.34606e-07 -5.09662e-07 0.17257 -7.34606e-07 -5.09662e-07 0.17257 -7.34606e-07 -5.09662e-07 0.17257 -7.34606e-07 -5.09662e-07 0.17257 -7.34606e-07 -5.09662e-07 0.17257 -7.34606e-07 -5.09662e-07 0.17257 -7.34606e-07 -5.09662e-07 0.17257 -7.34606e-07 -5.09662e-07 0.17257 -7.34606e-07 -5.09662e-07 0.17257 -7.34606e-07 -5.09662e-07 0.17257 -7.34606e-07 -5.09662e-07 0.17257 -7.34606e-07 -5.09662e-07 0.17257 -7.34606e-07 -5.09662e-07 0.17257 -7.34606e-07 -5.09662e-07 0.17257 -7.34606e-07 -5.09662e-07 0.17257 -7.34606e-07 -5.09662e-07 0.17257 -7.34606e-07 -5.09662e-07 0.17257 -7.34606e-07 -5.09662e-07 0.17257 -7.34606e-07 -5.09662e-07 0.17257 -7.34606e-07 -5.09662e-07 0.17257 -7.34606e-07 -5.09662e-07 0.17257 -7.34606e-07 -5.09662e-07 0.17257 -7.34606e-07 -5.09662e-07 0.17257 -7.34606e-07 -5.09662e-07 0.17257 -7.34606e-07 -5.09662e-07 0.17257 -7.34606e-07 -5.09662e-07 0.17257 -7.34606e-07 -5.09662e-07 0.17257 -7.34606e-07 -5.09662e-07 0.17257 -7.34606e-07 -5.09662e-07 0.17257 -7.34606e-07 -5.09662e-07 0.17257 -7.34606e-07 -5.09662e-07 0.17257 -7.34606e-07 -5.09662e-07 0.17257 -7.34606e-07 -5.09662e-07 0.17257 -7.34606e-07 -5.09662e-07 0.17257 -7.34606e-07 -5.09662e-07 0.17257 -7.34606e-07 -5.09662e-07 0.17257 -7.34606e-07 -5.09662e-07 0.17257 -7.34606e-07 -5.09662e-07 0.17257 -7.34606e-07 -5.09662e-07 0.17257 -7.34606e-07 -5.09662e-07 0.17257 -7.34606e-07 -5.09662e-07 0.17257 -7.34606e-07 -5.09662e-07 0.17257 -7.34606e-07 -5.09662e-07 0.17257 -7.34606e-07 -5.09662e-07 0.17257 -7.34606e-07 -5.09662e-07 0.17257 -7.34606e-07 -5.09662e-07 0.17257 -7.34606e-07 -5.09662e-07 0.17257 -7.34606e-07 -5.09662e-07 0.17257 -7.34606e-07 -5.09662e-07 0.17257 -7.34606e-07 -5.09662e-07 0.17257 -7.34606e-07 -5.09662e-07 0.17257 -7.34606e-07 -5.09662e-07 0.17257 -7.34606e-07</float_array><technique_common><accessor source="#hpl_mixamorigwRightToeBase-trans-array" count="102" stride="3" /></technique_common></source>
      <source id="hpl_mixamorigwRightToeBase-rotz"><float_array id="hpl_mixamorigwRightToeBase-rotz-array" count="102">0.0594994 0.0729923 0.0524952 -0.000911173 -0.15849 -0.486177 -0.754601 -0.703311 -0.514437 -0.326633 -0.190146 -0.0831015 -0.0201145 0.0454803 0.103192 0.127203 0.154795 0.189922 0.191123 0.210619 0.249596 0.257128 0.295627 0.316883 0.342312 0.365239 0.373466 0.366119 0.340925 0.347475 0.340475 0.352361 0.323683 0.226789 0.146742 0.0348593 -0.000836744 0.0914149 0.175345 0.214593 0.223217 0.221524 0.195605 0.12002 0.0328943 0.0174513 0.0296837 0.032233 0.0160553 -0.051684 -0.17006 -0.440016 -0.812071 -0.760479 -0.557119 -0.383087 -0.256615 -0.165238 -0.0386243 0.0403035 0.0795431 0.108646 0.120056 0.129744 0.153038 0.161082 0.17911 0.193362 0.227578 0.21837 0.217781 0.234212 0.244105 0.284714 0.308984 0.323333 0.328587 0.344127 0.377845 0.37228 0.365986 0.361467 0.368155 0.365309 0.358708 0.291831 0.209364 0.11309 0.045061 0.118091 0.208691 0.212753 0.227302 0.233016 0.214687 0.197772 0.166784 0.127782 0.0876447 0.0465322 0.0141782 0.0594994</float_array><technique_common><accessor source="#hpl_mixamorigwRightToeBase-rotz-array" count="102" stride="1" /></technique_common></source>
      <source id="hpl_mixamorigwRightToeBase-roty"><float_array id="hpl_mixamorigwRightToeBase-roty-array" count="102">1.19175 1.31219 1.43577 1.55287 1.64072 1.82958 1.916 1.81485 1.56944 1.27558 1.04794 0.847768 0.738423 0.638788 0.581043 0.536959 0.527444 0.539107 0.518212 0.511273 0.525515 0.523955 0.554306 0.56977 0.587568 0.601733 0.605339 0.608219 0.61063 0.629563 0.600898 0.599368 0.54977 0.521073 0.557093 0.618917 0.659636 0.66503 0.673185 0.694141 0.738811 0.832859 0.945435 1.01519 1.04096 1.09771 1.16413 1.27107 1.42395 1.51591 1.55902 1.69192 1.8572 1.76017 1.52753 1.20925 0.975275 0.804053 0.71373 0.652857 0.588328 0.551044 0.528596 0.525429 0.542981 0.553249 0.565824 0.575116 0.596011 0.586121 0.585048 0.600163 0.611445 0.639228 0.649245 0.646317 0.636568 0.639101 0.657004 0.645512 0.637126 0.625877 0.617223 0.585913 0.559826 0.482502 0.480471 0.554346 0.617756 0.643172 0.649356 0.639355 0.665146 0.735191 0.791627 0.880873 0.939777 0.966325 0.989554 1.02123 1.07349 1.19175</float_array><technique_common><accessor source="#hpl_mixamorigwRightToeBase-roty-array" count="102" stride="1" /></technique_common></source>
      <source id="hpl_mixamorigwRightToeBase-rotx"><float_array id="hpl_mixamorigwRightToeBase-rotx-array" count="102">-42.7524 -42.8225 -43.0208 -43.5715 -45.1158 -49.6095 -53.1075 -52.3179 -49.6065 -46.7189 -44.3374 -42.4448 -41.2012 -40.1525 -39.4302 -39.0062 -38.7739 -38.632 -38.4896 -38.3422 -38.2428 -38.2133 -38.2152 -38.2044 -38.1717 -38.1498 -38.1565 -38.2498 -38.4174 -38.5015 -38.3834 -38.2453 -38.2094 -38.715 -39.5575 -40.7121 -41.0173 -40.5154 -40.4654 -40.6491 -40.8185 -41.0654 -41.4399 -41.9276 -42.4022 -42.669 -42.7827 -42.8541 -43.0247 -43.4234 -44.3393 -47.9858 -53.4466 -52.7129 -49.8315 -46.8101 -44.4763 -42.7112 -41.1427 -40.0465 -39.376 -38.9949 -38.7906 -38.7149 -38.7072 -38.719 -38.6963 -38.6601 -38.6191 -38.6201 -38.6538 -38.6982 -38.7257 -38.7002 -38.6415 -38.5656 -38.5029 -38.4714 -38.4473 -38.4538 -38.4828 -38.466 -38.3798 -38.3058 -38.1653 -38.2001 -38.6241 -39.7544 -40.5759 -40.3663 -39.9884 -40.0029 -40.1571 -40.3882 -40.6719 -41.0341 -41.3984 -41.6933 -42.0328 -42.4541 -42.9722 -42.7524</float_array><technique_common><accessor source="#hpl_mixamorigwRightToeBase-rotx-array" count="102" stride="1" /></technique_common></source>
      <sampler id="hpl_mixamorigwRightToeBase-trans-sampler"><input semantic="INPUT" source="#hpl_mixamorigwRightToeBase-time" /><input semantic="OUTPUT" source="#hpl_mixamorigwRightToeBase-trans" /></sampler><channel source="#hpl_mixamorigwRightToeBase-trans-sampler" target="mixamorigwRightToeBase/translate" />
      <sampler id="hpl_mixamorigwRightToeBase-rotz-sampler"><input semantic="INPUT" source="#hpl_mixamorigwRightToeBase-time" /><input semantic="OUTPUT" source="#hpl_mixamorigwRightToeBase-rotz" /></sampler><channel source="#hpl_mixamorigwRightToeBase-rotz-sampler" target="mixamorigwRightToeBase/rotateZ.ANGLE" />
      <sampler id="hpl_mixamorigwRightToeBase-roty-sampler"><input semantic="INPUT" source="#hpl_mixamorigwRightToeBase-time" /><input semantic="OUTPUT" source="#hpl_mixamorigwRightToeBase-roty" /></sampler><channel source="#hpl_mixamorigwRightToeBase-roty-sampler" target="mixamorigwRightToeBase/rotateY.ANGLE" />
      <sampler id="hpl_mixamorigwRightToeBase-rotx-sampler"><input semantic="INPUT" source="#hpl_mixamorigwRightToeBase-time" /><input semantic="OUTPUT" source="#hpl_mixamorigwRightToeBase-rotx" /></sampler><channel source="#hpl_mixamorigwRightToeBase-rotx-sampler" target="mixamorigwRightToeBase/rotateX.ANGLE" />
    </animation>
    <animation id="hpl_mixamorigwSpine">
      <source id="hpl_mixamorigwSpine-time"><float_array id="hpl_mixamorigwSpine-time-array" count="102">0 1 2 3 4 5 6 7 8 9 10 11 12 13 14 15 16 17 18 19 20 21 22 23 24 25 26 27 28 29 30 31 32 33 34 35 36 37 38 39 40 41 42 43 44 45 46 47 48 49 50 51 52 53 54 55 56 57 58 59 60 61 62 63 64 65 66 67 68 69 70 71 72 73 74 75 76 77 78 79 80 81 82 83 84 85 86 87 88 89 90 91 92 93 94 95 96 97 98 99 100 101</float_array><technique_common><accessor source="#hpl_mixamorigwSpine-time-array" count="102" stride="1" /></technique_common></source>
      <source id="hpl_mixamorigwSpine-trans"><float_array id="hpl_mixamorigwSpine-trans-array" count="306">-0.00650083 0.120685 0.0647093 -0.00650083 0.120685 0.0647093 -0.00650083 0.120685 0.0647093 -0.00650083 0.120685 0.0647093 -0.00650083 0.120685 0.0647093 -0.00650083 0.120685 0.0647093 -0.00650083 0.120685 0.0647093 -0.00650083 0.120685 0.0647093 -0.00650083 0.120685 0.0647093 -0.00650083 0.120685 0.0647093 -0.00650083 0.120685 0.0647093 -0.00650083 0.120685 0.0647093 -0.00650083 0.120685 0.0647093 -0.00650083 0.120685 0.0647093 -0.00650083 0.120685 0.0647093 -0.00650083 0.120685 0.0647093 -0.00650083 0.120685 0.0647093 -0.00650083 0.120685 0.0647093 -0.00650083 0.120685 0.0647093 -0.00650083 0.120685 0.0647093 -0.00650083 0.120685 0.0647093 -0.00650083 0.120685 0.0647093 -0.00650083 0.120685 0.0647093 -0.00650083 0.120685 0.0647093 -0.00650083 0.120685 0.0647093 -0.00650083 0.120685 0.0647093 -0.00650083 0.120685 0.0647093 -0.00650083 0.120685 0.0647093 -0.00650083 0.120685 0.0647093 -0.00650083 0.120685 0.0647093 -0.00650083 0.120685 0.0647093 -0.00650083 0.120685 0.0647093 -0.00650083 0.120685 0.0647093 -0.00650083 0.120685 0.0647093 -0.00650083 0.120685 0.0647093 -0.00650083 0.120685 0.0647093 -0.00650083 0.120685 0.0647093 -0.00650083 0.120685 0.0647093 -0.00650083 0.120685 0.0647093 -0.00650083 0.120685 0.0647093 -0.00650083 0.120685 0.0647093 -0.00650083 0.120685 0.0647093 -0.00650083 0.120685 0.0647093 -0.00650083 0.120685 0.0647093 -0.00650083 0.120685 0.0647093 -0.00650083 0.120685 0.0647093 -0.00650083 0.120685 0.0647093 -0.00650083 0.120685 0.0647093 -0.00650083 0.120685 0.0647093 -0.00650083 0.120685 0.0647093 -0.00650083 0.120685 0.0647093 -0.00650083 0.120685 0.0647093 -0.00650083 0.120685 0.0647093 -0.00650083 0.120685 0.0647093 -0.00650083 0.120685 0.0647093 -0.00650083 0.120685 0.0647093 -0.00650083 0.120685 0.0647093 -0.00650083 0.120685 0.0647093 -0.00650083 0.120685 0.0647093 -0.00650083 0.120685 0.0647093 -0.00650083 0.120685 0.0647093 -0.00650083 0.120685 0.0647093 -0.00650083 0.120685 0.0647093 -0.00650083 0.120685 0.0647093 -0.00650083 0.120685 0.0647093 -0.00650083 0.120685 0.0647093 -0.00650083 0.120685 0.0647093 -0.00650083 0.120685 0.0647093 -0.00650083 0.120685 0.0647093 -0.00650083 0.120685 0.0647093 -0.00650083 0.120685 0.0647093 -0.00650083 0.120685 0.0647093 -0.00650083 0.120685 0.0647093 -0.00650083 0.120685 0.0647093 -0.00650083 0.120685 0.0647093 -0.00650083 0.120685 0.0647093 -0.00650083 0.120685 0.0647093 -0.00650083 0.120685 0.0647093 -0.00650083 0.120685 0.0647093 -0.00650083 0.120685 0.0647093 -0.00650083 0.120685 0.0647093 -0.00650083 0.120685 0.0647093 -0.00650083 0.120685 0.0647093 -0.00650083 0.120685 0.0647093 -0.00650083 0.120685 0.0647093 -0.00650083 0.120685 0.0647093 -0.00650083 0.120685 0.0647093 -0.00650083 0.120685 0.0647093 -0.00650083 0.120685 0.0647093 -0.00650083 0.120685 0.0647093 -0.00650083 0.120685 0.0647093 -0.00650083 0.120685 0.0647093 -0.00650083 0.120685 0.0647093 -0.00650083 0.120685 0.0647093 -0.00650083 0.120685 0.0647093 -0.00650083 0.120685 0.0647093 -0.00650083 0.120685 0.0647093 -0.00650083 0.120685 0.0647093 -0.00650083 0.120685 0.0647093 -0.00650083 0.120685 0.0647093 -0.00650083 0.120685 0.0647093 -0.00650083 0.120685 0.0647093</float_array><technique_common><accessor source="#hpl_mixamorigwSpine-trans-array" count="102" stride="3" /></technique_common></source>
      <source id="hpl_mixamorigwSpine-rotz"><float_array id="hpl_mixamorigwSpine-rotz-array" count="102">3.60824 3.63846 3.64742 3.64315 3.71016 3.97431 4.52531 5.27512 6.07385 6.76398 7.21414 7.42401 7.4406 7.47621 7.42343 7.27642 7.08631 6.92409 6.83202 6.80998 6.82983 6.87579 6.9664 7.09328 7.23928 7.35082 7.40563 7.39311 7.31955 7.22089 7.05174 6.70807 6.07021 5.38181 4.91994 4.38924 3.91476 3.5471 3.36982 3.32601 3.38245 3.50215 3.62208 3.72236 3.79428 3.83315 3.87254 3.90012 3.9155 3.90912 3.90761 4.00197 4.29139 4.80559 5.3728 5.94535 6.42408 6.82108 7.0974 7.33366 7.51134 7.49442 7.3537 7.21125 7.08529 7.02846 7.02867 7.09084 7.20073 7.32027 7.41026 7.45389 7.47312 7.50591 7.53314 7.56164 7.58313 7.59704 7.57994 7.5025 7.3854 7.20877 6.99815 6.55561 5.77168 4.90034 4.1744 3.63933 3.24475 2.9566 2.78565 2.66735 2.58406 2.53307 2.481 2.40441 2.30182 2.22392 2.17457 2.1675 2.1855 3.60824</float_array><technique_common><accessor source="#hpl_mixamorigwSpine-rotz-array" count="102" stride="1" /></technique_common></source>
      <source id="hpl_mixamorigwSpine-roty"><float_array id="hpl_mixamorigwSpine-roty-array" count="102">2.25533 2.31341 2.35647 2.35111 2.31953 2.31952 2.2904 2.14437 1.86781 1.59983 1.36491 1.23961 1.29515 1.3141 1.34406 1.36338 1.36468 1.3556 1.32132 1.26808 1.18275 1.07346 0.964048 0.843004 0.706525 0.600753 0.511678 0.458836 0.426646 0.492588 0.595029 0.730204 1.04366 1.39776 1.73565 2.12504 2.4011 2.55045 2.51328 2.40794 2.29679 2.16752 2.04313 1.96704 1.98423 2.01818 2.09654 2.14759 2.19345 2.20248 2.19028 2.25331 2.29668 2.20882 1.98256 1.71953 1.50588 1.38084 1.37988 1.43538 1.37356 1.3338 1.24501 1.1735 1.08976 1.03654 0.961287 0.883355 0.780998 0.656253 0.568312 0.471755 0.389691 0.327201 0.25405 0.210634 0.171826 0.161695 0.17745 0.197298 0.236018 0.29965 0.479865 0.779366 1.13634 1.64167 2.02691 2.36578 2.61422 2.78504 2.78226 2.71831 2.62533 2.52915 2.44065 2.38302 2.37869 2.42766 2.46568 2.5143 2.51776 2.25533</float_array><technique_common><accessor source="#hpl_mixamorigwSpine-roty-array" count="102" stride="1" /></technique_common></source>
      <source id="hpl_mixamorigwSpine-rotx"><float_array id="hpl_mixamorigwSpine-rotx-array" count="102">26.9807 26.8393 26.7022 26.5338 26.3109 26.096 25.9997 26.1659 26.5201 26.9643 27.4732 27.9872 28.3492 28.574 28.6781 28.6845 28.6122 28.4978 28.3915 28.2706 28.0923 27.9081 27.7217 27.5549 27.4079 27.2357 27.0473 26.8648 26.6777 26.5019 26.365 26.3521 26.3835 26.4619 26.573 26.4606 26.2641 26.2466 26.4005 26.6441 26.8948 27.1036 27.2667 27.3724 27.3584 27.2574 27.1013 26.9307 26.7849 26.6579 26.4995 26.3751 26.3455 26.4863 26.7022 27.0184 27.4876 28.0379 28.4691 28.5703 28.5853 28.5078 28.4271 28.3813 28.374 28.383 28.3936 28.4026 28.3773 28.3187 28.2137 28.0828 27.9537 27.8584 27.814 27.8093 27.8161 27.8292 27.8259 27.7892 27.733 27.6649 27.6198 27.5605 27.5152 27.548 27.567 27.4287 27.1864 27.0133 27.045 27.2009 27.3328 27.4005 27.4245 27.4008 27.3145 27.1721 26.9727 26.8058 26.6968 26.9807</float_array><technique_common><accessor source="#hpl_mixamorigwSpine-rotx-array" count="102" stride="1" /></technique_common></source>
      <sampler id="hpl_mixamorigwSpine-trans-sampler"><input semantic="INPUT" source="#hpl_mixamorigwSpine-time" /><input semantic="OUTPUT" source="#hpl_mixamorigwSpine-trans" /></sampler><channel source="#hpl_mixamorigwSpine-trans-sampler" target="mixamorigwSpine/translate" />
      <sampler id="hpl_mixamorigwSpine-rotz-sampler"><input semantic="INPUT" source="#hpl_mixamorigwSpine-time" /><input semantic="OUTPUT" source="#hpl_mixamorigwSpine-rotz" /></sampler><channel source="#hpl_mixamorigwSpine-rotz-sampler" target="mixamorigwSpine/rotateZ.ANGLE" />
      <sampler id="hpl_mixamorigwSpine-roty-sampler"><input semantic="INPUT" source="#hpl_mixamorigwSpine-time" /><input semantic="OUTPUT" source="#hpl_mixamorigwSpine-roty" /></sampler><channel source="#hpl_mixamorigwSpine-roty-sampler" target="mixamorigwSpine/rotateY.ANGLE" />
      <sampler id="hpl_mixamorigwSpine-rotx-sampler"><input semantic="INPUT" source="#hpl_mixamorigwSpine-time" /><input semantic="OUTPUT" source="#hpl_mixamorigwSpine-rotx" /></sampler><channel source="#hpl_mixamorigwSpine-rotx-sampler" target="mixamorigwSpine/rotateX.ANGLE" />
    </animation>
    <animation id="hpl_mixamorigwSpine1">
      <source id="hpl_mixamorigwSpine1-time"><float_array id="hpl_mixamorigwSpine1-time-array" count="102">0 1 2 3 4 5 6 7 8 9 10 11 12 13 14 15 16 17 18 19 20 21 22 23 24 25 26 27 28 29 30 31 32 33 34 35 36 37 38 39 40 41 42 43 44 45 46 47 48 49 50 51 52 53 54 55 56 57 58 59 60 61 62 63 64 65 66 67 68 69 70 71 72 73 74 75 76 77 78 79 80 81 82 83 84 85 86 87 88 89 90 91 92 93 94 95 96 97 98 99 100 101</float_array><technique_common><accessor source="#hpl_mixamorigwSpine1-time-array" count="102" stride="1" /></technique_common></source>
      <source id="hpl_mixamorigwSpine1-trans"><float_array id="hpl_mixamorigwSpine1-trans-array" count="306">1.98992e-08 0.1371 -1.48608e-07 1.98992e-08 0.1371 -1.48608e-07 1.98992e-08 0.1371 -1.48608e-07 1.98992e-08 0.1371 -1.48608e-07 1.98992e-08 0.1371 -1.48608e-07 1.98992e-08 0.1371 -1.48608e-07 1.98992e-08 0.1371 -1.48608e-07 1.98992e-08 0.1371 -1.48608e-07 1.98992e-08 0.1371 -1.48608e-07 1.98992e-08 0.1371 -1.48608e-07 1.98992e-08 0.1371 -1.48608e-07 1.98992e-08 0.1371 -1.48608e-07 1.98992e-08 0.1371 -1.48608e-07 1.98992e-08 0.1371 -1.48608e-07 1.98992e-08 0.1371 -1.48608e-07 1.98992e-08 0.1371 -1.48608e-07 1.98992e-08 0.1371 -1.48608e-07 1.98992e-08 0.1371 -1.48608e-07 1.98992e-08 0.1371 -1.48608e-07 1.98992e-08 0.1371 -1.48608e-07 1.98992e-08 0.1371 -1.48608e-07 1.98992e-08 0.1371 -1.48608e-07 1.98992e-08 0.1371 -1.48608e-07 1.98992e-08 0.1371 -1.48608e-07 1.98992e-08 0.1371 -1.48608e-07 1.98992e-08 0.1371 -1.48608e-07 1.98992e-08 0.1371 -1.48608e-07 1.98992e-08 0.1371 -1.48608e-07 1.98992e-08 0.1371 -1.48608e-07 1.98992e-08 0.1371 -1.48608e-07 1.98992e-08 0.1371 -1.48608e-07 1.98992e-08 0.1371 -1.48608e-07 1.98992e-08 0.1371 -1.48608e-07 1.98992e-08 0.1371 -1.48608e-07 1.98992e-08 0.1371 -1.48608e-07 1.98992e-08 0.1371 -1.48608e-07 1.98992e-08 0.1371 -1.48608e-07 1.98992e-08 0.1371 -1.48608e-07 1.98992e-08 0.1371 -1.48608e-07 1.98992e-08 0.1371 -1.48608e-07 1.98992e-08 0.1371 -1.48608e-07 1.98992e-08 0.1371 -1.48608e-07 1.98992e-08 0.1371 -1.48608e-07 1.98992e-08 0.1371 -1.48608e-07 1.98992e-08 0.1371 -1.48608e-07 1.98992e-08 0.1371 -1.48608e-07 1.98992e-08 0.1371 -1.48608e-07 1.98992e-08 0.1371 -1.48608e-07 1.98992e-08 0.1371 -1.48608e-07 1.98992e-08 0.1371 -1.48608e-07 1.98992e-08 0.1371 -1.48608e-07 1.98992e-08 0.1371 -1.48608e-07 1.98992e-08 0.1371 -1.48608e-07 1.98992e-08 0.1371 -1.48608e-07 1.98992e-08 0.1371 -1.48608e-07 1.98992e-08 0.1371 -1.48608e-07 1.98992e-08 0.1371 -1.48608e-07 1.98992e-08 0.1371 -1.48608e-07 1.98992e-08 0.1371 -1.48608e-07 1.98992e-08 0.1371 -1.48608e-07 1.98992e-08 0.1371 -1.48608e-07 1.98992e-08 0.1371 -1.48608e-07 1.98992e-08 0.1371 -1.48608e-07 1.98992e-08 0.1371 -1.48608e-07 1.98992e-08 0.1371 -1.48608e-07 1.98992e-08 0.1371 -1.48608e-07 1.98992e-08 0.1371 -1.48608e-07 1.98992e-08 0.1371 -1.48608e-07 1.98992e-08 0.1371 -1.48608e-07 1.98992e-08 0.1371 -1.48608e-07 1.98992e-08 0.1371 -1.48608e-07 1.98992e-08 0.1371 -1.48608e-07 1.98992e-08 0.1371 -1.48608e-07 1.98992e-08 0.1371 -1.48608e-07 1.98992e-08 0.1371 -1.48608e-07 1.98992e-08 0.1371 -1.48608e-07 1.98992e-08 0.1371 -1.48608e-07 1.98992e-08 0.1371 -1.48608e-07 1.98992e-08 0.1371 -1.48608e-07 1.98992e-08 0.1371 -1.48608e-07 1.98992e-08 0.1371 -1.48608e-07 1.98992e-08 0.1371 -1.48608e-07 1.98992e-08 0.1371 -1.48608e-07 1.98992e-08 0.1371 -1.48608e-07 1.98992e-08 0.1371 -1.48608e-07 1.98992e-08 0.1371 -1.48608e-07 1.98992e-08 0.1371 -1.48608e-07 1.98992e-08 0.1371 -1.48608e-07 1.98992e-08 0.1371 -1.48608e-07 1.98992e-08 0.1371 -1.48608e-07 1.98992e-08 0.1371 -1.48608e-07 1.98992e-08 0.1371 -1.48608e-07 1.98992e-08 0.1371 -1.48608e-07 1.98992e-08 0.1371 -1.48608e-07 1.98992e-08 0.1371 -1.48608e-07 1.98992e-08 0.1371 -1.48608e-07 1.98992e-08 0.1371 -1.48608e-07 1.98992e-08 0.1371 -1.48608e-07 1.98992e-08 0.1371 -1.48608e-07 1.98992e-08 0.1371 -1.48608e-07 1.98992e-08 0.1371 -1.48608e-07 1.98992e-08 0.1371 -1.48608e-07</float_array><technique_common><accessor source="#hpl_mixamorigwSpine1-trans-array" count="102" stride="3" /></technique_common></source>
      <source id="hpl_mixamorigwSpine1-rotz"><float_array id="hpl_mixamorigwSpine1-rotz-array" count="102">-0.617376 -0.640698 -0.670328 -0.709476 -0.721937 -0.681259 -0.566301 -0.375265 -0.114938 0.120856 0.3313 0.438057 0.511195 0.489499 0.430472 0.357441 0.282682 0.210089 0.157205 0.121366 0.098524 0.0706213 0.0491836 0.0420703 0.0451296 0.0625231 0.0858023 0.122828 0.166754 0.207063 0.254276 0.277915 0.28167 0.154916 0.0583751 0.0191751 -0.00391627 0.000779902 -0.0251082 -0.0601812 -0.108031 -0.15767 -0.219239 -0.284255 -0.334474 -0.389649 -0.420285 -0.441241 -0.4753 -0.535256 -0.584944 -0.586076 -0.53297 -0.442434 -0.283946 -0.138765 0.0256878 0.161888 0.235768 0.287527 0.305511 0.31646 0.282047 0.224884 0.173388 0.146848 0.131808 0.134475 0.148019 0.161448 0.163969 0.152156 0.143534 0.14115 0.134473 0.130891 0.117324 0.098253 0.0818857 0.0744481 0.075213 0.0814801 0.0912566 0.0948395 0.0191099 -0.1011 -0.236344 -0.26614 -0.262065 -0.232279 -0.241691 -0.291602 -0.365081 -0.452014 -0.546552 -0.628869 -0.709204 -0.775081 -0.841678 -0.896837 -0.93651 -0.617376</float_array><technique_common><accessor source="#hpl_mixamorigwSpine1-rotz-array" count="102" stride="1" /></technique_common></source>
      <source id="hpl_mixamorigwSpine1-roty"><float_array id="hpl_mixamorigwSpine1-roty-array" count="102">2.74826 2.95481 3.18189 3.41248 3.61796 3.73256 3.77346 3.76941 3.59857 3.32715 3.02354 2.75619 2.4531 2.16488 1.94091 1.73604 1.52483 1.27538 1.01671 0.74392 0.51363 0.315599 0.152661 0.000351496 -0.080514 -0.133203 -0.152878 -0.147081 -0.112944 -0.0807575 0.047622 -0.00511748 -0.129866 0.0104849 0.202768 0.401385 0.610935 0.781998 0.979572 1.10883 1.19925 1.28227 1.39845 1.58702 1.79645 2.07528 2.32738 2.60057 2.86287 3.14928 3.40674 3.50476 3.43365 3.32076 3.10339 2.96149 2.89584 2.97865 2.99516 2.99504 2.95643 2.86954 2.79789 2.61545 2.39397 2.13736 1.88921 1.6259 1.37496 1.16415 0.935792 0.728769 0.529542 0.322341 0.179697 0.0417443 -0.0201049 -0.0888669 -0.16641 -0.220178 -0.268684 -0.297493 -0.335472 -0.263633 -0.224852 -0.0790374 0.168806 0.387363 0.543229 0.689502 0.874024 0.995571 1.08608 1.16265 1.25138 1.35431 1.48239 1.60302 1.78793 1.95207 2.10801 2.74826</float_array><technique_common><accessor source="#hpl_mixamorigwSpine1-roty-array" count="102" stride="1" /></technique_common></source>
      <source id="hpl_mixamorigwSpine1-rotx"><float_array id="hpl_mixamorigwSpine1-rotx-array" count="102">-11.1481 -11.2656 -11.375 -11.4512 -11.4965 -11.5227 -11.5297 -11.5028 -11.482 -11.3036 -11.1362 -10.9363 -10.788 -10.6928 -10.6155 -10.5839 -10.5613 -10.5648 -10.5689 -10.598 -10.6052 -10.6231 -10.6489 -10.6899 -10.7633 -10.8652 -10.9687 -11.0509 -11.0918 -11.1206 -11.2006 -11.2523 -11.2604 -11.2018 -11.1264 -11.1081 -11.2235 -11.3037 -11.297 -11.2523 -11.195 -11.1288 -11.064 -11.0338 -11.0521 -11.1056 -11.1935 -11.2733 -11.3611 -11.4234 -11.4404 -11.4474 -11.4141 -11.3749 -11.3604 -11.2602 -11.1383 -11.001 -10.9377 -10.8795 -10.8815 -10.884 -10.8312 -10.7808 -10.7243 -10.6751 -10.634 -10.6104 -10.5983 -10.6062 -10.6474 -10.6947 -10.7472 -10.8053 -10.8471 -10.874 -10.8766 -10.8906 -10.9107 -10.9351 -10.9556 -10.9412 -10.9189 -10.9463 -10.9634 -10.9151 -10.8886 -10.881 -10.9692 -11.0437 -11.0844 -11.0843 -11.084 -11.0834 -11.0813 -11.0932 -11.1301 -11.2076 -11.2698 -11.3513 -11.4306 -11.1481</float_array><technique_common><accessor source="#hpl_mixamorigwSpine1-rotx-array" count="102" stride="1" /></technique_common></source>
      <sampler id="hpl_mixamorigwSpine1-trans-sampler"><input semantic="INPUT" source="#hpl_mixamorigwSpine1-time" /><input semantic="OUTPUT" source="#hpl_mixamorigwSpine1-trans" /></sampler><channel source="#hpl_mixamorigwSpine1-trans-sampler" target="mixamorigwSpine1/translate" />
      <sampler id="hpl_mixamorigwSpine1-rotz-sampler"><input semantic="INPUT" source="#hpl_mixamorigwSpine1-time" /><input semantic="OUTPUT" source="#hpl_mixamorigwSpine1-rotz" /></sampler><channel source="#hpl_mixamorigwSpine1-rotz-sampler" target="mixamorigwSpine1/rotateZ.ANGLE" />
      <sampler id="hpl_mixamorigwSpine1-roty-sampler"><input semantic="INPUT" source="#hpl_mixamorigwSpine1-time" /><input semantic="OUTPUT" source="#hpl_mixamorigwSpine1-roty" /></sampler><channel source="#hpl_mixamorigwSpine1-roty-sampler" target="mixamorigwSpine1/rotateY.ANGLE" />
      <sampler id="hpl_mixamorigwSpine1-rotx-sampler"><input semantic="INPUT" source="#hpl_mixamorigwSpine1-time" /><input semantic="OUTPUT" source="#hpl_mixamorigwSpine1-rotx" /></sampler><channel source="#hpl_mixamorigwSpine1-rotx-sampler" target="mixamorigwSpine1/rotateX.ANGLE" />
    </animation>
    <animation id="hpl_mixamorigwSpine2">
      <source id="hpl_mixamorigwSpine2-time"><float_array id="hpl_mixamorigwSpine2-time-array" count="102">0 1 2 3 4 5 6 7 8 9 10 11 12 13 14 15 16 17 18 19 20 21 22 23 24 25 26 27 28 29 30 31 32 33 34 35 36 37 38 39 40 41 42 43 44 45 46 47 48 49 50 51 52 53 54 55 56 57 58 59 60 61 62 63 64 65 66 67 68 69 70 71 72 73 74 75 76 77 78 79 80 81 82 83 84 85 86 87 88 89 90 91 92 93 94 95 96 97 98 99 100 101</float_array><technique_common><accessor source="#hpl_mixamorigwSpine2-time-array" count="102" stride="1" /></technique_common></source>
      <source id="hpl_mixamorigwSpine2-trans"><float_array id="hpl_mixamorigwSpine2-trans-array" count="306">-4.84715e-08 0.137102 -2.06867e-07 -4.84715e-08 0.137102 -2.06867e-07 -4.84715e-08 0.137102 -2.06867e-07 -4.84715e-08 0.137102 -2.06867e-07 -4.84715e-08 0.137102 -2.06867e-07 -4.84715e-08 0.137102 -2.06867e-07 -4.84715e-08 0.137102 -2.06867e-07 -4.84715e-08 0.137102 -2.06867e-07 -4.84715e-08 0.137102 -2.06867e-07 -4.84715e-08 0.137102 -2.06867e-07 -4.84715e-08 0.137102 -2.06867e-07 -4.84715e-08 0.137102 -2.06867e-07 -4.84715e-08 0.137102 -2.06867e-07 -4.84715e-08 0.137102 -2.06867e-07 -4.84715e-08 0.137102 -2.06867e-07 -4.84715e-08 0.137102 -2.06867e-07 -4.84715e-08 0.137102 -2.06867e-07 -4.84715e-08 0.137102 -2.06867e-07 -4.84715e-08 0.137102 -2.06867e-07 -4.84715e-08 0.137102 -2.06867e-07 -4.84715e-08 0.137102 -2.06867e-07 -4.84715e-08 0.137102 -2.06867e-07 -4.84715e-08 0.137102 -2.06867e-07 -4.84715e-08 0.137102 -2.06867e-07 -4.84715e-08 0.137102 -2.06867e-07 -4.84715e-08 0.137102 -2.06867e-07 -4.84715e-08 0.137102 -2.06867e-07 -4.84715e-08 0.137102 -2.06867e-07 -4.84715e-08 0.137102 -2.06867e-07 -4.84715e-08 0.137102 -2.06867e-07 -4.84715e-08 0.137102 -2.06867e-07 -4.84715e-08 0.137102 -2.06867e-07 -4.84715e-08 0.137102 -2.06867e-07 -4.84715e-08 0.137102 -2.06867e-07 -4.84715e-08 0.137102 -2.06867e-07 -4.84715e-08 0.137102 -2.06867e-07 -4.84715e-08 0.137102 -2.06867e-07 -4.84715e-08 0.137102 -2.06867e-07 -4.84715e-08 0.137102 -2.06867e-07 -4.84715e-08 0.137102 -2.06867e-07 -4.84715e-08 0.137102 -2.06867e-07 -4.84715e-08 0.137102 -2.06867e-07 -4.84715e-08 0.137102 -2.06867e-07 -4.84715e-08 0.137102 -2.06867e-07 -4.84715e-08 0.137102 -2.06867e-07 -4.84715e-08 0.137102 -2.06867e-07 -4.84715e-08 0.137102 -2.06867e-07 -4.84715e-08 0.137102 -2.06867e-07 -4.84715e-08 0.137102 -2.06867e-07 -4.84715e-08 0.137102 -2.06867e-07 -4.84715e-08 0.137102 -2.06867e-07 -4.84715e-08 0.137102 -2.06867e-07 -4.84715e-08 0.137102 -2.06867e-07 -4.84715e-08 0.137102 -2.06867e-07 -4.84715e-08 0.137102 -2.06867e-07 -4.84715e-08 0.137102 -2.06867e-07 -4.84715e-08 0.137102 -2.06867e-07 -4.84715e-08 0.137102 -2.06867e-07 -4.84715e-08 0.137102 -2.06867e-07 -4.84715e-08 0.137102 -2.06867e-07 -4.84715e-08 0.137102 -2.06867e-07 -4.84715e-08 0.137102 -2.06867e-07 -4.84715e-08 0.137102 -2.06867e-07 -4.84715e-08 0.137102 -2.06867e-07 -4.84715e-08 0.137102 -2.06867e-07 -4.84715e-08 0.137102 -2.06867e-07 -4.84715e-08 0.137102 -2.06867e-07 -4.84715e-08 0.137102 -2.06867e-07 -4.84715e-08 0.137102 -2.06867e-07 -4.84715e-08 0.137102 -2.06867e-07 -4.84715e-08 0.137102 -2.06867e-07 -4.84715e-08 0.137102 -2.06867e-07 -4.84715e-08 0.137102 -2.06867e-07 -4.84715e-08 0.137102 -2.06867e-07 -4.84715e-08 0.137102 -2.06867e-07 -4.84715e-08 0.137102 -2.06867e-07 -4.84715e-08 0.137102 -2.06867e-07 -4.84715e-08 0.137102 -2.06867e-07 -4.84715e-08 0.137102 -2.06867e-07 -4.84715e-08 0.137102 -2.06867e-07 -4.84715e-08 0.137102 -2.06867e-07 -4.84715e-08 0.137102 -2.06867e-07 -4.84715e-08 0.137102 -2.06867e-07 -4.84715e-08 0.137102 -2.06867e-07 -4.84715e-08 0.137102 -2.06867e-07 -4.84715e-08 0.137102 -2.06867e-07 -4.84715e-08 0.137102 -2.06867e-07 -4.84715e-08 0.137102 -2.06867e-07 -4.84715e-08 0.137102 -2.06867e-07 -4.84715e-08 0.137102 -2.06867e-07 -4.84715e-08 0.137102 -2.06867e-07 -4.84715e-08 0.137102 -2.06867e-07 -4.84715e-08 0.137102 -2.06867e-07 -4.84715e-08 0.137102 -2.06867e-07 -4.84715e-08 0.137102 -2.06867e-07 -4.84715e-08 0.137102 -2.06867e-07 -4.84715e-08 0.137102 -2.06867e-07 -4.84715e-08 0.137102 -2.06867e-07 -4.84715e-08 0.137102 -2.06867e-07 -4.84715e-08 0.137102 -2.06867e-07 -4.84715e-08 0.137102 -2.06867e-07 -4.84715e-08 0.137102 -2.06867e-07</float_array><technique_common><accessor source="#hpl_mixamorigwSpine2-trans-array" count="102" stride="3" /></technique_common></source>
      <source id="hpl_mixamorigwSpine2-rotz"><float_array id="hpl_mixamorigwSpine2-rotz-array" count="102">-1.05059 -1.18754 -1.39754 -1.69153 -1.98064 -2.1565 -2.08491 -1.63444 -0.68395 0.341368 1.27396 1.76442 1.91149 1.89458 1.78786 1.59811 1.34451 1.07708 0.88475 0.801373 0.797263 0.824732 0.873437 0.938133 1.02122 1.13528 1.24167 1.31092 1.33308 1.37951 1.47662 1.73899 1.79351 1.36852 1.0386 0.74251 0.498843 0.36235 0.367088 0.494214 0.67987 0.853503 0.98426 1.0521 1.05839 0.963252 0.778695 0.539129 0.246776 -0.0763431 -0.404447 -0.683734 -0.921103 -0.943439 -0.524381 0.0163539 0.598562 1.0062 1.27034 1.48203 1.65996 1.64528 1.43866 1.15816 0.926092 0.792624 0.768659 0.839665 0.986992 1.1784 1.34747 1.45907 1.52744 1.58851 1.63869 1.65691 1.6495 1.63717 1.62117 1.61082 1.59716 1.56754 1.57916 1.55938 1.34228 0.566197 -0.249618 -0.75291 -0.86694 -0.799 -0.650316 -0.518415 -0.450728 -0.469764 -0.604106 -0.865258 -1.19965 -1.56212 -1.90109 -2.21151 -2.47565 -1.05059</float_array><technique_common><accessor source="#hpl_mixamorigwSpine2-rotz-array" count="102" stride="1" /></technique_common></source>
      <source id="hpl_mixamorigwSpine2-roty"><float_array id="hpl_mixamorigwSpine2-roty-array" count="102">0.339592 0.574736 0.764044 0.927955 1.0437 1.08507 1.00061 0.737241 0.489018 0.190164 -0.00691291 -0.193939 -0.350764 -0.505772 -0.710954 -0.946014 -1.19924 -1.47032 -1.73449 -1.97994 -2.21454 -2.39986 -2.55567 -2.67969 -2.80728 -2.88532 -2.90693 -2.89045 -2.85352 -2.86453 -2.93791 -2.8382 -2.75453 -2.6625 -2.50924 -2.12844 -1.65665 -1.27291 -1.14261 -1.12946 -1.14635 -1.11928 -1.03403 -0.859227 -0.555263 -0.187315 0.22323 0.598557 0.857203 0.958827 0.930174 0.831501 0.713994 0.481515 0.309341 0.137423 0.117708 0.101058 0.276737 0.406033 0.406723 0.279927 0.0685575 -0.169775 -0.415142 -0.637714 -0.859269 -1.06988 -1.29486 -1.53413 -1.77239 -2.00349 -2.2199 -2.41289 -2.6 -2.75832 -2.91833 -3.02661 -3.05845 -3.0462 -3.01492 -2.97039 -2.92498 -2.91374 -2.64954 -2.36674 -2.10206 -1.81331 -1.53213 -1.24933 -1.09897 -1.05315 -1.06692 -1.06528 -1.03264 -0.91617 -0.74027 -0.519927 -0.330211 -0.16072 -0.00769886 0.339592</float_array><technique_common><accessor source="#hpl_mixamorigwSpine2-roty-array" count="102" stride="1" /></technique_common></source>
      <source id="hpl_mixamorigwSpine2-rotx"><float_array id="hpl_mixamorigwSpine2-rotx-array" count="102">12.0864 12.1035 12.1279 12.1284 12.1299 12.1286 12.1194 12.0821 12.2567 12.3638 12.5194 12.6681 12.8455 13.0218 13.1441 13.2125 13.2523 13.3189 13.356 13.4138 13.4341 13.4366 13.4334 13.4165 13.4124 13.415 13.4054 13.3895 13.3425 13.2585 13.2213 13.1217 13.0855 12.9157 12.7239 12.544 12.4449 12.4219 12.4891 12.5627 12.5739 12.4908 12.3193 12.159 12.0577 11.98 11.938 11.9072 11.8971 11.8668 11.8196 11.8067 11.8197 11.8819 12.1539 12.293 12.3559 12.4853 12.7421 13.0808 13.353 13.5425 13.6225 13.7002 13.7735 13.8597 13.963 14.0761 14.1651 14.201 14.2169 14.1984 14.1981 14.2181 14.2524 14.2819 14.2925 14.3123 14.3292 14.3523 14.3659 14.3483 14.2681 14.2305 14.0791 13.9349 13.7189 13.4709 13.3005 13.2566 13.2974 13.3578 13.4245 13.4506 13.4111 13.3626 13.3332 13.3467 13.3728 13.3898 13.4102 12.0864</float_array><technique_common><accessor source="#hpl_mixamorigwSpine2-rotx-array" count="102" stride="1" /></technique_common></source>
      <sampler id="hpl_mixamorigwSpine2-trans-sampler"><input semantic="INPUT" source="#hpl_mixamorigwSpine2-time" /><input semantic="OUTPUT" source="#hpl_mixamorigwSpine2-trans" /></sampler><channel source="#hpl_mixamorigwSpine2-trans-sampler" target="mixamorigwSpine2/translate" />
      <sampler id="hpl_mixamorigwSpine2-rotz-sampler"><input semantic="INPUT" source="#hpl_mixamorigwSpine2-time" /><input semantic="OUTPUT" source="#hpl_mixamorigwSpine2-rotz" /></sampler><channel source="#hpl_mixamorigwSpine2-rotz-sampler" target="mixamorigwSpine2/rotateZ.ANGLE" />
      <sampler id="hpl_mixamorigwSpine2-roty-sampler"><input semantic="INPUT" source="#hpl_mixamorigwSpine2-time" /><input semantic="OUTPUT" source="#hpl_mixamorigwSpine2-roty" /></sampler><channel source="#hpl_mixamorigwSpine2-roty-sampler" target="mixamorigwSpine2/rotateY.ANGLE" />
      <sampler id="hpl_mixamorigwSpine2-rotx-sampler"><input semantic="INPUT" source="#hpl_mixamorigwSpine2-time" /><input semantic="OUTPUT" source="#hpl_mixamorigwSpine2-rotx" /></sampler><channel source="#hpl_mixamorigwSpine2-rotx-sampler" target="mixamorigwSpine2/rotateX.ANGLE" />
    </animation>
    <animation id="hpl_mixamorigwLeftShoulder">
      <source id="hpl_mixamorigwLeftShoulder-time"><float_array id="hpl_mixamorigwLeftShoulder-time-array" count="102">0 1 2 3 4 5 6 7 8 9 10 11 12 13 14 15 16 17 18 19 20 21 22 23 24 25 26 27 28 29 30 31 32 33 34 35 36 37 38 39 40 41 42 43 44 45 46 47 48 49 50 51 52 53 54 55 56 57 58 59 60 61 62 63 64 65 66 67 68 69 70 71 72 73 74 75 76 77 78 79 80 81 82 83 84 85 86 87 88 89 90 91 92 93 94 95 96 97 98 99 100 101</float_array><technique_common><accessor source="#hpl_mixamorigwLeftShoulder-time-array" count="102" stride="1" /></technique_common></source>
      <source id="hpl_mixamorigwLeftShoulder-trans"><float_array id="hpl_mixamorigwLeftShoulder-trans-array" count="306">0.040025 0.0686428 -0.00178688 0.040025 0.0686428 -0.00178688 0.040025 0.0686428 -0.00178688 0.040025 0.0686428 -0.00178688 0.040025 0.0686428 -0.00178688 0.040025 0.0686428 -0.00178688 0.040025 0.0686428 -0.00178688 0.040025 0.0686428 -0.00178688 0.040025 0.0686428 -0.00178688 0.040025 0.0686428 -0.00178688 0.040025 0.0686428 -0.00178688 0.040025 0.0686428 -0.00178688 0.040025 0.0686428 -0.00178688 0.040025 0.0686428 -0.00178688 0.040025 0.0686428 -0.00178688 0.040025 0.0686428 -0.00178688 0.040025 0.0686428 -0.00178688 0.040025 0.0686428 -0.00178688 0.040025 0.0686428 -0.00178688 0.040025 0.0686428 -0.00178688 0.040025 0.0686428 -0.00178688 0.040025 0.0686428 -0.00178688 0.040025 0.0686428 -0.00178688 0.040025 0.0686428 -0.00178688 0.040025 0.0686428 -0.00178688 0.040025 0.0686428 -0.00178688 0.040025 0.0686428 -0.00178688 0.040025 0.0686428 -0.00178688 0.040025 0.0686428 -0.00178688 0.040025 0.0686428 -0.00178688 0.040025 0.0686428 -0.00178688 0.040025 0.0686428 -0.00178688 0.040025 0.0686428 -0.00178688 0.040025 0.0686428 -0.00178688 0.040025 0.0686428 -0.00178688 0.040025 0.0686428 -0.00178688 0.040025 0.0686428 -0.00178688 0.040025 0.0686428 -0.00178688 0.040025 0.0686428 -0.00178688 0.040025 0.0686428 -0.00178688 0.040025 0.0686428 -0.00178688 0.040025 0.0686428 -0.00178688 0.040025 0.0686428 -0.00178688 0.040025 0.0686428 -0.00178688 0.040025 0.0686428 -0.00178688 0.040025 0.0686428 -0.00178688 0.040025 0.0686428 -0.00178688 0.040025 0.0686428 -0.00178688 0.040025 0.0686428 -0.00178688 0.040025 0.0686428 -0.00178688 0.040025 0.0686428 -0.00178688 0.040025 0.0686428 -0.00178688 0.040025 0.0686428 -0.00178688 0.040025 0.0686428 -0.00178688 0.040025 0.0686428 -0.00178688 0.040025 0.0686428 -0.00178688 0.040025 0.0686428 -0.00178688 0.040025 0.0686428 -0.00178688 0.040025 0.0686428 -0.00178688 0.040025 0.0686428 -0.00178688 0.040025 0.0686428 -0.00178688 0.040025 0.0686428 -0.00178688 0.040025 0.0686428 -0.00178688 0.040025 0.0686428 -0.00178688 0.040025 0.0686428 -0.00178688 0.040025 0.0686428 -0.00178688 0.040025 0.0686428 -0.00178688 0.040025 0.0686428 -0.00178688 0.040025 0.0686428 -0.00178688 0.040025 0.0686428 -0.00178688 0.040025 0.0686428 -0.00178688 0.040025 0.0686428 -0.00178688 0.040025 0.0686428 -0.00178688 0.040025 0.0686428 -0.00178688 0.040025 0.0686428 -0.00178688 0.040025 0.0686428 -0.00178688 0.040025 0.0686428 -0.00178688 0.040025 0.0686428 -0.00178688 0.040025 0.0686428 -0.00178688 0.040025 0.0686428 -0.00178688 0.040025 0.0686428 -0.00178688 0.040025 0.0686428 -0.00178688 0.040025 0.0686428 -0.00178688 0.040025 0.0686428 -0.00178688 0.040025 0.0686428 -0.00178688 0.040025 0.0686428 -0.00178688 0.040025 0.0686428 -0.00178688 0.040025 0.0686428 -0.00178688 0.040025 0.0686428 -0.00178688 0.040025 0.0686428 -0.00178688 0.040025 0.0686428 -0.00178688 0.040025 0.0686428 -0.00178688 0.040025 0.0686428 -0.00178688 0.040025 0.0686428 -0.00178688 0.040025 0.0686428 -0.00178688 0.040025 0.0686428 -0.00178688 0.040025 0.0686428 -0.00178688 0.040025 0.0686428 -0.00178688 0.040025 0.0686428 -0.00178688 0.040025 0.0686428 -0.00178688 0.040025 0.0686428 -0.00178688 0.040025 0.0686428 -0.00178688</float_array><technique_common><accessor source="#hpl_mixamorigwLeftShoulder-trans-array" count="102" stride="3" /></technique_common></source>
      <source id="hpl_mixamorigwLeftShoulder-rotz"><float_array id="hpl_mixamorigwLeftShoulder-rotz-array" count="102">115.518 116.116 116.618 116.918 117.11 117.225 117.164 117.09 116.645 116.243 116.005 115.614 115.31 114.583 113.898 113.19 112.346 111.404 110.511 109.722 109.257 109.115 109.071 109.194 109.417 109.629 109.753 109.834 109.904 109.886 109.774 109.295 108.496 108.076 108.759 109.303 109.204 108.952 108.822 108.933 109.334 110.055 110.95 111.958 113.007 114.041 114.962 115.781 116.472 116.86 116.993 116.85 116.204 115.061 113.796 113.051 113.417 114.131 114.77 115.27 114.878 114.352 114.018 113.737 113.414 113.181 112.927 112.662 112.517 112.488 112.42 112.301 112.103 111.905 111.721 111.546 111.433 111.259 111.018 110.697 110.363 110.081 109.873 109.589 108.639 107.205 106.655 106.445 106.264 106.132 106.134 106.331 106.721 107.24 107.864 108.504 109.123 109.69 110.143 110.531 110.865 115.518</float_array><technique_common><accessor source="#hpl_mixamorigwLeftShoulder-rotz-array" count="102" stride="1" /></technique_common></source>
      <source id="hpl_mixamorigwLeftShoulder-roty"><float_array id="hpl_mixamorigwLeftShoulder-roty-array" count="102">62.6416 62.3641 62.1516 62.0248 61.8624 61.5815 61.2004 60.8853 60.6399 60.582 60.6783 60.7131 60.7896 60.8455 61.0081 61.2966 61.5937 61.914 62.2132 62.4435 62.6195 62.7341 62.7341 62.7243 62.6879 62.6081 62.4788 62.3007 62.1308 62.0981 62.2404 62.4566 62.6308 62.8296 63.0443 63.343 63.5644 63.7729 63.8787 63.8611 63.7909 63.75 63.7186 63.6147 63.4055 63.0654 62.6777 62.3581 62.1502 62.0434 61.9828 61.9558 61.8613 61.6344 61.3912 61.1918 61.0353 60.574 60.1519 59.9894 59.8429 59.7651 59.7431 59.8086 59.9997 60.2429 60.4265 60.535 60.6162 60.6432 60.6346 60.5973 60.557 60.559 60.5958 60.6444 60.757 60.8493 60.9041 60.9522 60.9533 61.0034 61.2186 61.6944 62.1327 62.2861 62.7746 63.1221 63.3036 63.4851 63.5436 63.5602 63.5529 63.4986 63.4214 63.3464 63.1987 62.9633 62.6546 62.3665 62.1879 62.6416</float_array><technique_common><accessor source="#hpl_mixamorigwLeftShoulder-roty-array" count="102" stride="1" /></technique_common></source>
      <source id="hpl_mixamorigwLeftShoulder-rotx"><float_array id="hpl_mixamorigwLeftShoulder-rotx-array" count="102">-132.517 -131.739 -130.928 -130.015 -128.87 -127.652 -126.801 -126.225 -126.253 -126.706 -127.438 -128.779 -129.847 -130.961 -131.853 -132.71 -133.721 -134.816 -135.844 -136.739 -137.243 -137.413 -137.513 -137.471 -137.356 -137.146 -136.958 -136.763 -136.53 -136.367 -136.498 -137.214 -138.529 -140.006 -140.409 -140.479 -140.482 -140.484 -140.455 -140.276 -139.867 -139.16 -138.361 -137.521 -136.628 -135.627 -134.598 -133.534 -132.554 -131.785 -131.108 -130.524 -130.501 -130.813 -131.163 -131.666 -131.918 -132.174 -132.025 -131.339 -131.102 -131.309 -131.788 -132.469 -133.166 -133.679 -134.107 -134.46 -134.687 -134.81 -135.115 -135.511 -135.909 -136.238 -136.479 -136.682 -136.785 -136.976 -137.231 -137.552 -137.915 -138.249 -138.564 -139.026 -140.196 -141.962 -142.968 -143.436 -143.591 -143.699 -143.784 -143.69 -143.348 -142.822 -142.182 -141.502 -140.777 -140.029 -139.298 -138.469 -137.622 -132.517</float_array><technique_common><accessor source="#hpl_mixamorigwLeftShoulder-rotx-array" count="102" stride="1" /></technique_common></source>
      <sampler id="hpl_mixamorigwLeftShoulder-trans-sampler"><input semantic="INPUT" source="#hpl_mixamorigwLeftShoulder-time" /><input semantic="OUTPUT" source="#hpl_mixamorigwLeftShoulder-trans" /></sampler><channel source="#hpl_mixamorigwLeftShoulder-trans-sampler" target="mixamorigwLeftShoulder/translate" />
      <sampler id="hpl_mixamorigwLeftShoulder-rotz-sampler"><input semantic="INPUT" source="#hpl_mixamorigwLeftShoulder-time" /><input semantic="OUTPUT" source="#hpl_mixamorigwLeftShoulder-rotz" /></sampler><channel source="#hpl_mixamorigwLeftShoulder-rotz-sampler" target="mixamorigwLeftShoulder/rotateZ.ANGLE" />
      <sampler id="hpl_mixamorigwLeftShoulder-roty-sampler"><input semantic="INPUT" source="#hpl_mixamorigwLeftShoulder-time" /><input semantic="OUTPUT" source="#hpl_mixamorigwLeftShoulder-roty" /></sampler><channel source="#hpl_mixamorigwLeftShoulder-roty-sampler" target="mixamorigwLeftShoulder/rotateY.ANGLE" />
      <sampler id="hpl_mixamorigwLeftShoulder-rotx-sampler"><input semantic="INPUT" source="#hpl_mixamorigwLeftShoulder-time" /><input semantic="OUTPUT" source="#hpl_mixamorigwLeftShoulder-rotx" /></sampler><channel source="#hpl_mixamorigwLeftShoulder-rotx-sampler" target="mixamorigwLeftShoulder/rotateX.ANGLE" />
    </animation>
    <animation id="hpl_mixamorigwLeftArm">
      <source id="hpl_mixamorigwLeftArm-time"><float_array id="hpl_mixamorigwLeftArm-time-array" count="102">0 1 2 3 4 5 6 7 8 9 10 11 12 13 14 15 16 17 18 19 20 21 22 23 24 25 26 27 28 29 30 31 32 33 34 35 36 37 38 39 40 41 42 43 44 45 46 47 48 49 50 51 52 53 54 55 56 57 58 59 60 61 62 63 64 65 66 67 68 69 70 71 72 73 74 75 76 77 78 79 80 81 82 83 84 85 86 87 88 89 90 91 92 93 94 95 96 97 98 99 100 101</float_array><technique_common><accessor source="#hpl_mixamorigwLeftArm-time-array" count="102" stride="1" /></technique_common></source>
      <source id="hpl_mixamorigwLeftArm-trans"><float_array id="hpl_mixamorigwLeftArm-trans-array" count="306">1.79558e-06 0.157173 1.76683e-06 1.79558e-06 0.157173 1.76683e-06 1.79558e-06 0.157173 1.76683e-06 1.79558e-06 0.157173 1.76683e-06 1.79558e-06 0.157173 1.76683e-06 1.79558e-06 0.157173 1.76683e-06 1.79558e-06 0.157173 1.76683e-06 1.79558e-06 0.157173 1.76683e-06 1.79558e-06 0.157173 1.76683e-06 1.79558e-06 0.157173 1.76683e-06 1.79558e-06 0.157173 1.76683e-06 1.79558e-06 0.157173 1.76683e-06 1.79558e-06 0.157173 1.76683e-06 1.79558e-06 0.157173 1.76683e-06 1.79558e-06 0.157173 1.76683e-06 1.79558e-06 0.157173 1.76683e-06 1.79558e-06 0.157173 1.76683e-06 1.79558e-06 0.157173 1.76683e-06 1.79558e-06 0.157173 1.76683e-06 1.79558e-06 0.157173 1.76683e-06 1.79558e-06 0.157173 1.76683e-06 1.79558e-06 0.157173 1.76683e-06 1.79558e-06 0.157173 1.76683e-06 1.79558e-06 0.157173 1.76683e-06 1.79558e-06 0.157173 1.76683e-06 1.79558e-06 0.157173 1.76683e-06 1.79558e-06 0.157173 1.76683e-06 1.79558e-06 0.157173 1.76683e-06 1.79558e-06 0.157173 1.76683e-06 1.79558e-06 0.157173 1.76683e-06 1.79558e-06 0.157173 1.76683e-06 1.79558e-06 0.157173 1.76683e-06 1.79558e-06 0.157173 1.76683e-06 1.79558e-06 0.157173 1.76683e-06 1.79558e-06 0.157173 1.76683e-06 1.79558e-06 0.157173 1.76683e-06 1.79558e-06 0.157173 1.76683e-06 1.79558e-06 0.157173 1.76683e-06 1.79558e-06 0.157173 1.76683e-06 1.79558e-06 0.157173 1.76683e-06 1.79558e-06 0.157173 1.76683e-06 1.79558e-06 0.157173 1.76683e-06 1.79558e-06 0.157173 1.76683e-06 1.79558e-06 0.157173 1.76683e-06 1.79558e-06 0.157173 1.76683e-06 1.79558e-06 0.157173 1.76683e-06 1.79558e-06 0.157173 1.76683e-06 1.79558e-06 0.157173 1.76683e-06 1.79558e-06 0.157173 1.76683e-06 1.79558e-06 0.157173 1.76683e-06 1.79558e-06 0.157173 1.76683e-06 1.79558e-06 0.157173 1.76683e-06 1.79558e-06 0.157173 1.76683e-06 1.79558e-06 0.157173 1.76683e-06 1.79558e-06 0.157173 1.76683e-06 1.79558e-06 0.157173 1.76683e-06 1.79558e-06 0.157173 1.76683e-06 1.79558e-06 0.157173 1.76683e-06 1.79558e-06 0.157173 1.76683e-06 1.79558e-06 0.157173 1.76683e-06 1.79558e-06 0.157173 1.76683e-06 1.79558e-06 0.157173 1.76683e-06 1.79558e-06 0.157173 1.76683e-06 1.79558e-06 0.157173 1.76683e-06 1.79558e-06 0.157173 1.76683e-06 1.79558e-06 0.157173 1.76683e-06 1.79558e-06 0.157173 1.76683e-06 1.79558e-06 0.157173 1.76683e-06 1.79558e-06 0.157173 1.76683e-06 1.79558e-06 0.157173 1.76683e-06 1.79558e-06 0.157173 1.76683e-06 1.79558e-06 0.157173 1.76683e-06 1.79558e-06 0.157173 1.76683e-06 1.79558e-06 0.157173 1.76683e-06 1.79558e-06 0.157173 1.76683e-06 1.79558e-06 0.157173 1.76683e-06 1.79558e-06 0.157173 1.76683e-06 1.79558e-06 0.157173 1.76683e-06 1.79558e-06 0.157173 1.76683e-06 1.79558e-06 0.157173 1.76683e-06 1.79558e-06 0.157173 1.76683e-06 1.79558e-06 0.157173 1.76683e-06 1.79558e-06 0.157173 1.76683e-06 1.79558e-06 0.157173 1.76683e-06 1.79558e-06 0.157173 1.76683e-06 1.79558e-06 0.157173 1.76683e-06 1.79558e-06 0.157173 1.76683e-06 1.79558e-06 0.157173 1.76683e-06 1.79558e-06 0.157173 1.76683e-06 1.79558e-06 0.157173 1.76683e-06 1.79558e-06 0.157173 1.76683e-06 1.79558e-06 0.157173 1.76683e-06 1.79558e-06 0.157173 1.76683e-06 1.79558e-06 0.157173 1.76683e-06 1.79558e-06 0.157173 1.76683e-06 1.79558e-06 0.157173 1.76683e-06 1.79558e-06 0.157173 1.76683e-06 1.79558e-06 0.157173 1.76683e-06 1.79558e-06 0.157173 1.76683e-06 1.79558e-06 0.157173 1.76683e-06 1.79558e-06 0.157173 1.76683e-06 1.79558e-06 0.157173 1.76683e-06</float_array><technique_common><accessor source="#hpl_mixamorigwLeftArm-trans-array" count="102" stride="3" /></technique_common></source>
      <source id="hpl_mixamorigwLeftArm-rotz"><float_array id="hpl_mixamorigwLeftArm-rotz-array" count="102">32.1892 31.7617 31.4367 31.1811 31.0557 31.3109 32.181 33.3162 34.6004 36.3591 38.199 39.8348 41.0352 41.8474 41.9991 41.7124 41.0582 40.2392 39.5043 38.9626 38.5773 38.3308 38.1454 38.0198 38.0287 38.1136 38.089 38.0109 37.9605 37.968 37.7072 37.418 37.4101 37.6677 37.9064 38.1267 38.0328 37.7957 37.3877 36.7189 35.9635 35.29 34.7494 34.2701 33.7294 33.0162 32.1068 31.2833 30.6921 30.3121 30.1993 30.4444 31.6293 33.1293 34.9449 37.2549 39.8859 41.9771 43.467 44.0722 43.9951 43.6733 43.5193 43.5548 43.5795 43.4382 43.0865 42.6103 42.0576 41.5716 41.0649 40.6189 40.2073 39.8484 39.5274 39.1611 38.7511 38.3301 37.8683 37.394 37.0191 36.9082 37.1231 37.4077 37.7885 38.2632 38.5996 38.9494 39.1467 39.3995 39.5339 39.4096 39.1531 38.9002 38.6702 38.3496 38.1234 38.0641 38.1489 38.3069 38.4172 32.1892</float_array><technique_common><accessor source="#hpl_mixamorigwLeftArm-rotz-array" count="102" stride="1" /></technique_common></source>
      <source id="hpl_mixamorigwLeftArm-roty"><float_array id="hpl_mixamorigwLeftArm-roty-array" count="102">13.5739 12.9773 12.5166 12.2825 12.1623 12.1682 12.2657 12.2829 12.0198 12.1022 12.3047 12.512 13.134 13.9393 14.6593 15.1173 15.1913 15.0352 14.7644 14.47 14.1492 13.8011 13.2639 12.7646 12.3421 11.9809 11.5144 11.0087 10.6636 10.5471 10.2779 9.76843 9.19446 8.59996 8.10884 8.39339 8.9856 9.58981 9.88059 9.95067 10.0635 10.4385 10.9326 11.4006 11.6536 11.5818 11.3037 10.9561 10.6242 10.181 9.75068 9.44923 9.63204 9.87254 10.0684 10.322 10.7522 11.1208 12.1325 13.4857 14.5312 15.026 15.1513 15.2623 15.3805 15.4108 15.271 14.9655 14.5981 14.2703 13.8592 13.4101 13.0497 12.7569 12.499 12.1608 11.7686 11.2512 10.6666 10.0217 9.43051 9.14166 9.21432 9.54564 9.71087 9.50191 9.17828 8.88235 8.54972 8.59477 8.61768 8.51233 8.47577 8.57175 8.79931 9.088 9.46053 9.83794 10.1566 10.4724 10.6607 13.5739</float_array><technique_common><accessor source="#hpl_mixamorigwLeftArm-roty-array" count="102" stride="1" /></technique_common></source>
      <source id="hpl_mixamorigwLeftArm-rotx"><float_array id="hpl_mixamorigwLeftArm-rotx-array" count="102">44.9937 45.4659 46.0507 46.561 46.8405 47.0321 47.4033 47.8526 48.2975 48.8805 49.6649 50.3091 50.4343 50.0514 49.5284 48.9317 48.2225 47.4574 46.7771 46.2349 45.887 45.7168 45.7233 45.9311 46.2231 46.4702 46.6105 46.5957 46.4561 46.2479 46.1037 45.9412 45.6951 45.7704 46.4531 46.8181 46.4561 45.821 45.258 44.8795 44.7135 44.7541 45.0202 45.3935 45.8549 46.3337 46.8714 47.4909 48.2468 49.0192 49.7174 50.1573 50.4769 50.234 49.6032 49.3954 50.1103 50.8056 51.0063 50.8989 50.3716 50.0354 50.0755 50.2997 50.4582 50.5686 50.4793 50.3348 50.1425 49.9901 49.9116 49.9109 49.8394 49.7458 49.5741 49.3298 49.0422 48.7421 48.4013 48.0338 47.6164 47.2647 46.9787 46.6487 45.9222 44.727 44.1178 43.6709 43.0405 42.3104 41.6057 41.0585 40.6303 40.3581 40.2859 40.4179 40.6591 40.9449 41.2448 41.5323 41.7886 44.9937</float_array><technique_common><accessor source="#hpl_mixamorigwLeftArm-rotx-array" count="102" stride="1" /></technique_common></source>
      <sampler id="hpl_mixamorigwLeftArm-trans-sampler"><input semantic="INPUT" source="#hpl_mixamorigwLeftArm-time" /><input semantic="OUTPUT" source="#hpl_mixamorigwLeftArm-trans" /></sampler><channel source="#hpl_mixamorigwLeftArm-trans-sampler" target="mixamorigwLeftArm/translate" />
      <sampler id="hpl_mixamorigwLeftArm-rotz-sampler"><input semantic="INPUT" source="#hpl_mixamorigwLeftArm-time" /><input semantic="OUTPUT" source="#hpl_mixamorigwLeftArm-rotz" /></sampler><channel source="#hpl_mixamorigwLeftArm-rotz-sampler" target="mixamorigwLeftArm/rotateZ.ANGLE" />
      <sampler id="hpl_mixamorigwLeftArm-roty-sampler"><input semantic="INPUT" source="#hpl_mixamorigwLeftArm-time" /><input semantic="OUTPUT" source="#hpl_mixamorigwLeftArm-roty" /></sampler><channel source="#hpl_mixamorigwLeftArm-roty-sampler" target="mixamorigwLeftArm/rotateY.ANGLE" />
      <sampler id="hpl_mixamorigwLeftArm-rotx-sampler"><input semantic="INPUT" source="#hpl_mixamorigwLeftArm-time" /><input semantic="OUTPUT" source="#hpl_mixamorigwLeftArm-rotx" /></sampler><channel source="#hpl_mixamorigwLeftArm-rotx-sampler" target="mixamorigwLeftArm/rotateX.ANGLE" />
    </animation>
    <animation id="hpl_mixamorigwLeftForeArm">
      <source id="hpl_mixamorigwLeftForeArm-time"><float_array id="hpl_mixamorigwLeftForeArm-time-array" count="102">0 1 2 3 4 5 6 7 8 9 10 11 12 13 14 15 16 17 18 19 20 21 22 23 24 25 26 27 28 29 30 31 32 33 34 35 36 37 38 39 40 41 42 43 44 45 46 47 48 49 50 51 52 53 54 55 56 57 58 59 60 61 62 63 64 65 66 67 68 69 70 71 72 73 74 75 76 77 78 79 80 81 82 83 84 85 86 87 88 89 90 91 92 93 94 95 96 97 98 99 100 101</float_array><technique_common><accessor source="#hpl_mixamorigwLeftForeArm-time-array" count="102" stride="1" /></technique_common></source>
      <source id="hpl_mixamorigwLeftForeArm-trans"><float_array id="hpl_mixamorigwLeftForeArm-trans-array" count="306">-1.94106e-06 0.243557 4.92905e-07 -1.94106e-06 0.243557 4.92905e-07 -1.94106e-06 0.243557 4.92905e-07 -1.94106e-06 0.243557 4.92905e-07 -1.94106e-06 0.243557 4.92905e-07 -1.94106e-06 0.243557 4.92905e-07 -1.94106e-06 0.243557 4.92905e-07 -1.94106e-06 0.243557 4.92905e-07 -1.94106e-06 0.243557 4.92905e-07 -1.94106e-06 0.243557 4.92905e-07 -1.94106e-06 0.243557 4.92905e-07 -1.94106e-06 0.243557 4.92905e-07 -1.94106e-06 0.243557 4.92905e-07 -1.94106e-06 0.243557 4.92905e-07 -1.94106e-06 0.243557 4.92905e-07 -1.94106e-06 0.243557 4.92905e-07 -1.94106e-06 0.243557 4.92905e-07 -1.94106e-06 0.243557 4.92905e-07 -1.94106e-06 0.243557 4.92905e-07 -1.94106e-06 0.243557 4.92905e-07 -1.94106e-06 0.243557 4.92905e-07 -1.94106e-06 0.243557 4.92905e-07 -1.94106e-06 0.243557 4.92905e-07 -1.94106e-06 0.243557 4.92905e-07 -1.94106e-06 0.243557 4.92905e-07 -1.94106e-06 0.243557 4.92905e-07 -1.94106e-06 0.243557 4.92905e-07 -1.94106e-06 0.243557 4.92905e-07 -1.94106e-06 0.243557 4.92905e-07 -1.94106e-06 0.243557 4.92905e-07 -1.94106e-06 0.243557 4.92905e-07 -1.94106e-06 0.243557 4.92905e-07 -1.94106e-06 0.243557 4.92905e-07 -1.94106e-06 0.243557 4.92905e-07 -1.94106e-06 0.243557 4.92905e-07 -1.94106e-06 0.243557 4.92905e-07 -1.94106e-06 0.243557 4.92905e-07 -1.94106e-06 0.243557 4.92905e-07 -1.94106e-06 0.243557 4.92905e-07 -1.94106e-06 0.243557 4.92905e-07 -1.94106e-06 0.243557 4.92905e-07 -1.94106e-06 0.243557 4.92905e-07 -1.94106e-06 0.243557 4.92905e-07 -1.94106e-06 0.243557 4.92905e-07 -1.94106e-06 0.243557 4.92905e-07 -1.94106e-06 0.243557 4.92905e-07 -1.94106e-06 0.243557 4.92905e-07 -1.94106e-06 0.243557 4.92905e-07 -1.94106e-06 0.243557 4.92905e-07 -1.94106e-06 0.243557 4.92905e-07 -1.94106e-06 0.243557 4.92905e-07 -1.94106e-06 0.243557 4.92905e-07 -1.94106e-06 0.243557 4.92905e-07 -1.94106e-06 0.243557 4.92905e-07 -1.94106e-06 0.243557 4.92905e-07 -1.94106e-06 0.243557 4.92905e-07 -1.94106e-06 0.243557 4.92905e-07 -1.94106e-06 0.243557 4.92905e-07 -1.94106e-06 0.243557 4.92905e-07 -1.94106e-06 0.243557 4.92905e-07 -1.94106e-06 0.243557 4.92905e-07 -1.94106e-06 0.243557 4.92905e-07 -1.94106e-06 0.243557 4.92905e-07 -1.94106e-06 0.243557 4.92905e-07 -1.94106e-06 0.243557 4.92905e-07 -1.94106e-06 0.243557 4.92905e-07 -1.94106e-06 0.243557 4.92905e-07 -1.94106e-06 0.243557 4.92905e-07 -1.94106e-06 0.243557 4.92905e-07 -1.94106e-06 0.243557 4.92905e-07 -1.94106e-06 0.243557 4.92905e-07 -1.94106e-06 0.243557 4.92905e-07 -1.94106e-06 0.243557 4.92905e-07 -1.94106e-06 0.243557 4.92905e-07 -1.94106e-06 0.243557 4.92905e-07 -1.94106e-06 0.243557 4.92905e-07 -1.94106e-06 0.243557 4.92905e-07 -1.94106e-06 0.243557 4.92905e-07 -1.94106e-06 0.243557 4.92905e-07 -1.94106e-06 0.243557 4.92905e-07 -1.94106e-06 0.243557 4.92905e-07 -1.94106e-06 0.243557 4.92905e-07 -1.94106e-06 0.243557 4.92905e-07 -1.94106e-06 0.243557 4.92905e-07 -1.94106e-06 0.243557 4.92905e-07 -1.94106e-06 0.243557 4.92905e-07 -1.94106e-06 0.243557 4.92905e-07 -1.94106e-06 0.243557 4.92905e-07 -1.94106e-06 0.243557 4.92905e-07 -1.94106e-06 0.243557 4.92905e-07 -1.94106e-06 0.243557 4.92905e-07 -1.94106e-06 0.243557 4.92905e-07 -1.94106e-06 0.243557 4.92905e-07 -1.94106e-06 0.243557 4.92905e-07 -1.94106e-06 0.243557 4.92905e-07 -1.94106e-06 0.243557 4.92905e-07 -1.94106e-06 0.243557 4.92905e-07 -1.94106e-06 0.243557 4.92905e-07 -1.94106e-06 0.243557 4.92905e-07 -1.94106e-06 0.243557 4.92905e-07 -1.94106e-06 0.243557 4.92905e-07 -1.94106e-06 0.243557 4.92905e-07</float_array><technique_common><accessor source="#hpl_mixamorigwLeftForeArm-trans-array" count="102" stride="3" /></technique_common></source>
      <source id="hpl_mixamorigwLeftForeArm-rotz"><float_array id="hpl_mixamorigwLeftForeArm-rotz-array" count="102">38.8509 39.2015 39.27 38.9386 38.2165 37.2604 36.2812 35.4417 34.9394 34.8449 34.9875 35.4015 35.8242 35.9557 35.8434 35.4611 34.9417 34.5082 34.2616 34.2977 34.4522 34.6685 34.9014 35.1578 35.3637 35.4493 35.4573 35.3634 35.1183 34.6776 34.1488 33.6457 33.5129 33.9226 34.805 35.8338 36.5439 36.7141 36.5724 36.5468 36.7644 37.1314 37.5276 37.9414 38.3417 38.5547 38.6345 38.2077 37.2251 35.6804 33.8439 32.0414 30.7562 30.088 29.7744 29.8461 30.4524 31.8689 33.5048 34.8155 35.3192 34.9912 34.2027 33.6224 33.4084 33.6051 34.029 34.5096 34.8968 35.1182 35.1744 35.0575 34.9762 34.9678 35.0034 35.0394 34.9475 34.8376 34.7131 34.553 34.3996 34.2466 34.0577 33.9915 33.8277 33.8016 33.7239 33.8521 34.2766 34.8119 35.2502 35.4681 35.4751 35.3911 35.2625 35.1992 35.0615 34.8223 34.4281 33.9857 33.6173 38.8509</float_array><technique_common><accessor source="#hpl_mixamorigwLeftForeArm-rotz-array" count="102" stride="1" /></technique_common></source>
      <source id="hpl_mixamorigwLeftForeArm-roty"><float_array id="hpl_mixamorigwLeftForeArm-roty-array" count="102">-9.23845 -9.20122 -9.22962 -9.27288 -9.35013 -9.50186 -9.56328 -9.56087 -9.71956 -9.67324 -9.5714 -9.54552 -9.54182 -9.53864 -9.57406 -9.58902 -9.6313 -9.67594 -9.67704 -9.69611 -9.68581 -9.67644 -9.65243 -9.65556 -9.67708 -9.70074 -9.78428 -9.8738 -9.94979 -9.99144 -10.0998 -10.0817 -9.97696 -9.97223 -9.90419 -9.76936 -9.67148 -9.55641 -9.55985 -9.63362 -9.69462 -9.66936 -9.57965 -9.50572 -9.48101 -9.46076 -9.48249 -9.52979 -9.68057 -9.95824 -10.2605 -10.5729 -10.6687 -10.6378 -10.7013 -10.67 -10.5943 -10.4738 -10.2936 -10.0832 -9.96266 -9.99975 -10.1061 -10.2072 -10.2196 -10.1823 -10.0927 -10.0034 -9.90399 -9.84818 -9.85048 -9.87599 -9.90988 -9.90899 -9.88309 -9.87097 -9.86908 -9.90386 -9.93867 -9.97465 -10.0337 -10.0794 -10.1198 -10.2096 -10.1598 -10.0858 -10.0565 -10.0553 -10.0391 -9.96459 -9.897 -9.86406 -9.85131 -9.86683 -9.84109 -9.82524 -9.81119 -9.81168 -9.85709 -9.88998 -9.95436 -9.23845</float_array><technique_common><accessor source="#hpl_mixamorigwLeftForeArm-roty-array" count="102" stride="1" /></technique_common></source>
      <source id="hpl_mixamorigwLeftForeArm-rotx"><float_array id="hpl_mixamorigwLeftForeArm-rotx-array" count="102">-7.9525 -7.87432 -7.7499 -7.59999 -7.39229 -7.23322 -7.19738 -7.05341 -6.89807 -6.98505 -7.2281 -7.38755 -7.37545 -7.35942 -7.27242 -7.21462 -7.14605 -7.13368 -7.16191 -7.21803 -7.25721 -7.27968 -7.31117 -7.33186 -7.36864 -7.38418 -7.32502 -7.25576 -7.22969 -7.23756 -7.02428 -6.71517 -6.61569 -6.58367 -6.64222 -6.84191 -7.06749 -7.3046 -7.41562 -7.39656 -7.37559 -7.42654 -7.50859 -7.57068 -7.64999 -7.63655 -7.5127 -7.25891 -6.97504 -6.60983 -6.2067 -5.78376 -5.69973 -5.616 -5.53816 -5.61872 -6.07987 -6.51486 -6.88125 -7.02969 -7.15049 -7.11885 -6.97805 -6.93985 -6.98024 -7.16209 -7.4017 -7.63614 -7.79656 -7.84949 -7.77454 -7.6587 -7.5893 -7.60454 -7.61901 -7.62272 -7.56392 -7.47759 -7.3673 -7.20705 -7.03719 -6.93115 -6.90083 -6.76277 -6.58734 -6.60687 -6.62542 -6.70783 -6.84841 -7.05695 -7.214 -7.29954 -7.38747 -7.52134 -7.68304 -7.80139 -7.83938 -7.80146 -7.67524 -7.52307 -7.30726 -7.9525</float_array><technique_common><accessor source="#hpl_mixamorigwLeftForeArm-rotx-array" count="102" stride="1" /></technique_common></source>
      <sampler id="hpl_mixamorigwLeftForeArm-trans-sampler"><input semantic="INPUT" source="#hpl_mixamorigwLeftForeArm-time" /><input semantic="OUTPUT" source="#hpl_mixamorigwLeftForeArm-trans" /></sampler><channel source="#hpl_mixamorigwLeftForeArm-trans-sampler" target="mixamorigwLeftForeArm/translate" />
      <sampler id="hpl_mixamorigwLeftForeArm-rotz-sampler"><input semantic="INPUT" source="#hpl_mixamorigwLeftForeArm-time" /><input semantic="OUTPUT" source="#hpl_mixamorigwLeftForeArm-rotz" /></sampler><channel source="#hpl_mixamorigwLeftForeArm-rotz-sampler" target="mixamorigwLeftForeArm/rotateZ.ANGLE" />
      <sampler id="hpl_mixamorigwLeftForeArm-roty-sampler"><input semantic="INPUT" source="#hpl_mixamorigwLeftForeArm-time" /><input semantic="OUTPUT" source="#hpl_mixamorigwLeftForeArm-roty" /></sampler><channel source="#hpl_mixamorigwLeftForeArm-roty-sampler" target="mixamorigwLeftForeArm/rotateY.ANGLE" />
      <sampler id="hpl_mixamorigwLeftForeArm-rotx-sampler"><input semantic="INPUT" source="#hpl_mixamorigwLeftForeArm-time" /><input semantic="OUTPUT" source="#hpl_mixamorigwLeftForeArm-rotx" /></sampler><channel source="#hpl_mixamorigwLeftForeArm-rotx-sampler" target="mixamorigwLeftForeArm/rotateX.ANGLE" />
    </animation>
    <animation id="hpl_mixamorigwLeftHand">
      <source id="hpl_mixamorigwLeftHand-time"><float_array id="hpl_mixamorigwLeftHand-time-array" count="102">0 1 2 3 4 5 6 7 8 9 10 11 12 13 14 15 16 17 18 19 20 21 22 23 24 25 26 27 28 29 30 31 32 33 34 35 36 37 38 39 40 41 42 43 44 45 46 47 48 49 50 51 52 53 54 55 56 57 58 59 60 61 62 63 64 65 66 67 68 69 70 71 72 73 74 75 76 77 78 79 80 81 82 83 84 85 86 87 88 89 90 91 92 93 94 95 96 97 98 99 100 101</float_array><technique_common><accessor source="#hpl_mixamorigwLeftHand-time-array" count="102" stride="1" /></technique_common></source>
      <source id="hpl_mixamorigwLeftHand-trans"><float_array id="hpl_mixamorigwLeftHand-trans-array" count="306">-2.90081e-08 0.249448 -2.13017e-06 -2.90081e-08 0.249448 -2.13017e-06 -2.90081e-08 0.249448 -2.13017e-06 -2.90081e-08 0.249448 -2.13017e-06 -2.90081e-08 0.249448 -2.13017e-06 -2.90081e-08 0.249448 -2.13017e-06 -2.90081e-08 0.249448 -2.13017e-06 -2.90081e-08 0.249448 -2.13017e-06 -2.90081e-08 0.249448 -2.13017e-06 -2.90081e-08 0.249448 -2.13017e-06 -2.90081e-08 0.249448 -2.13017e-06 -2.90081e-08 0.249448 -2.13017e-06 -2.90081e-08 0.249448 -2.13017e-06 -2.90081e-08 0.249448 -2.13017e-06 -2.90081e-08 0.249448 -2.13017e-06 -2.90081e-08 0.249448 -2.13017e-06 -2.90081e-08 0.249448 -2.13017e-06 -2.90081e-08 0.249448 -2.13017e-06 -2.90081e-08 0.249448 -2.13017e-06 -2.90081e-08 0.249448 -2.13017e-06 -2.90081e-08 0.249448 -2.13017e-06 -2.90081e-08 0.249448 -2.13017e-06 -2.90081e-08 0.249448 -2.13017e-06 -2.90081e-08 0.249448 -2.13017e-06 -2.90081e-08 0.249448 -2.13017e-06 -2.90081e-08 0.249448 -2.13017e-06 -2.90081e-08 0.249448 -2.13017e-06 -2.90081e-08 0.249448 -2.13017e-06 -2.90081e-08 0.249448 -2.13017e-06 -2.90081e-08 0.249448 -2.13017e-06 -2.90081e-08 0.249448 -2.13017e-06 -2.90081e-08 0.249448 -2.13017e-06 -2.90081e-08 0.249448 -2.13017e-06 -2.90081e-08 0.249448 -2.13017e-06 -2.90081e-08 0.249448 -2.13017e-06 -2.90081e-08 0.249448 -2.13017e-06 -2.90081e-08 0.249448 -2.13017e-06 -2.90081e-08 0.249448 -2.13017e-06 -2.90081e-08 0.249448 -2.13017e-06 -2.90081e-08 0.249448 -2.13017e-06 -2.90081e-08 0.249448 -2.13017e-06 -2.90081e-08 0.249448 -2.13017e-06 -2.90081e-08 0.249448 -2.13017e-06 -2.90081e-08 0.249448 -2.13017e-06 -2.90081e-08 0.249448 -2.13017e-06 -2.90081e-08 0.249448 -2.13017e-06 -2.90081e-08 0.249448 -2.13017e-06 -2.90081e-08 0.249448 -2.13017e-06 -2.90081e-08 0.249448 -2.13017e-06 -2.90081e-08 0.249448 -2.13017e-06 -2.90081e-08 0.249448 -2.13017e-06 -2.90081e-08 0.249448 -2.13017e-06 -2.90081e-08 0.249448 -2.13017e-06 -2.90081e-08 0.249448 -2.13017e-06 -2.90081e-08 0.249448 -2.13017e-06 -2.90081e-08 0.249448 -2.13017e-06 -2.90081e-08 0.249448 -2.13017e-06 -2.90081e-08 0.249448 -2.13017e-06 -2.90081e-08 0.249448 -2.13017e-06 -2.90081e-08 0.249448 -2.13017e-06 -2.90081e-08 0.249448 -2.13017e-06 -2.90081e-08 0.249448 -2.13017e-06 -2.90081e-08 0.249448 -2.13017e-06 -2.90081e-08 0.249448 -2.13017e-06 -2.90081e-08 0.249448 -2.13017e-06 -2.90081e-08 0.249448 -2.13017e-06 -2.90081e-08 0.249448 -2.13017e-06 -2.90081e-08 0.249448 -2.13017e-06 -2.90081e-08 0.249448 -2.13017e-06 -2.90081e-08 0.249448 -2.13017e-06 -2.90081e-08 0.249448 -2.13017e-06 -2.90081e-08 0.249448 -2.13017e-06 -2.90081e-08 0.249448 -2.13017e-06 -2.90081e-08 0.249448 -2.13017e-06 -2.90081e-08 0.249448 -2.13017e-06 -2.90081e-08 0.249448 -2.13017e-06 -2.90081e-08 0.249448 -2.13017e-06 -2.90081e-08 0.249448 -2.13017e-06 -2.90081e-08 0.249448 -2.13017e-06 -2.90081e-08 0.249448 -2.13017e-06 -2.90081e-08 0.249448 -2.13017e-06 -2.90081e-08 0.249448 -2.13017e-06 -2.90081e-08 0.249448 -2.13017e-06 -2.90081e-08 0.249448 -2.13017e-06 -2.90081e-08 0.249448 -2.13017e-06 -2.90081e-08 0.249448 -2.13017e-06 -2.90081e-08 0.249448 -2.13017e-06 -2.90081e-08 0.249448 -2.13017e-06 -2.90081e-08 0.249448 -2.13017e-06 -2.90081e-08 0.249448 -2.13017e-06 -2.90081e-08 0.249448 -2.13017e-06 -2.90081e-08 0.249448 -2.13017e-06 -2.90081e-08 0.249448 -2.13017e-06 -2.90081e-08 0.249448 -2.13017e-06 -2.90081e-08 0.249448 -2.13017e-06 -2.90081e-08 0.249448 -2.13017e-06 -2.90081e-08 0.249448 -2.13017e-06 -2.90081e-08 0.249448 -2.13017e-06 -2.90081e-08 0.249448 -2.13017e-06 -2.90081e-08 0.249448 -2.13017e-06 -2.90081e-08 0.249448 -2.13017e-06 -2.90081e-08 0.249448 -2.13017e-06</float_array><technique_common><accessor source="#hpl_mixamorigwLeftHand-trans-array" count="102" stride="3" /></technique_common></source>
      <source id="hpl_mixamorigwLeftHand-rotz"><float_array id="hpl_mixamorigwLeftHand-rotz-array" count="102">1.12069 0.972448 0.611393 0.0474906 -0.577979 -1.01907 -1.16587 -0.892119 -0.494289 -0.0370355 0.258714 0.281446 0.214369 0.114489 0.0928759 0.104212 0.109857 0.0744044 0.0424588 0.0811101 0.176077 0.332339 0.517091 0.688528 0.764036 0.794537 0.764109 0.685612 0.614807 0.47873 0.364081 0.119382 -0.0128391 0.0500477 0.421803 0.969968 1.40778 1.62222 1.91104 2.24469 2.54712 2.77403 2.91844 3.06359 3.25669 3.47563 3.59765 3.58984 3.36197 2.97944 2.58259 2.49274 2.7104 2.90974 3.09988 3.2188 3.30095 3.25165 3.14059 3.36806 3.36364 2.9949 2.23127 1.22067 0.549862 0.35749 0.458112 0.640519 0.750164 0.714513 0.613698 0.449122 0.322776 0.235393 0.19663 0.132955 0.111798 0.0858691 0.0593373 0.0524401 0.0923677 0.168419 0.18967 0.260778 0.167192 0.203926 0.484728 1.09714 1.58888 2.01372 2.44516 2.92512 3.42624 3.86691 4.23163 4.46041 4.54483 4.45613 4.24176 3.92632 3.63231 1.12069</float_array><technique_common><accessor source="#hpl_mixamorigwLeftHand-rotz-array" count="102" stride="1" /></technique_common></source>
      <source id="hpl_mixamorigwLeftHand-roty"><float_array id="hpl_mixamorigwLeftHand-roty-array" count="102">-30.0127 -30.5558 -31.1686 -32.0276 -33.1941 -34.4721 -35.5343 -35.8671 -35.8002 -35.878 -35.8739 -35.2383 -34.1322 -32.809 -31.661 -30.8772 -30.3269 -30.0206 -30.0553 -30.2484 -30.3297 -30.1585 -29.8032 -29.4121 -29.0448 -28.7028 -28.0814 -27.321 -26.6077 -26.0338 -25.4925 -24.9683 -24.5492 -24.3154 -24.3038 -24.8671 -25.1271 -25.4587 -25.8561 -26.3596 -26.98 -27.6456 -28.2265 -28.8024 -29.2786 -29.7999 -30.2766 -30.8298 -31.6752 -32.7362 -34.0206 -35.0291 -35.7604 -35.08 -33.8533 -32.624 -31.5526 -30.2241 -29.147 -28.6736 -28.5538 -28.0218 -26.8403 -25.5257 -24.8358 -24.9715 -25.7422 -26.6802 -27.4958 -27.945 -27.9146 -27.6234 -27.4439 -27.3682 -27.3995 -27.4315 -27.4044 -27.3026 -27.1875 -26.9793 -26.5679 -26.1434 -25.6854 -24.7225 -23.9929 -23.67 -23.8371 -24.9402 -25.988 -26.9511 -27.6208 -27.9337 -28.1199 -28.2737 -28.4044 -28.3933 -28.356 -28.1637 -27.7636 -27.2648 -26.8003 -30.0127</float_array><technique_common><accessor source="#hpl_mixamorigwLeftHand-roty-array" count="102" stride="1" /></technique_common></source>
      <source id="hpl_mixamorigwLeftHand-rotx"><float_array id="hpl_mixamorigwLeftHand-rotx-array" count="102">-1.15255 -1.21565 -1.04086 -0.749407 -0.451904 -0.195917 0.0527788 0.315825 0.574283 0.95243 1.33845 2.04042 3.14654 4.16541 4.66166 4.73895 4.45562 3.94014 3.35057 2.76729 2.31546 1.95585 1.64198 1.33474 1.22631 1.27068 1.42056 1.67422 1.95187 2.21349 2.07604 1.56455 0.905842 0.641216 0.669888 0.673959 0.541261 0.339397 -0.0902384 -0.593396 -1.00061 -1.15436 -1.18986 -1.33149 -1.65189 -2.01031 -2.25565 -2.26681 -1.9304 -1.3855 -0.759128 0.01697 0.999532 2.08579 2.71089 2.71942 2.25121 2.04696 2.57113 2.94193 3.13718 3.24877 3.61368 4.25519 4.66088 4.52935 3.9309 3.15528 2.44339 1.97077 1.69873 1.59233 1.53532 1.5336 1.54437 1.5863 1.66217 1.7361 1.85066 1.99334 2.2037 2.50734 2.92908 3.43872 4.08722 4.44856 4.13786 3.10006 2.28135 1.66795 0.97741 0.0564082 -0.983019 -1.97504 -2.76171 -3.35395 -3.733 -3.92247 -3.87178 -3.58632 -3.21796 -1.15255</float_array><technique_common><accessor source="#hpl_mixamorigwLeftHand-rotx-array" count="102" stride="1" /></technique_common></source>
      <sampler id="hpl_mixamorigwLeftHand-trans-sampler"><input semantic="INPUT" source="#hpl_mixamorigwLeftHand-time" /><input semantic="OUTPUT" source="#hpl_mixamorigwLeftHand-trans" /></sampler><channel source="#hpl_mixamorigwLeftHand-trans-sampler" target="mixamorigwLeftHand/translate" />
      <sampler id="hpl_mixamorigwLeftHand-rotz-sampler"><input semantic="INPUT" source="#hpl_mixamorigwLeftHand-time" /><input semantic="OUTPUT" source="#hpl_mixamorigwLeftHand-rotz" /></sampler><channel source="#hpl_mixamorigwLeftHand-rotz-sampler" target="mixamorigwLeftHand/rotateZ.ANGLE" />
      <sampler id="hpl_mixamorigwLeftHand-roty-sampler"><input semantic="INPUT" source="#hpl_mixamorigwLeftHand-time" /><input semantic="OUTPUT" source="#hpl_mixamorigwLeftHand-roty" /></sampler><channel source="#hpl_mixamorigwLeftHand-roty-sampler" target="mixamorigwLeftHand/rotateY.ANGLE" />
      <sampler id="hpl_mixamorigwLeftHand-rotx-sampler"><input semantic="INPUT" source="#hpl_mixamorigwLeftHand-time" /><input semantic="OUTPUT" source="#hpl_mixamorigwLeftHand-rotx" /></sampler><channel source="#hpl_mixamorigwLeftHand-rotx-sampler" target="mixamorigwLeftHand/rotateX.ANGLE" />
    </animation>
    <animation id="hpl_mixamorigwRightShoulder">
      <source id="hpl_mixamorigwRightShoulder-time"><float_array id="hpl_mixamorigwRightShoulder-time-array" count="102">0 1 2 3 4 5 6 7 8 9 10 11 12 13 14 15 16 17 18 19 20 21 22 23 24 25 26 27 28 29 30 31 32 33 34 35 36 37 38 39 40 41 42 43 44 45 46 47 48 49 50 51 52 53 54 55 56 57 58 59 60 61 62 63 64 65 66 67 68 69 70 71 72 73 74 75 76 77 78 79 80 81 82 83 84 85 86 87 88 89 90 91 92 93 94 95 96 97 98 99 100 101</float_array><technique_common><accessor source="#hpl_mixamorigwRightShoulder-time-array" count="102" stride="1" /></technique_common></source>
      <source id="hpl_mixamorigwRightShoulder-trans"><float_array id="hpl_mixamorigwRightShoulder-trans-array" count="306">-0.0400869 0.0656595 -0.000945886 -0.0400869 0.0656595 -0.000945886 -0.0400869 0.0656595 -0.000945886 -0.0400869 0.0656595 -0.000945886 -0.0400869 0.0656595 -0.000945886 -0.0400869 0.0656595 -0.000945886 -0.0400869 0.0656595 -0.000945886 -0.0400869 0.0656595 -0.000945886 -0.0400869 0.0656595 -0.000945886 -0.0400869 0.0656595 -0.000945886 -0.0400869 0.0656595 -0.000945886 -0.0400869 0.0656595 -0.000945886 -0.0400869 0.0656595 -0.000945886 -0.0400869 0.0656595 -0.000945886 -0.0400869 0.0656595 -0.000945886 -0.0400869 0.0656595 -0.000945886 -0.0400869 0.0656595 -0.000945886 -0.0400869 0.0656595 -0.000945886 -0.0400869 0.0656595 -0.000945886 -0.0400869 0.0656595 -0.000945886 -0.0400869 0.0656595 -0.000945886 -0.0400869 0.0656595 -0.000945886 -0.0400869 0.0656595 -0.000945886 -0.0400869 0.0656595 -0.000945886 -0.0400869 0.0656595 -0.000945886 -0.0400869 0.0656595 -0.000945886 -0.0400869 0.0656595 -0.000945886 -0.0400869 0.0656595 -0.000945886 -0.0400869 0.0656595 -0.000945886 -0.0400869 0.0656595 -0.000945886 -0.0400869 0.0656595 -0.000945886 -0.0400869 0.0656595 -0.000945886 -0.0400869 0.0656595 -0.000945886 -0.0400869 0.0656595 -0.000945886 -0.0400869 0.0656595 -0.000945886 -0.0400869 0.0656595 -0.000945886 -0.0400869 0.0656595 -0.000945886 -0.0400869 0.0656595 -0.000945886 -0.0400869 0.0656595 -0.000945886 -0.0400869 0.0656595 -0.000945886 -0.0400869 0.0656595 -0.000945886 -0.0400869 0.0656595 -0.000945886 -0.0400869 0.0656595 -0.000945886 -0.0400869 0.0656595 -0.000945886 -0.0400869 0.0656595 -0.000945886 -0.0400869 0.0656595 -0.000945886 -0.0400869 0.0656595 -0.000945886 -0.0400869 0.0656595 -0.000945886 -0.0400869 0.0656595 -0.000945886 -0.0400869 0.0656595 -0.000945886 -0.0400869 0.0656595 -0.000945886 -0.0400869 0.0656595 -0.000945886 -0.0400869 0.0656595 -0.000945886 -0.0400869 0.0656595 -0.000945886 -0.0400869 0.0656595 -0.000945886 -0.0400869 0.0656595 -0.000945886 -0.0400869 0.0656595 -0.000945886 -0.0400869 0.0656595 -0.000945886 -0.0400869 0.0656595 -0.000945886 -0.0400869 0.0656595 -0.000945886 -0.0400869 0.0656595 -0.000945886 -0.0400869 0.0656595 -0.000945886 -0.0400869 0.0656595 -0.000945886 -0.0400869 0.0656595 -0.000945886 -0.0400869 0.0656595 -0.000945886 -0.0400869 0.0656595 -0.000945886 -0.0400869 0.0656595 -0.000945886 -0.0400869 0.0656595 -0.000945886 -0.0400869 0.0656595 -0.000945886 -0.0400869 0.0656595 -0.000945886 -0.0400869 0.0656595 -0.000945886 -0.0400869 0.0656595 -0.000945886 -0.0400869 0.0656595 -0.000945886 -0.0400869 0.0656595 -0.000945886 -0.0400869 0.0656595 -0.000945886 -0.0400869 0.0656595 -0.000945886 -0.0400869 0.0656595 -0.000945886 -0.0400869 0.0656595 -0.000945886 -0.0400869 0.0656595 -0.000945886 -0.0400869 0.0656595 -0.000945886 -0.0400869 0.0656595 -0.000945886 -0.0400869 0.0656595 -0.000945886 -0.0400869 0.0656595 -0.000945886 -0.0400869 0.0656595 -0.000945886 -0.0400869 0.0656595 -0.000945886 -0.0400869 0.0656595 -0.000945886 -0.0400869 0.0656595 -0.000945886 -0.0400869 0.0656595 -0.000945886 -0.0400869 0.0656595 -0.000945886 -0.0400869 0.0656595 -0.000945886 -0.0400869 0.0656595 -0.000945886 -0.0400869 0.0656595 -0.000945886 -0.0400869 0.0656595 -0.000945886 -0.0400869 0.0656595 -0.000945886 -0.0400869 0.0656595 -0.000945886 -0.0400869 0.0656595 -0.000945886 -0.0400869 0.0656595 -0.000945886 -0.0400869 0.0656595 -0.000945886 -0.0400869 0.0656595 -0.000945886 -0.0400869 0.0656595 -0.000945886 -0.0400869 0.0656595 -0.000945886 -0.0400869 0.0656595 -0.000945886</float_array><technique_common><accessor source="#hpl_mixamorigwRightShoulder-trans-array" count="102" stride="3" /></technique_common></source>
      <source id="hpl_mixamorigwRightShoulder-rotz"><float_array id="hpl_mixamorigwRightShoulder-rotz-array" count="102">-97.5486 -96.9169 -96.3711 -95.9577 -95.4763 -94.9228 -94.4299 -93.6768 -93.3096 -93.216 -93.434 -93.7251 -94.1457 -94.879 -95.9702 -97.3811 -98.9229 -100.31 -101.518 -102.482 -103.297 -103.963 -104.455 -104.749 -104.921 -104.943 -104.791 -104.517 -104.124 -103.862 -103.656 -104.089 -105.042 -105.646 -106.077 -105.683 -104.819 -103.902 -102.975 -101.943 -100.834 -99.682 -98.613 -97.4358 -96.0979 -94.648 -93.1303 -91.8511 -90.8434 -90.0194 -89.2391 -88.6591 -88.5119 -88.8303 -89.9757 -91.3519 -92.3826 -92.3873 -92.003 -91.7002 -92.0609 -93.063 -94.2742 -95.3087 -96.3025 -97.1015 -97.7766 -98.3318 -98.9036 -99.5872 -100.301 -100.968 -101.566 -102.075 -102.518 -102.806 -103.055 -103.218 -103.414 -103.687 -103.859 -103.971 -104.142 -104.063 -104.535 -105.244 -105.755 -105.872 -105.315 -104.514 -103.781 -103.165 -102.664 -102.186 -101.772 -101.454 -101.212 -100.868 -100.542 -100.109 -99.4188 -97.5486</float_array><technique_common><accessor source="#hpl_mixamorigwRightShoulder-rotz-array" count="102" stride="1" /></technique_common></source>
      <source id="hpl_mixamorigwRightShoulder-roty"><float_array id="hpl_mixamorigwRightShoulder-roty-array" count="102">-69.8047 -69.8169 -69.8506 -69.9282 -70.033 -70.0608 -70.0149 -69.8597 -69.76 -69.7105 -69.5888 -69.5704 -69.6029 -69.37 -69.0904 -68.8725 -68.6563 -68.3293 -67.9778 -67.6064 -67.274 -66.9937 -66.7333 -66.5445 -66.3177 -66.1001 -65.8795 -65.6723 -65.4936 -65.3721 -65.1724 -65.3375 -65.3919 -65.4447 -66.0502 -66.7773 -67.3266 -67.7537 -68.0432 -68.3064 -68.5983 -68.9031 -69.2787 -69.6512 -69.9561 -70.1915 -70.4039 -70.6402 -70.8667 -71.0478 -71.1234 -71.0302 -70.7509 -70.5278 -70.4112 -70.3492 -70.3582 -70.2743 -69.8464 -69.505 -69.1578 -68.9718 -68.8911 -68.8682 -68.7844 -68.6299 -68.4399 -68.242 -68.0817 -67.9249 -67.7715 -67.5969 -67.365 -67.1093 -66.8424 -66.6088 -66.3986 -66.1596 -65.9568 -65.7977 -65.6637 -65.6068 -65.5844 -65.4463 -65.6355 -65.5883 -65.8595 -66.3208 -66.6983 -67.0496 -67.2483 -67.3997 -67.5288 -67.6123 -67.7016 -67.795 -67.8776 -67.9367 -68.0303 -68.1472 -68.2699 -69.8047</float_array><technique_common><accessor source="#hpl_mixamorigwRightShoulder-roty-array" count="102" stride="1" /></technique_common></source>
      <source id="hpl_mixamorigwRightShoulder-rotx"><float_array id="hpl_mixamorigwRightShoulder-rotx-array" count="102">-165.634 -166.707 -167.738 -168.547 -169.406 -170.381 -171.277 -172.254 -172.568 -172.296 -171.632 -170.992 -170.275 -169.291 -167.961 -166.294 -164.462 -162.781 -161.226 -159.89 -158.664 -157.613 -156.829 -156.318 -156.021 -155.901 -156.013 -156.276 -156.7 -156.988 -157.145 -156.595 -155.271 -154.426 -154.725 -155.766 -156.75 -157.646 -158.588 -159.671 -160.831 -161.975 -162.998 -164.203 -165.674 -167.38 -169.319 -171.107 -172.685 -174 -175.109 -175.887 -176.104 -175.587 -174.217 -172.827 -172.119 -172.304 -172.515 -172.372 -171.59 -170.458 -169.346 -168.422 -167.393 -166.413 -165.474 -164.566 -163.588 -162.496 -161.405 -160.418 -159.557 -158.88 -158.36 -158.033 -157.814 -157.722 -157.601 -157.394 -157.311 -157.325 -157.275 -157.329 -156.75 -155.956 -155.877 -156.3 -157.158 -158.132 -159.003 -159.691 -160.241 -160.735 -161.196 -161.588 -161.947 -162.449 -162.955 -163.562 -164.34 -165.634</float_array><technique_common><accessor source="#hpl_mixamorigwRightShoulder-rotx-array" count="102" stride="1" /></technique_common></source>
      <sampler id="hpl_mixamorigwRightShoulder-trans-sampler"><input semantic="INPUT" source="#hpl_mixamorigwRightShoulder-time" /><input semantic="OUTPUT" source="#hpl_mixamorigwRightShoulder-trans" /></sampler><channel source="#hpl_mixamorigwRightShoulder-trans-sampler" target="mixamorigwRightShoulder/translate" />
      <sampler id="hpl_mixamorigwRightShoulder-rotz-sampler"><input semantic="INPUT" source="#hpl_mixamorigwRightShoulder-time" /><input semantic="OUTPUT" source="#hpl_mixamorigwRightShoulder-rotz" /></sampler><channel source="#hpl_mixamorigwRightShoulder-rotz-sampler" target="mixamorigwRightShoulder/rotateZ.ANGLE" />
      <sampler id="hpl_mixamorigwRightShoulder-roty-sampler"><input semantic="INPUT" source="#hpl_mixamorigwRightShoulder-time" /><input semantic="OUTPUT" source="#hpl_mixamorigwRightShoulder-roty" /></sampler><channel source="#hpl_mixamorigwRightShoulder-roty-sampler" target="mixamorigwRightShoulder/rotateY.ANGLE" />
      <sampler id="hpl_mixamorigwRightShoulder-rotx-sampler"><input semantic="INPUT" source="#hpl_mixamorigwRightShoulder-time" /><input semantic="OUTPUT" source="#hpl_mixamorigwRightShoulder-rotx" /></sampler><channel source="#hpl_mixamorigwRightShoulder-rotx-sampler" target="mixamorigwRightShoulder/rotateX.ANGLE" />
    </animation>
    <animation id="hpl_mixamorigwRightArm">
      <source id="hpl_mixamorigwRightArm-time"><float_array id="hpl_mixamorigwRightArm-time-array" count="102">0 1 2 3 4 5 6 7 8 9 10 11 12 13 14 15 16 17 18 19 20 21 22 23 24 25 26 27 28 29 30 31 32 33 34 35 36 37 38 39 40 41 42 43 44 45 46 47 48 49 50 51 52 53 54 55 56 57 58 59 60 61 62 63 64 65 66 67 68 69 70 71 72 73 74 75 76 77 78 79 80 81 82 83 84 85 86 87 88 89 90 91 92 93 94 95 96 97 98 99 100 101</float_array><technique_common><accessor source="#hpl_mixamorigwRightArm-time-array" count="102" stride="1" /></technique_common></source>
      <source id="hpl_mixamorigwRightArm-trans"><float_array id="hpl_mixamorigwRightArm-trans-array" count="306">-1.6677e-06 0.163363 3.4728e-06 -1.6677e-06 0.163363 3.4728e-06 -1.6677e-06 0.163363 3.4728e-06 -1.6677e-06 0.163363 3.4728e-06 -1.6677e-06 0.163363 3.4728e-06 -1.6677e-06 0.163363 3.4728e-06 -1.6677e-06 0.163363 3.4728e-06 -1.6677e-06 0.163363 3.4728e-06 -1.6677e-06 0.163363 3.4728e-06 -1.6677e-06 0.163363 3.4728e-06 -1.6677e-06 0.163363 3.4728e-06 -1.6677e-06 0.163363 3.4728e-06 -1.6677e-06 0.163363 3.4728e-06 -1.6677e-06 0.163363 3.4728e-06 -1.6677e-06 0.163363 3.4728e-06 -1.6677e-06 0.163363 3.4728e-06 -1.6677e-06 0.163363 3.4728e-06 -1.6677e-06 0.163363 3.4728e-06 -1.6677e-06 0.163363 3.4728e-06 -1.6677e-06 0.163363 3.4728e-06 -1.6677e-06 0.163363 3.4728e-06 -1.6677e-06 0.163363 3.4728e-06 -1.6677e-06 0.163363 3.4728e-06 -1.6677e-06 0.163363 3.4728e-06 -1.6677e-06 0.163363 3.4728e-06 -1.6677e-06 0.163363 3.4728e-06 -1.6677e-06 0.163363 3.4728e-06 -1.6677e-06 0.163363 3.4728e-06 -1.6677e-06 0.163363 3.4728e-06 -1.6677e-06 0.163363 3.4728e-06 -1.6677e-06 0.163363 3.4728e-06 -1.6677e-06 0.163363 3.4728e-06 -1.6677e-06 0.163363 3.4728e-06 -1.6677e-06 0.163363 3.4728e-06 -1.6677e-06 0.163363 3.4728e-06 -1.6677e-06 0.163363 3.4728e-06 -1.6677e-06 0.163363 3.4728e-06 -1.6677e-06 0.163363 3.4728e-06 -1.6677e-06 0.163363 3.4728e-06 -1.6677e-06 0.163363 3.4728e-06 -1.6677e-06 0.163363 3.4728e-06 -1.6677e-06 0.163363 3.4728e-06 -1.6677e-06 0.163363 3.4728e-06 -1.6677e-06 0.163363 3.4728e-06 -1.6677e-06 0.163363 3.4728e-06 -1.6677e-06 0.163363 3.4728e-06 -1.6677e-06 0.163363 3.4728e-06 -1.6677e-06 0.163363 3.4728e-06 -1.6677e-06 0.163363 3.4728e-06 -1.6677e-06 0.163363 3.4728e-06 -1.6677e-06 0.163363 3.4728e-06 -1.6677e-06 0.163363 3.4728e-06 -1.6677e-06 0.163363 3.4728e-06 -1.6677e-06 0.163363 3.4728e-06 -1.6677e-06 0.163363 3.4728e-06 -1.6677e-06 0.163363 3.4728e-06 -1.6677e-06 0.163363 3.4728e-06 -1.6677e-06 0.163363 3.4728e-06 -1.6677e-06 0.163363 3.4728e-06 -1.6677e-06 0.163363 3.4728e-06 -1.6677e-06 0.163363 3.4728e-06 -1.6677e-06 0.163363 3.4728e-06 -1.6677e-06 0.163363 3.4728e-06 -1.6677e-06 0.163363 3.4728e-06 -1.6677e-06 0.163363 3.4728e-06 -1.6677e-06 0.163363 3.4728e-06 -1.6677e-06 0.163363 3.4728e-06 -1.6677e-06 0.163363 3.4728e-06 -1.6677e-06 0.163363 3.4728e-06 -1.6677e-06 0.163363 3.4728e-06 -1.6677e-06 0.163363 3.4728e-06 -1.6677e-06 0.163363 3.4728e-06 -1.6677e-06 0.163363 3.4728e-06 -1.6677e-06 0.163363 3.4728e-06 -1.6677e-06 0.163363 3.4728e-06 -1.6677e-06 0.163363 3.4728e-06 -1.6677e-06 0.163363 3.4728e-06 -1.6677e-06 0.163363 3.4728e-06 -1.6677e-06 0.163363 3.4728e-06 -1.6677e-06 0.163363 3.4728e-06 -1.6677e-06 0.163363 3.4728e-06 -1.6677e-06 0.163363 3.4728e-06 -1.6677e-06 0.163363 3.4728e-06 -1.6677e-06 0.163363 3.4728e-06 -1.6677e-06 0.163363 3.4728e-06 -1.6677e-06 0.163363 3.4728e-06 -1.6677e-06 0.163363 3.4728e-06 -1.6677e-06 0.163363 3.4728e-06 -1.6677e-06 0.163363 3.4728e-06 -1.6677e-06 0.163363 3.4728e-06 -1.6677e-06 0.163363 3.4728e-06 -1.6677e-06 0.163363 3.4728e-06 -1.6677e-06 0.163363 3.4728e-06 -1.6677e-06 0.163363 3.4728e-06 -1.6677e-06 0.163363 3.4728e-06 -1.6677e-06 0.163363 3.4728e-06 -1.6677e-06 0.163363 3.4728e-06 -1.6677e-06 0.163363 3.4728e-06 -1.6677e-06 0.163363 3.4728e-06 -1.6677e-06 0.163363 3.4728e-06 -1.6677e-06 0.163363 3.4728e-06 -1.6677e-06 0.163363 3.4728e-06</float_array><technique_common><accessor source="#hpl_mixamorigwRightArm-trans-array" count="102" stride="3" /></technique_common></source>
      <source id="hpl_mixamorigwRightArm-rotz"><float_array id="hpl_mixamorigwRightArm-rotz-array" count="102">-65.833 -67.1057 -68.1316 -68.9202 -69.4623 -69.7373 -69.56 -68.9451 -67.5922 -65.677 -63.2333 -61.093 -59.3843 -58.2651 -57.3826 -56.6749 -56.0994 -55.5922 -55.1555 -54.7155 -54.4244 -54.2712 -54.1681 -54.1404 -54.1191 -54.0429 -54.0562 -53.9533 -53.8321 -53.7003 -53.3051 -52.4049 -50.9753 -49.693 -49.0513 -48.9749 -49.0789 -49.3993 -49.8589 -50.3114 -50.9415 -51.9919 -53.4745 -55.228 -57.0191 -58.8708 -60.6479 -62.3327 -63.8658 -65.1586 -66.1732 -66.6879 -66.6471 -66.126 -65.0207 -63.5879 -62.1799 -61.454 -61.293 -60.966 -60.2443 -59.0949 -57.7473 -56.371 -55.2381 -54.2863 -53.4046 -52.5239 -51.7525 -51.0693 -50.3802 -49.8024 -49.3356 -49.0653 -48.9443 -48.9545 -49.1554 -49.4442 -49.7684 -50.1441 -50.4255 -50.542 -50.4395 -49.9337 -49.262 -48.8492 -49.0099 -49.657 -50.0893 -50.6839 -51.5222 -52.5082 -53.5092 -54.5667 -55.7195 -56.9026 -58.0833 -59.2054 -60.2937 -61.3595 -62.2801 -65.833</float_array><technique_common><accessor source="#hpl_mixamorigwRightArm-rotz-array" count="102" stride="1" /></technique_common></source>
      <source id="hpl_mixamorigwRightArm-roty"><float_array id="hpl_mixamorigwRightArm-roty-array" count="102">-12.7353 -12.8733 -13.1131 -13.6274 -14.3604 -15.1075 -15.7571 -16.3665 -16.7147 -16.7215 -15.9719 -15.0367 -14.6231 -14.6973 -15.0399 -15.4175 -15.7244 -15.862 -15.946 -16.0293 -16.1794 -16.4602 -16.816 -17.3185 -17.9313 -18.63 -19.255 -19.7503 -20.0781 -20.3493 -20.3719 -20.0336 -18.7206 -16.5254 -14.4288 -13.2756 -12.8134 -12.4096 -11.7882 -11.065 -10.559 -10.4462 -10.5745 -10.6785 -10.5154 -10.1138 -9.56025 -9.0106 -8.60761 -8.44708 -8.59521 -8.87314 -9.04272 -9.32814 -9.33644 -8.84768 -7.94923 -7.73315 -8.45374 -9.70939 -10.5471 -10.6119 -10.3285 -10.2218 -10.5256 -11.1115 -11.7836 -12.5176 -13.3345 -14.1574 -14.94 -15.6122 -16.2315 -16.8642 -17.4239 -17.9242 -18.3196 -18.6455 -18.8966 -19.0542 -19.0808 -19.019 -18.8922 -18.5766 -18.029 -16.7235 -15.1423 -13.9143 -12.6896 -11.5299 -10.4438 -9.53138 -8.70814 -8.11975 -7.76948 -7.60303 -7.49707 -7.45061 -7.43565 -7.48877 -7.6565 -12.7353</float_array><technique_common><accessor source="#hpl_mixamorigwRightArm-roty-array" count="102" stride="1" /></technique_common></source>
      <source id="hpl_mixamorigwRightArm-rotx"><float_array id="hpl_mixamorigwRightArm-rotx-array" count="102">57.7871 58.2401 58.7904 59.4212 60.0687 60.5651 60.7953 60.5368 59.6853 58.5042 57.1223 56.1725 55.6197 55.2627 55.1419 55.3015 55.681 56.1318 56.5994 56.9276 57.2142 57.4936 57.7493 57.9708 58.022 57.8534 57.5038 56.9867 56.4591 55.9384 55.2424 54.5054 53.4607 52.9477 53.47 53.864 53.5055 52.9444 52.3732 51.8983 51.5624 51.3083 51.1868 51.0956 50.9518 50.8572 50.7668 50.7748 50.7915 50.684 50.4673 50.0896 49.6742 49.4076 49.3848 49.8151 50.5297 51.2225 51.5025 51.7251 51.9477 52.4618 53.2531 54.0023 54.5042 54.7554 54.8972 54.9735 55.0618 55.246 55.5457 55.9677 56.3575 56.7195 57.0392 57.3418 57.6644 57.9024 58.0322 58.0439 57.8979 57.6592 57.2852 56.5148 55.9173 55.3354 55.5003 55.839 55.708 55.4901 55.2349 55.0404 54.958 54.9326 54.995 55.1305 55.3074 55.4571 55.6603 55.8853 56.0562 57.7871</float_array><technique_common><accessor source="#hpl_mixamorigwRightArm-rotx-array" count="102" stride="1" /></technique_common></source>
      <sampler id="hpl_mixamorigwRightArm-trans-sampler"><input semantic="INPUT" source="#hpl_mixamorigwRightArm-time" /><input semantic="OUTPUT" source="#hpl_mixamorigwRightArm-trans" /></sampler><channel source="#hpl_mixamorigwRightArm-trans-sampler" target="mixamorigwRightArm/translate" />
      <sampler id="hpl_mixamorigwRightArm-rotz-sampler"><input semantic="INPUT" source="#hpl_mixamorigwRightArm-time" /><input semantic="OUTPUT" source="#hpl_mixamorigwRightArm-rotz" /></sampler><channel source="#hpl_mixamorigwRightArm-rotz-sampler" target="mixamorigwRightArm/rotateZ.ANGLE" />
      <sampler id="hpl_mixamorigwRightArm-roty-sampler"><input semantic="INPUT" source="#hpl_mixamorigwRightArm-time" /><input semantic="OUTPUT" source="#hpl_mixamorigwRightArm-roty" /></sampler><channel source="#hpl_mixamorigwRightArm-roty-sampler" target="mixamorigwRightArm/rotateY.ANGLE" />
      <sampler id="hpl_mixamorigwRightArm-rotx-sampler"><input semantic="INPUT" source="#hpl_mixamorigwRightArm-time" /><input semantic="OUTPUT" source="#hpl_mixamorigwRightArm-rotx" /></sampler><channel source="#hpl_mixamorigwRightArm-rotx-sampler" target="mixamorigwRightArm/rotateX.ANGLE" />
    </animation>
    <animation id="hpl_mixamorigwRightForeArm">
      <source id="hpl_mixamorigwRightForeArm-time"><float_array id="hpl_mixamorigwRightForeArm-time-array" count="102">0 1 2 3 4 5 6 7 8 9 10 11 12 13 14 15 16 17 18 19 20 21 22 23 24 25 26 27 28 29 30 31 32 33 34 35 36 37 38 39 40 41 42 43 44 45 46 47 48 49 50 51 52 53 54 55 56 57 58 59 60 61 62 63 64 65 66 67 68 69 70 71 72 73 74 75 76 77 78 79 80 81 82 83 84 85 86 87 88 89 90 91 92 93 94 95 96 97 98 99 100 101</float_array><technique_common><accessor source="#hpl_mixamorigwRightForeArm-time-array" count="102" stride="1" /></technique_common></source>
      <source id="hpl_mixamorigwRightForeArm-trans"><float_array id="hpl_mixamorigwRightForeArm-trans-array" count="306">8.8996e-07 0.227531 -3.63292e-06 8.8996e-07 0.227531 -3.63292e-06 8.8996e-07 0.227531 -3.63292e-06 8.8996e-07 0.227531 -3.63292e-06 8.8996e-07 0.227531 -3.63292e-06 8.8996e-07 0.227531 -3.63292e-06 8.8996e-07 0.227531 -3.63292e-06 8.8996e-07 0.227531 -3.63292e-06 8.8996e-07 0.227531 -3.63292e-06 8.8996e-07 0.227531 -3.63292e-06 8.8996e-07 0.227531 -3.63292e-06 8.8996e-07 0.227531 -3.63292e-06 8.8996e-07 0.227531 -3.63292e-06 8.8996e-07 0.227531 -3.63292e-06 8.8996e-07 0.227531 -3.63292e-06 8.8996e-07 0.227531 -3.63292e-06 8.8996e-07 0.227531 -3.63292e-06 8.8996e-07 0.227531 -3.63292e-06 8.8996e-07 0.227531 -3.63292e-06 8.8996e-07 0.227531 -3.63292e-06 8.8996e-07 0.227531 -3.63292e-06 8.8996e-07 0.227531 -3.63292e-06 8.8996e-07 0.227531 -3.63292e-06 8.8996e-07 0.227531 -3.63292e-06 8.8996e-07 0.227531 -3.63292e-06 8.8996e-07 0.227531 -3.63292e-06 8.8996e-07 0.227531 -3.63292e-06 8.8996e-07 0.227531 -3.63292e-06 8.8996e-07 0.227531 -3.63292e-06 8.8996e-07 0.227531 -3.63292e-06 8.8996e-07 0.227531 -3.63292e-06 8.8996e-07 0.227531 -3.63292e-06 8.8996e-07 0.227531 -3.63292e-06 8.8996e-07 0.227531 -3.63292e-06 8.8996e-07 0.227531 -3.63292e-06 8.8996e-07 0.227531 -3.63292e-06 8.8996e-07 0.227531 -3.63292e-06 8.8996e-07 0.227531 -3.63292e-06 8.8996e-07 0.227531 -3.63292e-06 8.8996e-07 0.227531 -3.63292e-06 8.8996e-07 0.227531 -3.63292e-06 8.8996e-07 0.227531 -3.63292e-06 8.8996e-07 0.227531 -3.63292e-06 8.8996e-07 0.227531 -3.63292e-06 8.8996e-07 0.227531 -3.63292e-06 8.8996e-07 0.227531 -3.63292e-06 8.8996e-07 0.227531 -3.63292e-06 8.8996e-07 0.227531 -3.63292e-06 8.8996e-07 0.227531 -3.63292e-06 8.8996e-07 0.227531 -3.63292e-06 8.8996e-07 0.227531 -3.63292e-06 8.8996e-07 0.227531 -3.63292e-06 8.8996e-07 0.227531 -3.63292e-06 8.8996e-07 0.227531 -3.63292e-06 8.8996e-07 0.227531 -3.63292e-06 8.8996e-07 0.227531 -3.63292e-06 8.8996e-07 0.227531 -3.63292e-06 8.8996e-07 0.227531 -3.63292e-06 8.8996e-07 0.227531 -3.63292e-06 8.8996e-07 0.227531 -3.63292e-06 8.8996e-07 0.227531 -3.63292e-06 8.8996e-07 0.227531 -3.63292e-06 8.8996e-07 0.227531 -3.63292e-06 8.8996e-07 0.227531 -3.63292e-06 8.8996e-07 0.227531 -3.63292e-06 8.8996e-07 0.227531 -3.63292e-06 8.8996e-07 0.227531 -3.63292e-06 8.8996e-07 0.227531 -3.63292e-06 8.8996e-07 0.227531 -3.63292e-06 8.8996e-07 0.227531 -3.63292e-06 8.8996e-07 0.227531 -3.63292e-06 8.8996e-07 0.227531 -3.63292e-06 8.8996e-07 0.227531 -3.63292e-06 8.8996e-07 0.227531 -3.63292e-06 8.8996e-07 0.227531 -3.63292e-06 8.8996e-07 0.227531 -3.63292e-06 8.8996e-07 0.227531 -3.63292e-06 8.8996e-07 0.227531 -3.63292e-06 8.8996e-07 0.227531 -3.63292e-06 8.8996e-07 0.227531 -3.63292e-06 8.8996e-07 0.227531 -3.63292e-06 8.8996e-07 0.227531 -3.63292e-06 8.8996e-07 0.227531 -3.63292e-06 8.8996e-07 0.227531 -3.63292e-06 8.8996e-07 0.227531 -3.63292e-06 8.8996e-07 0.227531 -3.63292e-06 8.8996e-07 0.227531 -3.63292e-06 8.8996e-07 0.227531 -3.63292e-06 8.8996e-07 0.227531 -3.63292e-06 8.8996e-07 0.227531 -3.63292e-06 8.8996e-07 0.227531 -3.63292e-06 8.8996e-07 0.227531 -3.63292e-06 8.8996e-07 0.227531 -3.63292e-06 8.8996e-07 0.227531 -3.63292e-06 8.8996e-07 0.227531 -3.63292e-06 8.8996e-07 0.227531 -3.63292e-06 8.8996e-07 0.227531 -3.63292e-06 8.8996e-07 0.227531 -3.63292e-06 8.8996e-07 0.227531 -3.63292e-06 8.8996e-07 0.227531 -3.63292e-06 8.8996e-07 0.227531 -3.63292e-06 8.8996e-07 0.227531 -3.63292e-06</float_array><technique_common><accessor source="#hpl_mixamorigwRightForeArm-trans-array" count="102" stride="3" /></technique_common></source>
      <source id="hpl_mixamorigwRightForeArm-rotz"><float_array id="hpl_mixamorigwRightForeArm-rotz-array" count="102">-43.723 -43.8139 -43.9287 -44.0617 -44.0964 -43.7204 -42.9079 -41.6051 -39.4914 -36.8299 -33.7253 -30.6381 -28.4822 -27.3989 -27.1763 -27.3355 -27.5379 -27.6508 -27.6239 -27.6533 -27.787 -28.0566 -28.5143 -29.0897 -29.7547 -30.3537 -30.6663 -30.7905 -30.7224 -30.6348 -30.7464 -30.9577 -31.1182 -30.6283 -30.415 -30.8018 -31.8733 -33.1488 -34.3348 -35.5004 -36.7709 -38.1013 -39.5095 -40.918 -42.19 -43.2957 -44.5731 -46.0576 -47.9151 -50.0282 -52.1184 -53.8644 -55.0583 -55.6313 -54.918 -52.9038 -49.3817 -44.9724 -41.3541 -39.264 -38.0171 -37.2105 -36.7847 -36.6423 -36.5544 -36.3892 -36.0731 -35.6758 -35.2152 -34.7043 -34.1046 -33.3976 -32.7254 -32.1872 -31.7868 -31.4791 -31.1626 -30.9112 -30.6725 -30.4551 -30.3165 -30.3587 -30.6058 -31.0839 -31.5256 -31.8045 -31.6251 -31.3898 -31.3925 -31.6637 -32.2059 -32.8474 -33.5842 -34.4911 -35.6738 -37.1237 -38.6271 -40.0053 -41.0661 -41.8598 -42.2402 -43.723</float_array><technique_common><accessor source="#hpl_mixamorigwRightForeArm-rotz-array" count="102" stride="1" /></technique_common></source>
      <source id="hpl_mixamorigwRightForeArm-roty"><float_array id="hpl_mixamorigwRightForeArm-roty-array" count="102">9.25945 9.20257 9.16899 9.14088 9.1823 9.39662 9.68166 10.0353 10.4522 10.8789 11.2865 11.5786 11.7702 11.8058 11.7897 11.7853 11.7586 11.7239 11.6747 11.6415 11.5922 11.4808 11.388 11.2804 11.2038 11.1493 11.1502 11.1938 11.2522 11.2591 11.2181 11.1493 11.1563 11.204 11.272 11.2348 11.179 11.0687 10.9352 10.7857 10.6335 10.4598 10.1809 9.90095 9.62239 9.35429 9.09482 8.79277 8.45037 8.15201 7.89654 7.83661 7.7961 7.73933 7.79769 8.19221 8.86183 9.51051 9.96598 10.3801 10.5 10.6046 10.6659 10.7056 10.7233 10.7845 10.846 10.9603 11.0387 11.0799 11.1478 11.1957 11.2274 11.2392 11.2525 11.2567 11.2506 11.2347 11.2386 11.2813 11.2892 11.29 11.2735 11.2188 11.1434 11.1162 11.1314 11.1485 11.18 11.1647 11.0922 11.0007 10.9031 10.8079 10.6487 10.4378 10.1654 9.98095 9.81534 9.75844 9.73016 9.25945</float_array><technique_common><accessor source="#hpl_mixamorigwRightForeArm-roty-array" count="102" stride="1" /></technique_common></source>
      <source id="hpl_mixamorigwRightForeArm-rotx"><float_array id="hpl_mixamorigwRightForeArm-rotx-array" count="102">-9.29921 -9.24854 -9.18075 -9.12755 -9.12393 -9.13767 -9.1326 -9.02682 -8.61865 -7.98934 -7.15505 -6.47348 -6.03429 -5.8791 -5.75302 -5.6538 -5.60265 -5.61373 -5.65555 -5.67002 -5.69485 -5.79392 -5.93597 -6.14715 -6.34336 -6.4589 -6.50423 -6.50685 -6.54262 -6.71852 -6.99258 -7.00795 -6.86254 -6.73298 -6.81003 -6.97046 -7.13953 -7.32818 -7.48823 -7.60855 -7.76866 -8.03394 -8.40831 -8.76719 -8.96713 -9.14335 -9.26533 -9.38084 -9.43879 -9.49512 -9.60209 -9.75276 -9.99726 -10.3368 -10.5035 -10.3459 -9.65843 -8.97922 -8.49343 -8.25834 -8.14036 -8.07421 -8.05907 -8.04296 -8.06729 -8.0623 -8.01611 -7.91558 -7.78722 -7.63904 -7.43341 -7.26224 -7.10789 -7.00733 -6.91457 -6.8357 -6.81882 -6.80888 -6.74749 -6.67693 -6.65129 -6.71782 -6.88648 -7.01429 -6.97002 -6.76776 -6.62148 -6.62185 -6.58771 -6.69621 -6.83814 -6.98079 -7.13415 -7.35532 -7.65318 -8.00216 -8.37062 -8.71313 -8.96866 -9.17234 -9.30646 -9.29921</float_array><technique_common><accessor source="#hpl_mixamorigwRightForeArm-rotx-array" count="102" stride="1" /></technique_common></source>
      <sampler id="hpl_mixamorigwRightForeArm-trans-sampler"><input semantic="INPUT" source="#hpl_mixamorigwRightForeArm-time" /><input semantic="OUTPUT" source="#hpl_mixamorigwRightForeArm-trans" /></sampler><channel source="#hpl_mixamorigwRightForeArm-trans-sampler" target="mixamorigwRightForeArm/translate" />
      <sampler id="hpl_mixamorigwRightForeArm-rotz-sampler"><input semantic="INPUT" source="#hpl_mixamorigwRightForeArm-time" /><input semantic="OUTPUT" source="#hpl_mixamorigwRightForeArm-rotz" /></sampler><channel source="#hpl_mixamorigwRightForeArm-rotz-sampler" target="mixamorigwRightForeArm/rotateZ.ANGLE" />
      <sampler id="hpl_mixamorigwRightForeArm-roty-sampler"><input semantic="INPUT" source="#hpl_mixamorigwRightForeArm-time" /><input semantic="OUTPUT" source="#hpl_mixamorigwRightForeArm-roty" /></sampler><channel source="#hpl_mixamorigwRightForeArm-roty-sampler" target="mixamorigwRightForeArm/rotateY.ANGLE" />
      <sampler id="hpl_mixamorigwRightForeArm-rotx-sampler"><input semantic="INPUT" source="#hpl_mixamorigwRightForeArm-time" /><input semantic="OUTPUT" source="#hpl_mixamorigwRightForeArm-rotx" /></sampler><channel source="#hpl_mixamorigwRightForeArm-rotx-sampler" target="mixamorigwRightForeArm/rotateX.ANGLE" />
    </animation>
    <animation id="hpl_mixamorigwRightHand">
      <source id="hpl_mixamorigwRightHand-time"><float_array id="hpl_mixamorigwRightHand-time-array" count="102">0 1 2 3 4 5 6 7 8 9 10 11 12 13 14 15 16 17 18 19 20 21 22 23 24 25 26 27 28 29 30 31 32 33 34 35 36 37 38 39 40 41 42 43 44 45 46 47 48 49 50 51 52 53 54 55 56 57 58 59 60 61 62 63 64 65 66 67 68 69 70 71 72 73 74 75 76 77 78 79 80 81 82 83 84 85 86 87 88 89 90 91 92 93 94 95 96 97 98 99 100 101</float_array><technique_common><accessor source="#hpl_mixamorigwRightHand-time-array" count="102" stride="1" /></technique_common></source>
      <source id="hpl_mixamorigwRightHand-trans"><float_array id="hpl_mixamorigwRightHand-trans-array" count="306">4.98903e-08 0.253119 5.47996e-06 4.98903e-08 0.253119 5.47996e-06 4.98903e-08 0.253119 5.47996e-06 4.98903e-08 0.253119 5.47996e-06 4.98903e-08 0.253119 5.47996e-06 4.98903e-08 0.253119 5.47996e-06 4.98903e-08 0.253119 5.47996e-06 4.98903e-08 0.253119 5.47996e-06 4.98903e-08 0.253119 5.47996e-06 4.98903e-08 0.253119 5.47996e-06 4.98903e-08 0.253119 5.47996e-06 4.98903e-08 0.253119 5.47996e-06 4.98903e-08 0.253119 5.47996e-06 4.98903e-08 0.253119 5.47996e-06 4.98903e-08 0.253119 5.47996e-06 4.98903e-08 0.253119 5.47996e-06 4.98903e-08 0.253119 5.47996e-06 4.98903e-08 0.253119 5.47996e-06 4.98903e-08 0.253119 5.47996e-06 4.98903e-08 0.253119 5.47996e-06 4.98903e-08 0.253119 5.47996e-06 4.98903e-08 0.253119 5.47996e-06 4.98903e-08 0.253119 5.47996e-06 4.98903e-08 0.253119 5.47996e-06 4.98903e-08 0.253119 5.47996e-06 4.98903e-08 0.253119 5.47996e-06 4.98903e-08 0.253119 5.47996e-06 4.98903e-08 0.253119 5.47996e-06 4.98903e-08 0.253119 5.47996e-06 4.98903e-08 0.253119 5.47996e-06 4.98903e-08 0.253119 5.47996e-06 4.98903e-08 0.253119 5.47996e-06 4.98903e-08 0.253119 5.47996e-06 4.98903e-08 0.253119 5.47996e-06 4.98903e-08 0.253119 5.47996e-06 4.98903e-08 0.253119 5.47996e-06 4.98903e-08 0.253119 5.47996e-06 4.98903e-08 0.253119 5.47996e-06 4.98903e-08 0.253119 5.47996e-06 4.98903e-08 0.253119 5.47996e-06 4.98903e-08 0.253119 5.47996e-06 4.98903e-08 0.253119 5.47996e-06 4.98903e-08 0.253119 5.47996e-06 4.98903e-08 0.253119 5.47996e-06 4.98903e-08 0.253119 5.47996e-06 4.98903e-08 0.253119 5.47996e-06 4.98903e-08 0.253119 5.47996e-06 4.98903e-08 0.253119 5.47996e-06 4.98903e-08 0.253119 5.47996e-06 4.98903e-08 0.253119 5.47996e-06 4.98903e-08 0.253119 5.47996e-06 4.98903e-08 0.253119 5.47996e-06 4.98903e-08 0.253119 5.47996e-06 4.98903e-08 0.253119 5.47996e-06 4.98903e-08 0.253119 5.47996e-06 4.98903e-08 0.253119 5.47996e-06 4.98903e-08 0.253119 5.47996e-06 4.98903e-08 0.253119 5.47996e-06 4.98903e-08 0.253119 5.47996e-06 4.98903e-08 0.253119 5.47996e-06 4.98903e-08 0.253119 5.47996e-06 4.98903e-08 0.253119 5.47996e-06 4.98903e-08 0.253119 5.47996e-06 4.98903e-08 0.253119 5.47996e-06 4.98903e-08 0.253119 5.47996e-06 4.98903e-08 0.253119 5.47996e-06 4.98903e-08 0.253119 5.47996e-06 4.98903e-08 0.253119 5.47996e-06 4.98903e-08 0.253119 5.47996e-06 4.98903e-08 0.253119 5.47996e-06 4.98903e-08 0.253119 5.47996e-06 4.98903e-08 0.253119 5.47996e-06 4.98903e-08 0.253119 5.47996e-06 4.98903e-08 0.253119 5.47996e-06 4.98903e-08 0.253119 5.47996e-06 4.98903e-08 0.253119 5.47996e-06 4.98903e-08 0.253119 5.47996e-06 4.98903e-08 0.253119 5.47996e-06 4.98903e-08 0.253119 5.47996e-06 4.98903e-08 0.253119 5.47996e-06 4.98903e-08 0.253119 5.47996e-06 4.98903e-08 0.253119 5.47996e-06 4.98903e-08 0.253119 5.47996e-06 4.98903e-08 0.253119 5.47996e-06 4.98903e-08 0.253119 5.47996e-06 4.98903e-08 0.253119 5.47996e-06 4.98903e-08 0.253119 5.47996e-06 4.98903e-08 0.253119 5.47996e-06 4.98903e-08 0.253119 5.47996e-06 4.98903e-08 0.253119 5.47996e-06 4.98903e-08 0.253119 5.47996e-06 4.98903e-08 0.253119 5.47996e-06 4.98903e-08 0.253119 5.47996e-06 4.98903e-08 0.253119 5.47996e-06 4.98903e-08 0.253119 5.47996e-06 4.98903e-08 0.253119 5.47996e-06 4.98903e-08 0.253119 5.47996e-06 4.98903e-08 0.253119 5.47996e-06 4.98903e-08 0.253119 5.47996e-06 4.98903e-08 0.253119 5.47996e-06 4.98903e-08 0.253119 5.47996e-06 4.98903e-08 0.253119 5.47996e-06</float_array><technique_common><accessor source="#hpl_mixamorigwRightHand-trans-array" count="102" stride="3" /></technique_common></source>
      <source id="hpl_mixamorigwRightHand-rotz"><float_array id="hpl_mixamorigwRightHand-rotz-array" count="102">-8.84218 -8.91133 -9.04252 -9.22235 -9.43222 -9.72579 -9.88076 -9.78713 -9.79721 -9.41001 -8.66015 -7.90534 -7.31785 -6.98656 -6.86636 -6.86677 -6.96551 -7.09515 -7.14568 -7.11104 -6.98693 -6.8557 -6.7245 -6.65506 -6.58639 -6.47888 -6.36296 -6.25195 -6.18157 -6.13574 -6.12925 -6.25683 -6.23249 -6.20117 -6.1064 -6.31498 -6.49561 -6.66105 -6.78432 -6.76076 -6.64249 -6.6361 -6.68652 -6.74081 -6.81541 -6.85654 -6.83026 -6.8337 -6.9194 -7.21399 -7.62796 -7.97056 -8.08915 -7.7979 -7.79362 -7.41143 -6.63351 -5.67938 -4.86219 -4.48654 -4.34674 -4.18691 -4.04969 -4.05393 -4.1269 -4.19082 -4.21059 -4.18934 -4.16234 -4.14773 -4.2156 -4.31152 -4.43056 -4.5053 -4.56278 -4.62414 -4.73252 -4.84334 -4.95507 -5.11133 -5.30709 -5.55743 -5.85806 -6.25134 -6.73443 -6.86952 -6.86797 -6.89819 -6.8096 -6.76273 -6.77172 -6.70827 -6.51827 -6.26587 -6.04688 -5.88438 -5.82511 -5.87375 -6.01016 -6.09573 -6.13062 -8.84218</float_array><technique_common><accessor source="#hpl_mixamorigwRightHand-rotz-array" count="102" stride="1" /></technique_common></source>
      <source id="hpl_mixamorigwRightHand-roty"><float_array id="hpl_mixamorigwRightHand-roty-array" count="102">-8.26029 -8.81945 -9.06116 -9.08838 -9.05504 -8.99378 -8.67473 -7.80967 -6.64495 -5.24528 -3.91138 -3.23829 -2.80754 -2.72545 -2.78591 -2.91156 -3.09924 -3.19609 -3.21539 -3.23029 -3.27106 -3.26822 -3.33398 -3.31022 -3.42663 -3.88745 -4.58284 -5.54008 -6.55985 -7.29254 -7.92104 -8.12073 -7.97481 -7.12288 -6.41402 -5.63808 -5.52011 -5.56984 -5.86246 -6.35381 -7.01667 -7.51299 -7.67905 -7.67863 -7.83134 -8.19762 -8.50421 -8.49646 -8.21196 -7.6981 -7.11394 -6.69419 -6.26993 -5.12618 -3.17422 -1.41334 -0.49519 -0.778999 -1.60016 -1.90721 -1.3218 -0.14386 1.24067 2.35788 2.93419 3.01672 2.65423 2.12397 1.55244 1.0859 0.661398 0.31492 -0.0966674 -0.424863 -0.890508 -1.35542 -1.8708 -2.2874 -2.65784 -2.95175 -3.10608 -3.18594 -3.12018 -2.93185 -3.36916 -4.27939 -4.76447 -4.59279 -4.13379 -3.25281 -2.63348 -2.32682 -2.14246 -1.96029 -1.70744 -1.38057 -1.015 -0.56627 -0.100522 0.36248 0.835161 -8.26029</float_array><technique_common><accessor source="#hpl_mixamorigwRightHand-roty-array" count="102" stride="1" /></technique_common></source>
      <source id="hpl_mixamorigwRightHand-rotx"><float_array id="hpl_mixamorigwRightHand-rotx-array" count="102">6.27637 6.59094 6.99195 7.47142 7.93422 8.2999 8.3981 8.10308 7.75357 7.46814 7.24342 7.04323 6.88485 6.69052 6.61561 6.59241 6.55864 6.45161 6.35874 6.3471 6.43379 6.56907 6.70239 6.79937 6.97507 7.25454 7.56172 7.93459 8.27583 8.55029 8.71558 8.69254 8.38873 7.51523 6.88683 6.7079 6.793 6.72585 6.48304 6.28956 6.29592 6.51721 6.9004 7.31289 7.75254 8.32404 8.94277 9.57075 10.2316 10.9469 11.5702 12.0929 12.4307 12.1934 11.2768 10.0888 9.19615 9.03822 9.30262 9.57497 9.38926 8.88799 8.24341 7.67336 7.3762 7.19262 7.01093 6.78469 6.54063 6.33022 6.10706 5.9184 5.80369 5.79906 5.92145 6.1008 6.32806 6.54906 6.74627 6.89512 6.98882 7.03619 7.03342 6.82122 6.52482 6.1305 5.99663 6.16095 6.39758 6.4525 6.22449 5.81879 5.46358 5.20769 5.02186 4.85494 4.677 4.47249 4.24054 4.03576 3.98019 6.27637</float_array><technique_common><accessor source="#hpl_mixamorigwRightHand-rotx-array" count="102" stride="1" /></technique_common></source>
      <sampler id="hpl_mixamorigwRightHand-trans-sampler"><input semantic="INPUT" source="#hpl_mixamorigwRightHand-time" /><input semantic="OUTPUT" source="#hpl_mixamorigwRightHand-trans" /></sampler><channel source="#hpl_mixamorigwRightHand-trans-sampler" target="mixamorigwRightHand/translate" />
      <sampler id="hpl_mixamorigwRightHand-rotz-sampler"><input semantic="INPUT" source="#hpl_mixamorigwRightHand-time" /><input semantic="OUTPUT" source="#hpl_mixamorigwRightHand-rotz" /></sampler><channel source="#hpl_mixamorigwRightHand-rotz-sampler" target="mixamorigwRightHand/rotateZ.ANGLE" />
      <sampler id="hpl_mixamorigwRightHand-roty-sampler"><input semantic="INPUT" source="#hpl_mixamorigwRightHand-time" /><input semantic="OUTPUT" source="#hpl_mixamorigwRightHand-roty" /></sampler><channel source="#hpl_mixamorigwRightHand-roty-sampler" target="mixamorigwRightHand/rotateY.ANGLE" />
      <sampler id="hpl_mixamorigwRightHand-rotx-sampler"><input semantic="INPUT" source="#hpl_mixamorigwRightHand-time" /><input semantic="OUTPUT" source="#hpl_mixamorigwRightHand-rotx" /></sampler><channel source="#hpl_mixamorigwRightHand-rotx-sampler" target="mixamorigwRightHand/rotateX.ANGLE" />
    </animation>
    <animation id="hpl_mixamorigwNeck">
      <source id="hpl_mixamorigwNeck-time"><float_array id="hpl_mixamorigwNeck-time-array" count="102">0 1 2 3 4 5 6 7 8 9 10 11 12 13 14 15 16 17 18 19 20 21 22 23 24 25 26 27 28 29 30 31 32 33 34 35 36 37 38 39 40 41 42 43 44 45 46 47 48 49 50 51 52 53 54 55 56 57 58 59 60 61 62 63 64 65 66 67 68 69 70 71 72 73 74 75 76 77 78 79 80 81 82 83 84 85 86 87 88 89 90 91 92 93 94 95 96 97 98 99 100 101</float_array><technique_common><accessor source="#hpl_mixamorigwNeck-time-array" count="102" stride="1" /></technique_common></source>
      <source id="hpl_mixamorigwNeck-trans"><float_array id="hpl_mixamorigwNeck-trans-array" count="306">6.19502e-05 0.104082 0.00273268 6.19502e-05 0.104082 0.00273268 6.19502e-05 0.104082 0.00273268 6.19502e-05 0.104082 0.00273268 6.19502e-05 0.104082 0.00273268 6.19502e-05 0.104082 0.00273268 6.19502e-05 0.104082 0.00273268 6.19502e-05 0.104082 0.00273268 6.19502e-05 0.104082 0.00273268 6.19502e-05 0.104082 0.00273268 6.19502e-05 0.104082 0.00273268 6.19502e-05 0.104082 0.00273268 6.19502e-05 0.104082 0.00273268 6.19502e-05 0.104082 0.00273268 6.19502e-05 0.104082 0.00273268 6.19502e-05 0.104082 0.00273268 6.19502e-05 0.104082 0.00273268 6.19502e-05 0.104082 0.00273268 6.19502e-05 0.104082 0.00273268 6.19502e-05 0.104082 0.00273268 6.19502e-05 0.104082 0.00273268 6.19502e-05 0.104082 0.00273268 6.19502e-05 0.104082 0.00273268 6.19502e-05 0.104082 0.00273268 6.19502e-05 0.104082 0.00273268 6.19502e-05 0.104082 0.00273268 6.19502e-05 0.104082 0.00273268 6.19502e-05 0.104082 0.00273268 6.19502e-05 0.104082 0.00273268 6.19502e-05 0.104082 0.00273268 6.19502e-05 0.104082 0.00273268 6.19502e-05 0.104082 0.00273268 6.19502e-05 0.104082 0.00273268 6.19502e-05 0.104082 0.00273268 6.19502e-05 0.104082 0.00273268 6.19502e-05 0.104082 0.00273268 6.19502e-05 0.104082 0.00273268 6.19502e-05 0.104082 0.00273268 6.19502e-05 0.104082 0.00273268 6.19502e-05 0.104082 0.00273268 6.19502e-05 0.104082 0.00273268 6.19502e-05 0.104082 0.00273268 6.19502e-05 0.104082 0.00273268 6.19502e-05 0.104082 0.00273268 6.19502e-05 0.104082 0.00273268 6.19502e-05 0.104082 0.00273268 6.19502e-05 0.104082 0.00273268 6.19502e-05 0.104082 0.00273268 6.19502e-05 0.104082 0.00273268 6.19502e-05 0.104082 0.00273268 6.19502e-05 0.104082 0.00273268 6.19502e-05 0.104082 0.00273268 6.19502e-05 0.104082 0.00273268 6.19502e-05 0.104082 0.00273268 6.19502e-05 0.104082 0.00273268 6.19502e-05 0.104082 0.00273268 6.19502e-05 0.104082 0.00273268 6.19502e-05 0.104082 0.00273268 6.19502e-05 0.104082 0.00273268 6.19502e-05 0.104082 0.00273268 6.19502e-05 0.104082 0.00273268 6.19502e-05 0.104082 0.00273268 6.19502e-05 0.104082 0.00273268 6.19502e-05 0.104082 0.00273268 6.19502e-05 0.104082 0.00273268 6.19502e-05 0.104082 0.00273268 6.19502e-05 0.104082 0.00273268 6.19502e-05 0.104082 0.00273268 6.19502e-05 0.104082 0.00273268 6.19502e-05 0.104082 0.00273268 6.19502e-05 0.104082 0.00273268 6.19502e-05 0.104082 0.00273268 6.19502e-05 0.104082 0.00273268 6.19502e-05 0.104082 0.00273268 6.19502e-05 0.104082 0.00273268 6.19502e-05 0.104082 0.00273268 6.19502e-05 0.104082 0.00273268 6.19502e-05 0.104082 0.00273268 6.19502e-05 0.104082 0.00273268 6.19502e-05 0.104082 0.00273268 6.19502e-05 0.104082 0.00273268 6.19502e-05 0.104082 0.00273268 6.19502e-05 0.104082 0.00273268 6.19502e-05 0.104082 0.00273268 6.19502e-05 0.104082 0.00273268 6.19502e-05 0.104082 0.00273268 6.19502e-05 0.104082 0.00273268 6.19502e-05 0.104082 0.00273268 6.19502e-05 0.104082 0.00273268 6.19502e-05 0.104082 0.00273268 6.19502e-05 0.104082 0.00273268 6.19502e-05 0.104082 0.00273268 6.19502e-05 0.104082 0.00273268 6.19502e-05 0.104082 0.00273268 6.19502e-05 0.104082 0.00273268 6.19502e-05 0.104082 0.00273268 6.19502e-05 0.104082 0.00273268 6.19502e-05 0.104082 0.00273268 6.19502e-05 0.104082 0.00273268 6.19502e-05 0.104082 0.00273268 6.19502e-05 0.104082 0.00273268 6.19502e-05 0.104082 0.00273268</float_array><technique_common><accessor source="#hpl_mixamorigwNeck-trans-array" count="102" stride="3" /></technique_common></source>
      <source id="hpl_mixamorigwNeck-rotz"><float_array id="hpl_mixamorigwNeck-rotz-array" count="102">-5.84737 -6.46923 -7.13111 -7.88097 -8.7662 -9.70574 -10.6043 -11.2887 -11.6621 -11.5918 -11.2604 -10.6085 -10.0032 -9.53623 -9.17075 -8.8941 -8.64252 -8.43209 -8.27173 -8.19074 -8.10128 -7.98544 -7.85397 -7.67437 -7.46093 -7.24844 -7.0453 -6.85641 -6.65984 -6.48797 -6.18305 -5.72576 -4.95848 -3.86765 -3.18556 -2.87638 -2.85444 -2.95861 -3.10862 -3.27644 -3.42683 -3.54567 -3.63252 -3.72283 -3.83629 -4.00729 -4.32326 -4.77487 -5.25357 -5.75099 -6.30204 -6.82572 -7.28096 -7.78119 -8.29001 -8.50282 -8.34802 -7.85623 -7.35134 -7.03837 -6.93175 -6.88434 -6.83198 -6.82025 -6.87451 -6.91222 -6.89274 -6.80667 -6.66139 -6.47296 -6.22034 -5.96907 -5.76269 -5.60383 -5.46697 -5.32807 -5.17758 -5.01128 -4.83677 -4.6293 -4.39571 -4.13367 -3.78038 -3.16456 -2.30853 -1.1895 -0.363713 -0.084266 -0.140432 -0.277336 -0.434329 -0.538877 -0.597248 -0.640276 -0.735002 -0.88327 -1.0934 -1.34343 -1.63745 -1.93686 -2.20795 -5.84737</float_array><technique_common><accessor source="#hpl_mixamorigwNeck-rotz-array" count="102" stride="1" /></technique_common></source>
      <source id="hpl_mixamorigwNeck-roty"><float_array id="hpl_mixamorigwNeck-roty-array" count="102">4.95814 5.16201 5.39579 5.62885 5.86521 6.12402 6.39688 6.49382 6.33341 6.15824 5.89858 5.65217 5.42919 5.29527 5.23643 5.16688 5.08627 4.99284 4.92456 4.89014 4.86063 4.85284 4.82941 4.78931 4.74262 4.70908 4.69032 4.6523 4.59872 4.54718 4.38182 4.29626 4.07951 3.91277 3.83913 3.84309 3.78563 3.80276 3.83627 3.89506 3.9598 3.98753 3.96304 3.89666 3.87181 3.92243 4.00618 4.10571 4.19675 4.27816 4.35224 4.40652 4.53772 4.71041 4.8812 4.99616 4.98477 4.91726 4.97624 5.09073 5.15137 5.16775 5.17838 5.1766 5.14156 5.10198 5.07718 5.05161 5.0435 5.01091 4.9177 4.81822 4.71048 4.62516 4.55195 4.51554 4.47462 4.42487 4.35787 4.25237 4.15684 4.05231 3.90464 3.54343 3.29372 3.18589 3.10607 3.16256 3.12063 3.08634 3.03991 3.02244 3.04401 3.08669 3.14616 3.19583 3.27096 3.32616 3.37592 3.42539 3.45388 4.95814</float_array><technique_common><accessor source="#hpl_mixamorigwNeck-roty-array" count="102" stride="1" /></technique_common></source>
      <source id="hpl_mixamorigwNeck-rotx"><float_array id="hpl_mixamorigwNeck-rotx-array" count="102">16.4418 16.6037 16.8145 17.0464 17.2163 17.2002 16.9548 16.4048 15.5342 14.6695 13.9711 13.6372 13.4762 13.4093 13.3861 13.3389 13.2622 13.151 13.0528 12.9825 12.9223 12.8655 12.8261 12.8506 12.9498 13.106 13.2901 13.4535 13.587 13.6971 13.8008 13.7649 13.3001 12.8168 12.5372 12.3573 12.2041 12.1193 12.1898 12.4094 12.7016 12.967 13.1961 13.3321 13.4097 13.4368 13.3551 13.1747 12.9576 12.7511 12.5803 12.476 12.4831 12.613 12.7823 13.1521 13.7333 14.4949 15.1156 15.5863 15.8132 15.8303 15.7257 15.4894 15.1508 14.8431 14.614 14.4802 14.3758 14.2982 14.1744 14.0079 13.7801 13.5397 13.3024 13.081 12.8823 12.7277 12.6174 12.5041 12.3395 12.0666 11.6362 11.0498 10.2967 9.29662 8.71225 8.38699 8.2054 8.21023 8.56037 9.18907 9.91817 10.6394 11.3526 12.0069 12.5785 13.0577 13.4638 13.7981 14.0059 16.4418</float_array><technique_common><accessor source="#hpl_mixamorigwNeck-rotx-array" count="102" stride="1" /></technique_common></source>
      <sampler id="hpl_mixamorigwNeck-trans-sampler"><input semantic="INPUT" source="#hpl_mixamorigwNeck-time" /><input semantic="OUTPUT" source="#hpl_mixamorigwNeck-trans" /></sampler><channel source="#hpl_mixamorigwNeck-trans-sampler" target="mixamorigwNeck/translate" />
      <sampler id="hpl_mixamorigwNeck-rotz-sampler"><input semantic="INPUT" source="#hpl_mixamorigwNeck-time" /><input semantic="OUTPUT" source="#hpl_mixamorigwNeck-rotz" /></sampler><channel source="#hpl_mixamorigwNeck-rotz-sampler" target="mixamorigwNeck/rotateZ.ANGLE" />
      <sampler id="hpl_mixamorigwNeck-roty-sampler"><input semantic="INPUT" source="#hpl_mixamorigwNeck-time" /><input semantic="OUTPUT" source="#hpl_mixamorigwNeck-roty" /></sampler><channel source="#hpl_mixamorigwNeck-roty-sampler" target="mixamorigwNeck/rotateY.ANGLE" />
      <sampler id="hpl_mixamorigwNeck-rotx-sampler"><input semantic="INPUT" source="#hpl_mixamorigwNeck-time" /><input semantic="OUTPUT" source="#hpl_mixamorigwNeck-rotx" /></sampler><channel source="#hpl_mixamorigwNeck-rotx-sampler" target="mixamorigwNeck/rotateX.ANGLE" />
    </animation>
    <animation id="hpl_mixamorigwHead">
      <source id="hpl_mixamorigwHead-time"><float_array id="hpl_mixamorigwHead-time-array" count="102">0 1 2 3 4 5 6 7 8 9 10 11 12 13 14 15 16 17 18 19 20 21 22 23 24 25 26 27 28 29 30 31 32 33 34 35 36 37 38 39 40 41 42 43 44 45 46 47 48 49 50 51 52 53 54 55 56 57 58 59 60 61 62 63 64 65 66 67 68 69 70 71 72 73 74 75 76 77 78 79 80 81 82 83 84 85 86 87 88 89 90 91 92 93 94 95 96 97 98 99 100 101</float_array><technique_common><accessor source="#hpl_mixamorigwHead-time-array" count="102" stride="1" /></technique_common></source>
      <source id="hpl_mixamorigwHead-trans"><float_array id="hpl_mixamorigwHead-trans-array" count="306">1.26362e-07 0.0721566 1.71408e-07 1.26362e-07 0.0721566 1.71408e-07 1.26362e-07 0.0721566 1.71408e-07 1.26362e-07 0.0721566 1.71408e-07 1.26362e-07 0.0721566 1.71408e-07 1.26362e-07 0.0721566 1.71408e-07 1.26362e-07 0.0721566 1.71408e-07 1.26362e-07 0.0721566 1.71408e-07 1.26362e-07 0.0721566 1.71408e-07 1.26362e-07 0.0721566 1.71408e-07 1.26362e-07 0.0721566 1.71408e-07 1.26362e-07 0.0721566 1.71408e-07 1.26362e-07 0.0721566 1.71408e-07 1.26362e-07 0.0721566 1.71408e-07 1.26362e-07 0.0721566 1.71408e-07 1.26362e-07 0.0721566 1.71408e-07 1.26362e-07 0.0721566 1.71408e-07 1.26362e-07 0.0721566 1.71408e-07 1.26362e-07 0.0721566 1.71408e-07 1.26362e-07 0.0721566 1.71408e-07 1.26362e-07 0.0721566 1.71408e-07 1.26362e-07 0.0721566 1.71408e-07 1.26362e-07 0.0721566 1.71408e-07 1.26362e-07 0.0721566 1.71408e-07 1.26362e-07 0.0721566 1.71408e-07 1.26362e-07 0.0721566 1.71408e-07 1.26362e-07 0.0721566 1.71408e-07 1.26362e-07 0.0721566 1.71408e-07 1.26362e-07 0.0721566 1.71408e-07 1.26362e-07 0.0721566 1.71408e-07 1.26362e-07 0.0721566 1.71408e-07 1.26362e-07 0.0721566 1.71408e-07 1.26362e-07 0.0721566 1.71408e-07 1.26362e-07 0.0721566 1.71408e-07 1.26362e-07 0.0721566 1.71408e-07 1.26362e-07 0.0721566 1.71408e-07 1.26362e-07 0.0721566 1.71408e-07 1.26362e-07 0.0721566 1.71408e-07 1.26362e-07 0.0721566 1.71408e-07 1.26362e-07 0.0721566 1.71408e-07 1.26362e-07 0.0721566 1.71408e-07 1.26362e-07 0.0721566 1.71408e-07 1.26362e-07 0.0721566 1.71408e-07 1.26362e-07 0.0721566 1.71408e-07 1.26362e-07 0.0721566 1.71408e-07 1.26362e-07 0.0721566 1.71408e-07 1.26362e-07 0.0721566 1.71408e-07 1.26362e-07 0.0721566 1.71408e-07 1.26362e-07 0.0721566 1.71408e-07 1.26362e-07 0.0721566 1.71408e-07 1.26362e-07 0.0721566 1.71408e-07 1.26362e-07 0.0721566 1.71408e-07 1.26362e-07 0.0721566 1.71408e-07 1.26362e-07 0.0721566 1.71408e-07 1.26362e-07 0.0721566 1.71408e-07 1.26362e-07 0.0721566 1.71408e-07 1.26362e-07 0.0721566 1.71408e-07 1.26362e-07 0.0721566 1.71408e-07 1.26362e-07 0.0721566 1.71408e-07 1.26362e-07 0.0721566 1.71408e-07 1.26362e-07 0.0721566 1.71408e-07 1.26362e-07 0.0721566 1.71408e-07 1.26362e-07 0.0721566 1.71408e-07 1.26362e-07 0.0721566 1.71408e-07 1.26362e-07 0.0721566 1.71408e-07 1.26362e-07 0.0721566 1.71408e-07 1.26362e-07 0.0721566 1.71408e-07 1.26362e-07 0.0721566 1.71408e-07 1.26362e-07 0.0721566 1.71408e-07 1.26362e-07 0.0721566 1.71408e-07 1.26362e-07 0.0721566 1.71408e-07 1.26362e-07 0.0721566 1.71408e-07 1.26362e-07 0.0721566 1.71408e-07 1.26362e-07 0.0721566 1.71408e-07 1.26362e-07 0.0721566 1.71408e-07 1.26362e-07 0.0721566 1.71408e-07 1.26362e-07 0.0721566 1.71408e-07 1.26362e-07 0.0721566 1.71408e-07 1.26362e-07 0.0721566 1.71408e-07 1.26362e-07 0.0721566 1.71408e-07 1.26362e-07 0.0721566 1.71408e-07 1.26362e-07 0.0721566 1.71408e-07 1.26362e-07 0.0721566 1.71408e-07 1.26362e-07 0.0721566 1.71408e-07 1.26362e-07 0.0721566 1.71408e-07 1.26362e-07 0.0721566 1.71408e-07 1.26362e-07 0.0721566 1.71408e-07 1.26362e-07 0.0721566 1.71408e-07 1.26362e-07 0.0721566 1.71408e-07 1.26362e-07 0.0721566 1.71408e-07 1.26362e-07 0.0721566 1.71408e-07 1.26362e-07 0.0721566 1.71408e-07 1.26362e-07 0.0721566 1.71408e-07 1.26362e-07 0.0721566 1.71408e-07 1.26362e-07 0.0721566 1.71408e-07 1.26362e-07 0.0721566 1.71408e-07 1.26362e-07 0.0721566 1.71408e-07 1.26362e-07 0.0721566 1.71408e-07 1.26362e-07 0.0721566 1.71408e-07 1.26362e-07 0.0721566 1.71408e-07 1.26362e-07 0.0721566 1.71408e-07 1.26362e-07 0.0721566 1.71408e-07</float_array><technique_common><accessor source="#hpl_mixamorigwHead-trans-array" count="102" stride="3" /></technique_common></source>
      <source id="hpl_mixamorigwHead-rotz"><float_array id="hpl_mixamorigwHead-rotz-array" count="102">0.567942 0.43532 0.274826 0.141533 0.0786219 0.0415168 -0.0497043 -0.358042 -0.748231 -1.09183 -1.37186 -1.58485 -1.69253 -1.74322 -1.76765 -1.64311 -1.44325 -1.29311 -1.18438 -1.06883 -0.985012 -0.888516 -0.751222 -0.642288 -0.533693 -0.437454 -0.357059 -0.291964 -0.262512 -0.162739 -0.15955 -0.117404 0.0822251 0.340553 0.370586 0.320812 0.195295 0.121076 0.0915504 0.0377007 -0.0770342 -0.229439 -0.382362 -0.515387 -0.628794 -0.719576 -0.815603 -0.933558 -1.12035 -1.31898 -1.48068 -1.65654 -1.82723 -1.99072 -1.98429 -1.89133 -1.86568 -1.82467 -1.83982 -1.98397 -1.95547 -1.84141 -1.74557 -1.6655 -1.57902 -1.50614 -1.44688 -1.37517 -1.25979 -1.11163 -0.981133 -0.817717 -0.622125 -0.412982 -0.206387 -0.0174807 0.154297 0.337525 0.545001 0.723787 0.879595 1.03835 1.17546 1.20432 1.30427 1.62083 1.8836 2.11367 2.14894 2.0548 1.94861 1.8654 1.77816 1.6855 1.58848 1.49096 1.42773 1.37481 1.3149 1.24766 1.25576 0.567942</float_array><technique_common><accessor source="#hpl_mixamorigwHead-rotz-array" count="102" stride="1" /></technique_common></source>
      <source id="hpl_mixamorigwHead-roty"><float_array id="hpl_mixamorigwHead-roty-array" count="102">12.3496 13.0638 13.6925 14.2922 14.859 15.3025 15.5273 15.6748 15.5084 14.9345 14.3708 13.7117 13.0808 12.4004 11.7461 11.0597 10.3485 9.64304 8.92091 8.20709 7.60136 7.07143 6.58205 6.1662 5.75784 5.31453 4.90529 4.57418 4.35614 4.1019 3.96748 3.79993 3.49023 3.32447 3.65828 4.25803 5.01405 5.57097 6.01555 6.4595 6.87654 7.23806 7.62214 8.03893 8.46315 8.91087 9.49003 10.1896 10.991 11.8406 12.6801 13.409 13.8191 13.8047 13.2944 12.3738 11.7711 11.198 10.6824 10.5745 10.5507 10.6028 10.7287 10.8054 10.751 10.5847 10.3354 10.0464 9.73303 9.45631 9.2462 9.07305 8.91077 8.69598 8.406 8.04649 7.67059 7.23395 6.79751 6.33204 5.8762 5.46671 4.99237 4.5271 3.87065 2.86244 2.02636 1.62816 1.76155 2.18326 2.73462 3.274 3.8169 4.3722 4.96459 5.6334 6.32776 7.01148 7.64191 8.20407 8.64965 12.3496</float_array><technique_common><accessor source="#hpl_mixamorigwHead-roty-array" count="102" stride="1" /></technique_common></source>
      <source id="hpl_mixamorigwHead-rotx"><float_array id="hpl_mixamorigwHead-rotx-array" count="102">14.9931 15.2166 15.4577 15.72 15.9798 16.2334 16.3496 16.1472 15.6667 14.8162 13.9802 13.3997 13.1466 12.9323 12.6294 12.3466 12.1609 11.9651 11.7428 11.4675 11.2586 11.1478 11.0533 10.9133 10.773 10.7452 10.7713 10.8339 10.9231 11.0055 11.1905 11.103 10.5551 9.63536 8.89046 8.61743 8.50281 8.36556 8.19431 8.02361 7.91689 7.95304 8.09521 8.2124 8.23402 8.27858 8.396 8.61616 8.93269 9.27981 9.50671 9.58715 9.48062 9.20356 9.00898 8.8131 8.8218 9.25475 9.75404 9.80706 9.60391 9.36662 9.27602 9.21346 9.2016 9.17116 9.11635 9.03443 8.97768 8.93387 8.89144 8.85927 8.86937 8.8569 8.84496 8.82736 8.86414 8.90307 8.95126 8.97447 8.92376 8.79615 8.61769 8.5135 7.96477 7.08238 6.20254 5.90058 6.12136 6.60163 7.13183 7.71231 8.38965 9.13233 9.9239 10.7571 11.5204 12.1393 12.6247 12.9121 13.0306 14.9931</float_array><technique_common><accessor source="#hpl_mixamorigwHead-rotx-array" count="102" stride="1" /></technique_common></source>
      <sampler id="hpl_mixamorigwHead-trans-sampler"><input semantic="INPUT" source="#hpl_mixamorigwHead-time" /><input semantic="OUTPUT" source="#hpl_mixamorigwHead-trans" /></sampler><channel source="#hpl_mixamorigwHead-trans-sampler" target="mixamorigwHead/translate" />
      <sampler id="hpl_mixamorigwHead-rotz-sampler"><input semantic="INPUT" source="#hpl_mixamorigwHead-time" /><input semantic="OUTPUT" source="#hpl_mixamorigwHead-rotz" /></sampler><channel source="#hpl_mixamorigwHead-rotz-sampler" target="mixamorigwHead/rotateZ.ANGLE" />
      <sampler id="hpl_mixamorigwHead-roty-sampler"><input semantic="INPUT" source="#hpl_mixamorigwHead-time" /><input semantic="OUTPUT" source="#hpl_mixamorigwHead-roty" /></sampler><channel source="#hpl_mixamorigwHead-roty-sampler" target="mixamorigwHead/rotateY.ANGLE" />
      <sampler id="hpl_mixamorigwHead-rotx-sampler"><input semantic="INPUT" source="#hpl_mixamorigwHead-time" /><input semantic="OUTPUT" source="#hpl_mixamorigwHead-rotx" /></sampler><channel source="#hpl_mixamorigwHead-rotx-sampler" target="mixamorigwHead/rotateX.ANGLE" />
    </animation>
    <animation id="hpl_mixamorigwHeadTop_End">
      <source id="hpl_mixamorigwHeadTop_End-time"><float_array id="hpl_mixamorigwHeadTop_End-time-array" count="102">0 1 2 3 4 5 6 7 8 9 10 11 12 13 14 15 16 17 18 19 20 21 22 23 24 25 26 27 28 29 30 31 32 33 34 35 36 37 38 39 40 41 42 43 44 45 46 47 48 49 50 51 52 53 54 55 56 57 58 59 60 61 62 63 64 65 66 67 68 69 70 71 72 73 74 75 76 77 78 79 80 81 82 83 84 85 86 87 88 89 90 91 92 93 94 95 96 97 98 99 100 101</float_array><technique_common><accessor source="#hpl_mixamorigwHeadTop_End-time-array" count="102" stride="1" /></technique_common></source>
      <source id="hpl_mixamorigwHeadTop_End-trans"><float_array id="hpl_mixamorigwHeadTop_End-trans-array" count="306">-0.00116746 0.246874 -0.121133 -0.00116746 0.246874 -0.121133 -0.00116746 0.246874 -0.121133 -0.00116746 0.246874 -0.121133 -0.00116746 0.246874 -0.121133 -0.00116746 0.246874 -0.121133 -0.00116746 0.246874 -0.121133 -0.00116746 0.246874 -0.121133 -0.00116746 0.246874 -0.121133 -0.00116746 0.246874 -0.121133 -0.00116746 0.246874 -0.121133 -0.00116746 0.246874 -0.121133 -0.00116746 0.246874 -0.121133 -0.00116746 0.246874 -0.121133 -0.00116746 0.246874 -0.121133 -0.00116746 0.246874 -0.121133 -0.00116746 0.246874 -0.121133 -0.00116746 0.246874 -0.121133 -0.00116746 0.246874 -0.121133 -0.00116746 0.246874 -0.121133 -0.00116746 0.246874 -0.121133 -0.00116746 0.246874 -0.121133 -0.00116746 0.246874 -0.121133 -0.00116746 0.246874 -0.121133 -0.00116746 0.246874 -0.121133 -0.00116746 0.246874 -0.121133 -0.00116746 0.246874 -0.121133 -0.00116746 0.246874 -0.121133 -0.00116746 0.246874 -0.121133 -0.00116746 0.246874 -0.121133 -0.00116746 0.246874 -0.121133 -0.00116746 0.246874 -0.121133 -0.00116746 0.246874 -0.121133 -0.00116746 0.246874 -0.121133 -0.00116746 0.246874 -0.121133 -0.00116746 0.246874 -0.121133 -0.00116746 0.246874 -0.121133 -0.00116746 0.246874 -0.121133 -0.00116746 0.246874 -0.121133 -0.00116746 0.246874 -0.121133 -0.00116746 0.246874 -0.121133 -0.00116746 0.246874 -0.121133 -0.00116746 0.246874 -0.121133 -0.00116746 0.246874 -0.121133 -0.00116746 0.246874 -0.121133 -0.00116746 0.246874 -0.121133 -0.00116746 0.246874 -0.121133 -0.00116746 0.246874 -0.121133 -0.00116746 0.246874 -0.121133 -0.00116746 0.246874 -0.121133 -0.00116746 0.246874 -0.121133 -0.00116746 0.246874 -0.121133 -0.00116746 0.246874 -0.121133 -0.00116746 0.246874 -0.121133 -0.00116746 0.246874 -0.121133 -0.00116746 0.246874 -0.121133 -0.00116746 0.246874 -0.121133 -0.00116746 0.246874 -0.121133 -0.00116746 0.246874 -0.121133 -0.00116746 0.246874 -0.121133 -0.00116746 0.246874 -0.121133 -0.00116746 0.246874 -0.121133 -0.00116746 0.246874 -0.121133 -0.00116746 0.246874 -0.121133 -0.00116746 0.246874 -0.121133 -0.00116746 0.246874 -0.121133 -0.00116746 0.246874 -0.121133 -0.00116746 0.246874 -0.121133 -0.00116746 0.246874 -0.121133 -0.00116746 0.246874 -0.121133 -0.00116746 0.246874 -0.121133 -0.00116746 0.246874 -0.121133 -0.00116746 0.246874 -0.121133 -0.00116746 0.246874 -0.121133 -0.00116746 0.246874 -0.121133 -0.00116746 0.246874 -0.121133 -0.00116746 0.246874 -0.121133 -0.00116746 0.246874 -0.121133 -0.00116746 0.246874 -0.121133 -0.00116746 0.246874 -0.121133 -0.00116746 0.246874 -0.121133 -0.00116746 0.246874 -0.121133 -0.00116746 0.246874 -0.121133 -0.00116746 0.246874 -0.121133 -0.00116746 0.246874 -0.121133 -0.00116746 0.246874 -0.121133 -0.00116746 0.246874 -0.121133 -0.00116746 0.246874 -0.121133 -0.00116746 0.246874 -0.121133 -0.00116746 0.246874 -0.121133 -0.00116746 0.246874 -0.121133 -0.00116746 0.246874 -0.121133 -0.00116746 0.246874 -0.121133 -0.00116746 0.246874 -0.121133 -0.00116746 0.246874 -0.121133 -0.00116746 0.246874 -0.121133 -0.00116746 0.246874 -0.121133 -0.00116746 0.246874 -0.121133 -0.00116746 0.246874 -0.121133 -0.00116746 0.246874 -0.121133 -0.00116746 0.246874 -0.121133 -0.00116746 0.246874 -0.121133</float_array><technique_common><accessor source="#hpl_mixamorigwHeadTop_End-trans-array" count="102" stride="3" /></technique_common></source>
      <source id="hpl_mixamorigwHeadTop_End-rotz"><float_array id="hpl_mixamorigwHeadTop_End-rotz-array" count="102">0.24324 0.24324 0.24324 0.24324 0.24324 0.24324 0.24324 0.24324 0.24324 0.24324 0.24324 0.24324 0.24324 0.24324 0.24324 0.24324 0.24324 0.24324 0.24324 0.24324 0.24324 0.24324 0.24324 0.24324 0.24324 0.24324 0.24324 0.24324 0.24324 0.24324 0.24324 0.24324 0.24324 0.24324 0.24324 0.24324 0.24324 0.24324 0.24324 0.24324 0.24324 0.24324 0.24324 0.24324 0.24324 0.24324 0.24324 0.24324 0.24324 0.24324 0.24324 0.24324 0.24324 0.24324 0.24324 0.24324 0.24324 0.24324 0.24324 0.24324 0.24324 0.24324 0.24324 0.24324 0.24324 0.24324 0.24324 0.24324 0.24324 0.24324 0.24324 0.24324 0.24324 0.24324 0.24324 0.24324 0.24324 0.24324 0.24324 0.24324 0.24324 0.24324 0.24324 0.24324 0.24324 0.24324 0.24324 0.24324 0.24324 0.24324 0.24324 0.24324 0.24324 0.24324 0.24324 0.24324 0.24324 0.24324 0.24324 0.24324 0.24324 0.24324</float_array><technique_common><accessor source="#hpl_mixamorigwHeadTop_End-rotz-array" count="102" stride="1" /></technique_common></source>
      <source id="hpl_mixamorigwHeadTop_End-roty"><float_array id="hpl_mixamorigwHeadTop_End-roty-array" count="102">0.0564607 0.0564607 0.0564607 0.0564607 0.0564607 0.0564607 0.0564607 0.0564607 0.0564607 0.0564607 0.0564607 0.0564607 0.0564607 0.0564607 0.0564607 0.0564607 0.0564607 0.0564607 0.0564607 0.0564607 0.0564607 0.0564607 0.0564607 0.0564607 0.0564607 0.0564607 0.0564607 0.0564607 0.0564607 0.0564607 0.0564607 0.0564607 0.0564607 0.0564607 0.0564607 0.0564607 0.0564607 0.0564607 0.0564607 0.0564607 0.0564607 0.0564607 0.0564607 0.0564607 0.0564607 0.0564607 0.0564607 0.0564607 0.0564607 0.0564607 0.0564607 0.0564607 0.0564607 0.0564607 0.0564607 0.0564607 0.0564607 0.0564607 0.0564607 0.0564607 0.0564607 0.0564607 0.0564607 0.0564607 0.0564607 0.0564607 0.0564607 0.0564607 0.0564607 0.0564607 0.0564607 0.0564607 0.0564607 0.0564607 0.0564607 0.0564607 0.0564607 0.0564607 0.0564607 0.0564607 0.0564607 0.0564607 0.0564607 0.0564607 0.0564607 0.0564607 0.0564607 0.0564607 0.0564607 0.0564607 0.0564607 0.0564607 0.0564607 0.0564607 0.0564607 0.0564607 0.0564607 0.0564607 0.0564607 0.0564607 0.0564607 0.0564607</float_array><technique_common><accessor source="#hpl_mixamorigwHeadTop_End-roty-array" count="102" stride="1" /></technique_common></source>
      <source id="hpl_mixamorigwHeadTop_End-rotx"><float_array id="hpl_mixamorigwHeadTop_End-rotx-array" count="102">-26.1357 -26.1357 -26.1357 -26.1357 -26.1357 -26.1357 -26.1357 -26.1357 -26.1357 -26.1357 -26.1357 -26.1357 -26.1357 -26.1357 -26.1357 -26.1357 -26.1357 -26.1357 -26.1357 -26.1357 -26.1357 -26.1357 -26.1357 -26.1357 -26.1357 -26.1357 -26.1357 -26.1357 -26.1357 -26.1357 -26.1357 -26.1357 -26.1357 -26.1357 -26.1357 -26.1357 -26.1357 -26.1357 -26.1357 -26.1357 -26.1357 -26.1357 -26.1357 -26.1357 -26.1357 -26.1357 -26.1357 -26.1357 -26.1357 -26.1357 -26.1357 -26.1357 -26.1357 -26.1357 -26.1357 -26.1357 -26.1357 -26.1357 -26.1357 -26.1357 -26.1357 -26.1357 -26.1357 -26.1357 -26.1357 -26.1357 -26.1357 -26.1357 -26.1357 -26.1357 -26.1357 -26.1357 -26.1357 -26.1357 -26.1357 -26.1357 -26.1357 -26.1357 -26.1357 -26.1357 -26.1357 -26.1357 -26.1357 -26.1357 -26.1357 -26.1357 -26.1357 -26.1357 -26.1357 -26.1357 -26.1357 -26.1357 -26.1357 -26.1357 -26.1357 -26.1357 -26.1357 -26.1357 -26.1357 -26.1357 -26.1357 -26.1357</float_array><technique_common><accessor source="#hpl_mixamorigwHeadTop_End-rotx-array" count="102" stride="1" /></technique_common></source>
      <sampler id="hpl_mixamorigwHeadTop_End-trans-sampler"><input semantic="INPUT" source="#hpl_mixamorigwHeadTop_End-time" /><input semantic="OUTPUT" source="#hpl_mixamorigwHeadTop_End-trans" /></sampler><channel source="#hpl_mixamorigwHeadTop_End-trans-sampler" target="mixamorigwHeadTop_End/translate" />
      <sampler id="hpl_mixamorigwHeadTop_End-rotz-sampler"><input semantic="INPUT" source="#hpl_mixamorigwHeadTop_End-time" /><input semantic="OUTPUT" source="#hpl_mixamorigwHeadTop_End-rotz" /></sampler><channel source="#hpl_mixamorigwHeadTop_End-rotz-sampler" target="mixamorigwHeadTop_End/rotateZ.ANGLE" />
      <sampler id="hpl_mixamorigwHeadTop_End-roty-sampler"><input semantic="INPUT" source="#hpl_mixamorigwHeadTop_End-time" /><input semantic="OUTPUT" source="#hpl_mixamorigwHeadTop_End-roty" /></sampler><channel source="#hpl_mixamorigwHeadTop_End-roty-sampler" target="mixamorigwHeadTop_End/rotateY.ANGLE" />
      <sampler id="hpl_mixamorigwHeadTop_End-rotx-sampler"><input semantic="INPUT" source="#hpl_mixamorigwHeadTop_End-time" /><input semantic="OUTPUT" source="#hpl_mixamorigwHeadTop_End-rotx" /></sampler><channel source="#hpl_mixamorigwHeadTop_End-rotx-sampler" target="mixamorigwHeadTop_End/rotateX.ANGLE" />
    </animation>
    <animation id="hpl_mixamorigwHeadFront">
      <source id="hpl_mixamorigwHeadFront-time"><float_array id="hpl_mixamorigwHeadFront-time-array" count="102">0 1 2 3 4 5 6 7 8 9 10 11 12 13 14 15 16 17 18 19 20 21 22 23 24 25 26 27 28 29 30 31 32 33 34 35 36 37 38 39 40 41 42 43 44 45 46 47 48 49 50 51 52 53 54 55 56 57 58 59 60 61 62 63 64 65 66 67 68 69 70 71 72 73 74 75 76 77 78 79 80 81 82 83 84 85 86 87 88 89 90 91 92 93 94 95 96 97 98 99 100 101</float_array><technique_common><accessor source="#hpl_mixamorigwHeadFront-time-array" count="102" stride="1" /></technique_common></source>
      <source id="hpl_mixamorigwHeadFront-trans"><float_array id="hpl_mixamorigwHeadFront-trans-array" count="306">0.00116741 0.14481 0.121135 0.00116741 0.14481 0.121135 0.00116741 0.14481 0.121135 0.00116741 0.14481 0.121135 0.00116741 0.14481 0.121135 0.00116741 0.14481 0.121135 0.00116741 0.14481 0.121135 0.00116741 0.14481 0.121135 0.00116741 0.14481 0.121135 0.00116741 0.14481 0.121135 0.00116741 0.14481 0.121135 0.00116741 0.14481 0.121135 0.00116741 0.14481 0.121135 0.00116741 0.14481 0.121135 0.00116741 0.14481 0.121135 0.00116741 0.14481 0.121135 0.00116741 0.14481 0.121135 0.00116741 0.14481 0.121135 0.00116741 0.14481 0.121135 0.00116741 0.14481 0.121135 0.00116741 0.14481 0.121135 0.00116741 0.14481 0.121135 0.00116741 0.14481 0.121135 0.00116741 0.14481 0.121135 0.00116741 0.14481 0.121135 0.00116741 0.14481 0.121135 0.00116741 0.14481 0.121135 0.00116741 0.14481 0.121135 0.00116741 0.14481 0.121135 0.00116741 0.14481 0.121135 0.00116741 0.14481 0.121135 0.00116741 0.14481 0.121135 0.00116741 0.14481 0.121135 0.00116741 0.14481 0.121135 0.00116741 0.14481 0.121135 0.00116741 0.14481 0.121135 0.00116741 0.14481 0.121135 0.00116741 0.14481 0.121135 0.00116741 0.14481 0.121135 0.00116741 0.14481 0.121135 0.00116741 0.14481 0.121135 0.00116741 0.14481 0.121135 0.00116741 0.14481 0.121135 0.00116741 0.14481 0.121135 0.00116741 0.14481 0.121135 0.00116741 0.14481 0.121135 0.00116741 0.14481 0.121135 0.00116741 0.14481 0.121135 0.00116741 0.14481 0.121135 0.00116741 0.14481 0.121135 0.00116741 0.14481 0.121135 0.00116741 0.14481 0.121135 0.00116741 0.14481 0.121135 0.00116741 0.14481 0.121135 0.00116741 0.14481 0.121135 0.00116741 0.14481 0.121135 0.00116741 0.14481 0.121135 0.00116741 0.14481 0.121135 0.00116741 0.14481 0.121135 0.00116741 0.14481 0.121135 0.00116741 0.14481 0.121135 0.00116741 0.14481 0.121135 0.00116741 0.14481 0.121135 0.00116741 0.14481 0.121135 0.00116741 0.14481 0.121135 0.00116741 0.14481 0.121135 0.00116741 0.14481 0.121135 0.00116741 0.14481 0.121135 0.00116741 0.14481 0.121135 0.00116741 0.14481 0.121135 0.00116741 0.14481 0.121135 0.00116741 0.14481 0.121135 0.00116741 0.14481 0.121135 0.00116741 0.14481 0.121135 0.00116741 0.14481 0.121135 0.00116741 0.14481 0.121135 0.00116741 0.14481 0.121135 0.00116741 0.14481 0.121135 0.00116741 0.14481 0.121135 0.00116741 0.14481 0.121135 0.00116741 0.14481 0.121135 0.00116741 0.14481 0.121135 0.00116741 0.14481 0.121135 0.00116741 0.14481 0.121135 0.00116741 0.14481 0.121135 0.00116741 0.14481 0.121135 0.00116741 0.14481 0.121135 0.00116741 0.14481 0.121135 0.00116741 0.14481 0.121135 0.00116741 0.14481 0.121135 0.00116741 0.14481 0.121135 0.00116741 0.14481 0.121135 0.00116741 0.14481 0.121135 0.00116741 0.14481 0.121135 0.00116741 0.14481 0.121135 0.00116741 0.14481 0.121135 0.00116741 0.14481 0.121135 0.00116741 0.14481 0.121135 0.00116741 0.14481 0.121135 0.00116741 0.14481 0.121135 0.00116741 0.14481 0.121135 0.00116741 0.14481 0.121135</float_array><technique_common><accessor source="#hpl_mixamorigwHeadFront-trans-array" count="102" stride="3" /></technique_common></source>
      <source id="hpl_mixamorigwHeadFront-rotz"><float_array id="hpl_mixamorigwHeadFront-rotz-array" count="102">-0.354292 -0.354292 -0.354292 -0.354292 -0.354292 -0.354292 -0.354292 -0.354292 -0.354292 -0.354292 -0.354292 -0.354292 -0.354292 -0.354292 -0.354292 -0.354292 -0.354292 -0.354292 -0.354292 -0.354292 -0.354292 -0.354292 -0.354292 -0.354292 -0.354292 -0.354292 -0.354292 -0.354292 -0.354292 -0.354292 -0.354292 -0.354292 -0.354292 -0.354292 -0.354292 -0.354292 -0.354292 -0.354292 -0.354292 -0.354292 -0.354292 -0.354292 -0.354292 -0.354292 -0.354292 -0.354292 -0.354292 -0.354292 -0.354292 -0.354292 -0.354292 -0.354292 -0.354292 -0.354292 -0.354292 -0.354292 -0.354292 -0.354292 -0.354292 -0.354292 -0.354292 -0.354292 -0.354292 -0.354292 -0.354292 -0.354292 -0.354292 -0.354292 -0.354292 -0.354292 -0.354292 -0.354292 -0.354292 -0.354292 -0.354292 -0.354292 -0.354292 -0.354292 -0.354292 -0.354292 -0.354292 -0.354292 -0.354292 -0.354292 -0.354292 -0.354292 -0.354292 -0.354292 -0.354292 -0.354292 -0.354292 -0.354292 -0.354292 -0.354292 -0.354292 -0.354292 -0.354292 -0.354292 -0.354292 -0.354292 -0.354292 -0.354292</float_array><technique_common><accessor source="#hpl_mixamorigwHeadFront-rotz-array" count="102" stride="1" /></technique_common></source>
      <source id="hpl_mixamorigwHeadFront-roty"><float_array id="hpl_mixamorigwHeadFront-roty-array" count="102">0.128633 0.128633 0.128633 0.128633 0.128633 0.128633 0.128633 0.128633 0.128633 0.128633 0.128633 0.128633 0.128633 0.128633 0.128633 0.128633 0.128633 0.128633 0.128633 0.128633 0.128633 0.128633 0.128633 0.128633 0.128633 0.128633 0.128633 0.128633 0.128633 0.128633 0.128633 0.128633 0.128633 0.128633 0.128633 0.128633 0.128633 0.128633 0.128633 0.128633 0.128633 0.128633 0.128633 0.128633 0.128633 0.128633 0.128633 0.128633 0.128633 0.128633 0.128633 0.128633 0.128633 0.128633 0.128633 0.128633 0.128633 0.128633 0.128633 0.128633 0.128633 0.128633 0.128633 0.128633 0.128633 0.128633 0.128633 0.128633 0.128633 0.128633 0.128633 0.128633 0.128633 0.128633 0.128633 0.128633 0.128633 0.128633 0.128633 0.128633 0.128633 0.128633 0.128633 0.128633 0.128633 0.128633 0.128633 0.128633 0.128633 0.128633 0.128633 0.128633 0.128633 0.128633 0.128633 0.128633 0.128633 0.128633 0.128633 0.128633 0.128633 0.128633</float_array><technique_common><accessor source="#hpl_mixamorigwHeadFront-roty-array" count="102" stride="1" /></technique_common></source>
      <source id="hpl_mixamorigwHeadFront-rotx"><float_array id="hpl_mixamorigwHeadFront-rotx-array" count="102">39.911 39.911 39.911 39.911 39.911 39.911 39.911 39.911 39.911 39.911 39.911 39.911 39.911 39.911 39.911 39.911 39.911 39.911 39.911 39.911 39.911 39.911 39.911 39.911 39.911 39.911 39.911 39.911 39.911 39.911 39.911 39.911 39.911 39.911 39.911 39.911 39.911 39.911 39.911 39.911 39.911 39.911 39.911 39.911 39.911 39.911 39.911 39.911 39.911 39.911 39.911 39.911 39.911 39.911 39.911 39.911 39.911 39.911 39.911 39.911 39.911 39.911 39.911 39.911 39.911 39.911 39.911 39.911 39.911 39.911 39.911 39.911 39.911 39.911 39.911 39.911 39.911 39.911 39.911 39.911 39.911 39.911 39.911 39.911 39.911 39.911 39.911 39.911 39.911 39.911 39.911 39.911 39.911 39.911 39.911 39.911 39.911 39.911 39.911 39.911 39.911 39.911</float_array><technique_common><accessor source="#hpl_mixamorigwHeadFront-rotx-array" count="102" stride="1" /></technique_common></source>
      <sampler id="hpl_mixamorigwHeadFront-trans-sampler"><input semantic="INPUT" source="#hpl_mixamorigwHeadFront-time" /><input semantic="OUTPUT" source="#hpl_mixamorigwHeadFront-trans" /></sampler><channel source="#hpl_mixamorigwHeadFront-trans-sampler" target="mixamorigwHeadFront/translate" />
      <sampler id="hpl_mixamorigwHeadFront-rotz-sampler"><input semantic="INPUT" source="#hpl_mixamorigwHeadFront-time" /><input semantic="OUTPUT" source="#hpl_mixamorigwHeadFront-rotz" /></sampler><channel source="#hpl_mixamorigwHeadFront-rotz-sampler" target="mixamorigwHeadFront/rotateZ.ANGLE" />
      <sampler id="hpl_mixamorigwHeadFront-roty-sampler"><input semantic="INPUT" source="#hpl_mixamorigwHeadFront-time" /><input semantic="OUTPUT" source="#hpl_mixamorigwHeadFront-roty" /></sampler><channel source="#hpl_mixamorigwHeadFront-roty-sampler" target="mixamorigwHeadFront/rotateY.ANGLE" />
      <sampler id="hpl_mixamorigwHeadFront-rotx-sampler"><input semantic="INPUT" source="#hpl_mixamorigwHeadFront-time" /><input semantic="OUTPUT" source="#hpl_mixamorigwHeadFront-rotx" /></sampler><channel source="#hpl_mixamorigwHeadFront-rotx-sampler" target="mixamorigwHeadFront/rotateX.ANGLE" />
    </animation>
  </library_animations>
  <scene><instance_visual_scene url="#RootNode" /></scene>
</COLLADA>