<?xml version='1.0' encoding='utf-8'?>
<COLLADA xmlns="http://www.collada.org/2005/11/COLLADASchema" version="1.4.1">
  <asset>
    <contributor><author>hpl_dae_export</author><authoring_tool>Blender 4.2.0</authoring_tool></contributor>
    <unit name="meter" meter="1" />
    <up_axis>Y_UP</up_axis>
  </asset>
  <library_images>
    <image id="malik-diffuse-image"><init_from>malik.tga</init_from></image>
    <image id="malik-emission-image"><init_from>malik.tga</init_from></image>
    <image id="malik-normal-image"><init_from>malik.tga</init_from></image>
  </library_images>
  <library_effects>
    <effect id="malik-fx" name="malik"><profile_COMMON>
      <newparam sid="malik-diffuse-surface"><surface type="2D"><init_from>malik-diffuse-image</init_from></surface></newparam>
      <newparam sid="malik-diffuse-sampler"><sampler2D><source>malik-diffuse-surface</source></sampler2D></newparam>
      <newparam sid="malik-emission-surface"><surface type="2D"><init_from>malik-emission-image</init_from></surface></newparam>
      <newparam sid="malik-emission-sampler"><sampler2D><source>malik-emission-surface</source></sampler2D></newparam>
      <technique sid="common"><lambert>
        <diffuse><texture texture="malik-diffuse-sampler" texcoord="CHANNEL0" /></diffuse>
      </lambert></technique>
    </profile_COMMON></effect>
  </library_effects>
  <library_materials>
    <material id="malik" name="malik"><instance_effect url="#malik-fx" /></material>
  </library_materials>
  <library_geometries>
    <geometry id="Mesh_0_1" name="Mesh_0"><mesh>
      <source id="Mesh_0_1-vpos"><float_array id="Mesh_0_1-vpos-array" count="9">0.00385354 0.969239 -0.00528156 0.0538535 0.969239 -0.00528156 0.00385354 1.01924 -0.00528156</float_array><technique_common><accessor source="#Mesh_0_1-vpos-array" count="3" stride="3"><param name="X" type="float" /><param name="Y" type="float" /><param name="Z" type="float" /></accessor></technique_common></source>
      <source id="Mesh_0_1-vnrm"><float_array id="Mesh_0_1-vnrm-array" count="9">0 0 1 0 0 1 0 0 1</float_array><technique_common><accessor source="#Mesh_0_1-vnrm-array" count="3" stride="3"><param name="X" type="float" /><param name="Y" type="float" /><param name="Z" type="float" /></accessor></technique_common></source>
      <source id="Mesh_0_1-vuv"><float_array id="Mesh_0_1-vuv-array" count="6">0 0 1 0 0 1</float_array><technique_common><accessor source="#Mesh_0_1-vuv-array" count="3" stride="2"><param name="S" type="float" /><param name="T" type="float" /></accessor></technique_common></source>
      <vertices id="Mesh_0_1-vertices"><input semantic="POSITION" source="#Mesh_0_1-vpos" /></vertices>
      <triangles count="1" material="malik"><input semantic="VERTEX" source="#Mesh_0_1-vertices" offset="0" /><input semantic="NORMAL" source="#Mesh_0_1-vnrm" offset="1" /><input semantic="TEXCOORD" source="#Mesh_0_1-vuv" offset="2" /><p>0 0 0 1 1 1 2 2 2</p></triangles>
    </mesh></geometry>
  </library_geometries>
  <library_controllers>
    <controller id="Mesh_0_1-skin" name="skinCluster0"><skin source="#Mesh_0_1">
      <bind_shape_matrix>1 0 0 0 0 1 0 0 0 0 1 0 0 0 0 1</bind_shape_matrix>
      <source id="Mesh_0_1-skin-joints"><Name_array id="Mesh_0_1-skin-joints-array" count="24">mixamorigwHips mixamorigwLeftUpLeg mixamorigwLeftLeg mixamorigwLeftFoot mixamorigwLeftToeBase mixamorigwRightUpLeg mixamorigwRightLeg mixamorigwRightFoot mixamorigwRightToeBase mixamorigwSpine mixamorigwSpine1 mixamorigwSpine2 mixamorigwLeftShoulder mixamorigwLeftArm mixamorigwLeftForeArm mixamorigwLeftHand mixamorigwRightShoulder mixamorigwRightArm mixamorigwRightForeArm mixamorigwRightHand mixamorigwNeck mixamorigwHead mixamorigwHeadTop_End mixamorigwHeadFront</Name_array><technique_common><accessor source="#Mesh_0_1-skin-joints-array" count="24" stride="1"><param name="JOINT" type="Name" /></accessor></technique_common></source>
      <source id="Mesh_0_1-skin-bind_poses"><float_array id="Mesh_0_1-skin-bind_poses-array" count="384">0.996784 -0.0397022 0.0696036 0.0350074 0.0696036 0.859369 -0.506596 -0.835878 -0.0397022 0.509812 0.859369 -0.489438 0 0 0 1 0.990163 0.0898831 -0.107236 -0.177556 0.107235 -0.979778 0.168929 0.849064 -0.0898853 -0.178767 -0.979779 0.176252 0 0 0 1 0.99676 0.0609493 -0.0524881 -0.167391 0.0524866 -0.987332 -0.149743 0.516728 -0.0609511 0.146502 -0.987332 0.00365765 0 0 0 1 0.99709 0.0259332 -0.0716882 -0.161714 0.0716883 -0.638859 0.765977 0.0743748 -0.0259358 -0.768887 -0.63886 0.133584 0 0 0 1 0.995649 1.00076e-06 -0.0931828 -0.157119 0.0931841 1.56036e-06 0.99565 -0.165753 4.42294e-07 -1 4.84035e-08 0.0429809 0 0 0 1 0.98967 -0.0919509 0.109989 0.174433 -0.109988 -0.979087 0.171149 0.848658 0.091951 -0.181478 -0.979086 0.178597 0 0 0 1 0.997973 -0.0482003 0.0415529 0.157834 -0.0415528 -0.988086 -0.148184 0.518857 0.0482003 0.146157 -0.988086 0.00298154 0 0 0 1 0.995491 -0.0318197 0.089356 0.154137 -0.0893559 -0.630627 0.770924 0.0675878 0.0318197 -0.775433 -0.630627 0.132827 0 0 0 1 0.99335 1.13874e-07 0.115137 0.148562 -0.115136 2.86819e-07 0.993349 -0.169155 5.18753e-08 -1 4.26038e-07 0.0416988 0 0 0 1 0.999977 0.00494427 0.00473304 -0.0086206 -0.00473308 0.999036 -0.0436358 -1.10561 -0.00494422 0.0436124 0.999036 -0.0369755 0 0 0 1 0.999977 0.00494423 0.00473305 -0.00862057 -0.00473304 0.999036 -0.0436361 -1.24271 -0.00494423 0.0436126 0.999036 -0.0369756 0 0 0 1 0.999862 0.0121438 0.011324 -0.0184036 -0.011324 0.997494 -0.0698444 -1.37828 -0.0121438 0.0697066 0.997494 -0.0730108 0 0 0 1 -0.0389618 8.1901e-08 -0.999241 -0.0277262 0.999241 3.01868e-09 -0.0389618 -0.042283 -4.82174e-09 -1 -8.18307e-08 1.44897 0 0 0 1 0.00856153 0.227512 -0.973738 -0.365901 0.973737 -0.223451 -0.0436475 0.129207 -0.227513 -0.947791 -0.22345 1.41049 0 0 0 1 0.070724 0.0145406 -0.99739 -0.0970561 0.99739 -0.0156091 0.0704964 -0.40923 -0.0145432 -0.999773 -0.0156065 1.39984 0 0 0 1 0.166103 -0.0697437 -0.983639 -0.0447102 0.983639 0.0822677 0.16027 -0.782822 0.0697439 -0.994167 0.0822676 1.33717 0 0 0 1 -0.0366279 7.32406e-09 0.999329 0.0277677 -0.999329 -3.58851e-09 -0.0366278 -0.0399505 -8.045e-11 -1 1.49082e-08 1.44508 0 0 0 1 0.00773206 -0.226228 0.974044 0.362764 -0.974043 -0.222079 -0.0438471 0.122465 0.226234 -0.948421 -0.222073 1.40846 0 0 0 1 0.0584042 1.97736e-07 0.998293 0.0698461 -0.998293 -6.30649e-08 0.0584043 -0.420424 -1.66971e-08 -1 2.24877e-07 1.39455 0 0 0 1 0.0965407 -0.0606554 0.993479 0.180085 -0.99348 -0.066698 0.0924687 -0.576239 0.0606543 -0.995928 -0.0666989 1.42787 0 0 0 1 0.999873 0.0115354 0.0110432 -0.0175704 -0.0110432 0.998987 -0.043634 -1.48385 -0.0115354 0.0435065 0.998987 -0.0368176 0 0 0 1 0.999978 0.00224515 0.00618342 -0.00326299 -0.00618341 0.641596 0.767018 -0.974757 -0.00224518 -0.767039 0.641596 1.21353 0 0 0 1 0.999945 0.00572479 0.00880737 -0.00859697 -0.00880736 0.913859 0.405937 -1.68462 -0.00572478 -0.405992 0.913859 0.660074 0 0 0 1 1 -1.50874e-07 1.00117e-08 4.00392e-05 -6.16999e-09 1.19209e-07 1 -0.157879 -1.52155e-07 -1 5.96047e-08 1.55623 0 0 0 1</float_array><technique_common><accessor count="24" offset="0" source="#Mesh_0_1-skin-bind_poses-array" stride="16"><param name="TRANSFORM" type="float4x4" /></accessor></technique_common></source>
      <source id="Mesh_0_1-skin-weights"><float_array id="Mesh_0_1-skin-weights-array" count="1">1</float_array><technique_common><accessor count="1" offset="0" source="#Mesh_0_1-skin-weights-array" stride="1"><param name="WEIGHT" type="float" /></accessor></technique_common></source>
      <joints><input semantic="JOINT" source="#Mesh_0_1-skin-joints" /><input semantic="INV_BIND_MATRIX" source="#Mesh_0_1-skin-bind_poses" /></joints>
      <vertex_weights count="3"><input semantic="JOINT" source="#Mesh_0_1-skin-joints" offset="0" /><input semantic="WEIGHT" source="#Mesh_0_1-skin-weights" offset="1" /><vcount>1 1 1</vcount><v>0 0 0 0 0 0</v></vertex_weights>
    </skin></controller>
  </library_controllers>
  <library_visual_scenes>
    <visual_scene id="RootNode" name="RootNode">
      <node id="mixamorigwHips" sid="mixamorigwHips" name="mixamorigwHips" type="JOINT">
        <translate sid="translate">0.00385352 0.969239 -0.00528153</translate><rotate sid="rotateZ">0 0 1 -2.2809</rotate><rotate sid="rotateY">0 1 0 -3.99122</rotate><rotate sid="rotateX">1 0 0 -30.5192</rotate>
        <node id="mixamorigwLeftUpLeg" sid="mixamorigwLeftUpLeg" name="mixamorigwLeftUpLeg" type="JOINT">
          <translate sid="translate">0.101084 -0.0783552 -0.0363447</translate><rotate sid="rotateZ">0 0 1 11.6087</rotate><rotate sid="rotateY">0 1 0 4.91312</rotate><rotate sid="rotateX">1 0 0 -158.905</rotate>
          <node id="mixamorigwLeftLeg" sid="mixamorigwLeftLeg" name="mixamorigwLeftLeg" type="JOINT">
            <translate sid="translate">-8.84533e-09 0.366933 -5.05447e-09</translate><rotate sid="rotateZ">0 0 1 2.19789</rotate><rotate sid="rotateY">0 1 0 2.81215</rotate><rotate sid="rotateX">1 0 0 18.5953</rotate>
            <node id="mixamorigwLeftFoot" sid="mixamorigwLeftFoot" name="mixamorigwLeftFoot" type="JOINT">
              <translate sid="translate">6.05747e-08 0.370118 1.13094e-07</translate><rotate sid="rotateZ">0 0 1 2.14728</rotate><rotate sid="rotateY">0 1 0 -0.79109</rotate><rotate sid="rotateX">1 0 0 -58.6844</rotate>
              <node id="mixamorigwLeftToeBase" sid="mixamorigwLeftToeBase" name="mixamorigwLeftToeBase" type="JOINT">
                <translate sid="translate">2.26662e-08 0.174433 5.24402e-08</translate><rotate sid="rotateZ">0 0 1 -3.51841e-05</rotate><rotate sid="rotateY">0 1 0 -1.93171</rotate><rotate sid="rotateX">1 0 0 -39.7069</rotate>
              </node>
            </node>
          </node>
        </node>
        <node id="mixamorigwRightUpLeg" sid="mixamorigwRightUpLeg" name="mixamorigwRightUpLeg" type="JOINT">
          <translate sid="translate">-0.0945827 -0.092128 -0.0283661</translate><rotate sid="rotateZ">0 0 1 -3.77608</rotate><rotate sid="rotateY">0 1 0 -0.478485</rotate><rotate sid="rotateX">1 0 0 -159.652</rotate>
          <node id="mixamorigwRightLeg" sid="mixamorigwRightLeg" name="mixamorigwRightLeg" type="JOINT">
            <translate sid="translate">-8.21352e-09 0.367192 1.26362e-07</translate><rotate sid="rotateZ">0 0 1 -3.18505</rotate><rotate sid="rotateY">0 1 0 -3.42995</rotate><rotate sid="rotateX">1 0 0 18.7329</rotate>
            <node id="mixamorigwRightFoot" sid="mixamorigwRightFoot" name="mixamorigwRightFoot" type="JOINT">
              <translate sid="translate">-1.02669e-09 0.373775 -1.26362e-09</translate><rotate sid="rotateZ">0 0 1 -1.32878</rotate><rotate sid="rotateY">0 1 0 2.57683</rotate><rotate sid="rotateX">1 0 0 -59.2142</rotate>
              <node id="mixamorigwRightToeBase" sid="mixamorigwRightToeBase" name="mixamorigwRightToeBase" type="JOINT">
                <translate sid="translate">4.10676e-08 0.17257 -7.58171e-08</translate><rotate sid="rotateZ">0 0 1 -1.13278e-05</rotate><rotate sid="rotateY">0 1 0 2.3498</rotate><rotate sid="rotateX">1 0 0 -39.0965</rotate>
              </node>
            </node>
          </node>
        </node>
        <node id="mixamorigwSpine" sid="mixamorigwSpine" name="mixamorigwSpine" type="JOINT">
          <translate sid="translate">-0.00650102 0.120689 0.0647114</translate><rotate sid="rotateZ">0 0 1 4.09971</rotate><rotate sid="rotateY">0 1 0 1.89759</rotate><rotate sid="rotateX">1 0 0 28.1816</rotate>
          <node id="mixamorigwSpine1" sid="mixamorigwSpine1" name="mixamorigwSpine1" type="JOINT">
            <translate sid="translate">2.0287e-08 0.137097 -2.62801e-07</translate><rotate sid="rotateZ">0 0 1 -2.30285e-06</rotate><rotate sid="rotateY">0 1 0 -5.54453e-07</rotate><rotate sid="rotateX">1 0 0 -1.35089e-05</rotate>
            <node id="mixamorigwSpine2" sid="mixamorigwSpine2" name="mixamorigwSpine2" type="JOINT">
              <translate sid="translate">6.71297e-10 0.137097 1.18032e-09</translate><rotate sid="rotateZ">0 0 1 0.395671</rotate><rotate sid="rotateY">0 1 0 -0.395296</rotate><rotate sid="rotateX">1 0 0 -1.50238</rotate>
              <node id="mixamorigwLeftShoulder" sid="mixamorigwLeftShoulder" name="mixamorigwLeftShoulder" type="JOINT">
                <translate sid="translate">0.040025 0.0686486 -0.00178681</translate><rotate sid="rotateZ">0 0 1 125.595</rotate><rotate sid="rotateY">0 1 0 85.0452</rotate><rotate sid="rotateX">1 0 0 -143.81</rotate>
                <node id="mixamorigwLeftArm" sid="mixamorigwLeftArm" name="mixamorigwLeftArm" type="JOINT">
                  <translate sid="translate">-9.23188e-11 0.157174 1.94725e-09</translate><rotate sid="rotateZ">0 0 1 2.73667</rotate><rotate sid="rotateY">0 1 0 13.1506</rotate><rotate sid="rotateX">1 0 0 13.2658</rotate>
                  <node id="mixamorigwLeftForeArm" sid="mixamorigwLeftForeArm" name="mixamorigwLeftForeArm" type="JOINT">
                    <translate sid="translate">-3.47495e-08 0.243555 -1.30153e-07</translate><rotate sid="rotateZ">0 0 1 6.38695</rotate><rotate sid="rotateY">0 1 0 -11.1276</rotate><rotate sid="rotateX">1 0 0 -13.4292</rotate>
                    <node id="mixamorigwLeftHand" sid="mixamorigwLeftHand" name="mixamorigwLeftHand" type="JOINT">
                      <translate sid="translate">7.45535e-08 0.249448 7.60145e-08</translate><rotate sid="rotateZ">0 0 1 5.60961</rotate><rotate sid="rotateY">0 1 0 -4.74167</rotate><rotate sid="rotateX">1 0 0 -5.70437</rotate>
                    </node>
                  </node>
                </node>
              </node>
              <node id="mixamorigwRightShoulder" sid="mixamorigwRightShoulder" name="mixamorigwRightShoulder" type="JOINT">
                <translate sid="translate">-0.040087 0.0656621 -0.000945981</translate><rotate sid="rotateZ">0 0 1 -110.039</rotate><rotate sid="rotateY">0 1 0 -85.7646</rotate><rotate sid="rotateX">1 0 0 -160.708</rotate>
                <node id="mixamorigwRightArm" sid="mixamorigwRightArm" name="mixamorigwRightArm" type="JOINT">
                  <translate sid="translate">2.37172e-09 0.163364 -1.62252e-07</translate><rotate sid="rotateZ">0 0 1 -2.55391</rotate><rotate sid="rotateY">0 1 0 -13.0751</rotate><rotate sid="rotateX">1 0 0 13.1787</rotate>
                  <node id="mixamorigwRightForeArm" sid="mixamorigwRightForeArm" name="mixamorigwRightForeArm" type="JOINT">
                    <translate sid="translate">-8.21352e-09 0.227531 6.31809e-08</translate><rotate sid="rotateZ">0 0 1 -5.90746</rotate><rotate sid="rotateY">0 1 0 12.0334</rotate><rotate sid="rotateX">1 0 0 -14.1336</rotate>
                    <node id="mixamorigwRightHand" sid="mixamorigwRightHand" name="mixamorigwRightHand" type="JOINT">
                      <translate sid="translate">-4.26417e-08 0.25312 -1.57282e-07</translate><rotate sid="rotateZ">0 0 1 -2.20204</rotate><rotate sid="rotateY">0 1 0 -3.47744</rotate><rotate sid="rotateX">1 0 0 3.83142</rotate>
                    </node>
                  </node>
                </node>
              </node>
              <node id="mixamorigwNeck" sid="mixamorigwNeck" name="mixamorigwNeck" type="JOINT">
                <translate sid="translate">6.2025e-05 0.104088 0.00273278</translate><rotate sid="rotateZ">0 0 1 -0.0336555</rotate><rotate sid="rotateY">0 1 0 0.0184846</rotate><rotate sid="rotateX">1 0 0 1.50393</rotate>
                <node id="mixamorigwHead" sid="mixamorigwHead" name="mixamorigwHead" type="JOINT">
                  <translate sid="translate">3.73162e-09 0.0721533 1.18502e-08</translate><rotate sid="rotateZ">0 0 1 -0.519682</rotate><rotate sid="rotateY">0 1 0 0.301393</rotate><rotate sid="rotateX">1 0 0 52.5832</rotate>
                  <node id="mixamorigwHeadTop_End" sid="mixamorigwHeadTop_End" name="mixamorigwHeadTop_End" type="JOINT">
                    <translate sid="translate">-0.00116743 0.24687 -0.121132</translate><rotate sid="rotateZ">0 0 1 0.243241</rotate><rotate sid="rotateY">0 1 0 0.0564609</rotate><rotate sid="rotateX">1 0 0 -26.1357</rotate>
                  </node>
                  <node id="mixamorigwHeadFront" sid="mixamorigwHeadFront" name="mixamorigwHeadFront" type="JOINT">
                    <translate sid="translate">0.00116742 0.144812 0.121133</translate><rotate sid="rotateZ">0 0 1 -0.354292</rotate><rotate sid="rotateY">0 1 0 0.128633</rotate><rotate sid="rotateX">1 0 0 39.9111</rotate>
                  </node>
                </node>
              </node>
            </node>
          </node>
        </node>
      </node>
      <node id="Mesh_0" name="Mesh_0" type="NODE">
        <translate sid="translate">0 0 0</translate><rotate sid="rotateZ">0 0 1 0</rotate><rotate sid="rotateY">0 1 0 -0</rotate><rotate sid="rotateX">1 0 0 -90</rotate><scale sid="scale">100 100 100</scale><instance_controller url="#Mesh_0_1-skin">
          <skeleton>#mixamorigwHips</skeleton>
          <bind_material><technique_common><instance_material symbol="defaultMaterial" target="#%s"><bind_vertex_input semantic="CHANNEL0" input_semantic="TEXCOORD" input_set="0" /></instance_material></technique_common></bind_material>
        </instance_controller>
      </node>
    </visual_scene>
  </library_visual_scenes>
  <library_animations>
    <animation id="hpl_mixamorigwHips">
      <source id="hpl_mixamorigwHips-time"><float_array id="hpl_mixamorigwHips-time-array" count="93">0 1 2 3 4 5 6 7 8 9 10 11 12 13 14 15 16 17 18 19 20 21 22 23 24 25 26 27 28 29 30 31 32 33 34 35 36 37 38 39 40 41 42 43 44 45 46 47 48 49 50 51 52 53 54 55 56 57 58 59 60 61 62 63 64 65 66 67 68 69 70 71 72 73 74 75 76 77 78 79 80 81 82 83 84 85 86 87 88 89 90 91 92</float_array><technique_common><accessor source="#hpl_mixamorigwHips-time-array" count="93" stride="1" /></technique_common></source>
      <source id="hpl_mixamorigwHips-trans"><float_array id="hpl_mixamorigwHips-trans-array" count="279">0.00385354 0.976668 -0.00528156 0.00400535 0.976668 -0.00520266 0.00393567 0.976532 -0.00529284 0.00405413 0.976577 -0.00527147 0.00416423 0.976611 -0.00535394 0.00401473 0.976615 -0.00511075 0.0039921 0.976629 -0.0051296 0.00400195 0.976689 -0.00502331 0.00420711 0.976689 -0.00510525 0.00450069 0.976702 -0.00499737 0.00450369 0.976654 -0.00521438 0.00445817 0.976659 -0.00522815 0.00458014 0.976634 -0.00516667 0.00462471 0.976695 -0.00514515 0.00436463 0.976811 -0.00528283 0.00457576 0.976877 -0.00537828 0.00439772 0.976929 -0.00565898 0.0043237 0.976976 -0.00557167 0.00420979 0.977098 -0.00557697 0.0042299 0.977147 -0.00574014 0.00407209 0.977147 -0.00568233 0.00406752 0.977213 -0.00576973 0.00371993 0.977219 -0.00587598 0.00371217 0.977284 -0.00581266 0.00378984 0.977269 -0.00594775 0.0036573 0.977199 -0.00569802 0.0035901 0.977012 -0.00564965 0.00363157 0.976973 -0.00562779 0.00372811 0.976976 -0.00553118 0.00358292 0.977017 -0.00566412 0.00365341 0.977102 -0.00573594 0.0035867 0.977081 -0.00550276 0.00363377 0.977122 -0.00564424 0.00372048 0.977079 -0.00553762 0.00371598 0.977058 -0.00546051 0.0037959 0.977 -0.00563621 0.00376609 0.976994 -0.00556435 0.00400793 0.976912 -0.00594209 0.00400472 0.976961 -0.00585852 0.00410816 0.976967 -0.00593074 0.0043155 0.976869 -0.00613888 0.00450932 0.976772 -0.00639333 0.00473081 0.976725 -0.00671147 0.00475215 0.976853 -0.00668115 0.0046795 0.976922 -0.00687443 0.00472456 0.976976 -0.00707013 0.00476613 0.977062 -0.00714213 0.00473781 0.977085 -0.00740648 0.00481695 0.977017 -0.00741721 0.00482002 0.97708 -0.00743957 0.00467151 0.977016 -0.00733066 0.00463495 0.976998 -0.00729234 0.00464233 0.977075 -0.00730411 0.00489043 0.977128 -0.00719995 0.00459475 0.977095 -0.0072444 0.0044858 0.977043 -0.00737708 0.00449376 0.976986 -0.00722775 0.00456131 0.977062 -0.00713896 0.00461232 0.977065 -0.00707329 0.00489105 0.977023 -0.00708027 0.00475814 0.976917 -0.00721043 0.0046079 0.976877 -0.0074767 0.00474212 0.976881 -0.00736276 0.00456017 0.976827 -0.0072048 0.00454509 0.976823 -0.00729772 0.0046956 0.976904 -0.0072629 0.00478344 0.976961 -0.00744013 0.00474883 0.977004 -0.00766283 0.00495684 0.977006 -0.00781504 0.0047549 0.976967 -0.00768971 0.00472245 0.976988 -0.0076045 0.00458315 0.976946 -0.00777372 0.0047007 0.976825 -0.00773088 0.00459531 0.976746 -0.00752124 0.00468203 0.976659 -0.00736785 0.00509107 0.976617 -0.00762104 0.00501156 0.976691 -0.0072357 0.00484513 0.976725 -0.00715535 0.00473934 0.976728 -0.00710222 0.00477526 0.976653 -0.00703843 0.00481476 0.976657 -0.00692912 0.00465204 0.976684 -0.00683147 0.00447696 0.976662 -0.00651364 0.00442476 0.976554 -0.00640699 0.00438686 0.976505 -0.00588297 0.00431417 0.976429 -0.00606216 0.00415756 0.976377 -0.00604897 0.00410931 0.976464 -0.0058998 0.00399169 0.976448 -0.00579721 0.00410178 0.976465 -0.00548625 0.00389316 0.976416 -0.00546678 0.00372686 0.976379 -0.00526201 0.00385354 0.976668 -0.00528156</float_array><technique_common><accessor source="#hpl_mixamorigwHips-trans-array" count="93" stride="3" /></technique_common></source>
      <source id="hpl_mixamorigwHips-rotz"><float_array id="hpl_mixamorigwHips-rotz-array" count="93">-2.14563 -2.1468 -2.15399 -2.16111 -2.16876 -2.17608 -2.17926 -2.1817 -2.18552 -2.18944 -2.19151 -2.18813 -2.19017 -2.19176 -2.19754 -2.2004 -2.20402 -2.20915 -2.21433 -2.2173 -2.22005 -2.22748 -2.23042 -2.23523 -2.23518 -2.23085 -2.22932 -2.23153 -2.23707 -2.24293 -2.24763 -2.24995 -2.24587 -2.23954 -2.23429 -2.23595 -2.24285 -2.24832 -2.24938 -2.24757 -2.24565 -2.24545 -2.24098 -2.23839 -2.23677 -2.23532 -2.23542 -2.23794 -2.2375 -2.24305 -2.25015 -2.25809 -2.264 -2.2663 -2.26896 -2.27409 -2.27531 -2.27695 -2.27837 -2.27921 -2.28044 -2.28303 -2.29049 -2.29721 -2.30112 -2.30912 -2.30962 -2.31139 -2.31089 -2.30984 -2.30658 -2.30621 -2.3066 -2.31105 -2.31644 -2.32415 -2.32934 -2.3288 -2.31948 -2.30878 -2.29927 -2.29175 -2.29319 -2.29575 -2.2991 -2.29795 -2.28895 -2.28566 -2.28228 -2.27815 -2.28249 -2.28578 -2.14563</float_array><technique_common><accessor source="#hpl_mixamorigwHips-rotz-array" count="93" stride="1" /></technique_common></source>
      <source id="hpl_mixamorigwHips-roty"><float_array id="hpl_mixamorigwHips-roty-array" count="93">-4.78098 -4.76402 -4.74577 -4.74099 -4.78339 -4.7954 -4.8262 -4.86383 -4.89764 -4.90244 -4.90172 -4.90838 -4.91304 -4.90538 -4.89393 -4.88573 -4.88054 -4.87803 -4.88208 -4.89286 -4.89959 -4.91822 -4.94142 -4.95099 -4.95974 -4.96789 -4.9545 -4.94385 -4.94645 -4.94585 -4.94478 -4.92665 -4.90908 -4.88932 -4.87791 -4.86959 -4.87508 -4.88672 -4.8845 -4.89138 -4.89117 -4.90348 -4.92985 -4.94375 -4.96001 -4.97226 -4.99121 -5.00282 -5.0219 -5.039 -5.07067 -5.07788 -5.10098 -5.09669 -5.08994 -5.06491 -5.03521 -5.02623 -5.012 -5.00095 -5.008 -5.01349 -5.04555 -5.08223 -5.13689 -5.17901 -5.20877 -5.24579 -5.27361 -5.29339 -5.32094 -5.36489 -5.3856 -5.39602 -5.39519 -5.401 -5.38572 -5.36317 -5.33984 -5.32182 -5.31041 -5.30505 -5.27441 -5.25205 -5.22861 -5.18594 -5.13761 -5.11301 -5.08636 -5.06887 -5.04344 -5.01732 -4.78098</float_array><technique_common><accessor source="#hpl_mixamorigwHips-roty-array" count="93" stride="1" /></technique_common></source>
      <source id="hpl_mixamorigwHips-rotx"><float_array id="hpl_mixamorigwHips-rotx-array" count="93">-32.7689 -32.7871 -32.7947 -32.8054 -32.8072 -32.7997 -32.7897 -32.7918 -32.7957 -32.792 -32.7885 -32.7882 -32.788 -32.7813 -32.7642 -32.7539 -32.7576 -32.7506 -32.7329 -32.7179 -32.7036 -32.7028 -32.7054 -32.705 -32.7046 -32.7043 -32.7049 -32.7128 -32.7232 -32.7407 -32.7478 -32.7414 -32.7281 -32.7324 -32.7364 -32.7403 -32.74 -32.736 -32.729 -32.7248 -32.7213 -32.7068 -32.7022 -32.7017 -32.6993 -32.7082 -32.7109 -32.7245 -32.7413 -32.7476 -32.7551 -32.7635 -32.7766 -32.7873 -32.7986 -32.803 -32.8042 -32.808 -32.8121 -32.8195 -32.8298 -32.8436 -32.8493 -32.8302 -32.814 -32.7982 -32.797 -32.8007 -32.7961 -32.7883 -32.7727 -32.7522 -32.7338 -32.7175 -32.7034 -32.6996 -32.6861 -32.6712 -32.6594 -32.6462 -32.6433 -32.6366 -32.6255 -32.6228 -32.6285 -32.6249 -32.6287 -32.6297 -32.6238 -32.6175 -32.6132 -32.6142 -32.7689</float_array><technique_common><accessor source="#hpl_mixamorigwHips-rotx-array" count="93" stride="1" /></technique_common></source>
      <sampler id="hpl_mixamorigwHips-trans-sampler"><input semantic="INPUT" source="#hpl_mixamorigwHips-time" /><input semantic="OUTPUT" source="#hpl_mixamorigwHips-trans" /></sampler><channel source="#hpl_mixamorigwHips-trans-sampler" target="mixamorigwHips/translate" />
      <sampler id="hpl_mixamorigwHips-rotz-sampler"><input semantic="INPUT" source="#hpl_mixamorigwHips-time" /><input semantic="OUTPUT" source="#hpl_mixamorigwHips-rotz" /></sampler><channel source="#hpl_mixamorigwHips-rotz-sampler" target="mixamorigwHips/rotateZ.ANGLE" />
      <sampler id="hpl_mixamorigwHips-roty-sampler"><input semantic="INPUT" source="#hpl_mixamorigwHips-time" /><input semantic="OUTPUT" source="#hpl_mixamorigwHips-roty" /></sampler><channel source="#hpl_mixamorigwHips-roty-sampler" target="mixamorigwHips/rotateY.ANGLE" />
      <sampler id="hpl_mixamorigwHips-rotx-sampler"><input semantic="INPUT" source="#hpl_mixamorigwHips-time" /><input semantic="OUTPUT" source="#hpl_mixamorigwHips-rotx" /></sampler><channel source="#hpl_mixamorigwHips-rotx-sampler" target="mixamorigwHips/rotateX.ANGLE" />
    </animation>
    <animation id="hpl_mixamorigwLeftUpLeg">
      <source id="hpl_mixamorigwLeftUpLeg-time"><float_array id="hpl_mixamorigwLeftUpLeg-time-array" count="93">0 1 2 3 4 5 6 7 8 9 10 11 12 13 14 15 16 17 18 19 20 21 22 23 24 25 26 27 28 29 30 31 32 33 34 35 36 37 38 39 40 41 42 43 44 45 46 47 48 49 50 51 52 53 54 55 56 57 58 59 60 61 62 63 64 65 66 67 68 69 70 71 72 73 74 75 76 77 78 79 80 81 82 83 84 85 86 87 88 89 90 91 92</float_array><technique_common><accessor source="#hpl_mixamorigwLeftUpLeg-time-array" count="93" stride="1" /></technique_common></source>
      <source id="hpl_mixamorigwLeftUpLeg-trans"><float_array id="hpl_mixamorigwLeftUpLeg-trans-array" count="279">0.101084 -0.0783561 -0.036345 0.101084 -0.0783561 -0.036345 0.101084 -0.0783561 -0.036345 0.101084 -0.0783561 -0.036345 0.101084 -0.0783561 -0.036345 0.101084 -0.0783561 -0.036345 0.101084 -0.0783561 -0.036345 0.101084 -0.0783561 -0.036345 0.101084 -0.0783561 -0.036345 0.101084 -0.0783561 -0.036345 0.101084 -0.0783561 -0.036345 0.101084 -0.0783561 -0.036345 0.101084 -0.0783561 -0.036345 0.101084 -0.0783561 -0.036345 0.101084 -0.0783561 -0.036345 0.101084 -0.0783561 -0.036345 0.101084 -0.0783561 -0.036345 0.101084 -0.0783561 -0.036345 0.101084 -0.0783561 -0.036345 0.101084 -0.0783561 -0.036345 0.101084 -0.0783561 -0.036345 0.101084 -0.0783561 -0.036345 0.101084 -0.0783561 -0.036345 0.101084 -0.0783561 -0.036345 0.101084 -0.0783561 -0.036345 0.101084 -0.0783561 -0.036345 0.101084 -0.0783561 -0.036345 0.101084 -0.0783561 -0.036345 0.101084 -0.0783561 -0.036345 0.101084 -0.0783561 -0.036345 0.101084 -0.0783561 -0.036345 0.101084 -0.0783561 -0.036345 0.101084 -0.0783561 -0.036345 0.101084 -0.0783561 -0.036345 0.101084 -0.0783561 -0.036345 0.101084 -0.0783561 -0.036345 0.101084 -0.0783561 -0.036345 0.101084 -0.0783561 -0.036345 0.101084 -0.0783561 -0.036345 0.101084 -0.0783561 -0.036345 0.101084 -0.0783561 -0.036345 0.101084 -0.0783561 -0.036345 0.101084 -0.0783561 -0.036345 0.101084 -0.0783561 -0.036345 0.101084 -0.0783561 -0.036345 0.101084 -0.0783561 -0.036345 0.101084 -0.0783561 -0.036345 0.101084 -0.0783561 -0.036345 0.101084 -0.0783561 -0.036345 0.101084 -0.0783561 -0.036345 0.101084 -0.0783561 -0.036345 0.101084 -0.0783561 -0.036345 0.101084 -0.0783561 -0.036345 0.101084 -0.0783561 -0.036345 0.101084 -0.0783561 -0.036345 0.101084 -0.0783561 -0.036345 0.101084 -0.0783561 -0.036345 0.101084 -0.0783561 -0.036345 0.101084 -0.0783561 -0.036345 0.101084 -0.0783561 -0.036345 0.101084 -0.0783561 -0.036345 0.101084 -0.0783561 -0.036345 0.101084 -0.0783561 -0.036345 0.101084 -0.0783561 -0.036345 0.101084 -0.0783561 -0.036345 0.101084 -0.0783561 -0.036345 0.101084 -0.0783561 -0.036345 0.101084 -0.0783561 -0.036345 0.101084 -0.0783561 -0.036345 0.101084 -0.0783561 -0.036345 0.101084 -0.0783561 -0.036345 0.101084 -0.0783561 -0.036345 0.101084 -0.0783561 -0.036345 0.101084 -0.0783561 -0.036345 0.101084 -0.0783561 -0.036345 0.101084 -0.0783561 -0.036345 0.101084 -0.0783561 -0.036345 0.101084 -0.0783561 -0.036345 0.101084 -0.0783561 -0.036345 0.101084 -0.0783561 -0.036345 0.101084 -0.0783561 -0.036345 0.101084 -0.0783561 -0.036345 0.101084 -0.0783561 -0.036345 0.101084 -0.0783561 -0.036345 0.101084 -0.0783561 -0.036345 0.101084 -0.0783561 -0.036345 0.101084 -0.0783561 -0.036345 0.101084 -0.0783561 -0.036345 0.101084 -0.0783561 -0.036345 0.101084 -0.0783561 -0.036345 0.101084 -0.0783561 -0.036345 0.101084 -0.0783561 -0.036345 0.101084 -0.0783561 -0.036345</float_array><technique_common><accessor source="#hpl_mixamorigwLeftUpLeg-trans-array" count="93" stride="3" /></technique_common></source>
      <source id="hpl_mixamorigwLeftUpLeg-rotz"><float_array id="hpl_mixamorigwLeftUpLeg-rotz-array" count="93">12.2172 12.2089 12.2042 12.2316 12.2582 12.2818 12.3101 12.3372 12.3432 12.3553 12.3534 12.3382 12.3334 12.3366 12.3529 12.3584 12.3508 12.3385 12.3439 12.3537 12.373 12.4012 12.4134 12.4142 12.4034 12.3899 12.3617 12.3488 12.3322 12.3277 12.3151 12.2912 12.2622 12.24 12.2137 12.2034 12.2025 12.1989 12.1861 12.181 12.1677 12.149 12.1163 12.1088 12.1134 12.1388 12.1708 12.2176 12.2501 12.2767 12.305 12.3165 12.3153 12.3026 12.2962 12.2931 12.309 12.3377 12.3579 12.3691 12.3752 12.4412 12.3846 12.4567 12.4523 12.4499 12.4503 12.409 12.4223 12.4321 12.5089 12.5127 12.4791 12.473 12.4589 12.4041 12.4484 12.4436 12.4403 12.4142 12.3999 12.4136 12.4319 12.447 12.463 12.4458 12.426 12.4249 12.4303 12.4475 12.4711 12.4851 12.2172</float_array><technique_common><accessor source="#hpl_mixamorigwLeftUpLeg-rotz-array" count="93" stride="1" /></technique_common></source>
      <source id="hpl_mixamorigwLeftUpLeg-roty"><float_array id="hpl_mixamorigwLeftUpLeg-roty-array" count="93">12.1907 12.1725 12.1735 12.183 12.2102 12.233 12.267 12.2882 12.2951 12.3015 12.3018 12.2905 12.2867 12.2803 12.2914 12.2916 12.2774 12.2575 12.2475 12.252 12.2779 12.2864 12.2893 12.2708 12.2588 12.2478 12.2341 12.2049 12.1612 12.1276 12.0943 12.0759 12.054 12.0447 12.0312 12.0234 12.0139 12.0218 12.0159 12.0269 12.0355 12.036 12.0254 12.016 12.0371 12.0678 12.1035 12.15 12.1881 12.2035 12.2265 12.2269 12.2043 12.1857 12.1651 12.1662 12.1978 12.2377 12.2648 12.2836 12.3039 12.2606 12.3014 12.2423 12.2379 12.24 12.2467 12.3036 12.3202 12.3424 12.3092 12.3124 12.3004 12.2794 12.2775 12.3362 12.2904 12.2661 12.2623 12.2607 12.2553 12.2609 12.2586 12.2772 12.2684 12.2537 12.2283 12.2123 12.208 12.2332 12.2285 12.2165 12.1907</float_array><technique_common><accessor source="#hpl_mixamorigwLeftUpLeg-roty-array" count="93" stride="1" /></technique_common></source>
      <source id="hpl_mixamorigwLeftUpLeg-rotx"><float_array id="hpl_mixamorigwLeftUpLeg-rotx-array" count="93">-148.061 -148.03 -148.118 -148.064 -148.017 -147.997 -147.975 -147.907 -147.896 -147.885 -147.938 -147.951 -147.987 -147.973 -147.923 -147.901 -147.905 -147.931 -147.914 -147.921 -147.934 -147.883 -147.851 -147.81 -147.829 -147.857 -147.979 -147.999 -147.985 -147.939 -147.877 -147.882 -147.876 -147.904 -147.924 -147.982 -147.988 -148.075 -148.054 -148.059 -148.131 -148.226 -148.297 -148.227 -148.211 -148.183 -148.128 -148.087 -148.108 -148.074 -148.107 -148.112 -148.035 -147.98 -147.971 -148.011 -148.068 -148.031 -148.035 -148.056 -148.104 -148.09 -148.094 -148.082 -148.121 -148.093 -148.085 -148.095 -148.097 -148.103 -148.033 -148.075 -148.157 -148.194 -148.262 -148.389 -148.277 -148.267 -148.267 -148.317 -148.307 -148.287 -148.291 -148.364 -148.322 -148.396 -148.423 -148.351 -148.349 -148.282 -148.307 -148.308 -148.061</float_array><technique_common><accessor source="#hpl_mixamorigwLeftUpLeg-rotx-array" count="93" stride="1" /></technique_common></source>
      <sampler id="hpl_mixamorigwLeftUpLeg-trans-sampler"><input semantic="INPUT" source="#hpl_mixamorigwLeftUpLeg-time" /><input semantic="OUTPUT" source="#hpl_mixamorigwLeftUpLeg-trans" /></sampler><channel source="#hpl_mixamorigwLeftUpLeg-trans-sampler" target="mixamorigwLeftUpLeg/translate" />
      <sampler id="hpl_mixamorigwLeftUpLeg-rotz-sampler"><input semantic="INPUT" source="#hpl_mixamorigwLeftUpLeg-time" /><input semantic="OUTPUT" source="#hpl_mixamorigwLeftUpLeg-rotz" /></sampler><channel source="#hpl_mixamorigwLeftUpLeg-rotz-sampler" target="mixamorigwLeftUpLeg/rotateZ.ANGLE" />
      <sampler id="hpl_mixamorigwLeftUpLeg-roty-sampler"><input semantic="INPUT" source="#hpl_mixamorigwLeftUpLeg-time" /><input semantic="OUTPUT" source="#hpl_mixamorigwLeftUpLeg-roty" /></sampler><channel source="#hpl_mixamorigwLeftUpLeg-roty-sampler" target="mixamorigwLeftUpLeg/rotateY.ANGLE" />
      <sampler id="hpl_mixamorigwLeftUpLeg-rotx-sampler"><input semantic="INPUT" source="#hpl_mixamorigwLeftUpLeg-time" /><input semantic="OUTPUT" source="#hpl_mixamorigwLeftUpLeg-rotx" /></sampler><channel source="#hpl_mixamorigwLeftUpLeg-rotx-sampler" target="mixamorigwLeftUpLeg/rotateX.ANGLE" />
    </animation>
    <animation id="hpl_mixamorigwLeftLeg">
      <source id="hpl_mixamorigwLeftLeg-time"><float_array id="hpl_mixamorigwLeftLeg-time-array" count="93">0 1 2 3 4 5 6 7 8 9 10 11 12 13 14 15 16 17 18 19 20 21 22 23 24 25 26 27 28 29 30 31 32 33 34 35 36 37 38 39 40 41 42 43 44 45 46 47 48 49 50 51 52 53 54 55 56 57 58 59 60 61 62 63 64 65 66 67 68 69 70 71 72 73 74 75 76 77 78 79 80 81 82 83 84 85 86 87 88 89 90 91 92</float_array><technique_common><accessor source="#hpl_mixamorigwLeftLeg-time-array" count="93" stride="1" /></technique_common></source>
      <source id="hpl_mixamorigwLeftLeg-trans"><float_array id="hpl_mixamorigwLeftLeg-trans-array" count="279">6.40674e-08 0.366933 1.23554e-07 6.40674e-08 0.366933 1.23554e-07 6.40674e-08 0.366933 1.23554e-07 6.40674e-08 0.366933 1.23554e-07 6.40674e-08 0.366933 1.23554e-07 6.40674e-08 0.366933 1.23554e-07 6.40674e-08 0.366933 1.23554e-07 6.40674e-08 0.366933 1.23554e-07 6.40674e-08 0.366933 1.23554e-07 6.40674e-08 0.366933 1.23554e-07 6.40674e-08 0.366933 1.23554e-07 6.40674e-08 0.366933 1.23554e-07 6.40674e-08 0.366933 1.23554e-07 6.40674e-08 0.366933 1.23554e-07 6.40674e-08 0.366933 1.23554e-07 6.40674e-08 0.366933 1.23554e-07 6.40674e-08 0.366933 1.23554e-07 6.40674e-08 0.366933 1.23554e-07 6.40674e-08 0.366933 1.23554e-07 6.40674e-08 0.366933 1.23554e-07 6.40674e-08 0.366933 1.23554e-07 6.40674e-08 0.366933 1.23554e-07 6.40674e-08 0.366933 1.23554e-07 6.40674e-08 0.366933 1.23554e-07 6.40674e-08 0.366933 1.23554e-07 6.40674e-08 0.366933 1.23554e-07 6.40674e-08 0.366933 1.23554e-07 6.40674e-08 0.366933 1.23554e-07 6.40674e-08 0.366933 1.23554e-07 6.40674e-08 0.366933 1.23554e-07 6.40674e-08 0.366933 1.23554e-07 6.40674e-08 0.366933 1.23554e-07 6.40674e-08 0.366933 1.23554e-07 6.40674e-08 0.366933 1.23554e-07 6.40674e-08 0.366933 1.23554e-07 6.40674e-08 0.366933 1.23554e-07 6.40674e-08 0.366933 1.23554e-07 6.40674e-08 0.366933 1.23554e-07 6.40674e-08 0.366933 1.23554e-07 6.40674e-08 0.366933 1.23554e-07 6.40674e-08 0.366933 1.23554e-07 6.40674e-08 0.366933 1.23554e-07 6.40674e-08 0.366933 1.23554e-07 6.40674e-08 0.366933 1.23554e-07 6.40674e-08 0.366933 1.23554e-07 6.40674e-08 0.366933 1.23554e-07 6.40674e-08 0.366933 1.23554e-07 6.40674e-08 0.366933 1.23554e-07 6.40674e-08 0.366933 1.23554e-07 6.40674e-08 0.366933 1.23554e-07 6.40674e-08 0.366933 1.23554e-07 6.40674e-08 0.366933 1.23554e-07 6.40674e-08 0.366933 1.23554e-07 6.40674e-08 0.366933 1.23554e-07 6.40674e-08 0.366933 1.23554e-07 6.40674e-08 0.366933 1.23554e-07 6.40674e-08 0.366933 1.23554e-07 6.40674e-08 0.366933 1.23554e-07 6.40674e-08 0.366933 1.23554e-07 6.40674e-08 0.366933 1.23554e-07 6.40674e-08 0.366933 1.23554e-07 6.40674e-08 0.366933 1.23554e-07 6.40674e-08 0.366933 1.23554e-07 6.40674e-08 0.366933 1.23554e-07 6.40674e-08 0.366933 1.23554e-07 6.40674e-08 0.366933 1.23554e-07 6.40674e-08 0.366933 1.23554e-07 6.40674e-08 0.366933 1.23554e-07 6.40674e-08 0.366933 1.23554e-07 6.40674e-08 0.366933 1.23554e-07 6.40674e-08 0.366933 1.23554e-07 6.40674e-08 0.366933 1.23554e-07 6.40674e-08 0.366933 1.23554e-07 6.40674e-08 0.366933 1.23554e-07 6.40674e-08 0.366933 1.23554e-07 6.40674e-08 0.366933 1.23554e-07 6.40674e-08 0.366933 1.23554e-07 6.40674e-08 0.366933 1.23554e-07 6.40674e-08 0.366933 1.23554e-07 6.40674e-08 0.366933 1.23554e-07 6.40674e-08 0.366933 1.23554e-07 6.40674e-08 0.366933 1.23554e-07 6.40674e-08 0.366933 1.23554e-07 6.40674e-08 0.366933 1.23554e-07 6.40674e-08 0.366933 1.23554e-07 6.40674e-08 0.366933 1.23554e-07 6.40674e-08 0.366933 1.23554e-07 6.40674e-08 0.366933 1.23554e-07 6.40674e-08 0.366933 1.23554e-07 6.40674e-08 0.366933 1.23554e-07 6.40674e-08 0.366933 1.23554e-07 6.40674e-08 0.366933 1.23554e-07 6.40674e-08 0.366933 1.23554e-07</float_array><technique_common><accessor source="#hpl_mixamorigwLeftLeg-trans-array" count="93" stride="3" /></technique_common></source>
      <source id="hpl_mixamorigwLeftLeg-rotz"><float_array id="hpl_mixamorigwLeftLeg-rotz-array" count="93">-0.778707 -0.773974 -0.789084 -0.779543 -0.775067 -0.772414 -0.771245 -0.763689 -0.764564 -0.765362 -0.772534 -0.771567 -0.772703 -0.764594 -0.753265 -0.747698 -0.752396 -0.760238 -0.758359 -0.753567 -0.754384 -0.743753 -0.741384 -0.738678 -0.743981 -0.75128 -0.765485 -0.7684 -0.769125 -0.765482 -0.760914 -0.765641 -0.761041 -0.758487 -0.759753 -0.764457 -0.761609 -0.769115 -0.766981 -0.764602 -0.771281 -0.779659 -0.78694 -0.777945 -0.777502 -0.771202 -0.7618 -0.755365 -0.760035 -0.761674 -0.765235 -0.770165 -0.762832 -0.764083 -0.757468 -0.758729 -0.762069 -0.760732 -0.762636 -0.768997 -0.778418 -0.782573 -0.780162 -0.782495 -0.780602 -0.775489 -0.770449 -0.766317 -0.766886 -0.768085 -0.764028 -0.765703 -0.77252 -0.777262 -0.789159 -0.798751 -0.795624 -0.795532 -0.788835 -0.78979 -0.780389 -0.773163 -0.775367 -0.786407 -0.787885 -0.798245 -0.809457 -0.804494 -0.803998 -0.793531 -0.790557 -0.795846 -0.778707</float_array><technique_common><accessor source="#hpl_mixamorigwLeftLeg-rotz-array" count="93" stride="1" /></technique_common></source>
      <source id="hpl_mixamorigwLeftLeg-roty"><float_array id="hpl_mixamorigwLeftLeg-roty-array" count="93">2.72312 2.71401 2.71852 2.72244 2.71803 2.71216 2.71739 2.71913 2.72255 2.72573 2.72346 2.72356 2.73131 2.73033 2.73532 2.73956 2.74161 2.73523 2.73778 2.73723 2.74397 2.744 2.73479 2.71793 2.70473 2.7076 2.71449 2.71357 2.70134 2.68852 2.68044 2.69222 2.6913 2.69499 2.6934 2.69128 2.69099 2.69126 2.68868 2.697 2.70544 2.71759 2.71578 2.71017 2.71131 2.72115 2.71972 2.72398 2.71654 2.70227 2.70029 2.69386 2.68692 2.68781 2.68218 2.68974 2.69101 2.69446 2.71201 2.7166 2.71489 2.70871 2.69046 2.68764 2.68949 2.6954 2.68421 2.67987 2.66599 2.65216 2.6444 2.6416 2.63988 2.64082 2.63957 2.64489 2.64701 2.6431 2.64765 2.65698 2.66862 2.68883 2.6981 2.70562 2.70435 2.69754 2.68664 2.68846 2.6906 2.7009 2.70808 2.71063 2.72312</float_array><technique_common><accessor source="#hpl_mixamorigwLeftLeg-roty-array" count="93" stride="1" /></technique_common></source>
      <source id="hpl_mixamorigwLeftLeg-rotx"><float_array id="hpl_mixamorigwLeftLeg-rotx-array" count="93">13.7561 13.7398 13.9345 13.8624 13.802 13.7638 13.7344 13.6262 13.6244 13.6022 13.6881 13.6976 13.7572 13.7086 13.5666 13.493 13.4937 13.5063 13.4169 13.3852 13.3816 13.2781 13.2291 13.1386 13.1737 13.2243 13.459 13.5129 13.498 13.4417 13.3375 13.3291 13.2723 13.3223 13.345 13.4531 13.4533 13.6197 13.5432 13.5193 13.6366 13.7795 13.8867 13.7288 13.6784 13.6455 13.5531 13.5179 13.6076 13.5478 13.6485 13.6758 13.546 13.4542 13.4518 13.534 13.6484 13.5887 13.6068 13.6631 13.7828 13.8303 13.7935 13.8538 13.9 13.8312 13.8006 13.7465 13.7446 13.7489 13.6818 13.7121 13.8451 13.915 14.0442 14.1527 14.0545 13.9999 13.9753 14.0491 14.0353 13.9962 14.0221 14.1763 14.1811 14.2727 14.3106 14.1792 14.1683 14.0739 14.1111 14.1367 13.7561</float_array><technique_common><accessor source="#hpl_mixamorigwLeftLeg-rotx-array" count="93" stride="1" /></technique_common></source>
      <sampler id="hpl_mixamorigwLeftLeg-trans-sampler"><input semantic="INPUT" source="#hpl_mixamorigwLeftLeg-time" /><input semantic="OUTPUT" source="#hpl_mixamorigwLeftLeg-trans" /></sampler><channel source="#hpl_mixamorigwLeftLeg-trans-sampler" target="mixamorigwLeftLeg/translate" />
      <sampler id="hpl_mixamorigwLeftLeg-rotz-sampler"><input semantic="INPUT" source="#hpl_mixamorigwLeftLeg-time" /><input semantic="OUTPUT" source="#hpl_mixamorigwLeftLeg-rotz" /></sampler><channel source="#hpl_mixamorigwLeftLeg-rotz-sampler" target="mixamorigwLeftLeg/rotateZ.ANGLE" />
      <sampler id="hpl_mixamorigwLeftLeg-roty-sampler"><input semantic="INPUT" source="#hpl_mixamorigwLeftLeg-time" /><input semantic="OUTPUT" source="#hpl_mixamorigwLeftLeg-roty" /></sampler><channel source="#hpl_mixamorigwLeftLeg-roty-sampler" target="mixamorigwLeftLeg/rotateY.ANGLE" />
      <sampler id="hpl_mixamorigwLeftLeg-rotx-sampler"><input semantic="INPUT" source="#hpl_mixamorigwLeftLeg-time" /><input semantic="OUTPUT" source="#hpl_mixamorigwLeftLeg-rotx" /></sampler><channel source="#hpl_mixamorigwLeftLeg-rotx-sampler" target="mixamorigwLeftLeg/rotateX.ANGLE" />
    </animation>
    <animation id="hpl_mixamorigwLeftFoot">
      <source id="hpl_mixamorigwLeftFoot-time"><float_array id="hpl_mixamorigwLeftFoot-time-array" count="93">0 1 2 3 4 5 6 7 8 9 10 11 12 13 14 15 16 17 18 19 20 21 22 23 24 25 26 27 28 29 30 31 32 33 34 35 36 37 38 39 40 41 42 43 44 45 46 47 48 49 50 51 52 53 54 55 56 57 58 59 60 61 62 63 64 65 66 67 68 69 70 71 72 73 74 75 76 77 78 79 80 81 82 83 84 85 86 87 88 89 90 91 92</float_array><technique_common><accessor source="#hpl_mixamorigwLeftFoot-time-array" count="93" stride="1" /></technique_common></source>
      <source id="hpl_mixamorigwLeftFoot-trans"><float_array id="hpl_mixamorigwLeftFoot-trans-array" count="279">-2.69963e-07 0.370117 9.45187e-08 -2.69963e-07 0.370117 9.45187e-08 -2.69963e-07 0.370117 9.45187e-08 -2.69963e-07 0.370117 9.45187e-08 -2.69963e-07 0.370117 9.45187e-08 -2.69963e-07 0.370117 9.45187e-08 -2.69963e-07 0.370117 9.45187e-08 -2.69963e-07 0.370117 9.45187e-08 -2.69963e-07 0.370117 9.45187e-08 -2.69963e-07 0.370117 9.45187e-08 -2.69963e-07 0.370117 9.45187e-08 -2.69963e-07 0.370117 9.45187e-08 -2.69963e-07 0.370117 9.45187e-08 -2.69963e-07 0.370117 9.45187e-08 -2.69963e-07 0.370117 9.45187e-08 -2.69963e-07 0.370117 9.45187e-08 -2.69963e-07 0.370117 9.45187e-08 -2.69963e-07 0.370117 9.45187e-08 -2.69963e-07 0.370117 9.45187e-08 -2.69963e-07 0.370117 9.45187e-08 -2.69963e-07 0.370117 9.45187e-08 -2.69963e-07 0.370117 9.45187e-08 -2.69963e-07 0.370117 9.45187e-08 -2.69963e-07 0.370117 9.45187e-08 -2.69963e-07 0.370117 9.45187e-08 -2.69963e-07 0.370117 9.45187e-08 -2.69963e-07 0.370117 9.45187e-08 -2.69963e-07 0.370117 9.45187e-08 -2.69963e-07 0.370117 9.45187e-08 -2.69963e-07 0.370117 9.45187e-08 -2.69963e-07 0.370117 9.45187e-08 -2.69963e-07 0.370117 9.45187e-08 -2.69963e-07 0.370117 9.45187e-08 -2.69963e-07 0.370117 9.45187e-08 -2.69963e-07 0.370117 9.45187e-08 -2.69963e-07 0.370117 9.45187e-08 -2.69963e-07 0.370117 9.45187e-08 -2.69963e-07 0.370117 9.45187e-08 -2.69963e-07 0.370117 9.45187e-08 -2.69963e-07 0.370117 9.45187e-08 -2.69963e-07 0.370117 9.45187e-08 -2.69963e-07 0.370117 9.45187e-08 -2.69963e-07 0.370117 9.45187e-08 -2.69963e-07 0.370117 9.45187e-08 -2.69963e-07 0.370117 9.45187e-08 -2.69963e-07 0.370117 9.45187e-08 -2.69963e-07 0.370117 9.45187e-08 -2.69963e-07 0.370117 9.45187e-08 -2.69963e-07 0.370117 9.45187e-08 -2.69963e-07 0.370117 9.45187e-08 -2.69963e-07 0.370117 9.45187e-08 -2.69963e-07 0.370117 9.45187e-08 -2.69963e-07 0.370117 9.45187e-08 -2.69963e-07 0.370117 9.45187e-08 -2.69963e-07 0.370117 9.45187e-08 -2.69963e-07 0.370117 9.45187e-08 -2.69963e-07 0.370117 9.45187e-08 -2.69963e-07 0.370117 9.45187e-08 -2.69963e-07 0.370117 9.45187e-08 -2.69963e-07 0.370117 9.45187e-08 -2.69963e-07 0.370117 9.45187e-08 -2.69963e-07 0.370117 9.45187e-08 -2.69963e-07 0.370117 9.45187e-08 -2.69963e-07 0.370117 9.45187e-08 -2.69963e-07 0.370117 9.45187e-08 -2.69963e-07 0.370117 9.45187e-08 -2.69963e-07 0.370117 9.45187e-08 -2.69963e-07 0.370117 9.45187e-08 -2.69963e-07 0.370117 9.45187e-08 -2.69963e-07 0.370117 9.45187e-08 -2.69963e-07 0.370117 9.45187e-08 -2.69963e-07 0.370117 9.45187e-08 -2.69963e-07 0.370117 9.45187e-08 -2.69963e-07 0.370117 9.45187e-08 -2.69963e-07 0.370117 9.45187e-08 -2.69963e-07 0.370117 9.45187e-08 -2.69963e-07 0.370117 9.45187e-08 -2.69963e-07 0.370117 9.45187e-08 -2.69963e-07 0.370117 9.45187e-08 -2.69963e-07 0.370117 9.45187e-08 -2.69963e-07 0.370117 9.45187e-08 -2.69963e-07 0.370117 9.45187e-08 -2.69963e-07 0.370117 9.45187e-08 -2.69963e-07 0.370117 9.45187e-08 -2.69963e-07 0.370117 9.45187e-08 -2.69963e-07 0.370117 9.45187e-08 -2.69963e-07 0.370117 9.45187e-08 -2.69963e-07 0.370117 9.45187e-08 -2.69963e-07 0.370117 9.45187e-08 -2.69963e-07 0.370117 9.45187e-08 -2.69963e-07 0.370117 9.45187e-08 -2.69963e-07 0.370117 9.45187e-08 -2.69963e-07 0.370117 9.45187e-08</float_array><technique_common><accessor source="#hpl_mixamorigwLeftFoot-trans-array" count="93" stride="3" /></technique_common></source>
      <source id="hpl_mixamorigwLeftFoot-rotz"><float_array id="hpl_mixamorigwLeftFoot-rotz-array" count="93">4.27898 4.26301 4.26655 4.25404 4.25302 4.28906 4.32098 4.33189 4.32808 4.3045 4.26366 4.23628 4.24493 4.25268 4.26591 4.27159 4.26447 4.25669 4.24982 4.23971 4.23916 4.25026 4.2534 4.2609 4.25931 4.26343 4.28105 4.28009 4.27705 4.2581 4.24156 4.23428 4.22755 4.22156 4.2204 4.23548 4.25655 4.2587 4.2414 4.22386 4.23022 4.25327 4.26381 4.26325 4.26637 4.26534 4.26604 4.27255 4.28923 4.29949 4.28844 4.26549 4.24492 4.24534 4.24328 4.2429 4.23844 4.24373 4.26123 4.28272 4.29893 4.37923 4.30987 4.39987 4.39536 4.39028 4.39129 4.32293 4.30827 4.29169 4.35212 4.33739 4.35457 4.40925 4.45459 4.39749 4.42871 4.40348 4.384 4.38217 4.39561 4.41803 4.44523 4.43404 4.44567 4.45921 4.50598 4.54511 4.57207 4.53899 4.5132 4.48539 4.27898</float_array><technique_common><accessor source="#hpl_mixamorigwLeftFoot-rotz-array" count="93" stride="1" /></technique_common></source>
      <source id="hpl_mixamorigwLeftFoot-roty"><float_array id="hpl_mixamorigwLeftFoot-roty-array" count="93">-0.332636 -0.337977 -0.310516 -0.302743 -0.290476 -0.289511 -0.291116 -0.292664 -0.283833 -0.260884 -0.247877 -0.276562 -0.301862 -0.299519 -0.279959 -0.263837 -0.273144 -0.283905 -0.308146 -0.320522 -0.31368 -0.311178 -0.290955 -0.27684 -0.265821 -0.271972 -0.275633 -0.30579 -0.326009 -0.348861 -0.38885 -0.421794 -0.432475 -0.451161 -0.454103 -0.447945 -0.440503 -0.439533 -0.438099 -0.449139 -0.44212 -0.457496 -0.498201 -0.535141 -0.547472 -0.55288 -0.544926 -0.520309 -0.501953 -0.487039 -0.47908 -0.468782 -0.470805 -0.478177 -0.488999 -0.469164 -0.411838 -0.353309 -0.323824 -0.302949 -0.300142 -0.296805 -0.326493 -0.327811 -0.35434 -0.394158 -0.429651 -0.474944 -0.496817 -0.505528 -0.491945 -0.48579 -0.481953 -0.496479 -0.513698 -0.538245 -0.535754 -0.547218 -0.55597 -0.562391 -0.571455 -0.579263 -0.547616 -0.507512 -0.486828 -0.463094 -0.444473 -0.415609 -0.376567 -0.321952 -0.284211 -0.258832 -0.332636</float_array><technique_common><accessor source="#hpl_mixamorigwLeftFoot-roty-array" count="93" stride="1" /></technique_common></source>
      <source id="hpl_mixamorigwLeftFoot-rotx"><float_array id="hpl_mixamorigwLeftFoot-rotx-array" count="93">-61.7687 -61.7691 -61.8584 -61.827 -61.8013 -61.7949 -61.7848 -61.7433 -61.7427 -61.7359 -61.7668 -61.773 -61.8018 -61.7765 -61.6996 -61.6551 -61.6442 -61.6516 -61.6069 -61.5814 -61.5806 -61.527 -61.5044 -61.4642 -61.4743 -61.5099 -61.6196 -61.6482 -61.6477 -61.6231 -61.5792 -61.5903 -61.5563 -61.5829 -61.5945 -61.6321 -61.6326 -61.6933 -61.66 -61.6423 -61.6821 -61.7338 -61.7695 -61.6965 -61.6634 -61.6393 -61.5932 -61.5653 -61.6052 -61.5724 -61.6299 -61.6465 -61.5909 -61.554 -61.5542 -61.5863 -61.6394 -61.6103 -61.6167 -61.6364 -61.6886 -61.6941 -61.6904 -61.7349 -61.7581 -61.7367 -61.7145 -61.6821 -61.6749 -61.6875 -61.6633 -61.6689 -61.737 -61.7835 -61.855 -61.8798 -61.8739 -61.8517 -61.8412 -61.8798 -61.8801 -61.8657 -61.8931 -61.9711 -62.0095 -62.0319 -62.0405 -61.9806 -61.9744 -61.9499 -61.964 -61.9892 -61.7687</float_array><technique_common><accessor source="#hpl_mixamorigwLeftFoot-rotx-array" count="93" stride="1" /></technique_common></source>
      <sampler id="hpl_mixamorigwLeftFoot-trans-sampler"><input semantic="INPUT" source="#hpl_mixamorigwLeftFoot-time" /><input semantic="OUTPUT" source="#hpl_mixamorigwLeftFoot-trans" /></sampler><channel source="#hpl_mixamorigwLeftFoot-trans-sampler" target="mixamorigwLeftFoot/translate" />
      <sampler id="hpl_mixamorigwLeftFoot-rotz-sampler"><input semantic="INPUT" source="#hpl_mixamorigwLeftFoot-time" /><input semantic="OUTPUT" source="#hpl_mixamorigwLeftFoot-rotz" /></sampler><channel source="#hpl_mixamorigwLeftFoot-rotz-sampler" target="mixamorigwLeftFoot/rotateZ.ANGLE" />
      <sampler id="hpl_mixamorigwLeftFoot-roty-sampler"><input semantic="INPUT" source="#hpl_mixamorigwLeftFoot-time" /><input semantic="OUTPUT" source="#hpl_mixamorigwLeftFoot-roty" /></sampler><channel source="#hpl_mixamorigwLeftFoot-roty-sampler" target="mixamorigwLeftFoot/rotateY.ANGLE" />
      <sampler id="hpl_mixamorigwLeftFoot-rotx-sampler"><input semantic="INPUT" source="#hpl_mixamorigwLeftFoot-time" /><input semantic="OUTPUT" source="#hpl_mixamorigwLeftFoot-rotx" /></sampler><channel source="#hpl_mixamorigwLeftFoot-rotx-sampler" target="mixamorigwLeftFoot/rotateX.ANGLE" />
    </animation>
    <animation id="hpl_mixamorigwLeftToeBase">
      <source id="hpl_mixamorigwLeftToeBase-time"><float_array id="hpl_mixamorigwLeftToeBase-time-array" count="93">0 1 2 3 4 5 6 7 8 9 10 11 12 13 14 15 16 17 18 19 20 21 22 23 24 25 26 27 28 29 30 31 32 33 34 35 36 37 38 39 40 41 42 43 44 45 46 47 48 49 50 51 52 53 54 55 56 57 58 59 60 61 62 63 64 65 66 67 68 69 70 71 72 73 74 75 76 77 78 79 80 81 82 83 84 85 86 87 88 89 90 91 92</float_array><technique_common><accessor source="#hpl_mixamorigwLeftToeBase-time-array" count="93" stride="1" /></technique_common></source>
      <source id="hpl_mixamorigwLeftToeBase-trans"><float_array id="hpl_mixamorigwLeftToeBase-trans-array" count="279">-1.43007e-07 0.174434 8.64634e-08 -1.43007e-07 0.174434 8.64634e-08 -1.43007e-07 0.174434 8.64634e-08 -1.43007e-07 0.174434 8.64634e-08 -1.43007e-07 0.174434 8.64634e-08 -1.43007e-07 0.174434 8.64634e-08 -1.43007e-07 0.174434 8.64634e-08 -1.43007e-07 0.174434 8.64634e-08 -1.43007e-07 0.174434 8.64634e-08 -1.43007e-07 0.174434 8.64634e-08 -1.43007e-07 0.174434 8.64634e-08 -1.43007e-07 0.174434 8.64634e-08 -1.43007e-07 0.174434 8.64634e-08 -1.43007e-07 0.174434 8.64634e-08 -1.43007e-07 0.174434 8.64634e-08 -1.43007e-07 0.174434 8.64634e-08 -1.43007e-07 0.174434 8.64634e-08 -1.43007e-07 0.174434 8.64634e-08 -1.43007e-07 0.174434 8.64634e-08 -1.43007e-07 0.174434 8.64634e-08 -1.43007e-07 0.174434 8.64634e-08 -1.43007e-07 0.174434 8.64634e-08 -1.43007e-07 0.174434 8.64634e-08 -1.43007e-07 0.174434 8.64634e-08 -1.43007e-07 0.174434 8.64634e-08 -1.43007e-07 0.174434 8.64634e-08 -1.43007e-07 0.174434 8.64634e-08 -1.43007e-07 0.174434 8.64634e-08 -1.43007e-07 0.174434 8.64634e-08 -1.43007e-07 0.174434 8.64634e-08 -1.43007e-07 0.174434 8.64634e-08 -1.43007e-07 0.174434 8.64634e-08 -1.43007e-07 0.174434 8.64634e-08 -1.43007e-07 0.174434 8.64634e-08 -1.43007e-07 0.174434 8.64634e-08 -1.43007e-07 0.174434 8.64634e-08 -1.43007e-07 0.174434 8.64634e-08 -1.43007e-07 0.174434 8.64634e-08 -1.43007e-07 0.174434 8.64634e-08 -1.43007e-07 0.174434 8.64634e-08 -1.43007e-07 0.174434 8.64634e-08 -1.43007e-07 0.174434 8.64634e-08 -1.43007e-07 0.174434 8.64634e-08 -1.43007e-07 0.174434 8.64634e-08 -1.43007e-07 0.174434 8.64634e-08 -1.43007e-07 0.174434 8.64634e-08 -1.43007e-07 0.174434 8.64634e-08 -1.43007e-07 0.174434 8.64634e-08 -1.43007e-07 0.174434 8.64634e-08 -1.43007e-07 0.174434 8.64634e-08 -1.43007e-07 0.174434 8.64634e-08 -1.43007e-07 0.174434 8.64634e-08 -1.43007e-07 0.174434 8.64634e-08 -1.43007e-07 0.174434 8.64634e-08 -1.43007e-07 0.174434 8.64634e-08 -1.43007e-07 0.174434 8.64634e-08 -1.43007e-07 0.174434 8.64634e-08 -1.43007e-07 0.174434 8.64634e-08 -1.43007e-07 0.174434 8.64634e-08 -1.43007e-07 0.174434 8.64634e-08 -1.43007e-07 0.174434 8.64634e-08 -1.43007e-07 0.174434 8.64634e-08 -1.43007e-07 0.174434 8.64634e-08 -1.43007e-07 0.174434 8.64634e-08 -1.43007e-07 0.174434 8.64634e-08 -1.43007e-07 0.174434 8.64634e-08 -1.43007e-07 0.174434 8.64634e-08 -1.43007e-07 0.174434 8.64634e-08 -1.43007e-07 0.174434 8.64634e-08 -1.43007e-07 0.174434 8.64634e-08 -1.43007e-07 0.174434 8.64634e-08 -1.43007e-07 0.174434 8.64634e-08 -1.43007e-07 0.174434 8.64634e-08 -1.43007e-07 0.174434 8.64634e-08 -1.43007e-07 0.174434 8.64634e-08 -1.43007e-07 0.174434 8.64634e-08 -1.43007e-07 0.174434 8.64634e-08 -1.43007e-07 0.174434 8.64634e-08 -1.43007e-07 0.174434 8.64634e-08 -1.43007e-07 0.174434 8.64634e-08 -1.43007e-07 0.174434 8.64634e-08 -1.43007e-07 0.174434 8.64634e-08 -1.43007e-07 0.174434 8.64634e-08 -1.43007e-07 0.174434 8.64634e-08 -1.43007e-07 0.174434 8.64634e-08 -1.43007e-07 0.174434 8.64634e-08 -1.43007e-07 0.174434 8.64634e-08 -1.43007e-07 0.174434 8.64634e-08 -1.43007e-07 0.174434 8.64634e-08 -1.43007e-07 0.174434 8.64634e-08 -1.43007e-07 0.174434 8.64634e-08 -1.43007e-07 0.174434 8.64634e-08 -1.43007e-07 0.174434 8.64634e-08</float_array><technique_common><accessor source="#hpl_mixamorigwLeftToeBase-trans-array" count="93" stride="3" /></technique_common></source>
      <source id="hpl_mixamorigwLeftToeBase-rotz"><float_array id="hpl_mixamorigwLeftToeBase-rotz-array" count="93">0.582311 0.582555 0.583202 0.585538 0.584883 0.583605 0.582757 0.587492 0.586816 0.581625 0.575859 0.575578 0.575845 0.584548 0.587997 0.589722 0.588307 0.589115 0.590082 0.594759 0.599344 0.599868 0.601858 0.597405 0.588565 0.587394 0.58431 0.591457 0.593443 0.595457 0.592264 0.593271 0.586629 0.587001 0.586892 0.589663 0.592812 0.597494 0.594949 0.595209 0.589387 0.588782 0.589763 0.591363 0.593303 0.595935 0.597477 0.601071 0.593391 0.585663 0.584797 0.582423 0.579394 0.579725 0.586361 0.586619 0.586827 0.586911 0.584944 0.582658 0.584631 0.584442 0.574847 0.573145 0.57547 0.580109 0.589248 0.591681 0.597663 0.594376 0.59037 0.593394 0.590567 0.588881 0.587222 0.588785 0.586642 0.590386 0.587286 0.582942 0.580358 0.58535 0.589326 0.592287 0.590651 0.582044 0.580828 0.580744 0.574551 0.571487 0.568824 0.568624 0.582311</float_array><technique_common><accessor source="#hpl_mixamorigwLeftToeBase-rotz-array" count="93" stride="1" /></technique_common></source>
      <source id="hpl_mixamorigwLeftToeBase-roty"><float_array id="hpl_mixamorigwLeftToeBase-roty-array" count="93">0.534886 0.537214 0.536742 0.536737 0.537502 0.536762 0.535825 0.541015 0.540889 0.53641 0.52967 0.527303 0.527352 0.5308 0.533215 0.53203 0.531287 0.528318 0.525183 0.527813 0.533005 0.535193 0.535319 0.530374 0.524226 0.525103 0.523489 0.528174 0.530223 0.532464 0.532362 0.538702 0.537974 0.537254 0.53509 0.532251 0.529892 0.532825 0.530395 0.534362 0.532586 0.535531 0.536468 0.533435 0.532401 0.534865 0.540695 0.544339 0.539782 0.531446 0.527151 0.524618 0.517622 0.516733 0.519957 0.518848 0.516904 0.515143 0.513084 0.515949 0.51659 0.516808 0.507101 0.504108 0.506053 0.513457 0.523867 0.528935 0.532783 0.531843 0.526133 0.525123 0.520565 0.517382 0.512022 0.510758 0.50803 0.510613 0.513236 0.514953 0.515422 0.518271 0.517033 0.515539 0.513567 0.506371 0.509016 0.506753 0.506584 0.502792 0.500635 0.503278 0.534886</float_array><technique_common><accessor source="#hpl_mixamorigwLeftToeBase-roty-array" count="93" stride="1" /></technique_common></source>
      <source id="hpl_mixamorigwLeftToeBase-rotx"><float_array id="hpl_mixamorigwLeftToeBase-rotx-array" count="93">-40.9158 -40.9031 -40.9051 -40.9011 -40.8898 -40.8954 -40.8978 -40.9075 -40.9022 -40.9 -40.9068 -40.9106 -40.9094 -40.9258 -40.945 -40.9677 -40.9812 -41.0084 -41.0397 -41.0464 -41.0409 -41.0368 -41.0206 -41.0205 -41.0088 -41.0009 -41.0022 -41.0027 -41.0013 -40.988 -40.9636 -40.9397 -40.9036 -40.8953 -40.9116 -40.9337 -40.9471 -40.9476 -40.9511 -40.9396 -40.9438 -40.9459 -40.964 -40.9899 -41.0086 -40.9999 -40.9747 -40.9546 -40.9459 -40.9516 -40.9574 -40.9674 -40.9919 -41.0108 -41.0202 -41.0476 -41.0745 -41.0915 -41.0925 -41.0747 -41.0679 -41.0403 -41.0281 -41.0299 -41.018 -41.0153 -41.0165 -41.01 -41.0073 -41.0196 -41.0321 -41.0513 -41.0564 -41.0555 -41.0797 -41.1003 -41.1108 -41.0973 -41.0717 -41.0441 -41.0392 -41.0513 -41.0748 -41.0678 -41.0285 -40.9852 -40.9457 -40.9397 -40.9327 -40.9434 -40.9651 -40.9792 -40.9158</float_array><technique_common><accessor source="#hpl_mixamorigwLeftToeBase-rotx-array" count="93" stride="1" /></technique_common></source>
      <sampler id="hpl_mixamorigwLeftToeBase-trans-sampler"><input semantic="INPUT" source="#hpl_mixamorigwLeftToeBase-time" /><input semantic="OUTPUT" source="#hpl_mixamorigwLeftToeBase-trans" /></sampler><channel source="#hpl_mixamorigwLeftToeBase-trans-sampler" target="mixamorigwLeftToeBase/translate" />
      <sampler id="hpl_mixamorigwLeftToeBase-rotz-sampler"><input semantic="INPUT" source="#hpl_mixamorigwLeftToeBase-time" /><input semantic="OUTPUT" source="#hpl_mixamorigwLeftToeBase-rotz" /></sampler><channel source="#hpl_mixamorigwLeftToeBase-rotz-sampler" target="mixamorigwLeftToeBase/rotateZ.ANGLE" />
      <sampler id="hpl_mixamorigwLeftToeBase-roty-sampler"><input semantic="INPUT" source="#hpl_mixamorigwLeftToeBase-time" /><input semantic="OUTPUT" source="#hpl_mixamorigwLeftToeBase-roty" /></sampler><channel source="#hpl_mixamorigwLeftToeBase-roty-sampler" target="mixamorigwLeftToeBase/rotateY.ANGLE" />
      <sampler id="hpl_mixamorigwLeftToeBase-rotx-sampler"><input semantic="INPUT" source="#hpl_mixamorigwLeftToeBase-time" /><input semantic="OUTPUT" source="#hpl_mixamorigwLeftToeBase-rotx" /></sampler><channel source="#hpl_mixamorigwLeftToeBase-rotx-sampler" target="mixamorigwLeftToeBase/rotateX.ANGLE" />
    </animation>
    <animation id="hpl_mixamorigwRightUpLeg">
      <source id="hpl_mixamorigwRightUpLeg-time"><float_array id="hpl_mixamorigwRightUpLeg-time-array" count="93">0 1 2 3 4 5 6 7 8 9 10 11 12 13 14 15 16 17 18 19 20 21 22 23 24 25 26 27 28 29 30 31 32 33 34 35 36 37 38 39 40 41 42 43 44 45 46 47 48 49 50 51 52 53 54 55 56 57 58 59 60 61 62 63 64 65 66 67 68 69 70 71 72 73 74 75 76 77 78 79 80 81 82 83 84 85 86 87 88 89 90 91 92</float_array><technique_common><accessor source="#hpl_mixamorigwRightUpLeg-time-array" count="93" stride="1" /></technique_common></source>
      <source id="hpl_mixamorigwRightUpLeg-trans"><float_array id="hpl_mixamorigwRightUpLeg-trans-array" count="279">-0.0945823 -0.0921287 -0.0283666 -0.0945823 -0.0921287 -0.0283666 -0.0945823 -0.0921287 -0.0283666 -0.0945823 -0.0921287 -0.0283666 -0.0945823 -0.0921287 -0.0283666 -0.0945823 -0.0921287 -0.0283666 -0.0945823 -0.0921287 -0.0283666 -0.0945823 -0.0921287 -0.0283666 -0.0945823 -0.0921287 -0.0283666 -0.0945823 -0.0921287 -0.0283666 -0.0945823 -0.0921287 -0.0283666 -0.0945823 -0.0921287 -0.0283666 -0.0945823 -0.0921287 -0.0283666 -0.0945823 -0.0921287 -0.0283666 -0.0945823 -0.0921287 -0.0283666 -0.0945823 -0.0921287 -0.0283666 -0.0945823 -0.0921287 -0.0283666 -0.0945823 -0.0921287 -0.0283666 -0.0945823 -0.0921287 -0.0283666 -0.0945823 -0.0921287 -0.0283666 -0.0945823 -0.0921287 -0.0283666 -0.0945823 -0.0921287 -0.0283666 -0.0945823 -0.0921287 -0.0283666 -0.0945823 -0.0921287 -0.0283666 -0.0945823 -0.0921287 -0.0283666 -0.0945823 -0.0921287 -0.0283666 -0.0945823 -0.0921287 -0.0283666 -0.0945823 -0.0921287 -0.0283666 -0.0945823 -0.0921287 -0.0283666 -0.0945823 -0.0921287 -0.0283666 -0.0945823 -0.0921287 -0.0283666 -0.0945823 -0.0921287 -0.0283666 -0.0945823 -0.0921287 -0.0283666 -0.0945823 -0.0921287 -0.0283666 -0.0945823 -0.0921287 -0.0283666 -0.0945823 -0.0921287 -0.0283666 -0.0945823 -0.0921287 -0.0283666 -0.0945823 -0.0921287 -0.0283666 -0.0945823 -0.0921287 -0.0283666 -0.0945823 -0.0921287 -0.0283666 -0.0945823 -0.0921287 -0.0283666 -0.0945823 -0.0921287 -0.0283666 -0.0945823 -0.0921287 -0.0283666 -0.0945823 -0.0921287 -0.0283666 -0.0945823 -0.0921287 -0.0283666 -0.0945823 -0.0921287 -0.0283666 -0.0945823 -0.0921287 -0.0283666 -0.0945823 -0.0921287 -0.0283666 -0.0945823 -0.0921287 -0.0283666 -0.0945823 -0.0921287 -0.0283666 -0.0945823 -0.0921287 -0.0283666 -0.0945823 -0.0921287 -0.0283666 -0.0945823 -0.0921287 -0.0283666 -0.0945823 -0.0921287 -0.0283666 -0.0945823 -0.0921287 -0.0283666 -0.0945823 -0.0921287 -0.0283666 -0.0945823 -0.0921287 -0.0283666 -0.0945823 -0.0921287 -0.0283666 -0.0945823 -0.0921287 -0.0283666 -0.0945823 -0.0921287 -0.0283666 -0.0945823 -0.0921287 -0.0283666 -0.0945823 -0.0921287 -0.0283666 -0.0945823 -0.0921287 -0.0283666 -0.0945823 -0.0921287 -0.0283666 -0.0945823 -0.0921287 -0.0283666 -0.0945823 -0.0921287 -0.0283666 -0.0945823 -0.0921287 -0.0283666 -0.0945823 -0.0921287 -0.0283666 -0.0945823 -0.0921287 -0.0283666 -0.0945823 -0.0921287 -0.0283666 -0.0945823 -0.0921287 -0.0283666 -0.0945823 -0.0921287 -0.0283666 -0.0945823 -0.0921287 -0.0283666 -0.0945823 -0.0921287 -0.0283666 -0.0945823 -0.0921287 -0.0283666 -0.0945823 -0.0921287 -0.0283666 -0.0945823 -0.0921287 -0.0283666 -0.0945823 -0.0921287 -0.0283666 -0.0945823 -0.0921287 -0.0283666 -0.0945823 -0.0921287 -0.0283666 -0.0945823 -0.0921287 -0.0283666 -0.0945823 -0.0921287 -0.0283666 -0.0945823 -0.0921287 -0.0283666 -0.0945823 -0.0921287 -0.0283666 -0.0945823 -0.0921287 -0.0283666 -0.0945823 -0.0921287 -0.0283666 -0.0945823 -0.0921287 -0.0283666 -0.0945823 -0.0921287 -0.0283666 -0.0945823 -0.0921287 -0.0283666 -0.0945823 -0.0921287 -0.0283666 -0.0945823 -0.0921287 -0.0283666 -0.0945823 -0.0921287 -0.0283666 -0.0945823 -0.0921287 -0.0283666</float_array><technique_common><accessor source="#hpl_mixamorigwRightUpLeg-trans-array" count="93" stride="3" /></technique_common></source>
      <source id="hpl_mixamorigwRightUpLeg-rotz"><float_array id="hpl_mixamorigwRightUpLeg-rotz-array" count="93">-3.57906 -3.57687 -3.55783 -3.55723 -3.55355 -3.5704 -3.57109 -3.58069 -3.58158 -3.5809 -3.56948 -3.5698 -3.55828 -3.57403 -3.57 -3.5659 -3.55713 -3.56152 -3.56356 -3.56275 -3.55827 -3.56173 -3.55557 -3.54814 -3.5461 -3.5396 -3.52025 -3.50323 -3.4949 -3.48717 -3.48246 -3.48814 -3.5098 -3.51709 -3.5343 -3.54237 -3.53991 -3.53346 -3.53935 -3.5245 -3.51013 -3.49001 -3.47158 -3.4716 -3.46815 -3.463 -3.45187 -3.44073 -3.43157 -3.43927 -3.44504 -3.44687 -3.44273 -3.43009 -3.41296 -3.40514 -3.42014 -3.44477 -3.47014 -3.47652 -3.45918 -3.42717 -3.39571 -3.37376 -3.3452 -3.31405 -3.30281 -3.29757 -3.30565 -3.30355 -3.29648 -3.29718 -3.30294 -3.31058 -3.30593 -3.29203 -3.28163 -3.27449 -3.25993 -3.2418 -3.22621 -3.20354 -3.1456 -3.13067 -3.13838 -3.15751 -3.18312 -3.20613 -3.20056 -3.20219 -3.17281 -3.1658 -3.57906</float_array><technique_common><accessor source="#hpl_mixamorigwRightUpLeg-rotz-array" count="93" stride="1" /></technique_common></source>
      <source id="hpl_mixamorigwRightUpLeg-roty"><float_array id="hpl_mixamorigwRightUpLeg-roty-array" count="93">-4.62804 -4.60775 -4.60358 -4.59341 -4.58316 -4.59789 -4.58806 -4.58777 -4.58482 -4.58367 -4.57516 -4.57148 -4.57336 -4.60598 -4.60805 -4.6022 -4.59656 -4.61652 -4.63171 -4.65804 -4.67812 -4.69352 -4.69325 -4.6911 -4.69046 -4.68479 -4.67503 -4.6602 -4.65182 -4.63867 -4.63065 -4.63384 -4.64911 -4.65116 -4.66806 -4.68936 -4.69512 -4.69972 -4.69916 -4.67251 -4.65935 -4.65171 -4.63885 -4.61368 -4.59253 -4.56814 -4.54052 -4.5091 -4.50265 -4.52515 -4.54661 -4.5658 -4.55786 -4.52114 -4.47321 -4.46176 -4.48304 -4.50286 -4.53682 -4.55088 -4.54016 -4.5123 -4.48009 -4.46532 -4.44386 -4.40173 -4.39479 -4.39278 -4.40037 -4.39905 -4.38319 -4.39874 -4.42485 -4.44916 -4.46525 -4.47086 -4.46234 -4.45416 -4.42092 -4.39111 -4.35255 -4.30634 -4.34421 -4.35465 -4.36724 -4.41569 -4.46312 -4.48342 -4.48753 -4.45995 -4.46588 -4.48459 -4.62804</float_array><technique_common><accessor source="#hpl_mixamorigwRightUpLeg-roty-array" count="93" stride="1" /></technique_common></source>
      <source id="hpl_mixamorigwRightUpLeg-rotx"><float_array id="hpl_mixamorigwRightUpLeg-rotx-array" count="93">-148.74 -148.692 -148.768 -148.692 -148.649 -148.63 -148.63 -148.573 -148.556 -148.528 -148.581 -148.605 -148.634 -148.61 -148.548 -148.502 -148.5 -148.511 -148.486 -148.487 -148.514 -148.443 -148.432 -148.37 -148.39 -148.441 -148.578 -148.589 -148.544 -148.482 -148.392 -148.383 -148.366 -148.395 -148.417 -148.467 -148.463 -148.552 -148.525 -148.534 -148.616 -148.725 -148.816 -148.746 -148.74 -148.725 -148.683 -148.652 -148.695 -148.645 -148.691 -148.682 -148.586 -148.506 -148.499 -148.524 -148.575 -148.524 -148.513 -148.514 -148.577 -148.594 -148.559 -148.629 -148.69 -148.652 -148.647 -148.624 -148.631 -148.669 -148.675 -148.741 -148.841 -148.896 -148.972 -148.999 -148.942 -148.922 -148.936 -149.01 -149.02 -149.029 -148.976 -149.045 -148.986 -149.045 -149.069 -148.983 -148.979 -148.911 -148.924 -148.91 -148.74</float_array><technique_common><accessor source="#hpl_mixamorigwRightUpLeg-rotx-array" count="93" stride="1" /></technique_common></source>
      <sampler id="hpl_mixamorigwRightUpLeg-trans-sampler"><input semantic="INPUT" source="#hpl_mixamorigwRightUpLeg-time" /><input semantic="OUTPUT" source="#hpl_mixamorigwRightUpLeg-trans" /></sampler><channel source="#hpl_mixamorigwRightUpLeg-trans-sampler" target="mixamorigwRightUpLeg/translate" />
      <sampler id="hpl_mixamorigwRightUpLeg-rotz-sampler"><input semantic="INPUT" source="#hpl_mixamorigwRightUpLeg-time" /><input semantic="OUTPUT" source="#hpl_mixamorigwRightUpLeg-rotz" /></sampler><channel source="#hpl_mixamorigwRightUpLeg-rotz-sampler" target="mixamorigwRightUpLeg/rotateZ.ANGLE" />
      <sampler id="hpl_mixamorigwRightUpLeg-roty-sampler"><input semantic="INPUT" source="#hpl_mixamorigwRightUpLeg-time" /><input semantic="OUTPUT" source="#hpl_mixamorigwRightUpLeg-roty" /></sampler><channel source="#hpl_mixamorigwRightUpLeg-roty-sampler" target="mixamorigwRightUpLeg/rotateY.ANGLE" />
      <sampler id="hpl_mixamorigwRightUpLeg-rotx-sampler"><input semantic="INPUT" source="#hpl_mixamorigwRightUpLeg-time" /><input semantic="OUTPUT" source="#hpl_mixamorigwRightUpLeg-rotx" /></sampler><channel source="#hpl_mixamorigwRightUpLeg-rotx-sampler" target="mixamorigwRightUpLeg/rotateX.ANGLE" />
    </animation>
    <animation id="hpl_mixamorigwRightLeg">
      <source id="hpl_mixamorigwRightLeg-time"><float_array id="hpl_mixamorigwRightLeg-time-array" count="93">0 1 2 3 4 5 6 7 8 9 10 11 12 13 14 15 16 17 18 19 20 21 22 23 24 25 26 27 28 29 30 31 32 33 34 35 36 37 38 39 40 41 42 43 44 45 46 47 48 49 50 51 52 53 54 55 56 57 58 59 60 61 62 63 64 65 66 67 68 69 70 71 72 73 74 75 76 77 78 79 80 81 82 83 84 85 86 87 88 89 90 91 92</float_array><technique_common><accessor source="#hpl_mixamorigwRightLeg-time-array" count="93" stride="1" /></technique_common></source>
      <source id="hpl_mixamorigwRightLeg-trans"><float_array id="hpl_mixamorigwRightLeg-trans-array" count="279">-4.47169e-08 0.367192 2.558e-07 -4.47169e-08 0.367192 2.558e-07 -4.47169e-08 0.367192 2.558e-07 -4.47169e-08 0.367192 2.558e-07 -4.47169e-08 0.367192 2.558e-07 -4.47169e-08 0.367192 2.558e-07 -4.47169e-08 0.367192 2.558e-07 -4.47169e-08 0.367192 2.558e-07 -4.47169e-08 0.367192 2.558e-07 -4.47169e-08 0.367192 2.558e-07 -4.47169e-08 0.367192 2.558e-07 -4.47169e-08 0.367192 2.558e-07 -4.47169e-08 0.367192 2.558e-07 -4.47169e-08 0.367192 2.558e-07 -4.47169e-08 0.367192 2.558e-07 -4.47169e-08 0.367192 2.558e-07 -4.47169e-08 0.367192 2.558e-07 -4.47169e-08 0.367192 2.558e-07 -4.47169e-08 0.367192 2.558e-07 -4.47169e-08 0.367192 2.558e-07 -4.47169e-08 0.367192 2.558e-07 -4.47169e-08 0.367192 2.558e-07 -4.47169e-08 0.367192 2.558e-07 -4.47169e-08 0.367192 2.558e-07 -4.47169e-08 0.367192 2.558e-07 -4.47169e-08 0.367192 2.558e-07 -4.47169e-08 0.367192 2.558e-07 -4.47169e-08 0.367192 2.558e-07 -4.47169e-08 0.367192 2.558e-07 -4.47169e-08 0.367192 2.558e-07 -4.47169e-08 0.367192 2.558e-07 -4.47169e-08 0.367192 2.558e-07 -4.47169e-08 0.367192 2.558e-07 -4.47169e-08 0.367192 2.558e-07 -4.47169e-08 0.367192 2.558e-07 -4.47169e-08 0.367192 2.558e-07 -4.47169e-08 0.367192 2.558e-07 -4.47169e-08 0.367192 2.558e-07 -4.47169e-08 0.367192 2.558e-07 -4.47169e-08 0.367192 2.558e-07 -4.47169e-08 0.367192 2.558e-07 -4.47169e-08 0.367192 2.558e-07 -4.47169e-08 0.367192 2.558e-07 -4.47169e-08 0.367192 2.558e-07 -4.47169e-08 0.367192 2.558e-07 -4.47169e-08 0.367192 2.558e-07 -4.47169e-08 0.367192 2.558e-07 -4.47169e-08 0.367192 2.558e-07 -4.47169e-08 0.367192 2.558e-07 -4.47169e-08 0.367192 2.558e-07 -4.47169e-08 0.367192 2.558e-07 -4.47169e-08 0.367192 2.558e-07 -4.47169e-08 0.367192 2.558e-07 -4.47169e-08 0.367192 2.558e-07 -4.47169e-08 0.367192 2.558e-07 -4.47169e-08 0.367192 2.558e-07 -4.47169e-08 0.367192 2.558e-07 -4.47169e-08 0.367192 2.558e-07 -4.47169e-08 0.367192 2.558e-07 -4.47169e-08 0.367192 2.558e-07 -4.47169e-08 0.367192 2.558e-07 -4.47169e-08 0.367192 2.558e-07 -4.47169e-08 0.367192 2.558e-07 -4.47169e-08 0.367192 2.558e-07 -4.47169e-08 0.367192 2.558e-07 -4.47169e-08 0.367192 2.558e-07 -4.47169e-08 0.367192 2.558e-07 -4.47169e-08 0.367192 2.558e-07 -4.47169e-08 0.367192 2.558e-07 -4.47169e-08 0.367192 2.558e-07 -4.47169e-08 0.367192 2.558e-07 -4.47169e-08 0.367192 2.558e-07 -4.47169e-08 0.367192 2.558e-07 -4.47169e-08 0.367192 2.558e-07 -4.47169e-08 0.367192 2.558e-07 -4.47169e-08 0.367192 2.558e-07 -4.47169e-08 0.367192 2.558e-07 -4.47169e-08 0.367192 2.558e-07 -4.47169e-08 0.367192 2.558e-07 -4.47169e-08 0.367192 2.558e-07 -4.47169e-08 0.367192 2.558e-07 -4.47169e-08 0.367192 2.558e-07 -4.47169e-08 0.367192 2.558e-07 -4.47169e-08 0.367192 2.558e-07 -4.47169e-08 0.367192 2.558e-07 -4.47169e-08 0.367192 2.558e-07 -4.47169e-08 0.367192 2.558e-07 -4.47169e-08 0.367192 2.558e-07 -4.47169e-08 0.367192 2.558e-07 -4.47169e-08 0.367192 2.558e-07 -4.47169e-08 0.367192 2.558e-07 -4.47169e-08 0.367192 2.558e-07 -4.47169e-08 0.367192 2.558e-07</float_array><technique_common><accessor source="#hpl_mixamorigwRightLeg-trans-array" count="93" stride="3" /></technique_common></source>
      <source id="hpl_mixamorigwRightLeg-rotz"><float_array id="hpl_mixamorigwRightLeg-rotz-array" count="93">0.624298 0.623731 0.63417 0.625711 0.621741 0.612761 0.611068 0.606362 0.605965 0.605827 0.609166 0.607952 0.607467 0.603733 0.596965 0.591736 0.59216 0.588026 0.583034 0.586288 0.591704 0.585426 0.580538 0.571045 0.56549 0.568688 0.577053 0.582167 0.581388 0.575136 0.569533 0.571826 0.568137 0.571492 0.572641 0.575373 0.572249 0.582702 0.581403 0.585758 0.592672 0.598748 0.60127 0.59027 0.587342 0.586306 0.580017 0.577985 0.58082 0.580316 0.590858 0.595744 0.588891 0.582189 0.579057 0.579701 0.580675 0.577351 0.576954 0.574497 0.578198 0.583898 0.581622 0.585356 0.591095 0.584016 0.580888 0.575108 0.573813 0.579231 0.577825 0.583273 0.587265 0.589043 0.592867 0.598593 0.597431 0.598947 0.60489 0.609068 0.604826 0.604062 0.605339 0.616534 0.619041 0.625419 0.629991 0.627746 0.628206 0.627074 0.632878 0.635843 0.624298</float_array><technique_common><accessor source="#hpl_mixamorigwRightLeg-rotz-array" count="93" stride="1" /></technique_common></source>
      <source id="hpl_mixamorigwRightLeg-roty"><float_array id="hpl_mixamorigwRightLeg-roty-array" count="93">-3.42704 -3.41998 -3.42191 -3.40703 -3.39957 -3.396 -3.39242 -3.40081 -3.40132 -3.39718 -3.39614 -3.38782 -3.38434 -3.38863 -3.38676 -3.38578 -3.37752 -3.37655 -3.38208 -3.38882 -3.3877 -3.39299 -3.38948 -3.39319 -3.3931 -3.39209 -3.38875 -3.3799 -3.37759 -3.38173 -3.377 -3.372 -3.36782 -3.36528 -3.37426 -3.38556 -3.39046 -3.39014 -3.38634 -3.38329 -3.38657 -3.38982 -3.4027 -3.39091 -3.38523 -3.3779 -3.38349 -3.38692 -3.38958 -3.40428 -3.40933 -3.40818 -3.40283 -3.40351 -3.38499 -3.38355 -3.3811 -3.37881 -3.38459 -3.38778 -3.38623 -3.38669 -3.37695 -3.37772 -3.38204 -3.38784 -3.39427 -3.39477 -3.38171 -3.37534 -3.35946 -3.36749 -3.37474 -3.38088 -3.39726 -3.40263 -3.39579 -3.39208 -3.3838 -3.38471 -3.3839 -3.38153 -3.38909 -3.39955 -3.40481 -3.39705 -3.39962 -3.39291 -3.39447 -3.3947 -3.40016 -3.39994 -3.42704</float_array><technique_common><accessor source="#hpl_mixamorigwRightLeg-roty-array" count="93" stride="1" /></technique_common></source>
      <source id="hpl_mixamorigwRightLeg-rotx"><float_array id="hpl_mixamorigwRightLeg-rotx-array" count="93">13.2064 13.1557 13.3336 13.207 13.1155 13.0629 13.0375 12.9224 12.898 12.8307 12.9198 12.9561 13.0051 12.9385 12.7782 12.6616 12.661 12.6612 12.556 12.5148 12.5234 12.3794 12.3588 12.2398 12.2787 12.3786 12.6521 12.6909 12.6355 12.5517 12.4001 12.3812 12.3296 12.4004 12.4477 12.55 12.5231 12.6702 12.5804 12.5577 12.685 12.8446 12.984 12.8218 12.7898 12.7584 12.6569 12.6088 12.7104 12.6206 12.7293 12.7268 12.554 12.4059 12.414 12.4821 12.596 12.5071 12.5099 12.5378 12.6887 12.7456 12.6661 12.7488 12.8185 12.7107 12.6785 12.6275 12.6232 12.6678 12.6295 12.7106 12.8705 12.9537 13.0767 13.1327 13.0006 12.9514 12.9712 13.1018 13.1241 13.1317 13.1634 13.3247 13.3085 13.4086 13.4855 13.3456 13.3508 13.2469 13.2791 13.2981 13.2064</float_array><technique_common><accessor source="#hpl_mixamorigwRightLeg-rotx-array" count="93" stride="1" /></technique_common></source>
      <sampler id="hpl_mixamorigwRightLeg-trans-sampler"><input semantic="INPUT" source="#hpl_mixamorigwRightLeg-time" /><input semantic="OUTPUT" source="#hpl_mixamorigwRightLeg-trans" /></sampler><channel source="#hpl_mixamorigwRightLeg-trans-sampler" target="mixamorigwRightLeg/translate" />
      <sampler id="hpl_mixamorigwRightLeg-rotz-sampler"><input semantic="INPUT" source="#hpl_mixamorigwRightLeg-time" /><input semantic="OUTPUT" source="#hpl_mixamorigwRightLeg-rotz" /></sampler><channel source="#hpl_mixamorigwRightLeg-rotz-sampler" target="mixamorigwRightLeg/rotateZ.ANGLE" />
      <sampler id="hpl_mixamorigwRightLeg-roty-sampler"><input semantic="INPUT" source="#hpl_mixamorigwRightLeg-time" /><input semantic="OUTPUT" source="#hpl_mixamorigwRightLeg-roty" /></sampler><channel source="#hpl_mixamorigwRightLeg-roty-sampler" target="mixamorigwRightLeg/rotateY.ANGLE" />
      <sampler id="hpl_mixamorigwRightLeg-rotx-sampler"><input semantic="INPUT" source="#hpl_mixamorigwRightLeg-time" /><input semantic="OUTPUT" source="#hpl_mixamorigwRightLeg-rotx" /></sampler><channel source="#hpl_mixamorigwRightLeg-rotx-sampler" target="mixamorigwRightLeg/rotateX.ANGLE" />
    </animation>
    <animation id="hpl_mixamorigwRightFoot">
      <source id="hpl_mixamorigwRightFoot-time"><float_array id="hpl_mixamorigwRightFoot-time-array" count="93">0 1 2 3 4 5 6 7 8 9 10 11 12 13 14 15 16 17 18 19 20 21 22 23 24 25 26 27 28 29 30 31 32 33 34 35 36 37 38 39 40 41 42 43 44 45 46 47 48 49 50 51 52 53 54 55 56 57 58 59 60 61 62 63 64 65 66 67 68 69 70 71 72 73 74 75 76 77 78 79 80 81 82 83 84 85 86 87 88 89 90 91 92</float_array><technique_common><accessor source="#hpl_mixamorigwRightFoot-time-array" count="93" stride="1" /></technique_common></source>
      <source id="hpl_mixamorigwRightFoot-trans"><float_array id="hpl_mixamorigwRightFoot-trans-array" count="279">-6.19872e-08 0.373775 2.85636e-07 -6.19872e-08 0.373775 2.85636e-07 -6.19872e-08 0.373775 2.85636e-07 -6.19872e-08 0.373775 2.85636e-07 -6.19872e-08 0.373775 2.85636e-07 -6.19872e-08 0.373775 2.85636e-07 -6.19872e-08 0.373775 2.85636e-07 -6.19872e-08 0.373775 2.85636e-07 -6.19872e-08 0.373775 2.85636e-07 -6.19872e-08 0.373775 2.85636e-07 -6.19872e-08 0.373775 2.85636e-07 -6.19872e-08 0.373775 2.85636e-07 -6.19872e-08 0.373775 2.85636e-07 -6.19872e-08 0.373775 2.85636e-07 -6.19872e-08 0.373775 2.85636e-07 -6.19872e-08 0.373775 2.85636e-07 -6.19872e-08 0.373775 2.85636e-07 -6.19872e-08 0.373775 2.85636e-07 -6.19872e-08 0.373775 2.85636e-07 -6.19872e-08 0.373775 2.85636e-07 -6.19872e-08 0.373775 2.85636e-07 -6.19872e-08 0.373775 2.85636e-07 -6.19872e-08 0.373775 2.85636e-07 -6.19872e-08 0.373775 2.85636e-07 -6.19872e-08 0.373775 2.85636e-07 -6.19872e-08 0.373775 2.85636e-07 -6.19872e-08 0.373775 2.85636e-07 -6.19872e-08 0.373775 2.85636e-07 -6.19872e-08 0.373775 2.85636e-07 -6.19872e-08 0.373775 2.85636e-07 -6.19872e-08 0.373775 2.85636e-07 -6.19872e-08 0.373775 2.85636e-07 -6.19872e-08 0.373775 2.85636e-07 -6.19872e-08 0.373775 2.85636e-07 -6.19872e-08 0.373775 2.85636e-07 -6.19872e-08 0.373775 2.85636e-07 -6.19872e-08 0.373775 2.85636e-07 -6.19872e-08 0.373775 2.85636e-07 -6.19872e-08 0.373775 2.85636e-07 -6.19872e-08 0.373775 2.85636e-07 -6.19872e-08 0.373775 2.85636e-07 -6.19872e-08 0.373775 2.85636e-07 -6.19872e-08 0.373775 2.85636e-07 -6.19872e-08 0.373775 2.85636e-07 -6.19872e-08 0.373775 2.85636e-07 -6.19872e-08 0.373775 2.85636e-07 -6.19872e-08 0.373775 2.85636e-07 -6.19872e-08 0.373775 2.85636e-07 -6.19872e-08 0.373775 2.85636e-07 -6.19872e-08 0.373775 2.85636e-07 -6.19872e-08 0.373775 2.85636e-07 -6.19872e-08 0.373775 2.85636e-07 -6.19872e-08 0.373775 2.85636e-07 -6.19872e-08 0.373775 2.85636e-07 -6.19872e-08 0.373775 2.85636e-07 -6.19872e-08 0.373775 2.85636e-07 -6.19872e-08 0.373775 2.85636e-07 -6.19872e-08 0.373775 2.85636e-07 -6.19872e-08 0.373775 2.85636e-07 -6.19872e-08 0.373775 2.85636e-07 -6.19872e-08 0.373775 2.85636e-07 -6.19872e-08 0.373775 2.85636e-07 -6.19872e-08 0.373775 2.85636e-07 -6.19872e-08 0.373775 2.85636e-07 -6.19872e-08 0.373775 2.85636e-07 -6.19872e-08 0.373775 2.85636e-07 -6.19872e-08 0.373775 2.85636e-07 -6.19872e-08 0.373775 2.85636e-07 -6.19872e-08 0.373775 2.85636e-07 -6.19872e-08 0.373775 2.85636e-07 -6.19872e-08 0.373775 2.85636e-07 -6.19872e-08 0.373775 2.85636e-07 -6.19872e-08 0.373775 2.85636e-07 -6.19872e-08 0.373775 2.85636e-07 -6.19872e-08 0.373775 2.85636e-07 -6.19872e-08 0.373775 2.85636e-07 -6.19872e-08 0.373775 2.85636e-07 -6.19872e-08 0.373775 2.85636e-07 -6.19872e-08 0.373775 2.85636e-07 -6.19872e-08 0.373775 2.85636e-07 -6.19872e-08 0.373775 2.85636e-07 -6.19872e-08 0.373775 2.85636e-07 -6.19872e-08 0.373775 2.85636e-07 -6.19872e-08 0.373775 2.85636e-07 -6.19872e-08 0.373775 2.85636e-07 -6.19872e-08 0.373775 2.85636e-07 -6.19872e-08 0.373775 2.85636e-07 -6.19872e-08 0.373775 2.85636e-07 -6.19872e-08 0.373775 2.85636e-07 -6.19872e-08 0.373775 2.85636e-07 -6.19872e-08 0.373775 2.85636e-07 -6.19872e-08 0.373775 2.85636e-07 -6.19872e-08 0.373775 2.85636e-07</float_array><technique_common><accessor source="#hpl_mixamorigwRightFoot-trans-array" count="93" stride="3" /></technique_common></source>
      <source id="hpl_mixamorigwRightFoot-rotz"><float_array id="hpl_mixamorigwRightFoot-rotz-array" count="93">-3.70013 -3.7194 -3.72707 -3.7198 -3.70714 -3.69131 -3.69262 -3.68831 -3.68778 -3.66669 -3.65409 -3.64867 -3.66438 -3.68621 -3.70953 -3.71499 -3.73075 -3.74823 -3.75817 -3.76589 -3.76865 -3.75477 -3.72407 -3.68366 -3.65511 -3.64539 -3.66526 -3.69356 -3.72047 -3.73233 -3.74334 -3.75668 -3.76083 -3.77651 -3.79767 -3.82066 -3.8424 -3.85364 -3.85134 -3.83571 -3.82892 -3.8264 -3.83297 -3.81093 -3.79779 -3.79671 -3.79114 -3.79891 -3.80993 -3.80792 -3.81743 -3.78003 -3.75671 -3.74158 -3.74374 -3.76171 -3.78629 -3.80185 -3.80199 -3.79369 -3.78922 -3.78559 -3.76602 -3.76424 -3.76274 -3.75499 -3.74268 -3.72141 -3.70155 -3.69446 -3.69426 -3.71038 -3.74148 -3.76492 -3.7688 -3.74839 -3.72605 -3.71246 -3.72625 -3.73844 -3.73187 -3.72158 -3.62505 -3.60724 -3.60061 -3.59999 -3.59952 -3.57868 -3.53797 -3.52346 -3.49398 -3.49131 -3.70013</float_array><technique_common><accessor source="#hpl_mixamorigwRightFoot-rotz-array" count="93" stride="1" /></technique_common></source>
      <source id="hpl_mixamorigwRightFoot-roty"><float_array id="hpl_mixamorigwRightFoot-roty-array" count="93">1.22732 1.24975 1.27894 1.27663 1.2427 1.17675 1.14379 1.11225 1.11647 1.12427 1.14041 1.13349 1.14001 1.13933 1.16213 1.18909 1.20219 1.21465 1.2173 1.19906 1.18054 1.13794 1.11436 1.13011 1.13072 1.13175 1.15451 1.19187 1.22383 1.24827 1.26589 1.27634 1.26422 1.261 1.27505 1.28925 1.30224 1.28267 1.28268 1.28518 1.30332 1.33896 1.34928 1.36323 1.35055 1.34491 1.34875 1.34028 1.30937 1.28935 1.23444 1.19687 1.20196 1.23647 1.2562 1.26651 1.2479 1.20497 1.18729 1.1969 1.22027 1.24774 1.25721 1.22202 1.19976 1.22914 1.23233 1.21617 1.15736 1.10085 1.03822 0.987097 0.934417 0.917124 0.939299 0.948474 0.985989 1.00754 1.05415 1.10694 1.15239 1.1811 1.21634 1.2172 1.20854 1.16943 1.13492 1.13508 1.16502 1.20935 1.24542 1.25854 1.22732</float_array><technique_common><accessor source="#hpl_mixamorigwRightFoot-roty-array" count="93" stride="1" /></technique_common></source>
      <source id="hpl_mixamorigwRightFoot-rotx"><float_array id="hpl_mixamorigwRightFoot-rotx-array" count="93">-62.0912 -62.0773 -62.1572 -62.1033 -62.0526 -62.03 -62.0089 -61.9553 -61.9412 -61.9216 -61.9509 -61.9627 -61.9884 -61.9575 -61.8724 -61.8202 -61.8025 -61.8012 -61.7446 -61.7153 -61.7138 -61.6442 -61.6226 -61.5784 -61.5931 -61.6465 -61.7698 -61.7904 -61.7739 -61.73 -61.6648 -61.6666 -61.6388 -61.6781 -61.7004 -61.7367 -61.7203 -61.7644 -61.7205 -61.703 -61.7495 -61.8075 -61.8538 -61.7775 -61.7475 -61.7202 -61.6671 -61.6281 -61.6691 -61.6258 -61.6688 -61.6685 -61.5902 -61.5352 -61.5299 -61.5538 -61.6107 -61.5732 -61.5803 -61.6031 -61.6649 -61.6793 -61.6478 -61.6776 -61.6957 -61.6497 -61.6253 -61.5887 -61.5788 -61.5925 -61.5689 -61.5856 -61.6529 -61.6918 -61.7551 -61.7827 -61.7435 -61.7304 -61.747 -61.8164 -61.8393 -61.8484 -61.9424 -62.0316 -62.0701 -62.1068 -62.15 -62.1017 -62.1208 -62.1026 -62.1283 -62.1589 -62.0912</float_array><technique_common><accessor source="#hpl_mixamorigwRightFoot-rotx-array" count="93" stride="1" /></technique_common></source>
      <sampler id="hpl_mixamorigwRightFoot-trans-sampler"><input semantic="INPUT" source="#hpl_mixamorigwRightFoot-time" /><input semantic="OUTPUT" source="#hpl_mixamorigwRightFoot-trans" /></sampler><channel source="#hpl_mixamorigwRightFoot-trans-sampler" target="mixamorigwRightFoot/translate" />
      <sampler id="hpl_mixamorigwRightFoot-rotz-sampler"><input semantic="INPUT" source="#hpl_mixamorigwRightFoot-time" /><input semantic="OUTPUT" source="#hpl_mixamorigwRightFoot-rotz" /></sampler><channel source="#hpl_mixamorigwRightFoot-rotz-sampler" target="mixamorigwRightFoot/rotateZ.ANGLE" />
      <sampler id="hpl_mixamorigwRightFoot-roty-sampler"><input semantic="INPUT" source="#hpl_mixamorigwRightFoot-time" /><input semantic="OUTPUT" source="#hpl_mixamorigwRightFoot-roty" /></sampler><channel source="#hpl_mixamorigwRightFoot-roty-sampler" target="mixamorigwRightFoot/rotateY.ANGLE" />
      <sampler id="hpl_mixamorigwRightFoot-rotx-sampler"><input semantic="INPUT" source="#hpl_mixamorigwRightFoot-time" /><input semantic="OUTPUT" source="#hpl_mixamorigwRightFoot-rotx" /></sampler><channel source="#hpl_mixamorigwRightFoot-rotx-sampler" target="mixamorigwRightFoot/rotateX.ANGLE" />
    </animation>
    <animation id="hpl_mixamorigwRightToeBase">
      <source id="hpl_mixamorigwRightToeBase-time"><float_array id="hpl_mixamorigwRightToeBase-time-array" count="93">0 1 2 3 4 5 6 7 8 9 10 11 12 13 14 15 16 17 18 19 20 21 22 23 24 25 26 27 28 29 30 31 32 33 34 35 36 37 38 39 40 41 42 43 44 45 46 47 48 49 50 51 52 53 54 55 56 57 58 59 60 61 62 63 64 65 66 67 68 69 70 71 72 73 74 75 76 77 78 79 80 81 82 83 84 85 86 87 88 89 90 91 92</float_array><technique_common><accessor source="#hpl_mixamorigwRightToeBase-time-array" count="93" stride="1" /></technique_common></source>
      <source id="hpl_mixamorigwRightToeBase-trans"><float_array id="hpl_mixamorigwRightToeBase-trans-array" count="279">-5.09662e-07 0.17257 -7.34606e-07 -5.09662e-07 0.17257 -7.34606e-07 -5.09662e-07 0.17257 -7.34606e-07 -5.09662e-07 0.17257 -7.34606e-07 -5.09662e-07 0.17257 -7.34606e-07 -5.09662e-07 0.17257 -7.34606e-07 -5.09662e-07 0.17257 -7.34606e-07 -5.09662e-07 0.17257 -7.34606e-07 -5.09662e-07 0.17257 -7.34606e-07 -5.09662e-07 0.17257 -7.34606e-07 -5.09662e-07 0.17257 -7.34606e-07 -5.09662e-07 0.17257 -7.34606e-07 -5.09662e-07 0.17257 -7.34606e-07 -5.09662e-07 0.17257 -7.34606e-07 -5.09662e-07 0.17257 -7.34606e-07 -5.09662e-07 0.17257 -7.34606e-07 -5.09662e-07 0.17257 -7.34606e-07 -5.09662e-07 0.17257 -7.34606e-07 -5.09662e-07 0.17257 -7.34606e-07 -5.09662e-07 0.17257 -7.34606e-07 -5.09662e-07 0.17257 -7.34606e-07 -5.09662e-07 0.17257 -7.34606e-07 -5.09662e-07 0.17257 -7.34606e-07 -5.09662e-07 0.17257 -7.34606e-07 -5.09662e-07 0.17257 -7.34606e-07 -5.09662e-07 0.17257 -7.34606e-07 -5.09662e-07 0.17257 -7.34606e-07 -5.09662e-07 0.17257 -7.34606e-07 -5.09662e-07 0.17257 -7.34606e-07 -5.09662e-07 0.17257 -7.34606e-07 -5.09662e-07 0.17257 -7.34606e-07 -5.09662e-07 0.17257 -7.34606e-07 -5.09662e-07 0.17257 -7.34606e-07 -5.09662e-07 0.17257 -7.34606e-07 -5.09662e-07 0.17257 -7.34606e-07 -5.09662e-07 0.17257 -7.34606e-07 -5.09662e-07 0.17257 -7.34606e-07 -5.09662e-07 0.17257 -7.34606e-07 -5.09662e-07 0.17257 -7.34606e-07 -5.09662e-07 0.17257 -7.34606e-07 -5.09662e-07 0.17257 -7.34606e-07 -5.09662e-07 0.17257 -7.34606e-07 -5.09662e-07 0.17257 -7.34606e-07 -5.09662e-07 0.17257 -7.34606e-07 -5.09662e-07 0.17257 -7.34606e-07 -5.09662e-07 0.17257 -7.34606e-07 -5.09662e-07 0.17257 -7.34606e-07 -5.09662e-07 0.17257 -7.34606e-07 -5.09662e-07 0.17257 -7.34606e-07 -5.09662e-07 0.17257 -7.34606e-07 -5.09662e-07 0.17257 -7.34606e-07 -5.09662e-07 0.17257 -7.34606e-07 -5.09662e-07 0.17257 -7.34606e-07 -5.09662e-07 0.17257 -7.34606e-07 -5.09662e-07 0.17257 -7.34606e-07 -5.09662e-07 0.17257 -7.34606e-07 -5.09662e-07 0.17257 -7.34606e-07 -5.09662e-07 0.17257 -7.34606e-07 -5.09662e-07 0.17257 -7.34606e-07 -5.09662e-07 0.17257 -7.34606e-07 -5.09662e-07 0.17257 -7.34606e-07 -5.09662e-07 0.17257 -7.34606e-07 -5.09662e-07 0.17257 -7.34606e-07 -5.09662e-07 0.17257 -7.34606e-07 -5.09662e-07 0.17257 -7.34606e-07 -5.09662e-07 0.17257 -7.34606e-07 -5.09662e-07 0.17257 -7.34606e-07 -5.09662e-07 0.17257 -7.34606e-07 -5.09662e-07 0.17257 -7.34606e-07 -5.09662e-07 0.17257 -7.34606e-07 -5.09662e-07 0.17257 -7.34606e-07 -5.09662e-07 0.17257 -7.34606e-07 -5.09662e-07 0.17257 -7.34606e-07 -5.09662e-07 0.17257 -7.34606e-07 -5.09662e-07 0.17257 -7.34606e-07 -5.09662e-07 0.17257 -7.34606e-07 -5.09662e-07 0.17257 -7.34606e-07 -5.09662e-07 0.17257 -7.34606e-07 -5.09662e-07 0.17257 -7.34606e-07 -5.09662e-07 0.17257 -7.34606e-07 -5.09662e-07 0.17257 -7.34606e-07 -5.09662e-07 0.17257 -7.34606e-07 -5.09662e-07 0.17257 -7.34606e-07 -5.09662e-07 0.17257 -7.34606e-07 -5.09662e-07 0.17257 -7.34606e-07 -5.09662e-07 0.17257 -7.34606e-07 -5.09662e-07 0.17257 -7.34606e-07 -5.09662e-07 0.17257 -7.34606e-07 -5.09662e-07 0.17257 -7.34606e-07 -5.09662e-07 0.17257 -7.34606e-07 -5.09662e-07 0.17257 -7.34606e-07 -5.09662e-07 0.17257 -7.34606e-07 -5.09662e-07 0.17257 -7.34606e-07</float_array><technique_common><accessor source="#hpl_mixamorigwRightToeBase-trans-array" count="93" stride="3" /></technique_common></source>
      <source id="hpl_mixamorigwRightToeBase-rotz"><float_array id="hpl_mixamorigwRightToeBase-rotz-array" count="93">0.0758461 0.0763249 0.0746064 0.0690778 0.0743841 0.0770763 0.0764787 0.0788584 0.0803262 0.0848188 0.0938298 0.098567 0.0971825 0.0946192 0.0897855 0.0855475 0.0767798 0.0702671 0.0641943 0.0639901 0.0664053 0.0697442 0.0740143 0.0816584 0.0826269 0.0855988 0.0921334 0.096412 0.0999113 0.102627 0.10379 0.102934 0.101022 0.0916756 0.0883946 0.0868315 0.0893519 0.0919089 0.0986743 0.102165 0.107065 0.110052 0.111969 0.10774 0.100913 0.097179 0.0880929 0.0803473 0.0754815 0.0764541 0.0752466 0.0810278 0.0813019 0.0819838 0.0828083 0.0811305 0.0778665 0.071303 0.0608828 0.0563442 0.0516513 0.0480778 0.0503031 0.0578188 0.0615933 0.0694609 0.0742582 0.0679426 0.0600443 0.0547759 0.0494329 0.0520501 0.0582145 0.0615557 0.0662639 0.0684056 0.0706828 0.0740928 0.0723656 0.0770395 0.0724708 0.0647372 0.0599057 0.0574953 0.0552077 0.0578746 0.0577169 0.0610885 0.0646337 0.0737001 0.0774421 0.0750678 0.0758461</float_array><technique_common><accessor source="#hpl_mixamorigwRightToeBase-rotz-array" count="93" stride="1" /></technique_common></source>
      <source id="hpl_mixamorigwRightToeBase-roty"><float_array id="hpl_mixamorigwRightToeBase-roty-array" count="93">0.697299 0.695491 0.693808 0.687095 0.687926 0.687672 0.68829 0.690827 0.691794 0.694848 0.701976 0.709928 0.710686 0.710438 0.703544 0.699132 0.696933 0.698627 0.698617 0.699069 0.697666 0.695024 0.695466 0.701496 0.703097 0.704897 0.707531 0.710272 0.710105 0.709607 0.709594 0.706752 0.703813 0.697444 0.69447 0.693459 0.692826 0.696269 0.700591 0.702408 0.703582 0.702821 0.705988 0.705805 0.703176 0.701896 0.69633 0.686496 0.682177 0.688781 0.689853 0.698335 0.697999 0.697574 0.696769 0.696307 0.697297 0.695184 0.688418 0.682857 0.674943 0.668448 0.667567 0.673332 0.679137 0.688383 0.694809 0.690442 0.682548 0.675759 0.670121 0.66708 0.665194 0.665183 0.669092 0.673496 0.67937 0.683576 0.6827 0.68747 0.684445 0.679831 0.681624 0.68323 0.683405 0.684109 0.681397 0.68049 0.682439 0.685737 0.688502 0.687163 0.697299</float_array><technique_common><accessor source="#hpl_mixamorigwRightToeBase-roty-array" count="93" stride="1" /></technique_common></source>
      <source id="hpl_mixamorigwRightToeBase-rotx"><float_array id="hpl_mixamorigwRightToeBase-rotx-array" count="93">-40.1582 -40.1462 -40.1493 -40.1307 -40.1099 -40.0975 -40.0887 -40.0798 -40.0718 -40.0653 -40.0692 -40.0879 -40.0976 -40.1056 -40.0926 -40.0804 -40.1153 -40.1636 -40.2044 -40.2049 -40.1978 -40.1745 -40.1577 -40.165 -40.1716 -40.1678 -40.1528 -40.1455 -40.133 -40.1264 -40.1227 -40.1068 -40.0964 -40.0971 -40.1009 -40.0997 -40.0819 -40.0822 -40.0742 -40.0594 -40.0315 -40.0171 -40.0294 -40.047 -40.079 -40.1037 -40.1179 -40.1033 -40.1018 -40.1138 -40.1351 -40.1412 -40.1223 -40.1098 -40.0874 -40.0812 -40.1084 -40.1379 -40.1566 -40.1478 -40.1362 -40.1259 -40.1007 -40.0996 -40.1255 -40.1474 -40.1696 -40.1655 -40.1555 -40.1375 -40.1134 -40.0864 -40.0532 -40.0312 -40.0411 -40.0519 -40.067 -40.069 -40.0689 -40.0658 -40.0801 -40.1033 -40.1384 -40.1617 -40.1595 -40.1346 -40.1233 -40.125 -40.12 -40.0964 -40.0761 -40.0729 -40.1582</float_array><technique_common><accessor source="#hpl_mixamorigwRightToeBase-rotx-array" count="93" stride="1" /></technique_common></source>
      <sampler id="hpl_mixamorigwRightToeBase-trans-sampler"><input semantic="INPUT" source="#hpl_mixamorigwRightToeBase-time" /><input semantic="OUTPUT" source="#hpl_mixamorigwRightToeBase-trans" /></sampler><channel source="#hpl_mixamorigwRightToeBase-trans-sampler" target="mixamorigwRightToeBase/translate" />
      <sampler id="hpl_mixamorigwRightToeBase-rotz-sampler"><input semantic="INPUT" source="#hpl_mixamorigwRightToeBase-time" /><input semantic="OUTPUT" source="#hpl_mixamorigwRightToeBase-rotz" /></sampler><channel source="#hpl_mixamorigwRightToeBase-rotz-sampler" target="mixamorigwRightToeBase/rotateZ.ANGLE" />
      <sampler id="hpl_mixamorigwRightToeBase-roty-sampler"><input semantic="INPUT" source="#hpl_mixamorigwRightToeBase-time" /><input semantic="OUTPUT" source="#hpl_mixamorigwRightToeBase-roty" /></sampler><channel source="#hpl_mixamorigwRightToeBase-roty-sampler" target="mixamorigwRightToeBase/rotateY.ANGLE" />
      <sampler id="hpl_mixamorigwRightToeBase-rotx-sampler"><input semantic="INPUT" source="#hpl_mixamorigwRightToeBase-time" /><input semantic="OUTPUT" source="#hpl_mixamorigwRightToeBase-rotx" /></sampler><channel source="#hpl_mixamorigwRightToeBase-rotx-sampler" target="mixamorigwRightToeBase/rotateX.ANGLE" />
    </animation>
    <animation id="hpl_mixamorigwSpine">
      <source id="hpl_mixamorigwSpine-time"><float_array id="hpl_mixamorigwSpine-time-array" count="93">0 1 2 3 4 5 6 7 8 9 10 11 12 13 14 15 16 17 18 19 20 21 22 23 24 25 26 27 28 29 30 31 32 33 34 35 36 37 38 39 40 41 42 43 44 45 46 47 48 49 50 51 52 53 54 55 56 57 58 59 60 61 62 63 64 65 66 67 68 69 70 71 72 73 74 75 76 77 78 79 80 81 82 83 84 85 86 87 88 89 90 91 92</float_array><technique_common><accessor source="#hpl_mixamorigwSpine-time-array" count="93" stride="1" /></technique_common></source>
      <source id="hpl_mixamorigwSpine-trans"><float_array id="hpl_mixamorigwSpine-trans-array" count="279">-0.00650083 0.120685 0.0647093 -0.00650083 0.120685 0.0647093 -0.00650083 0.120685 0.0647093 -0.00650083 0.120685 0.0647093 -0.00650083 0.120685 0.0647093 -0.00650083 0.120685 0.0647093 -0.00650083 0.120685 0.0647093 -0.00650083 0.120685 0.0647093 -0.00650083 0.120685 0.0647093 -0.00650083 0.120685 0.0647093 -0.00650083 0.120685 0.0647093 -0.00650083 0.120685 0.0647093 -0.00650083 0.120685 0.0647093 -0.00650083 0.120685 0.0647093 -0.00650083 0.120685 0.0647093 -0.00650083 0.120685 0.0647093 -0.00650083 0.120685 0.0647093 -0.00650083 0.120685 0.0647093 -0.00650083 0.120685 0.0647093 -0.00650083 0.120685 0.0647093 -0.00650083 0.120685 0.0647093 -0.00650083 0.120685 0.0647093 -0.00650083 0.120685 0.0647093 -0.00650083 0.120685 0.0647093 -0.00650083 0.120685 0.0647093 -0.00650083 0.120685 0.0647093 -0.00650083 0.120685 0.0647093 -0.00650083 0.120685 0.0647093 -0.00650083 0.120685 0.0647093 -0.00650083 0.120685 0.0647093 -0.00650083 0.120685 0.0647093 -0.00650083 0.120685 0.0647093 -0.00650083 0.120685 0.0647093 -0.00650083 0.120685 0.0647093 -0.00650083 0.120685 0.0647093 -0.00650083 0.120685 0.0647093 -0.00650083 0.120685 0.0647093 -0.00650083 0.120685 0.0647093 -0.00650083 0.120685 0.0647093 -0.00650083 0.120685 0.0647093 -0.00650083 0.120685 0.0647093 -0.00650083 0.120685 0.0647093 -0.00650083 0.120685 0.0647093 -0.00650083 0.120685 0.0647093 -0.00650083 0.120685 0.0647093 -0.00650083 0.120685 0.0647093 -0.00650083 0.120685 0.0647093 -0.00650083 0.120685 0.0647093 -0.00650083 0.120685 0.0647093 -0.00650083 0.120685 0.0647093 -0.00650083 0.120685 0.0647093 -0.00650083 0.120685 0.0647093 -0.00650083 0.120685 0.0647093 -0.00650083 0.120685 0.0647093 -0.00650083 0.120685 0.0647093 -0.00650083 0.120685 0.0647093 -0.00650083 0.120685 0.0647093 -0.00650083 0.120685 0.0647093 -0.00650083 0.120685 0.0647093 -0.00650083 0.120685 0.0647093 -0.00650083 0.120685 0.0647093 -0.00650083 0.120685 0.0647093 -0.00650083 0.120685 0.0647093 -0.00650083 0.120685 0.0647093 -0.00650083 0.120685 0.0647093 -0.00650083 0.120685 0.0647093 -0.00650083 0.120685 0.0647093 -0.00650083 0.120685 0.0647093 -0.00650083 0.120685 0.0647093 -0.00650083 0.120685 0.0647093 -0.00650083 0.120685 0.0647093 -0.00650083 0.120685 0.0647093 -0.00650083 0.120685 0.0647093 -0.00650083 0.120685 0.0647093 -0.00650083 0.120685 0.0647093 -0.00650083 0.120685 0.0647093 -0.00650083 0.120685 0.0647093 -0.00650083 0.120685 0.0647093 -0.00650083 0.120685 0.0647093 -0.00650083 0.120685 0.0647093 -0.00650083 0.120685 0.0647093 -0.00650083 0.120685 0.0647093 -0.00650083 0.120685 0.0647093 -0.00650083 0.120685 0.0647093 -0.00650083 0.120685 0.0647093 -0.00650083 0.120685 0.0647093 -0.00650083 0.120685 0.0647093 -0.00650083 0.120685 0.0647093 -0.00650083 0.120685 0.0647093 -0.00650083 0.120685 0.0647093 -0.00650083 0.120685 0.0647093 -0.00650083 0.120685 0.0647093 -0.00650083 0.120685 0.0647093</float_array><technique_common><accessor source="#hpl_mixamorigwSpine-trans-array" count="93" stride="3" /></technique_common></source>
      <source id="hpl_mixamorigwSpine-rotz"><float_array id="hpl_mixamorigwSpine-rotz-array" count="93">3.58351 3.5809 3.56975 3.57059 3.56892 3.5563 3.54727 3.55591 3.55693 3.55728 3.54904 3.54268 3.53897 3.5337 3.52861 3.52632 3.52208 3.51953 3.52157 3.53132 3.52221 3.52657 3.5342 3.53195 3.53576 3.54137 3.53182 3.53501 3.53621 3.54793 3.5586 3.55808 3.55819 3.55994 3.55792 3.55296 3.54997 3.55472 3.54679 3.5491 3.54154 3.53249 3.52892 3.52305 3.51467 3.51032 3.49793 3.49877 3.49699 3.48676 3.50684 3.50553 3.49843 3.49557 3.50575 3.50831 3.51289 3.51654 3.51209 3.51181 3.50896 3.50892 3.50563 3.51199 3.51842 3.52796 3.52797 3.53044 3.52537 3.52394 3.51946 3.51537 3.50716 3.49962 3.49866 3.50759 3.51292 3.51751 3.50674 3.48594 3.48218 3.49015 3.48534 3.49335 3.49953 3.49526 3.49157 3.49494 3.49871 3.50689 3.51678 3.53022 3.58351</float_array><technique_common><accessor source="#hpl_mixamorigwSpine-rotz-array" count="93" stride="1" /></technique_common></source>
      <source id="hpl_mixamorigwSpine-roty"><float_array id="hpl_mixamorigwSpine-roty-array" count="93">2.47587 2.47886 2.46253 2.47273 2.47949 2.47042 2.47062 2.48949 2.4964 2.49645 2.48658 2.49066 2.49412 2.49388 2.49452 2.50477 2.51459 2.52195 2.52695 2.53455 2.51819 2.51694 2.52011 2.50312 2.50317 2.50953 2.50705 2.5181 2.51642 2.52536 2.53253 2.52791 2.52209 2.52491 2.52696 2.52545 2.52858 2.54413 2.54962 2.56055 2.55998 2.54791 2.55239 2.56105 2.57222 2.5793 2.56771 2.57226 2.56688 2.54826 2.56919 2.56485 2.56459 2.56076 2.56751 2.55829 2.55115 2.55103 2.54305 2.5421 2.54372 2.54262 2.53754 2.54659 2.55265 2.5622 2.55842 2.55121 2.54151 2.54334 2.55256 2.56057 2.56181 2.55561 2.54844 2.54878 2.54708 2.54814 2.54915 2.53596 2.54719 2.57253 2.56406 2.56411 2.56255 2.55046 2.55029 2.55732 2.56049 2.56179 2.55524 2.55119 2.47587</float_array><technique_common><accessor source="#hpl_mixamorigwSpine-roty-array" count="93" stride="1" /></technique_common></source>
      <source id="hpl_mixamorigwSpine-rotx"><float_array id="hpl_mixamorigwSpine-rotx-array" count="93">28.7743 28.7847 28.7844 28.7913 28.784 28.7764 28.7653 28.7723 28.7843 28.7861 28.7875 28.7871 28.7799 28.7727 28.769 28.7723 28.7895 28.7875 28.7806 28.7747 28.7674 28.778 28.7886 28.7904 28.7958 28.8029 28.7956 28.7862 28.7827 28.7867 28.7872 28.7803 28.7735 28.7806 28.7911 28.8048 28.8116 28.8186 28.8181 28.8241 28.8273 28.8199 28.83 28.84 28.8428 28.8609 28.8707 28.8846 28.8914 28.8788 28.8759 28.8618 28.8543 28.8508 28.8487 28.8404 28.8339 28.8342 28.8393 28.8551 28.8653 28.8723 28.872 28.8667 28.8736 28.879 28.8858 28.8963 28.8995 28.901 28.9047 28.9147 28.9142 28.9225 28.9208 28.9379 28.9452 28.9518 28.9635 28.9592 28.9659 28.98 28.9774 28.9832 28.995 28.9891 28.9805 28.965 28.9514 28.9379 28.9282 28.9186 28.7743</float_array><technique_common><accessor source="#hpl_mixamorigwSpine-rotx-array" count="93" stride="1" /></technique_common></source>
      <sampler id="hpl_mixamorigwSpine-trans-sampler"><input semantic="INPUT" source="#hpl_mixamorigwSpine-time" /><input semantic="OUTPUT" source="#hpl_mixamorigwSpine-trans" /></sampler><channel source="#hpl_mixamorigwSpine-trans-sampler" target="mixamorigwSpine/translate" />
      <sampler id="hpl_mixamorigwSpine-rotz-sampler"><input semantic="INPUT" source="#hpl_mixamorigwSpine-time" /><input semantic="OUTPUT" source="#hpl_mixamorigwSpine-rotz" /></sampler><channel source="#hpl_mixamorigwSpine-rotz-sampler" target="mixamorigwSpine/rotateZ.ANGLE" />
      <sampler id="hpl_mixamorigwSpine-roty-sampler"><input semantic="INPUT" source="#hpl_mixamorigwSpine-time" /><input semantic="OUTPUT" source="#hpl_mixamorigwSpine-roty" /></sampler><channel source="#hpl_mixamorigwSpine-roty-sampler" target="mixamorigwSpine/rotateY.ANGLE" />
      <sampler id="hpl_mixamorigwSpine-rotx-sampler"><input semantic="INPUT" source="#hpl_mixamorigwSpine-time" /><input semantic="OUTPUT" source="#hpl_mixamorigwSpine-rotx" /></sampler><channel source="#hpl_mixamorigwSpine-rotx-sampler" target="mixamorigwSpine/rotateX.ANGLE" />
    </animation>
    <animation id="hpl_mixamorigwSpine1">
      <source id="hpl_mixamorigwSpine1-time"><float_array id="hpl_mixamorigwSpine1-time-array" count="93">0 1 2 3 4 5 6 7 8 9 10 11 12 13 14 15 16 17 18 19 20 21 22 23 24 25 26 27 28 29 30 31 32 33 34 35 36 37 38 39 40 41 42 43 44 45 46 47 48 49 50 51 52 53 54 55 56 57 58 59 60 61 62 63 64 65 66 67 68 69 70 71 72 73 74 75 76 77 78 79 80 81 82 83 84 85 86 87 88 89 90 91 92</float_array><technique_common><accessor source="#hpl_mixamorigwSpine1-time-array" count="93" stride="1" /></technique_common></source>
      <source id="hpl_mixamorigwSpine1-trans"><float_array id="hpl_mixamorigwSpine1-trans-array" count="279">1.98992e-08 0.1371 -1.48608e-07 1.98992e-08 0.1371 -1.48608e-07 1.98992e-08 0.1371 -1.48608e-07 1.98992e-08 0.1371 -1.48608e-07 1.98992e-08 0.1371 -1.48608e-07 1.98992e-08 0.1371 -1.48608e-07 1.98992e-08 0.1371 -1.48608e-07 1.98992e-08 0.1371 -1.48608e-07 1.98992e-08 0.1371 -1.48608e-07 1.98992e-08 0.1371 -1.48608e-07 1.98992e-08 0.1371 -1.48608e-07 1.98992e-08 0.1371 -1.48608e-07 1.98992e-08 0.1371 -1.48608e-07 1.98992e-08 0.1371 -1.48608e-07 1.98992e-08 0.1371 -1.48608e-07 1.98992e-08 0.1371 -1.48608e-07 1.98992e-08 0.1371 -1.48608e-07 1.98992e-08 0.1371 -1.48608e-07 1.98992e-08 0.1371 -1.48608e-07 1.98992e-08 0.1371 -1.48608e-07 1.98992e-08 0.1371 -1.48608e-07 1.98992e-08 0.1371 -1.48608e-07 1.98992e-08 0.1371 -1.48608e-07 1.98992e-08 0.1371 -1.48608e-07 1.98992e-08 0.1371 -1.48608e-07 1.98992e-08 0.1371 -1.48608e-07 1.98992e-08 0.1371 -1.48608e-07 1.98992e-08 0.1371 -1.48608e-07 1.98992e-08 0.1371 -1.48608e-07 1.98992e-08 0.1371 -1.48608e-07 1.98992e-08 0.1371 -1.48608e-07 1.98992e-08 0.1371 -1.48608e-07 1.98992e-08 0.1371 -1.48608e-07 1.98992e-08 0.1371 -1.48608e-07 1.98992e-08 0.1371 -1.48608e-07 1.98992e-08 0.1371 -1.48608e-07 1.98992e-08 0.1371 -1.48608e-07 1.98992e-08 0.1371 -1.48608e-07 1.98992e-08 0.1371 -1.48608e-07 1.98992e-08 0.1371 -1.48608e-07 1.98992e-08 0.1371 -1.48608e-07 1.98992e-08 0.1371 -1.48608e-07 1.98992e-08 0.1371 -1.48608e-07 1.98992e-08 0.1371 -1.48608e-07 1.98992e-08 0.1371 -1.48608e-07 1.98992e-08 0.1371 -1.48608e-07 1.98992e-08 0.1371 -1.48608e-07 1.98992e-08 0.1371 -1.48608e-07 1.98992e-08 0.1371 -1.48608e-07 1.98992e-08 0.1371 -1.48608e-07 1.98992e-08 0.1371 -1.48608e-07 1.98992e-08 0.1371 -1.48608e-07 1.98992e-08 0.1371 -1.48608e-07 1.98992e-08 0.1371 -1.48608e-07 1.98992e-08 0.1371 -1.48608e-07 1.98992e-08 0.1371 -1.48608e-07 1.98992e-08 0.1371 -1.48608e-07 1.98992e-08 0.1371 -1.48608e-07 1.98992e-08 0.1371 -1.48608e-07 1.98992e-08 0.1371 -1.48608e-07 1.98992e-08 0.1371 -1.48608e-07 1.98992e-08 0.1371 -1.48608e-07 1.98992e-08 0.1371 -1.48608e-07 1.98992e-08 0.1371 -1.48608e-07 1.98992e-08 0.1371 -1.48608e-07 1.98992e-08 0.1371 -1.48608e-07 1.98992e-08 0.1371 -1.48608e-07 1.98992e-08 0.1371 -1.48608e-07 1.98992e-08 0.1371 -1.48608e-07 1.98992e-08 0.1371 -1.48608e-07 1.98992e-08 0.1371 -1.48608e-07 1.98992e-08 0.1371 -1.48608e-07 1.98992e-08 0.1371 -1.48608e-07 1.98992e-08 0.1371 -1.48608e-07 1.98992e-08 0.1371 -1.48608e-07 1.98992e-08 0.1371 -1.48608e-07 1.98992e-08 0.1371 -1.48608e-07 1.98992e-08 0.1371 -1.48608e-07 1.98992e-08 0.1371 -1.48608e-07 1.98992e-08 0.1371 -1.48608e-07 1.98992e-08 0.1371 -1.48608e-07 1.98992e-08 0.1371 -1.48608e-07 1.98992e-08 0.1371 -1.48608e-07 1.98992e-08 0.1371 -1.48608e-07 1.98992e-08 0.1371 -1.48608e-07 1.98992e-08 0.1371 -1.48608e-07 1.98992e-08 0.1371 -1.48608e-07 1.98992e-08 0.1371 -1.48608e-07 1.98992e-08 0.1371 -1.48608e-07 1.98992e-08 0.1371 -1.48608e-07 1.98992e-08 0.1371 -1.48608e-07 1.98992e-08 0.1371 -1.48608e-07 1.98992e-08 0.1371 -1.48608e-07</float_array><technique_common><accessor source="#hpl_mixamorigwSpine1-trans-array" count="93" stride="3" /></technique_common></source>
      <source id="hpl_mixamorigwSpine1-rotz"><float_array id="hpl_mixamorigwSpine1-rotz-array" count="93">-0.445205 -0.448551 -0.452539 -0.457029 -0.456688 -0.455031 -0.452488 -0.453023 -0.458113 -0.460089 -0.4629 -0.464864 -0.46676 -0.472606 -0.474258 -0.475767 -0.473296 -0.472433 -0.472093 -0.473277 -0.471294 -0.468427 -0.464903 -0.460111 -0.457287 -0.455932 -0.451856 -0.448467 -0.445656 -0.442194 -0.441531 -0.446323 -0.454659 -0.458739 -0.464465 -0.466181 -0.460695 -0.455258 -0.449696 -0.449868 -0.451455 -0.45578 -0.459305 -0.460902 -0.463276 -0.463964 -0.465771 -0.466488 -0.467122 -0.465593 -0.469992 -0.470451 -0.468425 -0.472332 -0.471619 -0.468549 -0.468842 -0.470765 -0.470587 -0.470776 -0.467235 -0.463714 -0.459712 -0.458155 -0.456498 -0.453154 -0.449522 -0.450563 -0.450873 -0.455659 -0.458765 -0.45842 -0.452941 -0.446975 -0.441238 -0.437452 -0.434459 -0.441224 -0.447245 -0.450461 -0.453872 -0.458996 -0.458823 -0.462023 -0.463856 -0.462376 -0.458915 -0.456083 -0.454984 -0.456649 -0.452917 -0.451778 -0.445205</float_array><technique_common><accessor source="#hpl_mixamorigwSpine1-rotz-array" count="93" stride="1" /></technique_common></source>
      <source id="hpl_mixamorigwSpine1-roty"><float_array id="hpl_mixamorigwSpine1-roty-array" count="93">0.177779 0.152675 0.154539 0.108464 0.0964914 0.104006 0.120705 0.0943296 0.0846906 0.0834508 0.109066 0.117192 0.113377 0.0935176 0.0838906 0.0632219 0.0651921 0.0858656 0.0890002 0.0884267 0.115843 0.114474 0.108325 0.132492 0.144227 0.144919 0.162934 0.167819 0.177384 0.165755 0.157133 0.159748 0.152761 0.146184 0.132041 0.134721 0.153279 0.157495 0.157052 0.148783 0.139685 0.155028 0.163084 0.179624 0.180271 0.166291 0.154564 0.133048 0.127578 0.157991 0.141616 0.15335 0.161465 0.159941 0.148567 0.156771 0.167274 0.164954 0.163234 0.152204 0.150332 0.157887 0.186556 0.190094 0.192727 0.175084 0.176156 0.171998 0.174999 0.178202 0.16864 0.159905 0.15842 0.15323 0.16011 0.151615 0.159175 0.160062 0.168614 0.207044 0.191593 0.162939 0.176614 0.181427 0.175828 0.182272 0.1736 0.156109 0.13195 0.120875 0.116071 0.119412 0.177779</float_array><technique_common><accessor source="#hpl_mixamorigwSpine1-roty-array" count="93" stride="1" /></technique_common></source>
      <source id="hpl_mixamorigwSpine1-rotx"><float_array id="hpl_mixamorigwSpine1-rotx-array" count="93">-10.4991 -10.5024 -10.492 -10.5001 -10.4967 -10.4969 -10.4815 -10.4918 -10.4919 -10.4971 -10.4942 -10.4943 -10.4874 -10.4907 -10.4941 -10.4944 -10.4874 -10.4788 -10.4789 -10.491 -10.4829 -10.4865 -10.4864 -10.478 -10.4729 -10.4764 -10.4725 -10.4828 -10.4913 -10.4981 -10.5049 -10.498 -10.4979 -10.5082 -10.5081 -10.5116 -10.5048 -10.4998 -10.4997 -10.4962 -10.4961 -10.4831 -10.4763 -10.487 -10.4923 -10.5044 -10.5115 -10.5148 -10.5079 -10.4927 -10.4978 -10.4963 -10.5119 -10.5119 -10.5186 -10.5064 -10.5134 -10.5168 -10.5115 -10.5131 -10.5131 -10.5132 -10.5066 -10.5155 -10.5261 -10.5243 -10.5175 -10.5089 -10.5007 -10.4956 -10.494 -10.4998 -10.4964 -10.4928 -10.4757 -10.4823 -10.4787 -10.4906 -10.4893 -10.4758 -10.4716 -10.4712 -10.4669 -10.4721 -10.4754 -10.4779 -10.4741 -10.479 -10.4786 -10.4783 -10.4868 -10.4972 -10.4991</float_array><technique_common><accessor source="#hpl_mixamorigwSpine1-rotx-array" count="93" stride="1" /></technique_common></source>
      <sampler id="hpl_mixamorigwSpine1-trans-sampler"><input semantic="INPUT" source="#hpl_mixamorigwSpine1-time" /><input semantic="OUTPUT" source="#hpl_mixamorigwSpine1-trans" /></sampler><channel source="#hpl_mixamorigwSpine1-trans-sampler" target="mixamorigwSpine1/translate" />
      <sampler id="hpl_mixamorigwSpine1-rotz-sampler"><input semantic="INPUT" source="#hpl_mixamorigwSpine1-time" /><input semantic="OUTPUT" source="#hpl_mixamorigwSpine1-rotz" /></sampler><channel source="#hpl_mixamorigwSpine1-rotz-sampler" target="mixamorigwSpine1/rotateZ.ANGLE" />
      <sampler id="hpl_mixamorigwSpine1-roty-sampler"><input semantic="INPUT" source="#hpl_mixamorigwSpine1-time" /><input semantic="OUTPUT" source="#hpl_mixamorigwSpine1-roty" /></sampler><channel source="#hpl_mixamorigwSpine1-roty-sampler" target="mixamorigwSpine1/rotateY.ANGLE" />
      <sampler id="hpl_mixamorigwSpine1-rotx-sampler"><input semantic="INPUT" source="#hpl_mixamorigwSpine1-time" /><input semantic="OUTPUT" source="#hpl_mixamorigwSpine1-rotx" /></sampler><channel source="#hpl_mixamorigwSpine1-rotx-sampler" target="mixamorigwSpine1/rotateX.ANGLE" />
    </animation>
    <animation id="hpl_mixamorigwSpine2">
      <source id="hpl_mixamorigwSpine2-time"><float_array id="hpl_mixamorigwSpine2-time-array" count="93">0 1 2 3 4 5 6 7 8 9 10 11 12 13 14 15 16 17 18 19 20 21 22 23 24 25 26 27 28 29 30 31 32 33 34 35 36 37 38 39 40 41 42 43 44 45 46 47 48 49 50 51 52 53 54 55 56 57 58 59 60 61 62 63 64 65 66 67 68 69 70 71 72 73 74 75 76 77 78 79 80 81 82 83 84 85 86 87 88 89 90 91 92</float_array><technique_common><accessor source="#hpl_mixamorigwSpine2-time-array" count="93" stride="1" /></technique_common></source>
      <source id="hpl_mixamorigwSpine2-trans"><float_array id="hpl_mixamorigwSpine2-trans-array" count="279">-4.84715e-08 0.137102 -2.06867e-07 -4.84715e-08 0.137102 -2.06867e-07 -4.84715e-08 0.137102 -2.06867e-07 -4.84715e-08 0.137102 -2.06867e-07 -4.84715e-08 0.137102 -2.06867e-07 -4.84715e-08 0.137102 -2.06867e-07 -4.84715e-08 0.137102 -2.06867e-07 -4.84715e-08 0.137102 -2.06867e-07 -4.84715e-08 0.137102 -2.06867e-07 -4.84715e-08 0.137102 -2.06867e-07 -4.84715e-08 0.137102 -2.06867e-07 -4.84715e-08 0.137102 -2.06867e-07 -4.84715e-08 0.137102 -2.06867e-07 -4.84715e-08 0.137102 -2.06867e-07 -4.84715e-08 0.137102 -2.06867e-07 -4.84715e-08 0.137102 -2.06867e-07 -4.84715e-08 0.137102 -2.06867e-07 -4.84715e-08 0.137102 -2.06867e-07 -4.84715e-08 0.137102 -2.06867e-07 -4.84715e-08 0.137102 -2.06867e-07 -4.84715e-08 0.137102 -2.06867e-07 -4.84715e-08 0.137102 -2.06867e-07 -4.84715e-08 0.137102 -2.06867e-07 -4.84715e-08 0.137102 -2.06867e-07 -4.84715e-08 0.137102 -2.06867e-07 -4.84715e-08 0.137102 -2.06867e-07 -4.84715e-08 0.137102 -2.06867e-07 -4.84715e-08 0.137102 -2.06867e-07 -4.84715e-08 0.137102 -2.06867e-07 -4.84715e-08 0.137102 -2.06867e-07 -4.84715e-08 0.137102 -2.06867e-07 -4.84715e-08 0.137102 -2.06867e-07 -4.84715e-08 0.137102 -2.06867e-07 -4.84715e-08 0.137102 -2.06867e-07 -4.84715e-08 0.137102 -2.06867e-07 -4.84715e-08 0.137102 -2.06867e-07 -4.84715e-08 0.137102 -2.06867e-07 -4.84715e-08 0.137102 -2.06867e-07 -4.84715e-08 0.137102 -2.06867e-07 -4.84715e-08 0.137102 -2.06867e-07 -4.84715e-08 0.137102 -2.06867e-07 -4.84715e-08 0.137102 -2.06867e-07 -4.84715e-08 0.137102 -2.06867e-07 -4.84715e-08 0.137102 -2.06867e-07 -4.84715e-08 0.137102 -2.06867e-07 -4.84715e-08 0.137102 -2.06867e-07 -4.84715e-08 0.137102 -2.06867e-07 -4.84715e-08 0.137102 -2.06867e-07 -4.84715e-08 0.137102 -2.06867e-07 -4.84715e-08 0.137102 -2.06867e-07 -4.84715e-08 0.137102 -2.06867e-07 -4.84715e-08 0.137102 -2.06867e-07 -4.84715e-08 0.137102 -2.06867e-07 -4.84715e-08 0.137102 -2.06867e-07 -4.84715e-08 0.137102 -2.06867e-07 -4.84715e-08 0.137102 -2.06867e-07 -4.84715e-08 0.137102 -2.06867e-07 -4.84715e-08 0.137102 -2.06867e-07 -4.84715e-08 0.137102 -2.06867e-07 -4.84715e-08 0.137102 -2.06867e-07 -4.84715e-08 0.137102 -2.06867e-07 -4.84715e-08 0.137102 -2.06867e-07 -4.84715e-08 0.137102 -2.06867e-07 -4.84715e-08 0.137102 -2.06867e-07 -4.84715e-08 0.137102 -2.06867e-07 -4.84715e-08 0.137102 -2.06867e-07 -4.84715e-08 0.137102 -2.06867e-07 -4.84715e-08 0.137102 -2.06867e-07 -4.84715e-08 0.137102 -2.06867e-07 -4.84715e-08 0.137102 -2.06867e-07 -4.84715e-08 0.137102 -2.06867e-07 -4.84715e-08 0.137102 -2.06867e-07 -4.84715e-08 0.137102 -2.06867e-07 -4.84715e-08 0.137102 -2.06867e-07 -4.84715e-08 0.137102 -2.06867e-07 -4.84715e-08 0.137102 -2.06867e-07 -4.84715e-08 0.137102 -2.06867e-07 -4.84715e-08 0.137102 -2.06867e-07 -4.84715e-08 0.137102 -2.06867e-07 -4.84715e-08 0.137102 -2.06867e-07 -4.84715e-08 0.137102 -2.06867e-07 -4.84715e-08 0.137102 -2.06867e-07 -4.84715e-08 0.137102 -2.06867e-07 -4.84715e-08 0.137102 -2.06867e-07 -4.84715e-08 0.137102 -2.06867e-07 -4.84715e-08 0.137102 -2.06867e-07 -4.84715e-08 0.137102 -2.06867e-07 -4.84715e-08 0.137102 -2.06867e-07 -4.84715e-08 0.137102 -2.06867e-07 -4.84715e-08 0.137102 -2.06867e-07 -4.84715e-08 0.137102 -2.06867e-07 -4.84715e-08 0.137102 -2.06867e-07 -4.84715e-08 0.137102 -2.06867e-07</float_array><technique_common><accessor source="#hpl_mixamorigwSpine2-trans-array" count="93" stride="3" /></technique_common></source>
      <source id="hpl_mixamorigwSpine2-rotz"><float_array id="hpl_mixamorigwSpine2-rotz-array" count="93">-0.248944 -0.239183 -0.22787 -0.212401 -0.204542 -0.192777 -0.187379 -0.181234 -0.171925 -0.170716 -0.173838 -0.181517 -0.180812 -0.171546 -0.163573 -0.154358 -0.151725 -0.155776 -0.16245 -0.17465 -0.1822 -0.187834 -0.191207 -0.192094 -0.191824 -0.198369 -0.195387 -0.199982 -0.202499 -0.204964 -0.21065 -0.210689 -0.22185 -0.235027 -0.24216 -0.246495 -0.24606 -0.253047 -0.25364 -0.264214 -0.268304 -0.273611 -0.277149 -0.279676 -0.278284 -0.27991 -0.276797 -0.277475 -0.282866 -0.282167 -0.279421 -0.272375 -0.26349 -0.258886 -0.267563 -0.271794 -0.281797 -0.279236 -0.275053 -0.27476 -0.277639 -0.280999 -0.274661 -0.26624 -0.268771 -0.270582 -0.27971 -0.279851 -0.282108 -0.289482 -0.28599 -0.283221 -0.27935 -0.272782 -0.272981 -0.269034 -0.26736 -0.257379 -0.246661 -0.241154 -0.228834 -0.208538 -0.191625 -0.183403 -0.181237 -0.182987 -0.183202 -0.180232 -0.176147 -0.178367 -0.184744 -0.190679 -0.248944</float_array><technique_common><accessor source="#hpl_mixamorigwSpine2-rotz-array" count="93" stride="1" /></technique_common></source>
      <source id="hpl_mixamorigwSpine2-roty"><float_array id="hpl_mixamorigwSpine2-roty-array" count="93">-1.81519 -1.81301 -1.83259 -1.82539 -1.83046 -1.83556 -1.841 -1.8398 -1.84434 -1.85019 -1.85942 -1.87115 -1.86406 -1.85277 -1.84747 -1.82589 -1.82575 -1.84594 -1.84164 -1.83821 -1.83766 -1.81878 -1.79034 -1.78134 -1.77256 -1.7683 -1.77612 -1.8027 -1.81631 -1.81211 -1.80983 -1.8083 -1.80289 -1.79992 -1.80169 -1.81675 -1.83068 -1.83393 -1.81968 -1.80527 -1.79069 -1.7973 -1.80232 -1.81644 -1.8197 -1.80864 -1.79324 -1.77253 -1.76474 -1.77402 -1.77248 -1.78007 -1.78138 -1.78504 -1.79091 -1.80081 -1.8108 -1.81312 -1.80161 -1.78831 -1.78402 -1.79205 -1.817 -1.82059 -1.83454 -1.82558 -1.82026 -1.79811 -1.79089 -1.80436 -1.80598 -1.80606 -1.80399 -1.79532 -1.80117 -1.79131 -1.79332 -1.80021 -1.80834 -1.83526 -1.81993 -1.79113 -1.78053 -1.77351 -1.76217 -1.75804 -1.75017 -1.73772 -1.7155 -1.70362 -1.7081 -1.7232 -1.81519</float_array><technique_common><accessor source="#hpl_mixamorigwSpine2-roty-array" count="93" stride="1" /></technique_common></source>
      <source id="hpl_mixamorigwSpine2-rotx"><float_array id="hpl_mixamorigwSpine2-rotx-array" count="93">14.0834 14.0878 14.074 14.0809 14.081 14.0663 14.0449 14.0441 14.0293 14.0241 14.013 14.0124 14.0037 14.0071 14.0063 14.0057 13.9874 13.9842 13.9808 13.9913 13.9766 13.9667 13.9602 13.939 13.924 13.9151 13.9138 13.9387 13.9643 13.9817 13.9887 13.9678 13.9537 13.9695 13.9766 13.9918 13.993 13.9907 14.0029 14.0133 14.036 14.0384 14.035 14.0423 14.0381 14.0345 14.0308 14.0314 14.0252 14.0218 14.0288 14.0343 14.0579 14.0537 14.0608 14.0425 14.0444 14.0374 14.0206 14.0151 14.0177 14.0266 14.0235 14.0147 14.0034 13.9796 13.9689 13.965 13.9579 13.9573 13.9459 13.9424 13.9424 13.937 13.9204 13.9185 13.9132 13.9248 13.9207 13.9115 13.9148 13.9127 13.909 13.9177 13.9255 13.9359 13.9489 13.9724 13.9843 13.9893 14.0051 14.0236 14.0834</float_array><technique_common><accessor source="#hpl_mixamorigwSpine2-rotx-array" count="93" stride="1" /></technique_common></source>
      <sampler id="hpl_mixamorigwSpine2-trans-sampler"><input semantic="INPUT" source="#hpl_mixamorigwSpine2-time" /><input semantic="OUTPUT" source="#hpl_mixamorigwSpine2-trans" /></sampler><channel source="#hpl_mixamorigwSpine2-trans-sampler" target="mixamorigwSpine2/translate" />
      <sampler id="hpl_mixamorigwSpine2-rotz-sampler"><input semantic="INPUT" source="#hpl_mixamorigwSpine2-time" /><input semantic="OUTPUT" source="#hpl_mixamorigwSpine2-rotz" /></sampler><channel source="#hpl_mixamorigwSpine2-rotz-sampler" target="mixamorigwSpine2/rotateZ.ANGLE" />
      <sampler id="hpl_mixamorigwSpine2-roty-sampler"><input semantic="INPUT" source="#hpl_mixamorigwSpine2-time" /><input semantic="OUTPUT" source="#hpl_mixamorigwSpine2-roty" /></sampler><channel source="#hpl_mixamorigwSpine2-roty-sampler" target="mixamorigwSpine2/rotateY.ANGLE" />
      <sampler id="hpl_mixamorigwSpine2-rotx-sampler"><input semantic="INPUT" source="#hpl_mixamorigwSpine2-time" /><input semantic="OUTPUT" source="#hpl_mixamorigwSpine2-rotx" /></sampler><channel source="#hpl_mixamorigwSpine2-rotx-sampler" target="mixamorigwSpine2/rotateX.ANGLE" />
    </animation>
    <animation id="hpl_mixamorigwLeftShoulder">
      <source id="hpl_mixamorigwLeftShoulder-time"><float_array id="hpl_mixamorigwLeftShoulder-time-array" count="93">0 1 2 3 4 5 6 7 8 9 10 11 12 13 14 15 16 17 18 19 20 21 22 23 24 25 26 27 28 29 30 31 32 33 34 35 36 37 38 39 40 41 42 43 44 45 46 47 48 49 50 51 52 53 54 55 56 57 58 59 60 61 62 63 64 65 66 67 68 69 70 71 72 73 74 75 76 77 78 79 80 81 82 83 84 85 86 87 88 89 90 91 92</float_array><technique_common><accessor source="#hpl_mixamorigwLeftShoulder-time-array" count="93" stride="1" /></technique_common></source>
      <source id="hpl_mixamorigwLeftShoulder-trans"><float_array id="hpl_mixamorigwLeftShoulder-trans-array" count="279">0.040025 0.0686428 -0.00178688 0.040025 0.0686428 -0.00178688 0.040025 0.0686428 -0.00178688 0.040025 0.0686428 -0.00178688 0.040025 0.0686428 -0.00178688 0.040025 0.0686428 -0.00178688 0.040025 0.0686428 -0.00178688 0.040025 0.0686428 -0.00178688 0.040025 0.0686428 -0.00178688 0.040025 0.0686428 -0.00178688 0.040025 0.0686428 -0.00178688 0.040025 0.0686428 -0.00178688 0.040025 0.0686428 -0.00178688 0.040025 0.0686428 -0.00178688 0.040025 0.0686428 -0.00178688 0.040025 0.0686428 -0.00178688 0.040025 0.0686428 -0.00178688 0.040025 0.0686428 -0.00178688 0.040025 0.0686428 -0.00178688 0.040025 0.0686428 -0.00178688 0.040025 0.0686428 -0.00178688 0.040025 0.0686428 -0.00178688 0.040025 0.0686428 -0.00178688 0.040025 0.0686428 -0.00178688 0.040025 0.0686428 -0.00178688 0.040025 0.0686428 -0.00178688 0.040025 0.0686428 -0.00178688 0.040025 0.0686428 -0.00178688 0.040025 0.0686428 -0.00178688 0.040025 0.0686428 -0.00178688 0.040025 0.0686428 -0.00178688 0.040025 0.0686428 -0.00178688 0.040025 0.0686428 -0.00178688 0.040025 0.0686428 -0.00178688 0.040025 0.0686428 -0.00178688 0.040025 0.0686428 -0.00178688 0.040025 0.0686428 -0.00178688 0.040025 0.0686428 -0.00178688 0.040025 0.0686428 -0.00178688 0.040025 0.0686428 -0.00178688 0.040025 0.0686428 -0.00178688 0.040025 0.0686428 -0.00178688 0.040025 0.0686428 -0.00178688 0.040025 0.0686428 -0.00178688 0.040025 0.0686428 -0.00178688 0.040025 0.0686428 -0.00178688 0.040025 0.0686428 -0.00178688 0.040025 0.0686428 -0.00178688 0.040025 0.0686428 -0.00178688 0.040025 0.0686428 -0.00178688 0.040025 0.0686428 -0.00178688 0.040025 0.0686428 -0.00178688 0.040025 0.0686428 -0.00178688 0.040025 0.0686428 -0.00178688 0.040025 0.0686428 -0.00178688 0.040025 0.0686428 -0.00178688 0.040025 0.0686428 -0.00178688 0.040025 0.0686428 -0.00178688 0.040025 0.0686428 -0.00178688 0.040025 0.0686428 -0.00178688 0.040025 0.0686428 -0.00178688 0.040025 0.0686428 -0.00178688 0.040025 0.0686428 -0.00178688 0.040025 0.0686428 -0.00178688 0.040025 0.0686428 -0.00178688 0.040025 0.0686428 -0.00178688 0.040025 0.0686428 -0.00178688 0.040025 0.0686428 -0.00178688 0.040025 0.0686428 -0.00178688 0.040025 0.0686428 -0.00178688 0.040025 0.0686428 -0.00178688 0.040025 0.0686428 -0.00178688 0.040025 0.0686428 -0.00178688 0.040025 0.0686428 -0.00178688 0.040025 0.0686428 -0.00178688 0.040025 0.0686428 -0.00178688 0.040025 0.0686428 -0.00178688 0.040025 0.0686428 -0.00178688 0.040025 0.0686428 -0.00178688 0.040025 0.0686428 -0.00178688 0.040025 0.0686428 -0.00178688 0.040025 0.0686428 -0.00178688 0.040025 0.0686428 -0.00178688 0.040025 0.0686428 -0.00178688 0.040025 0.0686428 -0.00178688 0.040025 0.0686428 -0.00178688 0.040025 0.0686428 -0.00178688 0.040025 0.0686428 -0.00178688 0.040025 0.0686428 -0.00178688 0.040025 0.0686428 -0.00178688 0.040025 0.0686428 -0.00178688 0.040025 0.0686428 -0.00178688 0.040025 0.0686428 -0.00178688</float_array><technique_common><accessor source="#hpl_mixamorigwLeftShoulder-trans-array" count="93" stride="3" /></technique_common></source>
      <source id="hpl_mixamorigwLeftShoulder-rotz"><float_array id="hpl_mixamorigwLeftShoulder-rotz-array" count="93">110.715 110.707 110.726 110.705 110.641 110.65 110.692 110.776 110.807 110.789 110.735 110.698 110.658 110.615 110.583 110.573 110.549 110.55 110.6 110.663 110.715 110.713 110.678 110.631 110.566 110.528 110.516 110.534 110.532 110.569 110.589 110.605 110.609 110.574 110.547 110.552 110.547 110.591 110.582 110.575 110.59 110.628 110.638 110.688 110.732 110.726 110.705 110.697 110.774 110.79 110.776 110.734 110.695 110.722 110.757 110.797 110.821 110.799 110.74 110.739 110.717 110.772 110.846 110.917 110.962 110.944 110.914 110.876 110.875 110.897 110.924 110.912 110.857 110.827 110.847 110.884 110.889 110.873 110.885 110.878 110.882 110.927 110.93 110.922 110.876 110.788 110.709 110.661 110.666 110.738 110.812 110.81 110.715</float_array><technique_common><accessor source="#hpl_mixamorigwLeftShoulder-rotz-array" count="93" stride="1" /></technique_common></source>
      <source id="hpl_mixamorigwLeftShoulder-roty"><float_array id="hpl_mixamorigwLeftShoulder-roty-array" count="93">67.0886 67.076 67.0643 67.0409 67.0297 67.0618 67.0974 67.1238 67.157 67.1485 67.123 67.0949 67.0906 67.0886 67.0916 67.1052 67.1148 67.1295 67.1493 67.1628 67.1804 67.21 67.2231 67.2004 67.1854 67.17 67.1761 67.1759 67.1737 67.1872 67.198 67.2251 67.2354 67.2349 67.2069 67.1843 67.1835 67.1961 67.1981 67.198 67.183 67.1591 67.1345 67.1353 67.1429 67.1308 67.1254 67.1311 67.1478 67.144 67.1383 67.1082 67.0835 67.0631 67.0576 67.0498 67.0598 67.0572 67.0746 67.0875 67.0906 67.0886 67.0992 67.112 67.1101 67.1079 67.1042 67.1209 67.1405 67.1674 67.1813 67.1982 67.2124 67.2257 67.2263 67.2485 67.2737 67.2897 67.2901 67.2676 67.2701 67.2827 67.2899 67.2868 67.2887 67.2579 67.2327 67.1789 67.1551 67.1389 67.1312 67.106 67.0886</float_array><technique_common><accessor source="#hpl_mixamorigwLeftShoulder-roty-array" count="93" stride="1" /></technique_common></source>
      <source id="hpl_mixamorigwLeftShoulder-rotx"><float_array id="hpl_mixamorigwLeftShoulder-rotx-array" count="93">-135.894 -135.942 -135.951 -135.999 -136.076 -136.084 -136.049 -135.952 -135.917 -135.929 -135.995 -136.062 -136.095 -136.137 -136.172 -136.206 -136.247 -136.265 -136.247 -136.211 -136.148 -136.117 -136.106 -136.125 -136.171 -136.206 -136.212 -136.194 -136.195 -136.16 -136.146 -136.133 -136.147 -136.216 -136.232 -136.209 -136.185 -136.118 -136.124 -136.143 -136.152 -136.139 -136.145 -136.124 -136.11 -136.164 -136.226 -136.262 -136.191 -136.159 -136.152 -136.178 -136.22 -136.187 -136.16 -136.12 -136.119 -136.162 -136.223 -136.228 -136.241 -136.169 -136.073 -135.988 -135.925 -135.933 -135.964 -136.041 -136.073 -136.07 -136.063 -136.077 -136.142 -136.165 -136.124 -136.097 -136.137 -136.195 -136.214 -136.233 -136.234 -136.195 -136.181 -136.187 -136.221 -136.311 -136.361 -136.365 -136.315 -136.217 -136.141 -136.123 -135.894</float_array><technique_common><accessor source="#hpl_mixamorigwLeftShoulder-rotx-array" count="93" stride="1" /></technique_common></source>
      <sampler id="hpl_mixamorigwLeftShoulder-trans-sampler"><input semantic="INPUT" source="#hpl_mixamorigwLeftShoulder-time" /><input semantic="OUTPUT" source="#hpl_mixamorigwLeftShoulder-trans" /></sampler><channel source="#hpl_mixamorigwLeftShoulder-trans-sampler" target="mixamorigwLeftShoulder/translate" />
      <sampler id="hpl_mixamorigwLeftShoulder-rotz-sampler"><input semantic="INPUT" source="#hpl_mixamorigwLeftShoulder-time" /><input semantic="OUTPUT" source="#hpl_mixamorigwLeftShoulder-rotz" /></sampler><channel source="#hpl_mixamorigwLeftShoulder-rotz-sampler" target="mixamorigwLeftShoulder/rotateZ.ANGLE" />
      <sampler id="hpl_mixamorigwLeftShoulder-roty-sampler"><input semantic="INPUT" source="#hpl_mixamorigwLeftShoulder-time" /><input semantic="OUTPUT" source="#hpl_mixamorigwLeftShoulder-roty" /></sampler><channel source="#hpl_mixamorigwLeftShoulder-roty-sampler" target="mixamorigwLeftShoulder/rotateY.ANGLE" />
      <sampler id="hpl_mixamorigwLeftShoulder-rotx-sampler"><input semantic="INPUT" source="#hpl_mixamorigwLeftShoulder-time" /><input semantic="OUTPUT" source="#hpl_mixamorigwLeftShoulder-rotx" /></sampler><channel source="#hpl_mixamorigwLeftShoulder-rotx-sampler" target="mixamorigwLeftShoulder/rotateX.ANGLE" />
    </animation>
    <animation id="hpl_mixamorigwLeftArm">
      <source id="hpl_mixamorigwLeftArm-time"><float_array id="hpl_mixamorigwLeftArm-time-array" count="93">0 1 2 3 4 5 6 7 8 9 10 11 12 13 14 15 16 17 18 19 20 21 22 23 24 25 26 27 28 29 30 31 32 33 34 35 36 37 38 39 40 41 42 43 44 45 46 47 48 49 50 51 52 53 54 55 56 57 58 59 60 61 62 63 64 65 66 67 68 69 70 71 72 73 74 75 76 77 78 79 80 81 82 83 84 85 86 87 88 89 90 91 92</float_array><technique_common><accessor source="#hpl_mixamorigwLeftArm-time-array" count="93" stride="1" /></technique_common></source>
      <source id="hpl_mixamorigwLeftArm-trans"><float_array id="hpl_mixamorigwLeftArm-trans-array" count="279">1.79558e-06 0.157173 1.76683e-06 1.79558e-06 0.157173 1.76683e-06 1.79558e-06 0.157173 1.76683e-06 1.79558e-06 0.157173 1.76683e-06 1.79558e-06 0.157173 1.76683e-06 1.79558e-06 0.157173 1.76683e-06 1.79558e-06 0.157173 1.76683e-06 1.79558e-06 0.157173 1.76683e-06 1.79558e-06 0.157173 1.76683e-06 1.79558e-06 0.157173 1.76683e-06 1.79558e-06 0.157173 1.76683e-06 1.79558e-06 0.157173 1.76683e-06 1.79558e-06 0.157173 1.76683e-06 1.79558e-06 0.157173 1.76683e-06 1.79558e-06 0.157173 1.76683e-06 1.79558e-06 0.157173 1.76683e-06 1.79558e-06 0.157173 1.76683e-06 1.79558e-06 0.157173 1.76683e-06 1.79558e-06 0.157173 1.76683e-06 1.79558e-06 0.157173 1.76683e-06 1.79558e-06 0.157173 1.76683e-06 1.79558e-06 0.157173 1.76683e-06 1.79558e-06 0.157173 1.76683e-06 1.79558e-06 0.157173 1.76683e-06 1.79558e-06 0.157173 1.76683e-06 1.79558e-06 0.157173 1.76683e-06 1.79558e-06 0.157173 1.76683e-06 1.79558e-06 0.157173 1.76683e-06 1.79558e-06 0.157173 1.76683e-06 1.79558e-06 0.157173 1.76683e-06 1.79558e-06 0.157173 1.76683e-06 1.79558e-06 0.157173 1.76683e-06 1.79558e-06 0.157173 1.76683e-06 1.79558e-06 0.157173 1.76683e-06 1.79558e-06 0.157173 1.76683e-06 1.79558e-06 0.157173 1.76683e-06 1.79558e-06 0.157173 1.76683e-06 1.79558e-06 0.157173 1.76683e-06 1.79558e-06 0.157173 1.76683e-06 1.79558e-06 0.157173 1.76683e-06 1.79558e-06 0.157173 1.76683e-06 1.79558e-06 0.157173 1.76683e-06 1.79558e-06 0.157173 1.76683e-06 1.79558e-06 0.157173 1.76683e-06 1.79558e-06 0.157173 1.76683e-06 1.79558e-06 0.157173 1.76683e-06 1.79558e-06 0.157173 1.76683e-06 1.79558e-06 0.157173 1.76683e-06 1.79558e-06 0.157173 1.76683e-06 1.79558e-06 0.157173 1.76683e-06 1.79558e-06 0.157173 1.76683e-06 1.79558e-06 0.157173 1.76683e-06 1.79558e-06 0.157173 1.76683e-06 1.79558e-06 0.157173 1.76683e-06 1.79558e-06 0.157173 1.76683e-06 1.79558e-06 0.157173 1.76683e-06 1.79558e-06 0.157173 1.76683e-06 1.79558e-06 0.157173 1.76683e-06 1.79558e-06 0.157173 1.76683e-06 1.79558e-06 0.157173 1.76683e-06 1.79558e-06 0.157173 1.76683e-06 1.79558e-06 0.157173 1.76683e-06 1.79558e-06 0.157173 1.76683e-06 1.79558e-06 0.157173 1.76683e-06 1.79558e-06 0.157173 1.76683e-06 1.79558e-06 0.157173 1.76683e-06 1.79558e-06 0.157173 1.76683e-06 1.79558e-06 0.157173 1.76683e-06 1.79558e-06 0.157173 1.76683e-06 1.79558e-06 0.157173 1.76683e-06 1.79558e-06 0.157173 1.76683e-06 1.79558e-06 0.157173 1.76683e-06 1.79558e-06 0.157173 1.76683e-06 1.79558e-06 0.157173 1.76683e-06 1.79558e-06 0.157173 1.76683e-06 1.79558e-06 0.157173 1.76683e-06 1.79558e-06 0.157173 1.76683e-06 1.79558e-06 0.157173 1.76683e-06 1.79558e-06 0.157173 1.76683e-06 1.79558e-06 0.157173 1.76683e-06 1.79558e-06 0.157173 1.76683e-06 1.79558e-06 0.157173 1.76683e-06 1.79558e-06 0.157173 1.76683e-06 1.79558e-06 0.157173 1.76683e-06 1.79558e-06 0.157173 1.76683e-06 1.79558e-06 0.157173 1.76683e-06 1.79558e-06 0.157173 1.76683e-06 1.79558e-06 0.157173 1.76683e-06 1.79558e-06 0.157173 1.76683e-06 1.79558e-06 0.157173 1.76683e-06 1.79558e-06 0.157173 1.76683e-06 1.79558e-06 0.157173 1.76683e-06 1.79558e-06 0.157173 1.76683e-06</float_array><technique_common><accessor source="#hpl_mixamorigwLeftArm-trans-array" count="93" stride="3" /></technique_common></source>
      <source id="hpl_mixamorigwLeftArm-rotz"><float_array id="hpl_mixamorigwLeftArm-rotz-array" count="93">58.532 58.6128 58.7015 58.7612 58.8078 58.8692 58.8672 58.8572 58.8089 58.7878 58.7536 58.7498 58.7311 58.699 58.6133 58.541 58.5107 58.4982 58.509 58.5255 58.552 58.5204 58.4834 58.454 58.4073 58.3581 58.2907 58.2181 58.1258 58.1076 58.0834 58.0814 58.0705 58.0848 58.0996 58.1221 58.1547 58.1505 58.1268 58.1317 58.1227 58.1702 58.1973 58.1771 58.113 58.1167 58.1596 58.2327 58.3299 58.3951 58.4217 58.4802 58.4882 58.4668 58.3895 58.3409 58.3334 58.3267 58.3073 58.3281 58.3404 58.3754 58.3465 58.3477 58.338 58.3351 58.3511 58.4008 58.4716 58.5505 58.652 58.7357 58.7956 58.8145 58.8436 58.9282 58.9506 58.9407 58.9084 58.9202 58.9772 59.0611 59.0903 59.1087 59.071 58.9841 58.9245 58.8749 58.8268 58.8142 58.7603 58.7205 58.532</float_array><technique_common><accessor source="#hpl_mixamorigwLeftArm-rotz-array" count="93" stride="1" /></technique_common></source>
      <source id="hpl_mixamorigwLeftArm-roty"><float_array id="hpl_mixamorigwLeftArm-roty-array" count="93">21.3603 21.3729 21.3878 21.4241 21.4603 21.5138 21.5552 21.6006 21.6203 21.6199 21.5601 21.5188 21.5028 21.4565 21.3849 21.3502 21.3226 21.347 21.3573 21.3873 21.4292 21.4815 21.5365 21.5348 21.524 21.4806 21.4369 21.3925 21.3111 21.3076 21.2967 21.3268 21.3398 21.3329 21.3334 21.3225 21.3279 21.3186 21.2797 21.2269 21.1814 21.16 21.117 21.0859 21.0437 20.9931 20.9912 21.0256 21.129 21.2166 21.3011 21.3225 21.3096 21.2854 21.2297 21.1743 21.1171 21.0786 21.072 21.1095 21.1411 21.1715 21.181 21.1957 21.2195 21.2245 21.2507 21.2493 21.2827 21.3523 21.4108 21.4687 21.5135 21.5523 21.5606 21.5853 21.5561 21.4903 21.4378 21.4033 21.4344 21.4681 21.4999 21.4918 21.4896 21.4135 21.3699 21.3527 21.3551 21.3621 21.3191 21.2715 21.3603</float_array><technique_common><accessor source="#hpl_mixamorigwLeftArm-roty-array" count="93" stride="1" /></technique_common></source>
      <source id="hpl_mixamorigwLeftArm-rotx"><float_array id="hpl_mixamorigwLeftArm-rotx-array" count="93">50.9578 50.9924 51.0174 51.0212 51.0262 51.0883 51.1197 51.158 51.1826 51.1793 51.1582 51.1487 51.1282 51.121 51.0793 51.0648 51.0819 51.0884 51.1183 51.1266 51.129 51.1308 51.098 51.0688 51.025 50.9934 50.9951 50.9933 50.9706 50.9761 51.0027 51.0251 51.0261 51.0174 50.9812 50.9264 50.9107 50.9107 50.8878 50.883 50.8913 50.9143 50.9361 50.9621 50.9795 51.0084 51.0342 51.079 51.1136 51.1035 51.0684 51.0426 50.9988 50.9758 50.9782 50.9717 51.0088 51.011 51.0097 51.033 51.0445 51.0733 51.0924 51.1273 51.1402 51.1577 51.1613 51.2006 51.2499 51.2778 51.2949 51.2913 51.2591 51.2369 51.2159 51.2664 51.3076 51.334 51.3223 51.2958 51.3133 51.3751 51.4157 51.4568 51.4625 51.43 51.385 51.314 51.2682 51.2834 51.293 51.2965 50.9578</float_array><technique_common><accessor source="#hpl_mixamorigwLeftArm-rotx-array" count="93" stride="1" /></technique_common></source>
      <sampler id="hpl_mixamorigwLeftArm-trans-sampler"><input semantic="INPUT" source="#hpl_mixamorigwLeftArm-time" /><input semantic="OUTPUT" source="#hpl_mixamorigwLeftArm-trans" /></sampler><channel source="#hpl_mixamorigwLeftArm-trans-sampler" target="mixamorigwLeftArm/translate" />
      <sampler id="hpl_mixamorigwLeftArm-rotz-sampler"><input semantic="INPUT" source="#hpl_mixamorigwLeftArm-time" /><input semantic="OUTPUT" source="#hpl_mixamorigwLeftArm-rotz" /></sampler><channel source="#hpl_mixamorigwLeftArm-rotz-sampler" target="mixamorigwLeftArm/rotateZ.ANGLE" />
      <sampler id="hpl_mixamorigwLeftArm-roty-sampler"><input semantic="INPUT" source="#hpl_mixamorigwLeftArm-time" /><input semantic="OUTPUT" source="#hpl_mixamorigwLeftArm-roty" /></sampler><channel source="#hpl_mixamorigwLeftArm-roty-sampler" target="mixamorigwLeftArm/rotateY.ANGLE" />
      <sampler id="hpl_mixamorigwLeftArm-rotx-sampler"><input semantic="INPUT" source="#hpl_mixamorigwLeftArm-time" /><input semantic="OUTPUT" source="#hpl_mixamorigwLeftArm-rotx" /></sampler><channel source="#hpl_mixamorigwLeftArm-rotx-sampler" target="mixamorigwLeftArm/rotateX.ANGLE" />
    </animation>
    <animation id="hpl_mixamorigwLeftForeArm">
      <source id="hpl_mixamorigwLeftForeArm-time"><float_array id="hpl_mixamorigwLeftForeArm-time-array" count="93">0 1 2 3 4 5 6 7 8 9 10 11 12 13 14 15 16 17 18 19 20 21 22 23 24 25 26 27 28 29 30 31 32 33 34 35 36 37 38 39 40 41 42 43 44 45 46 47 48 49 50 51 52 53 54 55 56 57 58 59 60 61 62 63 64 65 66 67 68 69 70 71 72 73 74 75 76 77 78 79 80 81 82 83 84 85 86 87 88 89 90 91 92</float_array><technique_common><accessor source="#hpl_mixamorigwLeftForeArm-time-array" count="93" stride="1" /></technique_common></source>
      <source id="hpl_mixamorigwLeftForeArm-trans"><float_array id="hpl_mixamorigwLeftForeArm-trans-array" count="279">-1.94106e-06 0.243557 4.92905e-07 -1.94106e-06 0.243557 4.92905e-07 -1.94106e-06 0.243557 4.92905e-07 -1.94106e-06 0.243557 4.92905e-07 -1.94106e-06 0.243557 4.92905e-07 -1.94106e-06 0.243557 4.92905e-07 -1.94106e-06 0.243557 4.92905e-07 -1.94106e-06 0.243557 4.92905e-07 -1.94106e-06 0.243557 4.92905e-07 -1.94106e-06 0.243557 4.92905e-07 -1.94106e-06 0.243557 4.92905e-07 -1.94106e-06 0.243557 4.92905e-07 -1.94106e-06 0.243557 4.92905e-07 -1.94106e-06 0.243557 4.92905e-07 -1.94106e-06 0.243557 4.92905e-07 -1.94106e-06 0.243557 4.92905e-07 -1.94106e-06 0.243557 4.92905e-07 -1.94106e-06 0.243557 4.92905e-07 -1.94106e-06 0.243557 4.92905e-07 -1.94106e-06 0.243557 4.92905e-07 -1.94106e-06 0.243557 4.92905e-07 -1.94106e-06 0.243557 4.92905e-07 -1.94106e-06 0.243557 4.92905e-07 -1.94106e-06 0.243557 4.92905e-07 -1.94106e-06 0.243557 4.92905e-07 -1.94106e-06 0.243557 4.92905e-07 -1.94106e-06 0.243557 4.92905e-07 -1.94106e-06 0.243557 4.92905e-07 -1.94106e-06 0.243557 4.92905e-07 -1.94106e-06 0.243557 4.92905e-07 -1.94106e-06 0.243557 4.92905e-07 -1.94106e-06 0.243557 4.92905e-07 -1.94106e-06 0.243557 4.92905e-07 -1.94106e-06 0.243557 4.92905e-07 -1.94106e-06 0.243557 4.92905e-07 -1.94106e-06 0.243557 4.92905e-07 -1.94106e-06 0.243557 4.92905e-07 -1.94106e-06 0.243557 4.92905e-07 -1.94106e-06 0.243557 4.92905e-07 -1.94106e-06 0.243557 4.92905e-07 -1.94106e-06 0.243557 4.92905e-07 -1.94106e-06 0.243557 4.92905e-07 -1.94106e-06 0.243557 4.92905e-07 -1.94106e-06 0.243557 4.92905e-07 -1.94106e-06 0.243557 4.92905e-07 -1.94106e-06 0.243557 4.92905e-07 -1.94106e-06 0.243557 4.92905e-07 -1.94106e-06 0.243557 4.92905e-07 -1.94106e-06 0.243557 4.92905e-07 -1.94106e-06 0.243557 4.92905e-07 -1.94106e-06 0.243557 4.92905e-07 -1.94106e-06 0.243557 4.92905e-07 -1.94106e-06 0.243557 4.92905e-07 -1.94106e-06 0.243557 4.92905e-07 -1.94106e-06 0.243557 4.92905e-07 -1.94106e-06 0.243557 4.92905e-07 -1.94106e-06 0.243557 4.92905e-07 -1.94106e-06 0.243557 4.92905e-07 -1.94106e-06 0.243557 4.92905e-07 -1.94106e-06 0.243557 4.92905e-07 -1.94106e-06 0.243557 4.92905e-07 -1.94106e-06 0.243557 4.92905e-07 -1.94106e-06 0.243557 4.92905e-07 -1.94106e-06 0.243557 4.92905e-07 -1.94106e-06 0.243557 4.92905e-07 -1.94106e-06 0.243557 4.92905e-07 -1.94106e-06 0.243557 4.92905e-07 -1.94106e-06 0.243557 4.92905e-07 -1.94106e-06 0.243557 4.92905e-07 -1.94106e-06 0.243557 4.92905e-07 -1.94106e-06 0.243557 4.92905e-07 -1.94106e-06 0.243557 4.92905e-07 -1.94106e-06 0.243557 4.92905e-07 -1.94106e-06 0.243557 4.92905e-07 -1.94106e-06 0.243557 4.92905e-07 -1.94106e-06 0.243557 4.92905e-07 -1.94106e-06 0.243557 4.92905e-07 -1.94106e-06 0.243557 4.92905e-07 -1.94106e-06 0.243557 4.92905e-07 -1.94106e-06 0.243557 4.92905e-07 -1.94106e-06 0.243557 4.92905e-07 -1.94106e-06 0.243557 4.92905e-07 -1.94106e-06 0.243557 4.92905e-07 -1.94106e-06 0.243557 4.92905e-07 -1.94106e-06 0.243557 4.92905e-07 -1.94106e-06 0.243557 4.92905e-07 -1.94106e-06 0.243557 4.92905e-07 -1.94106e-06 0.243557 4.92905e-07 -1.94106e-06 0.243557 4.92905e-07 -1.94106e-06 0.243557 4.92905e-07 -1.94106e-06 0.243557 4.92905e-07 -1.94106e-06 0.243557 4.92905e-07 -1.94106e-06 0.243557 4.92905e-07</float_array><technique_common><accessor source="#hpl_mixamorigwLeftForeArm-trans-array" count="93" stride="3" /></technique_common></source>
      <source id="hpl_mixamorigwLeftForeArm-rotz"><float_array id="hpl_mixamorigwLeftForeArm-rotz-array" count="93">28.8033 28.7938 28.7651 28.7784 28.7916 28.7996 28.8015 28.8187 28.8252 28.8112 28.7854 28.7743 28.769 28.7744 28.7801 28.8155 28.8302 28.8607 28.8631 28.9031 28.8931 28.8914 28.8679 28.8411 28.8046 28.7875 28.7698 28.7594 28.7637 28.793 28.8361 28.8674 28.9018 28.9529 28.9428 28.937 28.9077 28.8802 28.8891 28.8868 28.8804 28.8698 28.8776 28.886 28.885 28.86 28.8113 28.793 28.7718 28.7696 28.7915 28.7919 28.8219 28.8156 28.8186 28.8087 28.7946 28.794 28.7981 28.8113 28.8241 28.8381 28.8552 28.8678 28.8842 28.8804 28.865 28.8639 28.8516 28.8496 28.8507 28.8321 28.8534 28.8872 28.9011 28.9055 28.9018 28.931 28.9459 28.9315 28.9112 28.8904 28.8551 28.8275 28.8205 28.8253 28.8468 28.892 28.9058 28.9097 28.9204 28.9199 28.8033</float_array><technique_common><accessor source="#hpl_mixamorigwLeftForeArm-rotz-array" count="93" stride="1" /></technique_common></source>
      <source id="hpl_mixamorigwLeftForeArm-roty"><float_array id="hpl_mixamorigwLeftForeArm-roty-array" count="93">-10.7339 -10.7395 -10.7383 -10.7495 -10.7575 -10.7633 -10.7506 -10.7384 -10.7387 -10.7395 -10.7511 -10.7692 -10.7674 -10.7713 -10.7685 -10.7944 -10.7735 -10.7994 -10.7984 -10.7869 -10.7871 -10.7826 -10.7676 -10.778 -10.7902 -10.8185 -10.8024 -10.8154 -10.8041 -10.8052 -10.8059 -10.7964 -10.7902 -10.8018 -10.7888 -10.7888 -10.7805 -10.7802 -10.7692 -10.7948 -10.7995 -10.8073 -10.7997 -10.8251 -10.8004 -10.8027 -10.8016 -10.7855 -10.79 -10.7993 -10.7861 -10.7753 -10.7933 -10.815 -10.8098 -10.8062 -10.8302 -10.8097 -10.8118 -10.8192 -10.8198 -10.8174 -10.8276 -10.8209 -10.8263 -10.8313 -10.8375 -10.8383 -10.8197 -10.7851 -10.8116 -10.7921 -10.7948 -10.7878 -10.7689 -10.769 -10.7574 -10.7589 -10.755 -10.7717 -10.7736 -10.7636 -10.7773 -10.776 -10.7674 -10.768 -10.7709 -10.7665 -10.7592 -10.7767 -10.7746 -10.7744 -10.7339</float_array><technique_common><accessor source="#hpl_mixamorigwLeftForeArm-roty-array" count="93" stride="1" /></technique_common></source>
      <source id="hpl_mixamorigwLeftForeArm-rotx"><float_array id="hpl_mixamorigwLeftForeArm-rotx-array" count="93">-6.50559 -6.52852 -6.532 -6.56012 -6.56506 -6.57052 -6.57804 -6.59419 -6.58728 -6.5751 -6.55513 -6.55722 -6.56079 -6.56029 -6.5368 -6.52319 -6.52484 -6.54901 -6.55742 -6.5793 -6.58642 -6.61697 -6.64239 -6.65111 -6.64023 -6.61483 -6.58263 -6.57164 -6.53476 -6.53849 -6.54608 -6.54392 -6.53974 -6.54836 -6.56121 -6.56857 -6.58616 -6.58375 -6.57774 -6.57675 -6.56158 -6.57595 -6.57432 -6.58238 -6.53736 -6.51144 -6.48635 -6.49196 -6.52196 -6.549 -6.58203 -6.5999 -6.59341 -6.55964 -6.53685 -6.50864 -6.50755 -6.51357 -6.51541 -6.52029 -6.54473 -6.57587 -6.57044 -6.58535 -6.58372 -6.57958 -6.57303 -6.6011 -6.61133 -6.62327 -6.64465 -6.64339 -6.64862 -6.64869 -6.64859 -6.66999 -6.66829 -6.65615 -6.63568 -6.61511 -6.63599 -6.64805 -6.65206 -6.65051 -6.65986 -6.64093 -6.63478 -6.61358 -6.59828 -6.58747 -6.53934 -6.52061 -6.50559</float_array><technique_common><accessor source="#hpl_mixamorigwLeftForeArm-rotx-array" count="93" stride="1" /></technique_common></source>
      <sampler id="hpl_mixamorigwLeftForeArm-trans-sampler"><input semantic="INPUT" source="#hpl_mixamorigwLeftForeArm-time" /><input semantic="OUTPUT" source="#hpl_mixamorigwLeftForeArm-trans" /></sampler><channel source="#hpl_mixamorigwLeftForeArm-trans-sampler" target="mixamorigwLeftForeArm/translate" />
      <sampler id="hpl_mixamorigwLeftForeArm-rotz-sampler"><input semantic="INPUT" source="#hpl_mixamorigwLeftForeArm-time" /><input semantic="OUTPUT" source="#hpl_mixamorigwLeftForeArm-rotz" /></sampler><channel source="#hpl_mixamorigwLeftForeArm-rotz-sampler" target="mixamorigwLeftForeArm/rotateZ.ANGLE" />
      <sampler id="hpl_mixamorigwLeftForeArm-roty-sampler"><input semantic="INPUT" source="#hpl_mixamorigwLeftForeArm-time" /><input semantic="OUTPUT" source="#hpl_mixamorigwLeftForeArm-roty" /></sampler><channel source="#hpl_mixamorigwLeftForeArm-roty-sampler" target="mixamorigwLeftForeArm/rotateY.ANGLE" />
      <sampler id="hpl_mixamorigwLeftForeArm-rotx-sampler"><input semantic="INPUT" source="#hpl_mixamorigwLeftForeArm-time" /><input semantic="OUTPUT" source="#hpl_mixamorigwLeftForeArm-rotx" /></sampler><channel source="#hpl_mixamorigwLeftForeArm-rotx-sampler" target="mixamorigwLeftForeArm/rotateX.ANGLE" />
    </animation>
    <animation id="hpl_mixamorigwLeftHand">
      <source id="hpl_mixamorigwLeftHand-time"><float_array id="hpl_mixamorigwLeftHand-time-array" count="93">0 1 2 3 4 5 6 7 8 9 10 11 12 13 14 15 16 17 18 19 20 21 22 23 24 25 26 27 28 29 30 31 32 33 34 35 36 37 38 39 40 41 42 43 44 45 46 47 48 49 50 51 52 53 54 55 56 57 58 59 60 61 62 63 64 65 66 67 68 69 70 71 72 73 74 75 76 77 78 79 80 81 82 83 84 85 86 87 88 89 90 91 92</float_array><technique_common><accessor source="#hpl_mixamorigwLeftHand-time-array" count="93" stride="1" /></technique_common></source>
      <source id="hpl_mixamorigwLeftHand-trans"><float_array id="hpl_mixamorigwLeftHand-trans-array" count="279">-2.90081e-08 0.249448 -2.13017e-06 -2.90081e-08 0.249448 -2.13017e-06 -2.90081e-08 0.249448 -2.13017e-06 -2.90081e-08 0.249448 -2.13017e-06 -2.90081e-08 0.249448 -2.13017e-06 -2.90081e-08 0.249448 -2.13017e-06 -2.90081e-08 0.249448 -2.13017e-06 -2.90081e-08 0.249448 -2.13017e-06 -2.90081e-08 0.249448 -2.13017e-06 -2.90081e-08 0.249448 -2.13017e-06 -2.90081e-08 0.249448 -2.13017e-06 -2.90081e-08 0.249448 -2.13017e-06 -2.90081e-08 0.249448 -2.13017e-06 -2.90081e-08 0.249448 -2.13017e-06 -2.90081e-08 0.249448 -2.13017e-06 -2.90081e-08 0.249448 -2.13017e-06 -2.90081e-08 0.249448 -2.13017e-06 -2.90081e-08 0.249448 -2.13017e-06 -2.90081e-08 0.249448 -2.13017e-06 -2.90081e-08 0.249448 -2.13017e-06 -2.90081e-08 0.249448 -2.13017e-06 -2.90081e-08 0.249448 -2.13017e-06 -2.90081e-08 0.249448 -2.13017e-06 -2.90081e-08 0.249448 -2.13017e-06 -2.90081e-08 0.249448 -2.13017e-06 -2.90081e-08 0.249448 -2.13017e-06 -2.90081e-08 0.249448 -2.13017e-06 -2.90081e-08 0.249448 -2.13017e-06 -2.90081e-08 0.249448 -2.13017e-06 -2.90081e-08 0.249448 -2.13017e-06 -2.90081e-08 0.249448 -2.13017e-06 -2.90081e-08 0.249448 -2.13017e-06 -2.90081e-08 0.249448 -2.13017e-06 -2.90081e-08 0.249448 -2.13017e-06 -2.90081e-08 0.249448 -2.13017e-06 -2.90081e-08 0.249448 -2.13017e-06 -2.90081e-08 0.249448 -2.13017e-06 -2.90081e-08 0.249448 -2.13017e-06 -2.90081e-08 0.249448 -2.13017e-06 -2.90081e-08 0.249448 -2.13017e-06 -2.90081e-08 0.249448 -2.13017e-06 -2.90081e-08 0.249448 -2.13017e-06 -2.90081e-08 0.249448 -2.13017e-06 -2.90081e-08 0.249448 -2.13017e-06 -2.90081e-08 0.249448 -2.13017e-06 -2.90081e-08 0.249448 -2.13017e-06 -2.90081e-08 0.249448 -2.13017e-06 -2.90081e-08 0.249448 -2.13017e-06 -2.90081e-08 0.249448 -2.13017e-06 -2.90081e-08 0.249448 -2.13017e-06 -2.90081e-08 0.249448 -2.13017e-06 -2.90081e-08 0.249448 -2.13017e-06 -2.90081e-08 0.249448 -2.13017e-06 -2.90081e-08 0.249448 -2.13017e-06 -2.90081e-08 0.249448 -2.13017e-06 -2.90081e-08 0.249448 -2.13017e-06 -2.90081e-08 0.249448 -2.13017e-06 -2.90081e-08 0.249448 -2.13017e-06 -2.90081e-08 0.249448 -2.13017e-06 -2.90081e-08 0.249448 -2.13017e-06 -2.90081e-08 0.249448 -2.13017e-06 -2.90081e-08 0.249448 -2.13017e-06 -2.90081e-08 0.249448 -2.13017e-06 -2.90081e-08 0.249448 -2.13017e-06 -2.90081e-08 0.249448 -2.13017e-06 -2.90081e-08 0.249448 -2.13017e-06 -2.90081e-08 0.249448 -2.13017e-06 -2.90081e-08 0.249448 -2.13017e-06 -2.90081e-08 0.249448 -2.13017e-06 -2.90081e-08 0.249448 -2.13017e-06 -2.90081e-08 0.249448 -2.13017e-06 -2.90081e-08 0.249448 -2.13017e-06 -2.90081e-08 0.249448 -2.13017e-06 -2.90081e-08 0.249448 -2.13017e-06 -2.90081e-08 0.249448 -2.13017e-06 -2.90081e-08 0.249448 -2.13017e-06 -2.90081e-08 0.249448 -2.13017e-06 -2.90081e-08 0.249448 -2.13017e-06 -2.90081e-08 0.249448 -2.13017e-06 -2.90081e-08 0.249448 -2.13017e-06 -2.90081e-08 0.249448 -2.13017e-06 -2.90081e-08 0.249448 -2.13017e-06 -2.90081e-08 0.249448 -2.13017e-06 -2.90081e-08 0.249448 -2.13017e-06 -2.90081e-08 0.249448 -2.13017e-06 -2.90081e-08 0.249448 -2.13017e-06 -2.90081e-08 0.249448 -2.13017e-06 -2.90081e-08 0.249448 -2.13017e-06 -2.90081e-08 0.249448 -2.13017e-06 -2.90081e-08 0.249448 -2.13017e-06 -2.90081e-08 0.249448 -2.13017e-06 -2.90081e-08 0.249448 -2.13017e-06 -2.90081e-08 0.249448 -2.13017e-06</float_array><technique_common><accessor source="#hpl_mixamorigwLeftHand-trans-array" count="93" stride="3" /></technique_common></source>
      <source id="hpl_mixamorigwLeftHand-rotz"><float_array id="hpl_mixamorigwLeftHand-rotz-array" count="93">2.35337 2.33991 2.34899 2.33043 2.31492 2.29317 2.29297 2.283 2.27165 2.25755 2.25576 2.25054 2.26951 2.27266 2.27953 2.2739 2.27276 2.29159 2.30257 2.31276 2.33471 2.32879 2.33766 2.32512 2.35064 2.3958 2.4132 2.44281 2.44992 2.44729 2.42318 2.40221 2.3826 2.35502 2.3621 2.37173 2.40065 2.40796 2.40245 2.37875 2.36327 2.35782 2.35568 2.34996 2.34502 2.35429 2.38289 2.37366 2.36141 2.33851 2.30767 2.30186 2.29711 2.32361 2.33013 2.31184 2.30141 2.26942 2.31095 2.35941 2.3768 2.39001 2.39984 2.40057 2.4075 2.41389 2.4246 2.41903 2.42835 2.44738 2.45908 2.48301 2.50141 2.48667 2.46505 2.45527 2.43543 2.40513 2.39734 2.40733 2.4108 2.42522 2.42901 2.40462 2.38044 2.36442 2.33933 2.28871 2.21031 2.16639 2.14793 2.14623 2.35337</float_array><technique_common><accessor source="#hpl_mixamorigwLeftHand-rotz-array" count="93" stride="1" /></technique_common></source>
      <source id="hpl_mixamorigwLeftHand-roty"><float_array id="hpl_mixamorigwLeftHand-roty-array" count="93">-4.29801 -4.35787 -4.40418 -4.44351 -4.47491 -4.49889 -4.52352 -4.52977 -4.52589 -4.58968 -4.61404 -4.66018 -4.64095 -4.59023 -4.57367 -4.54769 -4.54324 -4.54422 -4.54389 -4.59265 -4.65266 -4.71081 -4.79715 -4.78009 -4.70483 -4.57176 -4.48234 -4.3876 -4.30315 -4.20023 -4.16696 -4.17756 -4.21953 -4.25482 -4.3052 -4.37729 -4.363 -4.33594 -4.35951 -4.39437 -4.45722 -4.48834 -4.42719 -4.36963 -4.36819 -4.3758 -4.40782 -4.42017 -4.46132 -4.51617 -4.57345 -4.63421 -4.63959 -4.60642 -4.56454 -4.51528 -4.44558 -4.42361 -4.44225 -4.49925 -4.57282 -4.59654 -4.48358 -4.43009 -4.43878 -4.45696 -4.5329 -4.58591 -4.62919 -4.66388 -4.62616 -4.61506 -4.57232 -4.57139 -4.57498 -4.64732 -4.73344 -4.84017 -4.85652 -4.76413 -4.65379 -4.64521 -4.66067 -4.71073 -4.72343 -4.73971 -4.71777 -4.69723 -4.65892 -4.64399 -4.55583 -4.48853 -4.29801</float_array><technique_common><accessor source="#hpl_mixamorigwLeftHand-roty-array" count="93" stride="1" /></technique_common></source>
      <source id="hpl_mixamorigwLeftHand-rotx"><float_array id="hpl_mixamorigwLeftHand-rotx-array" count="93">-0.252664 -0.222238 -0.205534 -0.207585 -0.211697 -0.232907 -0.217961 -0.19018 -0.202707 -0.228652 -0.250676 -0.270889 -0.274175 -0.270531 -0.297188 -0.350786 -0.397391 -0.440079 -0.479353 -0.499858 -0.516581 -0.519436 -0.536251 -0.508901 -0.517916 -0.495683 -0.484578 -0.468341 -0.47702 -0.469392 -0.467195 -0.464427 -0.455057 -0.433594 -0.403773 -0.376908 -0.365032 -0.354415 -0.379207 -0.403385 -0.437831 -0.442185 -0.406892 -0.348183 -0.323945 -0.304144 -0.322694 -0.311258 -0.269271 -0.240549 -0.203364 -0.205058 -0.228017 -0.282634 -0.360777 -0.417673 -0.434842 -0.420528 -0.411741 -0.423146 -0.427963 -0.426281 -0.393551 -0.366857 -0.384992 -0.365603 -0.365211 -0.364519 -0.367968 -0.368259 -0.324865 -0.270245 -0.216556 -0.178597 -0.157948 -0.168153 -0.185918 -0.204245 -0.182322 -0.139583 -0.0852665 -0.0822719 -0.062904 -0.0583674 -0.0740704 -0.0860718 -0.0712869 -0.0901762 -0.114573 -0.148164 -0.19795 -0.2515 -0.252664</float_array><technique_common><accessor source="#hpl_mixamorigwLeftHand-rotx-array" count="93" stride="1" /></technique_common></source>
      <sampler id="hpl_mixamorigwLeftHand-trans-sampler"><input semantic="INPUT" source="#hpl_mixamorigwLeftHand-time" /><input semantic="OUTPUT" source="#hpl_mixamorigwLeftHand-trans" /></sampler><channel source="#hpl_mixamorigwLeftHand-trans-sampler" target="mixamorigwLeftHand/translate" />
      <sampler id="hpl_mixamorigwLeftHand-rotz-sampler"><input semantic="INPUT" source="#hpl_mixamorigwLeftHand-time" /><input semantic="OUTPUT" source="#hpl_mixamorigwLeftHand-rotz" /></sampler><channel source="#hpl_mixamorigwLeftHand-rotz-sampler" target="mixamorigwLeftHand/rotateZ.ANGLE" />
      <sampler id="hpl_mixamorigwLeftHand-roty-sampler"><input semantic="INPUT" source="#hpl_mixamorigwLeftHand-time" /><input semantic="OUTPUT" source="#hpl_mixamorigwLeftHand-roty" /></sampler><channel source="#hpl_mixamorigwLeftHand-roty-sampler" target="mixamorigwLeftHand/rotateY.ANGLE" />
      <sampler id="hpl_mixamorigwLeftHand-rotx-sampler"><input semantic="INPUT" source="#hpl_mixamorigwLeftHand-time" /><input semantic="OUTPUT" source="#hpl_mixamorigwLeftHand-rotx" /></sampler><channel source="#hpl_mixamorigwLeftHand-rotx-sampler" target="mixamorigwLeftHand/rotateX.ANGLE" />
    </animation>
    <animation id="hpl_mixamorigwRightShoulder">
      <source id="hpl_mixamorigwRightShoulder-time"><float_array id="hpl_mixamorigwRightShoulder-time-array" count="93">0 1 2 3 4 5 6 7 8 9 10 11 12 13 14 15 16 17 18 19 20 21 22 23 24 25 26 27 28 29 30 31 32 33 34 35 36 37 38 39 40 41 42 43 44 45 46 47 48 49 50 51 52 53 54 55 56 57 58 59 60 61 62 63 64 65 66 67 68 69 70 71 72 73 74 75 76 77 78 79 80 81 82 83 84 85 86 87 88 89 90 91 92</float_array><technique_common><accessor source="#hpl_mixamorigwRightShoulder-time-array" count="93" stride="1" /></technique_common></source>
      <source id="hpl_mixamorigwRightShoulder-trans"><float_array id="hpl_mixamorigwRightShoulder-trans-array" count="279">-0.0400869 0.0656595 -0.000945886 -0.0400869 0.0656595 -0.000945886 -0.0400869 0.0656595 -0.000945886 -0.0400869 0.0656595 -0.000945886 -0.0400869 0.0656595 -0.000945886 -0.0400869 0.0656595 -0.000945886 -0.0400869 0.0656595 -0.000945886 -0.0400869 0.0656595 -0.000945886 -0.0400869 0.0656595 -0.000945886 -0.0400869 0.0656595 -0.000945886 -0.0400869 0.0656595 -0.000945886 -0.0400869 0.0656595 -0.000945886 -0.0400869 0.0656595 -0.000945886 -0.0400869 0.0656595 -0.000945886 -0.0400869 0.0656595 -0.000945886 -0.0400869 0.0656595 -0.000945886 -0.0400869 0.0656595 -0.000945886 -0.0400869 0.0656595 -0.000945886 -0.0400869 0.0656595 -0.000945886 -0.0400869 0.0656595 -0.000945886 -0.0400869 0.0656595 -0.000945886 -0.0400869 0.0656595 -0.000945886 -0.0400869 0.0656595 -0.000945886 -0.0400869 0.0656595 -0.000945886 -0.0400869 0.0656595 -0.000945886 -0.0400869 0.0656595 -0.000945886 -0.0400869 0.0656595 -0.000945886 -0.0400869 0.0656595 -0.000945886 -0.0400869 0.0656595 -0.000945886 -0.0400869 0.0656595 -0.000945886 -0.0400869 0.0656595 -0.000945886 -0.0400869 0.0656595 -0.000945886 -0.0400869 0.0656595 -0.000945886 -0.0400869 0.0656595 -0.000945886 -0.0400869 0.0656595 -0.000945886 -0.0400869 0.0656595 -0.000945886 -0.0400869 0.0656595 -0.000945886 -0.0400869 0.0656595 -0.000945886 -0.0400869 0.0656595 -0.000945886 -0.0400869 0.0656595 -0.000945886 -0.0400869 0.0656595 -0.000945886 -0.0400869 0.0656595 -0.000945886 -0.0400869 0.0656595 -0.000945886 -0.0400869 0.0656595 -0.000945886 -0.0400869 0.0656595 -0.000945886 -0.0400869 0.0656595 -0.000945886 -0.0400869 0.0656595 -0.000945886 -0.0400869 0.0656595 -0.000945886 -0.0400869 0.0656595 -0.000945886 -0.0400869 0.0656595 -0.000945886 -0.0400869 0.0656595 -0.000945886 -0.0400869 0.0656595 -0.000945886 -0.0400869 0.0656595 -0.000945886 -0.0400869 0.0656595 -0.000945886 -0.0400869 0.0656595 -0.000945886 -0.0400869 0.0656595 -0.000945886 -0.0400869 0.0656595 -0.000945886 -0.0400869 0.0656595 -0.000945886 -0.0400869 0.0656595 -0.000945886 -0.0400869 0.0656595 -0.000945886 -0.0400869 0.0656595 -0.000945886 -0.0400869 0.0656595 -0.000945886 -0.0400869 0.0656595 -0.000945886 -0.0400869 0.0656595 -0.000945886 -0.0400869 0.0656595 -0.000945886 -0.0400869 0.0656595 -0.000945886 -0.0400869 0.0656595 -0.000945886 -0.0400869 0.0656595 -0.000945886 -0.0400869 0.0656595 -0.000945886 -0.0400869 0.0656595 -0.000945886 -0.0400869 0.0656595 -0.000945886 -0.0400869 0.0656595 -0.000945886 -0.0400869 0.0656595 -0.000945886 -0.0400869 0.0656595 -0.000945886 -0.0400869 0.0656595 -0.000945886 -0.0400869 0.0656595 -0.000945886 -0.0400869 0.0656595 -0.000945886 -0.0400869 0.0656595 -0.000945886 -0.0400869 0.0656595 -0.000945886 -0.0400869 0.0656595 -0.000945886 -0.0400869 0.0656595 -0.000945886 -0.0400869 0.0656595 -0.000945886 -0.0400869 0.0656595 -0.000945886 -0.0400869 0.0656595 -0.000945886 -0.0400869 0.0656595 -0.000945886 -0.0400869 0.0656595 -0.000945886 -0.0400869 0.0656595 -0.000945886 -0.0400869 0.0656595 -0.000945886 -0.0400869 0.0656595 -0.000945886 -0.0400869 0.0656595 -0.000945886 -0.0400869 0.0656595 -0.000945886 -0.0400869 0.0656595 -0.000945886 -0.0400869 0.0656595 -0.000945886</float_array><technique_common><accessor source="#hpl_mixamorigwRightShoulder-trans-array" count="93" stride="3" /></technique_common></source>
      <source id="hpl_mixamorigwRightShoulder-rotz"><float_array id="hpl_mixamorigwRightShoulder-rotz-array" count="93">-108.257 -108.224 -108.258 -108.159 -108.075 -108.115 -108.137 -108.185 -108.237 -108.251 -108.31 -108.355 -108.309 -108.25 -108.167 -108.108 -108.072 -108.074 -108.048 -108.017 -108.021 -107.97 -107.891 -107.914 -107.967 -107.995 -108.07 -108.056 -108.033 -108.041 -107.991 -108.013 -108.067 -108.105 -108.116 -108.068 -108.047 -108.049 -108.06 -108.044 -108.006 -107.982 -107.919 -107.912 -107.936 -107.986 -107.982 -107.99 -107.993 -108.074 -108.08 -108.153 -108.22 -108.229 -108.123 -108.045 -107.995 -107.965 -108.011 -108.056 -108.086 -108.043 -107.977 -107.962 -107.91 -107.873 -107.844 -107.83 -107.839 -107.812 -107.851 -107.929 -108.059 -108.141 -108.198 -108.191 -108.162 -108.141 -108.122 -108.115 -108.071 -108.022 -108.048 -107.976 -107.89 -107.854 -107.874 -107.938 -108.003 -107.985 -107.972 -107.953 -108.257</float_array><technique_common><accessor source="#hpl_mixamorigwRightShoulder-rotz-array" count="93" stride="1" /></technique_common></source>
      <source id="hpl_mixamorigwRightShoulder-roty"><float_array id="hpl_mixamorigwRightShoulder-roty-array" count="93">-71.3676 -71.3651 -71.3581 -71.3538 -71.3545 -71.3577 -71.3685 -71.3712 -71.367 -71.3757 -71.3858 -71.4091 -71.4202 -71.4129 -71.3947 -71.3796 -71.3936 -71.439 -71.4468 -71.4488 -71.4547 -71.4577 -71.4469 -71.4364 -71.4341 -71.4242 -71.4151 -71.4094 -71.3856 -71.362 -71.3416 -71.3468 -71.3667 -71.3811 -71.3952 -71.3963 -71.3989 -71.4182 -71.4278 -71.4255 -71.4285 -71.4329 -71.4217 -71.4216 -71.4314 -71.4373 -71.4393 -71.4503 -71.4612 -71.4706 -71.4939 -71.5091 -71.529 -71.5539 -71.556 -71.537 -71.5097 -71.4761 -71.4442 -71.4364 -71.432 -71.4396 -71.437 -71.4267 -71.4192 -71.4124 -71.4121 -71.4071 -71.4156 -71.4283 -71.4417 -71.4609 -71.4762 -71.4957 -71.5061 -71.5085 -71.4888 -71.4869 -71.4775 -71.469 -71.4484 -71.4161 -71.3999 -71.3718 -71.3544 -71.3544 -71.3644 -71.3746 -71.4015 -71.412 -71.4364 -71.4695 -71.3676</float_array><technique_common><accessor source="#hpl_mixamorigwRightShoulder-roty-array" count="93" stride="1" /></technique_common></source>
      <source id="hpl_mixamorigwRightShoulder-rotx"><float_array id="hpl_mixamorigwRightShoulder-rotx-array" count="93">-149.013 -149.045 -149 -149.101 -149.17 -149.128 -149.111 -149.072 -149.017 -148.984 -148.909 -148.872 -148.921 -148.985 -149.071 -149.124 -149.162 -149.174 -149.221 -149.287 -149.303 -149.359 -149.433 -149.422 -149.357 -149.314 -149.222 -149.222 -149.23 -149.209 -149.26 -149.232 -149.185 -149.178 -149.177 -149.24 -149.27 -149.256 -149.254 -149.261 -149.289 -149.303 -149.375 -149.409 -149.413 -149.377 -149.388 -149.379 -149.368 -149.28 -149.256 -149.178 -149.114 -149.089 -149.17 -149.221 -149.258 -149.288 -149.239 -149.204 -149.166 -149.224 -149.321 -149.341 -149.399 -149.423 -149.451 -149.482 -149.481 -149.502 -149.457 -149.337 -149.172 -149.069 -149.009 -149.015 -149.04 -149.041 -149.029 -149.004 -149.021 -149.055 -149.018 -149.094 -149.162 -149.198 -149.176 -149.116 -149.054 -149.066 -149.073 -149.075 -149.013</float_array><technique_common><accessor source="#hpl_mixamorigwRightShoulder-rotx-array" count="93" stride="1" /></technique_common></source>
      <sampler id="hpl_mixamorigwRightShoulder-trans-sampler"><input semantic="INPUT" source="#hpl_mixamorigwRightShoulder-time" /><input semantic="OUTPUT" source="#hpl_mixamorigwRightShoulder-trans" /></sampler><channel source="#hpl_mixamorigwRightShoulder-trans-sampler" target="mixamorigwRightShoulder/translate" />
      <sampler id="hpl_mixamorigwRightShoulder-rotz-sampler"><input semantic="INPUT" source="#hpl_mixamorigwRightShoulder-time" /><input semantic="OUTPUT" source="#hpl_mixamorigwRightShoulder-rotz" /></sampler><channel source="#hpl_mixamorigwRightShoulder-rotz-sampler" target="mixamorigwRightShoulder/rotateZ.ANGLE" />
      <sampler id="hpl_mixamorigwRightShoulder-roty-sampler"><input semantic="INPUT" source="#hpl_mixamorigwRightShoulder-time" /><input semantic="OUTPUT" source="#hpl_mixamorigwRightShoulder-roty" /></sampler><channel source="#hpl_mixamorigwRightShoulder-roty-sampler" target="mixamorigwRightShoulder/rotateY.ANGLE" />
      <sampler id="hpl_mixamorigwRightShoulder-rotx-sampler"><input semantic="INPUT" source="#hpl_mixamorigwRightShoulder-time" /><input semantic="OUTPUT" source="#hpl_mixamorigwRightShoulder-rotx" /></sampler><channel source="#hpl_mixamorigwRightShoulder-rotx-sampler" target="mixamorigwRightShoulder/rotateX.ANGLE" />
    </animation>
    <animation id="hpl_mixamorigwRightArm">
      <source id="hpl_mixamorigwRightArm-time"><float_array id="hpl_mixamorigwRightArm-time-array" count="93">0 1 2 3 4 5 6 7 8 9 10 11 12 13 14 15 16 17 18 19 20 21 22 23 24 25 26 27 28 29 30 31 32 33 34 35 36 37 38 39 40 41 42 43 44 45 46 47 48 49 50 51 52 53 54 55 56 57 58 59 60 61 62 63 64 65 66 67 68 69 70 71 72 73 74 75 76 77 78 79 80 81 82 83 84 85 86 87 88 89 90 91 92</float_array><technique_common><accessor source="#hpl_mixamorigwRightArm-time-array" count="93" stride="1" /></technique_common></source>
      <source id="hpl_mixamorigwRightArm-trans"><float_array id="hpl_mixamorigwRightArm-trans-array" count="279">-1.6677e-06 0.163363 3.4728e-06 -1.6677e-06 0.163363 3.4728e-06 -1.6677e-06 0.163363 3.4728e-06 -1.6677e-06 0.163363 3.4728e-06 -1.6677e-06 0.163363 3.4728e-06 -1.6677e-06 0.163363 3.4728e-06 -1.6677e-06 0.163363 3.4728e-06 -1.6677e-06 0.163363 3.4728e-06 -1.6677e-06 0.163363 3.4728e-06 -1.6677e-06 0.163363 3.4728e-06 -1.6677e-06 0.163363 3.4728e-06 -1.6677e-06 0.163363 3.4728e-06 -1.6677e-06 0.163363 3.4728e-06 -1.6677e-06 0.163363 3.4728e-06 -1.6677e-06 0.163363 3.4728e-06 -1.6677e-06 0.163363 3.4728e-06 -1.6677e-06 0.163363 3.4728e-06 -1.6677e-06 0.163363 3.4728e-06 -1.6677e-06 0.163363 3.4728e-06 -1.6677e-06 0.163363 3.4728e-06 -1.6677e-06 0.163363 3.4728e-06 -1.6677e-06 0.163363 3.4728e-06 -1.6677e-06 0.163363 3.4728e-06 -1.6677e-06 0.163363 3.4728e-06 -1.6677e-06 0.163363 3.4728e-06 -1.6677e-06 0.163363 3.4728e-06 -1.6677e-06 0.163363 3.4728e-06 -1.6677e-06 0.163363 3.4728e-06 -1.6677e-06 0.163363 3.4728e-06 -1.6677e-06 0.163363 3.4728e-06 -1.6677e-06 0.163363 3.4728e-06 -1.6677e-06 0.163363 3.4728e-06 -1.6677e-06 0.163363 3.4728e-06 -1.6677e-06 0.163363 3.4728e-06 -1.6677e-06 0.163363 3.4728e-06 -1.6677e-06 0.163363 3.4728e-06 -1.6677e-06 0.163363 3.4728e-06 -1.6677e-06 0.163363 3.4728e-06 -1.6677e-06 0.163363 3.4728e-06 -1.6677e-06 0.163363 3.4728e-06 -1.6677e-06 0.163363 3.4728e-06 -1.6677e-06 0.163363 3.4728e-06 -1.6677e-06 0.163363 3.4728e-06 -1.6677e-06 0.163363 3.4728e-06 -1.6677e-06 0.163363 3.4728e-06 -1.6677e-06 0.163363 3.4728e-06 -1.6677e-06 0.163363 3.4728e-06 -1.6677e-06 0.163363 3.4728e-06 -1.6677e-06 0.163363 3.4728e-06 -1.6677e-06 0.163363 3.4728e-06 -1.6677e-06 0.163363 3.4728e-06 -1.6677e-06 0.163363 3.4728e-06 -1.6677e-06 0.163363 3.4728e-06 -1.6677e-06 0.163363 3.4728e-06 -1.6677e-06 0.163363 3.4728e-06 -1.6677e-06 0.163363 3.4728e-06 -1.6677e-06 0.163363 3.4728e-06 -1.6677e-06 0.163363 3.4728e-06 -1.6677e-06 0.163363 3.4728e-06 -1.6677e-06 0.163363 3.4728e-06 -1.6677e-06 0.163363 3.4728e-06 -1.6677e-06 0.163363 3.4728e-06 -1.6677e-06 0.163363 3.4728e-06 -1.6677e-06 0.163363 3.4728e-06 -1.6677e-06 0.163363 3.4728e-06 -1.6677e-06 0.163363 3.4728e-06 -1.6677e-06 0.163363 3.4728e-06 -1.6677e-06 0.163363 3.4728e-06 -1.6677e-06 0.163363 3.4728e-06 -1.6677e-06 0.163363 3.4728e-06 -1.6677e-06 0.163363 3.4728e-06 -1.6677e-06 0.163363 3.4728e-06 -1.6677e-06 0.163363 3.4728e-06 -1.6677e-06 0.163363 3.4728e-06 -1.6677e-06 0.163363 3.4728e-06 -1.6677e-06 0.163363 3.4728e-06 -1.6677e-06 0.163363 3.4728e-06 -1.6677e-06 0.163363 3.4728e-06 -1.6677e-06 0.163363 3.4728e-06 -1.6677e-06 0.163363 3.4728e-06 -1.6677e-06 0.163363 3.4728e-06 -1.6677e-06 0.163363 3.4728e-06 -1.6677e-06 0.163363 3.4728e-06 -1.6677e-06 0.163363 3.4728e-06 -1.6677e-06 0.163363 3.4728e-06 -1.6677e-06 0.163363 3.4728e-06 -1.6677e-06 0.163363 3.4728e-06 -1.6677e-06 0.163363 3.4728e-06 -1.6677e-06 0.163363 3.4728e-06 -1.6677e-06 0.163363 3.4728e-06 -1.6677e-06 0.163363 3.4728e-06 -1.6677e-06 0.163363 3.4728e-06 -1.6677e-06 0.163363 3.4728e-06</float_array><technique_common><accessor source="#hpl_mixamorigwRightArm-trans-array" count="93" stride="3" /></technique_common></source>
      <source id="hpl_mixamorigwRightArm-rotz"><float_array id="hpl_mixamorigwRightArm-rotz-array" count="93">-57.0765 -57.0687 -57.1309 -57.1139 -57.1073 -57.0869 -57.0699 -57.0431 -57.0364 -56.9912 -56.9892 -57.0201 -57.1321 -57.2497 -57.2968 -57.2705 -57.2497 -57.2672 -57.2846 -57.3525 -57.4143 -57.4426 -57.4439 -57.4692 -57.506 -57.5345 -57.5964 -57.5957 -57.572 -57.5757 -57.5361 -57.4804 -57.4407 -57.3983 -57.4107 -57.3872 -57.3688 -57.3464 -57.3332 -57.2995 -57.298 -57.3141 -57.2757 -57.2737 -57.2951 -57.3809 -57.4665 -57.5605 -57.6234 -57.6586 -57.634 -57.6176 -57.5932 -57.5558 -57.5141 -57.4492 -57.3989 -57.323 -57.2926 -57.3253 -57.4101 -57.4781 -57.4845 -57.5118 -57.524 -57.4876 -57.4327 -57.3618 -57.2953 -57.1954 -57.0755 -56.9849 -56.9802 -57.0309 -57.1249 -57.177 -57.1511 -57.0632 -57.0408 -57.0651 -57.1128 -57.1654 -57.2418 -57.2064 -57.1581 -57.1846 -57.2449 -57.361 -57.4533 -57.4806 -57.4509 -57.4135 -57.0765</float_array><technique_common><accessor source="#hpl_mixamorigwRightArm-rotz-array" count="93" stride="1" /></technique_common></source>
      <source id="hpl_mixamorigwRightArm-roty"><float_array id="hpl_mixamorigwRightArm-roty-array" count="93">-10.9339 -10.9414 -10.9685 -10.9785 -11.011 -11.0236 -11.0084 -11.0028 -11.0016 -11.0033 -11.0166 -11.061 -11.105 -11.1192 -11.1176 -11.0859 -11.0502 -11.0335 -11.0159 -11.0039 -11.0091 -11.0195 -11.0355 -11.0436 -11.0632 -11.0951 -11.1136 -11.1205 -11.1222 -11.1519 -11.1409 -11.1509 -11.1566 -11.1334 -11.1492 -11.1174 -11.1142 -11.1288 -11.1182 -11.0844 -11.0678 -11.0248 -10.9585 -10.9284 -10.8921 -10.9188 -10.9463 -10.986 -11.0119 -11.0364 -11.0579 -11.0725 -11.084 -11.1035 -11.0947 -11.0687 -11.0312 -10.9743 -10.9316 -10.9288 -10.9751 -11.0221 -11.0048 -10.9956 -10.9758 -10.9582 -10.8996 -10.8637 -10.8385 -10.8225 -10.7963 -10.8058 -10.8649 -10.9214 -10.9678 -10.9851 -10.9819 -10.9462 -10.943 -10.9596 -10.9755 -10.9684 -10.951 -10.885 -10.8537 -10.856 -10.8845 -10.9324 -10.987 -11.0075 -11.0129 -11.0495 -10.9339</float_array><technique_common><accessor source="#hpl_mixamorigwRightArm-roty-array" count="93" stride="1" /></technique_common></source>
      <source id="hpl_mixamorigwRightArm-rotx"><float_array id="hpl_mixamorigwRightArm-rotx-array" count="93">61.4497 61.4447 61.4565 61.437 61.4418 61.4551 61.4777 61.4762 61.4883 61.494 61.5261 61.5522 61.575 61.5903 61.5602 61.5218 61.5139 61.5313 61.5215 61.5282 61.5432 61.5586 61.5409 61.5479 61.5482 61.5192 61.5134 61.5087 61.4655 61.4555 61.4315 61.4266 61.442 61.4419 61.4461 61.4219 61.4213 61.41 61.3996 61.3556 61.3214 61.3285 61.3058 61.3027 61.3344 61.359 61.385 61.4084 61.4459 61.4599 61.4676 61.4753 61.5056 61.4957 61.467 61.4392 61.4086 61.3863 61.3622 61.3645 61.3747 61.3859 61.3985 61.4054 61.3869 61.3472 61.3093 61.2803 61.275 61.2492 61.2491 61.2282 61.2274 61.2496 61.2848 61.3173 61.3148 61.3334 61.339 61.3491 61.3412 61.3091 61.3309 61.3075 61.2842 61.2718 61.2751 61.2872 61.3002 61.3014 61.2899 61.294 61.4497</float_array><technique_common><accessor source="#hpl_mixamorigwRightArm-rotx-array" count="93" stride="1" /></technique_common></source>
      <sampler id="hpl_mixamorigwRightArm-trans-sampler"><input semantic="INPUT" source="#hpl_mixamorigwRightArm-time" /><input semantic="OUTPUT" source="#hpl_mixamorigwRightArm-trans" /></sampler><channel source="#hpl_mixamorigwRightArm-trans-sampler" target="mixamorigwRightArm/translate" />
      <sampler id="hpl_mixamorigwRightArm-rotz-sampler"><input semantic="INPUT" source="#hpl_mixamorigwRightArm-time" /><input semantic="OUTPUT" source="#hpl_mixamorigwRightArm-rotz" /></sampler><channel source="#hpl_mixamorigwRightArm-rotz-sampler" target="mixamorigwRightArm/rotateZ.ANGLE" />
      <sampler id="hpl_mixamorigwRightArm-roty-sampler"><input semantic="INPUT" source="#hpl_mixamorigwRightArm-time" /><input semantic="OUTPUT" source="#hpl_mixamorigwRightArm-roty" /></sampler><channel source="#hpl_mixamorigwRightArm-roty-sampler" target="mixamorigwRightArm/rotateY.ANGLE" />
      <sampler id="hpl_mixamorigwRightArm-rotx-sampler"><input semantic="INPUT" source="#hpl_mixamorigwRightArm-time" /><input semantic="OUTPUT" source="#hpl_mixamorigwRightArm-rotx" /></sampler><channel source="#hpl_mixamorigwRightArm-rotx-sampler" target="mixamorigwRightArm/rotateX.ANGLE" />
    </animation>
    <animation id="hpl_mixamorigwRightForeArm">
      <source id="hpl_mixamorigwRightForeArm-time"><float_array id="hpl_mixamorigwRightForeArm-time-array" count="93">0 1 2 3 4 5 6 7 8 9 10 11 12 13 14 15 16 17 18 19 20 21 22 23 24 25 26 27 28 29 30 31 32 33 34 35 36 37 38 39 40 41 42 43 44 45 46 47 48 49 50 51 52 53 54 55 56 57 58 59 60 61 62 63 64 65 66 67 68 69 70 71 72 73 74 75 76 77 78 79 80 81 82 83 84 85 86 87 88 89 90 91 92</float_array><technique_common><accessor source="#hpl_mixamorigwRightForeArm-time-array" count="93" stride="1" /></technique_common></source>
      <source id="hpl_mixamorigwRightForeArm-trans"><float_array id="hpl_mixamorigwRightForeArm-trans-array" count="279">8.8996e-07 0.227531 -3.63292e-06 8.8996e-07 0.227531 -3.63292e-06 8.8996e-07 0.227531 -3.63292e-06 8.8996e-07 0.227531 -3.63292e-06 8.8996e-07 0.227531 -3.63292e-06 8.8996e-07 0.227531 -3.63292e-06 8.8996e-07 0.227531 -3.63292e-06 8.8996e-07 0.227531 -3.63292e-06 8.8996e-07 0.227531 -3.63292e-06 8.8996e-07 0.227531 -3.63292e-06 8.8996e-07 0.227531 -3.63292e-06 8.8996e-07 0.227531 -3.63292e-06 8.8996e-07 0.227531 -3.63292e-06 8.8996e-07 0.227531 -3.63292e-06 8.8996e-07 0.227531 -3.63292e-06 8.8996e-07 0.227531 -3.63292e-06 8.8996e-07 0.227531 -3.63292e-06 8.8996e-07 0.227531 -3.63292e-06 8.8996e-07 0.227531 -3.63292e-06 8.8996e-07 0.227531 -3.63292e-06 8.8996e-07 0.227531 -3.63292e-06 8.8996e-07 0.227531 -3.63292e-06 8.8996e-07 0.227531 -3.63292e-06 8.8996e-07 0.227531 -3.63292e-06 8.8996e-07 0.227531 -3.63292e-06 8.8996e-07 0.227531 -3.63292e-06 8.8996e-07 0.227531 -3.63292e-06 8.8996e-07 0.227531 -3.63292e-06 8.8996e-07 0.227531 -3.63292e-06 8.8996e-07 0.227531 -3.63292e-06 8.8996e-07 0.227531 -3.63292e-06 8.8996e-07 0.227531 -3.63292e-06 8.8996e-07 0.227531 -3.63292e-06 8.8996e-07 0.227531 -3.63292e-06 8.8996e-07 0.227531 -3.63292e-06 8.8996e-07 0.227531 -3.63292e-06 8.8996e-07 0.227531 -3.63292e-06 8.8996e-07 0.227531 -3.63292e-06 8.8996e-07 0.227531 -3.63292e-06 8.8996e-07 0.227531 -3.63292e-06 8.8996e-07 0.227531 -3.63292e-06 8.8996e-07 0.227531 -3.63292e-06 8.8996e-07 0.227531 -3.63292e-06 8.8996e-07 0.227531 -3.63292e-06 8.8996e-07 0.227531 -3.63292e-06 8.8996e-07 0.227531 -3.63292e-06 8.8996e-07 0.227531 -3.63292e-06 8.8996e-07 0.227531 -3.63292e-06 8.8996e-07 0.227531 -3.63292e-06 8.8996e-07 0.227531 -3.63292e-06 8.8996e-07 0.227531 -3.63292e-06 8.8996e-07 0.227531 -3.63292e-06 8.8996e-07 0.227531 -3.63292e-06 8.8996e-07 0.227531 -3.63292e-06 8.8996e-07 0.227531 -3.63292e-06 8.8996e-07 0.227531 -3.63292e-06 8.8996e-07 0.227531 -3.63292e-06 8.8996e-07 0.227531 -3.63292e-06 8.8996e-07 0.227531 -3.63292e-06 8.8996e-07 0.227531 -3.63292e-06 8.8996e-07 0.227531 -3.63292e-06 8.8996e-07 0.227531 -3.63292e-06 8.8996e-07 0.227531 -3.63292e-06 8.8996e-07 0.227531 -3.63292e-06 8.8996e-07 0.227531 -3.63292e-06 8.8996e-07 0.227531 -3.63292e-06 8.8996e-07 0.227531 -3.63292e-06 8.8996e-07 0.227531 -3.63292e-06 8.8996e-07 0.227531 -3.63292e-06 8.8996e-07 0.227531 -3.63292e-06 8.8996e-07 0.227531 -3.63292e-06 8.8996e-07 0.227531 -3.63292e-06 8.8996e-07 0.227531 -3.63292e-06 8.8996e-07 0.227531 -3.63292e-06 8.8996e-07 0.227531 -3.63292e-06 8.8996e-07 0.227531 -3.63292e-06 8.8996e-07 0.227531 -3.63292e-06 8.8996e-07 0.227531 -3.63292e-06 8.8996e-07 0.227531 -3.63292e-06 8.8996e-07 0.227531 -3.63292e-06 8.8996e-07 0.227531 -3.63292e-06 8.8996e-07 0.227531 -3.63292e-06 8.8996e-07 0.227531 -3.63292e-06 8.8996e-07 0.227531 -3.63292e-06 8.8996e-07 0.227531 -3.63292e-06 8.8996e-07 0.227531 -3.63292e-06 8.8996e-07 0.227531 -3.63292e-06 8.8996e-07 0.227531 -3.63292e-06 8.8996e-07 0.227531 -3.63292e-06 8.8996e-07 0.227531 -3.63292e-06 8.8996e-07 0.227531 -3.63292e-06 8.8996e-07 0.227531 -3.63292e-06 8.8996e-07 0.227531 -3.63292e-06</float_array><technique_common><accessor source="#hpl_mixamorigwRightForeArm-trans-array" count="93" stride="3" /></technique_common></source>
      <source id="hpl_mixamorigwRightForeArm-rotz"><float_array id="hpl_mixamorigwRightForeArm-rotz-array" count="93">-29.0711 -29.0603 -29.031 -29.0266 -29.0235 -29.0165 -29.0205 -29.0528 -29.0686 -29.0984 -29.1181 -29.1275 -29.1096 -29.0738 -29.0579 -29.0379 -29.0172 -29.0221 -29.0439 -29.0919 -29.1262 -29.1771 -29.2211 -29.225 -29.2135 -29.2062 -29.1469 -29.0936 -29.0551 -29.0298 -29.0201 -29.0119 -29.0091 -29.0177 -29.0332 -29.0782 -29.0743 -29.09 -29.109 -29.105 -29.1025 -29.0654 -29.0422 -29.0724 -29.0951 -29.115 -29.125 -29.1289 -29.1364 -29.1342 -29.1442 -29.1242 -29.1175 -29.087 -29.0641 -29.0132 -28.987 -28.9905 -29.0101 -29.0351 -29.0803 -29.1322 -29.1745 -29.1672 -29.1833 -29.1688 -29.1417 -29.1467 -29.1576 -29.1927 -29.202 -29.2193 -29.2156 -29.1992 -29.1488 -29.1195 -29.1203 -29.124 -29.1352 -29.1131 -29.0979 -29.0701 -29.0316 -29.0162 -29.0059 -29.0001 -28.9925 -28.9485 -28.9057 -28.8566 -28.8447 -28.8653 -29.0711</float_array><technique_common><accessor source="#hpl_mixamorigwRightForeArm-rotz-array" count="93" stride="1" /></technique_common></source>
      <source id="hpl_mixamorigwRightForeArm-roty"><float_array id="hpl_mixamorigwRightForeArm-roty-array" count="93">11.6674 11.6619 11.663 11.6594 11.669 11.6658 11.6546 11.6775 11.6758 11.6761 11.6658 11.6771 11.6565 11.6694 11.659 11.6463 11.6556 11.6726 11.6741 11.6687 11.6551 11.6381 11.6276 11.6425 11.6144 11.6094 11.6026 11.6028 11.6321 11.6314 11.6238 11.6312 11.6386 11.643 11.6421 11.634 11.6224 11.6282 11.6327 11.6256 11.6391 11.6522 11.6543 11.6667 11.6525 11.641 11.6426 11.6359 11.6277 11.6133 11.6226 11.6089 11.6373 11.6281 11.6266 11.625 11.6307 11.6377 11.6475 11.6339 11.6133 11.6167 11.5934 11.5834 11.5999 11.6023 11.5967 11.6203 11.6235 11.6444 11.636 11.6427 11.6331 11.6352 11.6271 11.6242 11.6392 11.6316 11.6484 11.6378 11.6329 11.6269 11.6309 11.6309 11.6261 11.6558 11.6318 11.6154 11.6293 11.6272 11.6253 11.6199 11.6674</float_array><technique_common><accessor source="#hpl_mixamorigwRightForeArm-roty-array" count="93" stride="1" /></technique_common></source>
      <source id="hpl_mixamorigwRightForeArm-rotx"><float_array id="hpl_mixamorigwRightForeArm-rotx-array" count="93">-6.06233 -6.0382 -6.07426 -6.04366 -6.05513 -6.06355 -6.0665 -6.04439 -6.04154 -6.04564 -6.05931 -6.09729 -6.12458 -6.14647 -6.13813 -6.09909 -6.07185 -6.0565 -6.06589 -6.06816 -6.10218 -6.12921 -6.14265 -6.1594 -6.16068 -6.15351 -6.17396 -6.1644 -6.16159 -6.1651 -6.15078 -6.14278 -6.13635 -6.11225 -6.1365 -6.1471 -6.16016 -6.15584 -6.15095 -6.11149 -6.10861 -6.12784 -6.11387 -6.11425 -6.09774 -6.11088 -6.13866 -6.15355 -6.18732 -6.20938 -6.18461 -6.16484 -6.14492 -6.11142 -6.07897 -6.07618 -6.04851 -6.0206 -5.98471 -5.96906 -6.00458 -6.04809 -6.11485 -6.14492 -6.1551 -6.11663 -6.08653 -6.07467 -6.07842 -6.07029 -6.03394 -6.01984 -6.01137 -6.01957 -6.04805 -6.06085 -6.08408 -6.06948 -6.08721 -6.12216 -6.12424 -6.09929 -6.12003 -6.09079 -6.07706 -6.07659 -6.07551 -6.08845 -6.09724 -6.10705 -6.08301 -6.07078 -6.06233</float_array><technique_common><accessor source="#hpl_mixamorigwRightForeArm-rotx-array" count="93" stride="1" /></technique_common></source>
      <sampler id="hpl_mixamorigwRightForeArm-trans-sampler"><input semantic="INPUT" source="#hpl_mixamorigwRightForeArm-time" /><input semantic="OUTPUT" source="#hpl_mixamorigwRightForeArm-trans" /></sampler><channel source="#hpl_mixamorigwRightForeArm-trans-sampler" target="mixamorigwRightForeArm/translate" />
      <sampler id="hpl_mixamorigwRightForeArm-rotz-sampler"><input semantic="INPUT" source="#hpl_mixamorigwRightForeArm-time" /><input semantic="OUTPUT" source="#hpl_mixamorigwRightForeArm-rotz" /></sampler><channel source="#hpl_mixamorigwRightForeArm-rotz-sampler" target="mixamorigwRightForeArm/rotateZ.ANGLE" />
      <sampler id="hpl_mixamorigwRightForeArm-roty-sampler"><input semantic="INPUT" source="#hpl_mixamorigwRightForeArm-time" /><input semantic="OUTPUT" source="#hpl_mixamorigwRightForeArm-roty" /></sampler><channel source="#hpl_mixamorigwRightForeArm-roty-sampler" target="mixamorigwRightForeArm/rotateY.ANGLE" />
      <sampler id="hpl_mixamorigwRightForeArm-rotx-sampler"><input semantic="INPUT" source="#hpl_mixamorigwRightForeArm-time" /><input semantic="OUTPUT" source="#hpl_mixamorigwRightForeArm-rotx" /></sampler><channel source="#hpl_mixamorigwRightForeArm-rotx-sampler" target="mixamorigwRightForeArm/rotateX.ANGLE" />
    </animation>
    <animation id="hpl_mixamorigwRightHand">
      <source id="hpl_mixamorigwRightHand-time"><float_array id="hpl_mixamorigwRightHand-time-array" count="93">0 1 2 3 4 5 6 7 8 9 10 11 12 13 14 15 16 17 18 19 20 21 22 23 24 25 26 27 28 29 30 31 32 33 34 35 36 37 38 39 40 41 42 43 44 45 46 47 48 49 50 51 52 53 54 55 56 57 58 59 60 61 62 63 64 65 66 67 68 69 70 71 72 73 74 75 76 77 78 79 80 81 82 83 84 85 86 87 88 89 90 91 92</float_array><technique_common><accessor source="#hpl_mixamorigwRightHand-time-array" count="93" stride="1" /></technique_common></source>
      <source id="hpl_mixamorigwRightHand-trans"><float_array id="hpl_mixamorigwRightHand-trans-array" count="279">4.98903e-08 0.253119 5.47996e-06 4.98903e-08 0.253119 5.47996e-06 4.98903e-08 0.253119 5.47996e-06 4.98903e-08 0.253119 5.47996e-06 4.98903e-08 0.253119 5.47996e-06 4.98903e-08 0.253119 5.47996e-06 4.98903e-08 0.253119 5.47996e-06 4.98903e-08 0.253119 5.47996e-06 4.98903e-08 0.253119 5.47996e-06 4.98903e-08 0.253119 5.47996e-06 4.98903e-08 0.253119 5.47996e-06 4.98903e-08 0.253119 5.47996e-06 4.98903e-08 0.253119 5.47996e-06 4.98903e-08 0.253119 5.47996e-06 4.98903e-08 0.253119 5.47996e-06 4.98903e-08 0.253119 5.47996e-06 4.98903e-08 0.253119 5.47996e-06 4.98903e-08 0.253119 5.47996e-06 4.98903e-08 0.253119 5.47996e-06 4.98903e-08 0.253119 5.47996e-06 4.98903e-08 0.253119 5.47996e-06 4.98903e-08 0.253119 5.47996e-06 4.98903e-08 0.253119 5.47996e-06 4.98903e-08 0.253119 5.47996e-06 4.98903e-08 0.253119 5.47996e-06 4.98903e-08 0.253119 5.47996e-06 4.98903e-08 0.253119 5.47996e-06 4.98903e-08 0.253119 5.47996e-06 4.98903e-08 0.253119 5.47996e-06 4.98903e-08 0.253119 5.47996e-06 4.98903e-08 0.253119 5.47996e-06 4.98903e-08 0.253119 5.47996e-06 4.98903e-08 0.253119 5.47996e-06 4.98903e-08 0.253119 5.47996e-06 4.98903e-08 0.253119 5.47996e-06 4.98903e-08 0.253119 5.47996e-06 4.98903e-08 0.253119 5.47996e-06 4.98903e-08 0.253119 5.47996e-06 4.98903e-08 0.253119 5.47996e-06 4.98903e-08 0.253119 5.47996e-06 4.98903e-08 0.253119 5.47996e-06 4.98903e-08 0.253119 5.47996e-06 4.98903e-08 0.253119 5.47996e-06 4.98903e-08 0.253119 5.47996e-06 4.98903e-08 0.253119 5.47996e-06 4.98903e-08 0.253119 5.47996e-06 4.98903e-08 0.253119 5.47996e-06 4.98903e-08 0.253119 5.47996e-06 4.98903e-08 0.253119 5.47996e-06 4.98903e-08 0.253119 5.47996e-06 4.98903e-08 0.253119 5.47996e-06 4.98903e-08 0.253119 5.47996e-06 4.98903e-08 0.253119 5.47996e-06 4.98903e-08 0.253119 5.47996e-06 4.98903e-08 0.253119 5.47996e-06 4.98903e-08 0.253119 5.47996e-06 4.98903e-08 0.253119 5.47996e-06 4.98903e-08 0.253119 5.47996e-06 4.98903e-08 0.253119 5.47996e-06 4.98903e-08 0.253119 5.47996e-06 4.98903e-08 0.253119 5.47996e-06 4.98903e-08 0.253119 5.47996e-06 4.98903e-08 0.253119 5.47996e-06 4.98903e-08 0.253119 5.47996e-06 4.98903e-08 0.253119 5.47996e-06 4.98903e-08 0.253119 5.47996e-06 4.98903e-08 0.253119 5.47996e-06 4.98903e-08 0.253119 5.47996e-06 4.98903e-08 0.253119 5.47996e-06 4.98903e-08 0.253119 5.47996e-06 4.98903e-08 0.253119 5.47996e-06 4.98903e-08 0.253119 5.47996e-06 4.98903e-08 0.253119 5.47996e-06 4.98903e-08 0.253119 5.47996e-06 4.98903e-08 0.253119 5.47996e-06 4.98903e-08 0.253119 5.47996e-06 4.98903e-08 0.253119 5.47996e-06 4.98903e-08 0.253119 5.47996e-06 4.98903e-08 0.253119 5.47996e-06 4.98903e-08 0.253119 5.47996e-06 4.98903e-08 0.253119 5.47996e-06 4.98903e-08 0.253119 5.47996e-06 4.98903e-08 0.253119 5.47996e-06 4.98903e-08 0.253119 5.47996e-06 4.98903e-08 0.253119 5.47996e-06 4.98903e-08 0.253119 5.47996e-06 4.98903e-08 0.253119 5.47996e-06 4.98903e-08 0.253119 5.47996e-06 4.98903e-08 0.253119 5.47996e-06 4.98903e-08 0.253119 5.47996e-06 4.98903e-08 0.253119 5.47996e-06 4.98903e-08 0.253119 5.47996e-06 4.98903e-08 0.253119 5.47996e-06</float_array><technique_common><accessor source="#hpl_mixamorigwRightHand-trans-array" count="93" stride="3" /></technique_common></source>
      <source id="hpl_mixamorigwRightHand-rotz"><float_array id="hpl_mixamorigwRightHand-rotz-array" count="93">-5.69602 -5.70362 -5.71706 -5.74632 -5.7797 -5.77969 -5.77129 -5.79061 -5.78375 -5.76438 -5.72115 -5.70389 -5.67884 -5.69557 -5.6868 -5.6869 -5.71736 -5.75216 -5.76976 -5.75146 -5.69031 -5.66158 -5.61533 -5.6292 -5.64604 -5.67816 -5.72403 -5.75334 -5.78817 -5.78872 -5.76964 -5.74939 -5.71014 -5.67305 -5.66318 -5.66618 -5.68201 -5.68214 -5.69512 -5.70228 -5.70664 -5.74135 -5.75677 -5.75821 -5.73482 -5.70577 -5.6859 -5.66083 -5.6388 -5.61613 -5.61185 -5.62101 -5.62853 -5.62764 -5.5823 -5.55761 -5.5353 -5.5116 -5.49983 -5.47926 -5.47404 -5.46503 -5.42597 -5.43407 -5.43866 -5.45515 -5.48258 -5.48322 -5.44699 -5.39848 -5.3731 -5.33843 -5.32341 -5.32753 -5.3475 -5.35497 -5.35599 -5.36273 -5.37833 -5.38348 -5.40659 -5.41109 -5.4297 -5.45715 -5.51677 -5.55469 -5.55541 -5.58337 -5.60606 -5.61457 -5.58109 -5.54789 -5.69602</float_array><technique_common><accessor source="#hpl_mixamorigwRightHand-rotz-array" count="93" stride="1" /></technique_common></source>
      <source id="hpl_mixamorigwRightHand-roty"><float_array id="hpl_mixamorigwRightHand-roty-array" count="93">-20.8286 -20.8619 -20.8356 -20.7897 -20.8076 -20.793 -20.791 -20.8625 -20.8921 -20.8889 -20.8672 -20.8889 -20.877 -20.8948 -20.9547 -21.0818 -21.2507 -21.3748 -21.3872 -21.3148 -21.2518 -21.2391 -21.2027 -21.2277 -21.1706 -21.1115 -21.0531 -21.0323 -21.1187 -21.2018 -21.2959 -21.3748 -21.4069 -21.393 -21.3696 -21.3604 -21.3735 -21.402 -21.41 -21.4378 -21.4637 -21.4754 -21.5706 -21.5906 -21.6162 -21.5912 -21.5353 -21.4263 -21.3456 -21.3073 -21.2954 -21.2856 -21.3239 -21.3559 -21.4253 -21.4864 -21.4987 -21.5656 -21.6136 -21.5909 -21.5867 -21.6103 -21.6086 -21.5409 -21.5566 -21.5522 -21.6295 -21.7318 -21.7981 -21.8352 -21.8708 -21.8582 -21.8492 -21.8208 -21.7744 -21.7052 -21.6657 -21.537 -21.4441 -21.4507 -21.595 -21.7308 -21.8649 -21.9569 -22.0239 -22.0103 -21.9325 -21.8013 -21.713 -21.6058 -21.4962 -21.4554 -20.8286</float_array><technique_common><accessor source="#hpl_mixamorigwRightHand-roty-array" count="93" stride="1" /></technique_common></source>
      <source id="hpl_mixamorigwRightHand-rotx"><float_array id="hpl_mixamorigwRightHand-rotx-array" count="93">9.9726 9.95717 9.97502 9.96106 9.96034 9.98397 10.0024 10.0224 10.0381 10.0529 10.0657 10.0966 10.1029 10.1213 10.1409 10.1571 10.1888 10.2149 10.2239 10.1805 10.169 10.1621 10.0986 10.0892 10.0794 10.0922 10.1436 10.1776 10.2039 10.1851 10.1665 10.167 10.1387 10.0971 10.0888 10.0769 10.0711 10.0646 10.0853 10.0816 10.074 10.1077 10.1272 10.1513 10.1825 10.2076 10.2324 10.2198 10.2272 10.2124 10.1589 10.1481 10.152 10.1817 10.181 10.2267 10.2366 10.2557 10.2752 10.2615 10.256 10.259 10.277 10.2492 10.2447 10.2333 10.2456 10.2371 10.2181 10.1846 10.161 10.155 10.1348 10.0997 10.0793 10.0727 10.0999 10.1094 10.1335 10.1872 10.2127 10.2063 10.266 10.3065 10.3419 10.3594 10.3668 10.3635 10.3499 10.3436 10.3333 10.3596 9.9726</float_array><technique_common><accessor source="#hpl_mixamorigwRightHand-rotx-array" count="93" stride="1" /></technique_common></source>
      <sampler id="hpl_mixamorigwRightHand-trans-sampler"><input semantic="INPUT" source="#hpl_mixamorigwRightHand-time" /><input semantic="OUTPUT" source="#hpl_mixamorigwRightHand-trans" /></sampler><channel source="#hpl_mixamorigwRightHand-trans-sampler" target="mixamorigwRightHand/translate" />
      <sampler id="hpl_mixamorigwRightHand-rotz-sampler"><input semantic="INPUT" source="#hpl_mixamorigwRightHand-time" /><input semantic="OUTPUT" source="#hpl_mixamorigwRightHand-rotz" /></sampler><channel source="#hpl_mixamorigwRightHand-rotz-sampler" target="mixamorigwRightHand/rotateZ.ANGLE" />
      <sampler id="hpl_mixamorigwRightHand-roty-sampler"><input semantic="INPUT" source="#hpl_mixamorigwRightHand-time" /><input semantic="OUTPUT" source="#hpl_mixamorigwRightHand-roty" /></sampler><channel source="#hpl_mixamorigwRightHand-roty-sampler" target="mixamorigwRightHand/rotateY.ANGLE" />
      <sampler id="hpl_mixamorigwRightHand-rotx-sampler"><input semantic="INPUT" source="#hpl_mixamorigwRightHand-time" /><input semantic="OUTPUT" source="#hpl_mixamorigwRightHand-rotx" /></sampler><channel source="#hpl_mixamorigwRightHand-rotx-sampler" target="mixamorigwRightHand/rotateX.ANGLE" />
    </animation>
    <animation id="hpl_mixamorigwNeck">
      <source id="hpl_mixamorigwNeck-time"><float_array id="hpl_mixamorigwNeck-time-array" count="93">0 1 2 3 4 5 6 7 8 9 10 11 12 13 14 15 16 17 18 19 20 21 22 23 24 25 26 27 28 29 30 31 32 33 34 35 36 37 38 39 40 41 42 43 44 45 46 47 48 49 50 51 52 53 54 55 56 57 58 59 60 61 62 63 64 65 66 67 68 69 70 71 72 73 74 75 76 77 78 79 80 81 82 83 84 85 86 87 88 89 90 91 92</float_array><technique_common><accessor source="#hpl_mixamorigwNeck-time-array" count="93" stride="1" /></technique_common></source>
      <source id="hpl_mixamorigwNeck-trans"><float_array id="hpl_mixamorigwNeck-trans-array" count="279">6.19502e-05 0.104082 0.00273268 6.19502e-05 0.104082 0.00273268 6.19502e-05 0.104082 0.00273268 6.19502e-05 0.104082 0.00273268 6.19502e-05 0.104082 0.00273268 6.19502e-05 0.104082 0.00273268 6.19502e-05 0.104082 0.00273268 6.19502e-05 0.104082 0.00273268 6.19502e-05 0.104082 0.00273268 6.19502e-05 0.104082 0.00273268 6.19502e-05 0.104082 0.00273268 6.19502e-05 0.104082 0.00273268 6.19502e-05 0.104082 0.00273268 6.19502e-05 0.104082 0.00273268 6.19502e-05 0.104082 0.00273268 6.19502e-05 0.104082 0.00273268 6.19502e-05 0.104082 0.00273268 6.19502e-05 0.104082 0.00273268 6.19502e-05 0.104082 0.00273268 6.19502e-05 0.104082 0.00273268 6.19502e-05 0.104082 0.00273268 6.19502e-05 0.104082 0.00273268 6.19502e-05 0.104082 0.00273268 6.19502e-05 0.104082 0.00273268 6.19502e-05 0.104082 0.00273268 6.19502e-05 0.104082 0.00273268 6.19502e-05 0.104082 0.00273268 6.19502e-05 0.104082 0.00273268 6.19502e-05 0.104082 0.00273268 6.19502e-05 0.104082 0.00273268 6.19502e-05 0.104082 0.00273268 6.19502e-05 0.104082 0.00273268 6.19502e-05 0.104082 0.00273268 6.19502e-05 0.104082 0.00273268 6.19502e-05 0.104082 0.00273268 6.19502e-05 0.104082 0.00273268 6.19502e-05 0.104082 0.00273268 6.19502e-05 0.104082 0.00273268 6.19502e-05 0.104082 0.00273268 6.19502e-05 0.104082 0.00273268 6.19502e-05 0.104082 0.00273268 6.19502e-05 0.104082 0.00273268 6.19502e-05 0.104082 0.00273268 6.19502e-05 0.104082 0.00273268 6.19502e-05 0.104082 0.00273268 6.19502e-05 0.104082 0.00273268 6.19502e-05 0.104082 0.00273268 6.19502e-05 0.104082 0.00273268 6.19502e-05 0.104082 0.00273268 6.19502e-05 0.104082 0.00273268 6.19502e-05 0.104082 0.00273268 6.19502e-05 0.104082 0.00273268 6.19502e-05 0.104082 0.00273268 6.19502e-05 0.104082 0.00273268 6.19502e-05 0.104082 0.00273268 6.19502e-05 0.104082 0.00273268 6.19502e-05 0.104082 0.00273268 6.19502e-05 0.104082 0.00273268 6.19502e-05 0.104082 0.00273268 6.19502e-05 0.104082 0.00273268 6.19502e-05 0.104082 0.00273268 6.19502e-05 0.104082 0.00273268 6.19502e-05 0.104082 0.00273268 6.19502e-05 0.104082 0.00273268 6.19502e-05 0.104082 0.00273268 6.19502e-05 0.104082 0.00273268 6.19502e-05 0.104082 0.00273268 6.19502e-05 0.104082 0.00273268 6.19502e-05 0.104082 0.00273268 6.19502e-05 0.104082 0.00273268 6.19502e-05 0.104082 0.00273268 6.19502e-05 0.104082 0.00273268 6.19502e-05 0.104082 0.00273268 6.19502e-05 0.104082 0.00273268 6.19502e-05 0.104082 0.00273268 6.19502e-05 0.104082 0.00273268 6.19502e-05 0.104082 0.00273268 6.19502e-05 0.104082 0.00273268 6.19502e-05 0.104082 0.00273268 6.19502e-05 0.104082 0.00273268 6.19502e-05 0.104082 0.00273268 6.19502e-05 0.104082 0.00273268 6.19502e-05 0.104082 0.00273268 6.19502e-05 0.104082 0.00273268 6.19502e-05 0.104082 0.00273268 6.19502e-05 0.104082 0.00273268 6.19502e-05 0.104082 0.00273268 6.19502e-05 0.104082 0.00273268 6.19502e-05 0.104082 0.00273268 6.19502e-05 0.104082 0.00273268 6.19502e-05 0.104082 0.00273268 6.19502e-05 0.104082 0.00273268 6.19502e-05 0.104082 0.00273268</float_array><technique_common><accessor source="#hpl_mixamorigwNeck-trans-array" count="93" stride="3" /></technique_common></source>
      <source id="hpl_mixamorigwNeck-rotz"><float_array id="hpl_mixamorigwNeck-rotz-array" count="93">1.18619 1.18242 1.18731 1.20344 1.21817 1.23127 1.25014 1.25203 1.25522 1.26713 1.28813 1.30307 1.31819 1.32512 1.32907 1.34566 1.35465 1.36147 1.36367 1.35318 1.35004 1.3551 1.34215 1.32601 1.30453 1.27857 1.24931 1.23388 1.23361 1.24068 1.25192 1.26535 1.28058 1.2948 1.29779 1.29402 1.2912 1.3057 1.32133 1.34736 1.37328 1.38383 1.37946 1.37354 1.36683 1.37379 1.38255 1.4038 1.41648 1.41201 1.40206 1.3902 1.39577 1.41446 1.44743 1.46097 1.46848 1.47015 1.47716 1.48088 1.4913 1.49463 1.49378 1.48616 1.48019 1.48013 1.48738 1.49462 1.5048 1.5175 1.52892 1.54811 1.56848 1.59583 1.61978 1.6281 1.63898 1.64772 1.67664 1.7115 1.72641 1.72731 1.71033 1.69619 1.69603 1.69565 1.67381 1.63381 1.59579 1.57884 1.5751 1.57098 1.18619</float_array><technique_common><accessor source="#hpl_mixamorigwNeck-rotz-array" count="93" stride="1" /></technique_common></source>
      <source id="hpl_mixamorigwNeck-roty"><float_array id="hpl_mixamorigwNeck-roty-array" count="93">1.96202 1.94488 1.92865 1.90071 1.88584 1.88771 1.90734 1.91405 1.91888 1.92667 1.91904 1.89075 1.86697 1.84633 1.8451 1.84987 1.87496 1.90313 1.91597 1.92739 1.93823 1.95327 1.95752 1.97745 1.97889 1.96967 1.97529 1.9926 1.98583 1.96185 1.95626 1.95085 1.95256 1.94296 1.92457 1.90985 1.90577 1.8966 1.90578 1.92184 1.95509 1.98705 1.99739 1.99584 1.97679 1.95718 1.94824 1.93973 1.93906 1.92713 1.92303 1.93116 1.95492 1.9838 2.00604 2.01189 1.98587 1.96252 1.94453 1.93758 1.94911 1.95665 1.97963 1.98541 1.99057 1.98562 1.98696 1.97036 1.93451 1.92376 1.91141 1.89115 1.87573 1.86879 1.87146 1.8568 1.83733 1.82491 1.79145 1.77328 1.75611 1.7519 1.75118 1.75027 1.73202 1.72541 1.72457 1.74548 1.77677 1.80874 1.82845 1.81945 1.96202</float_array><technique_common><accessor source="#hpl_mixamorigwNeck-roty-array" count="93" stride="1" /></technique_common></source>
      <source id="hpl_mixamorigwNeck-rotx"><float_array id="hpl_mixamorigwNeck-rotx-array" count="93">23.5062 23.5393 23.559 23.5747 23.6041 23.6233 23.6284 23.6195 23.6089 23.586 23.5623 23.5436 23.5266 23.5059 23.4684 23.4356 23.4121 23.386 23.3666 23.3521 23.3536 23.3528 23.353 23.3679 23.3816 23.3961 23.3946 23.3783 23.3574 23.3436 23.3544 23.372 23.3829 23.3813 23.3674 23.3506 23.3443 23.3377 23.3362 23.3301 23.3188 23.2908 23.2699 23.2697 23.2877 23.3055 23.3168 23.2942 23.2645 23.2296 23.1848 23.1503 23.1195 23.0829 23.0407 23.0018 22.9571 22.9108 22.8732 22.8434 22.8326 22.8276 22.8353 22.832 22.8249 22.802 22.7783 22.7616 22.7511 22.7285 22.6868 22.6327 22.5878 22.5493 22.5235 22.4907 22.4594 22.4429 22.4141 22.3938 22.3487 22.3027 22.2627 22.223 22.2039 22.1944 22.183 22.1574 22.1327 22.1213 22.1297 22.1424 23.5062</float_array><technique_common><accessor source="#hpl_mixamorigwNeck-rotx-array" count="93" stride="1" /></technique_common></source>
      <sampler id="hpl_mixamorigwNeck-trans-sampler"><input semantic="INPUT" source="#hpl_mixamorigwNeck-time" /><input semantic="OUTPUT" source="#hpl_mixamorigwNeck-trans" /></sampler><channel source="#hpl_mixamorigwNeck-trans-sampler" target="mixamorigwNeck/translate" />
      <sampler id="hpl_mixamorigwNeck-rotz-sampler"><input semantic="INPUT" source="#hpl_mixamorigwNeck-time" /><input semantic="OUTPUT" source="#hpl_mixamorigwNeck-rotz" /></sampler><channel source="#hpl_mixamorigwNeck-rotz-sampler" target="mixamorigwNeck/rotateZ.ANGLE" />
      <sampler id="hpl_mixamorigwNeck-roty-sampler"><input semantic="INPUT" source="#hpl_mixamorigwNeck-time" /><input semantic="OUTPUT" source="#hpl_mixamorigwNeck-roty" /></sampler><channel source="#hpl_mixamorigwNeck-roty-sampler" target="mixamorigwNeck/rotateY.ANGLE" />
      <sampler id="hpl_mixamorigwNeck-rotx-sampler"><input semantic="INPUT" source="#hpl_mixamorigwNeck-time" /><input semantic="OUTPUT" source="#hpl_mixamorigwNeck-rotx" /></sampler><channel source="#hpl_mixamorigwNeck-rotx-sampler" target="mixamorigwNeck/rotateX.ANGLE" />
    </animation>
    <animation id="hpl_mixamorigwHead">
      <source id="hpl_mixamorigwHead-time"><float_array id="hpl_mixamorigwHead-time-array" count="93">0 1 2 3 4 5 6 7 8 9 10 11 12 13 14 15 16 17 18 19 20 21 22 23 24 25 26 27 28 29 30 31 32 33 34 35 36 37 38 39 40 41 42 43 44 45 46 47 48 49 50 51 52 53 54 55 56 57 58 59 60 61 62 63 64 65 66 67 68 69 70 71 72 73 74 75 76 77 78 79 80 81 82 83 84 85 86 87 88 89 90 91 92</float_array><technique_common><accessor source="#hpl_mixamorigwHead-time-array" count="93" stride="1" /></technique_common></source>
      <source id="hpl_mixamorigwHead-trans"><float_array id="hpl_mixamorigwHead-trans-array" count="279">1.26362e-07 0.0721566 1.71408e-07 1.26362e-07 0.0721566 1.71408e-07 1.26362e-07 0.0721566 1.71408e-07 1.26362e-07 0.0721566 1.71408e-07 1.26362e-07 0.0721566 1.71408e-07 1.26362e-07 0.0721566 1.71408e-07 1.26362e-07 0.0721566 1.71408e-07 1.26362e-07 0.0721566 1.71408e-07 1.26362e-07 0.0721566 1.71408e-07 1.26362e-07 0.0721566 1.71408e-07 1.26362e-07 0.0721566 1.71408e-07 1.26362e-07 0.0721566 1.71408e-07 1.26362e-07 0.0721566 1.71408e-07 1.26362e-07 0.0721566 1.71408e-07 1.26362e-07 0.0721566 1.71408e-07 1.26362e-07 0.0721566 1.71408e-07 1.26362e-07 0.0721566 1.71408e-07 1.26362e-07 0.0721566 1.71408e-07 1.26362e-07 0.0721566 1.71408e-07 1.26362e-07 0.0721566 1.71408e-07 1.26362e-07 0.0721566 1.71408e-07 1.26362e-07 0.0721566 1.71408e-07 1.26362e-07 0.0721566 1.71408e-07 1.26362e-07 0.0721566 1.71408e-07 1.26362e-07 0.0721566 1.71408e-07 1.26362e-07 0.0721566 1.71408e-07 1.26362e-07 0.0721566 1.71408e-07 1.26362e-07 0.0721566 1.71408e-07 1.26362e-07 0.0721566 1.71408e-07 1.26362e-07 0.0721566 1.71408e-07 1.26362e-07 0.0721566 1.71408e-07 1.26362e-07 0.0721566 1.71408e-07 1.26362e-07 0.0721566 1.71408e-07 1.26362e-07 0.0721566 1.71408e-07 1.26362e-07 0.0721566 1.71408e-07 1.26362e-07 0.0721566 1.71408e-07 1.26362e-07 0.0721566 1.71408e-07 1.26362e-07 0.0721566 1.71408e-07 1.26362e-07 0.0721566 1.71408e-07 1.26362e-07 0.0721566 1.71408e-07 1.26362e-07 0.0721566 1.71408e-07 1.26362e-07 0.0721566 1.71408e-07 1.26362e-07 0.0721566 1.71408e-07 1.26362e-07 0.0721566 1.71408e-07 1.26362e-07 0.0721566 1.71408e-07 1.26362e-07 0.0721566 1.71408e-07 1.26362e-07 0.0721566 1.71408e-07 1.26362e-07 0.0721566 1.71408e-07 1.26362e-07 0.0721566 1.71408e-07 1.26362e-07 0.0721566 1.71408e-07 1.26362e-07 0.0721566 1.71408e-07 1.26362e-07 0.0721566 1.71408e-07 1.26362e-07 0.0721566 1.71408e-07 1.26362e-07 0.0721566 1.71408e-07 1.26362e-07 0.0721566 1.71408e-07 1.26362e-07 0.0721566 1.71408e-07 1.26362e-07 0.0721566 1.71408e-07 1.26362e-07 0.0721566 1.71408e-07 1.26362e-07 0.0721566 1.71408e-07 1.26362e-07 0.0721566 1.71408e-07 1.26362e-07 0.0721566 1.71408e-07 1.26362e-07 0.0721566 1.71408e-07 1.26362e-07 0.0721566 1.71408e-07 1.26362e-07 0.0721566 1.71408e-07 1.26362e-07 0.0721566 1.71408e-07 1.26362e-07 0.0721566 1.71408e-07 1.26362e-07 0.0721566 1.71408e-07 1.26362e-07 0.0721566 1.71408e-07 1.26362e-07 0.0721566 1.71408e-07 1.26362e-07 0.0721566 1.71408e-07 1.26362e-07 0.0721566 1.71408e-07 1.26362e-07 0.0721566 1.71408e-07 1.26362e-07 0.0721566 1.71408e-07 1.26362e-07 0.0721566 1.71408e-07 1.26362e-07 0.0721566 1.71408e-07 1.26362e-07 0.0721566 1.71408e-07 1.26362e-07 0.0721566 1.71408e-07 1.26362e-07 0.0721566 1.71408e-07 1.26362e-07 0.0721566 1.71408e-07 1.26362e-07 0.0721566 1.71408e-07 1.26362e-07 0.0721566 1.71408e-07 1.26362e-07 0.0721566 1.71408e-07 1.26362e-07 0.0721566 1.71408e-07 1.26362e-07 0.0721566 1.71408e-07 1.26362e-07 0.0721566 1.71408e-07 1.26362e-07 0.0721566 1.71408e-07 1.26362e-07 0.0721566 1.71408e-07 1.26362e-07 0.0721566 1.71408e-07 1.26362e-07 0.0721566 1.71408e-07 1.26362e-07 0.0721566 1.71408e-07 1.26362e-07 0.0721566 1.71408e-07 1.26362e-07 0.0721566 1.71408e-07 1.26362e-07 0.0721566 1.71408e-07</float_array><technique_common><accessor source="#hpl_mixamorigwHead-trans-array" count="93" stride="3" /></technique_common></source>
      <source id="hpl_mixamorigwHead-rotz"><float_array id="hpl_mixamorigwHead-rotz-array" count="93">1.18581 1.16954 1.1568 1.13782 1.1248 1.08963 1.05724 1.03896 1.03053 1.03308 1.02669 1.01081 0.995362 0.990519 1.00073 1.00351 1.01259 1.0165 1.02165 1.02774 1.02717 1.03182 1.03997 1.02976 1.01021 1.00289 1.01003 1.02417 1.02775 1.01312 1.00262 0.987791 0.973663 0.93949 0.930216 0.934579 0.938104 0.929946 0.905808 0.876064 0.864734 0.864717 0.884573 0.899371 0.903814 0.898569 0.887472 0.877909 0.870107 0.875647 0.89385 0.923267 0.942947 0.960413 0.950047 0.933443 0.925623 0.902032 0.890037 0.881064 0.877908 0.881224 0.874406 0.868466 0.867242 0.870131 0.8681 0.861732 0.839404 0.831098 0.820865 0.822434 0.832759 0.86501 0.890691 0.912095 0.927348 0.945502 0.942066 0.942628 0.949592 0.954936 0.96635 0.975269 0.957193 0.943543 0.957591 0.996745 1.03263 1.03887 1.03516 1.02317 1.18581</float_array><technique_common><accessor source="#hpl_mixamorigwHead-rotz-array" count="93" stride="1" /></technique_common></source>
      <source id="hpl_mixamorigwHead-roty"><float_array id="hpl_mixamorigwHead-roty-array" count="93">-4.12086 -4.11381 -4.08168 -4.05467 -4.0213 -4.0013 -3.99723 -3.97847 -3.99936 -4.02844 -4.04974 -4.03847 -4.03013 -4.0021 -3.98053 -3.97574 -3.99504 -4.01082 -4.02682 -4.01476 -4.02605 -4.04699 -4.05363 -4.08272 -4.08133 -4.04318 -4.02796 -4.04087 -4.04104 -4.02292 -4.01403 -4.00949 -4.02454 -4.01895 -3.99652 -3.95712 -3.94042 -3.94174 -3.9718 -4.02252 -4.09271 -4.13522 -4.15303 -4.15384 -4.12826 -4.12351 -4.10434 -4.10413 -4.09786 -4.08863 -4.09938 -4.12092 -4.1626 -4.1827 -4.18055 -4.14956 -4.09015 -4.01283 -3.97696 -3.97126 -4.01256 -4.03085 -4.05166 -4.03268 -3.99643 -3.97799 -3.98702 -3.99285 -3.98486 -3.9893 -4.00721 -4.02683 -4.05681 -4.09415 -4.1164 -4.13857 -4.17467 -4.21132 -4.24252 -4.26912 -4.29349 -4.31891 -4.33126 -4.33672 -4.34012 -4.36594 -4.40323 -4.44787 -4.4806 -4.50178 -4.5182 -4.50768 -4.12086</float_array><technique_common><accessor source="#hpl_mixamorigwHead-roty-array" count="93" stride="1" /></technique_common></source>
      <source id="hpl_mixamorigwHead-rotx"><float_array id="hpl_mixamorigwHead-rotx-array" count="93">20.9577 20.9873 21.0286 21.0642 21.0642 21.0474 21.0249 21.0144 20.9765 20.9484 20.9407 20.922 20.9011 20.8713 20.8626 20.829 20.7848 20.7655 20.7581 20.7532 20.7483 20.7429 20.7573 20.7491 20.7242 20.7015 20.6765 20.6678 20.6921 20.6995 20.6962 20.679 20.6581 20.6328 20.6229 20.6078 20.5765 20.5572 20.5217 20.4953 20.4786 20.5119 20.5377 20.5622 20.5944 20.6155 20.6225 20.6364 20.6538 20.6624 20.667 20.6449 20.5997 20.575 20.5509 20.5352 20.5299 20.5263 20.5104 20.5002 20.4803 20.4553 20.4303 20.4711 20.5187 20.5309 20.5164 20.4642 20.4079 20.3506 20.3227 20.3202 20.3224 20.341 20.3536 20.38 20.3687 20.344 20.3156 20.2923 20.2798 20.2772 20.2553 20.2502 20.2297 20.214 20.2138 20.196 20.1706 20.1447 20.1096 20.0925 20.9577</float_array><technique_common><accessor source="#hpl_mixamorigwHead-rotx-array" count="93" stride="1" /></technique_common></source>
      <sampler id="hpl_mixamorigwHead-trans-sampler"><input semantic="INPUT" source="#hpl_mixamorigwHead-time" /><input semantic="OUTPUT" source="#hpl_mixamorigwHead-trans" /></sampler><channel source="#hpl_mixamorigwHead-trans-sampler" target="mixamorigwHead/translate" />
      <sampler id="hpl_mixamorigwHead-rotz-sampler"><input semantic="INPUT" source="#hpl_mixamorigwHead-time" /><input semantic="OUTPUT" source="#hpl_mixamorigwHead-rotz" /></sampler><channel source="#hpl_mixamorigwHead-rotz-sampler" target="mixamorigwHead/rotateZ.ANGLE" />
      <sampler id="hpl_mixamorigwHead-roty-sampler"><input semantic="INPUT" source="#hpl_mixamorigwHead-time" /><input semantic="OUTPUT" source="#hpl_mixamorigwHead-roty" /></sampler><channel source="#hpl_mixamorigwHead-roty-sampler" target="mixamorigwHead/rotateY.ANGLE" />
      <sampler id="hpl_mixamorigwHead-rotx-sampler"><input semantic="INPUT" source="#hpl_mixamorigwHead-time" /><input semantic="OUTPUT" source="#hpl_mixamorigwHead-rotx" /></sampler><channel source="#hpl_mixamorigwHead-rotx-sampler" target="mixamorigwHead/rotateX.ANGLE" />
    </animation>
    <animation id="hpl_mixamorigwHeadTop_End">
      <source id="hpl_mixamorigwHeadTop_End-time"><float_array id="hpl_mixamorigwHeadTop_End-time-array" count="93">0 1 2 3 4 5 6 7 8 9 10 11 12 13 14 15 16 17 18 19 20 21 22 23 24 25 26 27 28 29 30 31 32 33 34 35 36 37 38 39 40 41 42 43 44 45 46 47 48 49 50 51 52 53 54 55 56 57 58 59 60 61 62 63 64 65 66 67 68 69 70 71 72 73 74 75 76 77 78 79 80 81 82 83 84 85 86 87 88 89 90 91 92</float_array><technique_common><accessor source="#hpl_mixamorigwHeadTop_End-time-array" count="93" stride="1" /></technique_common></source>
      <source id="hpl_mixamorigwHeadTop_End-trans"><float_array id="hpl_mixamorigwHeadTop_End-trans-array" count="279">-0.00116746 0.246874 -0.121133 -0.00116746 0.246874 -0.121133 -0.00116746 0.246874 -0.121133 -0.00116746 0.246874 -0.121133 -0.00116746 0.246874 -0.121133 -0.00116746 0.246874 -0.121133 -0.00116746 0.246874 -0.121133 -0.00116746 0.246874 -0.121133 -0.00116746 0.246874 -0.121133 -0.00116746 0.246874 -0.121133 -0.00116746 0.246874 -0.121133 -0.00116746 0.246874 -0.121133 -0.00116746 0.246874 -0.121133 -0.00116746 0.246874 -0.121133 -0.00116746 0.246874 -0.121133 -0.00116746 0.246874 -0.121133 -0.00116746 0.246874 -0.121133 -0.00116746 0.246874 -0.121133 -0.00116746 0.246874 -0.121133 -0.00116746 0.246874 -0.121133 -0.00116746 0.246874 -0.121133 -0.00116746 0.246874 -0.121133 -0.00116746 0.246874 -0.121133 -0.00116746 0.246874 -0.121133 -0.00116746 0.246874 -0.121133 -0.00116746 0.246874 -0.121133 -0.00116746 0.246874 -0.121133 -0.00116746 0.246874 -0.121133 -0.00116746 0.246874 -0.121133 -0.00116746 0.246874 -0.121133 -0.00116746 0.246874 -0.121133 -0.00116746 0.246874 -0.121133 -0.00116746 0.246874 -0.121133 -0.00116746 0.246874 -0.121133 -0.00116746 0.246874 -0.121133 -0.00116746 0.246874 -0.121133 -0.00116746 0.246874 -0.121133 -0.00116746 0.246874 -0.121133 -0.00116746 0.246874 -0.121133 -0.00116746 0.246874 -0.121133 -0.00116746 0.246874 -0.121133 -0.00116746 0.246874 -0.121133 -0.00116746 0.246874 -0.121133 -0.00116746 0.246874 -0.121133 -0.00116746 0.246874 -0.121133 -0.00116746 0.246874 -0.121133 -0.00116746 0.246874 -0.121133 -0.00116746 0.246874 -0.121133 -0.00116746 0.246874 -0.121133 -0.00116746 0.246874 -0.121133 -0.00116746 0.246874 -0.121133 -0.00116746 0.246874 -0.121133 -0.00116746 0.246874 -0.121133 -0.00116746 0.246874 -0.121133 -0.00116746 0.246874 -0.121133 -0.00116746 0.246874 -0.121133 -0.00116746 0.246874 -0.121133 -0.00116746 0.246874 -0.121133 -0.00116746 0.246874 -0.121133 -0.00116746 0.246874 -0.121133 -0.00116746 0.246874 -0.121133 -0.00116746 0.246874 -0.121133 -0.00116746 0.246874 -0.121133 -0.00116746 0.246874 -0.121133 -0.00116746 0.246874 -0.121133 -0.00116746 0.246874 -0.121133 -0.00116746 0.246874 -0.121133 -0.00116746 0.246874 -0.121133 -0.00116746 0.246874 -0.121133 -0.00116746 0.246874 -0.121133 -0.00116746 0.246874 -0.121133 -0.00116746 0.246874 -0.121133 -0.00116746 0.246874 -0.121133 -0.00116746 0.246874 -0.121133 -0.00116746 0.246874 -0.121133 -0.00116746 0.246874 -0.121133 -0.00116746 0.246874 -0.121133 -0.00116746 0.246874 -0.121133 -0.00116746 0.246874 -0.121133 -0.00116746 0.246874 -0.121133 -0.00116746 0.246874 -0.121133 -0.00116746 0.246874 -0.121133 -0.00116746 0.246874 -0.121133 -0.00116746 0.246874 -0.121133 -0.00116746 0.246874 -0.121133 -0.00116746 0.246874 -0.121133 -0.00116746 0.246874 -0.121133 -0.00116746 0.246874 -0.121133 -0.00116746 0.246874 -0.121133 -0.00116746 0.246874 -0.121133 -0.00116746 0.246874 -0.121133 -0.00116746 0.246874 -0.121133 -0.00116746 0.246874 -0.121133</float_array><technique_common><accessor source="#hpl_mixamorigwHeadTop_End-trans-array" count="93" stride="3" /></technique_common></source>
      <source id="hpl_mixamorigwHeadTop_End-rotz"><float_array id="hpl_mixamorigwHeadTop_End-rotz-array" count="93">0.24324 0.24324 0.24324 0.24324 0.24324 0.24324 0.24324 0.24324 0.24324 0.24324 0.24324 0.24324 0.24324 0.24324 0.24324 0.24324 0.24324 0.24324 0.24324 0.24324 0.24324 0.24324 0.24324 0.24324 0.24324 0.24324 0.24324 0.24324 0.24324 0.24324 0.24324 0.24324 0.24324 0.24324 0.24324 0.24324 0.24324 0.24324 0.24324 0.24324 0.24324 0.24324 0.24324 0.24324 0.24324 0.24324 0.24324 0.24324 0.24324 0.24324 0.24324 0.24324 0.24324 0.24324 0.24324 0.24324 0.24324 0.24324 0.24324 0.24324 0.24324 0.24324 0.24324 0.24324 0.24324 0.24324 0.24324 0.24324 0.24324 0.24324 0.24324 0.24324 0.24324 0.24324 0.24324 0.24324 0.24324 0.24324 0.24324 0.24324 0.24324 0.24324 0.24324 0.24324 0.24324 0.24324 0.24324 0.24324 0.24324 0.24324 0.24324 0.24324 0.24324</float_array><technique_common><accessor source="#hpl_mixamorigwHeadTop_End-rotz-array" count="93" stride="1" /></technique_common></source>
      <source id="hpl_mixamorigwHeadTop_End-roty"><float_array id="hpl_mixamorigwHeadTop_End-roty-array" count="93">0.0564607 0.0564607 0.0564607 0.0564607 0.0564607 0.0564607 0.0564607 0.0564607 0.0564607 0.0564607 0.0564607 0.0564607 0.0564607 0.0564607 0.0564607 0.0564607 0.0564607 0.0564607 0.0564607 0.0564607 0.0564607 0.0564607 0.0564607 0.0564607 0.0564607 0.0564607 0.0564607 0.0564607 0.0564607 0.0564607 0.0564607 0.0564607 0.0564607 0.0564607 0.0564607 0.0564607 0.0564607 0.0564607 0.0564607 0.0564607 0.0564607 0.0564607 0.0564607 0.0564607 0.0564607 0.0564607 0.0564607 0.0564607 0.0564607 0.0564607 0.0564607 0.0564607 0.0564607 0.0564607 0.0564607 0.0564607 0.0564607 0.0564607 0.0564607 0.0564607 0.0564607 0.0564607 0.0564607 0.0564607 0.0564607 0.0564607 0.0564607 0.0564607 0.0564607 0.0564607 0.0564607 0.0564607 0.0564607 0.0564607 0.0564607 0.0564607 0.0564607 0.0564607 0.0564607 0.0564607 0.0564607 0.0564607 0.0564607 0.0564607 0.0564607 0.0564607 0.0564607 0.0564607 0.0564607 0.0564607 0.0564607 0.0564607 0.0564607</float_array><technique_common><accessor source="#hpl_mixamorigwHeadTop_End-roty-array" count="93" stride="1" /></technique_common></source>
      <source id="hpl_mixamorigwHeadTop_End-rotx"><float_array id="hpl_mixamorigwHeadTop_End-rotx-array" count="93">-26.1357 -26.1357 -26.1357 -26.1357 -26.1357 -26.1357 -26.1357 -26.1357 -26.1357 -26.1357 -26.1357 -26.1357 -26.1357 -26.1357 -26.1357 -26.1357 -26.1357 -26.1357 -26.1357 -26.1357 -26.1357 -26.1357 -26.1357 -26.1357 -26.1357 -26.1357 -26.1357 -26.1357 -26.1357 -26.1357 -26.1357 -26.1357 -26.1357 -26.1357 -26.1357 -26.1357 -26.1357 -26.1357 -26.1357 -26.1357 -26.1357 -26.1357 -26.1357 -26.1357 -26.1357 -26.1357 -26.1357 -26.1357 -26.1357 -26.1357 -26.1357 -26.1357 -26.1357 -26.1357 -26.1357 -26.1357 -26.1357 -26.1357 -26.1357 -26.1357 -26.1357 -26.1357 -26.1357 -26.1357 -26.1357 -26.1357 -26.1357 -26.1357 -26.1357 -26.1357 -26.1357 -26.1357 -26.1357 -26.1357 -26.1357 -26.1357 -26.1357 -26.1357 -26.1357 -26.1357 -26.1357 -26.1357 -26.1357 -26.1357 -26.1357 -26.1357 -26.1357 -26.1357 -26.1357 -26.1357 -26.1357 -26.1357 -26.1357</float_array><technique_common><accessor source="#hpl_mixamorigwHeadTop_End-rotx-array" count="93" stride="1" /></technique_common></source>
      <sampler id="hpl_mixamorigwHeadTop_End-trans-sampler"><input semantic="INPUT" source="#hpl_mixamorigwHeadTop_End-time" /><input semantic="OUTPUT" source="#hpl_mixamorigwHeadTop_End-trans" /></sampler><channel source="#hpl_mixamorigwHeadTop_End-trans-sampler" target="mixamorigwHeadTop_End/translate" />
      <sampler id="hpl_mixamorigwHeadTop_End-rotz-sampler"><input semantic="INPUT" source="#hpl_mixamorigwHeadTop_End-time" /><input semantic="OUTPUT" source="#hpl_mixamorigwHeadTop_End-rotz" /></sampler><channel source="#hpl_mixamorigwHeadTop_End-rotz-sampler" target="mixamorigwHeadTop_End/rotateZ.ANGLE" />
      <sampler id="hpl_mixamorigwHeadTop_End-roty-sampler"><input semantic="INPUT" source="#hpl_mixamorigwHeadTop_End-time" /><input semantic="OUTPUT" source="#hpl_mixamorigwHeadTop_End-roty" /></sampler><channel source="#hpl_mixamorigwHeadTop_End-roty-sampler" target="mixamorigwHeadTop_End/rotateY.ANGLE" />
      <sampler id="hpl_mixamorigwHeadTop_End-rotx-sampler"><input semantic="INPUT" source="#hpl_mixamorigwHeadTop_End-time" /><input semantic="OUTPUT" source="#hpl_mixamorigwHeadTop_End-rotx" /></sampler><channel source="#hpl_mixamorigwHeadTop_End-rotx-sampler" target="mixamorigwHeadTop_End/rotateX.ANGLE" />
    </animation>
    <animation id="hpl_mixamorigwHeadFront">
      <source id="hpl_mixamorigwHeadFront-time"><float_array id="hpl_mixamorigwHeadFront-time-array" count="93">0 1 2 3 4 5 6 7 8 9 10 11 12 13 14 15 16 17 18 19 20 21 22 23 24 25 26 27 28 29 30 31 32 33 34 35 36 37 38 39 40 41 42 43 44 45 46 47 48 49 50 51 52 53 54 55 56 57 58 59 60 61 62 63 64 65 66 67 68 69 70 71 72 73 74 75 76 77 78 79 80 81 82 83 84 85 86 87 88 89 90 91 92</float_array><technique_common><accessor source="#hpl_mixamorigwHeadFront-time-array" count="93" stride="1" /></technique_common></source>
      <source id="hpl_mixamorigwHeadFront-trans"><float_array id="hpl_mixamorigwHeadFront-trans-array" count="279">0.00116741 0.14481 0.121135 0.00116741 0.14481 0.121135 0.00116741 0.14481 0.121135 0.00116741 0.14481 0.121135 0.00116741 0.14481 0.121135 0.00116741 0.14481 0.121135 0.00116741 0.14481 0.121135 0.00116741 0.14481 0.121135 0.00116741 0.14481 0.121135 0.00116741 0.14481 0.121135 0.00116741 0.14481 0.121135 0.00116741 0.14481 0.121135 0.00116741 0.14481 0.121135 0.00116741 0.14481 0.121135 0.00116741 0.14481 0.121135 0.00116741 0.14481 0.121135 0.00116741 0.14481 0.121135 0.00116741 0.14481 0.121135 0.00116741 0.14481 0.121135 0.00116741 0.14481 0.121135 0.00116741 0.14481 0.121135 0.00116741 0.14481 0.121135 0.00116741 0.14481 0.121135 0.00116741 0.14481 0.121135 0.00116741 0.14481 0.121135 0.00116741 0.14481 0.121135 0.00116741 0.14481 0.121135 0.00116741 0.14481 0.121135 0.00116741 0.14481 0.121135 0.00116741 0.14481 0.121135 0.00116741 0.14481 0.121135 0.00116741 0.14481 0.121135 0.00116741 0.14481 0.121135 0.00116741 0.14481 0.121135 0.00116741 0.14481 0.121135 0.00116741 0.14481 0.121135 0.00116741 0.14481 0.121135 0.00116741 0.14481 0.121135 0.00116741 0.14481 0.121135 0.00116741 0.14481 0.121135 0.00116741 0.14481 0.121135 0.00116741 0.14481 0.121135 0.00116741 0.14481 0.121135 0.00116741 0.14481 0.121135 0.00116741 0.14481 0.121135 0.00116741 0.14481 0.121135 0.00116741 0.14481 0.121135 0.00116741 0.14481 0.121135 0.00116741 0.14481 0.121135 0.00116741 0.14481 0.121135 0.00116741 0.14481 0.121135 0.00116741 0.14481 0.121135 0.00116741 0.14481 0.121135 0.00116741 0.14481 0.121135 0.00116741 0.14481 0.121135 0.00116741 0.14481 0.121135 0.00116741 0.14481 0.121135 0.00116741 0.14481 0.121135 0.00116741 0.14481 0.121135 0.00116741 0.14481 0.121135 0.00116741 0.14481 0.121135 0.00116741 0.14481 0.121135 0.00116741 0.14481 0.121135 0.00116741 0.14481 0.121135 0.00116741 0.14481 0.121135 0.00116741 0.14481 0.121135 0.00116741 0.14481 0.121135 0.00116741 0.14481 0.121135 0.00116741 0.14481 0.121135 0.00116741 0.14481 0.121135 0.00116741 0.14481 0.121135 0.00116741 0.14481 0.121135 0.00116741 0.14481 0.121135 0.00116741 0.14481 0.121135 0.00116741 0.14481 0.121135 0.00116741 0.14481 0.121135 0.00116741 0.14481 0.121135 0.00116741 0.14481 0.121135 0.00116741 0.14481 0.121135 0.00116741 0.14481 0.121135 0.00116741 0.14481 0.121135 0.00116741 0.14481 0.121135 0.00116741 0.14481 0.121135 0.00116741 0.14481 0.121135 0.00116741 0.14481 0.121135 0.00116741 0.14481 0.121135 0.00116741 0.14481 0.121135 0.00116741 0.14481 0.121135 0.00116741 0.14481 0.121135 0.00116741 0.14481 0.121135 0.00116741 0.14481 0.121135 0.00116741 0.14481 0.121135 0.00116741 0.14481 0.121135</float_array><technique_common><accessor source="#hpl_mixamorigwHeadFront-trans-array" count="93" stride="3" /></technique_common></source>
      <source id="hpl_mixamorigwHeadFront-rotz"><float_array id="hpl_mixamorigwHeadFront-rotz-array" count="93">-0.354292 -0.354292 -0.354292 -0.354292 -0.354292 -0.354292 -0.354292 -0.354292 -0.354292 -0.354292 -0.354292 -0.354292 -0.354292 -0.354292 -0.354292 -0.354292 -0.354292 -0.354292 -0.354292 -0.354292 -0.354292 -0.354292 -0.354292 -0.354292 -0.354292 -0.354292 -0.354292 -0.354292 -0.354292 -0.354292 -0.354292 -0.354292 -0.354292 -0.354292 -0.354292 -0.354292 -0.354292 -0.354292 -0.354292 -0.354292 -0.354292 -0.354292 -0.354292 -0.354292 -0.354292 -0.354292 -0.354292 -0.354292 -0.354292 -0.354292 -0.354292 -0.354292 -0.354292 -0.354292 -0.354292 -0.354292 -0.354292 -0.354292 -0.354292 -0.354292 -0.354292 -0.354292 -0.354292 -0.354292 -0.354292 -0.354292 -0.354292 -0.354292 -0.354292 -0.354292 -0.354292 -0.354292 -0.354292 -0.354292 -0.354292 -0.354292 -0.354292 -0.354292 -0.354292 -0.354292 -0.354292 -0.354292 -0.354292 -0.354292 -0.354292 -0.354292 -0.354292 -0.354292 -0.354292 -0.354292 -0.354292 -0.354292 -0.354292</float_array><technique_common><accessor source="#hpl_mixamorigwHeadFront-rotz-array" count="93" stride="1" /></technique_common></source>
      <source id="hpl_mixamorigwHeadFront-roty"><float_array id="hpl_mixamorigwHeadFront-roty-array" count="93">0.128633 0.128633 0.128633 0.128633 0.128633 0.128633 0.128633 0.128633 0.128633 0.128633 0.128633 0.128633 0.128633 0.128633 0.128633 0.128633 0.128633 0.128633 0.128633 0.128633 0.128633 0.128633 0.128633 0.128633 0.128633 0.128633 0.128633 0.128633 0.128633 0.128633 0.128633 0.128633 0.128633 0.128633 0.128633 0.128633 0.128633 0.128633 0.128633 0.128633 0.128633 0.128633 0.128633 0.128633 0.128633 0.128633 0.128633 0.128633 0.128633 0.128633 0.128633 0.128633 0.128633 0.128633 0.128633 0.128633 0.128633 0.128633 0.128633 0.128633 0.128633 0.128633 0.128633 0.128633 0.128633 0.128633 0.128633 0.128633 0.128633 0.128633 0.128633 0.128633 0.128633 0.128633 0.128633 0.128633 0.128633 0.128633 0.128633 0.128633 0.128633 0.128633 0.128633 0.128633 0.128633 0.128633 0.128633 0.128633 0.128633 0.128633 0.128633 0.128633 0.128633</float_array><technique_common><accessor source="#hpl_mixamorigwHeadFront-roty-array" count="93" stride="1" /></technique_common></source>
      <source id="hpl_mixamorigwHeadFront-rotx"><float_array id="hpl_mixamorigwHeadFront-rotx-array" count="93">39.911 39.911 39.911 39.911 39.911 39.911 39.911 39.911 39.911 39.911 39.911 39.911 39.911 39.911 39.911 39.911 39.911 39.911 39.911 39.911 39.911 39.911 39.911 39.911 39.911 39.911 39.911 39.911 39.911 39.911 39.911 39.911 39.911 39.911 39.911 39.911 39.911 39.911 39.911 39.911 39.911 39.911 39.911 39.911 39.911 39.911 39.911 39.911 39.911 39.911 39.911 39.911 39.911 39.911 39.911 39.911 39.911 39.911 39.911 39.911 39.911 39.911 39.911 39.911 39.911 39.911 39.911 39.911 39.911 39.911 39.911 39.911 39.911 39.911 39.911 39.911 39.911 39.911 39.911 39.911 39.911 39.911 39.911 39.911 39.911 39.911 39.911 39.911 39.911 39.911 39.911 39.911 39.911</float_array><technique_common><accessor source="#hpl_mixamorigwHeadFront-rotx-array" count="93" stride="1" /></technique_common></source>
      <sampler id="hpl_mixamorigwHeadFront-trans-sampler"><input semantic="INPUT" source="#hpl_mixamorigwHeadFront-time" /><input semantic="OUTPUT" source="#hpl_mixamorigwHeadFront-trans" /></sampler><channel source="#hpl_mixamorigwHeadFront-trans-sampler" target="mixamorigwHeadFront/translate" />
      <sampler id="hpl_mixamorigwHeadFront-rotz-sampler"><input semantic="INPUT" source="#hpl_mixamorigwHeadFront-time" /><input semantic="OUTPUT" source="#hpl_mixamorigwHeadFront-rotz" /></sampler><channel source="#hpl_mixamorigwHeadFront-rotz-sampler" target="mixamorigwHeadFront/rotateZ.ANGLE" />
      <sampler id="hpl_mixamorigwHeadFront-roty-sampler"><input semantic="INPUT" source="#hpl_mixamorigwHeadFront-time" /><input semantic="OUTPUT" source="#hpl_mixamorigwHeadFront-roty" /></sampler><channel source="#hpl_mixamorigwHeadFront-roty-sampler" target="mixamorigwHeadFront/rotateY.ANGLE" />
      <sampler id="hpl_mixamorigwHeadFront-rotx-sampler"><input semantic="INPUT" source="#hpl_mixamorigwHeadFront-time" /><input semantic="OUTPUT" source="#hpl_mixamorigwHeadFront-rotx" /></sampler><channel source="#hpl_mixamorigwHeadFront-rotx-sampler" target="mixamorigwHeadFront/rotateX.ANGLE" />
    </animation>
  </library_animations>
  <scene><instance_visual_scene url="#RootNode" /></scene>
</COLLADA>