<?xml version='1.0' encoding='utf-8'?>
<COLLADA xmlns="http://www.collada.org/2005/11/COLLADASchema" version="1.4.1">
  <asset>
    <contributor><author>hpl_dae_export</author><authoring_tool>Blender 4.2.0</authoring_tool></contributor>
    <unit name="meter" meter="1" />
    <up_axis>Y_UP</up_axis>
  </asset>
  <library_images>
    <image id="malik-diffuse-image"><init_from>malik.tga</init_from></image>
    <image id="malik-emission-image"><init_from>malik.tga</init_from></image>
    <image id="malik-normal-image"><init_from>malik.tga</init_from></image>
  </library_images>
  <library_effects>
    <effect id="malik-fx" name="malik"><profile_COMMON>
      <newparam sid="malik-diffuse-surface"><surface type="2D"><init_from>malik-diffuse-image</init_from></surface></newparam>
      <newparam sid="malik-diffuse-sampler"><sampler2D><source>malik-diffuse-surface</source></sampler2D></newparam>
      <newparam sid="malik-emission-surface"><surface type="2D"><init_from>malik-emission-image</init_from></surface></newparam>
      <newparam sid="malik-emission-sampler"><sampler2D><source>malik-emission-surface</source></sampler2D></newparam>
      <technique sid="common"><lambert>
        <diffuse><texture texture="malik-diffuse-sampler" texcoord="CHANNEL0" /></diffuse>
      </lambert></technique>
    </profile_COMMON></effect>
  </library_effects>
  <library_materials>
    <material id="malik" name="malik"><instance_effect url="#malik-fx" /></material>
  </library_materials>
  <library_geometries>
    <geometry id="Mesh_0_1" name="Mesh_0"><mesh>
      <source id="Mesh_0_1-vpos"><float_array id="Mesh_0_1-vpos-array" count="9">0.00385354 0.969239 -0.00528156 0.0538535 0.969239 -0.00528156 0.00385354 1.01924 -0.00528156</float_array><technique_common><accessor source="#Mesh_0_1-vpos-array" count="3" stride="3"><param name="X" type="float" /><param name="Y" type="float" /><param name="Z" type="float" /></accessor></technique_common></source>
      <source id="Mesh_0_1-vnrm"><float_array id="Mesh_0_1-vnrm-array" count="9">0 0 1 0 0 1 0 0 1</float_array><technique_common><accessor source="#Mesh_0_1-vnrm-array" count="3" stride="3"><param name="X" type="float" /><param name="Y" type="float" /><param name="Z" type="float" /></accessor></technique_common></source>
      <source id="Mesh_0_1-vuv"><float_array id="Mesh_0_1-vuv-array" count="6">0 0 1 0 0 1</float_array><technique_common><accessor source="#Mesh_0_1-vuv-array" count="3" stride="2"><param name="S" type="float" /><param name="T" type="float" /></accessor></technique_common></source>
      <vertices id="Mesh_0_1-vertices"><input semantic="POSITION" source="#Mesh_0_1-vpos" /></vertices>
      <triangles count="1" material="malik"><input semantic="VERTEX" source="#Mesh_0_1-vertices" offset="0" /><input semantic="NORMAL" source="#Mesh_0_1-vnrm" offset="1" /><input semantic="TEXCOORD" source="#Mesh_0_1-vuv" offset="2" /><p>0 0 0 1 1 1 2 2 2</p></triangles>
    </mesh></geometry>
  </library_geometries>
  <library_controllers>
    <controller id="Mesh_0_1-skin" name="skinCluster0"><skin source="#Mesh_0_1">
      <bind_shape_matrix>1 0 0 0 0 1 0 0 0 0 1 0 0 0 0 1</bind_shape_matrix>
      <source id="Mesh_0_1-skin-joints"><Name_array id="Mesh_0_1-skin-joints-array" count="24">mixamorigwHips mixamorigwLeftUpLeg mixamorigwLeftLeg mixamorigwLeftFoot mixamorigwLeftToeBase mixamorigwRightUpLeg mixamorigwRightLeg mixamorigwRightFoot mixamorigwRightToeBase mixamorigwSpine mixamorigwSpine1 mixamorigwSpine2 mixamorigwLeftShoulder mixamorigwLeftArm mixamorigwLeftForeArm mixamorigwLeftHand mixamorigwRightShoulder mixamorigwRightArm mixamorigwRightForeArm mixamorigwRightHand mixamorigwNeck mixamorigwHead mixamorigwHeadTop_End mixamorigwHeadFront</Name_array><technique_common><accessor source="#Mesh_0_1-skin-joints-array" count="24" stride="1"><param name="JOINT" type="Name" /></accessor></technique_common></source>
      <source id="Mesh_0_1-skin-bind_poses"><float_array id="Mesh_0_1-skin-bind_poses-array" count="384">0.996784 -0.0397022 0.0696036 0.0350074 0.0696036 0.859369 -0.506596 -0.835878 -0.0397022 0.509812 0.859369 -0.489438 0 0 0 1 0.990163 0.0898831 -0.107236 -0.177556 0.107235 -0.979778 0.168929 0.849064 -0.0898853 -0.178767 -0.979779 0.176252 0 0 0 1 0.99676 0.0609493 -0.0524881 -0.167391 0.0524866 -0.987332 -0.149743 0.516728 -0.0609511 0.146502 -0.987332 0.00365765 0 0 0 1 0.99709 0.0259332 -0.0716882 -0.161714 0.0716883 -0.638859 0.765977 0.0743748 -0.0259358 -0.768887 -0.63886 0.133584 0 0 0 1 0.995649 1.00076e-06 -0.0931828 -0.157119 0.0931841 1.56036e-06 0.99565 -0.165753 4.42294e-07 -1 4.84035e-08 0.0429809 0 0 0 1 0.98967 -0.0919509 0.109989 0.174433 -0.109988 -0.979087 0.171149 0.848658 0.091951 -0.181478 -0.979086 0.178597 0 0 0 1 0.997973 -0.0482003 0.0415529 0.157834 -0.0415528 -0.988086 -0.148184 0.518857 0.0482003 0.146157 -0.988086 0.00298154 0 0 0 1 0.995491 -0.0318197 0.089356 0.154137 -0.0893559 -0.630627 0.770924 0.0675878 0.0318197 -0.775433 -0.630627 0.132827 0 0 0 1 0.99335 1.13874e-07 0.115137 0.148562 -0.115136 2.86819e-07 0.993349 -0.169155 5.18753e-08 -1 4.26038e-07 0.0416988 0 0 0 1 0.999977 0.00494427 0.00473304 -0.0086206 -0.00473308 0.999036 -0.0436358 -1.10561 -0.00494422 0.0436124 0.999036 -0.0369755 0 0 0 1 0.999977 0.00494423 0.00473305 -0.00862057 -0.00473304 0.999036 -0.0436361 -1.24271 -0.00494423 0.0436126 0.999036 -0.0369756 0 0 0 1 0.999862 0.0121438 0.011324 -0.0184036 -0.011324 0.997494 -0.0698444 -1.37828 -0.0121438 0.0697066 0.997494 -0.0730108 0 0 0 1 -0.0389618 8.1901e-08 -0.999241 -0.0277262 0.999241 3.01868e-09 -0.0389618 -0.042283 -4.82174e-09 -1 -8.18307e-08 1.44897 0 0 0 1 0.00856153 0.227512 -0.973738 -0.365901 0.973737 -0.223451 -0.0436475 0.129207 -0.227513 -0.947791 -0.22345 1.41049 0 0 0 1 0.070724 0.0145406 -0.99739 -0.0970561 0.99739 -0.0156091 0.0704964 -0.40923 -0.0145432 -0.999773 -0.0156065 1.39984 0 0 0 1 0.166103 -0.0697437 -0.983639 -0.0447102 0.983639 0.0822677 0.16027 -0.782822 0.0697439 -0.994167 0.0822676 1.33717 0 0 0 1 -0.0366279 7.32406e-09 0.999329 0.0277677 -0.999329 -3.58851e-09 -0.0366278 -0.0399505 -8.045e-11 -1 1.49082e-08 1.44508 0 0 0 1 0.00773206 -0.226228 0.974044 0.362764 -0.974043 -0.222079 -0.0438471 0.122465 0.226234 -0.948421 -0.222073 1.40846 0 0 0 1 0.0584042 1.97736e-07 0.998293 0.0698461 -0.998293 -6.30649e-08 0.0584043 -0.420424 -1.66971e-08 -1 2.24877e-07 1.39455 0 0 0 1 0.0965407 -0.0606554 0.993479 0.180085 -0.99348 -0.066698 0.0924687 -0.576239 0.0606543 -0.995928 -0.0666989 1.42787 0 0 0 1 0.999873 0.0115354 0.0110432 -0.0175704 -0.0110432 0.998987 -0.043634 -1.48385 -0.0115354 0.0435065 0.998987 -0.0368176 0 0 0 1 0.999978 0.00224515 0.00618342 -0.00326299 -0.00618341 0.641596 0.767018 -0.974757 -0.00224518 -0.767039 0.641596 1.21353 0 0 0 1 0.999945 0.00572479 0.00880737 -0.00859697 -0.00880736 0.913859 0.405937 -1.68462 -0.00572478 -0.405992 0.913859 0.660074 0 0 0 1 1 -1.50874e-07 1.00117e-08 4.00392e-05 -6.16999e-09 1.19209e-07 1 -0.157879 -1.52155e-07 -1 5.96047e-08 1.55623 0 0 0 1</float_array><technique_common><accessor count="24" offset="0" source="#Mesh_0_1-skin-bind_poses-array" stride="16"><param name="TRANSFORM" type="float4x4" /></accessor></technique_common></source>
      <source id="Mesh_0_1-skin-weights"><float_array id="Mesh_0_1-skin-weights-array" count="1">1</float_array><technique_common><accessor count="1" offset="0" source="#Mesh_0_1-skin-weights-array" stride="1"><param name="WEIGHT" type="float" /></accessor></technique_common></source>
      <joints><input semantic="JOINT" source="#Mesh_0_1-skin-joints" /><input semantic="INV_BIND_MATRIX" source="#Mesh_0_1-skin-bind_poses" /></joints>
      <vertex_weights count="3"><input semantic="JOINT" source="#Mesh_0_1-skin-joints" offset="0" /><input semantic="WEIGHT" source="#Mesh_0_1-skin-weights" offset="1" /><vcount>1 1 1</vcount><v>0 0 0 0 0 0</v></vertex_weights>
    </skin></controller>
  </library_controllers>
  <library_visual_scenes>
    <visual_scene id="RootNode" name="RootNode">
      <node id="mixamorigwHips" sid="mixamorigwHips" name="mixamorigwHips" type="JOINT">
        <translate sid="translate">0.00385352 0.969239 -0.00528153</translate><rotate sid="rotateZ">0 0 1 -2.2809</rotate><rotate sid="rotateY">0 1 0 -3.99122</rotate><rotate sid="rotateX">1 0 0 -30.5192</rotate>
        <node id="mixamorigwLeftUpLeg" sid="mixamorigwLeftUpLeg" name="mixamorigwLeftUpLeg" type="JOINT">
          <translate sid="translate">0.101084 -0.0783552 -0.0363447</translate><rotate sid="rotateZ">0 0 1 11.6087</rotate><rotate sid="rotateY">0 1 0 4.91312</rotate><rotate sid="rotateX">1 0 0 -158.905</rotate>
          <node id="mixamorigwLeftLeg" sid="mixamorigwLeftLeg" name="mixamorigwLeftLeg" type="JOINT">
            <translate sid="translate">-8.84533e-09 0.366933 -5.05447e-09</translate><rotate sid="rotateZ">0 0 1 2.19789</rotate><rotate sid="rotateY">0 1 0 2.81215</rotate><rotate sid="rotateX">1 0 0 18.5953</rotate>
            <node id="mixamorigwLeftFoot" sid="mixamorigwLeftFoot" name="mixamorigwLeftFoot" type="JOINT">
              <translate sid="translate">6.05747e-08 0.370118 1.13094e-07</translate><rotate sid="rotateZ">0 0 1 2.14728</rotate><rotate sid="rotateY">0 1 0 -0.79109</rotate><rotate sid="rotateX">1 0 0 -58.6844</rotate>
              <node id="mixamorigwLeftToeBase" sid="mixamorigwLeftToeBase" name="mixamorigwLeftToeBase" type="JOINT">
                <translate sid="translate">2.26662e-08 0.174433 5.24402e-08</translate><rotate sid="rotateZ">0 0 1 -3.51841e-05</rotate><rotate sid="rotateY">0 1 0 -1.93171</rotate><rotate sid="rotateX">1 0 0 -39.7069</rotate>
              </node>
            </node>
          </node>
        </node>
        <node id="mixamorigwRightUpLeg" sid="mixamorigwRightUpLeg" name="mixamorigwRightUpLeg" type="JOINT">
          <translate sid="translate">-0.0945827 -0.092128 -0.0283661</translate><rotate sid="rotateZ">0 0 1 -3.77608</rotate><rotate sid="rotateY">0 1 0 -0.478485</rotate><rotate sid="rotateX">1 0 0 -159.652</rotate>
          <node id="mixamorigwRightLeg" sid="mixamorigwRightLeg" name="mixamorigwRightLeg" type="JOINT">
            <translate sid="translate">-8.21352e-09 0.367192 1.26362e-07</translate><rotate sid="rotateZ">0 0 1 -3.18505</rotate><rotate sid="rotateY">0 1 0 -3.42995</rotate><rotate sid="rotateX">1 0 0 18.7329</rotate>
            <node id="mixamorigwRightFoot" sid="mixamorigwRightFoot" name="mixamorigwRightFoot" type="JOINT">
              <translate sid="translate">-1.02669e-09 0.373775 -1.26362e-09</translate><rotate sid="rotateZ">0 0 1 -1.32878</rotate><rotate sid="rotateY">0 1 0 2.57683</rotate><rotate sid="rotateX">1 0 0 -59.2142</rotate>
              <node id="mixamorigwRightToeBase" sid="mixamorigwRightToeBase" name="mixamorigwRightToeBase" type="JOINT">
                <translate sid="translate">4.10676e-08 0.17257 -7.58171e-08</translate><rotate sid="rotateZ">0 0 1 -1.13278e-05</rotate><rotate sid="rotateY">0 1 0 2.3498</rotate><rotate sid="rotateX">1 0 0 -39.0965</rotate>
              </node>
            </node>
          </node>
        </node>
        <node id="mixamorigwSpine" sid="mixamorigwSpine" name="mixamorigwSpine" type="JOINT">
          <translate sid="translate">-0.00650102 0.120689 0.0647114</translate><rotate sid="rotateZ">0 0 1 4.09971</rotate><rotate sid="rotateY">0 1 0 1.89759</rotate><rotate sid="rotateX">1 0 0 28.1816</rotate>
          <node id="mixamorigwSpine1" sid="mixamorigwSpine1" name="mixamorigwSpine1" type="JOINT">
            <translate sid="translate">2.0287e-08 0.137097 -2.62801e-07</translate><rotate sid="rotateZ">0 0 1 -2.30285e-06</rotate><rotate sid="rotateY">0 1 0 -5.54453e-07</rotate><rotate sid="rotateX">1 0 0 -1.35089e-05</rotate>
            <node id="mixamorigwSpine2" sid="mixamorigwSpine2" name="mixamorigwSpine2" type="JOINT">
              <translate sid="translate">6.71297e-10 0.137097 1.18032e-09</translate><rotate sid="rotateZ">0 0 1 0.395671</rotate><rotate sid="rotateY">0 1 0 -0.395296</rotate><rotate sid="rotateX">1 0 0 -1.50238</rotate>
              <node id="mixamorigwLeftShoulder" sid="mixamorigwLeftShoulder" name="mixamorigwLeftShoulder" type="JOINT">
                <translate sid="translate">0.040025 0.0686486 -0.00178681</translate><rotate sid="rotateZ">0 0 1 125.595</rotate><rotate sid="rotateY">0 1 0 85.0452</rotate><rotate sid="rotateX">1 0 0 -143.81</rotate>
                <node id="mixamorigwLeftArm" sid="mixamorigwLeftArm" name="mixamorigwLeftArm" type="JOINT">
                  <translate sid="translate">-9.23188e-11 0.157174 1.94725e-09</translate><rotate sid="rotateZ">0 0 1 2.73667</rotate><rotate sid="rotateY">0 1 0 13.1506</rotate><rotate sid="rotateX">1 0 0 13.2658</rotate>
                  <node id="mixamorigwLeftForeArm" sid="mixamorigwLeftForeArm" name="mixamorigwLeftForeArm" type="JOINT">
                    <translate sid="translate">-3.47495e-08 0.243555 -1.30153e-07</translate><rotate sid="rotateZ">0 0 1 6.38695</rotate><rotate sid="rotateY">0 1 0 -11.1276</rotate><rotate sid="rotateX">1 0 0 -13.4292</rotate>
                    <node id="mixamorigwLeftHand" sid="mixamorigwLeftHand" name="mixamorigwLeftHand" type="JOINT">
                      <translate sid="translate">7.45535e-08 0.249448 7.60145e-08</translate><rotate sid="rotateZ">0 0 1 5.60961</rotate><rotate sid="rotateY">0 1 0 -4.74167</rotate><rotate sid="rotateX">1 0 0 -5.70437</rotate>
                    </node>
                  </node>
                </node>
              </node>
              <node id="mixamorigwRightShoulder" sid="mixamorigwRightShoulder" name="mixamorigwRightShoulder" type="JOINT">
                <translate sid="translate">-0.040087 0.0656621 -0.000945981</translate><rotate sid="rotateZ">0 0 1 -110.039</rotate><rotate sid="rotateY">0 1 0 -85.7646</rotate><rotate sid="rotateX">1 0 0 -160.708</rotate>
                <node id="mixamorigwRightArm" sid="mixamorigwRightArm" name="mixamorigwRightArm" type="JOINT">
                  <translate sid="translate">2.37172e-09 0.163364 -1.62252e-07</translate><rotate sid="rotateZ">0 0 1 -2.55391</rotate><rotate sid="rotateY">0 1 0 -13.0751</rotate><rotate sid="rotateX">1 0 0 13.1787</rotate>
                  <node id="mixamorigwRightForeArm" sid="mixamorigwRightForeArm" name="mixamorigwRightForeArm" type="JOINT">
                    <translate sid="translate">-8.21352e-09 0.227531 6.31809e-08</translate><rotate sid="rotateZ">0 0 1 -5.90746</rotate><rotate sid="rotateY">0 1 0 12.0334</rotate><rotate sid="rotateX">1 0 0 -14.1336</rotate>
                    <node id="mixamorigwRightHand" sid="mixamorigwRightHand" name="mixamorigwRightHand" type="JOINT">
                      <translate sid="translate">-4.26417e-08 0.25312 -1.57282e-07</translate><rotate sid="rotateZ">0 0 1 -2.20204</rotate><rotate sid="rotateY">0 1 0 -3.47744</rotate><rotate sid="rotateX">1 0 0 3.83142</rotate>
                    </node>
                  </node>
                </node>
              </node>
              <node id="mixamorigwNeck" sid="mixamorigwNeck" name="mixamorigwNeck" type="JOINT">
                <translate sid="translate">6.2025e-05 0.104088 0.00273278</translate><rotate sid="rotateZ">0 0 1 -0.0336555</rotate><rotate sid="rotateY">0 1 0 0.0184846</rotate><rotate sid="rotateX">1 0 0 1.50393</rotate>
                <node id="mixamorigwHead" sid="mixamorigwHead" name="mixamorigwHead" type="JOINT">
                  <translate sid="translate">3.73162e-09 0.0721533 1.18502e-08</translate><rotate sid="rotateZ">0 0 1 -0.519682</rotate><rotate sid="rotateY">0 1 0 0.301393</rotate><rotate sid="rotateX">1 0 0 52.5832</rotate>
                  <node id="mixamorigwHeadTop_End" sid="mixamorigwHeadTop_End" name="mixamorigwHeadTop_End" type="JOINT">
                    <translate sid="translate">-0.00116743 0.24687 -0.121132</translate><rotate sid="rotateZ">0 0 1 0.243241</rotate><rotate sid="rotateY">0 1 0 0.0564609</rotate><rotate sid="rotateX">1 0 0 -26.1357</rotate>
                  </node>
                  <node id="mixamorigwHeadFront" sid="mixamorigwHeadFront" name="mixamorigwHeadFront" type="JOINT">
                    <translate sid="translate">0.00116742 0.144812 0.121133</translate><rotate sid="rotateZ">0 0 1 -0.354292</rotate><rotate sid="rotateY">0 1 0 0.128633</rotate><rotate sid="rotateX">1 0 0 39.9111</rotate>
                  </node>
                </node>
              </node>
            </node>
          </node>
        </node>
      </node>
      <node id="Mesh_0" name="Mesh_0" type="NODE">
        <translate sid="translate">0 0 0</translate><rotate sid="rotateZ">0 0 1 0</rotate><rotate sid="rotateY">0 1 0 -0</rotate><rotate sid="rotateX">1 0 0 -90</rotate><scale sid="scale">100 100 100</scale><instance_controller url="#Mesh_0_1-skin">
          <skeleton>#mixamorigwHips</skeleton>
          <bind_material><technique_common><instance_material symbol="defaultMaterial" target="#%s"><bind_vertex_input semantic="CHANNEL0" input_semantic="TEXCOORD" input_set="0" /></instance_material></technique_common></bind_material>
        </instance_controller>
      </node>
    </visual_scene>
  </library_visual_scenes>
  <library_animations>
    <animation id="hpl_mixamorigwHips">
      <source id="hpl_mixamorigwHips-time"><float_array id="hpl_mixamorigwHips-time-array" count="23">0 1 2 3 4 5 6 7 8 9 10 11 12 13 14 15 16 17 18 19 20 21 22</float_array><technique_common><accessor source="#hpl_mixamorigwHips-time-array" count="23" stride="1" /></technique_common></source>
      <source id="hpl_mixamorigwHips-trans"><float_array id="hpl_mixamorigwHips-trans-array" count="69">0.00439342 0.913949 -0.00815742 0.00565596 0.9061 -0.00526836 0.00419065 0.907859 -0.00244711 0.000725336 0.917208 -0.000777926 -0.00707726 0.930242 0.000564554 -0.0200267 0.944597 -0.000101571 -0.0337386 0.954099 -0.00217621 -0.0409888 0.953868 -0.0051396 -0.04279 0.95421 -0.00910334 -0.0415931 0.967956 -0.0147281 -0.0360597 0.95921 -0.022854 -0.037687 0.936636 -0.0307609 -0.0431648 0.916516 -0.0375735 -0.0511147 0.903239 -0.0416037 -0.058772 0.897381 -0.0435069 -0.0618159 0.899131 -0.0425611 -0.0597797 0.905304 -0.0393046 -0.0523282 0.913864 -0.0349147 -0.0393361 0.919778 -0.0295549 -0.0220649 0.915548 -0.0232972 -0.00844095 0.921723 -0.016616 -0.000927926 0.925694 -0.0111014 0.00439342 0.913949 -0.00815742</float_array><technique_common><accessor source="#hpl_mixamorigwHips-trans-array" count="23" stride="3" /></technique_common></source>
      <source id="hpl_mixamorigwHips-rotz"><float_array id="hpl_mixamorigwHips-rotz-array" count="23">-3.19689 -2.86854 -3.29319 -3.77895 -3.98164 -3.78495 -3.01427 -1.63653 -0.231673 1.01574 2.47777 3.13768 2.63146 1.65744 0.800522 0.103595 -0.448093 -0.719761 -0.89051 -1.25977 -1.90679 -2.95952 -3.19689</float_array><technique_common><accessor source="#hpl_mixamorigwHips-rotz-array" count="23" stride="1" /></technique_common></source>
      <source id="hpl_mixamorigwHips-roty"><float_array id="hpl_mixamorigwHips-roty-array" count="23">-10.3519 -8.73824 -8.99392 -10.4317 -11.8861 -12.5938 -12.2561 -11.3925 -11.0408 -11.3031 -11.8357 -12.2857 -12.231 -11.4418 -10.0117 -8.72111 -8.21403 -8.64451 -9.8973 -11.3641 -12.458 -12.7008 -10.3519</float_array><technique_common><accessor source="#hpl_mixamorigwHips-roty-array" count="23" stride="1" /></technique_common></source>
      <source id="hpl_mixamorigwHips-rotx"><float_array id="hpl_mixamorigwHips-rotx-array" count="23">-21.2325 -22.4243 -23.3138 -23.9266 -24.6504 -25.7001 -26.4703 -26.7688 -27.2777 -28.7692 -30.7381 -32.4303 -33.3564 -33.6415 -33.3902 -32.6285 -31.2238 -29.2576 -26.8386 -24.3414 -22.4965 -21.8045 -21.2325</float_array><technique_common><accessor source="#hpl_mixamorigwHips-rotx-array" count="23" stride="1" /></technique_common></source>
      <sampler id="hpl_mixamorigwHips-trans-sampler"><input semantic="INPUT" source="#hpl_mixamorigwHips-time" /><input semantic="OUTPUT" source="#hpl_mixamorigwHips-trans" /></sampler><channel source="#hpl_mixamorigwHips-trans-sampler" target="mixamorigwHips/translate" />
      <sampler id="hpl_mixamorigwHips-rotz-sampler"><input semantic="INPUT" source="#hpl_mixamorigwHips-time" /><input semantic="OUTPUT" source="#hpl_mixamorigwHips-rotz" /></sampler><channel source="#hpl_mixamorigwHips-rotz-sampler" target="mixamorigwHips/rotateZ.ANGLE" />
      <sampler id="hpl_mixamorigwHips-roty-sampler"><input semantic="INPUT" source="#hpl_mixamorigwHips-time" /><input semantic="OUTPUT" source="#hpl_mixamorigwHips-roty" /></sampler><channel source="#hpl_mixamorigwHips-roty-sampler" target="mixamorigwHips/rotateY.ANGLE" />
      <sampler id="hpl_mixamorigwHips-rotx-sampler"><input semantic="INPUT" source="#hpl_mixamorigwHips-time" /><input semantic="OUTPUT" source="#hpl_mixamorigwHips-rotx" /></sampler><channel source="#hpl_mixamorigwHips-rotx-sampler" target="mixamorigwHips/rotateX.ANGLE" />
    </animation>
    <animation id="hpl_mixamorigwLeftUpLeg">
      <source id="hpl_mixamorigwLeftUpLeg-time"><float_array id="hpl_mixamorigwLeftUpLeg-time-array" count="23">0 1 2 3 4 5 6 7 8 9 10 11 12 13 14 15 16 17 18 19 20 21 22</float_array><technique_common><accessor source="#hpl_mixamorigwLeftUpLeg-time-array" count="23" stride="1" /></technique_common></source>
      <source id="hpl_mixamorigwLeftUpLeg-trans"><float_array id="hpl_mixamorigwLeftUpLeg-trans-array" count="69">0.101084 -0.0783561 -0.036345 0.101084 -0.0783561 -0.036345 0.101084 -0.0783561 -0.036345 0.101084 -0.0783561 -0.036345 0.101084 -0.0783561 -0.036345 0.101084 -0.0783561 -0.036345 0.101084 -0.0783561 -0.036345 0.101084 -0.0783561 -0.036345 0.101084 -0.0783561 -0.036345 0.101084 -0.0783561 -0.036345 0.101084 -0.0783561 -0.036345 0.101084 -0.0783561 -0.036345 0.101084 -0.0783561 -0.036345 0.101084 -0.0783561 -0.036345 0.101084 -0.0783561 -0.036345 0.101084 -0.0783561 -0.036345 0.101084 -0.0783561 -0.036345 0.101084 -0.0783561 -0.036345 0.101084 -0.0783561 -0.036345 0.101084 -0.0783561 -0.036345 0.101084 -0.0783561 -0.036345 0.101084 -0.0783561 -0.036345 0.101084 -0.0783561 -0.036345</float_array><technique_common><accessor source="#hpl_mixamorigwLeftUpLeg-trans-array" count="23" stride="3" /></technique_common></source>
      <source id="hpl_mixamorigwLeftUpLeg-rotz"><float_array id="hpl_mixamorigwLeftUpLeg-rotz-array" count="23">19.5582 13.7502 9.29772 5.61303 2.4884 -0.243559 -3.3423 -7.26258 -10.1205 -10.6802 -9.55786 -5.66865 1.10002 8.66985 15.4514 20.8982 24.8766 27.0569 27.647 27.1666 25.8649 24.2729 19.5582</float_array><technique_common><accessor source="#hpl_mixamorigwLeftUpLeg-rotz-array" count="23" stride="1" /></technique_common></source>
      <source id="hpl_mixamorigwLeftUpLeg-roty"><float_array id="hpl_mixamorigwLeftUpLeg-roty-array" count="23">22.3835 23.5736 24.2784 25.8235 28.0164 30.631 32.4251 31.5663 28.3288 25.5872 23.7036 22.258 20.8093 18.9125 16.4909 13.8052 10.8778 8.08683 6.53233 6.63258 8.59088 12.3455 22.3835</float_array><technique_common><accessor source="#hpl_mixamorigwLeftUpLeg-roty-array" count="23" stride="1" /></technique_common></source>
      <source id="hpl_mixamorigwLeftUpLeg-rotx"><float_array id="hpl_mixamorigwLeftUpLeg-rotx-array" count="23">175.251 173.743 175.299 178.409 182.204 185.193 185.95 183.948 180.864 178.301 175.607 173.361 172.164 171.961 172.439 173.501 175.153 177.321 179.561 181.443 182.911 183.286 175.251</float_array><technique_common><accessor source="#hpl_mixamorigwLeftUpLeg-rotx-array" count="23" stride="1" /></technique_common></source>
      <sampler id="hpl_mixamorigwLeftUpLeg-trans-sampler"><input semantic="INPUT" source="#hpl_mixamorigwLeftUpLeg-time" /><input semantic="OUTPUT" source="#hpl_mixamorigwLeftUpLeg-trans" /></sampler><channel source="#hpl_mixamorigwLeftUpLeg-trans-sampler" target="mixamorigwLeftUpLeg/translate" />
      <sampler id="hpl_mixamorigwLeftUpLeg-rotz-sampler"><input semantic="INPUT" source="#hpl_mixamorigwLeftUpLeg-time" /><input semantic="OUTPUT" source="#hpl_mixamorigwLeftUpLeg-rotz" /></sampler><channel source="#hpl_mixamorigwLeftUpLeg-rotz-sampler" target="mixamorigwLeftUpLeg/rotateZ.ANGLE" />
      <sampler id="hpl_mixamorigwLeftUpLeg-roty-sampler"><input semantic="INPUT" source="#hpl_mixamorigwLeftUpLeg-time" /><input semantic="OUTPUT" source="#hpl_mixamorigwLeftUpLeg-roty" /></sampler><channel source="#hpl_mixamorigwLeftUpLeg-roty-sampler" target="mixamorigwLeftUpLeg/rotateY.ANGLE" />
      <sampler id="hpl_mixamorigwLeftUpLeg-rotx-sampler"><input semantic="INPUT" source="#hpl_mixamorigwLeftUpLeg-time" /><input semantic="OUTPUT" source="#hpl_mixamorigwLeftUpLeg-rotx" /></sampler><channel source="#hpl_mixamorigwLeftUpLeg-rotx-sampler" target="mixamorigwLeftUpLeg/rotateX.ANGLE" />
    </animation>
    <animation id="hpl_mixamorigwLeftLeg">
      <source id="hpl_mixamorigwLeftLeg-time"><float_array id="hpl_mixamorigwLeftLeg-time-array" count="23">0 1 2 3 4 5 6 7 8 9 10 11 12 13 14 15 16 17 18 19 20 21 22</float_array><technique_common><accessor source="#hpl_mixamorigwLeftLeg-time-array" count="23" stride="1" /></technique_common></source>
      <source id="hpl_mixamorigwLeftLeg-trans"><float_array id="hpl_mixamorigwLeftLeg-trans-array" count="69">6.40674e-08 0.366933 1.23554e-07 6.40674e-08 0.366933 1.23554e-07 6.40674e-08 0.366933 1.23554e-07 6.40674e-08 0.366933 1.23554e-07 6.40674e-08 0.366933 1.23554e-07 6.40674e-08 0.366933 1.23554e-07 6.40674e-08 0.366933 1.23554e-07 6.40674e-08 0.366933 1.23554e-07 6.40674e-08 0.366933 1.23554e-07 6.40674e-08 0.366933 1.23554e-07 6.40674e-08 0.366933 1.23554e-07 6.40674e-08 0.366933 1.23554e-07 6.40674e-08 0.366933 1.23554e-07 6.40674e-08 0.366933 1.23554e-07 6.40674e-08 0.366933 1.23554e-07 6.40674e-08 0.366933 1.23554e-07 6.40674e-08 0.366933 1.23554e-07 6.40674e-08 0.366933 1.23554e-07 6.40674e-08 0.366933 1.23554e-07 6.40674e-08 0.366933 1.23554e-07 6.40674e-08 0.366933 1.23554e-07 6.40674e-08 0.366933 1.23554e-07 6.40674e-08 0.366933 1.23554e-07</float_array><technique_common><accessor source="#hpl_mixamorigwLeftLeg-trans-array" count="23" stride="3" /></technique_common></source>
      <source id="hpl_mixamorigwLeftLeg-rotz"><float_array id="hpl_mixamorigwLeftLeg-rotz-array" count="23">-1.96649 -2.33739 -2.60821 -2.83155 -2.91231 -2.87304 -2.73316 -2.69644 -2.85123 -3.06661 -3.48831 -3.71416 -3.57338 -3.23338 -2.83799 -2.41167 -1.99155 -1.71253 -1.69401 -1.7876 -1.79141 -1.76653 -1.96649</float_array><technique_common><accessor source="#hpl_mixamorigwLeftLeg-rotz-array" count="23" stride="1" /></technique_common></source>
      <source id="hpl_mixamorigwLeftLeg-roty"><float_array id="hpl_mixamorigwLeftLeg-roty-array" count="23">3.85557 4.07297 3.87432 3.32469 2.52771 1.64992 1.06556 0.948051 1.62243 2.41376 2.9983 3.65353 4.29443 4.68337 4.76352 4.69244 4.68713 4.83768 4.85902 4.69513 4.45299 4.1171 3.85557</float_array><technique_common><accessor source="#hpl_mixamorigwLeftLeg-roty-array" count="23" stride="1" /></technique_common></source>
      <source id="hpl_mixamorigwLeftLeg-rotx"><float_array id="hpl_mixamorigwLeftLeg-rotx-array" count="23">46.0868 52.2241 53.072 50.2832 45.9459 42.4791 40.7639 41.8271 45.4635 51.5693 59.9928 67.5905 71.8492 71.3345 66.4005 58.6035 49.7538 41.5752 35.6137 32.6801 33.2623 37.574 46.0868</float_array><technique_common><accessor source="#hpl_mixamorigwLeftLeg-rotx-array" count="23" stride="1" /></technique_common></source>
      <sampler id="hpl_mixamorigwLeftLeg-trans-sampler"><input semantic="INPUT" source="#hpl_mixamorigwLeftLeg-time" /><input semantic="OUTPUT" source="#hpl_mixamorigwLeftLeg-trans" /></sampler><channel source="#hpl_mixamorigwLeftLeg-trans-sampler" target="mixamorigwLeftLeg/translate" />
      <sampler id="hpl_mixamorigwLeftLeg-rotz-sampler"><input semantic="INPUT" source="#hpl_mixamorigwLeftLeg-time" /><input semantic="OUTPUT" source="#hpl_mixamorigwLeftLeg-rotz" /></sampler><channel source="#hpl_mixamorigwLeftLeg-rotz-sampler" target="mixamorigwLeftLeg/rotateZ.ANGLE" />
      <sampler id="hpl_mixamorigwLeftLeg-roty-sampler"><input semantic="INPUT" source="#hpl_mixamorigwLeftLeg-time" /><input semantic="OUTPUT" source="#hpl_mixamorigwLeftLeg-roty" /></sampler><channel source="#hpl_mixamorigwLeftLeg-roty-sampler" target="mixamorigwLeftLeg/rotateY.ANGLE" />
      <sampler id="hpl_mixamorigwLeftLeg-rotx-sampler"><input semantic="INPUT" source="#hpl_mixamorigwLeftLeg-time" /><input semantic="OUTPUT" source="#hpl_mixamorigwLeftLeg-rotx" /></sampler><channel source="#hpl_mixamorigwLeftLeg-rotx-sampler" target="mixamorigwLeftLeg/rotateX.ANGLE" />
    </animation>
    <animation id="hpl_mixamorigwLeftFoot">
      <source id="hpl_mixamorigwLeftFoot-time"><float_array id="hpl_mixamorigwLeftFoot-time-array" count="23">0 1 2 3 4 5 6 7 8 9 10 11 12 13 14 15 16 17 18 19 20 21 22</float_array><technique_common><accessor source="#hpl_mixamorigwLeftFoot-time-array" count="23" stride="1" /></technique_common></source>
      <source id="hpl_mixamorigwLeftFoot-trans"><float_array id="hpl_mixamorigwLeftFoot-trans-array" count="69">-2.69963e-07 0.370117 9.45187e-08 -2.69963e-07 0.370117 9.45187e-08 -2.69963e-07 0.370117 9.45187e-08 -2.69963e-07 0.370117 9.45187e-08 -2.69963e-07 0.370117 9.45187e-08 -2.69963e-07 0.370117 9.45187e-08 -2.69963e-07 0.370117 9.45187e-08 -2.69963e-07 0.370117 9.45187e-08 -2.69963e-07 0.370117 9.45187e-08 -2.69963e-07 0.370117 9.45187e-08 -2.69963e-07 0.370117 9.45187e-08 -2.69963e-07 0.370117 9.45187e-08 -2.69963e-07 0.370117 9.45187e-08 -2.69963e-07 0.370117 9.45187e-08 -2.69963e-07 0.370117 9.45187e-08 -2.69963e-07 0.370117 9.45187e-08 -2.69963e-07 0.370117 9.45187e-08 -2.69963e-07 0.370117 9.45187e-08 -2.69963e-07 0.370117 9.45187e-08 -2.69963e-07 0.370117 9.45187e-08 -2.69963e-07 0.370117 9.45187e-08 -2.69963e-07 0.370117 9.45187e-08 -2.69963e-07 0.370117 9.45187e-08</float_array><technique_common><accessor source="#hpl_mixamorigwLeftFoot-trans-array" count="23" stride="3" /></technique_common></source>
      <source id="hpl_mixamorigwLeftFoot-rotz"><float_array id="hpl_mixamorigwLeftFoot-rotz-array" count="23">11.1184 6.98602 3.08986 -0.713605 -5.08095 -9.92323 -11.7649 -3.9262 11.7225 16.4879 12.5978 8.87046 5.25737 2.08601 -0.161263 -1.65747 -3.51883 -6.94064 -10.496 -11.0443 -4.0562 7.15857 11.1184</float_array><technique_common><accessor source="#hpl_mixamorigwLeftFoot-rotz-array" count="23" stride="1" /></technique_common></source>
      <source id="hpl_mixamorigwLeftFoot-roty"><float_array id="hpl_mixamorigwLeftFoot-roty-array" count="23">-6.82168 -8.1806 -11.3914 -14.3335 -15.7309 -13.6132 -9.50256 -5.10148 -1.0401 -1.58572 -4.6639 -8.26404 -12.1654 -16.0031 -17.3861 -16.6048 -15.4418 -14.4135 -13.2601 -11.7284 -10.0006 -8.15733 -6.82168</float_array><technique_common><accessor source="#hpl_mixamorigwLeftFoot-roty-array" count="23" stride="1" /></technique_common></source>
      <source id="hpl_mixamorigwLeftFoot-rotx"><float_array id="hpl_mixamorigwLeftFoot-rotx-array" count="23">-64.0971 -70.0346 -73.0321 -71.6345 -65.0164 -54.3567 -42.298 -33.6824 -31.5246 -37.1554 -45.848 -52.3685 -56.6231 -59.1281 -58.6514 -55.4847 -50.8916 -45.5634 -40.7995 -38.6272 -42.6385 -55.0808 -64.0971</float_array><technique_common><accessor source="#hpl_mixamorigwLeftFoot-rotx-array" count="23" stride="1" /></technique_common></source>
      <sampler id="hpl_mixamorigwLeftFoot-trans-sampler"><input semantic="INPUT" source="#hpl_mixamorigwLeftFoot-time" /><input semantic="OUTPUT" source="#hpl_mixamorigwLeftFoot-trans" /></sampler><channel source="#hpl_mixamorigwLeftFoot-trans-sampler" target="mixamorigwLeftFoot/translate" />
      <sampler id="hpl_mixamorigwLeftFoot-rotz-sampler"><input semantic="INPUT" source="#hpl_mixamorigwLeftFoot-time" /><input semantic="OUTPUT" source="#hpl_mixamorigwLeftFoot-rotz" /></sampler><channel source="#hpl_mixamorigwLeftFoot-rotz-sampler" target="mixamorigwLeftFoot/rotateZ.ANGLE" />
      <sampler id="hpl_mixamorigwLeftFoot-roty-sampler"><input semantic="INPUT" source="#hpl_mixamorigwLeftFoot-time" /><input semantic="OUTPUT" source="#hpl_mixamorigwLeftFoot-roty" /></sampler><channel source="#hpl_mixamorigwLeftFoot-roty-sampler" target="mixamorigwLeftFoot/rotateY.ANGLE" />
      <sampler id="hpl_mixamorigwLeftFoot-rotx-sampler"><input semantic="INPUT" source="#hpl_mixamorigwLeftFoot-time" /><input semantic="OUTPUT" source="#hpl_mixamorigwLeftFoot-rotx" /></sampler><channel source="#hpl_mixamorigwLeftFoot-rotx-sampler" target="mixamorigwLeftFoot/rotateX.ANGLE" />
    </animation>
    <animation id="hpl_mixamorigwLeftToeBase">
      <source id="hpl_mixamorigwLeftToeBase-time"><float_array id="hpl_mixamorigwLeftToeBase-time-array" count="23">0 1 2 3 4 5 6 7 8 9 10 11 12 13 14 15 16 17 18 19 20 21 22</float_array><technique_common><accessor source="#hpl_mixamorigwLeftToeBase-time-array" count="23" stride="1" /></technique_common></source>
      <source id="hpl_mixamorigwLeftToeBase-trans"><float_array id="hpl_mixamorigwLeftToeBase-trans-array" count="69">-1.43007e-07 0.174434 8.64634e-08 -1.43007e-07 0.174434 8.64634e-08 -1.43007e-07 0.174434 8.64634e-08 -1.43007e-07 0.174434 8.64634e-08 -1.43007e-07 0.174434 8.64634e-08 -1.43007e-07 0.174434 8.64634e-08 -1.43007e-07 0.174434 8.64634e-08 -1.43007e-07 0.174434 8.64634e-08 -1.43007e-07 0.174434 8.64634e-08 -1.43007e-07 0.174434 8.64634e-08 -1.43007e-07 0.174434 8.64634e-08 -1.43007e-07 0.174434 8.64634e-08 -1.43007e-07 0.174434 8.64634e-08 -1.43007e-07 0.174434 8.64634e-08 -1.43007e-07 0.174434 8.64634e-08 -1.43007e-07 0.174434 8.64634e-08 -1.43007e-07 0.174434 8.64634e-08 -1.43007e-07 0.174434 8.64634e-08 -1.43007e-07 0.174434 8.64634e-08 -1.43007e-07 0.174434 8.64634e-08 -1.43007e-07 0.174434 8.64634e-08 -1.43007e-07 0.174434 8.64634e-08 -1.43007e-07 0.174434 8.64634e-08</float_array><technique_common><accessor source="#hpl_mixamorigwLeftToeBase-trans-array" count="23" stride="3" /></technique_common></source>
      <source id="hpl_mixamorigwLeftToeBase-rotz"><float_array id="hpl_mixamorigwLeftToeBase-rotz-array" count="23">0.363084 0.256813 0.252984 0.357591 0.591813 0.98755 1.37254 1.054 0.610304 0.660336 0.730901 0.761756 0.792062 0.872244 0.908101 0.895673 0.871008 0.809918 0.613605 0.475717 0.442983 0.459814 0.363084</float_array><technique_common><accessor source="#hpl_mixamorigwLeftToeBase-rotz-array" count="23" stride="1" /></technique_common></source>
      <source id="hpl_mixamorigwLeftToeBase-roty"><float_array id="hpl_mixamorigwLeftToeBase-roty-array" count="23">0.644978 0.538087 0.513208 0.484926 0.380448 0.0814051 -0.211606 -0.210914 0.0994937 0.321649 0.573489 0.717984 0.80428 0.852266 0.798888 0.742429 0.716748 0.70746 0.709102 0.716212 0.652836 0.615161 0.644978</float_array><technique_common><accessor source="#hpl_mixamorigwLeftToeBase-roty-array" count="23" stride="1" /></technique_common></source>
      <source id="hpl_mixamorigwLeftToeBase-rotx"><float_array id="hpl_mixamorigwLeftToeBase-rotx-array" count="23">-38.8501 -38.5648 -39.0639 -40.2218 -43.1715 -49.6692 -56.8775 -54.4898 -45.6666 -44.7511 -44.9392 -44.375 -43.4138 -42.6763 -42.5881 -42.8773 -43.4847 -44.0229 -44.0212 -43.5489 -43.2326 -41.7229 -38.8501</float_array><technique_common><accessor source="#hpl_mixamorigwLeftToeBase-rotx-array" count="23" stride="1" /></technique_common></source>
      <sampler id="hpl_mixamorigwLeftToeBase-trans-sampler"><input semantic="INPUT" source="#hpl_mixamorigwLeftToeBase-time" /><input semantic="OUTPUT" source="#hpl_mixamorigwLeftToeBase-trans" /></sampler><channel source="#hpl_mixamorigwLeftToeBase-trans-sampler" target="mixamorigwLeftToeBase/translate" />
      <sampler id="hpl_mixamorigwLeftToeBase-rotz-sampler"><input semantic="INPUT" source="#hpl_mixamorigwLeftToeBase-time" /><input semantic="OUTPUT" source="#hpl_mixamorigwLeftToeBase-rotz" /></sampler><channel source="#hpl_mixamorigwLeftToeBase-rotz-sampler" target="mixamorigwLeftToeBase/rotateZ.ANGLE" />
      <sampler id="hpl_mixamorigwLeftToeBase-roty-sampler"><input semantic="INPUT" source="#hpl_mixamorigwLeftToeBase-time" /><input semantic="OUTPUT" source="#hpl_mixamorigwLeftToeBase-roty" /></sampler><channel source="#hpl_mixamorigwLeftToeBase-roty-sampler" target="mixamorigwLeftToeBase/rotateY.ANGLE" />
      <sampler id="hpl_mixamorigwLeftToeBase-rotx-sampler"><input semantic="INPUT" source="#hpl_mixamorigwLeftToeBase-time" /><input semantic="OUTPUT" source="#hpl_mixamorigwLeftToeBase-rotx" /></sampler><channel source="#hpl_mixamorigwLeftToeBase-rotx-sampler" target="mixamorigwLeftToeBase/rotateX.ANGLE" />
    </animation>
    <animation id="hpl_mixamorigwRightUpLeg">
      <source id="hpl_mixamorigwRightUpLeg-time"><float_array id="hpl_mixamorigwRightUpLeg-time-array" count="23">0 1 2 3 4 5 6 7 8 9 10 11 12 13 14 15 16 17 18 19 20 21 22</float_array><technique_common><accessor source="#hpl_mixamorigwRightUpLeg-time-array" count="23" stride="1" /></technique_common></source>
      <source id="hpl_mixamorigwRightUpLeg-trans"><float_array id="hpl_mixamorigwRightUpLeg-trans-array" count="69">-0.0945823 -0.0921287 -0.0283666 -0.0945823 -0.0921287 -0.0283666 -0.0945823 -0.0921287 -0.0283666 -0.0945823 -0.0921287 -0.0283666 -0.0945823 -0.0921287 -0.0283666 -0.0945823 -0.0921287 -0.0283666 -0.0945823 -0.0921287 -0.0283666 -0.0945823 -0.0921287 -0.0283666 -0.0945823 -0.0921287 -0.0283666 -0.0945823 -0.0921287 -0.0283666 -0.0945823 -0.0921287 -0.0283666 -0.0945823 -0.0921287 -0.0283666 -0.0945823 -0.0921287 -0.0283666 -0.0945823 -0.0921287 -0.0283666 -0.0945823 -0.0921287 -0.0283666 -0.0945823 -0.0921287 -0.0283666 -0.0945823 -0.0921287 -0.0283666 -0.0945823 -0.0921287 -0.0283666 -0.0945823 -0.0921287 -0.0283666 -0.0945823 -0.0921287 -0.0283666 -0.0945823 -0.0921287 -0.0283666 -0.0945823 -0.0921287 -0.0283666 -0.0945823 -0.0921287 -0.0283666</float_array><technique_common><accessor source="#hpl_mixamorigwRightUpLeg-trans-array" count="23" stride="3" /></technique_common></source>
      <source id="hpl_mixamorigwRightUpLeg-rotz"><float_array id="hpl_mixamorigwRightUpLeg-rotz-array" count="23">-30.6056 -27.5221 -22.2583 -16.5435 -11.1007 -6.00796 -0.118445 6.20278 10.4615 10.7008 8.19996 4.98744 1.84913 -1.43357 -5.07723 -8.99588 -12.9964 -17.3903 -21.8574 -25.5642 -28.181 -29.3678 -30.6056</float_array><technique_common><accessor source="#hpl_mixamorigwRightUpLeg-rotz-array" count="23" stride="1" /></technique_common></source>
      <source id="hpl_mixamorigwRightUpLeg-roty"><float_array id="hpl_mixamorigwRightUpLeg-roty-array" count="23">4.53197 2.21647 -1.69375 -6.86458 -12.6818 -17.9094 -20.1221 -18.3767 -14.1346 -11.9384 -10.4104 -7.76772 -5.62673 -3.89873 -2.20756 0.216947 3.56886 7.30046 10.8766 13.1563 12.9811 10.5503 4.53197</float_array><technique_common><accessor source="#hpl_mixamorigwRightUpLeg-roty-array" count="23" stride="1" /></technique_common></source>
      <source id="hpl_mixamorigwRightUpLeg-rotx"><float_array id="hpl_mixamorigwRightUpLeg-rotx-array" count="23">-153.192 -153.345 -153.661 -153.33 -151.078 -146.401 -141.776 -139.525 -138.78 -139.602 -144.435 -148.798 -152.503 -154.015 -154.188 -152.955 -150.94 -149.626 -149.466 -149.609 -149.174 -150.688 -153.192</float_array><technique_common><accessor source="#hpl_mixamorigwRightUpLeg-rotx-array" count="23" stride="1" /></technique_common></source>
      <sampler id="hpl_mixamorigwRightUpLeg-trans-sampler"><input semantic="INPUT" source="#hpl_mixamorigwRightUpLeg-time" /><input semantic="OUTPUT" source="#hpl_mixamorigwRightUpLeg-trans" /></sampler><channel source="#hpl_mixamorigwRightUpLeg-trans-sampler" target="mixamorigwRightUpLeg/translate" />
      <sampler id="hpl_mixamorigwRightUpLeg-rotz-sampler"><input semantic="INPUT" source="#hpl_mixamorigwRightUpLeg-time" /><input semantic="OUTPUT" source="#hpl_mixamorigwRightUpLeg-rotz" /></sampler><channel source="#hpl_mixamorigwRightUpLeg-rotz-sampler" target="mixamorigwRightUpLeg/rotateZ.ANGLE" />
      <sampler id="hpl_mixamorigwRightUpLeg-roty-sampler"><input semantic="INPUT" source="#hpl_mixamorigwRightUpLeg-time" /><input semantic="OUTPUT" source="#hpl_mixamorigwRightUpLeg-roty" /></sampler><channel source="#hpl_mixamorigwRightUpLeg-roty-sampler" target="mixamorigwRightUpLeg/rotateY.ANGLE" />
      <sampler id="hpl_mixamorigwRightUpLeg-rotx-sampler"><input semantic="INPUT" source="#hpl_mixamorigwRightUpLeg-time" /><input semantic="OUTPUT" source="#hpl_mixamorigwRightUpLeg-rotx" /></sampler><channel source="#hpl_mixamorigwRightUpLeg-rotx-sampler" target="mixamorigwRightUpLeg/rotateX.ANGLE" />
    </animation>
    <animation id="hpl_mixamorigwRightLeg">
      <source id="hpl_mixamorigwRightLeg-time"><float_array id="hpl_mixamorigwRightLeg-time-array" count="23">0 1 2 3 4 5 6 7 8 9 10 11 12 13 14 15 16 17 18 19 20 21 22</float_array><technique_common><accessor source="#hpl_mixamorigwRightLeg-time-array" count="23" stride="1" /></technique_common></source>
      <source id="hpl_mixamorigwRightLeg-trans"><float_array id="hpl_mixamorigwRightLeg-trans-array" count="69">-4.47169e-08 0.367192 2.558e-07 -4.47169e-08 0.367192 2.558e-07 -4.47169e-08 0.367192 2.558e-07 -4.47169e-08 0.367192 2.558e-07 -4.47169e-08 0.367192 2.558e-07 -4.47169e-08 0.367192 2.558e-07 -4.47169e-08 0.367192 2.558e-07 -4.47169e-08 0.367192 2.558e-07 -4.47169e-08 0.367192 2.558e-07 -4.47169e-08 0.367192 2.558e-07 -4.47169e-08 0.367192 2.558e-07 -4.47169e-08 0.367192 2.558e-07 -4.47169e-08 0.367192 2.558e-07 -4.47169e-08 0.367192 2.558e-07 -4.47169e-08 0.367192 2.558e-07 -4.47169e-08 0.367192 2.558e-07 -4.47169e-08 0.367192 2.558e-07 -4.47169e-08 0.367192 2.558e-07 -4.47169e-08 0.367192 2.558e-07 -4.47169e-08 0.367192 2.558e-07 -4.47169e-08 0.367192 2.558e-07 -4.47169e-08 0.367192 2.558e-07 -4.47169e-08 0.367192 2.558e-07</float_array><technique_common><accessor source="#hpl_mixamorigwRightLeg-trans-array" count="23" stride="3" /></technique_common></source>
      <source id="hpl_mixamorigwRightLeg-rotz"><float_array id="hpl_mixamorigwRightLeg-rotz-array" count="23">1.07516 1.53695 1.83071 1.92946 2.09723 2.04676 1.30494 0.427029 0.153237 0.26237 1.04219 1.66437 1.95658 2.01944 1.88816 1.65039 1.38381 0.98506 0.574695 0.246226 0.116177 0.504738 1.07516</float_array><technique_common><accessor source="#hpl_mixamorigwRightLeg-rotz-array" count="23" stride="1" /></technique_common></source>
      <source id="hpl_mixamorigwRightLeg-roty"><float_array id="hpl_mixamorigwRightLeg-roty-array" count="23">-5.62953 -6.27896 -6.90912 -6.93024 -6.06086 -4.5952 -2.942 -2.19448 -2.22911 -2.17901 -2.33886 -3.10017 -4.05444 -4.73602 -5.24578 -5.65725 -5.71193 -5.78391 -5.81906 -5.76264 -5.54825 -5.30757 -5.62953</float_array><technique_common><accessor source="#hpl_mixamorigwRightLeg-roty-array" count="23" stride="1" /></technique_common></source>
      <source id="hpl_mixamorigwRightLeg-rotx"><float_array id="hpl_mixamorigwRightLeg-rotx-array" count="23">29.5768 41.888 51.182 55.6525 54.1478 45.6252 31.7991 16.7393 5.94862 6.05148 21.054 34.7606 44.5769 48.8071 49.1697 45.2526 37.673 28.5746 18.9644 9.44457 2.84109 8.51879 29.5768</float_array><technique_common><accessor source="#hpl_mixamorigwRightLeg-rotx-array" count="23" stride="1" /></technique_common></source>
      <sampler id="hpl_mixamorigwRightLeg-trans-sampler"><input semantic="INPUT" source="#hpl_mixamorigwRightLeg-time" /><input semantic="OUTPUT" source="#hpl_mixamorigwRightLeg-trans" /></sampler><channel source="#hpl_mixamorigwRightLeg-trans-sampler" target="mixamorigwRightLeg/translate" />
      <sampler id="hpl_mixamorigwRightLeg-rotz-sampler"><input semantic="INPUT" source="#hpl_mixamorigwRightLeg-time" /><input semantic="OUTPUT" source="#hpl_mixamorigwRightLeg-rotz" /></sampler><channel source="#hpl_mixamorigwRightLeg-rotz-sampler" target="mixamorigwRightLeg/rotateZ.ANGLE" />
      <sampler id="hpl_mixamorigwRightLeg-roty-sampler"><input semantic="INPUT" source="#hpl_mixamorigwRightLeg-time" /><input semantic="OUTPUT" source="#hpl_mixamorigwRightLeg-roty" /></sampler><channel source="#hpl_mixamorigwRightLeg-roty-sampler" target="mixamorigwRightLeg/rotateY.ANGLE" />
      <sampler id="hpl_mixamorigwRightLeg-rotx-sampler"><input semantic="INPUT" source="#hpl_mixamorigwRightLeg-time" /><input semantic="OUTPUT" source="#hpl_mixamorigwRightLeg-rotx" /></sampler><channel source="#hpl_mixamorigwRightLeg-rotx-sampler" target="mixamorigwRightLeg/rotateX.ANGLE" />
    </animation>
    <animation id="hpl_mixamorigwRightFoot">
      <source id="hpl_mixamorigwRightFoot-time"><float_array id="hpl_mixamorigwRightFoot-time-array" count="23">0 1 2 3 4 5 6 7 8 9 10 11 12 13 14 15 16 17 18 19 20 21 22</float_array><technique_common><accessor source="#hpl_mixamorigwRightFoot-time-array" count="23" stride="1" /></technique_common></source>
      <source id="hpl_mixamorigwRightFoot-trans"><float_array id="hpl_mixamorigwRightFoot-trans-array" count="69">-6.19872e-08 0.373775 2.85636e-07 -6.19872e-08 0.373775 2.85636e-07 -6.19872e-08 0.373775 2.85636e-07 -6.19872e-08 0.373775 2.85636e-07 -6.19872e-08 0.373775 2.85636e-07 -6.19872e-08 0.373775 2.85636e-07 -6.19872e-08 0.373775 2.85636e-07 -6.19872e-08 0.373775 2.85636e-07 -6.19872e-08 0.373775 2.85636e-07 -6.19872e-08 0.373775 2.85636e-07 -6.19872e-08 0.373775 2.85636e-07 -6.19872e-08 0.373775 2.85636e-07 -6.19872e-08 0.373775 2.85636e-07 -6.19872e-08 0.373775 2.85636e-07 -6.19872e-08 0.373775 2.85636e-07 -6.19872e-08 0.373775 2.85636e-07 -6.19872e-08 0.373775 2.85636e-07 -6.19872e-08 0.373775 2.85636e-07 -6.19872e-08 0.373775 2.85636e-07 -6.19872e-08 0.373775 2.85636e-07 -6.19872e-08 0.373775 2.85636e-07 -6.19872e-08 0.373775 2.85636e-07 -6.19872e-08 0.373775 2.85636e-07</float_array><technique_common><accessor source="#hpl_mixamorigwRightFoot-trans-array" count="23" stride="3" /></technique_common></source>
      <source id="hpl_mixamorigwRightFoot-rotz"><float_array id="hpl_mixamorigwRightFoot-rotz-array" count="23">4.17791 2.41941 -1.1861 -7.09846 -13.6451 -20.4528 -24.2324 -25.8692 -25.2581 -13.5007 4.41397 7.07427 3.99892 -0.237982 -4.69541 -9.26467 -13.9043 -18.2862 -20.0148 -13.6936 0.933432 8.95919 4.17791</float_array><technique_common><accessor source="#hpl_mixamorigwRightFoot-rotz-array" count="23" stride="1" /></technique_common></source>
      <source id="hpl_mixamorigwRightFoot-roty"><float_array id="hpl_mixamorigwRightFoot-roty-array" count="23">17.4423 17.9172 14.3778 6.32922 -2.42334 -9.41249 -11.3828 -10.5026 -7.97244 -4.98173 -1.20984 2.19684 2.70615 1.83153 -0.096302 -2.68208 -4.94904 -5.98751 -3.92149 2.68007 10.6869 14.8316 17.4423</float_array><technique_common><accessor source="#hpl_mixamorigwRightFoot-roty-array" count="23" stride="1" /></technique_common></source>
      <source id="hpl_mixamorigwRightFoot-rotx"><float_array id="hpl_mixamorigwRightFoot-rotx-array" count="23">-53.8552 -59.8442 -62.5028 -62.3022 -59.987 -57.272 -54.6085 -49.9578 -44.052 -44.1264 -58.6097 -72.2808 -81.0499 -85.6502 -86.8052 -84.5662 -77.9556 -66.5366 -52.1657 -38.5193 -31.367 -36.3958 -53.8552</float_array><technique_common><accessor source="#hpl_mixamorigwRightFoot-rotx-array" count="23" stride="1" /></technique_common></source>
      <sampler id="hpl_mixamorigwRightFoot-trans-sampler"><input semantic="INPUT" source="#hpl_mixamorigwRightFoot-time" /><input semantic="OUTPUT" source="#hpl_mixamorigwRightFoot-trans" /></sampler><channel source="#hpl_mixamorigwRightFoot-trans-sampler" target="mixamorigwRightFoot/translate" />
      <sampler id="hpl_mixamorigwRightFoot-rotz-sampler"><input semantic="INPUT" source="#hpl_mixamorigwRightFoot-time" /><input semantic="OUTPUT" source="#hpl_mixamorigwRightFoot-rotz" /></sampler><channel source="#hpl_mixamorigwRightFoot-rotz-sampler" target="mixamorigwRightFoot/rotateZ.ANGLE" />
      <sampler id="hpl_mixamorigwRightFoot-roty-sampler"><input semantic="INPUT" source="#hpl_mixamorigwRightFoot-time" /><input semantic="OUTPUT" source="#hpl_mixamorigwRightFoot-roty" /></sampler><channel source="#hpl_mixamorigwRightFoot-roty-sampler" target="mixamorigwRightFoot/rotateY.ANGLE" />
      <sampler id="hpl_mixamorigwRightFoot-rotx-sampler"><input semantic="INPUT" source="#hpl_mixamorigwRightFoot-time" /><input semantic="OUTPUT" source="#hpl_mixamorigwRightFoot-rotx" /></sampler><channel source="#hpl_mixamorigwRightFoot-rotx-sampler" target="mixamorigwRightFoot/rotateX.ANGLE" />
    </animation>
    <animation id="hpl_mixamorigwRightToeBase">
      <source id="hpl_mixamorigwRightToeBase-time"><float_array id="hpl_mixamorigwRightToeBase-time-array" count="23">0 1 2 3 4 5 6 7 8 9 10 11 12 13 14 15 16 17 18 19 20 21 22</float_array><technique_common><accessor source="#hpl_mixamorigwRightToeBase-time-array" count="23" stride="1" /></technique_common></source>
      <source id="hpl_mixamorigwRightToeBase-trans"><float_array id="hpl_mixamorigwRightToeBase-trans-array" count="69">-5.09662e-07 0.17257 -7.34606e-07 -5.09662e-07 0.17257 -7.34606e-07 -5.09662e-07 0.17257 -7.34606e-07 -5.09662e-07 0.17257 -7.34606e-07 -5.09662e-07 0.17257 -7.34606e-07 -5.09662e-07 0.17257 -7.34606e-07 -5.09662e-07 0.17257 -7.34606e-07 -5.09662e-07 0.17257 -7.34606e-07 -5.09662e-07 0.17257 -7.34606e-07 -5.09662e-07 0.17257 -7.34606e-07 -5.09662e-07 0.17257 -7.34606e-07 -5.09662e-07 0.17257 -7.34606e-07 -5.09662e-07 0.17257 -7.34606e-07 -5.09662e-07 0.17257 -7.34606e-07 -5.09662e-07 0.17257 -7.34606e-07 -5.09662e-07 0.17257 -7.34606e-07 -5.09662e-07 0.17257 -7.34606e-07 -5.09662e-07 0.17257 -7.34606e-07 -5.09662e-07 0.17257 -7.34606e-07 -5.09662e-07 0.17257 -7.34606e-07 -5.09662e-07 0.17257 -7.34606e-07 -5.09662e-07 0.17257 -7.34606e-07 -5.09662e-07 0.17257 -7.34606e-07</float_array><technique_common><accessor source="#hpl_mixamorigwRightToeBase-trans-array" count="23" stride="3" /></technique_common></source>
      <source id="hpl_mixamorigwRightToeBase-rotz"><float_array id="hpl_mixamorigwRightToeBase-rotz-array" count="23">0.332026 0.141247 -0.00224012 -0.1468 -0.179407 -0.135178 -0.0314495 -0.159993 -0.406967 -0.351715 -0.346568 -0.140935 0.0968048 0.251886 0.30027 0.270853 0.170278 -0.146818 -0.663616 -0.63462 0.134974 0.386859 0.332026</float_array><technique_common><accessor source="#hpl_mixamorigwRightToeBase-rotz-array" count="23" stride="1" /></technique_common></source>
      <source id="hpl_mixamorigwRightToeBase-roty"><float_array id="hpl_mixamorigwRightToeBase-roty-array" count="23">1.19728 1.14393 1.17629 1.31876 1.46612 1.54729 1.53091 1.55556 1.57576 1.43941 1.51291 1.27431 1.06829 0.961619 0.911733 0.854738 0.873016 1.0647 1.3277 1.30963 0.932034 0.967619 1.19728</float_array><technique_common><accessor source="#hpl_mixamorigwRightToeBase-roty-array" count="23" stride="1" /></technique_common></source>
      <source id="hpl_mixamorigwRightToeBase-rotx"><float_array id="hpl_mixamorigwRightToeBase-rotx-array" count="23">-42.9304 -43.3724 -43.7523 -44.5478 -45.2703 -45.0438 -44.1929 -43.4491 -43.3066 -44.2083 -48.0223 -45.4605 -42.7986 -41.2974 -40.7523 -40.7729 -41.6096 -45.0271 -50.5019 -51.0548 -44.7112 -43.4995 -42.9304</float_array><technique_common><accessor source="#hpl_mixamorigwRightToeBase-rotx-array" count="23" stride="1" /></technique_common></source>
      <sampler id="hpl_mixamorigwRightToeBase-trans-sampler"><input semantic="INPUT" source="#hpl_mixamorigwRightToeBase-time" /><input semantic="OUTPUT" source="#hpl_mixamorigwRightToeBase-trans" /></sampler><channel source="#hpl_mixamorigwRightToeBase-trans-sampler" target="mixamorigwRightToeBase/translate" />
      <sampler id="hpl_mixamorigwRightToeBase-rotz-sampler"><input semantic="INPUT" source="#hpl_mixamorigwRightToeBase-time" /><input semantic="OUTPUT" source="#hpl_mixamorigwRightToeBase-rotz" /></sampler><channel source="#hpl_mixamorigwRightToeBase-rotz-sampler" target="mixamorigwRightToeBase/rotateZ.ANGLE" />
      <sampler id="hpl_mixamorigwRightToeBase-roty-sampler"><input semantic="INPUT" source="#hpl_mixamorigwRightToeBase-time" /><input semantic="OUTPUT" source="#hpl_mixamorigwRightToeBase-roty" /></sampler><channel source="#hpl_mixamorigwRightToeBase-roty-sampler" target="mixamorigwRightToeBase/rotateY.ANGLE" />
      <sampler id="hpl_mixamorigwRightToeBase-rotx-sampler"><input semantic="INPUT" source="#hpl_mixamorigwRightToeBase-time" /><input semantic="OUTPUT" source="#hpl_mixamorigwRightToeBase-rotx" /></sampler><channel source="#hpl_mixamorigwRightToeBase-rotx-sampler" target="mixamorigwRightToeBase/rotateX.ANGLE" />
    </animation>
    <animation id="hpl_mixamorigwSpine">
      <source id="hpl_mixamorigwSpine-time"><float_array id="hpl_mixamorigwSpine-time-array" count="23">0 1 2 3 4 5 6 7 8 9 10 11 12 13 14 15 16 17 18 19 20 21 22</float_array><technique_common><accessor source="#hpl_mixamorigwSpine-time-array" count="23" stride="1" /></technique_common></source>
      <source id="hpl_mixamorigwSpine-trans"><float_array id="hpl_mixamorigwSpine-trans-array" count="69">-0.00650083 0.120685 0.0647093 -0.00650083 0.120685 0.0647093 -0.00650083 0.120685 0.0647093 -0.00650083 0.120685 0.0647093 -0.00650083 0.120685 0.0647093 -0.00650083 0.120685 0.0647093 -0.00650083 0.120685 0.0647093 -0.00650083 0.120685 0.0647093 -0.00650083 0.120685 0.0647093 -0.00650083 0.120685 0.0647093 -0.00650083 0.120685 0.0647093 -0.00650083 0.120685 0.0647093 -0.00650083 0.120685 0.0647093 -0.00650083 0.120685 0.0647093 -0.00650083 0.120685 0.0647093 -0.00650083 0.120685 0.0647093 -0.00650083 0.120685 0.0647093 -0.00650083 0.120685 0.0647093 -0.00650083 0.120685 0.0647093 -0.00650083 0.120685 0.0647093 -0.00650083 0.120685 0.0647093 -0.00650083 0.120685 0.0647093 -0.00650083 0.120685 0.0647093</float_array><technique_common><accessor source="#hpl_mixamorigwSpine-trans-array" count="23" stride="3" /></technique_common></source>
      <source id="hpl_mixamorigwSpine-rotz"><float_array id="hpl_mixamorigwSpine-rotz-array" count="23">3.94747 3.5478 3.92829 4.43857 4.79436 4.96815 4.80816 4.30211 4.13627 4.32236 4.24049 4.61842 5.27648 5.54094 5.36458 5.15001 4.96752 4.68522 4.48253 4.4279 4.67643 5.29746 3.94747</float_array><technique_common><accessor source="#hpl_mixamorigwSpine-rotz-array" count="23" stride="1" /></technique_common></source>
      <source id="hpl_mixamorigwSpine-roty"><float_array id="hpl_mixamorigwSpine-roty-array" count="23">2.86882 2.49424 2.12644 2.00688 2.17306 2.52071 3.01348 3.40236 3.6905 3.92027 3.873 3.58959 3.05172 2.46525 2.11664 2.01529 1.96829 2.03333 2.32602 2.64191 2.86466 2.76847 2.86882</float_array><technique_common><accessor source="#hpl_mixamorigwSpine-roty-array" count="23" stride="1" /></technique_common></source>
      <source id="hpl_mixamorigwSpine-rotx"><float_array id="hpl_mixamorigwSpine-rotx-array" count="23">28.8162 29.4067 29.6479 29.6303 29.5534 29.4728 29.1716 28.8763 29.1676 30.4516 32.1056 33.6365 34.5253 34.7248 34.3874 33.7654 32.8368 31.7069 30.4361 29.1323 28.2721 28.0917 28.8162</float_array><technique_common><accessor source="#hpl_mixamorigwSpine-rotx-array" count="23" stride="1" /></technique_common></source>
      <sampler id="hpl_mixamorigwSpine-trans-sampler"><input semantic="INPUT" source="#hpl_mixamorigwSpine-time" /><input semantic="OUTPUT" source="#hpl_mixamorigwSpine-trans" /></sampler><channel source="#hpl_mixamorigwSpine-trans-sampler" target="mixamorigwSpine/translate" />
      <sampler id="hpl_mixamorigwSpine-rotz-sampler"><input semantic="INPUT" source="#hpl_mixamorigwSpine-time" /><input semantic="OUTPUT" source="#hpl_mixamorigwSpine-rotz" /></sampler><channel source="#hpl_mixamorigwSpine-rotz-sampler" target="mixamorigwSpine/rotateZ.ANGLE" />
      <sampler id="hpl_mixamorigwSpine-roty-sampler"><input semantic="INPUT" source="#hpl_mixamorigwSpine-time" /><input semantic="OUTPUT" source="#hpl_mixamorigwSpine-roty" /></sampler><channel source="#hpl_mixamorigwSpine-roty-sampler" target="mixamorigwSpine/rotateY.ANGLE" />
      <sampler id="hpl_mixamorigwSpine-rotx-sampler"><input semantic="INPUT" source="#hpl_mixamorigwSpine-time" /><input semantic="OUTPUT" source="#hpl_mixamorigwSpine-rotx" /></sampler><channel source="#hpl_mixamorigwSpine-rotx-sampler" target="mixamorigwSpine/rotateX.ANGLE" />
    </animation>
    <animation id="hpl_mixamorigwSpine1">
      <source id="hpl_mixamorigwSpine1-time"><float_array id="hpl_mixamorigwSpine1-time-array" count="23">0 1 2 3 4 5 6 7 8 9 10 11 12 13 14 15 16 17 18 19 20 21 22</float_array><technique_common><accessor source="#hpl_mixamorigwSpine1-time-array" count="23" stride="1" /></technique_common></source>
      <source id="hpl_mixamorigwSpine1-trans"><float_array id="hpl_mixamorigwSpine1-trans-array" count="69">1.98992e-08 0.1371 -1.48608e-07 1.98992e-08 0.1371 -1.48608e-07 1.98992e-08 0.1371 -1.48608e-07 1.98992e-08 0.1371 -1.48608e-07 1.98992e-08 0.1371 -1.48608e-07 1.98992e-08 0.1371 -1.48608e-07 1.98992e-08 0.1371 -1.48608e-07 1.98992e-08 0.1371 -1.48608e-07 1.98992e-08 0.1371 -1.48608e-07 1.98992e-08 0.1371 -1.48608e-07 1.98992e-08 0.1371 -1.48608e-07 1.98992e-08 0.1371 -1.48608e-07 1.98992e-08 0.1371 -1.48608e-07 1.98992e-08 0.1371 -1.48608e-07 1.98992e-08 0.1371 -1.48608e-07 1.98992e-08 0.1371 -1.48608e-07 1.98992e-08 0.1371 -1.48608e-07 1.98992e-08 0.1371 -1.48608e-07 1.98992e-08 0.1371 -1.48608e-07 1.98992e-08 0.1371 -1.48608e-07 1.98992e-08 0.1371 -1.48608e-07 1.98992e-08 0.1371 -1.48608e-07 1.98992e-08 0.1371 -1.48608e-07</float_array><technique_common><accessor source="#hpl_mixamorigwSpine1-trans-array" count="23" stride="3" /></technique_common></source>
      <source id="hpl_mixamorigwSpine1-rotz"><float_array id="hpl_mixamorigwSpine1-rotz-array" count="23">0.0834214 -0.12605 -0.155726 -0.129751 -0.109342 -0.0879696 -0.0860859 -0.182983 -0.23762 -0.22539 -0.262495 -0.235864 -0.0336869 0.110525 0.0560164 -0.0861716 -0.21465 -0.251615 -0.167602 0.0856643 0.413919 0.633844 0.0834214</float_array><technique_common><accessor source="#hpl_mixamorigwSpine1-rotz-array" count="23" stride="1" /></technique_common></source>
      <source id="hpl_mixamorigwSpine1-roty"><float_array id="hpl_mixamorigwSpine1-roty-array" count="23">0.639411 0.771768 1.34246 2.13011 2.95487 3.70298 4.16966 4.55919 5.10499 5.25265 4.96662 4.39085 3.57334 2.67829 1.64335 0.729276 0.262578 0.253326 0.549708 0.818547 0.881454 0.805684 0.639411</float_array><technique_common><accessor source="#hpl_mixamorigwSpine1-roty-array" count="23" stride="1" /></technique_common></source>
      <source id="hpl_mixamorigwSpine1-rotx"><float_array id="hpl_mixamorigwSpine1-rotx-array" count="23">-10.1763 -10.0638 -10.0058 -9.99836 -10.146 -10.3737 -10.6868 -10.9113 -10.7387 -10.3196 -9.60243 -8.86435 -8.36341 -8.16556 -8.13988 -8.27614 -8.52071 -8.87572 -9.4046 -9.99653 -10.4588 -10.5633 -10.1763</float_array><technique_common><accessor source="#hpl_mixamorigwSpine1-rotx-array" count="23" stride="1" /></technique_common></source>
      <sampler id="hpl_mixamorigwSpine1-trans-sampler"><input semantic="INPUT" source="#hpl_mixamorigwSpine1-time" /><input semantic="OUTPUT" source="#hpl_mixamorigwSpine1-trans" /></sampler><channel source="#hpl_mixamorigwSpine1-trans-sampler" target="mixamorigwSpine1/translate" />
      <sampler id="hpl_mixamorigwSpine1-rotz-sampler"><input semantic="INPUT" source="#hpl_mixamorigwSpine1-time" /><input semantic="OUTPUT" source="#hpl_mixamorigwSpine1-rotz" /></sampler><channel source="#hpl_mixamorigwSpine1-rotz-sampler" target="mixamorigwSpine1/rotateZ.ANGLE" />
      <sampler id="hpl_mixamorigwSpine1-roty-sampler"><input semantic="INPUT" source="#hpl_mixamorigwSpine1-time" /><input semantic="OUTPUT" source="#hpl_mixamorigwSpine1-roty" /></sampler><channel source="#hpl_mixamorigwSpine1-roty-sampler" target="mixamorigwSpine1/rotateY.ANGLE" />
      <sampler id="hpl_mixamorigwSpine1-rotx-sampler"><input semantic="INPUT" source="#hpl_mixamorigwSpine1-time" /><input semantic="OUTPUT" source="#hpl_mixamorigwSpine1-rotx" /></sampler><channel source="#hpl_mixamorigwSpine1-rotx-sampler" target="mixamorigwSpine1/rotateX.ANGLE" />
    </animation>
    <animation id="hpl_mixamorigwSpine2">
      <source id="hpl_mixamorigwSpine2-time"><float_array id="hpl_mixamorigwSpine2-time-array" count="23">0 1 2 3 4 5 6 7 8 9 10 11 12 13 14 15 16 17 18 19 20 21 22</float_array><technique_common><accessor source="#hpl_mixamorigwSpine2-time-array" count="23" stride="1" /></technique_common></source>
      <source id="hpl_mixamorigwSpine2-trans"><float_array id="hpl_mixamorigwSpine2-trans-array" count="69">-4.84715e-08 0.137102 -2.06867e-07 -4.84715e-08 0.137102 -2.06867e-07 -4.84715e-08 0.137102 -2.06867e-07 -4.84715e-08 0.137102 -2.06867e-07 -4.84715e-08 0.137102 -2.06867e-07 -4.84715e-08 0.137102 -2.06867e-07 -4.84715e-08 0.137102 -2.06867e-07 -4.84715e-08 0.137102 -2.06867e-07 -4.84715e-08 0.137102 -2.06867e-07 -4.84715e-08 0.137102 -2.06867e-07 -4.84715e-08 0.137102 -2.06867e-07 -4.84715e-08 0.137102 -2.06867e-07 -4.84715e-08 0.137102 -2.06867e-07 -4.84715e-08 0.137102 -2.06867e-07 -4.84715e-08 0.137102 -2.06867e-07 -4.84715e-08 0.137102 -2.06867e-07 -4.84715e-08 0.137102 -2.06867e-07 -4.84715e-08 0.137102 -2.06867e-07 -4.84715e-08 0.137102 -2.06867e-07 -4.84715e-08 0.137102 -2.06867e-07 -4.84715e-08 0.137102 -2.06867e-07 -4.84715e-08 0.137102 -2.06867e-07 -4.84715e-08 0.137102 -2.06867e-07</float_array><technique_common><accessor source="#hpl_mixamorigwSpine2-trans-array" count="23" stride="3" /></technique_common></source>
      <source id="hpl_mixamorigwSpine2-rotz"><float_array id="hpl_mixamorigwSpine2-rotz-array" count="23">2.14811 1.66648 1.81206 2.11031 2.2954 2.23142 1.6392 0.652938 -0.241718 -0.654208 -1.15506 -1.21606 -0.571519 0.338412 1.16311 1.78361 2.33158 2.80915 3.24393 3.64571 3.98804 4.85509 2.14811</float_array><technique_common><accessor source="#hpl_mixamorigwSpine2-rotz-array" count="23" stride="1" /></technique_common></source>
      <source id="hpl_mixamorigwSpine2-roty"><float_array id="hpl_mixamorigwSpine2-roty-array" count="23">-0.716002 -1.08356 -0.735289 0.130734 1.20433 2.38408 3.49561 4.34835 4.46701 4.22095 3.9802 3.17705 2.07982 0.844846 -0.22308 -1.00014 -1.48157 -1.492 -1.18551 -0.613253 -0.028106 0.144199 -0.716002</float_array><technique_common><accessor source="#hpl_mixamorigwSpine2-roty-array" count="23" stride="1" /></technique_common></source>
      <source id="hpl_mixamorigwSpine2-rotx"><float_array id="hpl_mixamorigwSpine2-rotx-array" count="23">14.8707 15.5454 15.6565 15.2933 14.9067 14.5669 14.2657 13.9237 13.7562 14.1751 14.717 15.3573 16.2395 17.0043 17.3945 17.3103 16.8475 16.1617 15.4316 14.8529 14.5169 14.4027 14.8707</float_array><technique_common><accessor source="#hpl_mixamorigwSpine2-rotx-array" count="23" stride="1" /></technique_common></source>
      <sampler id="hpl_mixamorigwSpine2-trans-sampler"><input semantic="INPUT" source="#hpl_mixamorigwSpine2-time" /><input semantic="OUTPUT" source="#hpl_mixamorigwSpine2-trans" /></sampler><channel source="#hpl_mixamorigwSpine2-trans-sampler" target="mixamorigwSpine2/translate" />
      <sampler id="hpl_mixamorigwSpine2-rotz-sampler"><input semantic="INPUT" source="#hpl_mixamorigwSpine2-time" /><input semantic="OUTPUT" source="#hpl_mixamorigwSpine2-rotz" /></sampler><channel source="#hpl_mixamorigwSpine2-rotz-sampler" target="mixamorigwSpine2/rotateZ.ANGLE" />
      <sampler id="hpl_mixamorigwSpine2-roty-sampler"><input semantic="INPUT" source="#hpl_mixamorigwSpine2-time" /><input semantic="OUTPUT" source="#hpl_mixamorigwSpine2-roty" /></sampler><channel source="#hpl_mixamorigwSpine2-roty-sampler" target="mixamorigwSpine2/rotateY.ANGLE" />
      <sampler id="hpl_mixamorigwSpine2-rotx-sampler"><input semantic="INPUT" source="#hpl_mixamorigwSpine2-time" /><input semantic="OUTPUT" source="#hpl_mixamorigwSpine2-rotx" /></sampler><channel source="#hpl_mixamorigwSpine2-rotx-sampler" target="mixamorigwSpine2/rotateX.ANGLE" />
    </animation>
    <animation id="hpl_mixamorigwLeftShoulder">
      <source id="hpl_mixamorigwLeftShoulder-time"><float_array id="hpl_mixamorigwLeftShoulder-time-array" count="23">0 1 2 3 4 5 6 7 8 9 10 11 12 13 14 15 16 17 18 19 20 21 22</float_array><technique_common><accessor source="#hpl_mixamorigwLeftShoulder-time-array" count="23" stride="1" /></technique_common></source>
      <source id="hpl_mixamorigwLeftShoulder-trans"><float_array id="hpl_mixamorigwLeftShoulder-trans-array" count="69">0.040025 0.0686428 -0.00178688 0.040025 0.0686428 -0.00178688 0.040025 0.0686428 -0.00178688 0.040025 0.0686428 -0.00178688 0.040025 0.0686428 -0.00178688 0.040025 0.0686428 -0.00178688 0.040025 0.0686428 -0.00178688 0.040025 0.0686428 -0.00178688 0.040025 0.0686428 -0.00178688 0.040025 0.0686428 -0.00178688 0.040025 0.0686428 -0.00178688 0.040025 0.0686428 -0.00178688 0.040025 0.0686428 -0.00178688 0.040025 0.0686428 -0.00178688 0.040025 0.0686428 -0.00178688 0.040025 0.0686428 -0.00178688 0.040025 0.0686428 -0.00178688 0.040025 0.0686428 -0.00178688 0.040025 0.0686428 -0.00178688 0.040025 0.0686428 -0.00178688 0.040025 0.0686428 -0.00178688 0.040025 0.0686428 -0.00178688 0.040025 0.0686428 -0.00178688</float_array><technique_common><accessor source="#hpl_mixamorigwLeftShoulder-trans-array" count="23" stride="3" /></technique_common></source>
      <source id="hpl_mixamorigwLeftShoulder-rotz"><float_array id="hpl_mixamorigwLeftShoulder-rotz-array" count="23">114.308 112.97 114.405 116.576 118.793 120.427 120.744 120.339 120.962 121.554 121.672 122.028 120.642 118.851 117.987 118.268 119.394 120.631 121.743 122.098 121.93 121.06 114.308</float_array><technique_common><accessor source="#hpl_mixamorigwLeftShoulder-rotz-array" count="23" stride="1" /></technique_common></source>
      <source id="hpl_mixamorigwLeftShoulder-roty"><float_array id="hpl_mixamorigwLeftShoulder-roty-array" count="23">67.4457 66.6383 65.1367 63.1382 60.9957 59.0801 57.6677 56.6442 56.0994 55.8098 55.8131 56.3297 57.7242 59.6738 61.8518 63.718 64.9256 65.3679 65.2074 64.8556 64.5932 64.1169 67.4457</float_array><technique_common><accessor source="#hpl_mixamorigwLeftShoulder-roty-array" count="23" stride="1" /></technique_common></source>
      <source id="hpl_mixamorigwLeftShoulder-rotx"><float_array id="hpl_mixamorigwLeftShoulder-rotx-array" count="23">-140.698 -143.264 -140.816 -135.767 -130.474 -126.779 -125.827 -125.933 -124.533 -122.682 -121.868 -121.135 -122.441 -125.819 -129.799 -132.855 -134.123 -134.187 -133.458 -133.093 -133.083 -133.58 -140.698</float_array><technique_common><accessor source="#hpl_mixamorigwLeftShoulder-rotx-array" count="23" stride="1" /></technique_common></source>
      <sampler id="hpl_mixamorigwLeftShoulder-trans-sampler"><input semantic="INPUT" source="#hpl_mixamorigwLeftShoulder-time" /><input semantic="OUTPUT" source="#hpl_mixamorigwLeftShoulder-trans" /></sampler><channel source="#hpl_mixamorigwLeftShoulder-trans-sampler" target="mixamorigwLeftShoulder/translate" />
      <sampler id="hpl_mixamorigwLeftShoulder-rotz-sampler"><input semantic="INPUT" source="#hpl_mixamorigwLeftShoulder-time" /><input semantic="OUTPUT" source="#hpl_mixamorigwLeftShoulder-rotz" /></sampler><channel source="#hpl_mixamorigwLeftShoulder-rotz-sampler" target="mixamorigwLeftShoulder/rotateZ.ANGLE" />
      <sampler id="hpl_mixamorigwLeftShoulder-roty-sampler"><input semantic="INPUT" source="#hpl_mixamorigwLeftShoulder-time" /><input semantic="OUTPUT" source="#hpl_mixamorigwLeftShoulder-roty" /></sampler><channel source="#hpl_mixamorigwLeftShoulder-roty-sampler" target="mixamorigwLeftShoulder/rotateY.ANGLE" />
      <sampler id="hpl_mixamorigwLeftShoulder-rotx-sampler"><input semantic="INPUT" source="#hpl_mixamorigwLeftShoulder-time" /><input semantic="OUTPUT" source="#hpl_mixamorigwLeftShoulder-rotx" /></sampler><channel source="#hpl_mixamorigwLeftShoulder-rotx-sampler" target="mixamorigwLeftShoulder/rotateX.ANGLE" />
    </animation>
    <animation id="hpl_mixamorigwLeftArm">
      <source id="hpl_mixamorigwLeftArm-time"><float_array id="hpl_mixamorigwLeftArm-time-array" count="23">0 1 2 3 4 5 6 7 8 9 10 11 12 13 14 15 16 17 18 19 20 21 22</float_array><technique_common><accessor source="#hpl_mixamorigwLeftArm-time-array" count="23" stride="1" /></technique_common></source>
      <source id="hpl_mixamorigwLeftArm-trans"><float_array id="hpl_mixamorigwLeftArm-trans-array" count="69">1.79558e-06 0.157173 1.76683e-06 1.79558e-06 0.157173 1.76683e-06 1.79558e-06 0.157173 1.76683e-06 1.79558e-06 0.157173 1.76683e-06 1.79558e-06 0.157173 1.76683e-06 1.79558e-06 0.157173 1.76683e-06 1.79558e-06 0.157173 1.76683e-06 1.79558e-06 0.157173 1.76683e-06 1.79558e-06 0.157173 1.76683e-06 1.79558e-06 0.157173 1.76683e-06 1.79558e-06 0.157173 1.76683e-06 1.79558e-06 0.157173 1.76683e-06 1.79558e-06 0.157173 1.76683e-06 1.79558e-06 0.157173 1.76683e-06 1.79558e-06 0.157173 1.76683e-06 1.79558e-06 0.157173 1.76683e-06 1.79558e-06 0.157173 1.76683e-06 1.79558e-06 0.157173 1.76683e-06 1.79558e-06 0.157173 1.76683e-06 1.79558e-06 0.157173 1.76683e-06 1.79558e-06 0.157173 1.76683e-06 1.79558e-06 0.157173 1.76683e-06 1.79558e-06 0.157173 1.76683e-06</float_array><technique_common><accessor source="#hpl_mixamorigwLeftArm-trans-array" count="23" stride="3" /></technique_common></source>
      <source id="hpl_mixamorigwLeftArm-rotz"><float_array id="hpl_mixamorigwLeftArm-rotz-array" count="23">31.2186 30.0012 26.6369 21.7908 16.1021 9.87911 4.57245 1.43155 0.541294 1.88347 4.18913 7.52242 11.626 16.3382 21.2188 25.6979 29.6465 33.1608 35.9249 37.4432 37.5426 36.9372 31.2186</float_array><technique_common><accessor source="#hpl_mixamorigwLeftArm-rotz-array" count="23" stride="1" /></technique_common></source>
      <source id="hpl_mixamorigwLeftArm-roty"><float_array id="hpl_mixamorigwLeftArm-roty-array" count="23">-5.9193 -4.60929 -0.858112 4.77633 10.4266 14.6277 16.9241 17.7182 17.6712 16.1378 12.9699 8.58244 3.3324 -1.21967 -4.73507 -7.28147 -8.62903 -8.56176 -7.04394 -3.97468 0.182297 4.40014 -5.9193</float_array><technique_common><accessor source="#hpl_mixamorigwLeftArm-roty-array" count="23" stride="1" /></technique_common></source>
      <source id="hpl_mixamorigwLeftArm-rotx"><float_array id="hpl_mixamorigwLeftArm-rotx-array" count="23">49.2199 51.1159 52.9403 53.6209 53.5246 53.2707 53.3175 53.4181 53.978 55.0609 56.6165 57.2722 56.2856 54.8664 53.6033 52.7489 52.0063 51.2181 50.3779 49.9698 50.2992 51.3596 49.2199</float_array><technique_common><accessor source="#hpl_mixamorigwLeftArm-rotx-array" count="23" stride="1" /></technique_common></source>
      <sampler id="hpl_mixamorigwLeftArm-trans-sampler"><input semantic="INPUT" source="#hpl_mixamorigwLeftArm-time" /><input semantic="OUTPUT" source="#hpl_mixamorigwLeftArm-trans" /></sampler><channel source="#hpl_mixamorigwLeftArm-trans-sampler" target="mixamorigwLeftArm/translate" />
      <sampler id="hpl_mixamorigwLeftArm-rotz-sampler"><input semantic="INPUT" source="#hpl_mixamorigwLeftArm-time" /><input semantic="OUTPUT" source="#hpl_mixamorigwLeftArm-rotz" /></sampler><channel source="#hpl_mixamorigwLeftArm-rotz-sampler" target="mixamorigwLeftArm/rotateZ.ANGLE" />
      <sampler id="hpl_mixamorigwLeftArm-roty-sampler"><input semantic="INPUT" source="#hpl_mixamorigwLeftArm-time" /><input semantic="OUTPUT" source="#hpl_mixamorigwLeftArm-roty" /></sampler><channel source="#hpl_mixamorigwLeftArm-roty-sampler" target="mixamorigwLeftArm/rotateY.ANGLE" />
      <sampler id="hpl_mixamorigwLeftArm-rotx-sampler"><input semantic="INPUT" source="#hpl_mixamorigwLeftArm-time" /><input semantic="OUTPUT" source="#hpl_mixamorigwLeftArm-rotx" /></sampler><channel source="#hpl_mixamorigwLeftArm-rotx-sampler" target="mixamorigwLeftArm/rotateX.ANGLE" />
    </animation>
    <animation id="hpl_mixamorigwLeftForeArm">
      <source id="hpl_mixamorigwLeftForeArm-time"><float_array id="hpl_mixamorigwLeftForeArm-time-array" count="23">0 1 2 3 4 5 6 7 8 9 10 11 12 13 14 15 16 17 18 19 20 21 22</float_array><technique_common><accessor source="#hpl_mixamorigwLeftForeArm-time-array" count="23" stride="1" /></technique_common></source>
      <source id="hpl_mixamorigwLeftForeArm-trans"><float_array id="hpl_mixamorigwLeftForeArm-trans-array" count="69">-1.94106e-06 0.243557 4.92905e-07 -1.94106e-06 0.243557 4.92905e-07 -1.94106e-06 0.243557 4.92905e-07 -1.94106e-06 0.243557 4.92905e-07 -1.94106e-06 0.243557 4.92905e-07 -1.94106e-06 0.243557 4.92905e-07 -1.94106e-06 0.243557 4.92905e-07 -1.94106e-06 0.243557 4.92905e-07 -1.94106e-06 0.243557 4.92905e-07 -1.94106e-06 0.243557 4.92905e-07 -1.94106e-06 0.243557 4.92905e-07 -1.94106e-06 0.243557 4.92905e-07 -1.94106e-06 0.243557 4.92905e-07 -1.94106e-06 0.243557 4.92905e-07 -1.94106e-06 0.243557 4.92905e-07 -1.94106e-06 0.243557 4.92905e-07 -1.94106e-06 0.243557 4.92905e-07 -1.94106e-06 0.243557 4.92905e-07 -1.94106e-06 0.243557 4.92905e-07 -1.94106e-06 0.243557 4.92905e-07 -1.94106e-06 0.243557 4.92905e-07 -1.94106e-06 0.243557 4.92905e-07 -1.94106e-06 0.243557 4.92905e-07</float_array><technique_common><accessor source="#hpl_mixamorigwLeftForeArm-trans-array" count="23" stride="3" /></technique_common></source>
      <source id="hpl_mixamorigwLeftForeArm-rotz"><float_array id="hpl_mixamorigwLeftForeArm-rotz-array" count="23">78.3158 79.3839 80.0896 81.3917 83.4545 86.7069 90.2996 93.1779 94.7371 95.0007 94.3785 91.8272 87.5142 83.5396 81.3753 81.4352 83.0378 85.2264 87.8961 90.8272 93.1558 93.574 78.3158</float_array><technique_common><accessor source="#hpl_mixamorigwLeftForeArm-rotz-array" count="23" stride="1" /></technique_common></source>
      <source id="hpl_mixamorigwLeftForeArm-roty"><float_array id="hpl_mixamorigwLeftForeArm-roty-array" count="23">-2.38566 -1.97461 -1.94739 -1.62428 -1.11093 -0.508344 -0.088267 0.585925 1.1182 1.24429 1.29153 0.915182 0.223821 -0.763378 -1.5181 -1.61581 -1.54675 -1.31007 -1.19276 -0.764519 -0.196184 0.224144 -2.38566</float_array><technique_common><accessor source="#hpl_mixamorigwLeftForeArm-roty-array" count="23" stride="1" /></technique_common></source>
      <source id="hpl_mixamorigwLeftForeArm-rotx"><float_array id="hpl_mixamorigwLeftForeArm-rotx-array" count="23">-13.0115 -12.7792 -12.5415 -12.7352 -13.2384 -13.659 -13.8829 -13.808 -13.4194 -13.4279 -13.4549 -13.7747 -13.899 -13.8116 -13.2626 -12.6246 -12.1603 -11.9899 -11.9107 -12.2417 -12.7703 -13.2454 -13.0115</float_array><technique_common><accessor source="#hpl_mixamorigwLeftForeArm-rotx-array" count="23" stride="1" /></technique_common></source>
      <sampler id="hpl_mixamorigwLeftForeArm-trans-sampler"><input semantic="INPUT" source="#hpl_mixamorigwLeftForeArm-time" /><input semantic="OUTPUT" source="#hpl_mixamorigwLeftForeArm-trans" /></sampler><channel source="#hpl_mixamorigwLeftForeArm-trans-sampler" target="mixamorigwLeftForeArm/translate" />
      <sampler id="hpl_mixamorigwLeftForeArm-rotz-sampler"><input semantic="INPUT" source="#hpl_mixamorigwLeftForeArm-time" /><input semantic="OUTPUT" source="#hpl_mixamorigwLeftForeArm-rotz" /></sampler><channel source="#hpl_mixamorigwLeftForeArm-rotz-sampler" target="mixamorigwLeftForeArm/rotateZ.ANGLE" />
      <sampler id="hpl_mixamorigwLeftForeArm-roty-sampler"><input semantic="INPUT" source="#hpl_mixamorigwLeftForeArm-time" /><input semantic="OUTPUT" source="#hpl_mixamorigwLeftForeArm-roty" /></sampler><channel source="#hpl_mixamorigwLeftForeArm-roty-sampler" target="mixamorigwLeftForeArm/rotateY.ANGLE" />
      <sampler id="hpl_mixamorigwLeftForeArm-rotx-sampler"><input semantic="INPUT" source="#hpl_mixamorigwLeftForeArm-time" /><input semantic="OUTPUT" source="#hpl_mixamorigwLeftForeArm-rotx" /></sampler><channel source="#hpl_mixamorigwLeftForeArm-rotx-sampler" target="mixamorigwLeftForeArm/rotateX.ANGLE" />
    </animation>
    <animation id="hpl_mixamorigwLeftHand">
      <source id="hpl_mixamorigwLeftHand-time"><float_array id="hpl_mixamorigwLeftHand-time-array" count="23">0 1 2 3 4 5 6 7 8 9 10 11 12 13 14 15 16 17 18 19 20 21 22</float_array><technique_common><accessor source="#hpl_mixamorigwLeftHand-time-array" count="23" stride="1" /></technique_common></source>
      <source id="hpl_mixamorigwLeftHand-trans"><float_array id="hpl_mixamorigwLeftHand-trans-array" count="69">-2.90081e-08 0.249448 -2.13017e-06 -2.90081e-08 0.249448 -2.13017e-06 -2.90081e-08 0.249448 -2.13017e-06 -2.90081e-08 0.249448 -2.13017e-06 -2.90081e-08 0.249448 -2.13017e-06 -2.90081e-08 0.249448 -2.13017e-06 -2.90081e-08 0.249448 -2.13017e-06 -2.90081e-08 0.249448 -2.13017e-06 -2.90081e-08 0.249448 -2.13017e-06 -2.90081e-08 0.249448 -2.13017e-06 -2.90081e-08 0.249448 -2.13017e-06 -2.90081e-08 0.249448 -2.13017e-06 -2.90081e-08 0.249448 -2.13017e-06 -2.90081e-08 0.249448 -2.13017e-06 -2.90081e-08 0.249448 -2.13017e-06 -2.90081e-08 0.249448 -2.13017e-06 -2.90081e-08 0.249448 -2.13017e-06 -2.90081e-08 0.249448 -2.13017e-06 -2.90081e-08 0.249448 -2.13017e-06 -2.90081e-08 0.249448 -2.13017e-06 -2.90081e-08 0.249448 -2.13017e-06 -2.90081e-08 0.249448 -2.13017e-06 -2.90081e-08 0.249448 -2.13017e-06</float_array><technique_common><accessor source="#hpl_mixamorigwLeftHand-trans-array" count="23" stride="3" /></technique_common></source>
      <source id="hpl_mixamorigwLeftHand-rotz"><float_array id="hpl_mixamorigwLeftHand-rotz-array" count="23">14.7497 15.7831 16.8776 18.0081 19.5682 21.4995 23.4088 24.2027 24.0646 23.2446 22.6842 22.8986 22.7516 22.3174 21.9882 21.5393 20.8883 19.9994 18.9914 17.8375 17.0434 16.6397 14.7497</float_array><technique_common><accessor source="#hpl_mixamorigwLeftHand-rotz-array" count="23" stride="1" /></technique_common></source>
      <source id="hpl_mixamorigwLeftHand-roty"><float_array id="hpl_mixamorigwLeftHand-roty-array" count="23">2.72607 2.68784 2.12673 0.207825 -2.71266 -6.10012 -8.73269 -9.93867 -9.517 -8.02617 -6.44517 -5.77893 -5.98076 -7.16377 -9.95271 -13.3288 -14.8823 -14.2329 -12.0601 -10.559 -9.90537 -9.02968 2.72607</float_array><technique_common><accessor source="#hpl_mixamorigwLeftHand-roty-array" count="23" stride="1" /></technique_common></source>
      <source id="hpl_mixamorigwLeftHand-rotx"><float_array id="hpl_mixamorigwLeftHand-rotx-array" count="23">-18.9899 -21.5311 -23.9751 -26.4339 -29.0533 -31.7948 -34.285 -35.1956 -34.0342 -31.7132 -29.8212 -28.2344 -26.4589 -24.0678 -21.9253 -20.3198 -18.6427 -16.6514 -14.7811 -13.513 -12.9228 -12.9818 -18.9899</float_array><technique_common><accessor source="#hpl_mixamorigwLeftHand-rotx-array" count="23" stride="1" /></technique_common></source>
      <sampler id="hpl_mixamorigwLeftHand-trans-sampler"><input semantic="INPUT" source="#hpl_mixamorigwLeftHand-time" /><input semantic="OUTPUT" source="#hpl_mixamorigwLeftHand-trans" /></sampler><channel source="#hpl_mixamorigwLeftHand-trans-sampler" target="mixamorigwLeftHand/translate" />
      <sampler id="hpl_mixamorigwLeftHand-rotz-sampler"><input semantic="INPUT" source="#hpl_mixamorigwLeftHand-time" /><input semantic="OUTPUT" source="#hpl_mixamorigwLeftHand-rotz" /></sampler><channel source="#hpl_mixamorigwLeftHand-rotz-sampler" target="mixamorigwLeftHand/rotateZ.ANGLE" />
      <sampler id="hpl_mixamorigwLeftHand-roty-sampler"><input semantic="INPUT" source="#hpl_mixamorigwLeftHand-time" /><input semantic="OUTPUT" source="#hpl_mixamorigwLeftHand-roty" /></sampler><channel source="#hpl_mixamorigwLeftHand-roty-sampler" target="mixamorigwLeftHand/rotateY.ANGLE" />
      <sampler id="hpl_mixamorigwLeftHand-rotx-sampler"><input semantic="INPUT" source="#hpl_mixamorigwLeftHand-time" /><input semantic="OUTPUT" source="#hpl_mixamorigwLeftHand-rotx" /></sampler><channel source="#hpl_mixamorigwLeftHand-rotx-sampler" target="mixamorigwLeftHand/rotateX.ANGLE" />
    </animation>
    <animation id="hpl_mixamorigwRightShoulder">
      <source id="hpl_mixamorigwRightShoulder-time"><float_array id="hpl_mixamorigwRightShoulder-time-array" count="23">0 1 2 3 4 5 6 7 8 9 10 11 12 13 14 15 16 17 18 19 20 21 22</float_array><technique_common><accessor source="#hpl_mixamorigwRightShoulder-time-array" count="23" stride="1" /></technique_common></source>
      <source id="hpl_mixamorigwRightShoulder-trans"><float_array id="hpl_mixamorigwRightShoulder-trans-array" count="69">-0.0400869 0.0656595 -0.000945886 -0.0400869 0.0656595 -0.000945886 -0.0400869 0.0656595 -0.000945886 -0.0400869 0.0656595 -0.000945886 -0.0400869 0.0656595 -0.000945886 -0.0400869 0.0656595 -0.000945886 -0.0400869 0.0656595 -0.000945886 -0.0400869 0.0656595 -0.000945886 -0.0400869 0.0656595 -0.000945886 -0.0400869 0.0656595 -0.000945886 -0.0400869 0.0656595 -0.000945886 -0.0400869 0.0656595 -0.000945886 -0.0400869 0.0656595 -0.000945886 -0.0400869 0.0656595 -0.000945886 -0.0400869 0.0656595 -0.000945886 -0.0400869 0.0656595 -0.000945886 -0.0400869 0.0656595 -0.000945886 -0.0400869 0.0656595 -0.000945886 -0.0400869 0.0656595 -0.000945886 -0.0400869 0.0656595 -0.000945886 -0.0400869 0.0656595 -0.000945886 -0.0400869 0.0656595 -0.000945886 -0.0400869 0.0656595 -0.000945886</float_array><technique_common><accessor source="#hpl_mixamorigwRightShoulder-trans-array" count="23" stride="3" /></technique_common></source>
      <source id="hpl_mixamorigwRightShoulder-rotz"><float_array id="hpl_mixamorigwRightShoulder-rotz-array" count="23">-90.4501 -92.4819 -92.0931 -89.2556 -85.4894 -83.5244 -84.0794 -86.0106 -86.6498 -86.8833 -87.3219 -88.2234 -89.7667 -92.135 -94.8264 -96.8976 -97.5576 -97.4865 -96.4659 -94.7687 -92.9083 -91.1356 -90.4501</float_array><technique_common><accessor source="#hpl_mixamorigwRightShoulder-rotz-array" count="23" stride="1" /></technique_common></source>
      <source id="hpl_mixamorigwRightShoulder-roty"><float_array id="hpl_mixamorigwRightShoulder-roty-array" count="23">-66.7102 -66.6274 -67.4751 -69.0237 -70.2321 -70.9947 -71.5506 -71.813 -71.4876 -70.8703 -70.7646 -70.5023 -69.7843 -69.1136 -68.2316 -67.2423 -66.7114 -66.7662 -67.1325 -67.5233 -67.5586 -67.3919 -66.7102</float_array><technique_common><accessor source="#hpl_mixamorigwRightShoulder-roty-array" count="23" stride="1" /></technique_common></source>
      <source id="hpl_mixamorigwRightShoulder-rotx"><float_array id="hpl_mixamorigwRightShoulder-rotx-array" count="23">-164.653 -162.364 -164.141 -169.001 -174.919 -178.862 -179.703 -178.627 -178.458 -178.832 -179.361 -179.214 -176.779 -172.109 -166.249 -161.528 -159.573 -159.874 -162.187 -164.737 -166.223 -166.855 -164.653</float_array><technique_common><accessor source="#hpl_mixamorigwRightShoulder-rotx-array" count="23" stride="1" /></technique_common></source>
      <sampler id="hpl_mixamorigwRightShoulder-trans-sampler"><input semantic="INPUT" source="#hpl_mixamorigwRightShoulder-time" /><input semantic="OUTPUT" source="#hpl_mixamorigwRightShoulder-trans" /></sampler><channel source="#hpl_mixamorigwRightShoulder-trans-sampler" target="mixamorigwRightShoulder/translate" />
      <sampler id="hpl_mixamorigwRightShoulder-rotz-sampler"><input semantic="INPUT" source="#hpl_mixamorigwRightShoulder-time" /><input semantic="OUTPUT" source="#hpl_mixamorigwRightShoulder-rotz" /></sampler><channel source="#hpl_mixamorigwRightShoulder-rotz-sampler" target="mixamorigwRightShoulder/rotateZ.ANGLE" />
      <sampler id="hpl_mixamorigwRightShoulder-roty-sampler"><input semantic="INPUT" source="#hpl_mixamorigwRightShoulder-time" /><input semantic="OUTPUT" source="#hpl_mixamorigwRightShoulder-roty" /></sampler><channel source="#hpl_mixamorigwRightShoulder-roty-sampler" target="mixamorigwRightShoulder/rotateY.ANGLE" />
      <sampler id="hpl_mixamorigwRightShoulder-rotx-sampler"><input semantic="INPUT" source="#hpl_mixamorigwRightShoulder-time" /><input semantic="OUTPUT" source="#hpl_mixamorigwRightShoulder-rotx" /></sampler><channel source="#hpl_mixamorigwRightShoulder-rotx-sampler" target="mixamorigwRightShoulder/rotateX.ANGLE" />
    </animation>
    <animation id="hpl_mixamorigwRightArm">
      <source id="hpl_mixamorigwRightArm-time"><float_array id="hpl_mixamorigwRightArm-time-array" count="23">0 1 2 3 4 5 6 7 8 9 10 11 12 13 14 15 16 17 18 19 20 21 22</float_array><technique_common><accessor source="#hpl_mixamorigwRightArm-time-array" count="23" stride="1" /></technique_common></source>
      <source id="hpl_mixamorigwRightArm-trans"><float_array id="hpl_mixamorigwRightArm-trans-array" count="69">-1.6677e-06 0.163363 3.4728e-06 -1.6677e-06 0.163363 3.4728e-06 -1.6677e-06 0.163363 3.4728e-06 -1.6677e-06 0.163363 3.4728e-06 -1.6677e-06 0.163363 3.4728e-06 -1.6677e-06 0.163363 3.4728e-06 -1.6677e-06 0.163363 3.4728e-06 -1.6677e-06 0.163363 3.4728e-06 -1.6677e-06 0.163363 3.4728e-06 -1.6677e-06 0.163363 3.4728e-06 -1.6677e-06 0.163363 3.4728e-06 -1.6677e-06 0.163363 3.4728e-06 -1.6677e-06 0.163363 3.4728e-06 -1.6677e-06 0.163363 3.4728e-06 -1.6677e-06 0.163363 3.4728e-06 -1.6677e-06 0.163363 3.4728e-06 -1.6677e-06 0.163363 3.4728e-06 -1.6677e-06 0.163363 3.4728e-06 -1.6677e-06 0.163363 3.4728e-06 -1.6677e-06 0.163363 3.4728e-06 -1.6677e-06 0.163363 3.4728e-06 -1.6677e-06 0.163363 3.4728e-06 -1.6677e-06 0.163363 3.4728e-06</float_array><technique_common><accessor source="#hpl_mixamorigwRightArm-trans-array" count="23" stride="3" /></technique_common></source>
      <source id="hpl_mixamorigwRightArm-rotz"><float_array id="hpl_mixamorigwRightArm-rotz-array" count="23">-27.2548 -30.3091 -36.3935 -43.5999 -48.7981 -50.6407 -49.8218 -47.7597 -45.5307 -43.4644 -40.8341 -37.6721 -34.0761 -29.9869 -25.5037 -22.0288 -20.0517 -19.6988 -20.8777 -22.4261 -23.3618 -24.2193 -27.2548</float_array><technique_common><accessor source="#hpl_mixamorigwRightArm-rotz-array" count="23" stride="1" /></technique_common></source>
      <source id="hpl_mixamorigwRightArm-roty"><float_array id="hpl_mixamorigwRightArm-roty-array" count="23">-11.4618 -6.23881 -3.85149 -2.75862 -0.193669 3.74377 6.96731 8.66951 8.86458 8.40722 7.57018 6.1776 3.83309 0.578176 -3.22613 -7.01466 -10.2766 -12.5723 -13.7197 -13.6822 -12.6177 -11.1501 -11.4618</float_array><technique_common><accessor source="#hpl_mixamorigwRightArm-roty-array" count="23" stride="1" /></technique_common></source>
      <source id="hpl_mixamorigwRightArm-rotx"><float_array id="hpl_mixamorigwRightArm-rotx-array" count="23">51.3656 51.1478 52.0012 52.7271 53.1687 54.0637 55.5613 57.033 57.5137 57.4467 57.934 58.1138 57.0799 55.5254 53.8834 53.1049 53.611 55.4748 57.9698 59.8272 59.8608 58.4087 51.3656</float_array><technique_common><accessor source="#hpl_mixamorigwRightArm-rotx-array" count="23" stride="1" /></technique_common></source>
      <sampler id="hpl_mixamorigwRightArm-trans-sampler"><input semantic="INPUT" source="#hpl_mixamorigwRightArm-time" /><input semantic="OUTPUT" source="#hpl_mixamorigwRightArm-trans" /></sampler><channel source="#hpl_mixamorigwRightArm-trans-sampler" target="mixamorigwRightArm/translate" />
      <sampler id="hpl_mixamorigwRightArm-rotz-sampler"><input semantic="INPUT" source="#hpl_mixamorigwRightArm-time" /><input semantic="OUTPUT" source="#hpl_mixamorigwRightArm-rotz" /></sampler><channel source="#hpl_mixamorigwRightArm-rotz-sampler" target="mixamorigwRightArm/rotateZ.ANGLE" />
      <sampler id="hpl_mixamorigwRightArm-roty-sampler"><input semantic="INPUT" source="#hpl_mixamorigwRightArm-time" /><input semantic="OUTPUT" source="#hpl_mixamorigwRightArm-roty" /></sampler><channel source="#hpl_mixamorigwRightArm-roty-sampler" target="mixamorigwRightArm/rotateY.ANGLE" />
      <sampler id="hpl_mixamorigwRightArm-rotx-sampler"><input semantic="INPUT" source="#hpl_mixamorigwRightArm-time" /><input semantic="OUTPUT" source="#hpl_mixamorigwRightArm-rotx" /></sampler><channel source="#hpl_mixamorigwRightArm-rotx-sampler" target="mixamorigwRightArm/rotateX.ANGLE" />
    </animation>
    <animation id="hpl_mixamorigwRightForeArm">
      <source id="hpl_mixamorigwRightForeArm-time"><float_array id="hpl_mixamorigwRightForeArm-time-array" count="23">0 1 2 3 4 5 6 7 8 9 10 11 12 13 14 15 16 17 18 19 20 21 22</float_array><technique_common><accessor source="#hpl_mixamorigwRightForeArm-time-array" count="23" stride="1" /></technique_common></source>
      <source id="hpl_mixamorigwRightForeArm-trans"><float_array id="hpl_mixamorigwRightForeArm-trans-array" count="69">8.8996e-07 0.227531 -3.63292e-06 8.8996e-07 0.227531 -3.63292e-06 8.8996e-07 0.227531 -3.63292e-06 8.8996e-07 0.227531 -3.63292e-06 8.8996e-07 0.227531 -3.63292e-06 8.8996e-07 0.227531 -3.63292e-06 8.8996e-07 0.227531 -3.63292e-06 8.8996e-07 0.227531 -3.63292e-06 8.8996e-07 0.227531 -3.63292e-06 8.8996e-07 0.227531 -3.63292e-06 8.8996e-07 0.227531 -3.63292e-06 8.8996e-07 0.227531 -3.63292e-06 8.8996e-07 0.227531 -3.63292e-06 8.8996e-07 0.227531 -3.63292e-06 8.8996e-07 0.227531 -3.63292e-06 8.8996e-07 0.227531 -3.63292e-06 8.8996e-07 0.227531 -3.63292e-06 8.8996e-07 0.227531 -3.63292e-06 8.8996e-07 0.227531 -3.63292e-06 8.8996e-07 0.227531 -3.63292e-06 8.8996e-07 0.227531 -3.63292e-06 8.8996e-07 0.227531 -3.63292e-06 8.8996e-07 0.227531 -3.63292e-06</float_array><technique_common><accessor source="#hpl_mixamorigwRightForeArm-trans-array" count="23" stride="3" /></technique_common></source>
      <source id="hpl_mixamorigwRightForeArm-rotz"><float_array id="hpl_mixamorigwRightForeArm-rotz-array" count="23">-33.183 -36.2024 -41.7095 -47.9315 -53.5647 -59.0472 -64.9018 -71.274 -78.0649 -84.2107 -88.8958 -90.57 -88.7551 -83.9373 -76.9894 -68.783 -60.0664 -51.9243 -44.6493 -39.8802 -38.9432 -41.5071 -33.183</float_array><technique_common><accessor source="#hpl_mixamorigwRightForeArm-rotz-array" count="23" stride="1" /></technique_common></source>
      <source id="hpl_mixamorigwRightForeArm-roty"><float_array id="hpl_mixamorigwRightForeArm-roty-array" count="23">11.1667 10.8923 10.1163 8.9868 7.927 6.66558 5.22128 3.62616 2.12363 1.0094 0.275099 -0.213921 0.117856 1.07508 2.40006 3.68622 5.20899 7.00296 8.82885 10.1312 10.6055 10.328 11.1667</float_array><technique_common><accessor source="#hpl_mixamorigwRightForeArm-roty-array" count="23" stride="1" /></technique_common></source>
      <source id="hpl_mixamorigwRightForeArm-rotx"><float_array id="hpl_mixamorigwRightForeArm-rotx-array" count="23">-7.23021 -7.85757 -9.39665 -10.9081 -11.4607 -11.3633 -11.3115 -11.4103 -11.6273 -12.1345 -12.5036 -13.0834 -13.8838 -14.1992 -14.2311 -14.245 -13.5823 -12.2711 -10.5821 -9.16647 -8.41214 -8.7743 -7.23021</float_array><technique_common><accessor source="#hpl_mixamorigwRightForeArm-rotx-array" count="23" stride="1" /></technique_common></source>
      <sampler id="hpl_mixamorigwRightForeArm-trans-sampler"><input semantic="INPUT" source="#hpl_mixamorigwRightForeArm-time" /><input semantic="OUTPUT" source="#hpl_mixamorigwRightForeArm-trans" /></sampler><channel source="#hpl_mixamorigwRightForeArm-trans-sampler" target="mixamorigwRightForeArm/translate" />
      <sampler id="hpl_mixamorigwRightForeArm-rotz-sampler"><input semantic="INPUT" source="#hpl_mixamorigwRightForeArm-time" /><input semantic="OUTPUT" source="#hpl_mixamorigwRightForeArm-rotz" /></sampler><channel source="#hpl_mixamorigwRightForeArm-rotz-sampler" target="mixamorigwRightForeArm/rotateZ.ANGLE" />
      <sampler id="hpl_mixamorigwRightForeArm-roty-sampler"><input semantic="INPUT" source="#hpl_mixamorigwRightForeArm-time" /><input semantic="OUTPUT" source="#hpl_mixamorigwRightForeArm-roty" /></sampler><channel source="#hpl_mixamorigwRightForeArm-roty-sampler" target="mixamorigwRightForeArm/rotateY.ANGLE" />
      <sampler id="hpl_mixamorigwRightForeArm-rotx-sampler"><input semantic="INPUT" source="#hpl_mixamorigwRightForeArm-time" /><input semantic="OUTPUT" source="#hpl_mixamorigwRightForeArm-rotx" /></sampler><channel source="#hpl_mixamorigwRightForeArm-rotx-sampler" target="mixamorigwRightForeArm/rotateX.ANGLE" />
    </animation>
    <animation id="hpl_mixamorigwRightHand">
      <source id="hpl_mixamorigwRightHand-time"><float_array id="hpl_mixamorigwRightHand-time-array" count="23">0 1 2 3 4 5 6 7 8 9 10 11 12 13 14 15 16 17 18 19 20 21 22</float_array><technique_common><accessor source="#hpl_mixamorigwRightHand-time-array" count="23" stride="1" /></technique_common></source>
      <source id="hpl_mixamorigwRightHand-trans"><float_array id="hpl_mixamorigwRightHand-trans-array" count="69">4.98903e-08 0.253119 5.47996e-06 4.98903e-08 0.253119 5.47996e-06 4.98903e-08 0.253119 5.47996e-06 4.98903e-08 0.253119 5.47996e-06 4.98903e-08 0.253119 5.47996e-06 4.98903e-08 0.253119 5.47996e-06 4.98903e-08 0.253119 5.47996e-06 4.98903e-08 0.253119 5.47996e-06 4.98903e-08 0.253119 5.47996e-06 4.98903e-08 0.253119 5.47996e-06 4.98903e-08 0.253119 5.47996e-06 4.98903e-08 0.253119 5.47996e-06 4.98903e-08 0.253119 5.47996e-06 4.98903e-08 0.253119 5.47996e-06 4.98903e-08 0.253119 5.47996e-06 4.98903e-08 0.253119 5.47996e-06 4.98903e-08 0.253119 5.47996e-06 4.98903e-08 0.253119 5.47996e-06 4.98903e-08 0.253119 5.47996e-06 4.98903e-08 0.253119 5.47996e-06 4.98903e-08 0.253119 5.47996e-06 4.98903e-08 0.253119 5.47996e-06 4.98903e-08 0.253119 5.47996e-06</float_array><technique_common><accessor source="#hpl_mixamorigwRightHand-trans-array" count="23" stride="3" /></technique_common></source>
      <source id="hpl_mixamorigwRightHand-rotz"><float_array id="hpl_mixamorigwRightHand-rotz-array" count="23">-6.11432 -7.15639 -8.66633 -9.84745 -10.9981 -11.3678 -11.6573 -12.4341 -13.4839 -14.0915 -13.9778 -13.3496 -12.2411 -11.078 -10.9254 -10.9792 -11.0475 -11.4403 -12.0131 -11.9103 -11.0461 -9.99529 -6.11432</float_array><technique_common><accessor source="#hpl_mixamorigwRightHand-rotz-array" count="23" stride="1" /></technique_common></source>
      <source id="hpl_mixamorigwRightHand-roty"><float_array id="hpl_mixamorigwRightHand-roty-array" count="23">-16.898 -13.319 -11.9995 -12.3663 -13.6625 -15.8457 -18.7375 -20.8251 -21.0878 -20.704 -20.8842 -20.54 -20.7585 -21.1364 -21.3923 -21.532 -21.8871 -22.4186 -22.3243 -21.9908 -21.8679 -21.0271 -16.898</float_array><technique_common><accessor source="#hpl_mixamorigwRightHand-roty-array" count="23" stride="1" /></technique_common></source>
      <source id="hpl_mixamorigwRightHand-rotx"><float_array id="hpl_mixamorigwRightHand-rotx-array" count="23">-8.25358 -12.5675 -13.641 -12.273 -10.2475 -8.37668 -6.05791 -2.97046 -0.104078 1.7225 1.78708 0.039638 -2.20957 -4.35791 -6.48822 -8.52562 -9.69815 -9.91027 -9.30528 -8.2337 -7.09696 -6.54648 -8.25358</float_array><technique_common><accessor source="#hpl_mixamorigwRightHand-rotx-array" count="23" stride="1" /></technique_common></source>
      <sampler id="hpl_mixamorigwRightHand-trans-sampler"><input semantic="INPUT" source="#hpl_mixamorigwRightHand-time" /><input semantic="OUTPUT" source="#hpl_mixamorigwRightHand-trans" /></sampler><channel source="#hpl_mixamorigwRightHand-trans-sampler" target="mixamorigwRightHand/translate" />
      <sampler id="hpl_mixamorigwRightHand-rotz-sampler"><input semantic="INPUT" source="#hpl_mixamorigwRightHand-time" /><input semantic="OUTPUT" source="#hpl_mixamorigwRightHand-rotz" /></sampler><channel source="#hpl_mixamorigwRightHand-rotz-sampler" target="mixamorigwRightHand/rotateZ.ANGLE" />
      <sampler id="hpl_mixamorigwRightHand-roty-sampler"><input semantic="INPUT" source="#hpl_mixamorigwRightHand-time" /><input semantic="OUTPUT" source="#hpl_mixamorigwRightHand-roty" /></sampler><channel source="#hpl_mixamorigwRightHand-roty-sampler" target="mixamorigwRightHand/rotateY.ANGLE" />
      <sampler id="hpl_mixamorigwRightHand-rotx-sampler"><input semantic="INPUT" source="#hpl_mixamorigwRightHand-time" /><input semantic="OUTPUT" source="#hpl_mixamorigwRightHand-rotx" /></sampler><channel source="#hpl_mixamorigwRightHand-rotx-sampler" target="mixamorigwRightHand/rotateX.ANGLE" />
    </animation>
    <animation id="hpl_mixamorigwNeck">
      <source id="hpl_mixamorigwNeck-time"><float_array id="hpl_mixamorigwNeck-time-array" count="23">0 1 2 3 4 5 6 7 8 9 10 11 12 13 14 15 16 17 18 19 20 21 22</float_array><technique_common><accessor source="#hpl_mixamorigwNeck-time-array" count="23" stride="1" /></technique_common></source>
      <source id="hpl_mixamorigwNeck-trans"><float_array id="hpl_mixamorigwNeck-trans-array" count="69">6.19502e-05 0.104082 0.00273268 6.19502e-05 0.104082 0.00273268 6.19502e-05 0.104082 0.00273268 6.19502e-05 0.104082 0.00273268 6.19502e-05 0.104082 0.00273268 6.19502e-05 0.104082 0.00273268 6.19502e-05 0.104082 0.00273268 6.19502e-05 0.104082 0.00273268 6.19502e-05 0.104082 0.00273268 6.19502e-05 0.104082 0.00273268 6.19502e-05 0.104082 0.00273268 6.19502e-05 0.104082 0.00273268 6.19502e-05 0.104082 0.00273268 6.19502e-05 0.104082 0.00273268 6.19502e-05 0.104082 0.00273268 6.19502e-05 0.104082 0.00273268 6.19502e-05 0.104082 0.00273268 6.19502e-05 0.104082 0.00273268 6.19502e-05 0.104082 0.00273268 6.19502e-05 0.104082 0.00273268 6.19502e-05 0.104082 0.00273268 6.19502e-05 0.104082 0.00273268 6.19502e-05 0.104082 0.00273268</float_array><technique_common><accessor source="#hpl_mixamorigwNeck-trans-array" count="23" stride="3" /></technique_common></source>
      <source id="hpl_mixamorigwNeck-rotz"><float_array id="hpl_mixamorigwNeck-rotz-array" count="23">-0.46862 0.762092 0.934114 0.591851 0.256063 -0.0146061 -0.319515 -1.1235 -2.56213 -4.42337 -6.03881 -7.50439 -8.4321 -8.25049 -7.31351 -6.1185 -5.05236 -4.14957 -3.37588 -2.31223 -1.09325 -0.467765 -0.46862</float_array><technique_common><accessor source="#hpl_mixamorigwNeck-rotz-array" count="23" stride="1" /></technique_common></source>
      <source id="hpl_mixamorigwNeck-roty"><float_array id="hpl_mixamorigwNeck-roty-array" count="23">2.9986 3.07875 3.15871 3.23723 3.21612 3.13716 2.8055 2.76763 3.22337 3.58529 4.08709 4.85064 5.239 5.09559 4.64339 4.25277 4.0828 4.12036 4.16959 4.2249 4.21814 3.99445 2.9986</float_array><technique_common><accessor source="#hpl_mixamorigwNeck-roty-array" count="23" stride="1" /></technique_common></source>
      <source id="hpl_mixamorigwNeck-rotx"><float_array id="hpl_mixamorigwNeck-rotx-array" count="23">2.35776 2.52362 3.71371 5.54371 7.785 10.3681 12.9303 14.9281 16.2134 16.4146 16.0423 14.8496 13.2955 11.8999 10.6879 9.70304 8.79481 7.78805 6.61155 5.4167 4.16787 2.99344 2.35776</float_array><technique_common><accessor source="#hpl_mixamorigwNeck-rotx-array" count="23" stride="1" /></technique_common></source>
      <sampler id="hpl_mixamorigwNeck-trans-sampler"><input semantic="INPUT" source="#hpl_mixamorigwNeck-time" /><input semantic="OUTPUT" source="#hpl_mixamorigwNeck-trans" /></sampler><channel source="#hpl_mixamorigwNeck-trans-sampler" target="mixamorigwNeck/translate" />
      <sampler id="hpl_mixamorigwNeck-rotz-sampler"><input semantic="INPUT" source="#hpl_mixamorigwNeck-time" /><input semantic="OUTPUT" source="#hpl_mixamorigwNeck-rotz" /></sampler><channel source="#hpl_mixamorigwNeck-rotz-sampler" target="mixamorigwNeck/rotateZ.ANGLE" />
      <sampler id="hpl_mixamorigwNeck-roty-sampler"><input semantic="INPUT" source="#hpl_mixamorigwNeck-time" /><input semantic="OUTPUT" source="#hpl_mixamorigwNeck-roty" /></sampler><channel source="#hpl_mixamorigwNeck-roty-sampler" target="mixamorigwNeck/rotateY.ANGLE" />
      <sampler id="hpl_mixamorigwNeck-rotx-sampler"><input semantic="INPUT" source="#hpl_mixamorigwNeck-time" /><input semantic="OUTPUT" source="#hpl_mixamorigwNeck-rotx" /></sampler><channel source="#hpl_mixamorigwNeck-rotx-sampler" target="mixamorigwNeck/rotateX.ANGLE" />
    </animation>
    <animation id="hpl_mixamorigwHead">
      <source id="hpl_mixamorigwHead-time"><float_array id="hpl_mixamorigwHead-time-array" count="23">0 1 2 3 4 5 6 7 8 9 10 11 12 13 14 15 16 17 18 19 20 21 22</float_array><technique_common><accessor source="#hpl_mixamorigwHead-time-array" count="23" stride="1" /></technique_common></source>
      <source id="hpl_mixamorigwHead-trans"><float_array id="hpl_mixamorigwHead-trans-array" count="69">1.26362e-07 0.0721566 1.71408e-07 1.26362e-07 0.0721566 1.71408e-07 1.26362e-07 0.0721566 1.71408e-07 1.26362e-07 0.0721566 1.71408e-07 1.26362e-07 0.0721566 1.71408e-07 1.26362e-07 0.0721566 1.71408e-07 1.26362e-07 0.0721566 1.71408e-07 1.26362e-07 0.0721566 1.71408e-07 1.26362e-07 0.0721566 1.71408e-07 1.26362e-07 0.0721566 1.71408e-07 1.26362e-07 0.0721566 1.71408e-07 1.26362e-07 0.0721566 1.71408e-07 1.26362e-07 0.0721566 1.71408e-07 1.26362e-07 0.0721566 1.71408e-07 1.26362e-07 0.0721566 1.71408e-07 1.26362e-07 0.0721566 1.71408e-07 1.26362e-07 0.0721566 1.71408e-07 1.26362e-07 0.0721566 1.71408e-07 1.26362e-07 0.0721566 1.71408e-07 1.26362e-07 0.0721566 1.71408e-07 1.26362e-07 0.0721566 1.71408e-07 1.26362e-07 0.0721566 1.71408e-07 1.26362e-07 0.0721566 1.71408e-07</float_array><technique_common><accessor source="#hpl_mixamorigwHead-trans-array" count="23" stride="3" /></technique_common></source>
      <source id="hpl_mixamorigwHead-rotz"><float_array id="hpl_mixamorigwHead-rotz-array" count="23">-0.0738508 0.360638 0.711436 1.21593 1.89379 2.89133 3.81218 4.321 4.01552 3.15017 1.93337 0.651924 -0.281565 -1.04113 -1.48211 -1.71937 -2.12092 -2.6437 -3.16806 -3.68538 -4.09923 -4.13148 -0.0738508</float_array><technique_common><accessor source="#hpl_mixamorigwHead-rotz-array" count="23" stride="1" /></technique_common></source>
      <source id="hpl_mixamorigwHead-roty"><float_array id="hpl_mixamorigwHead-roty-array" count="23">9.54749 7.66397 7.04198 7.2226 7.14162 5.83496 3.9731 2.16828 1.45092 2.20851 3.50767 5.14217 6.44009 7.36734 7.77659 8.03557 8.61861 9.68961 11.0878 12.3506 13.0493 12.9698 9.54749</float_array><technique_common><accessor source="#hpl_mixamorigwHead-roty-array" count="23" stride="1" /></technique_common></source>
      <source id="hpl_mixamorigwHead-rotx"><float_array id="hpl_mixamorigwHead-rotx-array" count="23">12.1908 10.1498 9.98321 11.1744 12.5754 13.9236 15.1768 16.2021 16.6835 16.4146 14.9316 12.7161 10.8864 9.80522 9.2649 8.94163 8.66423 8.4546 8.59381 9.13083 9.99939 10.4098 12.1908</float_array><technique_common><accessor source="#hpl_mixamorigwHead-rotx-array" count="23" stride="1" /></technique_common></source>
      <sampler id="hpl_mixamorigwHead-trans-sampler"><input semantic="INPUT" source="#hpl_mixamorigwHead-time" /><input semantic="OUTPUT" source="#hpl_mixamorigwHead-trans" /></sampler><channel source="#hpl_mixamorigwHead-trans-sampler" target="mixamorigwHead/translate" />
      <sampler id="hpl_mixamorigwHead-rotz-sampler"><input semantic="INPUT" source="#hpl_mixamorigwHead-time" /><input semantic="OUTPUT" source="#hpl_mixamorigwHead-rotz" /></sampler><channel source="#hpl_mixamorigwHead-rotz-sampler" target="mixamorigwHead/rotateZ.ANGLE" />
      <sampler id="hpl_mixamorigwHead-roty-sampler"><input semantic="INPUT" source="#hpl_mixamorigwHead-time" /><input semantic="OUTPUT" source="#hpl_mixamorigwHead-roty" /></sampler><channel source="#hpl_mixamorigwHead-roty-sampler" target="mixamorigwHead/rotateY.ANGLE" />
      <sampler id="hpl_mixamorigwHead-rotx-sampler"><input semantic="INPUT" source="#hpl_mixamorigwHead-time" /><input semantic="OUTPUT" source="#hpl_mixamorigwHead-rotx" /></sampler><channel source="#hpl_mixamorigwHead-rotx-sampler" target="mixamorigwHead/rotateX.ANGLE" />
    </animation>
    <animation id="hpl_mixamorigwHeadTop_End">
      <source id="hpl_mixamorigwHeadTop_End-time"><float_array id="hpl_mixamorigwHeadTop_End-time-array" count="23">0 1 2 3 4 5 6 7 8 9 10 11 12 13 14 15 16 17 18 19 20 21 22</float_array><technique_common><accessor source="#hpl_mixamorigwHeadTop_End-time-array" count="23" stride="1" /></technique_common></source>
      <source id="hpl_mixamorigwHeadTop_End-trans"><float_array id="hpl_mixamorigwHeadTop_End-trans-array" count="69">-0.00116746 0.246874 -0.121133 -0.00116746 0.246874 -0.121133 -0.00116746 0.246874 -0.121133 -0.00116746 0.246874 -0.121133 -0.00116746 0.246874 -0.121133 -0.00116746 0.246874 -0.121133 -0.00116746 0.246874 -0.121133 -0.00116746 0.246874 -0.121133 -0.00116746 0.246874 -0.121133 -0.00116746 0.246874 -0.121133 -0.00116746 0.246874 -0.121133 -0.00116746 0.246874 -0.121133 -0.00116746 0.246874 -0.121133 -0.00116746 0.246874 -0.121133 -0.00116746 0.246874 -0.121133 -0.00116746 0.246874 -0.121133 -0.00116746 0.246874 -0.121133 -0.00116746 0.246874 -0.121133 -0.00116746 0.246874 -0.121133 -0.00116746 0.246874 -0.121133 -0.00116746 0.246874 -0.121133 -0.00116746 0.246874 -0.121133 -0.00116746 0.246874 -0.121133</float_array><technique_common><accessor source="#hpl_mixamorigwHeadTop_End-trans-array" count="23" stride="3" /></technique_common></source>
      <source id="hpl_mixamorigwHeadTop_End-rotz"><float_array id="hpl_mixamorigwHeadTop_End-rotz-array" count="23">0.24324 0.24324 0.24324 0.24324 0.24324 0.24324 0.24324 0.24324 0.24324 0.24324 0.24324 0.24324 0.24324 0.24324 0.24324 0.24324 0.24324 0.24324 0.24324 0.24324 0.24324 0.24324 0.24324</float_array><technique_common><accessor source="#hpl_mixamorigwHeadTop_End-rotz-array" count="23" stride="1" /></technique_common></source>
      <source id="hpl_mixamorigwHeadTop_End-roty"><float_array id="hpl_mixamorigwHeadTop_End-roty-array" count="23">0.0564607 0.0564607 0.0564607 0.0564607 0.0564607 0.0564607 0.0564607 0.0564607 0.0564607 0.0564607 0.0564607 0.0564607 0.0564607 0.0564607 0.0564607 0.0564607 0.0564607 0.0564607 0.0564607 0.0564607 0.0564607 0.0564607 0.0564607</float_array><technique_common><accessor source="#hpl_mixamorigwHeadTop_End-roty-array" count="23" stride="1" /></technique_common></source>
      <source id="hpl_mixamorigwHeadTop_End-rotx"><float_array id="hpl_mixamorigwHeadTop_End-rotx-array" count="23">-26.1357 -26.1357 -26.1357 -26.1357 -26.1357 -26.1357 -26.1357 -26.1357 -26.1357 -26.1357 -26.1357 -26.1357 -26.1357 -26.1357 -26.1357 -26.1357 -26.1357 -26.1357 -26.1357 -26.1357 -26.1357 -26.1357 -26.1357</float_array><technique_common><accessor source="#hpl_mixamorigwHeadTop_End-rotx-array" count="23" stride="1" /></technique_common></source>
      <sampler id="hpl_mixamorigwHeadTop_End-trans-sampler"><input semantic="INPUT" source="#hpl_mixamorigwHeadTop_End-time" /><input semantic="OUTPUT" source="#hpl_mixamorigwHeadTop_End-trans" /></sampler><channel source="#hpl_mixamorigwHeadTop_End-trans-sampler" target="mixamorigwHeadTop_End/translate" />
      <sampler id="hpl_mixamorigwHeadTop_End-rotz-sampler"><input semantic="INPUT" source="#hpl_mixamorigwHeadTop_End-time" /><input semantic="OUTPUT" source="#hpl_mixamorigwHeadTop_End-rotz" /></sampler><channel source="#hpl_mixamorigwHeadTop_End-rotz-sampler" target="mixamorigwHeadTop_End/rotateZ.ANGLE" />
      <sampler id="hpl_mixamorigwHeadTop_End-roty-sampler"><input semantic="INPUT" source="#hpl_mixamorigwHeadTop_End-time" /><input semantic="OUTPUT" source="#hpl_mixamorigwHeadTop_End-roty" /></sampler><channel source="#hpl_mixamorigwHeadTop_End-roty-sampler" target="mixamorigwHeadTop_End/rotateY.ANGLE" />
      <sampler id="hpl_mixamorigwHeadTop_End-rotx-sampler"><input semantic="INPUT" source="#hpl_mixamorigwHeadTop_End-time" /><input semantic="OUTPUT" source="#hpl_mixamorigwHeadTop_End-rotx" /></sampler><channel source="#hpl_mixamorigwHeadTop_End-rotx-sampler" target="mixamorigwHeadTop_End/rotateX.ANGLE" />
    </animation>
    <animation id="hpl_mixamorigwHeadFront">
      <source id="hpl_mixamorigwHeadFront-time"><float_array id="hpl_mixamorigwHeadFront-time-array" count="23">0 1 2 3 4 5 6 7 8 9 10 11 12 13 14 15 16 17 18 19 20 21 22</float_array><technique_common><accessor source="#hpl_mixamorigwHeadFront-time-array" count="23" stride="1" /></technique_common></source>
      <source id="hpl_mixamorigwHeadFront-trans"><float_array id="hpl_mixamorigwHeadFront-trans-array" count="69">0.00116741 0.14481 0.121135 0.00116741 0.14481 0.121135 0.00116741 0.14481 0.121135 0.00116741 0.14481 0.121135 0.00116741 0.14481 0.121135 0.00116741 0.14481 0.121135 0.00116741 0.14481 0.121135 0.00116741 0.14481 0.121135 0.00116741 0.14481 0.121135 0.00116741 0.14481 0.121135 0.00116741 0.14481 0.121135 0.00116741 0.14481 0.121135 0.00116741 0.14481 0.121135 0.00116741 0.14481 0.121135 0.00116741 0.14481 0.121135 0.00116741 0.14481 0.121135 0.00116741 0.14481 0.121135 0.00116741 0.14481 0.121135 0.00116741 0.14481 0.121135 0.00116741 0.14481 0.121135 0.00116741 0.14481 0.121135 0.00116741 0.14481 0.121135 0.00116741 0.14481 0.121135</float_array><technique_common><accessor source="#hpl_mixamorigwHeadFront-trans-array" count="23" stride="3" /></technique_common></source>
      <source id="hpl_mixamorigwHeadFront-rotz"><float_array id="hpl_mixamorigwHeadFront-rotz-array" count="23">-0.354292 -0.354292 -0.354292 -0.354292 -0.354292 -0.354292 -0.354292 -0.354292 -0.354292 -0.354292 -0.354292 -0.354292 -0.354292 -0.354292 -0.354292 -0.354292 -0.354292 -0.354292 -0.354292 -0.354292 -0.354292 -0.354292 -0.354292</float_array><technique_common><accessor source="#hpl_mixamorigwHeadFront-rotz-array" count="23" stride="1" /></technique_common></source>
      <source id="hpl_mixamorigwHeadFront-roty"><float_array id="hpl_mixamorigwHeadFront-roty-array" count="23">0.128633 0.128633 0.128633 0.128633 0.128633 0.128633 0.128633 0.128633 0.128633 0.128633 0.128633 0.128633 0.128633 0.128633 0.128633 0.128633 0.128633 0.128633 0.128633 0.128633 0.128633 0.128633 0.128633</float_array><technique_common><accessor source="#hpl_mixamorigwHeadFront-roty-array" count="23" stride="1" /></technique_common></source>
      <source id="hpl_mixamorigwHeadFront-rotx"><float_array id="hpl_mixamorigwHeadFront-rotx-array" count="23">39.911 39.911 39.911 39.911 39.911 39.911 39.911 39.911 39.911 39.911 39.911 39.911 39.911 39.911 39.911 39.911 39.911 39.911 39.911 39.911 39.911 39.911 39.911</float_array><technique_common><accessor source="#hpl_mixamorigwHeadFront-rotx-array" count="23" stride="1" /></technique_common></source>
      <sampler id="hpl_mixamorigwHeadFront-trans-sampler"><input semantic="INPUT" source="#hpl_mixamorigwHeadFront-time" /><input semantic="OUTPUT" source="#hpl_mixamorigwHeadFront-trans" /></sampler><channel source="#hpl_mixamorigwHeadFront-trans-sampler" target="mixamorigwHeadFront/translate" />
      <sampler id="hpl_mixamorigwHeadFront-rotz-sampler"><input semantic="INPUT" source="#hpl_mixamorigwHeadFront-time" /><input semantic="OUTPUT" source="#hpl_mixamorigwHeadFront-rotz" /></sampler><channel source="#hpl_mixamorigwHeadFront-rotz-sampler" target="mixamorigwHeadFront/rotateZ.ANGLE" />
      <sampler id="hpl_mixamorigwHeadFront-roty-sampler"><input semantic="INPUT" source="#hpl_mixamorigwHeadFront-time" /><input semantic="OUTPUT" source="#hpl_mixamorigwHeadFront-roty" /></sampler><channel source="#hpl_mixamorigwHeadFront-roty-sampler" target="mixamorigwHeadFront/rotateY.ANGLE" />
      <sampler id="hpl_mixamorigwHeadFront-rotx-sampler"><input semantic="INPUT" source="#hpl_mixamorigwHeadFront-time" /><input semantic="OUTPUT" source="#hpl_mixamorigwHeadFront-rotx" /></sampler><channel source="#hpl_mixamorigwHeadFront-rotx-sampler" target="mixamorigwHeadFront/rotateX.ANGLE" />
    </animation>
  </library_animations>
  <scene><instance_visual_scene url="#RootNode" /></scene>
</COLLADA>