<?xml version='1.0' encoding='utf-8'?>
<COLLADA xmlns="http://www.collada.org/2005/11/COLLADASchema" version="1.4.1">
  <asset>
    <contributor><author>hpl_dae_export</author><authoring_tool>Blender 4.2.0</authoring_tool></contributor>
    <unit name="meter" meter="1" />
    <up_axis>Y_UP</up_axis>
  </asset>
  <library_images>
    <image id="phillip-diffuse-image"><init_from>phillip.tga</init_from></image>
    <image id="phillip-emission-image"><init_from>phillip.tga</init_from></image>
    <image id="phillip-normal-image"><init_from>phillip.tga</init_from></image>
  </library_images>
  <library_effects>
    <effect id="phillip-fx" name="phillip"><profile_COMMON>
      <newparam sid="phillip-diffuse-surface"><surface type="2D"><init_from>phillip-diffuse-image</init_from></surface></newparam>
      <newparam sid="phillip-diffuse-sampler"><sampler2D><source>phillip-diffuse-surface</source></sampler2D></newparam>
      <newparam sid="phillip-emission-surface"><surface type="2D"><init_from>phillip-emission-image</init_from></surface></newparam>
      <newparam sid="phillip-emission-sampler"><sampler2D><source>phillip-emission-surface</source></sampler2D></newparam>
      <technique sid="common"><lambert>
        <diffuse><texture texture="phillip-diffuse-sampler" texcoord="CHANNEL0" /></diffuse>
      </lambert></technique>
    </profile_COMMON></effect>
  </library_effects>
  <library_materials>
    <material id="phillip" name="phillip"><instance_effect url="#phillip-fx" /></material>
  </library_materials>
  <library_geometries>
    <geometry id="Mesh_0_1" name="Mesh_0"><mesh>
      <source id="Mesh_0_1-vpos"><float_array id="Mesh_0_1-vpos-array" count="9">0.00774702 0.95336 0.0335566 0.057747 0.95336 0.0335566 0.00774702 1.00336 0.0335566</float_array><technique_common><accessor source="#Mesh_0_1-vpos-array" count="3" stride="3"><param name="X" type="float" /><param name="Y" type="float" /><param name="Z" type="float" /></accessor></technique_common></source>
      <source id="Mesh_0_1-vnrm"><float_array id="Mesh_0_1-vnrm-array" count="9">0 0 1 0 0 1 0 0 1</float_array><technique_common><accessor source="#Mesh_0_1-vnrm-array" count="3" stride="3"><param name="X" type="float" /><param name="Y" type="float" /><param name="Z" type="float" /></accessor></technique_common></source>
      <source id="Mesh_0_1-vuv"><float_array id="Mesh_0_1-vuv-array" count="6">0 0 1 0 0 1</float_array><technique_common><accessor source="#Mesh_0_1-vuv-array" count="3" stride="2"><param name="S" type="float" /><param name="T" type="float" /></accessor></technique_common></source>
      <vertices id="Mesh_0_1-vertices"><input semantic="POSITION" source="#Mesh_0_1-vpos" /></vertices>
      <triangles count="1" material="phillip"><input semantic="VERTEX" source="#Mesh_0_1-vertices" offset="0" /><input semantic="NORMAL" source="#Mesh_0_1-vnrm" offset="1" /><input semantic="TEXCOORD" source="#Mesh_0_1-vuv" offset="2" /><p>0 0 0 1 1 1 2 2 2</p></triangles>
    </mesh></geometry>
  </library_geometries>
  <library_controllers>
    <controller id="Mesh_0_1-skin" name="skinCluster0"><skin source="#Mesh_0_1">
      <bind_shape_matrix>1 0 0 0 0 1 0 0 0 0 1 0 0 0 0 1</bind_shape_matrix>
      <source id="Mesh_0_1-skin-joints"><Name_array id="Mesh_0_1-skin-joints-array" count="24">mixamorigwHips mixamorigwLeftUpLeg mixamorigwLeftLeg mixamorigwLeftFoot mixamorigwLeftToeBase mixamorigwRightUpLeg mixamorigwRightLeg mixamorigwRightFoot mixamorigwRightToeBase mixamorigwSpine mixamorigwSpine1 mixamorigwSpine2 mixamorigwLeftShoulder mixamorigwLeftArm mixamorigwLeftForeArm mixamorigwLeftHand mixamorigwRightShoulder mixamorigwRightArm mixamorigwRightForeArm mixamorigwRightHand mixamorigwNeck mixamorigwHead mixamorigwHeadTop_End mixamorigwHeadFront</Name_array><technique_common><accessor source="#Mesh_0_1-skin-joints-array" count="24" stride="1"><param name="JOINT" type="Name" /></accessor></technique_common></source>
      <source id="Mesh_0_1-skin-bind_poses"><float_array id="Mesh_0_1-skin-bind_poses-array" count="384">-0.326862 -0.412442 0.850325 0.367204 0.924359 -0.326862 0.196779 0.297853 0.196779 0.850325 0.488083 -0.828569 0 0 0 1 0.988587 0.109374 -0.1036 -0.188944 0.1036 -0.992833 -0.0595797 0.848762 -0.109374 0.0481668 -0.992833 -0.00285123 0 0 0 1 0.995242 0.0745741 -0.0627066 -0.172581 0.0627065 -0.982821 -0.173582 0.487924 -0.0745739 0.168824 -0.982821 -0.0684593 0 0 0 1 0.994978 0.0309139 -0.0951978 -0.168375 0.0951972 -0.58605 0.804663 0.112632 -0.0309154 -0.809685 -0.58605 0.083101 0 0 0 1 0.993074 8.38034e-06 -0.117488 -0.165082 0.117488 3.0122e-07 0.993074 -0.0921871 8.23903e-06 -1 -7.34656e-07 0.0437346 0 0 0 1 0.986251 -0.119769 0.113864 0.190305 -0.113864 -0.991857 -0.057042 0.848443 0.119769 0.0432928 -0.991857 0.0017185 0 0 0 1 0.996752 -0.0617435 0.0516918 0.16272 -0.0516917 -0.98282 -0.177182 0.49367 0.0617436 0.173935 -0.98282 -0.0723674 0 0 0 1 0.991415 -0.0402565 0.124402 0.163199 -0.124402 -0.583335 0.802648 0.109001 0.0402562 -0.811233 -0.583335 0.0842478 0 0 0 1 0.988201 2.59179e-08 0.153161 0.158823 -0.153161 -1.2465e-07 0.988201 -0.0970361 8.08409e-08 -1 -1.08103e-07 0.0438647 0 0 0 1 0.999977 0.00499217 0.00460007 -0.0126603 -0.00459975 0.996648 -0.0816763 -1.08845 -0.0049924 0.0816533 0.996648 -0.111251 0 0 0 1 0.999977 0.00499225 0.00460005 -0.0126604 -0.00459984 0.996648 -0.0816764 -1.22951 -0.00499239 0.0816534 0.996648 -0.111251 0 0 0 1 0.999936 0.00858049 0.0073981 -0.0175916 -0.0073979 0.989074 -0.147233 -1.36021 -0.00858061 0.147169 0.989074 -0.20133 0 0 0 1 -0.0915552 1.56755e-07 -0.9958 -0.0116842 0.9958 8.53744e-08 -0.0915552 -0.0478922 -6.27717e-09 -1 -1.19135e-07 1.45252 0 0 0 1 -0.102656 0.216831 -0.970797 -0.323529 0.970796 -0.190902 -0.145294 0.0690035 -0.216831 -0.957361 -0.190902 1.43017 0 0 0 1 0.0429289 -0.0153039 -0.998961 -0.064134 0.998961 0.0159705 0.0426842 -0.466213 0.0153006 -0.999755 0.0159736 1.39976 0 0 0 1 0.0998002 -0.0351338 -0.994387 -0.0750536 0.994387 0.0388059 0.0984292 -0.733384 0.0351299 -0.998629 0.0388095 1.38581 0 0 0 1 -0.0881333 -3.45496e-08 0.996109 0.0125114 -0.996108 -5.23395e-08 -0.0881333 -0.0370387 -1.46981e-09 -1 -1.50894e-08 1.44862 0 0 0 1 -0.108284 -0.213742 0.97087 0.317301 -0.970869 -0.187244 -0.149507 0.0704232 0.213746 -0.958777 -0.18724 1.42642 0 0 0 1 0.0278295 0.0297959 0.999168 0.034426 -0.999168 0.0306226 0.0269163 -0.464747 -0.0297952 -0.999087 0.0306234 1.39395 0 0 0 1 0.0716834 0.000714281 0.997427 0.105102 -0.997427 0.000772513 0.0716828 -0.671685 -0.000719398 -0.999999 0.000767861 1.41318 0 0 0 1 0.999874 0.0116475 0.0107328 -0.0218054 -0.0107326 0.996602 -0.0816726 -1.47952 -0.0116476 0.0815471 0.996601 -0.111066 0 0 0 1 0.999955 0.00442177 0.00837712 -0.0106006 -0.00837693 0.825642 0.564133 -1.27565 -0.00442208 -0.564178 0.825642 0.890874 0 0 0 1 0.999913 0.00861753 0.01003 -0.0171024 -0.0100298 0.988551 0.150557 -1.78728 -0.00861772 -0.150645 0.98855 0.250058 0 0 0 1 1 -1.50874e-07 7.03149e-08 -0.00385329 -8.28877e-08 -2.98023e-08 1 -0.116256 -2.19559e-07 -1 2.98023e-08 1.55588 0 0 0 1</float_array><technique_common><accessor count="24" offset="0" source="#Mesh_0_1-skin-bind_poses-array" stride="16"><param name="TRANSFORM" type="float4x4" /></accessor></technique_common></source>
      <source id="Mesh_0_1-skin-weights"><float_array id="Mesh_0_1-skin-weights-array" count="1">1</float_array><technique_common><accessor count="1" offset="0" source="#Mesh_0_1-skin-weights-array" stride="1"><param name="WEIGHT" type="float" /></accessor></technique_common></source>
      <joints><input semantic="JOINT" source="#Mesh_0_1-skin-joints" /><input semantic="INV_BIND_MATRIX" source="#Mesh_0_1-skin-bind_poses" /></joints>
      <vertex_weights count="3"><input semantic="JOINT" source="#Mesh_0_1-skin-joints" offset="0" /><input semantic="WEIGHT" source="#Mesh_0_1-skin-weights" offset="1" /><vcount>1 1 1</vcount><v>0 0 0 0 0 0</v></vertex_weights>
    </skin></controller>
  </library_controllers>
  <library_visual_scenes>
    <visual_scene id="RootNode" name="RootNode">
      <node id="mixamorigwHips" sid="mixamorigwHips" name="mixamorigwHips" type="JOINT">
        <translate sid="translate">0.00774679 0.95336 0.0335573</translate><rotate sid="rotateZ">0 0 1 -128.397</rotate><rotate sid="rotateY">0 1 0 -58.247</rotate><rotate sid="rotateX">1 0 0 21.9576</rotate>
        <node id="mixamorigwLeftUpLeg" sid="mixamorigwLeftUpLeg" name="mixamorigwLeftUpLeg" type="JOINT">
          <translate sid="translate">0.00280504 0.112246 -0.0611913</translate><rotate sid="rotateZ">0 0 1 118.016</rotate><rotate sid="rotateY">0 1 0 -13.7078</rotate><rotate sid="rotateX">1 0 0 -118.606</rotate>
          <node id="mixamorigwLeftLeg" sid="mixamorigwLeftLeg" name="mixamorigwLeftLeg" type="JOINT">
            <translate sid="translate">2.9695e-08 0.362108 -2.40088e-08</translate><rotate sid="rotateZ">0 0 1 1.88157</rotate><rotate sid="rotateY">0 1 0 2.46473</rotate><rotate sid="rotateX">1 0 0 6.79106</rotate>
            <node id="mixamorigwLeftFoot" sid="mixamorigwLeftFoot" name="mixamorigwLeftFoot" type="JOINT">
              <translate sid="translate">-2.24292e-08 0.371859 -6.31809e-09</translate><rotate sid="rotateZ">0 0 1 2.78269</rotate><rotate sid="rotateY">0 1 0 -1.40858</rotate><rotate sid="rotateX">1 0 0 -63.7858</rotate>
              <node id="mixamorigwLeftToeBase" sid="mixamorigwLeftToeBase" name="mixamorigwLeftToeBase" type="JOINT">
                <translate sid="translate">-1.311e-08 0.161697 -3.15905e-09</translate><rotate sid="rotateZ">0 0 1 -0.000291079</rotate><rotate sid="rotateY">0 1 0 -2.18612</rotate><rotate sid="rotateX">1 0 0 -35.8772</rotate>
              </node>
            </node>
          </node>
        </node>
        <node id="mixamorigwRightUpLeg" sid="mixamorigwRightUpLeg" name="mixamorigwRightUpLeg" type="JOINT">
          <translate sid="translate">0.0647644 -0.0634254 -0.0977594</translate><rotate sid="rotateZ">0 0 1 100.259</rotate><rotate sid="rotateY">0 1 0 -8.49983</rotate><rotate sid="rotateX">1 0 0 -115.368</rotate>
          <node id="mixamorigwRightLeg" sid="mixamorigwRightLeg" name="mixamorigwRightLeg" type="JOINT">
            <translate sid="translate">-4.9597e-08 0.359356 4.28051e-08</translate><rotate sid="rotateZ">0 0 1 -3.17125</rotate><rotate sid="rotateY">0 1 0 -3.75187</rotate><rotate sid="rotateX">1 0 0 7.312</rotate>
            <node id="mixamorigwRightFoot" sid="mixamorigwRightFoot" name="mixamorigwRightFoot" type="JOINT">
              <translate sid="translate">5.68628e-09 0.37578 1.38998e-08</translate><rotate sid="rotateZ">0 0 1 -1.93715</rotate><rotate sid="rotateY">0 1 0 3.90217</rotate><rotate sid="rotateX">1 0 0 -64.1697</rotate>
              <node id="mixamorigwRightToeBase" sid="mixamorigwRightToeBase" name="mixamorigwRightToeBase" type="JOINT">
                <translate sid="translate">-1.38998e-08 0.162229 7.89762e-08</translate><rotate sid="rotateZ">0 0 1 -4.68373e-06</rotate><rotate sid="rotateY">0 1 0 2.84091</rotate><rotate sid="rotateX">1 0 0 -35.6855</rotate>
              </node>
            </node>
          </node>
        </node>
        <node id="mixamorigwSpine" sid="mixamorigwSpine" name="mixamorigwSpine" type="JOINT">
          <translate sid="translate">-0.0675698 -0.0488202 0.113795</translate><rotate sid="rotateZ">0 0 1 109.386</rotate><rotate sid="rotateY">0 1 0 -11.7279</rotate><rotate sid="rotateX">1 0 0 55.4776</rotate>
          <node id="mixamorigwSpine1" sid="mixamorigwSpine1" name="mixamorigwSpine1" type="JOINT">
            <translate sid="translate">-7.07133e-08 0.141062 1.15898e-08</translate><rotate sid="rotateZ">0 0 1 4.77246e-06</rotate><rotate sid="rotateY">0 1 0 7.65395e-07</rotate><rotate sid="rotateX">1 0 0 -3.73307e-06</rotate>
            <node id="mixamorigwSpine2" sid="mixamorigwSpine2" name="mixamorigwSpine2" type="JOINT">
              <translate sid="translate">-2.62812e-09 0.141062 -5.23168e-08</translate><rotate sid="rotateZ">0 0 1 0.19182</rotate><rotate sid="rotateY">0 1 0 -0.176579</rotate><rotate sid="rotateX">1 0 0 -3.78094</rotate>
              <node id="mixamorigwLeftShoulder" sid="mixamorigwLeftShoulder" name="mixamorigwLeftShoulder" type="JOINT">
                <translate sid="translate">0.0413714 0.0784539 -0.0038093</translate><rotate sid="rotateZ">0 0 1 123.884</rotate><rotate sid="rotateY">0 1 0 79.7802</rotate><rotate sid="rotateX">1 0 0 -146.045</rotate>
                <node id="mixamorigwLeftArm" sid="mixamorigwLeftArm" name="mixamorigwLeftArm" type="JOINT">
                  <translate sid="translate">3.21959e-10 0.163973 1.64123e-07</translate><rotate sid="rotateZ">0 0 1 -0.783161</rotate><rotate sid="rotateY">0 1 0 12.523</rotate><rotate sid="rotateX">1 0 0 11.2771</rotate>
                  <node id="mixamorigwLeftForeArm" sid="mixamorigwLeftForeArm" name="mixamorigwLeftForeArm" type="JOINT">
                    <translate sid="translate">-5.05447e-09 0.244293 5.93901e-08</translate><rotate sid="rotateZ">0 0 1 11.1568</rotate><rotate sid="rotateY">0 1 0 -11.3059</rotate><rotate sid="rotateX">1 0 0 -14.1697</rotate>
                    <node id="mixamorigwLeftHand" sid="mixamorigwLeftHand" name="mixamorigwLeftHand" type="JOINT">
                      <translate sid="translate">0 0.241261 -6.83933e-08</translate><rotate sid="rotateZ">0 0 1 3.25059</rotate><rotate sid="rotateY">0 1 0 -1.19002</rotate><rotate sid="rotateX">1 0 0 -1.26142</rotate>
                    </node>
                  </node>
                </node>
              </node>
              <node id="mixamorigwRightShoulder" sid="mixamorigwRightShoulder" name="mixamorigwRightShoulder" type="JOINT">
                <translate sid="translate">-0.0410677 0.0751698 -0.00338566</translate><rotate sid="rotateZ">0 0 1 -118.947</rotate><rotate sid="rotateY">0 1 0 -80.3951</rotate><rotate sid="rotateX">1 0 0 -151.887</rotate>
                <node id="mixamorigwRightArm" sid="mixamorigwRightArm" name="mixamorigwRightArm" type="JOINT">
                  <translate sid="translate">-2.05053e-09 0.167019 1.625e-07</translate><rotate sid="rotateZ">0 0 1 1.30783</rotate><rotate sid="rotateY">0 1 0 -12.3417</rotate><rotate sid="rotateX">1 0 0 11.0505</rotate>
                  <node id="mixamorigwRightForeArm" sid="mixamorigwRightForeArm" name="mixamorigwRightForeArm" type="JOINT">
                    <translate sid="translate">-1.01089e-08 0.228275 2.43878e-07</translate><rotate sid="rotateZ">0 0 1 -10.7264</rotate><rotate sid="rotateY">0 1 0 12.105</rotate><rotate sid="rotateX">1 0 0 -14.6911</rotate>
                    <node id="mixamorigwRightHand" sid="mixamorigwRightHand" name="mixamorigwRightHand" type="JOINT">
                      <translate sid="translate">-1.26362e-09 0.252898 9.16123e-09</translate><rotate sid="rotateZ">0 0 1 -2.56611</rotate><rotate sid="rotateY">0 1 0 -1.58702</rotate><rotate sid="rotateX">1 0 0 1.78527</rotate>
                    </node>
                  </node>
                </node>
              </node>
              <node id="mixamorigwNeck" sid="mixamorigwNeck" name="mixamorigwNeck" type="JOINT">
                <translate sid="translate">-0.000303676 0.108811 0.00719515</translate><rotate sid="rotateZ">0 0 1 0.145701</rotate><rotate sid="rotateY">0 1 0 -0.214868</rotate><rotate sid="rotateX">1 0 0 3.78319</rotate>
                <node id="mixamorigwHead" sid="mixamorigwHead" name="mixamorigwHead" type="JOINT">
                  <translate sid="translate">-7.50273e-10 0.0723255 -4.75042e-08</translate><rotate sid="rotateZ">0 0 1 -0.401626</rotate><rotate sid="rotateY">0 1 0 0.168327</rotate><rotate sid="rotateX">1 0 0 39.0239</rotate>
                  <node id="mixamorigwHeadTop_End" sid="mixamorigwHeadTop_End" name="mixamorigwHeadTop_End" type="JOINT">
                    <translate sid="translate">-0.00110642 0.226769 -0.109048</translate><rotate sid="rotateZ">0 0 1 0.251929</rotate><rotate sid="rotateY">0 1 0 0.0574274</rotate><rotate sid="rotateX">1 0 0 -25.6815</rotate>
                  </node>
                  <node id="mixamorigwHeadFront" sid="mixamorigwHeadFront" name="mixamorigwHeadFront" type="JOINT">
                    <translate sid="translate">0.0011064 0.0745082 0.109048</translate><rotate sid="rotateZ">0 0 1 -0.479981</rotate><rotate sid="rotateY">0 1 0 0.253356</rotate><rotate sid="rotateX">1 0 0 55.6544</rotate>
                  </node>
                </node>
              </node>
            </node>
          </node>
        </node>
      </node>
      <node id="Mesh_0" name="Mesh_0" type="NODE">
        <translate sid="translate">0 0 0</translate><rotate sid="rotateZ">0 0 1 0</rotate><rotate sid="rotateY">0 1 0 -0</rotate><rotate sid="rotateX">1 0 0 -90</rotate><scale sid="scale">100 100 100</scale><instance_controller url="#Mesh_0_1-skin">
          <skeleton>#mixamorigwHips</skeleton>
          <bind_material><technique_common><instance_material symbol="defaultMaterial" target="#%s"><bind_vertex_input semantic="CHANNEL0" input_semantic="TEXCOORD" input_set="0" /></instance_material></technique_common></bind_material>
        </instance_controller>
      </node>
    </visual_scene>
  </library_visual_scenes>
  <library_animations>
    <animation id="hpl_mixamorigwHips">
      <source id="hpl_mixamorigwHips-time"><float_array id="hpl_mixamorigwHips-time-array" count="32">0 1 2 3 4 5 6 7 8 9 10 11 12 13 14 15 16 17 18 19 20 21 22 23 24 25 26 27 28 29 30 31</float_array><technique_common><accessor source="#hpl_mixamorigwHips-time-array" count="32" stride="1" /></technique_common></source>
      <source id="hpl_mixamorigwHips-trans"><float_array id="hpl_mixamorigwHips-trans-array" count="96">0.00774702 0.49001 0.0335566 0.00750959 0.508477 0.0300426 0.00764367 0.527722 0.0263554 0.00783173 0.547118 0.0233631 0.0080392 0.567102 0.0207497 0.00817299 0.587416 0.019233 0.00821084 0.608976 0.0180995 0.00823993 0.63064 0.0180472 0.00839443 0.652233 0.0191163 0.00813844 0.674116 0.0199504 0.00751544 0.695404 0.0218087 0.00645523 0.716858 0.0236046 0.00515343 0.73826 0.0254439 0.00368962 0.761123 0.0271366 0.00266332 0.78273 0.0288729 0.00123048 0.804197 0.0299497 0.000400377 0.825684 0.0313787 -0.000163896 0.847146 0.0332062 2.22677e-05 0.867978 0.0361224 6.49189e-05 0.886688 0.038424 0.000789625 0.902658 0.0409015 0.00145462 0.915997 0.0428674 0.00231607 0.926938 0.0441455 0.00315884 0.935822 0.0448507 0.00400942 0.942403 0.0445618 0.00474396 0.947208 0.043503 0.00563557 0.950584 0.0423304 0.00647604 0.952872 0.0404137 0.00696365 0.954747 0.0384794 0.00716433 0.956171 0.0366328 0.00747787 0.95735 0.034966 0.00774702 0.958156 0.0335566</float_array><technique_common><accessor source="#hpl_mixamorigwHips-trans-array" count="32" stride="3" /></technique_common></source>
      <source id="hpl_mixamorigwHips-rotz"><float_array id="hpl_mixamorigwHips-rotz-array" count="32">-129.209 -128.575 -128.022 -127.609 -127.254 -126.97 -126.816 -126.652 -126.446 -126.308 -126.156 -125.995 -125.844 -125.729 -125.466 -125.196 -124.917 -124.707 -124.61 -124.629 -124.728 -124.814 -124.846 -124.77 -124.6 -124.429 -124.286 -124.247 -124.314 -124.476 -124.707 -125.043</float_array><technique_common><accessor source="#hpl_mixamorigwHips-rotz-array" count="32" stride="1" /></technique_common></source>
      <source id="hpl_mixamorigwHips-roty"><float_array id="hpl_mixamorigwHips-roty-array" count="32">-49.3349 -48.4932 -47.6993 -46.9362 -46.2294 -45.6521 -45.1679 -44.8751 -44.766 -44.8082 -45.0262 -45.4243 -45.9612 -46.5663 -47.1946 -47.7928 -48.3437 -48.8948 -49.4352 -49.9222 -50.3244 -50.6355 -50.8752 -51.0935 -51.3117 -51.5471 -51.8032 -52.0849 -52.3745 -52.6811 -52.9913 -53.2911</float_array><technique_common><accessor source="#hpl_mixamorigwHips-roty-array" count="32" stride="1" /></technique_common></source>
      <source id="hpl_mixamorigwHips-rotx"><float_array id="hpl_mixamorigwHips-rotx-array" count="32">15.6289 14.9226 14.3769 14.046 13.8247 13.783 13.8 13.8734 13.9663 14.0566 14.1361 14.1814 14.2218 14.2965 14.235 14.1566 14.0694 14.0496 14.1411 14.3539 14.6438 14.9232 15.1699 15.3359 15.4359 15.5464 15.6389 15.7968 16.0393 16.363 16.751 17.2235</float_array><technique_common><accessor source="#hpl_mixamorigwHips-rotx-array" count="32" stride="1" /></technique_common></source>
      <sampler id="hpl_mixamorigwHips-trans-sampler"><input semantic="INPUT" source="#hpl_mixamorigwHips-time" /><input semantic="OUTPUT" source="#hpl_mixamorigwHips-trans" /></sampler><channel source="#hpl_mixamorigwHips-trans-sampler" target="mixamorigwHips/translate" />
      <sampler id="hpl_mixamorigwHips-rotz-sampler"><input semantic="INPUT" source="#hpl_mixamorigwHips-time" /><input semantic="OUTPUT" source="#hpl_mixamorigwHips-rotz" /></sampler><channel source="#hpl_mixamorigwHips-rotz-sampler" target="mixamorigwHips/rotateZ.ANGLE" />
      <sampler id="hpl_mixamorigwHips-roty-sampler"><input semantic="INPUT" source="#hpl_mixamorigwHips-time" /><input semantic="OUTPUT" source="#hpl_mixamorigwHips-roty" /></sampler><channel source="#hpl_mixamorigwHips-roty-sampler" target="mixamorigwHips/rotateY.ANGLE" />
      <sampler id="hpl_mixamorigwHips-rotx-sampler"><input semantic="INPUT" source="#hpl_mixamorigwHips-time" /><input semantic="OUTPUT" source="#hpl_mixamorigwHips-rotx" /></sampler><channel source="#hpl_mixamorigwHips-rotx-sampler" target="mixamorigwHips/rotateX.ANGLE" />
    </animation>
    <animation id="hpl_mixamorigwLeftUpLeg">
      <source id="hpl_mixamorigwLeftUpLeg-time"><float_array id="hpl_mixamorigwLeftUpLeg-time-array" count="32">0 1 2 3 4 5 6 7 8 9 10 11 12 13 14 15 16 17 18 19 20 21 22 23 24 25 26 27 28 29 30 31</float_array><technique_common><accessor source="#hpl_mixamorigwLeftUpLeg-time-array" count="32" stride="1" /></technique_common></source>
      <source id="hpl_mixamorigwLeftUpLeg-trans"><float_array id="hpl_mixamorigwLeftUpLeg-trans-array" count="96">0.00280581 0.112246 -0.0611913 0.00280581 0.112246 -0.0611913 0.00280581 0.112246 -0.0611913 0.00280581 0.112246 -0.0611913 0.00280581 0.112246 -0.0611913 0.00280581 0.112246 -0.0611913 0.00280581 0.112246 -0.0611913 0.00280581 0.112246 -0.0611913 0.00280581 0.112246 -0.0611913 0.00280581 0.112246 -0.0611913 0.00280581 0.112246 -0.0611913 0.00280581 0.112246 -0.0611913 0.00280581 0.112246 -0.0611913 0.00280581 0.112246 -0.0611913 0.00280581 0.112246 -0.0611913 0.00280581 0.112246 -0.0611913 0.00280581 0.112246 -0.0611913 0.00280581 0.112246 -0.0611913 0.00280581 0.112246 -0.0611913 0.00280581 0.112246 -0.0611913 0.00280581 0.112246 -0.0611913 0.00280581 0.112246 -0.0611913 0.00280581 0.112246 -0.0611913 0.00280581 0.112246 -0.0611913 0.00280581 0.112246 -0.0611913 0.00280581 0.112246 -0.0611913 0.00280581 0.112246 -0.0611913 0.00280581 0.112246 -0.0611913 0.00280581 0.112246 -0.0611913 0.00280581 0.112246 -0.0611913 0.00280581 0.112246 -0.0611913 0.00280581 0.112246 -0.0611913</float_array><technique_common><accessor source="#hpl_mixamorigwLeftUpLeg-trans-array" count="32" stride="3" /></technique_common></source>
      <source id="hpl_mixamorigwLeftUpLeg-rotz"><float_array id="hpl_mixamorigwLeftUpLeg-rotz-array" count="32">122.29 121.298 120.296 119.376 118.516 117.683 117.132 116.596 116.031 115.685 115.426 115.224 115.128 115.172 115.158 115.281 115.422 115.633 115.916 116.261 116.646 117.062 117.47 117.87 118.239 118.6 118.957 119.313 119.652 119.981 120.249 120.482</float_array><technique_common><accessor source="#hpl_mixamorigwLeftUpLeg-rotz-array" count="32" stride="1" /></technique_common></source>
      <source id="hpl_mixamorigwLeftUpLeg-roty"><float_array id="hpl_mixamorigwLeftUpLeg-roty-array" count="32">-15.554 -14.9888 -14.4374 -13.9791 -13.6112 -13.1585 -12.9315 -12.6197 -12.1996 -11.9512 -11.7539 -11.6581 -11.5919 -11.4549 -11.2838 -11.104 -10.8776 -10.6521 -10.4004 -10.1959 -9.95025 -9.70523 -9.41151 -9.0617 -8.65642 -8.24411 -7.84423 -7.47257 -7.20024 -6.99784 -6.85035 -6.77709</float_array><technique_common><accessor source="#hpl_mixamorigwLeftUpLeg-roty-array" count="32" stride="1" /></technique_common></source>
      <source id="hpl_mixamorigwLeftUpLeg-rotx"><float_array id="hpl_mixamorigwLeftUpLeg-rotx-array" count="32">155.48 155.795 156.41 157.453 158.79 160.622 162.655 165.068 167.835 170.666 173.724 176.95 180.316 183.899 187.273 190.587 194.012 197.657 201.588 205.426 209.112 212.527 215.649 218.525 221.002 223.136 224.9 226.201 227.443 228.575 229.697 230.699</float_array><technique_common><accessor source="#hpl_mixamorigwLeftUpLeg-rotx-array" count="32" stride="1" /></technique_common></source>
      <sampler id="hpl_mixamorigwLeftUpLeg-trans-sampler"><input semantic="INPUT" source="#hpl_mixamorigwLeftUpLeg-time" /><input semantic="OUTPUT" source="#hpl_mixamorigwLeftUpLeg-trans" /></sampler><channel source="#hpl_mixamorigwLeftUpLeg-trans-sampler" target="mixamorigwLeftUpLeg/translate" />
      <sampler id="hpl_mixamorigwLeftUpLeg-rotz-sampler"><input semantic="INPUT" source="#hpl_mixamorigwLeftUpLeg-time" /><input semantic="OUTPUT" source="#hpl_mixamorigwLeftUpLeg-rotz" /></sampler><channel source="#hpl_mixamorigwLeftUpLeg-rotz-sampler" target="mixamorigwLeftUpLeg/rotateZ.ANGLE" />
      <sampler id="hpl_mixamorigwLeftUpLeg-roty-sampler"><input semantic="INPUT" source="#hpl_mixamorigwLeftUpLeg-time" /><input semantic="OUTPUT" source="#hpl_mixamorigwLeftUpLeg-roty" /></sampler><channel source="#hpl_mixamorigwLeftUpLeg-roty-sampler" target="mixamorigwLeftUpLeg/rotateY.ANGLE" />
      <sampler id="hpl_mixamorigwLeftUpLeg-rotx-sampler"><input semantic="INPUT" source="#hpl_mixamorigwLeftUpLeg-time" /><input semantic="OUTPUT" source="#hpl_mixamorigwLeftUpLeg-rotx" /></sampler><channel source="#hpl_mixamorigwLeftUpLeg-rotx-sampler" target="mixamorigwLeftUpLeg/rotateX.ANGLE" />
    </animation>
    <animation id="hpl_mixamorigwLeftLeg">
      <source id="hpl_mixamorigwLeftLeg-time"><float_array id="hpl_mixamorigwLeftLeg-time-array" count="32">0 1 2 3 4 5 6 7 8 9 10 11 12 13 14 15 16 17 18 19 20 21 22 23 24 25 26 27 28 29 30 31</float_array><technique_common><accessor source="#hpl_mixamorigwLeftLeg-time-array" count="32" stride="1" /></technique_common></source>
      <source id="hpl_mixamorigwLeftLeg-trans"><float_array id="hpl_mixamorigwLeftLeg-trans-array" count="96">1.49007e-07 0.362107 -3.16007e-07 1.49007e-07 0.362107 -3.16007e-07 1.49007e-07 0.362107 -3.16007e-07 1.49007e-07 0.362107 -3.16007e-07 1.49007e-07 0.362107 -3.16007e-07 1.49007e-07 0.362107 -3.16007e-07 1.49007e-07 0.362107 -3.16007e-07 1.49007e-07 0.362107 -3.16007e-07 1.49007e-07 0.362107 -3.16007e-07 1.49007e-07 0.362107 -3.16007e-07 1.49007e-07 0.362107 -3.16007e-07 1.49007e-07 0.362107 -3.16007e-07 1.49007e-07 0.362107 -3.16007e-07 1.49007e-07 0.362107 -3.16007e-07 1.49007e-07 0.362107 -3.16007e-07 1.49007e-07 0.362107 -3.16007e-07 1.49007e-07 0.362107 -3.16007e-07 1.49007e-07 0.362107 -3.16007e-07 1.49007e-07 0.362107 -3.16007e-07 1.49007e-07 0.362107 -3.16007e-07 1.49007e-07 0.362107 -3.16007e-07 1.49007e-07 0.362107 -3.16007e-07 1.49007e-07 0.362107 -3.16007e-07 1.49007e-07 0.362107 -3.16007e-07 1.49007e-07 0.362107 -3.16007e-07 1.49007e-07 0.362107 -3.16007e-07 1.49007e-07 0.362107 -3.16007e-07 1.49007e-07 0.362107 -3.16007e-07 1.49007e-07 0.362107 -3.16007e-07 1.49007e-07 0.362107 -3.16007e-07 1.49007e-07 0.362107 -3.16007e-07 1.49007e-07 0.362107 -3.16007e-07</float_array><technique_common><accessor source="#hpl_mixamorigwLeftLeg-trans-array" count="32" stride="3" /></technique_common></source>
      <source id="hpl_mixamorigwLeftLeg-rotz"><float_array id="hpl_mixamorigwLeftLeg-rotz-array" count="32">-2.2138 -2.43566 -2.64988 -2.8475 -3.05069 -3.18303 -3.40572 -3.57298 -3.6752 -3.80557 -3.90622 -4.00019 -4.07318 -4.1204 -4.1099 -4.0616 -3.98019 -3.85465 -3.68021 -3.45939 -3.19832 -2.91428 -2.6271 -2.33723 -2.06614 -1.80873 -1.59867 -1.44026 -1.30159 -1.18623 -1.08611 -1.01327</float_array><technique_common><accessor source="#hpl_mixamorigwLeftLeg-rotz-array" count="32" stride="1" /></technique_common></source>
      <source id="hpl_mixamorigwLeftLeg-roty"><float_array id="hpl_mixamorigwLeftLeg-roty-array" count="32">9.68653 9.54002 9.37075 9.18708 8.97957 8.81105 8.52289 8.25312 8.02593 7.71191 7.37785 7.01984 6.62346 6.22605 5.84787 5.46559 5.07378 4.67393 4.27018 3.90593 3.59529 3.32037 3.08083 2.88952 2.73725 2.62108 2.54196 2.51373 2.48534 2.46042 2.44193 2.41761</float_array><technique_common><accessor source="#hpl_mixamorigwLeftLeg-roty-array" count="32" stride="1" /></technique_common></source>
      <source id="hpl_mixamorigwLeftLeg-rotx"><float_array id="hpl_mixamorigwLeftLeg-rotx-array" count="32">145.363 142.108 138.664 135.099 131.349 127.449 123.287 119.002 114.572 109.955 105.291 100.398 95.3174 89.7597 84.5102 79.0735 73.371 67.3261 60.9547 54.6541 48.6207 42.8769 37.4864 32.4192 27.9885 24.2025 21.1886 19.1071 17.2331 15.6884 14.2821 13.2265</float_array><technique_common><accessor source="#hpl_mixamorigwLeftLeg-rotx-array" count="32" stride="1" /></technique_common></source>
      <sampler id="hpl_mixamorigwLeftLeg-trans-sampler"><input semantic="INPUT" source="#hpl_mixamorigwLeftLeg-time" /><input semantic="OUTPUT" source="#hpl_mixamorigwLeftLeg-trans" /></sampler><channel source="#hpl_mixamorigwLeftLeg-trans-sampler" target="mixamorigwLeftLeg/translate" />
      <sampler id="hpl_mixamorigwLeftLeg-rotz-sampler"><input semantic="INPUT" source="#hpl_mixamorigwLeftLeg-time" /><input semantic="OUTPUT" source="#hpl_mixamorigwLeftLeg-rotz" /></sampler><channel source="#hpl_mixamorigwLeftLeg-rotz-sampler" target="mixamorigwLeftLeg/rotateZ.ANGLE" />
      <sampler id="hpl_mixamorigwLeftLeg-roty-sampler"><input semantic="INPUT" source="#hpl_mixamorigwLeftLeg-time" /><input semantic="OUTPUT" source="#hpl_mixamorigwLeftLeg-roty" /></sampler><channel source="#hpl_mixamorigwLeftLeg-roty-sampler" target="mixamorigwLeftLeg/rotateY.ANGLE" />
      <sampler id="hpl_mixamorigwLeftLeg-rotx-sampler"><input semantic="INPUT" source="#hpl_mixamorigwLeftLeg-time" /><input semantic="OUTPUT" source="#hpl_mixamorigwLeftLeg-rotx" /></sampler><channel source="#hpl_mixamorigwLeftLeg-rotx-sampler" target="mixamorigwLeftLeg/rotateX.ANGLE" />
    </animation>
    <animation id="hpl_mixamorigwLeftFoot">
      <source id="hpl_mixamorigwLeftFoot-time"><float_array id="hpl_mixamorigwLeftFoot-time-array" count="32">0 1 2 3 4 5 6 7 8 9 10 11 12 13 14 15 16 17 18 19 20 21 22 23 24 25 26 27 28 29 30 31</float_array><technique_common><accessor source="#hpl_mixamorigwLeftFoot-time-array" count="32" stride="1" /></technique_common></source>
      <source id="hpl_mixamorigwLeftFoot-trans"><float_array id="hpl_mixamorigwLeftFoot-trans-array" count="96">-1.80763e-07 0.371859 4.86242e-08 -1.80763e-07 0.371859 4.86242e-08 -1.80763e-07 0.371859 4.86242e-08 -1.80763e-07 0.371859 4.86242e-08 -1.80763e-07 0.371859 4.86242e-08 -1.80763e-07 0.371859 4.86242e-08 -1.80763e-07 0.371859 4.86242e-08 -1.80763e-07 0.371859 4.86242e-08 -1.80763e-07 0.371859 4.86242e-08 -1.80763e-07 0.371859 4.86242e-08 -1.80763e-07 0.371859 4.86242e-08 -1.80763e-07 0.371859 4.86242e-08 -1.80763e-07 0.371859 4.86242e-08 -1.80763e-07 0.371859 4.86242e-08 -1.80763e-07 0.371859 4.86242e-08 -1.80763e-07 0.371859 4.86242e-08 -1.80763e-07 0.371859 4.86242e-08 -1.80763e-07 0.371859 4.86242e-08 -1.80763e-07 0.371859 4.86242e-08 -1.80763e-07 0.371859 4.86242e-08 -1.80763e-07 0.371859 4.86242e-08 -1.80763e-07 0.371859 4.86242e-08 -1.80763e-07 0.371859 4.86242e-08 -1.80763e-07 0.371859 4.86242e-08 -1.80763e-07 0.371859 4.86242e-08 -1.80763e-07 0.371859 4.86242e-08 -1.80763e-07 0.371859 4.86242e-08 -1.80763e-07 0.371859 4.86242e-08 -1.80763e-07 0.371859 4.86242e-08 -1.80763e-07 0.371859 4.86242e-08 -1.80763e-07 0.371859 4.86242e-08 -1.80763e-07 0.371859 4.86242e-08</float_array><technique_common><accessor source="#hpl_mixamorigwLeftFoot-trans-array" count="32" stride="3" /></technique_common></source>
      <source id="hpl_mixamorigwLeftFoot-rotz"><float_array id="hpl_mixamorigwLeftFoot-rotz-array" count="32">9.8538 10.5038 11.0324 11.4769 11.7962 12.1089 12.1522 12.2167 12.2599 12.1825 12.147 12.1372 12.1266 11.9494 11.5342 11.0575 10.5141 9.95149 9.38053 8.86851 8.31239 7.73636 7.13863 6.56015 6.0862 5.72638 5.43869 5.26883 5.13897 5.06683 4.96311 4.89235</float_array><technique_common><accessor source="#hpl_mixamorigwLeftFoot-rotz-array" count="32" stride="1" /></technique_common></source>
      <source id="hpl_mixamorigwLeftFoot-roty"><float_array id="hpl_mixamorigwLeftFoot-roty-array" count="32">9.01908 7.10029 5.13729 3.24649 1.32082 -0.583691 -2.2122 -3.66417 -5.10835 -6.26066 -7.19315 -7.94574 -8.57908 -8.87853 -9.25511 -9.46975 -9.69476 -9.89633 -10.0971 -10.3232 -10.571 -10.7578 -10.8594 -10.793 -10.6288 -10.3673 -10.0097 -9.63709 -9.31003 -9.03326 -8.87685 -8.80952</float_array><technique_common><accessor source="#hpl_mixamorigwLeftFoot-roty-array" count="32" stride="1" /></technique_common></source>
      <source id="hpl_mixamorigwLeftFoot-rotx"><float_array id="hpl_mixamorigwLeftFoot-rotx-array" count="32">-97.108 -96.2162 -95.5604 -95.2997 -95.0045 -95.0151 -94.6124 -94.4453 -94.7828 -94.7129 -94.7981 -94.9002 -94.8039 -94.321 -92.693 -90.8208 -88.6757 -86.3412 -84.0331 -81.7112 -79.5801 -77.5805 -75.6227 -73.6817 -71.9299 -70.3649 -69.057 -67.9918 -67.0407 -66.2743 -65.6105 -65.1784</float_array><technique_common><accessor source="#hpl_mixamorigwLeftFoot-rotx-array" count="32" stride="1" /></technique_common></source>
      <sampler id="hpl_mixamorigwLeftFoot-trans-sampler"><input semantic="INPUT" source="#hpl_mixamorigwLeftFoot-time" /><input semantic="OUTPUT" source="#hpl_mixamorigwLeftFoot-trans" /></sampler><channel source="#hpl_mixamorigwLeftFoot-trans-sampler" target="mixamorigwLeftFoot/translate" />
      <sampler id="hpl_mixamorigwLeftFoot-rotz-sampler"><input semantic="INPUT" source="#hpl_mixamorigwLeftFoot-time" /><input semantic="OUTPUT" source="#hpl_mixamorigwLeftFoot-rotz" /></sampler><channel source="#hpl_mixamorigwLeftFoot-rotz-sampler" target="mixamorigwLeftFoot/rotateZ.ANGLE" />
      <sampler id="hpl_mixamorigwLeftFoot-roty-sampler"><input semantic="INPUT" source="#hpl_mixamorigwLeftFoot-time" /><input semantic="OUTPUT" source="#hpl_mixamorigwLeftFoot-roty" /></sampler><channel source="#hpl_mixamorigwLeftFoot-roty-sampler" target="mixamorigwLeftFoot/rotateY.ANGLE" />
      <sampler id="hpl_mixamorigwLeftFoot-rotx-sampler"><input semantic="INPUT" source="#hpl_mixamorigwLeftFoot-time" /><input semantic="OUTPUT" source="#hpl_mixamorigwLeftFoot-rotx" /></sampler><channel source="#hpl_mixamorigwLeftFoot-rotx-sampler" target="mixamorigwLeftFoot/rotateX.ANGLE" />
    </animation>
    <animation id="hpl_mixamorigwLeftToeBase">
      <source id="hpl_mixamorigwLeftToeBase-time"><float_array id="hpl_mixamorigwLeftToeBase-time-array" count="32">0 1 2 3 4 5 6 7 8 9 10 11 12 13 14 15 16 17 18 19 20 21 22 23 24 25 26 27 28 29 30 31</float_array><technique_common><accessor source="#hpl_mixamorigwLeftToeBase-time-array" count="32" stride="1" /></technique_common></source>
      <source id="hpl_mixamorigwLeftToeBase-trans"><float_array id="hpl_mixamorigwLeftToeBase-trans-array" count="96">-2.3928e-07 0.161697 -1.12278e-08 -2.3928e-07 0.161697 -1.12278e-08 -2.3928e-07 0.161697 -1.12278e-08 -2.3928e-07 0.161697 -1.12278e-08 -2.3928e-07 0.161697 -1.12278e-08 -2.3928e-07 0.161697 -1.12278e-08 -2.3928e-07 0.161697 -1.12278e-08 -2.3928e-07 0.161697 -1.12278e-08 -2.3928e-07 0.161697 -1.12278e-08 -2.3928e-07 0.161697 -1.12278e-08 -2.3928e-07 0.161697 -1.12278e-08 -2.3928e-07 0.161697 -1.12278e-08 -2.3928e-07 0.161697 -1.12278e-08 -2.3928e-07 0.161697 -1.12278e-08 -2.3928e-07 0.161697 -1.12278e-08 -2.3928e-07 0.161697 -1.12278e-08 -2.3928e-07 0.161697 -1.12278e-08 -2.3928e-07 0.161697 -1.12278e-08 -2.3928e-07 0.161697 -1.12278e-08 -2.3928e-07 0.161697 -1.12278e-08 -2.3928e-07 0.161697 -1.12278e-08 -2.3928e-07 0.161697 -1.12278e-08 -2.3928e-07 0.161697 -1.12278e-08 -2.3928e-07 0.161697 -1.12278e-08 -2.3928e-07 0.161697 -1.12278e-08 -2.3928e-07 0.161697 -1.12278e-08 -2.3928e-07 0.161697 -1.12278e-08 -2.3928e-07 0.161697 -1.12278e-08 -2.3928e-07 0.161697 -1.12278e-08 -2.3928e-07 0.161697 -1.12278e-08 -2.3928e-07 0.161697 -1.12278e-08 -2.3928e-07 0.161697 -1.12278e-08</float_array><technique_common><accessor source="#hpl_mixamorigwLeftToeBase-trans-array" count="32" stride="3" /></technique_common></source>
      <source id="hpl_mixamorigwLeftToeBase-rotz"><float_array id="hpl_mixamorigwLeftToeBase-rotz-array" count="32">1.75068 1.70392 1.65978 1.59815 1.53395 1.47622 1.41511 1.36804 1.332 1.26789 1.21173 1.15586 1.08338 0.996973 0.962437 0.927808 0.880904 0.836717 0.815653 0.794474 0.777951 0.771232 0.770804 0.757602 0.74519 0.737501 0.717542 0.705988 0.69882 0.694278 0.688431 0.697553</float_array><technique_common><accessor source="#hpl_mixamorigwLeftToeBase-rotz-array" count="32" stride="1" /></technique_common></source>
      <source id="hpl_mixamorigwLeftToeBase-roty"><float_array id="hpl_mixamorigwLeftToeBase-roty-array" count="32">-0.791599 -0.750343 -0.70331 -0.656955 -0.593484 -0.568621 -0.459432 -0.408073 -0.38759 -0.308242 -0.226629 -0.138834 -0.0510671 -0.0138317 0.0448695 0.0931469 0.130999 0.157357 0.188129 0.212911 0.236511 0.261449 0.283465 0.289947 0.296075 0.305023 0.300308 0.298468 0.296764 0.290644 0.279177 0.275663</float_array><technique_common><accessor source="#hpl_mixamorigwLeftToeBase-roty-array" count="32" stride="1" /></technique_common></source>
      <source id="hpl_mixamorigwLeftToeBase-rotx"><float_array id="hpl_mixamorigwLeftToeBase-rotx-array" count="32">-51.8147 -51.0762 -50.3621 -49.5589 -48.6449 -48.0136 -46.807 -46.0477 -45.534 -44.5472 -43.5842 -42.5777 -41.4385 -40.4386 -39.7228 -39.1341 -38.5772 -38.1581 -37.8426 -37.5847 -37.3581 -37.1665 -36.9997 -36.853 -36.7139 -36.5871 -36.5077 -36.4619 -36.4216 -36.4081 -36.4199 -36.4483</float_array><technique_common><accessor source="#hpl_mixamorigwLeftToeBase-rotx-array" count="32" stride="1" /></technique_common></source>
      <sampler id="hpl_mixamorigwLeftToeBase-trans-sampler"><input semantic="INPUT" source="#hpl_mixamorigwLeftToeBase-time" /><input semantic="OUTPUT" source="#hpl_mixamorigwLeftToeBase-trans" /></sampler><channel source="#hpl_mixamorigwLeftToeBase-trans-sampler" target="mixamorigwLeftToeBase/translate" />
      <sampler id="hpl_mixamorigwLeftToeBase-rotz-sampler"><input semantic="INPUT" source="#hpl_mixamorigwLeftToeBase-time" /><input semantic="OUTPUT" source="#hpl_mixamorigwLeftToeBase-rotz" /></sampler><channel source="#hpl_mixamorigwLeftToeBase-rotz-sampler" target="mixamorigwLeftToeBase/rotateZ.ANGLE" />
      <sampler id="hpl_mixamorigwLeftToeBase-roty-sampler"><input semantic="INPUT" source="#hpl_mixamorigwLeftToeBase-time" /><input semantic="OUTPUT" source="#hpl_mixamorigwLeftToeBase-roty" /></sampler><channel source="#hpl_mixamorigwLeftToeBase-roty-sampler" target="mixamorigwLeftToeBase/rotateY.ANGLE" />
      <sampler id="hpl_mixamorigwLeftToeBase-rotx-sampler"><input semantic="INPUT" source="#hpl_mixamorigwLeftToeBase-time" /><input semantic="OUTPUT" source="#hpl_mixamorigwLeftToeBase-rotx" /></sampler><channel source="#hpl_mixamorigwLeftToeBase-rotx-sampler" target="mixamorigwLeftToeBase/rotateX.ANGLE" />
    </animation>
    <animation id="hpl_mixamorigwRightUpLeg">
      <source id="hpl_mixamorigwRightUpLeg-time"><float_array id="hpl_mixamorigwRightUpLeg-time-array" count="32">0 1 2 3 4 5 6 7 8 9 10 11 12 13 14 15 16 17 18 19 20 21 22 23 24 25 26 27 28 29 30 31</float_array><technique_common><accessor source="#hpl_mixamorigwRightUpLeg-time-array" count="32" stride="1" /></technique_common></source>
      <source id="hpl_mixamorigwRightUpLeg-trans"><float_array id="hpl_mixamorigwRightUpLeg-trans-array" count="96">0.0647649 -0.0634253 -0.0977589 0.0647649 -0.0634253 -0.0977589 0.0647649 -0.0634253 -0.0977589 0.0647649 -0.0634253 -0.0977589 0.0647649 -0.0634253 -0.0977589 0.0647649 -0.0634253 -0.0977589 0.0647649 -0.0634253 -0.0977589 0.0647649 -0.0634253 -0.0977589 0.0647649 -0.0634253 -0.0977589 0.0647649 -0.0634253 -0.0977589 0.0647649 -0.0634253 -0.0977589 0.0647649 -0.0634253 -0.0977589 0.0647649 -0.0634253 -0.0977589 0.0647649 -0.0634253 -0.0977589 0.0647649 -0.0634253 -0.0977589 0.0647649 -0.0634253 -0.0977589 0.0647649 -0.0634253 -0.0977589 0.0647649 -0.0634253 -0.0977589 0.0647649 -0.0634253 -0.0977589 0.0647649 -0.0634253 -0.0977589 0.0647649 -0.0634253 -0.0977589 0.0647649 -0.0634253 -0.0977589 0.0647649 -0.0634253 -0.0977589 0.0647649 -0.0634253 -0.0977589 0.0647649 -0.0634253 -0.0977589 0.0647649 -0.0634253 -0.0977589 0.0647649 -0.0634253 -0.0977589 0.0647649 -0.0634253 -0.0977589 0.0647649 -0.0634253 -0.0977589 0.0647649 -0.0634253 -0.0977589 0.0647649 -0.0634253 -0.0977589 0.0647649 -0.0634253 -0.0977589</float_array><technique_common><accessor source="#hpl_mixamorigwRightUpLeg-trans-array" count="32" stride="3" /></technique_common></source>
      <source id="hpl_mixamorigwRightUpLeg-rotz"><float_array id="hpl_mixamorigwRightUpLeg-rotz-array" count="32">103.035 103.842 104.491 105.022 105.424 105.609 105.741 105.568 105.16 104.706 104.047 103.238 102.292 101.251 100.092 99.0417 98.0582 97.1213 96.2693 95.6791 95.309 95.1168 94.9847 94.7917 94.4708 94.058 93.5977 93.1772 92.7756 92.4095 92.0293 91.7141</float_array><technique_common><accessor source="#hpl_mixamorigwRightUpLeg-rotz-array" count="32" stride="1" /></technique_common></source>
      <source id="hpl_mixamorigwRightUpLeg-roty"><float_array id="hpl_mixamorigwRightUpLeg-roty-array" count="32">-26.9009 -27.0696 -27.0638 -26.982 -26.8638 -26.6138 -26.477 -26.306 -26.0061 -25.8751 -25.8146 -25.8709 -25.996 -26.0615 -26.1104 -26.1373 -25.9995 -25.761 -25.3406 -24.807 -24.1318 -23.4249 -22.6964 -22.0022 -21.405 -20.914 -20.5117 -20.1876 -19.9282 -19.7084 -19.4885 -19.2855</float_array><technique_common><accessor source="#hpl_mixamorigwRightUpLeg-roty-array" count="32" stride="1" /></technique_common></source>
      <source id="hpl_mixamorigwRightUpLeg-rotx"><float_array id="hpl_mixamorigwRightUpLeg-rotx-array" count="32">161.668 161.491 161.591 162.061 162.908 164.358 166.058 168.434 171.195 174.026 177.201 180.586 184.193 188.08 192.008 195.874 199.828 204.005 208.437 212.667 216.468 219.884 222.938 225.721 228.045 229.994 231.644 232.977 234.268 235.466 236.705 237.857</float_array><technique_common><accessor source="#hpl_mixamorigwRightUpLeg-rotx-array" count="32" stride="1" /></technique_common></source>
      <sampler id="hpl_mixamorigwRightUpLeg-trans-sampler"><input semantic="INPUT" source="#hpl_mixamorigwRightUpLeg-time" /><input semantic="OUTPUT" source="#hpl_mixamorigwRightUpLeg-trans" /></sampler><channel source="#hpl_mixamorigwRightUpLeg-trans-sampler" target="mixamorigwRightUpLeg/translate" />
      <sampler id="hpl_mixamorigwRightUpLeg-rotz-sampler"><input semantic="INPUT" source="#hpl_mixamorigwRightUpLeg-time" /><input semantic="OUTPUT" source="#hpl_mixamorigwRightUpLeg-rotz" /></sampler><channel source="#hpl_mixamorigwRightUpLeg-rotz-sampler" target="mixamorigwRightUpLeg/rotateZ.ANGLE" />
      <sampler id="hpl_mixamorigwRightUpLeg-roty-sampler"><input semantic="INPUT" source="#hpl_mixamorigwRightUpLeg-time" /><input semantic="OUTPUT" source="#hpl_mixamorigwRightUpLeg-roty" /></sampler><channel source="#hpl_mixamorigwRightUpLeg-roty-sampler" target="mixamorigwRightUpLeg/rotateY.ANGLE" />
      <sampler id="hpl_mixamorigwRightUpLeg-rotx-sampler"><input semantic="INPUT" source="#hpl_mixamorigwRightUpLeg-time" /><input semantic="OUTPUT" source="#hpl_mixamorigwRightUpLeg-rotx" /></sampler><channel source="#hpl_mixamorigwRightUpLeg-rotx-sampler" target="mixamorigwRightUpLeg/rotateX.ANGLE" />
    </animation>
    <animation id="hpl_mixamorigwRightLeg">
      <source id="hpl_mixamorigwRightLeg-time"><float_array id="hpl_mixamorigwRightLeg-time-array" count="32">0 1 2 3 4 5 6 7 8 9 10 11 12 13 14 15 16 17 18 19 20 21 22 23 24 25 26 27 28 29 30 31</float_array><technique_common><accessor source="#hpl_mixamorigwRightLeg-time-array" count="32" stride="1" /></technique_common></source>
      <source id="hpl_mixamorigwRightLeg-trans"><float_array id="hpl_mixamorigwRightLeg-trans-array" count="96">-8.33343e-08 0.359357 -8.39022e-08 -8.33343e-08 0.359357 -8.39022e-08 -8.33343e-08 0.359357 -8.39022e-08 -8.33343e-08 0.359357 -8.39022e-08 -8.33343e-08 0.359357 -8.39022e-08 -8.33343e-08 0.359357 -8.39022e-08 -8.33343e-08 0.359357 -8.39022e-08 -8.33343e-08 0.359357 -8.39022e-08 -8.33343e-08 0.359357 -8.39022e-08 -8.33343e-08 0.359357 -8.39022e-08 -8.33343e-08 0.359357 -8.39022e-08 -8.33343e-08 0.359357 -8.39022e-08 -8.33343e-08 0.359357 -8.39022e-08 -8.33343e-08 0.359357 -8.39022e-08 -8.33343e-08 0.359357 -8.39022e-08 -8.33343e-08 0.359357 -8.39022e-08 -8.33343e-08 0.359357 -8.39022e-08 -8.33343e-08 0.359357 -8.39022e-08 -8.33343e-08 0.359357 -8.39022e-08 -8.33343e-08 0.359357 -8.39022e-08 -8.33343e-08 0.359357 -8.39022e-08 -8.33343e-08 0.359357 -8.39022e-08 -8.33343e-08 0.359357 -8.39022e-08 -8.33343e-08 0.359357 -8.39022e-08 -8.33343e-08 0.359357 -8.39022e-08 -8.33343e-08 0.359357 -8.39022e-08 -8.33343e-08 0.359357 -8.39022e-08 -8.33343e-08 0.359357 -8.39022e-08 -8.33343e-08 0.359357 -8.39022e-08 -8.33343e-08 0.359357 -8.39022e-08 -8.33343e-08 0.359357 -8.39022e-08 -8.33343e-08 0.359357 -8.39022e-08</float_array><technique_common><accessor source="#hpl_mixamorigwRightLeg-trans-array" count="32" stride="3" /></technique_common></source>
      <source id="hpl_mixamorigwRightLeg-rotz"><float_array id="hpl_mixamorigwRightLeg-rotz-array" count="32">2.81341 2.91468 3.01753 3.10252 3.16901 3.26739 3.31201 3.38012 3.47255 3.53156 3.571 3.58781 3.56939 3.57874 3.50719 3.39821 3.26561 3.08664 2.85205 2.58853 2.34206 2.09105 1.86204 1.64627 1.45319 1.28602 1.13841 1.01821 0.899705 0.803911 0.70884 0.636046</float_array><technique_common><accessor source="#hpl_mixamorigwRightLeg-rotz-array" count="32" stride="1" /></technique_common></source>
      <source id="hpl_mixamorigwRightLeg-roty"><float_array id="hpl_mixamorigwRightLeg-roty-array" count="32">-9.49348 -9.34456 -9.17712 -9.02339 -8.85651 -8.66395 -8.45657 -8.21267 -7.93659 -7.67102 -7.39827 -7.12583 -6.85901 -6.47426 -6.16469 -5.86598 -5.56016 -5.26642 -5.00227 -4.75935 -4.54592 -4.37718 -4.20451 -4.04448 -3.9226 -3.83989 -3.77064 -3.68929 -3.64852 -3.6082 -3.58467 -3.5607</float_array><technique_common><accessor source="#hpl_mixamorigwRightLeg-roty-array" count="32" stride="1" /></technique_common></source>
      <source id="hpl_mixamorigwRightLeg-rotx"><float_array id="hpl_mixamorigwRightLeg-rotx-array" count="32">140.158 136.969 133.573 130.093 126.358 122.363 118.302 113.817 109.305 104.883 100.438 95.9317 91.2902 86.2099 80.9672 75.536 69.7598 63.5594 56.9465 50.3916 44.4071 38.7951 33.5718 28.7343 24.7034 21.4269 18.8262 16.854 15.0566 13.5549 12.0666 10.8199</float_array><technique_common><accessor source="#hpl_mixamorigwRightLeg-rotx-array" count="32" stride="1" /></technique_common></source>
      <sampler id="hpl_mixamorigwRightLeg-trans-sampler"><input semantic="INPUT" source="#hpl_mixamorigwRightLeg-time" /><input semantic="OUTPUT" source="#hpl_mixamorigwRightLeg-trans" /></sampler><channel source="#hpl_mixamorigwRightLeg-trans-sampler" target="mixamorigwRightLeg/translate" />
      <sampler id="hpl_mixamorigwRightLeg-rotz-sampler"><input semantic="INPUT" source="#hpl_mixamorigwRightLeg-time" /><input semantic="OUTPUT" source="#hpl_mixamorigwRightLeg-rotz" /></sampler><channel source="#hpl_mixamorigwRightLeg-rotz-sampler" target="mixamorigwRightLeg/rotateZ.ANGLE" />
      <sampler id="hpl_mixamorigwRightLeg-roty-sampler"><input semantic="INPUT" source="#hpl_mixamorigwRightLeg-time" /><input semantic="OUTPUT" source="#hpl_mixamorigwRightLeg-roty" /></sampler><channel source="#hpl_mixamorigwRightLeg-roty-sampler" target="mixamorigwRightLeg/rotateY.ANGLE" />
      <sampler id="hpl_mixamorigwRightLeg-rotx-sampler"><input semantic="INPUT" source="#hpl_mixamorigwRightLeg-time" /><input semantic="OUTPUT" source="#hpl_mixamorigwRightLeg-rotx" /></sampler><channel source="#hpl_mixamorigwRightLeg-rotx-sampler" target="mixamorigwRightLeg/rotateX.ANGLE" />
    </animation>
    <animation id="hpl_mixamorigwRightFoot">
      <source id="hpl_mixamorigwRightFoot-time"><float_array id="hpl_mixamorigwRightFoot-time-array" count="32">0 1 2 3 4 5 6 7 8 9 10 11 12 13 14 15 16 17 18 19 20 21 22 23 24 25 26 27 28 29 30 31</float_array><technique_common><accessor source="#hpl_mixamorigwRightFoot-time-array" count="32" stride="1" /></technique_common></source>
      <source id="hpl_mixamorigwRightFoot-trans"><float_array id="hpl_mixamorigwRightFoot-trans-array" count="96">7.14394e-08 0.37578 -3.17249e-07 7.14394e-08 0.37578 -3.17249e-07 7.14394e-08 0.37578 -3.17249e-07 7.14394e-08 0.37578 -3.17249e-07 7.14394e-08 0.37578 -3.17249e-07 7.14394e-08 0.37578 -3.17249e-07 7.14394e-08 0.37578 -3.17249e-07 7.14394e-08 0.37578 -3.17249e-07 7.14394e-08 0.37578 -3.17249e-07 7.14394e-08 0.37578 -3.17249e-07 7.14394e-08 0.37578 -3.17249e-07 7.14394e-08 0.37578 -3.17249e-07 7.14394e-08 0.37578 -3.17249e-07 7.14394e-08 0.37578 -3.17249e-07 7.14394e-08 0.37578 -3.17249e-07 7.14394e-08 0.37578 -3.17249e-07 7.14394e-08 0.37578 -3.17249e-07 7.14394e-08 0.37578 -3.17249e-07 7.14394e-08 0.37578 -3.17249e-07 7.14394e-08 0.37578 -3.17249e-07 7.14394e-08 0.37578 -3.17249e-07 7.14394e-08 0.37578 -3.17249e-07 7.14394e-08 0.37578 -3.17249e-07 7.14394e-08 0.37578 -3.17249e-07 7.14394e-08 0.37578 -3.17249e-07 7.14394e-08 0.37578 -3.17249e-07 7.14394e-08 0.37578 -3.17249e-07 7.14394e-08 0.37578 -3.17249e-07 7.14394e-08 0.37578 -3.17249e-07 7.14394e-08 0.37578 -3.17249e-07 7.14394e-08 0.37578 -3.17249e-07 7.14394e-08 0.37578 -3.17249e-07</float_array><technique_common><accessor source="#hpl_mixamorigwRightFoot-trans-array" count="32" stride="3" /></technique_common></source>
      <source id="hpl_mixamorigwRightFoot-rotz"><float_array id="hpl_mixamorigwRightFoot-rotz-array" count="32">-10.3409 -10.56 -10.7514 -10.8937 -11.0062 -11.0568 -11.0315 -11.1036 -11.1723 -11.0663 -10.9325 -10.7208 -10.4339 -10.116 -9.68853 -9.20151 -8.72004 -8.2189 -7.72439 -7.18362 -6.70006 -6.27885 -5.89605 -5.46559 -5.06583 -4.72833 -4.48371 -4.33218 -4.18875 -4.08983 -4.04153 -4.01241</float_array><technique_common><accessor source="#hpl_mixamorigwRightFoot-rotz-array" count="32" stride="1" /></technique_common></source>
      <source id="hpl_mixamorigwRightFoot-roty"><float_array id="hpl_mixamorigwRightFoot-roty-array" count="32">-1.27506 -0.354858 0.439486 1.12875 1.82904 2.45399 2.85301 3.31141 3.94037 4.40113 4.6588 4.89918 5.13158 5.20836 5.4142 5.83502 6.26934 6.69479 7.08397 7.56946 8.01484 8.49668 8.92792 9.2815 9.48845 9.50338 9.40591 9.26165 9.12832 8.95585 8.77095 8.64005</float_array><technique_common><accessor source="#hpl_mixamorigwRightFoot-roty-array" count="32" stride="1" /></technique_common></source>
      <source id="hpl_mixamorigwRightFoot-rotx"><float_array id="hpl_mixamorigwRightFoot-rotx-array" count="32">-103.856 -102.461 -101.241 -100.236 -99.4547 -99.3966 -98.2734 -98.3225 -98.6122 -97.8784 -97.3687 -96.6297 -95.6928 -94.338 -92.8297 -91.0829 -89.0564 -86.7981 -84.4239 -81.9178 -79.2404 -76.6484 -74.207 -71.9102 -69.9451 -68.3095 -67.014 -65.9903 -65.0646 -64.3214 -63.6372 -63.1209</float_array><technique_common><accessor source="#hpl_mixamorigwRightFoot-rotx-array" count="32" stride="1" /></technique_common></source>
      <sampler id="hpl_mixamorigwRightFoot-trans-sampler"><input semantic="INPUT" source="#hpl_mixamorigwRightFoot-time" /><input semantic="OUTPUT" source="#hpl_mixamorigwRightFoot-trans" /></sampler><channel source="#hpl_mixamorigwRightFoot-trans-sampler" target="mixamorigwRightFoot/translate" />
      <sampler id="hpl_mixamorigwRightFoot-rotz-sampler"><input semantic="INPUT" source="#hpl_mixamorigwRightFoot-time" /><input semantic="OUTPUT" source="#hpl_mixamorigwRightFoot-rotz" /></sampler><channel source="#hpl_mixamorigwRightFoot-rotz-sampler" target="mixamorigwRightFoot/rotateZ.ANGLE" />
      <sampler id="hpl_mixamorigwRightFoot-roty-sampler"><input semantic="INPUT" source="#hpl_mixamorigwRightFoot-time" /><input semantic="OUTPUT" source="#hpl_mixamorigwRightFoot-roty" /></sampler><channel source="#hpl_mixamorigwRightFoot-roty-sampler" target="mixamorigwRightFoot/rotateY.ANGLE" />
      <sampler id="hpl_mixamorigwRightFoot-rotx-sampler"><input semantic="INPUT" source="#hpl_mixamorigwRightFoot-time" /><input semantic="OUTPUT" source="#hpl_mixamorigwRightFoot-rotx" /></sampler><channel source="#hpl_mixamorigwRightFoot-rotx-sampler" target="mixamorigwRightFoot/rotateX.ANGLE" />
    </animation>
    <animation id="hpl_mixamorigwRightToeBase">
      <source id="hpl_mixamorigwRightToeBase-time"><float_array id="hpl_mixamorigwRightToeBase-time-array" count="32">0 1 2 3 4 5 6 7 8 9 10 11 12 13 14 15 16 17 18 19 20 21 22 23 24 25 26 27 28 29 30 31</float_array><technique_common><accessor source="#hpl_mixamorigwRightToeBase-time-array" count="32" stride="1" /></technique_common></source>
      <source id="hpl_mixamorigwRightToeBase-trans"><float_array id="hpl_mixamorigwRightToeBase-trans-array" count="96">-1.99614e-07 0.162229 6.56946e-08 -1.99614e-07 0.162229 6.56946e-08 -1.99614e-07 0.162229 6.56946e-08 -1.99614e-07 0.162229 6.56946e-08 -1.99614e-07 0.162229 6.56946e-08 -1.99614e-07 0.162229 6.56946e-08 -1.99614e-07 0.162229 6.56946e-08 -1.99614e-07 0.162229 6.56946e-08 -1.99614e-07 0.162229 6.56946e-08 -1.99614e-07 0.162229 6.56946e-08 -1.99614e-07 0.162229 6.56946e-08 -1.99614e-07 0.162229 6.56946e-08 -1.99614e-07 0.162229 6.56946e-08 -1.99614e-07 0.162229 6.56946e-08 -1.99614e-07 0.162229 6.56946e-08 -1.99614e-07 0.162229 6.56946e-08 -1.99614e-07 0.162229 6.56946e-08 -1.99614e-07 0.162229 6.56946e-08 -1.99614e-07 0.162229 6.56946e-08 -1.99614e-07 0.162229 6.56946e-08 -1.99614e-07 0.162229 6.56946e-08 -1.99614e-07 0.162229 6.56946e-08 -1.99614e-07 0.162229 6.56946e-08 -1.99614e-07 0.162229 6.56946e-08 -1.99614e-07 0.162229 6.56946e-08 -1.99614e-07 0.162229 6.56946e-08 -1.99614e-07 0.162229 6.56946e-08 -1.99614e-07 0.162229 6.56946e-08 -1.99614e-07 0.162229 6.56946e-08 -1.99614e-07 0.162229 6.56946e-08 -1.99614e-07 0.162229 6.56946e-08 -1.99614e-07 0.162229 6.56946e-08</float_array><technique_common><accessor source="#hpl_mixamorigwRightToeBase-trans-array" count="32" stride="3" /></technique_common></source>
      <source id="hpl_mixamorigwRightToeBase-rotz"><float_array id="hpl_mixamorigwRightToeBase-rotz-array" count="32">-0.695735 -0.640772 -0.593775 -0.531607 -0.463513 -0.472406 -0.385021 -0.313232 -0.289107 -0.253943 -0.222292 -0.190755 -0.178869 -0.149339 -0.145453 -0.127013 -0.108498 -0.0983779 -0.0669011 -0.0479667 -0.0248181 -0.00707381 -0.0105906 -0.0107653 -0.0135084 -0.00953417 -0.00333397 0.000359335 -0.00315531 -0.00419847 0.00425646 0.0103484</float_array><technique_common><accessor source="#hpl_mixamorigwRightToeBase-rotz-array" count="32" stride="1" /></technique_common></source>
      <source id="hpl_mixamorigwRightToeBase-roty"><float_array id="hpl_mixamorigwRightToeBase-roty-array" count="32">2.45557 2.39746 2.33651 2.26029 2.16288 2.19246 2.0295 1.91286 1.92208 1.85732 1.79548 1.74901 1.71235 1.68277 1.64778 1.6094 1.57068 1.52306 1.49837 1.46592 1.44394 1.42487 1.39728 1.38287 1.37016 1.3566 1.33767 1.31108 1.28072 1.26115 1.26221 1.2666</float_array><technique_common><accessor source="#hpl_mixamorigwRightToeBase-roty-array" count="32" stride="1" /></technique_common></source>
      <source id="hpl_mixamorigwRightToeBase-rotx"><float_array id="hpl_mixamorigwRightToeBase-rotx-array" count="32">-45.6645 -45.194 -44.7117 -44.0975 -43.3717 -43.5112 -42.441 -41.6246 -41.4695 -41.0034 -40.5919 -40.2553 -40.0335 -39.818 -39.6178 -39.353 -39.0901 -38.8166 -38.5682 -38.326 -38.1153 -37.9301 -37.7803 -37.6771 -37.5961 -37.4876 -37.3337 -37.1721 -37.0226 -36.9142 -36.8746 -36.8624</float_array><technique_common><accessor source="#hpl_mixamorigwRightToeBase-rotx-array" count="32" stride="1" /></technique_common></source>
      <sampler id="hpl_mixamorigwRightToeBase-trans-sampler"><input semantic="INPUT" source="#hpl_mixamorigwRightToeBase-time" /><input semantic="OUTPUT" source="#hpl_mixamorigwRightToeBase-trans" /></sampler><channel source="#hpl_mixamorigwRightToeBase-trans-sampler" target="mixamorigwRightToeBase/translate" />
      <sampler id="hpl_mixamorigwRightToeBase-rotz-sampler"><input semantic="INPUT" source="#hpl_mixamorigwRightToeBase-time" /><input semantic="OUTPUT" source="#hpl_mixamorigwRightToeBase-rotz" /></sampler><channel source="#hpl_mixamorigwRightToeBase-rotz-sampler" target="mixamorigwRightToeBase/rotateZ.ANGLE" />
      <sampler id="hpl_mixamorigwRightToeBase-roty-sampler"><input semantic="INPUT" source="#hpl_mixamorigwRightToeBase-time" /><input semantic="OUTPUT" source="#hpl_mixamorigwRightToeBase-roty" /></sampler><channel source="#hpl_mixamorigwRightToeBase-roty-sampler" target="mixamorigwRightToeBase/rotateY.ANGLE" />
      <sampler id="hpl_mixamorigwRightToeBase-rotx-sampler"><input semantic="INPUT" source="#hpl_mixamorigwRightToeBase-time" /><input semantic="OUTPUT" source="#hpl_mixamorigwRightToeBase-rotx" /></sampler><channel source="#hpl_mixamorigwRightToeBase-rotx-sampler" target="mixamorigwRightToeBase/rotateX.ANGLE" />
    </animation>
    <animation id="hpl_mixamorigwSpine">
      <source id="hpl_mixamorigwSpine-time"><float_array id="hpl_mixamorigwSpine-time-array" count="32">0 1 2 3 4 5 6 7 8 9 10 11 12 13 14 15 16 17 18 19 20 21 22 23 24 25 26 27 28 29 30 31</float_array><technique_common><accessor source="#hpl_mixamorigwSpine-time-array" count="32" stride="1" /></technique_common></source>
      <source id="hpl_mixamorigwSpine-trans"><float_array id="hpl_mixamorigwSpine-trans-array" count="96">-0.0675692 -0.0488203 0.113795 -0.0675692 -0.0488203 0.113795 -0.0675692 -0.0488203 0.113795 -0.0675692 -0.0488203 0.113795 -0.0675692 -0.0488203 0.113795 -0.0675692 -0.0488203 0.113795 -0.0675692 -0.0488203 0.113795 -0.0675692 -0.0488203 0.113795 -0.0675692 -0.0488203 0.113795 -0.0675692 -0.0488203 0.113795 -0.0675692 -0.0488203 0.113795 -0.0675692 -0.0488203 0.113795 -0.0675692 -0.0488203 0.113795 -0.0675692 -0.0488203 0.113795 -0.0675692 -0.0488203 0.113795 -0.0675692 -0.0488203 0.113795 -0.0675692 -0.0488203 0.113795 -0.0675692 -0.0488203 0.113795 -0.0675692 -0.0488203 0.113795 -0.0675692 -0.0488203 0.113795 -0.0675692 -0.0488203 0.113795 -0.0675692 -0.0488203 0.113795 -0.0675692 -0.0488203 0.113795 -0.0675692 -0.0488203 0.113795 -0.0675692 -0.0488203 0.113795 -0.0675692 -0.0488203 0.113795 -0.0675692 -0.0488203 0.113795 -0.0675692 -0.0488203 0.113795 -0.0675692 -0.0488203 0.113795 -0.0675692 -0.0488203 0.113795 -0.0675692 -0.0488203 0.113795 -0.0675692 -0.0488203 0.113795</float_array><technique_common><accessor source="#hpl_mixamorigwSpine-trans-array" count="32" stride="3" /></technique_common></source>
      <source id="hpl_mixamorigwSpine-rotz"><float_array id="hpl_mixamorigwSpine-rotz-array" count="32">110.726 110.65 110.58 110.504 110.406 110.277 110.277 110.233 110.109 110.057 109.993 109.919 109.84 109.843 109.775 109.704 109.66 109.627 109.611 109.592 109.556 109.502 109.448 109.388 109.322 109.282 109.221 109.183 109.132 109.08 109.027 108.987</float_array><technique_common><accessor source="#hpl_mixamorigwSpine-rotz-array" count="32" stride="1" /></technique_common></source>
      <source id="hpl_mixamorigwSpine-roty"><float_array id="hpl_mixamorigwSpine-roty-array" count="32">-12.0511 -11.9457 -11.8351 -11.7338 -11.633 -11.4408 -11.43 -11.3702 -11.2689 -11.2741 -11.2768 -11.2965 -11.3212 -11.332 -11.3263 -11.3385 -11.3384 -11.3482 -11.3625 -11.3707 -11.3665 -11.3581 -11.3344 -11.3036 -11.2673 -11.2151 -11.197 -11.1712 -11.1562 -11.1309 -11.0875 -11.0357</float_array><technique_common><accessor source="#hpl_mixamorigwSpine-roty-array" count="32" stride="1" /></technique_common></source>
      <source id="hpl_mixamorigwSpine-rotx"><float_array id="hpl_mixamorigwSpine-rotx-array" count="32">73.5862 73.0597 72.5121 71.9699 71.4237 70.9113 70.3658 69.8301 69.3451 68.8334 68.3468 67.8648 67.4061 66.9051 66.4079 65.9124 65.4002 64.8586 64.2688 63.643 62.97 62.2547 61.5458 60.8603 60.2522 59.7339 59.3119 58.9625 58.6589 58.378 58.11 57.8701</float_array><technique_common><accessor source="#hpl_mixamorigwSpine-rotx-array" count="32" stride="1" /></technique_common></source>
      <sampler id="hpl_mixamorigwSpine-trans-sampler"><input semantic="INPUT" source="#hpl_mixamorigwSpine-time" /><input semantic="OUTPUT" source="#hpl_mixamorigwSpine-trans" /></sampler><channel source="#hpl_mixamorigwSpine-trans-sampler" target="mixamorigwSpine/translate" />
      <sampler id="hpl_mixamorigwSpine-rotz-sampler"><input semantic="INPUT" source="#hpl_mixamorigwSpine-time" /><input semantic="OUTPUT" source="#hpl_mixamorigwSpine-rotz" /></sampler><channel source="#hpl_mixamorigwSpine-rotz-sampler" target="mixamorigwSpine/rotateZ.ANGLE" />
      <sampler id="hpl_mixamorigwSpine-roty-sampler"><input semantic="INPUT" source="#hpl_mixamorigwSpine-time" /><input semantic="OUTPUT" source="#hpl_mixamorigwSpine-roty" /></sampler><channel source="#hpl_mixamorigwSpine-roty-sampler" target="mixamorigwSpine/rotateY.ANGLE" />
      <sampler id="hpl_mixamorigwSpine-rotx-sampler"><input semantic="INPUT" source="#hpl_mixamorigwSpine-time" /><input semantic="OUTPUT" source="#hpl_mixamorigwSpine-rotx" /></sampler><channel source="#hpl_mixamorigwSpine-rotx-sampler" target="mixamorigwSpine/rotateX.ANGLE" />
    </animation>
    <animation id="hpl_mixamorigwSpine1">
      <source id="hpl_mixamorigwSpine1-time"><float_array id="hpl_mixamorigwSpine1-time-array" count="32">0 1 2 3 4 5 6 7 8 9 10 11 12 13 14 15 16 17 18 19 20 21 22 23 24 25 26 27 28 29 30 31</float_array><technique_common><accessor source="#hpl_mixamorigwSpine1-time-array" count="32" stride="1" /></technique_common></source>
      <source id="hpl_mixamorigwSpine1-trans"><float_array id="hpl_mixamorigwSpine1-trans-array" count="96">1.44736e-09 0.14106 -1.23518e-07 1.44736e-09 0.14106 -1.23518e-07 1.44736e-09 0.14106 -1.23518e-07 1.44736e-09 0.14106 -1.23518e-07 1.44736e-09 0.14106 -1.23518e-07 1.44736e-09 0.14106 -1.23518e-07 1.44736e-09 0.14106 -1.23518e-07 1.44736e-09 0.14106 -1.23518e-07 1.44736e-09 0.14106 -1.23518e-07 1.44736e-09 0.14106 -1.23518e-07 1.44736e-09 0.14106 -1.23518e-07 1.44736e-09 0.14106 -1.23518e-07 1.44736e-09 0.14106 -1.23518e-07 1.44736e-09 0.14106 -1.23518e-07 1.44736e-09 0.14106 -1.23518e-07 1.44736e-09 0.14106 -1.23518e-07 1.44736e-09 0.14106 -1.23518e-07 1.44736e-09 0.14106 -1.23518e-07 1.44736e-09 0.14106 -1.23518e-07 1.44736e-09 0.14106 -1.23518e-07 1.44736e-09 0.14106 -1.23518e-07 1.44736e-09 0.14106 -1.23518e-07 1.44736e-09 0.14106 -1.23518e-07 1.44736e-09 0.14106 -1.23518e-07 1.44736e-09 0.14106 -1.23518e-07 1.44736e-09 0.14106 -1.23518e-07 1.44736e-09 0.14106 -1.23518e-07 1.44736e-09 0.14106 -1.23518e-07 1.44736e-09 0.14106 -1.23518e-07 1.44736e-09 0.14106 -1.23518e-07 1.44736e-09 0.14106 -1.23518e-07 1.44736e-09 0.14106 -1.23518e-07</float_array><technique_common><accessor source="#hpl_mixamorigwSpine1-trans-array" count="32" stride="3" /></technique_common></source>
      <source id="hpl_mixamorigwSpine1-rotz"><float_array id="hpl_mixamorigwSpine1-rotz-array" count="32">0.270673 0.207279 0.143914 0.0880267 0.0252316 -0.00188156 -0.0784849 -0.116383 -0.129469 -0.160681 -0.187915 -0.217965 -0.256567 -0.24864 -0.298707 -0.350693 -0.392609 -0.443976 -0.491611 -0.525368 -0.539984 -0.549537 -0.554411 -0.550354 -0.548691 -0.541253 -0.537593 -0.521768 -0.504886 -0.48997 -0.480981 -0.474475</float_array><technique_common><accessor source="#hpl_mixamorigwSpine1-rotz-array" count="32" stride="1" /></technique_common></source>
      <source id="hpl_mixamorigwSpine1-roty"><float_array id="hpl_mixamorigwSpine1-roty-array" count="32">1.22812 1.1029 0.987029 0.914303 0.868873 0.821788 0.780006 0.723319 0.690005 0.650562 0.614865 0.574506 0.548346 0.502643 0.507278 0.541189 0.550326 0.599777 0.648201 0.709114 0.752588 0.775817 0.76909 0.708054 0.659099 0.59309 0.574519 0.527977 0.49052 0.448052 0.397192 0.339631</float_array><technique_common><accessor source="#hpl_mixamorigwSpine1-roty-array" count="32" stride="1" /></technique_common></source>
      <source id="hpl_mixamorigwSpine1-rotx"><float_array id="hpl_mixamorigwSpine1-rotx-array" count="32">-1.76357 -2.0635 -2.35658 -2.65037 -2.95173 -3.18818 -3.56486 -3.87122 -4.12654 -4.43263 -4.70839 -4.99448 -5.25054 -5.5183 -5.80456 -6.07797 -6.37952 -6.67568 -7.00893 -7.3531 -7.71234 -8.05846 -8.41106 -8.73359 -9.00932 -9.22744 -9.40833 -9.55825 -9.6904 -9.8244 -9.9332 -10.0275</float_array><technique_common><accessor source="#hpl_mixamorigwSpine1-rotx-array" count="32" stride="1" /></technique_common></source>
      <sampler id="hpl_mixamorigwSpine1-trans-sampler"><input semantic="INPUT" source="#hpl_mixamorigwSpine1-time" /><input semantic="OUTPUT" source="#hpl_mixamorigwSpine1-trans" /></sampler><channel source="#hpl_mixamorigwSpine1-trans-sampler" target="mixamorigwSpine1/translate" />
      <sampler id="hpl_mixamorigwSpine1-rotz-sampler"><input semantic="INPUT" source="#hpl_mixamorigwSpine1-time" /><input semantic="OUTPUT" source="#hpl_mixamorigwSpine1-rotz" /></sampler><channel source="#hpl_mixamorigwSpine1-rotz-sampler" target="mixamorigwSpine1/rotateZ.ANGLE" />
      <sampler id="hpl_mixamorigwSpine1-roty-sampler"><input semantic="INPUT" source="#hpl_mixamorigwSpine1-time" /><input semantic="OUTPUT" source="#hpl_mixamorigwSpine1-roty" /></sampler><channel source="#hpl_mixamorigwSpine1-roty-sampler" target="mixamorigwSpine1/rotateY.ANGLE" />
      <sampler id="hpl_mixamorigwSpine1-rotx-sampler"><input semantic="INPUT" source="#hpl_mixamorigwSpine1-time" /><input semantic="OUTPUT" source="#hpl_mixamorigwSpine1-rotx" /></sampler><channel source="#hpl_mixamorigwSpine1-rotx-sampler" target="mixamorigwSpine1/rotateX.ANGLE" />
    </animation>
    <animation id="hpl_mixamorigwSpine2">
      <source id="hpl_mixamorigwSpine2-time"><float_array id="hpl_mixamorigwSpine2-time-array" count="32">0 1 2 3 4 5 6 7 8 9 10 11 12 13 14 15 16 17 18 19 20 21 22 23 24 25 26 27 28 29 30 31</float_array><technique_common><accessor source="#hpl_mixamorigwSpine2-time-array" count="32" stride="1" /></technique_common></source>
      <source id="hpl_mixamorigwSpine2-trans"><float_array id="hpl_mixamorigwSpine2-trans-array" count="96">-3.64405e-08 0.141065 -2.35147e-07 -3.64405e-08 0.141065 -2.35147e-07 -3.64405e-08 0.141065 -2.35147e-07 -3.64405e-08 0.141065 -2.35147e-07 -3.64405e-08 0.141065 -2.35147e-07 -3.64405e-08 0.141065 -2.35147e-07 -3.64405e-08 0.141065 -2.35147e-07 -3.64405e-08 0.141065 -2.35147e-07 -3.64405e-08 0.141065 -2.35147e-07 -3.64405e-08 0.141065 -2.35147e-07 -3.64405e-08 0.141065 -2.35147e-07 -3.64405e-08 0.141065 -2.35147e-07 -3.64405e-08 0.141065 -2.35147e-07 -3.64405e-08 0.141065 -2.35147e-07 -3.64405e-08 0.141065 -2.35147e-07 -3.64405e-08 0.141065 -2.35147e-07 -3.64405e-08 0.141065 -2.35147e-07 -3.64405e-08 0.141065 -2.35147e-07 -3.64405e-08 0.141065 -2.35147e-07 -3.64405e-08 0.141065 -2.35147e-07 -3.64405e-08 0.141065 -2.35147e-07 -3.64405e-08 0.141065 -2.35147e-07 -3.64405e-08 0.141065 -2.35147e-07 -3.64405e-08 0.141065 -2.35147e-07 -3.64405e-08 0.141065 -2.35147e-07 -3.64405e-08 0.141065 -2.35147e-07 -3.64405e-08 0.141065 -2.35147e-07 -3.64405e-08 0.141065 -2.35147e-07 -3.64405e-08 0.141065 -2.35147e-07 -3.64405e-08 0.141065 -2.35147e-07 -3.64405e-08 0.141065 -2.35147e-07 -3.64405e-08 0.141065 -2.35147e-07</float_array><technique_common><accessor source="#hpl_mixamorigwSpine2-trans-array" count="32" stride="3" /></technique_common></source>
      <source id="hpl_mixamorigwSpine2-rotz"><float_array id="hpl_mixamorigwSpine2-rotz-array" count="32">2.17548 2.07237 1.95901 1.86411 1.79571 1.76164 1.68764 1.5933 1.53361 1.46561 1.3989 1.31528 1.23851 1.08252 0.96602 0.837145 0.718787 0.616113 0.545878 0.498265 0.469727 0.449091 0.412777 0.353917 0.280697 0.203884 0.161093 0.131851 0.101168 0.0655655 0.0357172 0.0306437</float_array><technique_common><accessor source="#hpl_mixamorigwSpine2-rotz-array" count="32" stride="1" /></technique_common></source>
      <source id="hpl_mixamorigwSpine2-roty"><float_array id="hpl_mixamorigwSpine2-roty-array" count="32">0.698389 0.495479 0.340443 0.22956 0.159555 0.0811914 0.0732637 0.0240861 -0.0998817 -0.215215 -0.367186 -0.501386 -0.657295 -0.686538 -0.833702 -0.94844 -1.0321 -1.13429 -1.21821 -1.27116 -1.28781 -1.29905 -1.33233 -1.35181 -1.40335 -1.45916 -1.53366 -1.58827 -1.6584 -1.71712 -1.76993 -1.7953</float_array><technique_common><accessor source="#hpl_mixamorigwSpine2-roty-array" count="32" stride="1" /></technique_common></source>
      <source id="hpl_mixamorigwSpine2-rotx"><float_array id="hpl_mixamorigwSpine2-rotx-array" count="32">15.8625 15.0918 14.3677 13.6985 13.0183 12.4106 11.8532 11.3421 10.842 10.3928 9.97659 9.65224 9.30109 9.00581 8.78736 8.57803 8.38443 8.22241 8.11548 8.04618 8.05136 8.09452 8.18965 8.33536 8.52159 8.73889 8.96125 9.16748 9.34738 9.50474 9.62606 9.74668</float_array><technique_common><accessor source="#hpl_mixamorigwSpine2-rotx-array" count="32" stride="1" /></technique_common></source>
      <sampler id="hpl_mixamorigwSpine2-trans-sampler"><input semantic="INPUT" source="#hpl_mixamorigwSpine2-time" /><input semantic="OUTPUT" source="#hpl_mixamorigwSpine2-trans" /></sampler><channel source="#hpl_mixamorigwSpine2-trans-sampler" target="mixamorigwSpine2/translate" />
      <sampler id="hpl_mixamorigwSpine2-rotz-sampler"><input semantic="INPUT" source="#hpl_mixamorigwSpine2-time" /><input semantic="OUTPUT" source="#hpl_mixamorigwSpine2-rotz" /></sampler><channel source="#hpl_mixamorigwSpine2-rotz-sampler" target="mixamorigwSpine2/rotateZ.ANGLE" />
      <sampler id="hpl_mixamorigwSpine2-roty-sampler"><input semantic="INPUT" source="#hpl_mixamorigwSpine2-time" /><input semantic="OUTPUT" source="#hpl_mixamorigwSpine2-roty" /></sampler><channel source="#hpl_mixamorigwSpine2-roty-sampler" target="mixamorigwSpine2/rotateY.ANGLE" />
      <sampler id="hpl_mixamorigwSpine2-rotx-sampler"><input semantic="INPUT" source="#hpl_mixamorigwSpine2-time" /><input semantic="OUTPUT" source="#hpl_mixamorigwSpine2-rotx" /></sampler><channel source="#hpl_mixamorigwSpine2-rotx-sampler" target="mixamorigwSpine2/rotateX.ANGLE" />
    </animation>
    <animation id="hpl_mixamorigwLeftShoulder">
      <source id="hpl_mixamorigwLeftShoulder-time"><float_array id="hpl_mixamorigwLeftShoulder-time-array" count="32">0 1 2 3 4 5 6 7 8 9 10 11 12 13 14 15 16 17 18 19 20 21 22 23 24 25 26 27 28 29 30 31</float_array><technique_common><accessor source="#hpl_mixamorigwLeftShoulder-time-array" count="32" stride="1" /></technique_common></source>
      <source id="hpl_mixamorigwLeftShoulder-trans"><float_array id="hpl_mixamorigwLeftShoulder-trans-array" count="96">0.0413714 0.0784535 -0.00380876 0.0413714 0.0784535 -0.00380876 0.0413714 0.0784535 -0.00380876 0.0413714 0.0784535 -0.00380876 0.0413714 0.0784535 -0.00380876 0.0413714 0.0784535 -0.00380876 0.0413714 0.0784535 -0.00380876 0.0413714 0.0784535 -0.00380876 0.0413714 0.0784535 -0.00380876 0.0413714 0.0784535 -0.00380876 0.0413714 0.0784535 -0.00380876 0.0413714 0.0784535 -0.00380876 0.0413714 0.0784535 -0.00380876 0.0413714 0.0784535 -0.00380876 0.0413714 0.0784535 -0.00380876 0.0413714 0.0784535 -0.00380876 0.0413714 0.0784535 -0.00380876 0.0413714 0.0784535 -0.00380876 0.0413714 0.0784535 -0.00380876 0.0413714 0.0784535 -0.00380876 0.0413714 0.0784535 -0.00380876 0.0413714 0.0784535 -0.00380876 0.0413714 0.0784535 -0.00380876 0.0413714 0.0784535 -0.00380876 0.0413714 0.0784535 -0.00380876 0.0413714 0.0784535 -0.00380876 0.0413714 0.0784535 -0.00380876 0.0413714 0.0784535 -0.00380876 0.0413714 0.0784535 -0.00380876 0.0413714 0.0784535 -0.00380876 0.0413714 0.0784535 -0.00380876 0.0413714 0.0784535 -0.00380876</float_array><technique_common><accessor source="#hpl_mixamorigwLeftShoulder-trans-array" count="32" stride="3" /></technique_common></source>
      <source id="hpl_mixamorigwLeftShoulder-rotz"><float_array id="hpl_mixamorigwLeftShoulder-rotz-array" count="32">104.586 104.778 105.08 105.706 106.702 108.293 109.391 110.82 112.544 113.918 115.243 116.618 117.969 119.038 120.047 120.855 121.633 122.434 123.4 124.336 125.095 125.581 125.757 125.593 125.202 124.729 124.167 123.656 123.276 122.996 122.828 122.734</float_array><technique_common><accessor source="#hpl_mixamorigwLeftShoulder-rotz-array" count="32" stride="1" /></technique_common></source>
      <source id="hpl_mixamorigwLeftShoulder-roty"><float_array id="hpl_mixamorigwLeftShoulder-roty-array" count="32">74.6835 74.7677 74.83 74.8635 74.8355 74.8476 74.7368 74.5472 74.2893 73.849 73.3407 72.8343 72.2461 71.5531 70.9466 70.4086 69.9058 69.3846 68.8103 68.2073 67.5998 67.0375 66.6006 66.3079 66.1619 66.0859 65.9929 65.8958 65.7502 65.6192 65.4856 65.3943</float_array><technique_common><accessor source="#hpl_mixamorigwLeftShoulder-roty-array" count="32" stride="1" /></technique_common></source>
      <source id="hpl_mixamorigwLeftShoulder-rotx"><float_array id="hpl_mixamorigwLeftShoulder-rotx-array" count="32">-159.902 -160.09 -160.078 -159.643 -158.762 -157.255 -156.234 -154.971 -153.408 -152.133 -150.939 -149.73 -148.602 -147.816 -147.035 -146.395 -145.726 -145.029 -144.125 -143.16 -142.2 -141.354 -140.665 -140.226 -139.994 -139.876 -139.918 -140.008 -140.091 -140.212 -140.266 -140.266</float_array><technique_common><accessor source="#hpl_mixamorigwLeftShoulder-rotx-array" count="32" stride="1" /></technique_common></source>
      <sampler id="hpl_mixamorigwLeftShoulder-trans-sampler"><input semantic="INPUT" source="#hpl_mixamorigwLeftShoulder-time" /><input semantic="OUTPUT" source="#hpl_mixamorigwLeftShoulder-trans" /></sampler><channel source="#hpl_mixamorigwLeftShoulder-trans-sampler" target="mixamorigwLeftShoulder/translate" />
      <sampler id="hpl_mixamorigwLeftShoulder-rotz-sampler"><input semantic="INPUT" source="#hpl_mixamorigwLeftShoulder-time" /><input semantic="OUTPUT" source="#hpl_mixamorigwLeftShoulder-rotz" /></sampler><channel source="#hpl_mixamorigwLeftShoulder-rotz-sampler" target="mixamorigwLeftShoulder/rotateZ.ANGLE" />
      <sampler id="hpl_mixamorigwLeftShoulder-roty-sampler"><input semantic="INPUT" source="#hpl_mixamorigwLeftShoulder-time" /><input semantic="OUTPUT" source="#hpl_mixamorigwLeftShoulder-roty" /></sampler><channel source="#hpl_mixamorigwLeftShoulder-roty-sampler" target="mixamorigwLeftShoulder/rotateY.ANGLE" />
      <sampler id="hpl_mixamorigwLeftShoulder-rotx-sampler"><input semantic="INPUT" source="#hpl_mixamorigwLeftShoulder-time" /><input semantic="OUTPUT" source="#hpl_mixamorigwLeftShoulder-rotx" /></sampler><channel source="#hpl_mixamorigwLeftShoulder-rotx-sampler" target="mixamorigwLeftShoulder/rotateX.ANGLE" />
    </animation>
    <animation id="hpl_mixamorigwLeftArm">
      <source id="hpl_mixamorigwLeftArm-time"><float_array id="hpl_mixamorigwLeftArm-time-array" count="32">0 1 2 3 4 5 6 7 8 9 10 11 12 13 14 15 16 17 18 19 20 21 22 23 24 25 26 27 28 29 30 31</float_array><technique_common><accessor source="#hpl_mixamorigwLeftArm-time-array" count="32" stride="1" /></technique_common></source>
      <source id="hpl_mixamorigwLeftArm-trans"><float_array id="hpl_mixamorigwLeftArm-trans-array" count="96">9.98332e-07 0.163973 5.96014e-06 9.98332e-07 0.163973 5.96014e-06 9.98332e-07 0.163973 5.96014e-06 9.98332e-07 0.163973 5.96014e-06 9.98332e-07 0.163973 5.96014e-06 9.98332e-07 0.163973 5.96014e-06 9.98332e-07 0.163973 5.96014e-06 9.98332e-07 0.163973 5.96014e-06 9.98332e-07 0.163973 5.96014e-06 9.98332e-07 0.163973 5.96014e-06 9.98332e-07 0.163973 5.96014e-06 9.98332e-07 0.163973 5.96014e-06 9.98332e-07 0.163973 5.96014e-06 9.98332e-07 0.163973 5.96014e-06 9.98332e-07 0.163973 5.96014e-06 9.98332e-07 0.163973 5.96014e-06 9.98332e-07 0.163973 5.96014e-06 9.98332e-07 0.163973 5.96014e-06 9.98332e-07 0.163973 5.96014e-06 9.98332e-07 0.163973 5.96014e-06 9.98332e-07 0.163973 5.96014e-06 9.98332e-07 0.163973 5.96014e-06 9.98332e-07 0.163973 5.96014e-06 9.98332e-07 0.163973 5.96014e-06 9.98332e-07 0.163973 5.96014e-06 9.98332e-07 0.163973 5.96014e-06 9.98332e-07 0.163973 5.96014e-06 9.98332e-07 0.163973 5.96014e-06 9.98332e-07 0.163973 5.96014e-06 9.98332e-07 0.163973 5.96014e-06 9.98332e-07 0.163973 5.96014e-06 9.98332e-07 0.163973 5.96014e-06</float_array><technique_common><accessor source="#hpl_mixamorigwLeftArm-trans-array" count="32" stride="3" /></technique_common></source>
      <source id="hpl_mixamorigwLeftArm-rotz"><float_array id="hpl_mixamorigwLeftArm-rotz-array" count="32">51.0098 51.2365 51.2588 51.1271 50.992 50.708 50.7257 50.6873 50.402 50.2924 50.1702 50.0867 49.9749 49.7997 49.6993 49.6458 49.674 49.7266 49.6308 49.1914 48.3758 47.4298 46.7548 46.4422 46.4498 46.6631 47.0101 47.3471 47.6318 47.8909 48.1606 48.4784</float_array><technique_common><accessor source="#hpl_mixamorigwLeftArm-rotz-array" count="32" stride="1" /></technique_common></source>
      <source id="hpl_mixamorigwLeftArm-roty"><float_array id="hpl_mixamorigwLeftArm-roty-array" count="32">-24.2781 -23.7721 -23.1998 -22.5423 -21.6242 -20.6656 -19.2786 -18.1167 -17.255 -16.3352 -15.4525 -14.558 -13.7697 -13.2822 -12.6626 -12.0206 -11.3126 -10.5675 -9.7785 -9.02762 -8.24806 -7.3692 -6.26503 -5.13909 -4.24456 -3.62139 -3.29459 -3.16116 -3.20617 -3.24813 -3.2907 -3.31999</float_array><technique_common><accessor source="#hpl_mixamorigwLeftArm-roty-array" count="32" stride="1" /></technique_common></source>
      <source id="hpl_mixamorigwLeftArm-rotx"><float_array id="hpl_mixamorigwLeftArm-rotx-array" count="32">41.3258 41.0974 41.0227 41.127 41.3991 41.9403 42.3715 43.1145 44.1463 45.1762 46.3409 47.6662 49.1699 50.7902 52.2977 53.6827 54.9884 56.2591 57.581 58.9495 60.1732 61.1431 61.7057 61.842 61.6996 61.3491 60.9411 60.5745 60.2844 60.1074 59.9382 59.7618</float_array><technique_common><accessor source="#hpl_mixamorigwLeftArm-rotx-array" count="32" stride="1" /></technique_common></source>
      <sampler id="hpl_mixamorigwLeftArm-trans-sampler"><input semantic="INPUT" source="#hpl_mixamorigwLeftArm-time" /><input semantic="OUTPUT" source="#hpl_mixamorigwLeftArm-trans" /></sampler><channel source="#hpl_mixamorigwLeftArm-trans-sampler" target="mixamorigwLeftArm/translate" />
      <sampler id="hpl_mixamorigwLeftArm-rotz-sampler"><input semantic="INPUT" source="#hpl_mixamorigwLeftArm-time" /><input semantic="OUTPUT" source="#hpl_mixamorigwLeftArm-rotz" /></sampler><channel source="#hpl_mixamorigwLeftArm-rotz-sampler" target="mixamorigwLeftArm/rotateZ.ANGLE" />
      <sampler id="hpl_mixamorigwLeftArm-roty-sampler"><input semantic="INPUT" source="#hpl_mixamorigwLeftArm-time" /><input semantic="OUTPUT" source="#hpl_mixamorigwLeftArm-roty" /></sampler><channel source="#hpl_mixamorigwLeftArm-roty-sampler" target="mixamorigwLeftArm/rotateY.ANGLE" />
      <sampler id="hpl_mixamorigwLeftArm-rotx-sampler"><input semantic="INPUT" source="#hpl_mixamorigwLeftArm-time" /><input semantic="OUTPUT" source="#hpl_mixamorigwLeftArm-rotx" /></sampler><channel source="#hpl_mixamorigwLeftArm-rotx-sampler" target="mixamorigwLeftArm/rotateX.ANGLE" />
    </animation>
    <animation id="hpl_mixamorigwLeftForeArm">
      <source id="hpl_mixamorigwLeftForeArm-time"><float_array id="hpl_mixamorigwLeftForeArm-time-array" count="32">0 1 2 3 4 5 6 7 8 9 10 11 12 13 14 15 16 17 18 19 20 21 22 23 24 25 26 27 28 29 30 31</float_array><technique_common><accessor source="#hpl_mixamorigwLeftForeArm-time-array" count="32" stride="1" /></technique_common></source>
      <source id="hpl_mixamorigwLeftForeArm-trans"><float_array id="hpl_mixamorigwLeftForeArm-trans-array" count="96">-1.8844e-07 0.244292 -4.09649e-06 -1.8844e-07 0.244292 -4.09649e-06 -1.8844e-07 0.244292 -4.09649e-06 -1.8844e-07 0.244292 -4.09649e-06 -1.8844e-07 0.244292 -4.09649e-06 -1.8844e-07 0.244292 -4.09649e-06 -1.8844e-07 0.244292 -4.09649e-06 -1.8844e-07 0.244292 -4.09649e-06 -1.8844e-07 0.244292 -4.09649e-06 -1.8844e-07 0.244292 -4.09649e-06 -1.8844e-07 0.244292 -4.09649e-06 -1.8844e-07 0.244292 -4.09649e-06 -1.8844e-07 0.244292 -4.09649e-06 -1.8844e-07 0.244292 -4.09649e-06 -1.8844e-07 0.244292 -4.09649e-06 -1.8844e-07 0.244292 -4.09649e-06 -1.8844e-07 0.244292 -4.09649e-06 -1.8844e-07 0.244292 -4.09649e-06 -1.8844e-07 0.244292 -4.09649e-06 -1.8844e-07 0.244292 -4.09649e-06 -1.8844e-07 0.244292 -4.09649e-06 -1.8844e-07 0.244292 -4.09649e-06 -1.8844e-07 0.244292 -4.09649e-06 -1.8844e-07 0.244292 -4.09649e-06 -1.8844e-07 0.244292 -4.09649e-06 -1.8844e-07 0.244292 -4.09649e-06 -1.8844e-07 0.244292 -4.09649e-06 -1.8844e-07 0.244292 -4.09649e-06 -1.8844e-07 0.244292 -4.09649e-06 -1.8844e-07 0.244292 -4.09649e-06 -1.8844e-07 0.244292 -4.09649e-06 -1.8844e-07 0.244292 -4.09649e-06</float_array><technique_common><accessor source="#hpl_mixamorigwLeftForeArm-trans-array" count="32" stride="3" /></technique_common></source>
      <source id="hpl_mixamorigwLeftForeArm-rotz"><float_array id="hpl_mixamorigwLeftForeArm-rotz-array" count="32">16.9837 17.2366 17.8174 18.8504 20.2963 21.8677 23.4348 24.6485 25.4889 26.159 26.6665 27.057 27.2865 27.2536 26.8525 26.1718 25.3368 24.4361 23.7122 23.2924 23.1887 23.2144 23.0992 22.6034 21.6114 20.3876 19.3001 18.5864 18.354 18.5959 19.1922 19.9431</float_array><technique_common><accessor source="#hpl_mixamorigwLeftForeArm-rotz-array" count="32" stride="1" /></technique_common></source>
      <source id="hpl_mixamorigwLeftForeArm-roty"><float_array id="hpl_mixamorigwLeftForeArm-roty-array" count="32">-12.4573 -12.4242 -12.3728 -12.307 -12.212 -12.1218 -11.9987 -11.8956 -11.8909 -11.8704 -11.822 -11.809 -11.8022 -11.8292 -11.8564 -11.898 -11.9639 -12 -12.0403 -12.0257 -12.003 -11.9635 -11.9307 -11.9688 -12.0577 -12.1449 -12.2409 -12.3 -12.3229 -12.3275 -12.2765 -12.244</float_array><technique_common><accessor source="#hpl_mixamorigwLeftForeArm-roty-array" count="32" stride="1" /></technique_common></source>
      <source id="hpl_mixamorigwLeftForeArm-rotx"><float_array id="hpl_mixamorigwLeftForeArm-rotx-array" count="32">-3.62798 -3.68713 -3.78352 -3.90277 -4.09281 -4.27177 -4.50759 -4.73584 -4.85684 -5.02082 -5.13094 -5.20532 -5.23786 -5.20096 -5.15867 -5.07911 -4.93854 -4.83035 -4.80956 -4.91364 -5.05471 -5.20897 -5.27729 -5.16926 -4.90907 -4.56137 -4.22096 -3.96168 -3.79644 -3.75321 -3.82325 -3.93455</float_array><technique_common><accessor source="#hpl_mixamorigwLeftForeArm-rotx-array" count="32" stride="1" /></technique_common></source>
      <sampler id="hpl_mixamorigwLeftForeArm-trans-sampler"><input semantic="INPUT" source="#hpl_mixamorigwLeftForeArm-time" /><input semantic="OUTPUT" source="#hpl_mixamorigwLeftForeArm-trans" /></sampler><channel source="#hpl_mixamorigwLeftForeArm-trans-sampler" target="mixamorigwLeftForeArm/translate" />
      <sampler id="hpl_mixamorigwLeftForeArm-rotz-sampler"><input semantic="INPUT" source="#hpl_mixamorigwLeftForeArm-time" /><input semantic="OUTPUT" source="#hpl_mixamorigwLeftForeArm-rotz" /></sampler><channel source="#hpl_mixamorigwLeftForeArm-rotz-sampler" target="mixamorigwLeftForeArm/rotateZ.ANGLE" />
      <sampler id="hpl_mixamorigwLeftForeArm-roty-sampler"><input semantic="INPUT" source="#hpl_mixamorigwLeftForeArm-time" /><input semantic="OUTPUT" source="#hpl_mixamorigwLeftForeArm-roty" /></sampler><channel source="#hpl_mixamorigwLeftForeArm-roty-sampler" target="mixamorigwLeftForeArm/rotateY.ANGLE" />
      <sampler id="hpl_mixamorigwLeftForeArm-rotx-sampler"><input semantic="INPUT" source="#hpl_mixamorigwLeftForeArm-time" /><input semantic="OUTPUT" source="#hpl_mixamorigwLeftForeArm-rotx" /></sampler><channel source="#hpl_mixamorigwLeftForeArm-rotx-sampler" target="mixamorigwLeftForeArm/rotateX.ANGLE" />
    </animation>
    <animation id="hpl_mixamorigwLeftHand">
      <source id="hpl_mixamorigwLeftHand-time"><float_array id="hpl_mixamorigwLeftHand-time-array" count="32">0 1 2 3 4 5 6 7 8 9 10 11 12 13 14 15 16 17 18 19 20 21 22 23 24 25 26 27 28 29 30 31</float_array><technique_common><accessor source="#hpl_mixamorigwLeftHand-time-array" count="32" stride="1" /></technique_common></source>
      <source id="hpl_mixamorigwLeftHand-trans"><float_array id="hpl_mixamorigwLeftHand-trans-array" count="96">-6.101e-08 0.241261 2.62839e-06 -6.101e-08 0.241261 2.62839e-06 -6.101e-08 0.241261 2.62839e-06 -6.101e-08 0.241261 2.62839e-06 -6.101e-08 0.241261 2.62839e-06 -6.101e-08 0.241261 2.62839e-06 -6.101e-08 0.241261 2.62839e-06 -6.101e-08 0.241261 2.62839e-06 -6.101e-08 0.241261 2.62839e-06 -6.101e-08 0.241261 2.62839e-06 -6.101e-08 0.241261 2.62839e-06 -6.101e-08 0.241261 2.62839e-06 -6.101e-08 0.241261 2.62839e-06 -6.101e-08 0.241261 2.62839e-06 -6.101e-08 0.241261 2.62839e-06 -6.101e-08 0.241261 2.62839e-06 -6.101e-08 0.241261 2.62839e-06 -6.101e-08 0.241261 2.62839e-06 -6.101e-08 0.241261 2.62839e-06 -6.101e-08 0.241261 2.62839e-06 -6.101e-08 0.241261 2.62839e-06 -6.101e-08 0.241261 2.62839e-06 -6.101e-08 0.241261 2.62839e-06 -6.101e-08 0.241261 2.62839e-06 -6.101e-08 0.241261 2.62839e-06 -6.101e-08 0.241261 2.62839e-06 -6.101e-08 0.241261 2.62839e-06 -6.101e-08 0.241261 2.62839e-06 -6.101e-08 0.241261 2.62839e-06 -6.101e-08 0.241261 2.62839e-06 -6.101e-08 0.241261 2.62839e-06 -6.101e-08 0.241261 2.62839e-06</float_array><technique_common><accessor source="#hpl_mixamorigwLeftHand-trans-array" count="32" stride="3" /></technique_common></source>
      <source id="hpl_mixamorigwLeftHand-rotz"><float_array id="hpl_mixamorigwLeftHand-rotz-array" count="32">-8.68352 -9.00135 -9.23428 -9.365 -9.47254 -9.42289 -9.44287 -9.51941 -9.61687 -9.79154 -9.98741 -10.1642 -10.3365 -10.416 -10.3664 -10.3472 -10.2775 -10.132 -9.88168 -9.44304 -8.8601 -8.22173 -7.69082 -7.29198 -7.08405 -7.03221 -7.18722 -7.37991 -7.52942 -7.61214 -7.59776 -7.47816</float_array><technique_common><accessor source="#hpl_mixamorigwLeftHand-rotz-array" count="32" stride="1" /></technique_common></source>
      <source id="hpl_mixamorigwLeftHand-roty"><float_array id="hpl_mixamorigwLeftHand-roty-array" count="32">-8.35469 -8.87724 -9.37821 -10.0911 -11.1227 -11.8036 -12.7694 -13.3705 -13.4499 -13.7493 -14.0316 -14.2472 -14.691 -14.8213 -15.229 -15.4228 -15.4149 -15.1355 -14.9927 -15.3644 -16.1045 -16.8385 -17.2088 -17.001 -16.0283 -14.6017 -13.026 -11.5187 -10.2241 -9.09956 -8.19282 -7.61374</float_array><technique_common><accessor source="#hpl_mixamorigwLeftHand-roty-array" count="32" stride="1" /></technique_common></source>
      <source id="hpl_mixamorigwLeftHand-rotx"><float_array id="hpl_mixamorigwLeftHand-rotx-array" count="32">12.4114 12.5079 12.5988 12.6115 12.6423 12.6969 12.8055 12.6827 12.3301 11.797 11.0573 10.232 9.36669 8.44797 7.79359 7.43019 7.42383 7.69883 7.94259 7.88853 7.53066 7.2696 7.32079 7.62278 8.07439 8.55092 8.9425 9.17013 9.30532 9.42338 9.59114 9.73283</float_array><technique_common><accessor source="#hpl_mixamorigwLeftHand-rotx-array" count="32" stride="1" /></technique_common></source>
      <sampler id="hpl_mixamorigwLeftHand-trans-sampler"><input semantic="INPUT" source="#hpl_mixamorigwLeftHand-time" /><input semantic="OUTPUT" source="#hpl_mixamorigwLeftHand-trans" /></sampler><channel source="#hpl_mixamorigwLeftHand-trans-sampler" target="mixamorigwLeftHand/translate" />
      <sampler id="hpl_mixamorigwLeftHand-rotz-sampler"><input semantic="INPUT" source="#hpl_mixamorigwLeftHand-time" /><input semantic="OUTPUT" source="#hpl_mixamorigwLeftHand-rotz" /></sampler><channel source="#hpl_mixamorigwLeftHand-rotz-sampler" target="mixamorigwLeftHand/rotateZ.ANGLE" />
      <sampler id="hpl_mixamorigwLeftHand-roty-sampler"><input semantic="INPUT" source="#hpl_mixamorigwLeftHand-time" /><input semantic="OUTPUT" source="#hpl_mixamorigwLeftHand-roty" /></sampler><channel source="#hpl_mixamorigwLeftHand-roty-sampler" target="mixamorigwLeftHand/rotateY.ANGLE" />
      <sampler id="hpl_mixamorigwLeftHand-rotx-sampler"><input semantic="INPUT" source="#hpl_mixamorigwLeftHand-time" /><input semantic="OUTPUT" source="#hpl_mixamorigwLeftHand-rotx" /></sampler><channel source="#hpl_mixamorigwLeftHand-rotx-sampler" target="mixamorigwLeftHand/rotateX.ANGLE" />
    </animation>
    <animation id="hpl_mixamorigwRightShoulder">
      <source id="hpl_mixamorigwRightShoulder-time"><float_array id="hpl_mixamorigwRightShoulder-time-array" count="32">0 1 2 3 4 5 6 7 8 9 10 11 12 13 14 15 16 17 18 19 20 21 22 23 24 25 26 27 28 29 30 31</float_array><technique_common><accessor source="#hpl_mixamorigwRightShoulder-time-array" count="32" stride="1" /></technique_common></source>
      <source id="hpl_mixamorigwRightShoulder-trans"><float_array id="hpl_mixamorigwRightShoulder-trans-array" count="96">-0.0410678 0.0751627 -0.0033861 -0.0410678 0.0751627 -0.0033861 -0.0410678 0.0751627 -0.0033861 -0.0410678 0.0751627 -0.0033861 -0.0410678 0.0751627 -0.0033861 -0.0410678 0.0751627 -0.0033861 -0.0410678 0.0751627 -0.0033861 -0.0410678 0.0751627 -0.0033861 -0.0410678 0.0751627 -0.0033861 -0.0410678 0.0751627 -0.0033861 -0.0410678 0.0751627 -0.0033861 -0.0410678 0.0751627 -0.0033861 -0.0410678 0.0751627 -0.0033861 -0.0410678 0.0751627 -0.0033861 -0.0410678 0.0751627 -0.0033861 -0.0410678 0.0751627 -0.0033861 -0.0410678 0.0751627 -0.0033861 -0.0410678 0.0751627 -0.0033861 -0.0410678 0.0751627 -0.0033861 -0.0410678 0.0751627 -0.0033861 -0.0410678 0.0751627 -0.0033861 -0.0410678 0.0751627 -0.0033861 -0.0410678 0.0751627 -0.0033861 -0.0410678 0.0751627 -0.0033861 -0.0410678 0.0751627 -0.0033861 -0.0410678 0.0751627 -0.0033861 -0.0410678 0.0751627 -0.0033861 -0.0410678 0.0751627 -0.0033861 -0.0410678 0.0751627 -0.0033861 -0.0410678 0.0751627 -0.0033861 -0.0410678 0.0751627 -0.0033861 -0.0410678 0.0751627 -0.0033861</float_array><technique_common><accessor source="#hpl_mixamorigwRightShoulder-trans-array" count="32" stride="3" /></technique_common></source>
      <source id="hpl_mixamorigwRightShoulder-rotz"><float_array id="hpl_mixamorigwRightShoulder-rotz-array" count="32">-68.2674 -71.5823 -74.5331 -77.383 -80.1283 -82.3172 -85.2844 -87.8704 -89.9885 -92.4442 -94.8851 -97.4897 -99.9416 -102.543 -104.423 -106.015 -107.083 -107.778 -108.099 -108.266 -108.412 -108.54 -108.648 -108.794 -108.916 -108.965 -109.003 -109.035 -109.217 -109.545 -109.946 -110.243</float_array><technique_common><accessor source="#hpl_mixamorigwRightShoulder-rotz-array" count="32" stride="1" /></technique_common></source>
      <source id="hpl_mixamorigwRightShoulder-roty"><float_array id="hpl_mixamorigwRightShoulder-roty-array" count="32">-78.7455 -79.2553 -79.6758 -79.9799 -80.1685 -80.3814 -80.3334 -80.319 -80.2628 -80.0113 -79.668 -79.2527 -78.7078 -78.22 -77.6436 -77.0684 -76.455 -75.7793 -75.0056 -74.1844 -73.3291 -72.5348 -71.8715 -71.3079 -70.8973 -70.5977 -70.3769 -70.2101 -70.0504 -69.881 -69.7227 -69.5356</float_array><technique_common><accessor source="#hpl_mixamorigwRightShoulder-roty-array" count="32" stride="1" /></technique_common></source>
      <source id="hpl_mixamorigwRightShoulder-rotx"><float_array id="hpl_mixamorigwRightShoulder-rotx-array" count="32">155.064 158.239 161.041 163.766 166.447 168.574 171.487 174.018 176.068 178.465 180.866 183.473 185.899 188.43 190.363 192.039 193.232 194.166 194.868 195.571 196.432 197.37 198.343 199.341 200.191 200.804 201.245 201.557 201.983 202.552 203.25 203.907</float_array><technique_common><accessor source="#hpl_mixamorigwRightShoulder-rotx-array" count="32" stride="1" /></technique_common></source>
      <sampler id="hpl_mixamorigwRightShoulder-trans-sampler"><input semantic="INPUT" source="#hpl_mixamorigwRightShoulder-time" /><input semantic="OUTPUT" source="#hpl_mixamorigwRightShoulder-trans" /></sampler><channel source="#hpl_mixamorigwRightShoulder-trans-sampler" target="mixamorigwRightShoulder/translate" />
      <sampler id="hpl_mixamorigwRightShoulder-rotz-sampler"><input semantic="INPUT" source="#hpl_mixamorigwRightShoulder-time" /><input semantic="OUTPUT" source="#hpl_mixamorigwRightShoulder-rotz" /></sampler><channel source="#hpl_mixamorigwRightShoulder-rotz-sampler" target="mixamorigwRightShoulder/rotateZ.ANGLE" />
      <sampler id="hpl_mixamorigwRightShoulder-roty-sampler"><input semantic="INPUT" source="#hpl_mixamorigwRightShoulder-time" /><input semantic="OUTPUT" source="#hpl_mixamorigwRightShoulder-roty" /></sampler><channel source="#hpl_mixamorigwRightShoulder-roty-sampler" target="mixamorigwRightShoulder/rotateY.ANGLE" />
      <sampler id="hpl_mixamorigwRightShoulder-rotx-sampler"><input semantic="INPUT" source="#hpl_mixamorigwRightShoulder-time" /><input semantic="OUTPUT" source="#hpl_mixamorigwRightShoulder-rotx" /></sampler><channel source="#hpl_mixamorigwRightShoulder-rotx-sampler" target="mixamorigwRightShoulder/rotateX.ANGLE" />
    </animation>
    <animation id="hpl_mixamorigwRightArm">
      <source id="hpl_mixamorigwRightArm-time"><float_array id="hpl_mixamorigwRightArm-time-array" count="32">0 1 2 3 4 5 6 7 8 9 10 11 12 13 14 15 16 17 18 19 20 21 22 23 24 25 26 27 28 29 30 31</float_array><technique_common><accessor source="#hpl_mixamorigwRightArm-time-array" count="32" stride="1" /></technique_common></source>
      <source id="hpl_mixamorigwRightArm-trans"><float_array id="hpl_mixamorigwRightArm-trans-array" count="96">5.57731e-07 0.167018 -6.47844e-06 5.57731e-07 0.167018 -6.47844e-06 5.57731e-07 0.167018 -6.47844e-06 5.57731e-07 0.167018 -6.47844e-06 5.57731e-07 0.167018 -6.47844e-06 5.57731e-07 0.167018 -6.47844e-06 5.57731e-07 0.167018 -6.47844e-06 5.57731e-07 0.167018 -6.47844e-06 5.57731e-07 0.167018 -6.47844e-06 5.57731e-07 0.167018 -6.47844e-06 5.57731e-07 0.167018 -6.47844e-06 5.57731e-07 0.167018 -6.47844e-06 5.57731e-07 0.167018 -6.47844e-06 5.57731e-07 0.167018 -6.47844e-06 5.57731e-07 0.167018 -6.47844e-06 5.57731e-07 0.167018 -6.47844e-06 5.57731e-07 0.167018 -6.47844e-06 5.57731e-07 0.167018 -6.47844e-06 5.57731e-07 0.167018 -6.47844e-06 5.57731e-07 0.167018 -6.47844e-06 5.57731e-07 0.167018 -6.47844e-06 5.57731e-07 0.167018 -6.47844e-06 5.57731e-07 0.167018 -6.47844e-06 5.57731e-07 0.167018 -6.47844e-06 5.57731e-07 0.167018 -6.47844e-06 5.57731e-07 0.167018 -6.47844e-06 5.57731e-07 0.167018 -6.47844e-06 5.57731e-07 0.167018 -6.47844e-06 5.57731e-07 0.167018 -6.47844e-06 5.57731e-07 0.167018 -6.47844e-06 5.57731e-07 0.167018 -6.47844e-06 5.57731e-07 0.167018 -6.47844e-06</float_array><technique_common><accessor source="#hpl_mixamorigwRightArm-trans-array" count="32" stride="3" /></technique_common></source>
      <source id="hpl_mixamorigwRightArm-rotz"><float_array id="hpl_mixamorigwRightArm-rotz-array" count="32">-60.9221 -61.5113 -62.0386 -62.4889 -62.8201 -63.0342 -63.4695 -63.9321 -64.2041 -64.4304 -64.5003 -64.3932 -64.0968 -63.7227 -63.2623 -62.8984 -62.5921 -62.3453 -62.1736 -61.9153 -61.4559 -60.7394 -59.7906 -58.8644 -58.1678 -57.8076 -57.8147 -57.9075 -57.8551 -57.5235 -57.075 -56.7609</float_array><technique_common><accessor source="#hpl_mixamorigwRightArm-rotz-array" count="32" stride="1" /></technique_common></source>
      <source id="hpl_mixamorigwRightArm-roty"><float_array id="hpl_mixamorigwRightArm-roty-array" count="32">11.7894 10.715 9.99322 9.67062 9.65201 9.74624 9.74751 9.65639 9.54504 9.42603 9.3323 9.13476 8.89045 8.4612 7.96816 7.3337 6.53768 5.60334 4.55617 3.59946 2.75271 2.08817 1.52155 0.946253 0.392011 -0.170984 -0.671109 -1.04327 -1.27742 -1.3804 -1.46193 -1.5391</float_array><technique_common><accessor source="#hpl_mixamorigwRightArm-roty-array" count="32" stride="1" /></technique_common></source>
      <source id="hpl_mixamorigwRightArm-rotx"><float_array id="hpl_mixamorigwRightArm-rotx-array" count="32">35.3031 36.5118 37.7637 38.9872 40.2551 41.729 43.0305 44.5192 46.1992 47.767 49.3828 50.9965 52.6485 54.4603 56.0465 57.4969 58.7739 59.9373 60.8863 61.6809 62.3327 62.9513 63.5443 64.05 64.4256 64.632 64.733 64.787 64.8904 65.0443 65.2016 65.2227</float_array><technique_common><accessor source="#hpl_mixamorigwRightArm-rotx-array" count="32" stride="1" /></technique_common></source>
      <sampler id="hpl_mixamorigwRightArm-trans-sampler"><input semantic="INPUT" source="#hpl_mixamorigwRightArm-time" /><input semantic="OUTPUT" source="#hpl_mixamorigwRightArm-trans" /></sampler><channel source="#hpl_mixamorigwRightArm-trans-sampler" target="mixamorigwRightArm/translate" />
      <sampler id="hpl_mixamorigwRightArm-rotz-sampler"><input semantic="INPUT" source="#hpl_mixamorigwRightArm-time" /><input semantic="OUTPUT" source="#hpl_mixamorigwRightArm-rotz" /></sampler><channel source="#hpl_mixamorigwRightArm-rotz-sampler" target="mixamorigwRightArm/rotateZ.ANGLE" />
      <sampler id="hpl_mixamorigwRightArm-roty-sampler"><input semantic="INPUT" source="#hpl_mixamorigwRightArm-time" /><input semantic="OUTPUT" source="#hpl_mixamorigwRightArm-roty" /></sampler><channel source="#hpl_mixamorigwRightArm-roty-sampler" target="mixamorigwRightArm/rotateY.ANGLE" />
      <sampler id="hpl_mixamorigwRightArm-rotx-sampler"><input semantic="INPUT" source="#hpl_mixamorigwRightArm-time" /><input semantic="OUTPUT" source="#hpl_mixamorigwRightArm-rotx" /></sampler><channel source="#hpl_mixamorigwRightArm-rotx-sampler" target="mixamorigwRightArm/rotateX.ANGLE" />
    </animation>
    <animation id="hpl_mixamorigwRightForeArm">
      <source id="hpl_mixamorigwRightForeArm-time"><float_array id="hpl_mixamorigwRightForeArm-time-array" count="32">0 1 2 3 4 5 6 7 8 9 10 11 12 13 14 15 16 17 18 19 20 21 22 23 24 25 26 27 28 29 30 31</float_array><technique_common><accessor source="#hpl_mixamorigwRightForeArm-time-array" count="32" stride="1" /></technique_common></source>
      <source id="hpl_mixamorigwRightForeArm-trans"><float_array id="hpl_mixamorigwRightForeArm-trans-array" count="96">-4.08354e-07 0.228275 4.44105e-07 -4.08354e-07 0.228275 4.44105e-07 -4.08354e-07 0.228275 4.44105e-07 -4.08354e-07 0.228275 4.44105e-07 -4.08354e-07 0.228275 4.44105e-07 -4.08354e-07 0.228275 4.44105e-07 -4.08354e-07 0.228275 4.44105e-07 -4.08354e-07 0.228275 4.44105e-07 -4.08354e-07 0.228275 4.44105e-07 -4.08354e-07 0.228275 4.44105e-07 -4.08354e-07 0.228275 4.44105e-07 -4.08354e-07 0.228275 4.44105e-07 -4.08354e-07 0.228275 4.44105e-07 -4.08354e-07 0.228275 4.44105e-07 -4.08354e-07 0.228275 4.44105e-07 -4.08354e-07 0.228275 4.44105e-07 -4.08354e-07 0.228275 4.44105e-07 -4.08354e-07 0.228275 4.44105e-07 -4.08354e-07 0.228275 4.44105e-07 -4.08354e-07 0.228275 4.44105e-07 -4.08354e-07 0.228275 4.44105e-07 -4.08354e-07 0.228275 4.44105e-07 -4.08354e-07 0.228275 4.44105e-07 -4.08354e-07 0.228275 4.44105e-07 -4.08354e-07 0.228275 4.44105e-07 -4.08354e-07 0.228275 4.44105e-07 -4.08354e-07 0.228275 4.44105e-07 -4.08354e-07 0.228275 4.44105e-07 -4.08354e-07 0.228275 4.44105e-07 -4.08354e-07 0.228275 4.44105e-07 -4.08354e-07 0.228275 4.44105e-07 -4.08354e-07 0.228275 4.44105e-07</float_array><technique_common><accessor source="#hpl_mixamorigwRightForeArm-trans-array" count="32" stride="3" /></technique_common></source>
      <source id="hpl_mixamorigwRightForeArm-rotz"><float_array id="hpl_mixamorigwRightForeArm-rotz-array" count="32">-25.0713 -26.2051 -27.1001 -27.7947 -28.4066 -29.1099 -29.8158 -30.5204 -31.4238 -32.4486 -33.6696 -35.2041 -36.8479 -38.37 -39.5464 -40.2623 -40.6176 -40.4878 -39.9213 -38.9686 -37.7208 -36.2795 -34.803 -33.3666 -31.9773 -30.6765 -29.4938 -28.5618 -28.0309 -27.9751 -28.17 -28.3338</float_array><technique_common><accessor source="#hpl_mixamorigwRightForeArm-rotz-array" count="32" stride="1" /></technique_common></source>
      <source id="hpl_mixamorigwRightForeArm-roty"><float_array id="hpl_mixamorigwRightForeArm-roty-array" count="32">12.2089 12.0985 11.9862 11.8946 11.77 11.7021 11.5633 11.4496 11.4042 11.2821 11.1419 10.9941 10.7658 10.6037 10.4456 10.3643 10.3772 10.4216 10.5295 10.6785 10.8836 11.1196 11.3146 11.5454 11.7302 11.8757 12.0364 12.1139 12.1224 12.1277 12.0951 12.0806</float_array><technique_common><accessor source="#hpl_mixamorigwRightForeArm-roty-array" count="32" stride="1" /></technique_common></source>
      <source id="hpl_mixamorigwRightForeArm-rotx"><float_array id="hpl_mixamorigwRightForeArm-rotx-array" count="32">-4.32384 -4.53722 -4.75089 -4.97863 -5.14844 -5.40978 -5.57333 -5.84309 -6.17062 -6.4483 -6.75963 -7.07535 -7.37312 -7.71195 -7.88477 -7.98285 -7.97686 -7.89422 -7.74498 -7.52574 -7.29277 -7.06879 -6.83926 -6.66341 -6.49614 -6.26016 -6.03761 -5.78352 -5.64329 -5.60267 -5.65834 -5.71702</float_array><technique_common><accessor source="#hpl_mixamorigwRightForeArm-rotx-array" count="32" stride="1" /></technique_common></source>
      <sampler id="hpl_mixamorigwRightForeArm-trans-sampler"><input semantic="INPUT" source="#hpl_mixamorigwRightForeArm-time" /><input semantic="OUTPUT" source="#hpl_mixamorigwRightForeArm-trans" /></sampler><channel source="#hpl_mixamorigwRightForeArm-trans-sampler" target="mixamorigwRightForeArm/translate" />
      <sampler id="hpl_mixamorigwRightForeArm-rotz-sampler"><input semantic="INPUT" source="#hpl_mixamorigwRightForeArm-time" /><input semantic="OUTPUT" source="#hpl_mixamorigwRightForeArm-rotz" /></sampler><channel source="#hpl_mixamorigwRightForeArm-rotz-sampler" target="mixamorigwRightForeArm/rotateZ.ANGLE" />
      <sampler id="hpl_mixamorigwRightForeArm-roty-sampler"><input semantic="INPUT" source="#hpl_mixamorigwRightForeArm-time" /><input semantic="OUTPUT" source="#hpl_mixamorigwRightForeArm-roty" /></sampler><channel source="#hpl_mixamorigwRightForeArm-roty-sampler" target="mixamorigwRightForeArm/rotateY.ANGLE" />
      <sampler id="hpl_mixamorigwRightForeArm-rotx-sampler"><input semantic="INPUT" source="#hpl_mixamorigwRightForeArm-time" /><input semantic="OUTPUT" source="#hpl_mixamorigwRightForeArm-rotx" /></sampler><channel source="#hpl_mixamorigwRightForeArm-rotx-sampler" target="mixamorigwRightForeArm/rotateX.ANGLE" />
    </animation>
    <animation id="hpl_mixamorigwRightHand">
      <source id="hpl_mixamorigwRightHand-time"><float_array id="hpl_mixamorigwRightHand-time-array" count="32">0 1 2 3 4 5 6 7 8 9 10 11 12 13 14 15 16 17 18 19 20 21 22 23 24 25 26 27 28 29 30 31</float_array><technique_common><accessor source="#hpl_mixamorigwRightHand-time-array" count="32" stride="1" /></technique_common></source>
      <source id="hpl_mixamorigwRightHand-trans"><float_array id="hpl_mixamorigwRightHand-trans-array" count="96">-6.24296e-08 0.252899 3.55838e-06 -6.24296e-08 0.252899 3.55838e-06 -6.24296e-08 0.252899 3.55838e-06 -6.24296e-08 0.252899 3.55838e-06 -6.24296e-08 0.252899 3.55838e-06 -6.24296e-08 0.252899 3.55838e-06 -6.24296e-08 0.252899 3.55838e-06 -6.24296e-08 0.252899 3.55838e-06 -6.24296e-08 0.252899 3.55838e-06 -6.24296e-08 0.252899 3.55838e-06 -6.24296e-08 0.252899 3.55838e-06 -6.24296e-08 0.252899 3.55838e-06 -6.24296e-08 0.252899 3.55838e-06 -6.24296e-08 0.252899 3.55838e-06 -6.24296e-08 0.252899 3.55838e-06 -6.24296e-08 0.252899 3.55838e-06 -6.24296e-08 0.252899 3.55838e-06 -6.24296e-08 0.252899 3.55838e-06 -6.24296e-08 0.252899 3.55838e-06 -6.24296e-08 0.252899 3.55838e-06 -6.24296e-08 0.252899 3.55838e-06 -6.24296e-08 0.252899 3.55838e-06 -6.24296e-08 0.252899 3.55838e-06 -6.24296e-08 0.252899 3.55838e-06 -6.24296e-08 0.252899 3.55838e-06 -6.24296e-08 0.252899 3.55838e-06 -6.24296e-08 0.252899 3.55838e-06 -6.24296e-08 0.252899 3.55838e-06 -6.24296e-08 0.252899 3.55838e-06 -6.24296e-08 0.252899 3.55838e-06 -6.24296e-08 0.252899 3.55838e-06 -6.24296e-08 0.252899 3.55838e-06</float_array><technique_common><accessor source="#hpl_mixamorigwRightHand-trans-array" count="32" stride="3" /></technique_common></source>
      <source id="hpl_mixamorigwRightHand-rotz"><float_array id="hpl_mixamorigwRightHand-rotz-array" count="32">1.74118 2.41205 3.09478 3.70734 4.1594 4.69841 5.12835 5.61303 6.22984 6.88742 7.65087 8.38685 9.18233 10.0648 10.7772 11.3732 11.8357 12.0969 12.191 12.1256 11.8214 11.3069 10.6347 9.85892 9.10961 8.40453 7.86461 7.42374 6.93066 6.31971 5.58563 4.88014</float_array><technique_common><accessor source="#hpl_mixamorigwRightHand-rotz-array" count="32" stride="1" /></technique_common></source>
      <source id="hpl_mixamorigwRightHand-roty"><float_array id="hpl_mixamorigwRightHand-roty-array" count="32">21.7825 21.1039 20.4286 19.7478 19.1056 17.98 17.1494 15.9728 14.3944 12.8381 11.2103 9.82058 8.46989 7.30108 6.15818 5.11311 4.28389 3.63585 2.97387 2.30227 1.7196 1.38792 1.4896 1.88428 2.54279 3.39172 4.11313 4.69362 5.41005 6.31388 7.40417 8.43334</float_array><technique_common><accessor source="#hpl_mixamorigwRightHand-roty-array" count="32" stride="1" /></technique_common></source>
      <source id="hpl_mixamorigwRightHand-rotx"><float_array id="hpl_mixamorigwRightHand-rotx-array" count="32">-8.53717 -8.19772 -7.93917 -7.78525 -7.80701 -7.75578 -7.74602 -7.47155 -7.1196 -6.81464 -6.40668 -5.98944 -5.43252 -4.61839 -3.86491 -3.12848 -2.46512 -1.83414 -1.29316 -1.02169 -1.16683 -1.74077 -2.54756 -3.3752 -4.02013 -4.44705 -4.56415 -4.52799 -4.50349 -4.59296 -4.70938 -4.87832</float_array><technique_common><accessor source="#hpl_mixamorigwRightHand-rotx-array" count="32" stride="1" /></technique_common></source>
      <sampler id="hpl_mixamorigwRightHand-trans-sampler"><input semantic="INPUT" source="#hpl_mixamorigwRightHand-time" /><input semantic="OUTPUT" source="#hpl_mixamorigwRightHand-trans" /></sampler><channel source="#hpl_mixamorigwRightHand-trans-sampler" target="mixamorigwRightHand/translate" />
      <sampler id="hpl_mixamorigwRightHand-rotz-sampler"><input semantic="INPUT" source="#hpl_mixamorigwRightHand-time" /><input semantic="OUTPUT" source="#hpl_mixamorigwRightHand-rotz" /></sampler><channel source="#hpl_mixamorigwRightHand-rotz-sampler" target="mixamorigwRightHand/rotateZ.ANGLE" />
      <sampler id="hpl_mixamorigwRightHand-roty-sampler"><input semantic="INPUT" source="#hpl_mixamorigwRightHand-time" /><input semantic="OUTPUT" source="#hpl_mixamorigwRightHand-roty" /></sampler><channel source="#hpl_mixamorigwRightHand-roty-sampler" target="mixamorigwRightHand/rotateY.ANGLE" />
      <sampler id="hpl_mixamorigwRightHand-rotx-sampler"><input semantic="INPUT" source="#hpl_mixamorigwRightHand-time" /><input semantic="OUTPUT" source="#hpl_mixamorigwRightHand-rotx" /></sampler><channel source="#hpl_mixamorigwRightHand-rotx-sampler" target="mixamorigwRightHand/rotateX.ANGLE" />
    </animation>
    <animation id="hpl_mixamorigwNeck">
      <source id="hpl_mixamorigwNeck-time"><float_array id="hpl_mixamorigwNeck-time-array" count="32">0 1 2 3 4 5 6 7 8 9 10 11 12 13 14 15 16 17 18 19 20 21 22 23 24 25 26 27 28 29 30 31</float_array><technique_common><accessor source="#hpl_mixamorigwNeck-time-array" count="32" stride="1" /></technique_common></source>
      <source id="hpl_mixamorigwNeck-trans"><float_array id="hpl_mixamorigwNeck-trans-array" count="96">-0.00030369 0.108805 0.00719472 -0.00030369 0.108805 0.00719472 -0.00030369 0.108805 0.00719472 -0.00030369 0.108805 0.00719472 -0.00030369 0.108805 0.00719472 -0.00030369 0.108805 0.00719472 -0.00030369 0.108805 0.00719472 -0.00030369 0.108805 0.00719472 -0.00030369 0.108805 0.00719472 -0.00030369 0.108805 0.00719472 -0.00030369 0.108805 0.00719472 -0.00030369 0.108805 0.00719472 -0.00030369 0.108805 0.00719472 -0.00030369 0.108805 0.00719472 -0.00030369 0.108805 0.00719472 -0.00030369 0.108805 0.00719472 -0.00030369 0.108805 0.00719472 -0.00030369 0.108805 0.00719472 -0.00030369 0.108805 0.00719472 -0.00030369 0.108805 0.00719472 -0.00030369 0.108805 0.00719472 -0.00030369 0.108805 0.00719472 -0.00030369 0.108805 0.00719472 -0.00030369 0.108805 0.00719472 -0.00030369 0.108805 0.00719472 -0.00030369 0.108805 0.00719472 -0.00030369 0.108805 0.00719472 -0.00030369 0.108805 0.00719472 -0.00030369 0.108805 0.00719472 -0.00030369 0.108805 0.00719472 -0.00030369 0.108805 0.00719472 -0.00030369 0.108805 0.00719472</float_array><technique_common><accessor source="#hpl_mixamorigwNeck-trans-array" count="32" stride="3" /></technique_common></source>
      <source id="hpl_mixamorigwNeck-rotz"><float_array id="hpl_mixamorigwNeck-rotz-array" count="32">0.207735 0.622726 0.969514 1.21532 1.4295 1.52256 1.55119 1.55723 1.47805 1.37433 1.30694 1.32112 1.39617 1.47522 1.62407 1.73664 1.82548 1.86664 1.83344 1.73448 1.60092 1.42407 1.23007 0.993503 0.746841 0.522962 0.339205 0.23156 0.199448 0.260283 0.380545 0.521222</float_array><technique_common><accessor source="#hpl_mixamorigwNeck-rotz-array" count="32" stride="1" /></technique_common></source>
      <source id="hpl_mixamorigwNeck-roty"><float_array id="hpl_mixamorigwNeck-roty-array" count="32">2.31723 2.24002 2.1807 2.16267 2.15701 2.16003 2.13848 2.15488 2.21317 2.26295 2.32433 2.34725 2.38304 2.29186 2.2693 2.26592 2.26328 2.21931 2.17835 2.152 2.15601 2.21233 2.26817 2.33402 2.39465 2.44972 2.4889 2.50308 2.48121 2.4256 2.37394 2.30503</float_array><technique_common><accessor source="#hpl_mixamorigwNeck-roty-array" count="32" stride="1" /></technique_common></source>
      <source id="hpl_mixamorigwNeck-rotx"><float_array id="hpl_mixamorigwNeck-rotx-array" count="32">6.79697 6.79105 6.80631 6.85034 6.92827 6.98225 7.11688 7.37756 7.72364 8.1452 8.60598 9.09435 9.65556 10.1702 10.7214 11.335 12.0057 12.762 13.6996 14.7511 15.7919 16.7115 17.4226 17.8981 18.1145 18.1914 18.2159 18.3161 18.5242 18.8506 19.2448 19.6469</float_array><technique_common><accessor source="#hpl_mixamorigwNeck-rotx-array" count="32" stride="1" /></technique_common></source>
      <sampler id="hpl_mixamorigwNeck-trans-sampler"><input semantic="INPUT" source="#hpl_mixamorigwNeck-time" /><input semantic="OUTPUT" source="#hpl_mixamorigwNeck-trans" /></sampler><channel source="#hpl_mixamorigwNeck-trans-sampler" target="mixamorigwNeck/translate" />
      <sampler id="hpl_mixamorigwNeck-rotz-sampler"><input semantic="INPUT" source="#hpl_mixamorigwNeck-time" /><input semantic="OUTPUT" source="#hpl_mixamorigwNeck-rotz" /></sampler><channel source="#hpl_mixamorigwNeck-rotz-sampler" target="mixamorigwNeck/rotateZ.ANGLE" />
      <sampler id="hpl_mixamorigwNeck-roty-sampler"><input semantic="INPUT" source="#hpl_mixamorigwNeck-time" /><input semantic="OUTPUT" source="#hpl_mixamorigwNeck-roty" /></sampler><channel source="#hpl_mixamorigwNeck-roty-sampler" target="mixamorigwNeck/rotateY.ANGLE" />
      <sampler id="hpl_mixamorigwNeck-rotx-sampler"><input semantic="INPUT" source="#hpl_mixamorigwNeck-time" /><input semantic="OUTPUT" source="#hpl_mixamorigwNeck-rotx" /></sampler><channel source="#hpl_mixamorigwNeck-rotx-sampler" target="mixamorigwNeck/rotateX.ANGLE" />
    </animation>
    <animation id="hpl_mixamorigwHead">
      <source id="hpl_mixamorigwHead-time"><float_array id="hpl_mixamorigwHead-time-array" count="32">0 1 2 3 4 5 6 7 8 9 10 11 12 13 14 15 16 17 18 19 20 21 22 23 24 25 26 27 28 29 30 31</float_array><technique_common><accessor source="#hpl_mixamorigwHead-time-array" count="32" stride="1" /></technique_common></source>
      <source id="hpl_mixamorigwHead-trans"><float_array id="hpl_mixamorigwHead-trans-array" count="96">4.51322e-08 0.0723305 3.20881e-06 4.51322e-08 0.0723305 3.20881e-06 4.51322e-08 0.0723305 3.20881e-06 4.51322e-08 0.0723305 3.20881e-06 4.51322e-08 0.0723305 3.20881e-06 4.51322e-08 0.0723305 3.20881e-06 4.51322e-08 0.0723305 3.20881e-06 4.51322e-08 0.0723305 3.20881e-06 4.51322e-08 0.0723305 3.20881e-06 4.51322e-08 0.0723305 3.20881e-06 4.51322e-08 0.0723305 3.20881e-06 4.51322e-08 0.0723305 3.20881e-06 4.51322e-08 0.0723305 3.20881e-06 4.51322e-08 0.0723305 3.20881e-06 4.51322e-08 0.0723305 3.20881e-06 4.51322e-08 0.0723305 3.20881e-06 4.51322e-08 0.0723305 3.20881e-06 4.51322e-08 0.0723305 3.20881e-06 4.51322e-08 0.0723305 3.20881e-06 4.51322e-08 0.0723305 3.20881e-06 4.51322e-08 0.0723305 3.20881e-06 4.51322e-08 0.0723305 3.20881e-06 4.51322e-08 0.0723305 3.20881e-06 4.51322e-08 0.0723305 3.20881e-06 4.51322e-08 0.0723305 3.20881e-06 4.51322e-08 0.0723305 3.20881e-06 4.51322e-08 0.0723305 3.20881e-06 4.51322e-08 0.0723305 3.20881e-06 4.51322e-08 0.0723305 3.20881e-06 4.51322e-08 0.0723305 3.20881e-06 4.51322e-08 0.0723305 3.20881e-06 4.51322e-08 0.0723305 3.20881e-06</float_array><technique_common><accessor source="#hpl_mixamorigwHead-trans-array" count="32" stride="3" /></technique_common></source>
      <source id="hpl_mixamorigwHead-rotz"><float_array id="hpl_mixamorigwHead-rotz-array" count="32">-0.208172 -0.416221 -0.587624 -0.716883 -0.864263 -0.98164 -1.05832 -1.11482 -1.11615 -1.15922 -1.22621 -1.24622 -1.17422 -0.910295 -0.610189 -0.251306 0.0642947 0.367093 0.656829 0.885238 1.02873 1.1066 1.09757 1.06006 1.02194 1.00647 0.981871 0.949242 0.891187 0.800329 0.725159 0.647064</float_array><technique_common><accessor source="#hpl_mixamorigwHead-rotz-array" count="32" stride="1" /></technique_common></source>
      <source id="hpl_mixamorigwHead-roty"><float_array id="hpl_mixamorigwHead-roty-array" count="32">1.75073 2.03065 2.11359 2.00829 1.78502 1.48906 1.22163 0.98182 0.661822 0.449247 0.268381 0.10345 -0.0861606 -0.277395 -0.587962 -1.01898 -1.45844 -1.86062 -2.25507 -2.61823 -2.92376 -3.18357 -3.37493 -3.53183 -3.6939 -3.84709 -3.94256 -3.99652 -3.95918 -3.9174 -3.88336 -3.79605</float_array><technique_common><accessor source="#hpl_mixamorigwHead-roty-array" count="32" stride="1" /></technique_common></source>
      <source id="hpl_mixamorigwHead-rotx"><float_array id="hpl_mixamorigwHead-rotx-array" count="32">-4.45733 -4.59584 -4.64998 -4.61864 -4.55159 -4.54143 -4.19512 -3.9432 -3.83284 -3.57996 -3.28792 -3.00772 -2.6909 -2.3292 -1.91683 -1.47973 -0.958197 -0.352617 0.280662 0.905656 1.47815 2.01306 2.50882 2.99033 3.37371 3.6169 3.7041 3.71537 3.71477 3.74908 3.84302 3.9652</float_array><technique_common><accessor source="#hpl_mixamorigwHead-rotx-array" count="32" stride="1" /></technique_common></source>
      <sampler id="hpl_mixamorigwHead-trans-sampler"><input semantic="INPUT" source="#hpl_mixamorigwHead-time" /><input semantic="OUTPUT" source="#hpl_mixamorigwHead-trans" /></sampler><channel source="#hpl_mixamorigwHead-trans-sampler" target="mixamorigwHead/translate" />
      <sampler id="hpl_mixamorigwHead-rotz-sampler"><input semantic="INPUT" source="#hpl_mixamorigwHead-time" /><input semantic="OUTPUT" source="#hpl_mixamorigwHead-rotz" /></sampler><channel source="#hpl_mixamorigwHead-rotz-sampler" target="mixamorigwHead/rotateZ.ANGLE" />
      <sampler id="hpl_mixamorigwHead-roty-sampler"><input semantic="INPUT" source="#hpl_mixamorigwHead-time" /><input semantic="OUTPUT" source="#hpl_mixamorigwHead-roty" /></sampler><channel source="#hpl_mixamorigwHead-roty-sampler" target="mixamorigwHead/rotateY.ANGLE" />
      <sampler id="hpl_mixamorigwHead-rotx-sampler"><input semantic="INPUT" source="#hpl_mixamorigwHead-time" /><input semantic="OUTPUT" source="#hpl_mixamorigwHead-rotx" /></sampler><channel source="#hpl_mixamorigwHead-rotx-sampler" target="mixamorigwHead/rotateX.ANGLE" />
    </animation>
    <animation id="hpl_mixamorigwHeadTop_End">
      <source id="hpl_mixamorigwHeadTop_End-time"><float_array id="hpl_mixamorigwHeadTop_End-time-array" count="32">0 1 2 3 4 5 6 7 8 9 10 11 12 13 14 15 16 17 18 19 20 21 22 23 24 25 26 27 28 29 30 31</float_array><technique_common><accessor source="#hpl_mixamorigwHeadTop_End-time-array" count="32" stride="1" /></technique_common></source>
      <source id="hpl_mixamorigwHeadTop_End-trans"><float_array id="hpl_mixamorigwHeadTop_End-trans-array" count="96">-0.00110642 0.226767 -0.109048 -0.00110642 0.226767 -0.109048 -0.00110642 0.226767 -0.109048 -0.00110642 0.226767 -0.109048 -0.00110642 0.226767 -0.109048 -0.00110642 0.226767 -0.109048 -0.00110642 0.226767 -0.109048 -0.00110642 0.226767 -0.109048 -0.00110642 0.226767 -0.109048 -0.00110642 0.226767 -0.109048 -0.00110642 0.226767 -0.109048 -0.00110642 0.226767 -0.109048 -0.00110642 0.226767 -0.109048 -0.00110642 0.226767 -0.109048 -0.00110642 0.226767 -0.109048 -0.00110642 0.226767 -0.109048 -0.00110642 0.226767 -0.109048 -0.00110642 0.226767 -0.109048 -0.00110642 0.226767 -0.109048 -0.00110642 0.226767 -0.109048 -0.00110642 0.226767 -0.109048 -0.00110642 0.226767 -0.109048 -0.00110642 0.226767 -0.109048 -0.00110642 0.226767 -0.109048 -0.00110642 0.226767 -0.109048 -0.00110642 0.226767 -0.109048 -0.00110642 0.226767 -0.109048 -0.00110642 0.226767 -0.109048 -0.00110642 0.226767 -0.109048 -0.00110642 0.226767 -0.109048 -0.00110642 0.226767 -0.109048 -0.00110642 0.226767 -0.109048</float_array><technique_common><accessor source="#hpl_mixamorigwHeadTop_End-trans-array" count="32" stride="3" /></technique_common></source>
      <source id="hpl_mixamorigwHeadTop_End-rotz"><float_array id="hpl_mixamorigwHeadTop_End-rotz-array" count="32">0.251932 0.251932 0.251932 0.251932 0.251932 0.251932 0.251932 0.251932 0.251932 0.251932 0.251932 0.251932 0.251932 0.251932 0.251932 0.251932 0.251932 0.251932 0.251932 0.251932 0.251932 0.251932 0.251932 0.251932 0.251932 0.251932 0.251932 0.251932 0.251932 0.251932 0.251932 0.251932</float_array><technique_common><accessor source="#hpl_mixamorigwHeadTop_End-rotz-array" count="32" stride="1" /></technique_common></source>
      <source id="hpl_mixamorigwHeadTop_End-roty"><float_array id="hpl_mixamorigwHeadTop_End-roty-array" count="32">0.0574283 0.0574283 0.0574283 0.0574283 0.0574283 0.0574283 0.0574283 0.0574283 0.0574283 0.0574283 0.0574283 0.0574283 0.0574283 0.0574283 0.0574283 0.0574283 0.0574283 0.0574283 0.0574283 0.0574283 0.0574283 0.0574283 0.0574283 0.0574283 0.0574283 0.0574283 0.0574283 0.0574283 0.0574283 0.0574283 0.0574283 0.0574283</float_array><technique_common><accessor source="#hpl_mixamorigwHeadTop_End-roty-array" count="32" stride="1" /></technique_common></source>
      <source id="hpl_mixamorigwHeadTop_End-rotx"><float_array id="hpl_mixamorigwHeadTop_End-rotx-array" count="32">-25.6814 -25.6814 -25.6814 -25.6814 -25.6814 -25.6814 -25.6814 -25.6814 -25.6814 -25.6814 -25.6814 -25.6814 -25.6814 -25.6814 -25.6814 -25.6814 -25.6814 -25.6814 -25.6814 -25.6814 -25.6814 -25.6814 -25.6814 -25.6814 -25.6814 -25.6814 -25.6814 -25.6814 -25.6814 -25.6814 -25.6814 -25.6814</float_array><technique_common><accessor source="#hpl_mixamorigwHeadTop_End-rotx-array" count="32" stride="1" /></technique_common></source>
      <sampler id="hpl_mixamorigwHeadTop_End-trans-sampler"><input semantic="INPUT" source="#hpl_mixamorigwHeadTop_End-time" /><input semantic="OUTPUT" source="#hpl_mixamorigwHeadTop_End-trans" /></sampler><channel source="#hpl_mixamorigwHeadTop_End-trans-sampler" target="mixamorigwHeadTop_End/translate" />
      <sampler id="hpl_mixamorigwHeadTop_End-rotz-sampler"><input semantic="INPUT" source="#hpl_mixamorigwHeadTop_End-time" /><input semantic="OUTPUT" source="#hpl_mixamorigwHeadTop_End-rotz" /></sampler><channel source="#hpl_mixamorigwHeadTop_End-rotz-sampler" target="mixamorigwHeadTop_End/rotateZ.ANGLE" />
      <sampler id="hpl_mixamorigwHeadTop_End-roty-sampler"><input semantic="INPUT" source="#hpl_mixamorigwHeadTop_End-time" /><input semantic="OUTPUT" source="#hpl_mixamorigwHeadTop_End-roty" /></sampler><channel source="#hpl_mixamorigwHeadTop_End-roty-sampler" target="mixamorigwHeadTop_End/rotateY.ANGLE" />
      <sampler id="hpl_mixamorigwHeadTop_End-rotx-sampler"><input semantic="INPUT" source="#hpl_mixamorigwHeadTop_End-time" /><input semantic="OUTPUT" source="#hpl_mixamorigwHeadTop_End-rotx" /></sampler><channel source="#hpl_mixamorigwHeadTop_End-rotx-sampler" target="mixamorigwHeadTop_End/rotateX.ANGLE" />
    </animation>
    <animation id="hpl_mixamorigwHeadFront">
      <source id="hpl_mixamorigwHeadFront-time"><float_array id="hpl_mixamorigwHeadFront-time-array" count="32">0 1 2 3 4 5 6 7 8 9 10 11 12 13 14 15 16 17 18 19 20 21 22 23 24 25 26 27 28 29 30 31</float_array><technique_common><accessor source="#hpl_mixamorigwHeadFront-time-array" count="32" stride="1" /></technique_common></source>
      <source id="hpl_mixamorigwHeadFront-trans"><float_array id="hpl_mixamorigwHeadFront-trans-array" count="96">0.00110638 0.0745015 0.10905 0.00110638 0.0745015 0.10905 0.00110638 0.0745015 0.10905 0.00110638 0.0745015 0.10905 0.00110638 0.0745015 0.10905 0.00110638 0.0745015 0.10905 0.00110638 0.0745015 0.10905 0.00110638 0.0745015 0.10905 0.00110638 0.0745015 0.10905 0.00110638 0.0745015 0.10905 0.00110638 0.0745015 0.10905 0.00110638 0.0745015 0.10905 0.00110638 0.0745015 0.10905 0.00110638 0.0745015 0.10905 0.00110638 0.0745015 0.10905 0.00110638 0.0745015 0.10905 0.00110638 0.0745015 0.10905 0.00110638 0.0745015 0.10905 0.00110638 0.0745015 0.10905 0.00110638 0.0745015 0.10905 0.00110638 0.0745015 0.10905 0.00110638 0.0745015 0.10905 0.00110638 0.0745015 0.10905 0.00110638 0.0745015 0.10905 0.00110638 0.0745015 0.10905 0.00110638 0.0745015 0.10905 0.00110638 0.0745015 0.10905 0.00110638 0.0745015 0.10905 0.00110638 0.0745015 0.10905 0.00110638 0.0745015 0.10905 0.00110638 0.0745015 0.10905 0.00110638 0.0745015 0.10905</float_array><technique_common><accessor source="#hpl_mixamorigwHeadFront-trans-array" count="32" stride="3" /></technique_common></source>
      <source id="hpl_mixamorigwHeadFront-rotz"><float_array id="hpl_mixamorigwHeadFront-rotz-array" count="32">-0.479981 -0.479981 -0.479981 -0.479981 -0.479981 -0.479981 -0.479981 -0.479981 -0.479981 -0.479981 -0.479981 -0.479981 -0.479981 -0.479981 -0.479981 -0.479981 -0.479981 -0.479981 -0.479981 -0.479981 -0.479981 -0.479981 -0.479981 -0.479981 -0.479981 -0.479981 -0.479981 -0.479981 -0.479981 -0.479981 -0.479981 -0.479981</float_array><technique_common><accessor source="#hpl_mixamorigwHeadFront-rotz-array" count="32" stride="1" /></technique_common></source>
      <source id="hpl_mixamorigwHeadFront-roty"><float_array id="hpl_mixamorigwHeadFront-roty-array" count="32">0.253356 0.253356 0.253356 0.253356 0.253356 0.253356 0.253356 0.253356 0.253356 0.253356 0.253356 0.253356 0.253356 0.253356 0.253356 0.253356 0.253356 0.253356 0.253356 0.253356 0.253356 0.253356 0.253356 0.253356 0.253356 0.253356 0.253356 0.253356 0.253356 0.253356 0.253356 0.253356</float_array><technique_common><accessor source="#hpl_mixamorigwHeadFront-roty-array" count="32" stride="1" /></technique_common></source>
      <source id="hpl_mixamorigwHeadFront-rotx"><float_array id="hpl_mixamorigwHeadFront-rotx-array" count="32">55.6544 55.6544 55.6544 55.6544 55.6544 55.6544 55.6544 55.6544 55.6544 55.6544 55.6544 55.6544 55.6544 55.6544 55.6544 55.6544 55.6544 55.6544 55.6544 55.6544 55.6544 55.6544 55.6544 55.6544 55.6544 55.6544 55.6544 55.6544 55.6544 55.6544 55.6544 55.6544</float_array><technique_common><accessor source="#hpl_mixamorigwHeadFront-rotx-array" count="32" stride="1" /></technique_common></source>
      <sampler id="hpl_mixamorigwHeadFront-trans-sampler"><input semantic="INPUT" source="#hpl_mixamorigwHeadFront-time" /><input semantic="OUTPUT" source="#hpl_mixamorigwHeadFront-trans" /></sampler><channel source="#hpl_mixamorigwHeadFront-trans-sampler" target="mixamorigwHeadFront/translate" />
      <sampler id="hpl_mixamorigwHeadFront-rotz-sampler"><input semantic="INPUT" source="#hpl_mixamorigwHeadFront-time" /><input semantic="OUTPUT" source="#hpl_mixamorigwHeadFront-rotz" /></sampler><channel source="#hpl_mixamorigwHeadFront-rotz-sampler" target="mixamorigwHeadFront/rotateZ.ANGLE" />
      <sampler id="hpl_mixamorigwHeadFront-roty-sampler"><input semantic="INPUT" source="#hpl_mixamorigwHeadFront-time" /><input semantic="OUTPUT" source="#hpl_mixamorigwHeadFront-roty" /></sampler><channel source="#hpl_mixamorigwHeadFront-roty-sampler" target="mixamorigwHeadFront/rotateY.ANGLE" />
      <sampler id="hpl_mixamorigwHeadFront-rotx-sampler"><input semantic="INPUT" source="#hpl_mixamorigwHeadFront-time" /><input semantic="OUTPUT" source="#hpl_mixamorigwHeadFront-rotx" /></sampler><channel source="#hpl_mixamorigwHeadFront-rotx-sampler" target="mixamorigwHeadFront/rotateX.ANGLE" />
    </animation>
  </library_animations>
  <scene><instance_visual_scene url="#RootNode" /></scene>
</COLLADA>