<?xml version='1.0' encoding='utf-8'?>
<COLLADA xmlns="http://www.collada.org/2005/11/COLLADASchema" version="1.4.1">
  <asset>
    <contributor><author>hpl_dae_export</author><authoring_tool>Blender 4.2.0</authoring_tool></contributor>
    <unit name="meter" meter="1" />
    <up_axis>Y_UP</up_axis>
  </asset>
  <library_images>
    <image id="phillip-diffuse-image"><init_from>phillip.tga</init_from></image>
    <image id="phillip-emission-image"><init_from>phillip.tga</init_from></image>
    <image id="phillip-normal-image"><init_from>phillip.tga</init_from></image>
  </library_images>
  <library_effects>
    <effect id="phillip-fx" name="phillip"><profile_COMMON>
      <newparam sid="phillip-diffuse-surface"><surface type="2D"><init_from>phillip-diffuse-image</init_from></surface></newparam>
      <newparam sid="phillip-diffuse-sampler"><sampler2D><source>phillip-diffuse-surface</source></sampler2D></newparam>
      <newparam sid="phillip-emission-surface"><surface type="2D"><init_from>phillip-emission-image</init_from></surface></newparam>
      <newparam sid="phillip-emission-sampler"><sampler2D><source>phillip-emission-surface</source></sampler2D></newparam>
      <technique sid="common"><lambert>
        <diffuse><texture texture="phillip-diffuse-sampler" texcoord="CHANNEL0" /></diffuse>
      </lambert></technique>
    </profile_COMMON></effect>
  </library_effects>
  <library_materials>
    <material id="phillip" name="phillip"><instance_effect url="#phillip-fx" /></material>
  </library_materials>
  <library_geometries>
    <geometry id="Mesh_0_1" name="Mesh_0"><mesh>
      <source id="Mesh_0_1-vpos"><float_array id="Mesh_0_1-vpos-array" count="9">0.00774702 0.95336 0.0335566 0.057747 0.95336 0.0335566 0.00774702 1.00336 0.0335566</float_array><technique_common><accessor source="#Mesh_0_1-vpos-array" count="3" stride="3"><param name="X" type="float" /><param name="Y" type="float" /><param name="Z" type="float" /></accessor></technique_common></source>
      <source id="Mesh_0_1-vnrm"><float_array id="Mesh_0_1-vnrm-array" count="9">0 0 1 0 0 1 0 0 1</float_array><technique_common><accessor source="#Mesh_0_1-vnrm-array" count="3" stride="3"><param name="X" type="float" /><param name="Y" type="float" /><param name="Z" type="float" /></accessor></technique_common></source>
      <source id="Mesh_0_1-vuv"><float_array id="Mesh_0_1-vuv-array" count="6">0 0 1 0 0 1</float_array><technique_common><accessor source="#Mesh_0_1-vuv-array" count="3" stride="2"><param name="S" type="float" /><param name="T" type="float" /></accessor></technique_common></source>
      <vertices id="Mesh_0_1-vertices"><input semantic="POSITION" source="#Mesh_0_1-vpos" /></vertices>
      <triangles count="1" material="phillip"><input semantic="VERTEX" source="#Mesh_0_1-vertices" offset="0" /><input semantic="NORMAL" source="#Mesh_0_1-vnrm" offset="1" /><input semantic="TEXCOORD" source="#Mesh_0_1-vuv" offset="2" /><p>0 0 0 1 1 1 2 2 2</p></triangles>
    </mesh></geometry>
  </library_geometries>
  <library_controllers>
    <controller id="Mesh_0_1-skin" name="skinCluster0"><skin source="#Mesh_0_1">
      <bind_shape_matrix>1 0 0 0 0 1 0 0 0 0 1 0 0 0 0 1</bind_shape_matrix>
      <source id="Mesh_0_1-skin-joints"><Name_array id="Mesh_0_1-skin-joints-array" count="24">mixamorigwHips mixamorigwLeftUpLeg mixamorigwLeftLeg mixamorigwLeftFoot mixamorigwLeftToeBase mixamorigwRightUpLeg mixamorigwRightLeg mixamorigwRightFoot mixamorigwRightToeBase mixamorigwSpine mixamorigwSpine1 mixamorigwSpine2 mixamorigwLeftShoulder mixamorigwLeftArm mixamorigwLeftForeArm mixamorigwLeftHand mixamorigwRightShoulder mixamorigwRightArm mixamorigwRightForeArm mixamorigwRightHand mixamorigwNeck mixamorigwHead mixamorigwHeadTop_End mixamorigwHeadFront</Name_array><technique_common><accessor source="#Mesh_0_1-skin-joints-array" count="24" stride="1"><param name="JOINT" type="Name" /></accessor></technique_common></source>
      <source id="Mesh_0_1-skin-bind_poses"><float_array id="Mesh_0_1-skin-bind_poses-array" count="384">-0.326862 -0.412442 0.850325 0.367204 0.924359 -0.326862 0.196779 0.297853 0.196779 0.850325 0.488083 -0.828569 0 0 0 1 0.988587 0.109374 -0.1036 -0.188944 0.1036 -0.992833 -0.0595797 0.848762 -0.109374 0.0481668 -0.992833 -0.00285123 0 0 0 1 0.995242 0.0745741 -0.0627066 -0.172581 0.0627065 -0.982821 -0.173582 0.487924 -0.0745739 0.168824 -0.982821 -0.0684593 0 0 0 1 0.994978 0.0309139 -0.0951978 -0.168375 0.0951972 -0.58605 0.804663 0.112632 -0.0309154 -0.809685 -0.58605 0.083101 0 0 0 1 0.993074 8.38034e-06 -0.117488 -0.165082 0.117488 3.0122e-07 0.993074 -0.0921871 8.23903e-06 -1 -7.34656e-07 0.0437346 0 0 0 1 0.986251 -0.119769 0.113864 0.190305 -0.113864 -0.991857 -0.057042 0.848443 0.119769 0.0432928 -0.991857 0.0017185 0 0 0 1 0.996752 -0.0617435 0.0516918 0.16272 -0.0516917 -0.98282 -0.177182 0.49367 0.0617436 0.173935 -0.98282 -0.0723674 0 0 0 1 0.991415 -0.0402565 0.124402 0.163199 -0.124402 -0.583335 0.802648 0.109001 0.0402562 -0.811233 -0.583335 0.0842478 0 0 0 1 0.988201 2.59179e-08 0.153161 0.158823 -0.153161 -1.2465e-07 0.988201 -0.0970361 8.08409e-08 -1 -1.08103e-07 0.0438647 0 0 0 1 0.999977 0.00499217 0.00460007 -0.0126603 -0.00459975 0.996648 -0.0816763 -1.08845 -0.0049924 0.0816533 0.996648 -0.111251 0 0 0 1 0.999977 0.00499225 0.00460005 -0.0126604 -0.00459984 0.996648 -0.0816764 -1.22951 -0.00499239 0.0816534 0.996648 -0.111251 0 0 0 1 0.999936 0.00858049 0.0073981 -0.0175916 -0.0073979 0.989074 -0.147233 -1.36021 -0.00858061 0.147169 0.989074 -0.20133 0 0 0 1 -0.0915552 1.56755e-07 -0.9958 -0.0116842 0.9958 8.53744e-08 -0.0915552 -0.0478922 -6.27717e-09 -1 -1.19135e-07 1.45252 0 0 0 1 -0.102656 0.216831 -0.970797 -0.323529 0.970796 -0.190902 -0.145294 0.0690035 -0.216831 -0.957361 -0.190902 1.43017 0 0 0 1 0.0429289 -0.0153039 -0.998961 -0.064134 0.998961 0.0159705 0.0426842 -0.466213 0.0153006 -0.999755 0.0159736 1.39976 0 0 0 1 0.0998002 -0.0351338 -0.994387 -0.0750536 0.994387 0.0388059 0.0984292 -0.733384 0.0351299 -0.998629 0.0388095 1.38581 0 0 0 1 -0.0881333 -3.45496e-08 0.996109 0.0125114 -0.996108 -5.23395e-08 -0.0881333 -0.0370387 -1.46981e-09 -1 -1.50894e-08 1.44862 0 0 0 1 -0.108284 -0.213742 0.97087 0.317301 -0.970869 -0.187244 -0.149507 0.0704232 0.213746 -0.958777 -0.18724 1.42642 0 0 0 1 0.0278295 0.0297959 0.999168 0.034426 -0.999168 0.0306226 0.0269163 -0.464747 -0.0297952 -0.999087 0.0306234 1.39395 0 0 0 1 0.0716834 0.000714281 0.997427 0.105102 -0.997427 0.000772513 0.0716828 -0.671685 -0.000719398 -0.999999 0.000767861 1.41318 0 0 0 1 0.999874 0.0116475 0.0107328 -0.0218054 -0.0107326 0.996602 -0.0816726 -1.47952 -0.0116476 0.0815471 0.996601 -0.111066 0 0 0 1 0.999955 0.00442177 0.00837712 -0.0106006 -0.00837693 0.825642 0.564133 -1.27565 -0.00442208 -0.564178 0.825642 0.890874 0 0 0 1 0.999913 0.00861753 0.01003 -0.0171024 -0.0100298 0.988551 0.150557 -1.78728 -0.00861772 -0.150645 0.98855 0.250058 0 0 0 1 1 -1.50874e-07 7.03149e-08 -0.00385329 -8.28877e-08 -2.98023e-08 1 -0.116256 -2.19559e-07 -1 2.98023e-08 1.55588 0 0 0 1</float_array><technique_common><accessor count="24" offset="0" source="#Mesh_0_1-skin-bind_poses-array" stride="16"><param name="TRANSFORM" type="float4x4" /></accessor></technique_common></source>
      <source id="Mesh_0_1-skin-weights"><float_array id="Mesh_0_1-skin-weights-array" count="1">1</float_array><technique_common><accessor count="1" offset="0" source="#Mesh_0_1-skin-weights-array" stride="1"><param name="WEIGHT" type="float" /></accessor></technique_common></source>
      <joints><input semantic="JOINT" source="#Mesh_0_1-skin-joints" /><input semantic="INV_BIND_MATRIX" source="#Mesh_0_1-skin-bind_poses" /></joints>
      <vertex_weights count="3"><input semantic="JOINT" source="#Mesh_0_1-skin-joints" offset="0" /><input semantic="WEIGHT" source="#Mesh_0_1-skin-weights" offset="1" /><vcount>1 1 1</vcount><v>0 0 0 0 0 0</v></vertex_weights>
    </skin></controller>
  </library_controllers>
  <library_visual_scenes>
    <visual_scene id="RootNode" name="RootNode">
      <node id="mixamorigwHips" sid="mixamorigwHips" name="mixamorigwHips" type="JOINT">
        <translate sid="translate">0.00774679 0.95336 0.0335573</translate><rotate sid="rotateZ">0 0 1 -128.397</rotate><rotate sid="rotateY">0 1 0 -58.247</rotate><rotate sid="rotateX">1 0 0 21.9576</rotate>
        <node id="mixamorigwLeftUpLeg" sid="mixamorigwLeftUpLeg" name="mixamorigwLeftUpLeg" type="JOINT">
          <translate sid="translate">0.00280504 0.112246 -0.0611913</translate><rotate sid="rotateZ">0 0 1 118.016</rotate><rotate sid="rotateY">0 1 0 -13.7078</rotate><rotate sid="rotateX">1 0 0 -118.606</rotate>
          <node id="mixamorigwLeftLeg" sid="mixamorigwLeftLeg" name="mixamorigwLeftLeg" type="JOINT">
            <translate sid="translate">2.9695e-08 0.362108 -2.40088e-08</translate><rotate sid="rotateZ">0 0 1 1.88157</rotate><rotate sid="rotateY">0 1 0 2.46473</rotate><rotate sid="rotateX">1 0 0 6.79106</rotate>
            <node id="mixamorigwLeftFoot" sid="mixamorigwLeftFoot" name="mixamorigwLeftFoot" type="JOINT">
              <translate sid="translate">-2.24292e-08 0.371859 -6.31809e-09</translate><rotate sid="rotateZ">0 0 1 2.78269</rotate><rotate sid="rotateY">0 1 0 -1.40858</rotate><rotate sid="rotateX">1 0 0 -63.7858</rotate>
              <node id="mixamorigwLeftToeBase" sid="mixamorigwLeftToeBase" name="mixamorigwLeftToeBase" type="JOINT">
                <translate sid="translate">-1.311e-08 0.161697 -3.15905e-09</translate><rotate sid="rotateZ">0 0 1 -0.000291079</rotate><rotate sid="rotateY">0 1 0 -2.18612</rotate><rotate sid="rotateX">1 0 0 -35.8772</rotate>
              </node>
            </node>
          </node>
        </node>
        <node id="mixamorigwRightUpLeg" sid="mixamorigwRightUpLeg" name="mixamorigwRightUpLeg" type="JOINT">
          <translate sid="translate">0.0647644 -0.0634254 -0.0977594</translate><rotate sid="rotateZ">0 0 1 100.259</rotate><rotate sid="rotateY">0 1 0 -8.49983</rotate><rotate sid="rotateX">1 0 0 -115.368</rotate>
          <node id="mixamorigwRightLeg" sid="mixamorigwRightLeg" name="mixamorigwRightLeg" type="JOINT">
            <translate sid="translate">-4.9597e-08 0.359356 4.28051e-08</translate><rotate sid="rotateZ">0 0 1 -3.17125</rotate><rotate sid="rotateY">0 1 0 -3.75187</rotate><rotate sid="rotateX">1 0 0 7.312</rotate>
            <node id="mixamorigwRightFoot" sid="mixamorigwRightFoot" name="mixamorigwRightFoot" type="JOINT">
              <translate sid="translate">5.68628e-09 0.37578 1.38998e-08</translate><rotate sid="rotateZ">0 0 1 -1.93715</rotate><rotate sid="rotateY">0 1 0 3.90217</rotate><rotate sid="rotateX">1 0 0 -64.1697</rotate>
              <node id="mixamorigwRightToeBase" sid="mixamorigwRightToeBase" name="mixamorigwRightToeBase" type="JOINT">
                <translate sid="translate">-1.38998e-08 0.162229 7.89762e-08</translate><rotate sid="rotateZ">0 0 1 -4.68373e-06</rotate><rotate sid="rotateY">0 1 0 2.84091</rotate><rotate sid="rotateX">1 0 0 -35.6855</rotate>
              </node>
            </node>
          </node>
        </node>
        <node id="mixamorigwSpine" sid="mixamorigwSpine" name="mixamorigwSpine" type="JOINT">
          <translate sid="translate">-0.0675698 -0.0488202 0.113795</translate><rotate sid="rotateZ">0 0 1 109.386</rotate><rotate sid="rotateY">0 1 0 -11.7279</rotate><rotate sid="rotateX">1 0 0 55.4776</rotate>
          <node id="mixamorigwSpine1" sid="mixamorigwSpine1" name="mixamorigwSpine1" type="JOINT">
            <translate sid="translate">-7.07133e-08 0.141062 1.15898e-08</translate><rotate sid="rotateZ">0 0 1 4.77246e-06</rotate><rotate sid="rotateY">0 1 0 7.65395e-07</rotate><rotate sid="rotateX">1 0 0 -3.73307e-06</rotate>
            <node id="mixamorigwSpine2" sid="mixamorigwSpine2" name="mixamorigwSpine2" type="JOINT">
              <translate sid="translate">-2.62812e-09 0.141062 -5.23168e-08</translate><rotate sid="rotateZ">0 0 1 0.19182</rotate><rotate sid="rotateY">0 1 0 -0.176579</rotate><rotate sid="rotateX">1 0 0 -3.78094</rotate>
              <node id="mixamorigwLeftShoulder" sid="mixamorigwLeftShoulder" name="mixamorigwLeftShoulder" type="JOINT">
                <translate sid="translate">0.0413714 0.0784539 -0.0038093</translate><rotate sid="rotateZ">0 0 1 123.884</rotate><rotate sid="rotateY">0 1 0 79.7802</rotate><rotate sid="rotateX">1 0 0 -146.045</rotate>
                <node id="mixamorigwLeftArm" sid="mixamorigwLeftArm" name="mixamorigwLeftArm" type="JOINT">
                  <translate sid="translate">3.21959e-10 0.163973 1.64123e-07</translate><rotate sid="rotateZ">0 0 1 -0.783161</rotate><rotate sid="rotateY">0 1 0 12.523</rotate><rotate sid="rotateX">1 0 0 11.2771</rotate>
                  <node id="mixamorigwLeftForeArm" sid="mixamorigwLeftForeArm" name="mixamorigwLeftForeArm" type="JOINT">
                    <translate sid="translate">-5.05447e-09 0.244293 5.93901e-08</translate><rotate sid="rotateZ">0 0 1 11.1568</rotate><rotate sid="rotateY">0 1 0 -11.3059</rotate><rotate sid="rotateX">1 0 0 -14.1697</rotate>
                    <node id="mixamorigwLeftHand" sid="mixamorigwLeftHand" name="mixamorigwLeftHand" type="JOINT">
                      <translate sid="translate">0 0.241261 -6.83933e-08</translate><rotate sid="rotateZ">0 0 1 3.25059</rotate><rotate sid="rotateY">0 1 0 -1.19002</rotate><rotate sid="rotateX">1 0 0 -1.26142</rotate>
                    </node>
                  </node>
                </node>
              </node>
              <node id="mixamorigwRightShoulder" sid="mixamorigwRightShoulder" name="mixamorigwRightShoulder" type="JOINT">
                <translate sid="translate">-0.0410677 0.0751698 -0.00338566</translate><rotate sid="rotateZ">0 0 1 -118.947</rotate><rotate sid="rotateY">0 1 0 -80.3951</rotate><rotate sid="rotateX">1 0 0 -151.887</rotate>
                <node id="mixamorigwRightArm" sid="mixamorigwRightArm" name="mixamorigwRightArm" type="JOINT">
                  <translate sid="translate">-2.05053e-09 0.167019 1.625e-07</translate><rotate sid="rotateZ">0 0 1 1.30783</rotate><rotate sid="rotateY">0 1 0 -12.3417</rotate><rotate sid="rotateX">1 0 0 11.0505</rotate>
                  <node id="mixamorigwRightForeArm" sid="mixamorigwRightForeArm" name="mixamorigwRightForeArm" type="JOINT">
                    <translate sid="translate">-1.01089e-08 0.228275 2.43878e-07</translate><rotate sid="rotateZ">0 0 1 -10.7264</rotate><rotate sid="rotateY">0 1 0 12.105</rotate><rotate sid="rotateX">1 0 0 -14.6911</rotate>
                    <node id="mixamorigwRightHand" sid="mixamorigwRightHand" name="mixamorigwRightHand" type="JOINT">
                      <translate sid="translate">-1.26362e-09 0.252898 9.16123e-09</translate><rotate sid="rotateZ">0 0 1 -2.56611</rotate><rotate sid="rotateY">0 1 0 -1.58702</rotate><rotate sid="rotateX">1 0 0 1.78527</rotate>
                    </node>
                  </node>
                </node>
              </node>
              <node id="mixamorigwNeck" sid="mixamorigwNeck" name="mixamorigwNeck" type="JOINT">
                <translate sid="translate">-0.000303676 0.108811 0.00719515</translate><rotate sid="rotateZ">0 0 1 0.145701</rotate><rotate sid="rotateY">0 1 0 -0.214868</rotate><rotate sid="rotateX">1 0 0 3.78319</rotate>
                <node id="mixamorigwHead" sid="mixamorigwHead" name="mixamorigwHead" type="JOINT">
                  <translate sid="translate">-7.50273e-10 0.0723255 -4.75042e-08</translate><rotate sid="rotateZ">0 0 1 -0.401626</rotate><rotate sid="rotateY">0 1 0 0.168327</rotate><rotate sid="rotateX">1 0 0 39.0239</rotate>
                  <node id="mixamorigwHeadTop_End" sid="mixamorigwHeadTop_End" name="mixamorigwHeadTop_End" type="JOINT">
                    <translate sid="translate">-0.00110642 0.226769 -0.109048</translate><rotate sid="rotateZ">0 0 1 0.251929</rotate><rotate sid="rotateY">0 1 0 0.0574274</rotate><rotate sid="rotateX">1 0 0 -25.6815</rotate>
                  </node>
                  <node id="mixamorigwHeadFront" sid="mixamorigwHeadFront" name="mixamorigwHeadFront" type="JOINT">
                    <translate sid="translate">0.0011064 0.0745082 0.109048</translate><rotate sid="rotateZ">0 0 1 -0.479981</rotate><rotate sid="rotateY">0 1 0 0.253356</rotate><rotate sid="rotateX">1 0 0 55.6544</rotate>
                  </node>
                </node>
              </node>
            </node>
          </node>
        </node>
      </node>
      <node id="Mesh_0" name="Mesh_0" type="NODE">
        <translate sid="translate">0 0 0</translate><rotate sid="rotateZ">0 0 1 0</rotate><rotate sid="rotateY">0 1 0 -0</rotate><rotate sid="rotateX">1 0 0 -90</rotate><scale sid="scale">100 100 100</scale><instance_controller url="#Mesh_0_1-skin">
          <skeleton>#mixamorigwHips</skeleton>
          <bind_material><technique_common><instance_material symbol="defaultMaterial" target="#%s"><bind_vertex_input semantic="CHANNEL0" input_semantic="TEXCOORD" input_set="0" /></instance_material></technique_common></bind_material>
        </instance_controller>
      </node>
    </visual_scene>
  </library_visual_scenes>
  <library_animations>
    <animation id="hpl_mixamorigwHips">
      <source id="hpl_mixamorigwHips-time"><float_array id="hpl_mixamorigwHips-time-array" count="40">0 1 2 3 4 5 6 7 8 9 10 11 12 13 14 15 16 17 18 19 20 21 22 23 24 25 26 27 28 29 30 31 32 33 34 35 36 37 38 39</float_array><technique_common><accessor source="#hpl_mixamorigwHips-time-array" count="40" stride="1" /></technique_common></source>
      <source id="hpl_mixamorigwHips-trans"><float_array id="hpl_mixamorigwHips-trans-array" count="120">0.00774702 0.90198 0.0335566 0.00639646 0.95336 0.0537462 0.00130751 0.95336 0.0759646 -0.0021199 0.95336 0.0835759 -0.00362708 0.95336 0.0719561 -0.00815823 0.95336 0.0449308 -0.0143351 0.95336 0.0172664 -0.0192992 0.95336 -0.00347622 -0.0215041 0.95336 -0.0169263 -0.0239645 0.95336 -0.0221073 -0.0250592 0.95336 -0.0236425 -0.026395 0.95336 -0.0211517 -0.0276522 0.95336 -0.0113271 -0.0271623 0.95336 0.0093418 -0.0249531 0.95336 0.0371286 -0.0229107 0.95336 0.0636219 -0.0220188 0.95336 0.0768634 -0.0206347 0.911137 0.0726202 -0.0247453 0.84737 0.0518129 -0.0287809 0.80547 0.0293285 -0.0316626 0.77394 0.0112417 -0.0324888 0.745849 -0.00433866 -0.0313207 0.726812 -0.0182508 -0.0300524 0.715127 -0.0292725 -0.0297135 0.712279 -0.0376027 -0.0308079 0.718922 -0.0425322 -0.0316111 0.733927 -0.044225 -0.0316625 0.755853 -0.0440696 -0.0311997 0.783485 -0.0421493 -0.0288713 0.81444 -0.0387133 -0.0253664 0.84484 -0.0340547 -0.021793 0.873664 -0.0282381 -0.017929 0.899198 -0.0199883 -0.0122818 0.919535 -0.0091718 -0.00831221 0.933793 0.000228406 -0.00478855 0.943393 0.00940067 -0.00126137 0.949372 0.0172091 0.00191326 0.952272 0.0240069 0.00488632 0.952765 0.0293108 0.00774702 0.952048 0.0335566</float_array><technique_common><accessor source="#hpl_mixamorigwHips-trans-array" count="40" stride="3" /></technique_common></source>
      <source id="hpl_mixamorigwHips-rotz"><float_array id="hpl_mixamorigwHips-rotz-array" count="40">-120.564 -122.349 -123.663 -124.11 -124.2 -123.51 -122.624 -122.933 -124.351 -124.981 -122.753 -120.728 -120.531 -121.07 -121.643 -122.503 -122.993 -123.692 -118.206 -115.407 -113.675 -112.693 -111.918 -111.594 -111.304 -110.807 -110.137 -109.374 -108.695 -108.216 -108.092 -108.398 -109.168 -110.382 -111.745 -113.108 -114.414 -115.597 -116.502 -117.255</float_array><technique_common><accessor source="#hpl_mixamorigwHips-rotz-array" count="40" stride="1" /></technique_common></source>
      <source id="hpl_mixamorigwHips-roty"><float_array id="hpl_mixamorigwHips-roty-array" count="40">-47.68 -46.7257 -45.3588 -46.2419 -49.2511 -52.9444 -55.886 -58.1102 -59.6688 -60.17 -58.802 -55.8538 -53.5634 -53.1997 -53.6275 -53.1379 -52.3829 -52.301 -52.243 -51.3212 -49.7015 -47.8375 -46.3181 -45.0657 -44.299 -44.0746 -44.2167 -44.6173 -45.1774 -45.8172 -46.4792 -47.1266 -47.6964 -48.1407 -48.465 -48.7203 -49.0018 -49.3669 -49.9155 -50.6305</float_array><technique_common><accessor source="#hpl_mixamorigwHips-roty-array" count="40" stride="1" /></technique_common></source>
      <source id="hpl_mixamorigwHips-rotx"><float_array id="hpl_mixamorigwHips-rotx-array" count="40">10.8369 12.5265 13.8449 14.7104 15.7799 16.1107 16.207 17.1197 18.9552 20.2192 18.2937 14.708 12.5785 12.4517 13.1748 13.3495 13.0401 13.0393 8.43367 5.61078 3.58232 2.26344 1.26029 0.794417 0.397915 -0.134965 -0.716143 -1.27918 -1.72412 -1.93777 -1.79439 -1.23768 -0.208432 1.24738 2.8279 4.36026 5.79294 7.09334 8.11933 8.99896</float_array><technique_common><accessor source="#hpl_mixamorigwHips-rotx-array" count="40" stride="1" /></technique_common></source>
      <sampler id="hpl_mixamorigwHips-trans-sampler"><input semantic="INPUT" source="#hpl_mixamorigwHips-time" /><input semantic="OUTPUT" source="#hpl_mixamorigwHips-trans" /></sampler><channel source="#hpl_mixamorigwHips-trans-sampler" target="mixamorigwHips/translate" />
      <sampler id="hpl_mixamorigwHips-rotz-sampler"><input semantic="INPUT" source="#hpl_mixamorigwHips-time" /><input semantic="OUTPUT" source="#hpl_mixamorigwHips-rotz" /></sampler><channel source="#hpl_mixamorigwHips-rotz-sampler" target="mixamorigwHips/rotateZ.ANGLE" />
      <sampler id="hpl_mixamorigwHips-roty-sampler"><input semantic="INPUT" source="#hpl_mixamorigwHips-time" /><input semantic="OUTPUT" source="#hpl_mixamorigwHips-roty" /></sampler><channel source="#hpl_mixamorigwHips-roty-sampler" target="mixamorigwHips/rotateY.ANGLE" />
      <sampler id="hpl_mixamorigwHips-rotx-sampler"><input semantic="INPUT" source="#hpl_mixamorigwHips-time" /><input semantic="OUTPUT" source="#hpl_mixamorigwHips-rotx" /></sampler><channel source="#hpl_mixamorigwHips-rotx-sampler" target="mixamorigwHips/rotateX.ANGLE" />
    </animation>
    <animation id="hpl_mixamorigwLeftUpLeg">
      <source id="hpl_mixamorigwLeftUpLeg-time"><float_array id="hpl_mixamorigwLeftUpLeg-time-array" count="40">0 1 2 3 4 5 6 7 8 9 10 11 12 13 14 15 16 17 18 19 20 21 22 23 24 25 26 27 28 29 30 31 32 33 34 35 36 37 38 39</float_array><technique_common><accessor source="#hpl_mixamorigwLeftUpLeg-time-array" count="40" stride="1" /></technique_common></source>
      <source id="hpl_mixamorigwLeftUpLeg-trans"><float_array id="hpl_mixamorigwLeftUpLeg-trans-array" count="120">0.00280581 0.112246 -0.0611913 0.00280581 0.112246 -0.0611913 0.00280581 0.112246 -0.0611913 0.00280581 0.112246 -0.0611913 0.00280581 0.112246 -0.0611913 0.00280581 0.112246 -0.0611913 0.00280581 0.112246 -0.0611913 0.00280581 0.112246 -0.0611913 0.00280581 0.112246 -0.0611913 0.00280581 0.112246 -0.0611913 0.00280581 0.112246 -0.0611913 0.00280581 0.112246 -0.0611913 0.00280581 0.112246 -0.0611913 0.00280581 0.112246 -0.0611913 0.00280581 0.112246 -0.0611913 0.00280581 0.112246 -0.0611913 0.00280581 0.112246 -0.0611913 0.00280581 0.112246 -0.0611913 0.00280581 0.112246 -0.0611913 0.00280581 0.112246 -0.0611913 0.00280581 0.112246 -0.0611913 0.00280581 0.112246 -0.0611913 0.00280581 0.112246 -0.0611913 0.00280581 0.112246 -0.0611913 0.00280581 0.112246 -0.0611913 0.00280581 0.112246 -0.0611913 0.00280581 0.112246 -0.0611913 0.00280581 0.112246 -0.0611913 0.00280581 0.112246 -0.0611913 0.00280581 0.112246 -0.0611913 0.00280581 0.112246 -0.0611913 0.00280581 0.112246 -0.0611913 0.00280581 0.112246 -0.0611913 0.00280581 0.112246 -0.0611913 0.00280581 0.112246 -0.0611913 0.00280581 0.112246 -0.0611913 0.00280581 0.112246 -0.0611913 0.00280581 0.112246 -0.0611913 0.00280581 0.112246 -0.0611913 0.00280581 0.112246 -0.0611913</float_array><technique_common><accessor source="#hpl_mixamorigwLeftUpLeg-trans-array" count="40" stride="3" /></technique_common></source>
      <source id="hpl_mixamorigwLeftUpLeg-rotz"><float_array id="hpl_mixamorigwLeftUpLeg-rotz-array" count="40">122.374 126.51 129.242 129.671 128.675 126.636 124.496 122.934 122.128 121.462 119.225 117.973 118.887 120.762 123.319 125.197 122.818 119.259 113.685 112.68 112.341 111.934 111.389 111.033 110.896 110.953 111.027 111.089 111.296 111.59 112.084 112.908 114.057 115.372 116.82 118.249 119.73 121.306 122.751 123.998</float_array><technique_common><accessor source="#hpl_mixamorigwLeftUpLeg-rotz-array" count="40" stride="1" /></technique_common></source>
      <source id="hpl_mixamorigwLeftUpLeg-roty"><float_array id="hpl_mixamorigwLeftUpLeg-roty-array" count="40">-2.22075 -1.73666 -3.27656 -3.33789 -2.02983 -0.452134 0.436576 -0.324567 -2.14923 -3.03318 -2.34575 -2.34108 -2.59917 -1.7539 -0.564937 -1.18971 -4.62548 -7.72904 -8.18339 -8.08025 -7.6259 -7.31909 -7.05951 -6.83543 -6.65544 -6.45921 -6.11449 -5.66067 -5.19546 -4.67091 -4.19271 -3.79256 -3.45498 -3.08554 -2.83575 -2.61689 -2.40297 -2.16543 -1.77722 -1.54276</float_array><technique_common><accessor source="#hpl_mixamorigwLeftUpLeg-roty-array" count="40" stride="1" /></technique_common></source>
      <source id="hpl_mixamorigwLeftUpLeg-rotx"><float_array id="hpl_mixamorigwLeftUpLeg-rotx-array" count="40">-159.125 -147.63 -138.124 -137.87 -142.71 -152.998 -167.257 -183.254 -199.12 -213.64 -220.144 -215.884 -204.397 -188.66 -171.331 -157.02 -148.361 -148.174 -159.865 -168.578 -175.457 -181.793 -186.752 -190.172 -191.863 -191.657 -189.753 -186.505 -182.101 -176.835 -171.075 -164.959 -158.493 -151.947 -146.184 -141.022 -136.331 -132.307 -129.644 -127.967</float_array><technique_common><accessor source="#hpl_mixamorigwLeftUpLeg-rotx-array" count="40" stride="1" /></technique_common></source>
      <sampler id="hpl_mixamorigwLeftUpLeg-trans-sampler"><input semantic="INPUT" source="#hpl_mixamorigwLeftUpLeg-time" /><input semantic="OUTPUT" source="#hpl_mixamorigwLeftUpLeg-trans" /></sampler><channel source="#hpl_mixamorigwLeftUpLeg-trans-sampler" target="mixamorigwLeftUpLeg/translate" />
      <sampler id="hpl_mixamorigwLeftUpLeg-rotz-sampler"><input semantic="INPUT" source="#hpl_mixamorigwLeftUpLeg-time" /><input semantic="OUTPUT" source="#hpl_mixamorigwLeftUpLeg-rotz" /></sampler><channel source="#hpl_mixamorigwLeftUpLeg-rotz-sampler" target="mixamorigwLeftUpLeg/rotateZ.ANGLE" />
      <sampler id="hpl_mixamorigwLeftUpLeg-roty-sampler"><input semantic="INPUT" source="#hpl_mixamorigwLeftUpLeg-time" /><input semantic="OUTPUT" source="#hpl_mixamorigwLeftUpLeg-roty" /></sampler><channel source="#hpl_mixamorigwLeftUpLeg-roty-sampler" target="mixamorigwLeftUpLeg/rotateY.ANGLE" />
      <sampler id="hpl_mixamorigwLeftUpLeg-rotx-sampler"><input semantic="INPUT" source="#hpl_mixamorigwLeftUpLeg-time" /><input semantic="OUTPUT" source="#hpl_mixamorigwLeftUpLeg-rotx" /></sampler><channel source="#hpl_mixamorigwLeftUpLeg-rotx-sampler" target="mixamorigwLeftUpLeg/rotateX.ANGLE" />
    </animation>
    <animation id="hpl_mixamorigwLeftLeg">
      <source id="hpl_mixamorigwLeftLeg-time"><float_array id="hpl_mixamorigwLeftLeg-time-array" count="40">0 1 2 3 4 5 6 7 8 9 10 11 12 13 14 15 16 17 18 19 20 21 22 23 24 25 26 27 28 29 30 31 32 33 34 35 36 37 38 39</float_array><technique_common><accessor source="#hpl_mixamorigwLeftLeg-time-array" count="40" stride="1" /></technique_common></source>
      <source id="hpl_mixamorigwLeftLeg-trans"><float_array id="hpl_mixamorigwLeftLeg-trans-array" count="120">1.49007e-07 0.362107 -3.16007e-07 1.49007e-07 0.362107 -3.16007e-07 1.49007e-07 0.362107 -3.16007e-07 1.49007e-07 0.362107 -3.16007e-07 1.49007e-07 0.362107 -3.16007e-07 1.49007e-07 0.362107 -3.16007e-07 1.49007e-07 0.362107 -3.16007e-07 1.49007e-07 0.362107 -3.16007e-07 1.49007e-07 0.362107 -3.16007e-07 1.49007e-07 0.362107 -3.16007e-07 1.49007e-07 0.362107 -3.16007e-07 1.49007e-07 0.362107 -3.16007e-07 1.49007e-07 0.362107 -3.16007e-07 1.49007e-07 0.362107 -3.16007e-07 1.49007e-07 0.362107 -3.16007e-07 1.49007e-07 0.362107 -3.16007e-07 1.49007e-07 0.362107 -3.16007e-07 1.49007e-07 0.362107 -3.16007e-07 1.49007e-07 0.362107 -3.16007e-07 1.49007e-07 0.362107 -3.16007e-07 1.49007e-07 0.362107 -3.16007e-07 1.49007e-07 0.362107 -3.16007e-07 1.49007e-07 0.362107 -3.16007e-07 1.49007e-07 0.362107 -3.16007e-07 1.49007e-07 0.362107 -3.16007e-07 1.49007e-07 0.362107 -3.16007e-07 1.49007e-07 0.362107 -3.16007e-07 1.49007e-07 0.362107 -3.16007e-07 1.49007e-07 0.362107 -3.16007e-07 1.49007e-07 0.362107 -3.16007e-07 1.49007e-07 0.362107 -3.16007e-07 1.49007e-07 0.362107 -3.16007e-07 1.49007e-07 0.362107 -3.16007e-07 1.49007e-07 0.362107 -3.16007e-07 1.49007e-07 0.362107 -3.16007e-07 1.49007e-07 0.362107 -3.16007e-07 1.49007e-07 0.362107 -3.16007e-07 1.49007e-07 0.362107 -3.16007e-07 1.49007e-07 0.362107 -3.16007e-07 1.49007e-07 0.362107 -3.16007e-07</float_array><technique_common><accessor source="#hpl_mixamorigwLeftLeg-trans-array" count="40" stride="3" /></technique_common></source>
      <source id="hpl_mixamorigwLeftLeg-rotz"><float_array id="hpl_mixamorigwLeftLeg-rotz-array" count="40">-3.10753 -1.78288 -0.33686 -0.678153 -1.55054 -2.61395 -3.65564 -4.03624 -3.35096 -2.50057 -2.26527 -2.59509 -3.2205 -3.63526 -3.63927 -2.94164 -2.33777 -2.49923 -3.64012 -3.86809 -3.91726 -3.95323 -3.9444 -3.98734 -4.01383 -4.04475 -4.06377 -4.0605 -4.01461 -3.90031 -3.67872 -3.35798 -2.94897 -2.47064 -1.99297 -1.52714 -1.07163 -0.678103 -0.480564 -0.441809</float_array><technique_common><accessor source="#hpl_mixamorigwLeftLeg-rotz-array" count="40" stride="1" /></technique_common></source>
      <source id="hpl_mixamorigwLeftLeg-roty"><float_array id="hpl_mixamorigwLeftLeg-roty-array" count="40">3.36859 2.60699 2.62904 3.04356 3.60559 4.2368 5.06065 6.5508 8.02134 8.76667 9.09811 8.92224 8.24905 7.0447 5.37969 3.85871 3.2373 3.47973 4.60238 5.45223 5.90883 6.30999 6.50617 6.65512 6.69323 6.59377 6.36421 6.0135 5.54982 5.02601 4.49069 3.98079 3.4878 3.07509 2.77139 2.57816 2.4585 2.38858 2.36956 2.35572</float_array><technique_common><accessor source="#hpl_mixamorigwLeftLeg-roty-array" count="40" stride="1" /></technique_common></source>
      <source id="hpl_mixamorigwLeftLeg-rotx"><float_array id="hpl_mixamorigwLeftLeg-rotx-array" count="40">51.5263 28.4109 5.56941 7.53068 23.6809 48.7261 75.3552 99.9788 119.953 132.18 135.517 130.328 118.171 99.3497 74.78 49.7829 35.9906 44.5913 65.1836 76.7434 82.948 88.3855 92.2424 94.4891 94.8957 93.3418 90.0207 85.1022 78.6327 71.0047 62.7053 53.8352 44.5589 35.4366 27.3663 20.1604 13.7647 8.66709 6.3379 6.00678</float_array><technique_common><accessor source="#hpl_mixamorigwLeftLeg-rotx-array" count="40" stride="1" /></technique_common></source>
      <sampler id="hpl_mixamorigwLeftLeg-trans-sampler"><input semantic="INPUT" source="#hpl_mixamorigwLeftLeg-time" /><input semantic="OUTPUT" source="#hpl_mixamorigwLeftLeg-trans" /></sampler><channel source="#hpl_mixamorigwLeftLeg-trans-sampler" target="mixamorigwLeftLeg/translate" />
      <sampler id="hpl_mixamorigwLeftLeg-rotz-sampler"><input semantic="INPUT" source="#hpl_mixamorigwLeftLeg-time" /><input semantic="OUTPUT" source="#hpl_mixamorigwLeftLeg-rotz" /></sampler><channel source="#hpl_mixamorigwLeftLeg-rotz-sampler" target="mixamorigwLeftLeg/rotateZ.ANGLE" />
      <sampler id="hpl_mixamorigwLeftLeg-roty-sampler"><input semantic="INPUT" source="#hpl_mixamorigwLeftLeg-time" /><input semantic="OUTPUT" source="#hpl_mixamorigwLeftLeg-roty" /></sampler><channel source="#hpl_mixamorigwLeftLeg-roty-sampler" target="mixamorigwLeftLeg/rotateY.ANGLE" />
      <sampler id="hpl_mixamorigwLeftLeg-rotx-sampler"><input semantic="INPUT" source="#hpl_mixamorigwLeftLeg-time" /><input semantic="OUTPUT" source="#hpl_mixamorigwLeftLeg-rotx" /></sampler><channel source="#hpl_mixamorigwLeftLeg-rotx-sampler" target="mixamorigwLeftLeg/rotateX.ANGLE" />
    </animation>
    <animation id="hpl_mixamorigwLeftFoot">
      <source id="hpl_mixamorigwLeftFoot-time"><float_array id="hpl_mixamorigwLeftFoot-time-array" count="40">0 1 2 3 4 5 6 7 8 9 10 11 12 13 14 15 16 17 18 19 20 21 22 23 24 25 26 27 28 29 30 31 32 33 34 35 36 37 38 39</float_array><technique_common><accessor source="#hpl_mixamorigwLeftFoot-time-array" count="40" stride="1" /></technique_common></source>
      <source id="hpl_mixamorigwLeftFoot-trans"><float_array id="hpl_mixamorigwLeftFoot-trans-array" count="120">-1.80763e-07 0.371859 4.86242e-08 -1.80763e-07 0.371859 4.86242e-08 -1.80763e-07 0.371859 4.86242e-08 -1.80763e-07 0.371859 4.86242e-08 -1.80763e-07 0.371859 4.86242e-08 -1.80763e-07 0.371859 4.86242e-08 -1.80763e-07 0.371859 4.86242e-08 -1.80763e-07 0.371859 4.86242e-08 -1.80763e-07 0.371859 4.86242e-08 -1.80763e-07 0.371859 4.86242e-08 -1.80763e-07 0.371859 4.86242e-08 -1.80763e-07 0.371859 4.86242e-08 -1.80763e-07 0.371859 4.86242e-08 -1.80763e-07 0.371859 4.86242e-08 -1.80763e-07 0.371859 4.86242e-08 -1.80763e-07 0.371859 4.86242e-08 -1.80763e-07 0.371859 4.86242e-08 -1.80763e-07 0.371859 4.86242e-08 -1.80763e-07 0.371859 4.86242e-08 -1.80763e-07 0.371859 4.86242e-08 -1.80763e-07 0.371859 4.86242e-08 -1.80763e-07 0.371859 4.86242e-08 -1.80763e-07 0.371859 4.86242e-08 -1.80763e-07 0.371859 4.86242e-08 -1.80763e-07 0.371859 4.86242e-08 -1.80763e-07 0.371859 4.86242e-08 -1.80763e-07 0.371859 4.86242e-08 -1.80763e-07 0.371859 4.86242e-08 -1.80763e-07 0.371859 4.86242e-08 -1.80763e-07 0.371859 4.86242e-08 -1.80763e-07 0.371859 4.86242e-08 -1.80763e-07 0.371859 4.86242e-08 -1.80763e-07 0.371859 4.86242e-08 -1.80763e-07 0.371859 4.86242e-08 -1.80763e-07 0.371859 4.86242e-08 -1.80763e-07 0.371859 4.86242e-08 -1.80763e-07 0.371859 4.86242e-08 -1.80763e-07 0.371859 4.86242e-08 -1.80763e-07 0.371859 4.86242e-08 -1.80763e-07 0.371859 4.86242e-08</float_array><technique_common><accessor source="#hpl_mixamorigwLeftFoot-trans-array" count="40" stride="3" /></technique_common></source>
      <source id="hpl_mixamorigwLeftFoot-rotz"><float_array id="hpl_mixamorigwLeftFoot-rotz-array" count="40">8.43652 6.71185 10.5076 11.0649 8.70151 6.0885 2.59916 -1.29942 -4.17092 -4.60154 -2.19494 2.21308 6.75076 9.93367 11.8462 12.9775 8.19972 7.20321 10.3446 11.4876 12.5609 13.028 13.3237 13.5657 13.6299 13.6766 13.56 13.1459 12.3842 11.3059 10.0501 8.69161 7.28115 5.88198 4.84544 3.94276 3.14566 2.61636 2.49991 2.76384</float_array><technique_common><accessor source="#hpl_mixamorigwLeftFoot-rotz-array" count="40" stride="1" /></technique_common></source>
      <source id="hpl_mixamorigwLeftFoot-roty"><float_array id="hpl_mixamorigwLeftFoot-roty-array" count="40">-12.2049 -11.2467 -13.3808 -13.6102 -10.8666 -7.85601 -5.62849 -3.78378 -2.61455 -1.3014 0.900087 2.86184 4.5977 4.31922 4.04612 3.41753 -2.62143 -8.89425 -10.6127 -9.37456 -8.23908 -7.88173 -7.62492 -7.54522 -7.69688 -7.80224 -7.93 -8.19517 -8.57034 -9.14183 -9.69743 -10.1674 -10.4683 -10.5857 -10.4983 -10.3952 -10.1384 -9.63665 -8.71871 -7.61793</float_array><technique_common><accessor source="#hpl_mixamorigwLeftFoot-roty-array" count="40" stride="1" /></technique_common></source>
      <source id="hpl_mixamorigwLeftFoot-rotx"><float_array id="hpl_mixamorigwLeftFoot-rotx-array" count="40">-70.3691 -50.8885 -24.9376 -22.6309 -28.4027 -38.6734 -50.0613 -60.1965 -69.3107 -74.7716 -76.454 -74.3424 -68.3812 -59.5315 -51.2081 -44.3188 -44.4828 -76.4133 -86.6419 -89.4711 -93.8925 -95.9799 -96.4329 -96.4886 -96.0099 -95.0102 -93.6079 -91.6927 -89.2017 -86.0617 -82.7991 -79.2848 -75.8408 -72.8094 -69.9506 -67.3814 -65.1218 -63.4081 -63.013 -63.6501</float_array><technique_common><accessor source="#hpl_mixamorigwLeftFoot-rotx-array" count="40" stride="1" /></technique_common></source>
      <sampler id="hpl_mixamorigwLeftFoot-trans-sampler"><input semantic="INPUT" source="#hpl_mixamorigwLeftFoot-time" /><input semantic="OUTPUT" source="#hpl_mixamorigwLeftFoot-trans" /></sampler><channel source="#hpl_mixamorigwLeftFoot-trans-sampler" target="mixamorigwLeftFoot/translate" />
      <sampler id="hpl_mixamorigwLeftFoot-rotz-sampler"><input semantic="INPUT" source="#hpl_mixamorigwLeftFoot-time" /><input semantic="OUTPUT" source="#hpl_mixamorigwLeftFoot-rotz" /></sampler><channel source="#hpl_mixamorigwLeftFoot-rotz-sampler" target="mixamorigwLeftFoot/rotateZ.ANGLE" />
      <sampler id="hpl_mixamorigwLeftFoot-roty-sampler"><input semantic="INPUT" source="#hpl_mixamorigwLeftFoot-time" /><input semantic="OUTPUT" source="#hpl_mixamorigwLeftFoot-roty" /></sampler><channel source="#hpl_mixamorigwLeftFoot-roty-sampler" target="mixamorigwLeftFoot/rotateY.ANGLE" />
      <sampler id="hpl_mixamorigwLeftFoot-rotx-sampler"><input semantic="INPUT" source="#hpl_mixamorigwLeftFoot-time" /><input semantic="OUTPUT" source="#hpl_mixamorigwLeftFoot-rotx" /></sampler><channel source="#hpl_mixamorigwLeftFoot-rotx-sampler" target="mixamorigwLeftFoot/rotateX.ANGLE" />
    </animation>
    <animation id="hpl_mixamorigwLeftToeBase">
      <source id="hpl_mixamorigwLeftToeBase-time"><float_array id="hpl_mixamorigwLeftToeBase-time-array" count="40">0 1 2 3 4 5 6 7 8 9 10 11 12 13 14 15 16 17 18 19 20 21 22 23 24 25 26 27 28 29 30 31 32 33 34 35 36 37 38 39</float_array><technique_common><accessor source="#hpl_mixamorigwLeftToeBase-time-array" count="40" stride="1" /></technique_common></source>
      <source id="hpl_mixamorigwLeftToeBase-trans"><float_array id="hpl_mixamorigwLeftToeBase-trans-array" count="120">-2.3928e-07 0.161697 -1.12278e-08 -2.3928e-07 0.161697 -1.12278e-08 -2.3928e-07 0.161697 -1.12278e-08 -2.3928e-07 0.161697 -1.12278e-08 -2.3928e-07 0.161697 -1.12278e-08 -2.3928e-07 0.161697 -1.12278e-08 -2.3928e-07 0.161697 -1.12278e-08 -2.3928e-07 0.161697 -1.12278e-08 -2.3928e-07 0.161697 -1.12278e-08 -2.3928e-07 0.161697 -1.12278e-08 -2.3928e-07 0.161697 -1.12278e-08 -2.3928e-07 0.161697 -1.12278e-08 -2.3928e-07 0.161697 -1.12278e-08 -2.3928e-07 0.161697 -1.12278e-08 -2.3928e-07 0.161697 -1.12278e-08 -2.3928e-07 0.161697 -1.12278e-08 -2.3928e-07 0.161697 -1.12278e-08 -2.3928e-07 0.161697 -1.12278e-08 -2.3928e-07 0.161697 -1.12278e-08 -2.3928e-07 0.161697 -1.12278e-08 -2.3928e-07 0.161697 -1.12278e-08 -2.3928e-07 0.161697 -1.12278e-08 -2.3928e-07 0.161697 -1.12278e-08 -2.3928e-07 0.161697 -1.12278e-08 -2.3928e-07 0.161697 -1.12278e-08 -2.3928e-07 0.161697 -1.12278e-08 -2.3928e-07 0.161697 -1.12278e-08 -2.3928e-07 0.161697 -1.12278e-08 -2.3928e-07 0.161697 -1.12278e-08 -2.3928e-07 0.161697 -1.12278e-08 -2.3928e-07 0.161697 -1.12278e-08 -2.3928e-07 0.161697 -1.12278e-08 -2.3928e-07 0.161697 -1.12278e-08 -2.3928e-07 0.161697 -1.12278e-08 -2.3928e-07 0.161697 -1.12278e-08 -2.3928e-07 0.161697 -1.12278e-08 -2.3928e-07 0.161697 -1.12278e-08 -2.3928e-07 0.161697 -1.12278e-08 -2.3928e-07 0.161697 -1.12278e-08 -2.3928e-07 0.161697 -1.12278e-08</float_array><technique_common><accessor source="#hpl_mixamorigwLeftToeBase-trans-array" count="40" stride="3" /></technique_common></source>
      <source id="hpl_mixamorigwLeftToeBase-rotz"><float_array id="hpl_mixamorigwLeftToeBase-rotz-array" count="40">0.532508 0.827002 0.955632 0.708518 0.588901 0.527765 0.516189 0.542755 0.627951 0.750571 0.706815 0.714178 0.773108 0.793945 0.779081 0.803915 1.18344 0.918185 0.605074 0.549883 0.513551 0.538916 0.574514 0.506008 0.455785 0.459312 0.49169 0.526179 0.545249 0.557927 0.551119 0.529752 0.510183 0.48827 0.481593 0.490763 0.50082 0.526867 0.530847 0.519493</float_array><technique_common><accessor source="#hpl_mixamorigwLeftToeBase-rotz-array" count="40" stride="1" /></technique_common></source>
      <source id="hpl_mixamorigwLeftToeBase-roty"><float_array id="hpl_mixamorigwLeftToeBase-roty-array" count="40">0.111653 -0.332299 -0.2513 0.294156 0.369018 0.365629 0.381077 0.430705 0.578279 0.735069 0.684358 0.673822 0.772846 0.82404 0.584812 0.25269 -0.461818 0.280808 0.454532 0.447264 0.441217 0.462457 0.48523 0.462383 0.462541 0.476316 0.488435 0.488755 0.483336 0.477645 0.460525 0.43415 0.420388 0.418937 0.43712 0.454911 0.460199 0.479524 0.493148 0.50011</float_array><technique_common><accessor source="#hpl_mixamorigwLeftToeBase-roty-array" count="40" stride="1" /></technique_common></source>
      <source id="hpl_mixamorigwLeftToeBase-rotx"><float_array id="hpl_mixamorigwLeftToeBase-rotx-array" count="40">-37.6137 -42.367 -41.5473 -36.1734 -35.6132 -35.9454 -36.2312 -36.4322 -36.4997 -35.9941 -35.3458 -35.4248 -35.6116 -35.9108 -36.5047 -37.5458 -44.721 -38.5841 -35.7797 -34.9202 -34.4994 -34.2815 -34.1437 -33.9165 -33.6469 -33.5295 -33.597 -33.7744 -33.917 -34.0798 -34.273 -34.4596 -34.5469 -34.49 -34.3159 -34.1794 -34.1358 -34.1054 -33.9908 -33.8522</float_array><technique_common><accessor source="#hpl_mixamorigwLeftToeBase-rotx-array" count="40" stride="1" /></technique_common></source>
      <sampler id="hpl_mixamorigwLeftToeBase-trans-sampler"><input semantic="INPUT" source="#hpl_mixamorigwLeftToeBase-time" /><input semantic="OUTPUT" source="#hpl_mixamorigwLeftToeBase-trans" /></sampler><channel source="#hpl_mixamorigwLeftToeBase-trans-sampler" target="mixamorigwLeftToeBase/translate" />
      <sampler id="hpl_mixamorigwLeftToeBase-rotz-sampler"><input semantic="INPUT" source="#hpl_mixamorigwLeftToeBase-time" /><input semantic="OUTPUT" source="#hpl_mixamorigwLeftToeBase-rotz" /></sampler><channel source="#hpl_mixamorigwLeftToeBase-rotz-sampler" target="mixamorigwLeftToeBase/rotateZ.ANGLE" />
      <sampler id="hpl_mixamorigwLeftToeBase-roty-sampler"><input semantic="INPUT" source="#hpl_mixamorigwLeftToeBase-time" /><input semantic="OUTPUT" source="#hpl_mixamorigwLeftToeBase-roty" /></sampler><channel source="#hpl_mixamorigwLeftToeBase-roty-sampler" target="mixamorigwLeftToeBase/rotateY.ANGLE" />
      <sampler id="hpl_mixamorigwLeftToeBase-rotx-sampler"><input semantic="INPUT" source="#hpl_mixamorigwLeftToeBase-time" /><input semantic="OUTPUT" source="#hpl_mixamorigwLeftToeBase-rotx" /></sampler><channel source="#hpl_mixamorigwLeftToeBase-rotx-sampler" target="mixamorigwLeftToeBase/rotateX.ANGLE" />
    </animation>
    <animation id="hpl_mixamorigwRightUpLeg">
      <source id="hpl_mixamorigwRightUpLeg-time"><float_array id="hpl_mixamorigwRightUpLeg-time-array" count="40">0 1 2 3 4 5 6 7 8 9 10 11 12 13 14 15 16 17 18 19 20 21 22 23 24 25 26 27 28 29 30 31 32 33 34 35 36 37 38 39</float_array><technique_common><accessor source="#hpl_mixamorigwRightUpLeg-time-array" count="40" stride="1" /></technique_common></source>
      <source id="hpl_mixamorigwRightUpLeg-trans"><float_array id="hpl_mixamorigwRightUpLeg-trans-array" count="120">0.0647649 -0.0634253 -0.0977589 0.0647649 -0.0634253 -0.0977589 0.0647649 -0.0634253 -0.0977589 0.0647649 -0.0634253 -0.0977589 0.0647649 -0.0634253 -0.0977589 0.0647649 -0.0634253 -0.0977589 0.0647649 -0.0634253 -0.0977589 0.0647649 -0.0634253 -0.0977589 0.0647649 -0.0634253 -0.0977589 0.0647649 -0.0634253 -0.0977589 0.0647649 -0.0634253 -0.0977589 0.0647649 -0.0634253 -0.0977589 0.0647649 -0.0634253 -0.0977589 0.0647649 -0.0634253 -0.0977589 0.0647649 -0.0634253 -0.0977589 0.0647649 -0.0634253 -0.0977589 0.0647649 -0.0634253 -0.0977589 0.0647649 -0.0634253 -0.0977589 0.0647649 -0.0634253 -0.0977589 0.0647649 -0.0634253 -0.0977589 0.0647649 -0.0634253 -0.0977589 0.0647649 -0.0634253 -0.0977589 0.0647649 -0.0634253 -0.0977589 0.0647649 -0.0634253 -0.0977589 0.0647649 -0.0634253 -0.0977589 0.0647649 -0.0634253 -0.0977589 0.0647649 -0.0634253 -0.0977589 0.0647649 -0.0634253 -0.0977589 0.0647649 -0.0634253 -0.0977589 0.0647649 -0.0634253 -0.0977589 0.0647649 -0.0634253 -0.0977589 0.0647649 -0.0634253 -0.0977589 0.0647649 -0.0634253 -0.0977589 0.0647649 -0.0634253 -0.0977589 0.0647649 -0.0634253 -0.0977589 0.0647649 -0.0634253 -0.0977589 0.0647649 -0.0634253 -0.0977589 0.0647649 -0.0634253 -0.0977589 0.0647649 -0.0634253 -0.0977589 0.0647649 -0.0634253 -0.0977589</float_array><technique_common><accessor source="#hpl_mixamorigwRightUpLeg-trans-array" count="40" stride="3" /></technique_common></source>
      <source id="hpl_mixamorigwRightUpLeg-rotz"><float_array id="hpl_mixamorigwRightUpLeg-rotz-array" count="40">96.384 92.8034 92.213 92.706 93.6139 95.4352 97.0416 98.4459 97.9103 94.7198 92.5762 93.8575 94.9124 93.3917 91.3484 92.223 95.87 101.099 102.643 103.991 105.307 106.449 106.988 107.367 107.526 107.397 106.887 105.957 104.691 102.991 100.982 98.8334 96.6424 94.6433 93.3053 92.4833 91.9632 91.503 90.8738 90.117</float_array><technique_common><accessor source="#hpl_mixamorigwRightUpLeg-rotz-array" count="40" stride="1" /></technique_common></source>
      <source id="hpl_mixamorigwRightUpLeg-roty"><float_array id="hpl_mixamorigwRightUpLeg-roty-array" count="40">-24.4401 -25.0628 -23.4789 -21.4526 -18.5539 -14.6348 -9.66457 -3.73958 1.87185 4.32862 0.790364 -8.33293 -16.3589 -20.2417 -20.6013 -20.4038 -20.6097 -20.5868 -19.6787 -19.327 -19.0405 -18.7752 -18.4694 -18.1573 -18.0219 -18.1147 -18.2412 -18.4441 -18.8251 -19.3136 -19.9427 -20.6882 -21.3407 -21.5606 -21.457 -21.0527 -20.5009 -19.9269 -19.4028 -19.0747</float_array><technique_common><accessor source="#hpl_mixamorigwRightUpLeg-roty-array" count="40" stride="1" /></technique_common></source>
      <source id="hpl_mixamorigwRightUpLeg-rotx"><float_array id="hpl_mixamorigwRightUpLeg-rotx-array" count="40">-151.13 -138.649 -128.622 -127.32 -131.934 -142.894 -157.181 -171.44 -182.641 -190.269 -193.43 -190.973 -181.731 -166.31 -149.254 -137.578 -135.901 -144.485 -157.773 -166.293 -172.965 -179.199 -184.36 -188.027 -189.832 -189.582 -187.563 -184.219 -179.695 -174.208 -168.109 -161.594 -154.682 -147.799 -141.789 -136.545 -132.019 -128.082 -124.825 -122.55</float_array><technique_common><accessor source="#hpl_mixamorigwRightUpLeg-rotx-array" count="40" stride="1" /></technique_common></source>
      <sampler id="hpl_mixamorigwRightUpLeg-trans-sampler"><input semantic="INPUT" source="#hpl_mixamorigwRightUpLeg-time" /><input semantic="OUTPUT" source="#hpl_mixamorigwRightUpLeg-trans" /></sampler><channel source="#hpl_mixamorigwRightUpLeg-trans-sampler" target="mixamorigwRightUpLeg/translate" />
      <sampler id="hpl_mixamorigwRightUpLeg-rotz-sampler"><input semantic="INPUT" source="#hpl_mixamorigwRightUpLeg-time" /><input semantic="OUTPUT" source="#hpl_mixamorigwRightUpLeg-rotz" /></sampler><channel source="#hpl_mixamorigwRightUpLeg-rotz-sampler" target="mixamorigwRightUpLeg/rotateZ.ANGLE" />
      <sampler id="hpl_mixamorigwRightUpLeg-roty-sampler"><input semantic="INPUT" source="#hpl_mixamorigwRightUpLeg-time" /><input semantic="OUTPUT" source="#hpl_mixamorigwRightUpLeg-roty" /></sampler><channel source="#hpl_mixamorigwRightUpLeg-roty-sampler" target="mixamorigwRightUpLeg/rotateY.ANGLE" />
      <sampler id="hpl_mixamorigwRightUpLeg-rotx-sampler"><input semantic="INPUT" source="#hpl_mixamorigwRightUpLeg-time" /><input semantic="OUTPUT" source="#hpl_mixamorigwRightUpLeg-rotx" /></sampler><channel source="#hpl_mixamorigwRightUpLeg-rotx-sampler" target="mixamorigwRightUpLeg/rotateX.ANGLE" />
    </animation>
    <animation id="hpl_mixamorigwRightLeg">
      <source id="hpl_mixamorigwRightLeg-time"><float_array id="hpl_mixamorigwRightLeg-time-array" count="40">0 1 2 3 4 5 6 7 8 9 10 11 12 13 14 15 16 17 18 19 20 21 22 23 24 25 26 27 28 29 30 31 32 33 34 35 36 37 38 39</float_array><technique_common><accessor source="#hpl_mixamorigwRightLeg-time-array" count="40" stride="1" /></technique_common></source>
      <source id="hpl_mixamorigwRightLeg-trans"><float_array id="hpl_mixamorigwRightLeg-trans-array" count="120">-8.33343e-08 0.359357 -8.39022e-08 -8.33343e-08 0.359357 -8.39022e-08 -8.33343e-08 0.359357 -8.39022e-08 -8.33343e-08 0.359357 -8.39022e-08 -8.33343e-08 0.359357 -8.39022e-08 -8.33343e-08 0.359357 -8.39022e-08 -8.33343e-08 0.359357 -8.39022e-08 -8.33343e-08 0.359357 -8.39022e-08 -8.33343e-08 0.359357 -8.39022e-08 -8.33343e-08 0.359357 -8.39022e-08 -8.33343e-08 0.359357 -8.39022e-08 -8.33343e-08 0.359357 -8.39022e-08 -8.33343e-08 0.359357 -8.39022e-08 -8.33343e-08 0.359357 -8.39022e-08 -8.33343e-08 0.359357 -8.39022e-08 -8.33343e-08 0.359357 -8.39022e-08 -8.33343e-08 0.359357 -8.39022e-08 -8.33343e-08 0.359357 -8.39022e-08 -8.33343e-08 0.359357 -8.39022e-08 -8.33343e-08 0.359357 -8.39022e-08 -8.33343e-08 0.359357 -8.39022e-08 -8.33343e-08 0.359357 -8.39022e-08 -8.33343e-08 0.359357 -8.39022e-08 -8.33343e-08 0.359357 -8.39022e-08 -8.33343e-08 0.359357 -8.39022e-08 -8.33343e-08 0.359357 -8.39022e-08 -8.33343e-08 0.359357 -8.39022e-08 -8.33343e-08 0.359357 -8.39022e-08 -8.33343e-08 0.359357 -8.39022e-08 -8.33343e-08 0.359357 -8.39022e-08 -8.33343e-08 0.359357 -8.39022e-08 -8.33343e-08 0.359357 -8.39022e-08 -8.33343e-08 0.359357 -8.39022e-08 -8.33343e-08 0.359357 -8.39022e-08 -8.33343e-08 0.359357 -8.39022e-08 -8.33343e-08 0.359357 -8.39022e-08 -8.33343e-08 0.359357 -8.39022e-08 -8.33343e-08 0.359357 -8.39022e-08 -8.33343e-08 0.359357 -8.39022e-08 -8.33343e-08 0.359357 -8.39022e-08</float_array><technique_common><accessor source="#hpl_mixamorigwRightLeg-trans-array" count="40" stride="3" /></technique_common></source>
      <source id="hpl_mixamorigwRightLeg-rotz"><float_array id="hpl_mixamorigwRightLeg-rotz-array" count="40">2.47124 1.45 0.32382 0.493754 1.29607 2.46018 3.40944 3.42065 2.00959 0.188763 0.350811 1.8206 2.47697 2.50062 2.11589 1.61637 1.38554 2.01688 3.15789 3.21488 3.31279 3.32951 3.35708 3.3598 3.44179 3.53521 3.61092 3.62586 3.56248 3.42191 3.2067 2.92396 2.56916 2.17267 1.78701 1.42781 1.10549 0.807678 0.58538 0.502466</float_array><technique_common><accessor source="#hpl_mixamorigwRightLeg-rotz-array" count="40" stride="1" /></technique_common></source>
      <source id="hpl_mixamorigwRightLeg-roty"><float_array id="hpl_mixamorigwRightLeg-roty-array" count="40">-5.10993 -4.39445 -3.45353 -3.02166 -2.7762 -3.40388 -5.10344 -7.53903 -9.70297 -10.6863 -10.3649 -9.29093 -8.34244 -7.4467 -6.31962 -5.14478 -4.6727 -4.98045 -5.68486 -6.30608 -6.53322 -6.85949 -7.11912 -7.20942 -7.16784 -7.02023 -6.79511 -6.50128 -6.13828 -5.73853 -5.3288 -4.93855 -4.59827 -4.31094 -4.06639 -3.85582 -3.68223 -3.5676 -3.5097 -3.49393</float_array><technique_common><accessor source="#hpl_mixamorigwRightLeg-roty-array" count="40" stride="1" /></technique_common></source>
      <source id="hpl_mixamorigwRightLeg-rotx"><float_array id="hpl_mixamorigwRightLeg-rotx-array" count="40">49.765 27.7841 5.34708 6.34819 20.5403 44.7035 73.3597 103.072 129.554 147.032 150.019 138.261 118.04 92.4787 63.233 37.8963 30.3915 48.167 69.1655 79.0463 84.5486 89.2657 93.1653 95.5024 95.9902 94.5965 91.5181 87.0204 81.0445 73.7923 65.7088 57.0478 47.9282 38.9474 30.8657 23.8068 17.8197 12.9761 9.71188 8.60567</float_array><technique_common><accessor source="#hpl_mixamorigwRightLeg-rotx-array" count="40" stride="1" /></technique_common></source>
      <sampler id="hpl_mixamorigwRightLeg-trans-sampler"><input semantic="INPUT" source="#hpl_mixamorigwRightLeg-time" /><input semantic="OUTPUT" source="#hpl_mixamorigwRightLeg-trans" /></sampler><channel source="#hpl_mixamorigwRightLeg-trans-sampler" target="mixamorigwRightLeg/translate" />
      <sampler id="hpl_mixamorigwRightLeg-rotz-sampler"><input semantic="INPUT" source="#hpl_mixamorigwRightLeg-time" /><input semantic="OUTPUT" source="#hpl_mixamorigwRightLeg-rotz" /></sampler><channel source="#hpl_mixamorigwRightLeg-rotz-sampler" target="mixamorigwRightLeg/rotateZ.ANGLE" />
      <sampler id="hpl_mixamorigwRightLeg-roty-sampler"><input semantic="INPUT" source="#hpl_mixamorigwRightLeg-time" /><input semantic="OUTPUT" source="#hpl_mixamorigwRightLeg-roty" /></sampler><channel source="#hpl_mixamorigwRightLeg-roty-sampler" target="mixamorigwRightLeg/rotateY.ANGLE" />
      <sampler id="hpl_mixamorigwRightLeg-rotx-sampler"><input semantic="INPUT" source="#hpl_mixamorigwRightLeg-time" /><input semantic="OUTPUT" source="#hpl_mixamorigwRightLeg-rotx" /></sampler><channel source="#hpl_mixamorigwRightLeg-rotx-sampler" target="mixamorigwRightLeg/rotateX.ANGLE" />
    </animation>
    <animation id="hpl_mixamorigwRightFoot">
      <source id="hpl_mixamorigwRightFoot-time"><float_array id="hpl_mixamorigwRightFoot-time-array" count="40">0 1 2 3 4 5 6 7 8 9 10 11 12 13 14 15 16 17 18 19 20 21 22 23 24 25 26 27 28 29 30 31 32 33 34 35 36 37 38 39</float_array><technique_common><accessor source="#hpl_mixamorigwRightFoot-time-array" count="40" stride="1" /></technique_common></source>
      <source id="hpl_mixamorigwRightFoot-trans"><float_array id="hpl_mixamorigwRightFoot-trans-array" count="120">7.14394e-08 0.37578 -3.17249e-07 7.14394e-08 0.37578 -3.17249e-07 7.14394e-08 0.37578 -3.17249e-07 7.14394e-08 0.37578 -3.17249e-07 7.14394e-08 0.37578 -3.17249e-07 7.14394e-08 0.37578 -3.17249e-07 7.14394e-08 0.37578 -3.17249e-07 7.14394e-08 0.37578 -3.17249e-07 7.14394e-08 0.37578 -3.17249e-07 7.14394e-08 0.37578 -3.17249e-07 7.14394e-08 0.37578 -3.17249e-07 7.14394e-08 0.37578 -3.17249e-07 7.14394e-08 0.37578 -3.17249e-07 7.14394e-08 0.37578 -3.17249e-07 7.14394e-08 0.37578 -3.17249e-07 7.14394e-08 0.37578 -3.17249e-07 7.14394e-08 0.37578 -3.17249e-07 7.14394e-08 0.37578 -3.17249e-07 7.14394e-08 0.37578 -3.17249e-07 7.14394e-08 0.37578 -3.17249e-07 7.14394e-08 0.37578 -3.17249e-07 7.14394e-08 0.37578 -3.17249e-07 7.14394e-08 0.37578 -3.17249e-07 7.14394e-08 0.37578 -3.17249e-07 7.14394e-08 0.37578 -3.17249e-07 7.14394e-08 0.37578 -3.17249e-07 7.14394e-08 0.37578 -3.17249e-07 7.14394e-08 0.37578 -3.17249e-07 7.14394e-08 0.37578 -3.17249e-07 7.14394e-08 0.37578 -3.17249e-07 7.14394e-08 0.37578 -3.17249e-07 7.14394e-08 0.37578 -3.17249e-07 7.14394e-08 0.37578 -3.17249e-07 7.14394e-08 0.37578 -3.17249e-07 7.14394e-08 0.37578 -3.17249e-07 7.14394e-08 0.37578 -3.17249e-07 7.14394e-08 0.37578 -3.17249e-07 7.14394e-08 0.37578 -3.17249e-07 7.14394e-08 0.37578 -3.17249e-07 7.14394e-08 0.37578 -3.17249e-07</float_array><technique_common><accessor source="#hpl_mixamorigwRightFoot-trans-array" count="40" stride="3" /></technique_common></source>
      <source id="hpl_mixamorigwRightFoot-rotz"><float_array id="hpl_mixamorigwRightFoot-rotz-array" count="40">-4.31317 -2.35072 -3.64098 -0.0836575 1.22863 -2.77865 -5.68979 -5.58888 -4.15477 -1.44533 0.429299 0.110805 -1.90157 -4.78452 -9.59129 -14.8656 -14.57 -9.23611 -9.46247 -9.6235 -10.4387 -11.2396 -11.7585 -12.0969 -12.262 -12.2634 -12.2293 -11.935 -11.2311 -10.1749 -8.8981 -7.37308 -5.94413 -5.01248 -4.41279 -4.16192 -4.1175 -4.16281 -4.3498 -4.59072</float_array><technique_common><accessor source="#hpl_mixamorigwRightFoot-rotz-array" count="40" stride="1" /></technique_common></source>
      <source id="hpl_mixamorigwRightFoot-roty"><float_array id="hpl_mixamorigwRightFoot-roty-array" count="40">8.30158 4.41698 5.61973 9.38322 11.0488 9.91833 8.28029 8.63545 9.20307 8.09463 7.8006 6.98478 6.9137 6.97125 5.53393 4.34208 4.31956 4.85554 6.93605 8.6106 9.5799 10.2885 10.1052 9.96484 10.1873 10.7503 11.498 12.233 12.8369 12.9679 12.6448 11.8597 10.5728 9.10975 8.00247 7.29013 6.8622 6.59734 6.21373 5.64465</float_array><technique_common><accessor source="#hpl_mixamorigwRightFoot-roty-array" count="40" stride="1" /></technique_common></source>
      <source id="hpl_mixamorigwRightFoot-rotx"><float_array id="hpl_mixamorigwRightFoot-rotx-array" count="40">-71.7108 -50.4768 -27.3832 -27.2493 -31.3051 -38.5338 -47.9171 -58.7086 -69.1246 -76.8726 -81.5861 -78.7259 -73.4625 -70.5542 -68.0319 -62.2208 -54.4812 -69.0488 -80.8737 -87.8757 -94.6867 -98.7168 -99.5061 -99.5431 -99.1037 -98.342 -97.2027 -95.3067 -92.6948 -89.448 -86.1161 -82.4228 -78.7922 -75.3955 -72.391 -69.7115 -67.3757 -65.6873 -64.9007 -65.0378</float_array><technique_common><accessor source="#hpl_mixamorigwRightFoot-rotx-array" count="40" stride="1" /></technique_common></source>
      <sampler id="hpl_mixamorigwRightFoot-trans-sampler"><input semantic="INPUT" source="#hpl_mixamorigwRightFoot-time" /><input semantic="OUTPUT" source="#hpl_mixamorigwRightFoot-trans" /></sampler><channel source="#hpl_mixamorigwRightFoot-trans-sampler" target="mixamorigwRightFoot/translate" />
      <sampler id="hpl_mixamorigwRightFoot-rotz-sampler"><input semantic="INPUT" source="#hpl_mixamorigwRightFoot-time" /><input semantic="OUTPUT" source="#hpl_mixamorigwRightFoot-rotz" /></sampler><channel source="#hpl_mixamorigwRightFoot-rotz-sampler" target="mixamorigwRightFoot/rotateZ.ANGLE" />
      <sampler id="hpl_mixamorigwRightFoot-roty-sampler"><input semantic="INPUT" source="#hpl_mixamorigwRightFoot-time" /><input semantic="OUTPUT" source="#hpl_mixamorigwRightFoot-roty" /></sampler><channel source="#hpl_mixamorigwRightFoot-roty-sampler" target="mixamorigwRightFoot/rotateY.ANGLE" />
      <sampler id="hpl_mixamorigwRightFoot-rotx-sampler"><input semantic="INPUT" source="#hpl_mixamorigwRightFoot-time" /><input semantic="OUTPUT" source="#hpl_mixamorigwRightFoot-rotx" /></sampler><channel source="#hpl_mixamorigwRightFoot-rotx-sampler" target="mixamorigwRightFoot/rotateX.ANGLE" />
    </animation>
    <animation id="hpl_mixamorigwRightToeBase">
      <source id="hpl_mixamorigwRightToeBase-time"><float_array id="hpl_mixamorigwRightToeBase-time-array" count="40">0 1 2 3 4 5 6 7 8 9 10 11 12 13 14 15 16 17 18 19 20 21 22 23 24 25 26 27 28 29 30 31 32 33 34 35 36 37 38 39</float_array><technique_common><accessor source="#hpl_mixamorigwRightToeBase-time-array" count="40" stride="1" /></technique_common></source>
      <source id="hpl_mixamorigwRightToeBase-trans"><float_array id="hpl_mixamorigwRightToeBase-trans-array" count="120">-1.99614e-07 0.162229 6.56946e-08 -1.99614e-07 0.162229 6.56946e-08 -1.99614e-07 0.162229 6.56946e-08 -1.99614e-07 0.162229 6.56946e-08 -1.99614e-07 0.162229 6.56946e-08 -1.99614e-07 0.162229 6.56946e-08 -1.99614e-07 0.162229 6.56946e-08 -1.99614e-07 0.162229 6.56946e-08 -1.99614e-07 0.162229 6.56946e-08 -1.99614e-07 0.162229 6.56946e-08 -1.99614e-07 0.162229 6.56946e-08 -1.99614e-07 0.162229 6.56946e-08 -1.99614e-07 0.162229 6.56946e-08 -1.99614e-07 0.162229 6.56946e-08 -1.99614e-07 0.162229 6.56946e-08 -1.99614e-07 0.162229 6.56946e-08 -1.99614e-07 0.162229 6.56946e-08 -1.99614e-07 0.162229 6.56946e-08 -1.99614e-07 0.162229 6.56946e-08 -1.99614e-07 0.162229 6.56946e-08 -1.99614e-07 0.162229 6.56946e-08 -1.99614e-07 0.162229 6.56946e-08 -1.99614e-07 0.162229 6.56946e-08 -1.99614e-07 0.162229 6.56946e-08 -1.99614e-07 0.162229 6.56946e-08 -1.99614e-07 0.162229 6.56946e-08 -1.99614e-07 0.162229 6.56946e-08 -1.99614e-07 0.162229 6.56946e-08 -1.99614e-07 0.162229 6.56946e-08 -1.99614e-07 0.162229 6.56946e-08 -1.99614e-07 0.162229 6.56946e-08 -1.99614e-07 0.162229 6.56946e-08 -1.99614e-07 0.162229 6.56946e-08 -1.99614e-07 0.162229 6.56946e-08 -1.99614e-07 0.162229 6.56946e-08 -1.99614e-07 0.162229 6.56946e-08 -1.99614e-07 0.162229 6.56946e-08 -1.99614e-07 0.162229 6.56946e-08 -1.99614e-07 0.162229 6.56946e-08 -1.99614e-07 0.162229 6.56946e-08</float_array><technique_common><accessor source="#hpl_mixamorigwRightToeBase-trans-array" count="40" stride="3" /></technique_common></source>
      <source id="hpl_mixamorigwRightToeBase-rotz"><float_array id="hpl_mixamorigwRightToeBase-rotz-array" count="40">-0.0204466 -0.397174 0.209447 0.52647 0.450514 0.300763 0.238143 0.271347 0.344746 0.384337 0.317957 0.227971 0.250837 0.299263 0.153546 -0.154275 -0.319602 -0.163356 -0.325467 -0.275992 -0.0524536 0.112 0.2086 0.238783 0.29842 0.363445 0.385544 0.376984 0.377408 0.364413 0.349282 0.320322 0.287346 0.251826 0.216707 0.202634 0.197177 0.198269 0.210714 0.207515</float_array><technique_common><accessor source="#hpl_mixamorigwRightToeBase-rotz-array" count="40" stride="1" /></technique_common></source>
      <source id="hpl_mixamorigwRightToeBase-roty"><float_array id="hpl_mixamorigwRightToeBase-roty-array" count="40">1.5559 2.26171 2.10674 1.99757 1.73863 1.37098 1.04602 0.904089 0.917291 1.11942 1.21534 1.40564 1.5225 1.55121 1.39504 1.40747 1.96389 1.67579 1.44978 1.29848 1.05609 1.01837 0.98348 0.901797 0.878784 0.898464 0.895368 0.876822 0.882315 0.894139 0.928302 0.971545 1.01471 1.04785 1.06763 1.08213 1.08328 1.07059 1.03862 0.995958</float_array><technique_common><accessor source="#hpl_mixamorigwRightToeBase-roty-array" count="40" stride="1" /></technique_common></source>
      <source id="hpl_mixamorigwRightToeBase-rotx"><float_array id="hpl_mixamorigwRightToeBase-rotx-array" count="40">-38.2977 -43.4364 -37.8674 -35.513 -35.509 -35.8562 -35.9588 -35.9168 -35.9683 -35.4015 -34.5037 -34.8562 -35.4056 -35.7965 -36.3969 -37.4696 -39.8566 -39.4307 -39.3682 -38.3317 -36.1265 -35.0652 -34.5085 -34.0198 -33.7172 -33.5996 -33.5393 -33.5198 -33.5797 -33.7296 -33.9961 -34.3415 -34.676 -34.9547 -35.1545 -35.2495 -35.2334 -35.1372 -34.9046 -34.6607</float_array><technique_common><accessor source="#hpl_mixamorigwRightToeBase-rotx-array" count="40" stride="1" /></technique_common></source>
      <sampler id="hpl_mixamorigwRightToeBase-trans-sampler"><input semantic="INPUT" source="#hpl_mixamorigwRightToeBase-time" /><input semantic="OUTPUT" source="#hpl_mixamorigwRightToeBase-trans" /></sampler><channel source="#hpl_mixamorigwRightToeBase-trans-sampler" target="mixamorigwRightToeBase/translate" />
      <sampler id="hpl_mixamorigwRightToeBase-rotz-sampler"><input semantic="INPUT" source="#hpl_mixamorigwRightToeBase-time" /><input semantic="OUTPUT" source="#hpl_mixamorigwRightToeBase-rotz" /></sampler><channel source="#hpl_mixamorigwRightToeBase-rotz-sampler" target="mixamorigwRightToeBase/rotateZ.ANGLE" />
      <sampler id="hpl_mixamorigwRightToeBase-roty-sampler"><input semantic="INPUT" source="#hpl_mixamorigwRightToeBase-time" /><input semantic="OUTPUT" source="#hpl_mixamorigwRightToeBase-roty" /></sampler><channel source="#hpl_mixamorigwRightToeBase-roty-sampler" target="mixamorigwRightToeBase/rotateY.ANGLE" />
      <sampler id="hpl_mixamorigwRightToeBase-rotx-sampler"><input semantic="INPUT" source="#hpl_mixamorigwRightToeBase-time" /><input semantic="OUTPUT" source="#hpl_mixamorigwRightToeBase-rotx" /></sampler><channel source="#hpl_mixamorigwRightToeBase-rotx-sampler" target="mixamorigwRightToeBase/rotateX.ANGLE" />
    </animation>
    <animation id="hpl_mixamorigwSpine">
      <source id="hpl_mixamorigwSpine-time"><float_array id="hpl_mixamorigwSpine-time-array" count="40">0 1 2 3 4 5 6 7 8 9 10 11 12 13 14 15 16 17 18 19 20 21 22 23 24 25 26 27 28 29 30 31 32 33 34 35 36 37 38 39</float_array><technique_common><accessor source="#hpl_mixamorigwSpine-time-array" count="40" stride="1" /></technique_common></source>
      <source id="hpl_mixamorigwSpine-trans"><float_array id="hpl_mixamorigwSpine-trans-array" count="120">-0.0675692 -0.0488203 0.113795 -0.0675692 -0.0488203 0.113795 -0.0675692 -0.0488203 0.113795 -0.0675692 -0.0488203 0.113795 -0.0675692 -0.0488203 0.113795 -0.0675692 -0.0488203 0.113795 -0.0675692 -0.0488203 0.113795 -0.0675692 -0.0488203 0.113795 -0.0675692 -0.0488203 0.113795 -0.0675692 -0.0488203 0.113795 -0.0675692 -0.0488203 0.113795 -0.0675692 -0.0488203 0.113795 -0.0675692 -0.0488203 0.113795 -0.0675692 -0.0488203 0.113795 -0.0675692 -0.0488203 0.113795 -0.0675692 -0.0488203 0.113795 -0.0675692 -0.0488203 0.113795 -0.0675692 -0.0488203 0.113795 -0.0675692 -0.0488203 0.113795 -0.0675692 -0.0488203 0.113795 -0.0675692 -0.0488203 0.113795 -0.0675692 -0.0488203 0.113795 -0.0675692 -0.0488203 0.113795 -0.0675692 -0.0488203 0.113795 -0.0675692 -0.0488203 0.113795 -0.0675692 -0.0488203 0.113795 -0.0675692 -0.0488203 0.113795 -0.0675692 -0.0488203 0.113795 -0.0675692 -0.0488203 0.113795 -0.0675692 -0.0488203 0.113795 -0.0675692 -0.0488203 0.113795 -0.0675692 -0.0488203 0.113795 -0.0675692 -0.0488203 0.113795 -0.0675692 -0.0488203 0.113795 -0.0675692 -0.0488203 0.113795 -0.0675692 -0.0488203 0.113795 -0.0675692 -0.0488203 0.113795 -0.0675692 -0.0488203 0.113795 -0.0675692 -0.0488203 0.113795 -0.0675692 -0.0488203 0.113795</float_array><technique_common><accessor source="#hpl_mixamorigwSpine-trans-array" count="40" stride="3" /></technique_common></source>
      <source id="hpl_mixamorigwSpine-rotz"><float_array id="hpl_mixamorigwSpine-rotz-array" count="40">109.245 109.958 110.179 110.283 110.242 109.835 109.161 108.567 107.819 107.283 107.123 107.723 108.705 109.379 109.232 108.8 108.966 109.267 108.055 108.034 108.379 108.632 108.794 108.855 108.948 109.005 108.993 108.937 108.875 108.841 108.78 108.717 108.637 108.551 108.446 108.322 108.235 108.189 108.192 108.259</float_array><technique_common><accessor source="#hpl_mixamorigwSpine-rotz-array" count="40" stride="1" /></technique_common></source>
      <source id="hpl_mixamorigwSpine-roty"><float_array id="hpl_mixamorigwSpine-roty-array" count="40">-11.6572 -11.8012 -11.8249 -11.7924 -11.3239 -11.0773 -10.9014 -10.7299 -10.4503 -9.83408 -9.45827 -9.95534 -10.5279 -10.8084 -11.04 -11.826 -12.0799 -11.961 -10.9151 -10.8246 -10.9844 -11.2816 -11.5298 -11.6896 -11.7695 -11.8103 -11.821 -11.7851 -11.7365 -11.6355 -11.5292 -11.4045 -11.2544 -11.1262 -11.0308 -10.9728 -10.9213 -10.8874 -10.8992 -10.9525</float_array><technique_common><accessor source="#hpl_mixamorigwSpine-roty-array" count="40" stride="1" /></technique_common></source>
      <source id="hpl_mixamorigwSpine-rotx"><float_array id="hpl_mixamorigwSpine-rotx-array" count="40">68.2117 65.8001 61.9167 61.178 63.8378 68.5046 73.4149 77.4295 80.2468 80.9137 79.7484 77.4948 75.3939 73.4449 70.6909 67.4182 65.8285 67.6561 70.7168 72.3004 73.28 74.0422 74.4884 74.9184 75.0007 74.7901 74.331 73.6949 72.9113 71.9752 70.9323 69.7543 68.3775 66.8816 65.3653 63.8856 62.4259 61.1281 60.0654 59.2634</float_array><technique_common><accessor source="#hpl_mixamorigwSpine-rotx-array" count="40" stride="1" /></technique_common></source>
      <sampler id="hpl_mixamorigwSpine-trans-sampler"><input semantic="INPUT" source="#hpl_mixamorigwSpine-time" /><input semantic="OUTPUT" source="#hpl_mixamorigwSpine-trans" /></sampler><channel source="#hpl_mixamorigwSpine-trans-sampler" target="mixamorigwSpine/translate" />
      <sampler id="hpl_mixamorigwSpine-rotz-sampler"><input semantic="INPUT" source="#hpl_mixamorigwSpine-time" /><input semantic="OUTPUT" source="#hpl_mixamorigwSpine-rotz" /></sampler><channel source="#hpl_mixamorigwSpine-rotz-sampler" target="mixamorigwSpine/rotateZ.ANGLE" />
      <sampler id="hpl_mixamorigwSpine-roty-sampler"><input semantic="INPUT" source="#hpl_mixamorigwSpine-time" /><input semantic="OUTPUT" source="#hpl_mixamorigwSpine-roty" /></sampler><channel source="#hpl_mixamorigwSpine-roty-sampler" target="mixamorigwSpine/rotateY.ANGLE" />
      <sampler id="hpl_mixamorigwSpine-rotx-sampler"><input semantic="INPUT" source="#hpl_mixamorigwSpine-time" /><input semantic="OUTPUT" source="#hpl_mixamorigwSpine-rotx" /></sampler><channel source="#hpl_mixamorigwSpine-rotx-sampler" target="mixamorigwSpine/rotateX.ANGLE" />
    </animation>
    <animation id="hpl_mixamorigwSpine1">
      <source id="hpl_mixamorigwSpine1-time"><float_array id="hpl_mixamorigwSpine1-time-array" count="40">0 1 2 3 4 5 6 7 8 9 10 11 12 13 14 15 16 17 18 19 20 21 22 23 24 25 26 27 28 29 30 31 32 33 34 35 36 37 38 39</float_array><technique_common><accessor source="#hpl_mixamorigwSpine1-time-array" count="40" stride="1" /></technique_common></source>
      <source id="hpl_mixamorigwSpine1-trans"><float_array id="hpl_mixamorigwSpine1-trans-array" count="120">1.44736e-09 0.14106 -1.23518e-07 1.44736e-09 0.14106 -1.23518e-07 1.44736e-09 0.14106 -1.23518e-07 1.44736e-09 0.14106 -1.23518e-07 1.44736e-09 0.14106 -1.23518e-07 1.44736e-09 0.14106 -1.23518e-07 1.44736e-09 0.14106 -1.23518e-07 1.44736e-09 0.14106 -1.23518e-07 1.44736e-09 0.14106 -1.23518e-07 1.44736e-09 0.14106 -1.23518e-07 1.44736e-09 0.14106 -1.23518e-07 1.44736e-09 0.14106 -1.23518e-07 1.44736e-09 0.14106 -1.23518e-07 1.44736e-09 0.14106 -1.23518e-07 1.44736e-09 0.14106 -1.23518e-07 1.44736e-09 0.14106 -1.23518e-07 1.44736e-09 0.14106 -1.23518e-07 1.44736e-09 0.14106 -1.23518e-07 1.44736e-09 0.14106 -1.23518e-07 1.44736e-09 0.14106 -1.23518e-07 1.44736e-09 0.14106 -1.23518e-07 1.44736e-09 0.14106 -1.23518e-07 1.44736e-09 0.14106 -1.23518e-07 1.44736e-09 0.14106 -1.23518e-07 1.44736e-09 0.14106 -1.23518e-07 1.44736e-09 0.14106 -1.23518e-07 1.44736e-09 0.14106 -1.23518e-07 1.44736e-09 0.14106 -1.23518e-07 1.44736e-09 0.14106 -1.23518e-07 1.44736e-09 0.14106 -1.23518e-07 1.44736e-09 0.14106 -1.23518e-07 1.44736e-09 0.14106 -1.23518e-07 1.44736e-09 0.14106 -1.23518e-07 1.44736e-09 0.14106 -1.23518e-07 1.44736e-09 0.14106 -1.23518e-07 1.44736e-09 0.14106 -1.23518e-07 1.44736e-09 0.14106 -1.23518e-07 1.44736e-09 0.14106 -1.23518e-07 1.44736e-09 0.14106 -1.23518e-07 1.44736e-09 0.14106 -1.23518e-07</float_array><technique_common><accessor source="#hpl_mixamorigwSpine1-trans-array" count="40" stride="3" /></technique_common></source>
      <source id="hpl_mixamorigwSpine1-rotz"><float_array id="hpl_mixamorigwSpine1-rotz-array" count="40">-0.414967 -0.503434 -0.52473 -0.614624 -0.61603 -0.644676 -0.619461 -0.395499 -0.0571575 0.0360508 0.00634913 0.211507 0.313299 -0.0307236 -0.659925 -1.00818 -0.630402 -0.183706 -0.328814 -0.370021 -0.21864 -0.196875 -0.179459 -0.176607 -0.190214 -0.189525 -0.199788 -0.237237 -0.31552 -0.388345 -0.463974 -0.527869 -0.57896 -0.613838 -0.622555 -0.614525 -0.587972 -0.569674 -0.587499 -0.61847</float_array><technique_common><accessor source="#hpl_mixamorigwSpine1-rotz-array" count="40" stride="1" /></technique_common></source>
      <source id="hpl_mixamorigwSpine1-roty"><float_array id="hpl_mixamorigwSpine1-roty-array" count="40">-0.617608 -0.235668 1.08526 1.62793 1.32675 0.525217 -0.349659 -0.575308 -0.125265 -0.26995 -0.547483 -0.865305 -1.19023 -1.25043 -0.365995 1.0943 0.911182 -0.103808 -0.861339 -0.68669 -0.695461 -0.580962 -0.649478 -0.629007 -0.552293 -0.504353 -0.501078 -0.527161 -0.546128 -0.615605 -0.686021 -0.76461 -0.81186 -0.811829 -0.81004 -0.797827 -0.846099 -0.964928 -1.06675 -1.0801</float_array><technique_common><accessor source="#hpl_mixamorigwSpine1-roty-array" count="40" stride="1" /></technique_common></source>
      <source id="hpl_mixamorigwSpine1-rotx"><float_array id="hpl_mixamorigwSpine1-rotx-array" count="40">-7.45205 -8.12342 -9.17606 -9.08361 -8.23635 -6.98434 -5.47251 -3.9983 -2.92996 -1.99484 -1.76382 -2.909 -4.54491 -5.84109 -6.72983 -7.67985 -8.29917 -7.84549 -6.766 -5.67569 -4.65215 -3.72014 -3.19285 -2.90506 -2.78512 -2.89369 -3.17178 -3.58754 -4.09703 -4.68515 -5.2646 -5.84358 -6.43201 -7.03476 -7.61542 -8.21722 -8.73551 -9.21179 -9.56034 -9.77858</float_array><technique_common><accessor source="#hpl_mixamorigwSpine1-rotx-array" count="40" stride="1" /></technique_common></source>
      <sampler id="hpl_mixamorigwSpine1-trans-sampler"><input semantic="INPUT" source="#hpl_mixamorigwSpine1-time" /><input semantic="OUTPUT" source="#hpl_mixamorigwSpine1-trans" /></sampler><channel source="#hpl_mixamorigwSpine1-trans-sampler" target="mixamorigwSpine1/translate" />
      <sampler id="hpl_mixamorigwSpine1-rotz-sampler"><input semantic="INPUT" source="#hpl_mixamorigwSpine1-time" /><input semantic="OUTPUT" source="#hpl_mixamorigwSpine1-rotz" /></sampler><channel source="#hpl_mixamorigwSpine1-rotz-sampler" target="mixamorigwSpine1/rotateZ.ANGLE" />
      <sampler id="hpl_mixamorigwSpine1-roty-sampler"><input semantic="INPUT" source="#hpl_mixamorigwSpine1-time" /><input semantic="OUTPUT" source="#hpl_mixamorigwSpine1-roty" /></sampler><channel source="#hpl_mixamorigwSpine1-roty-sampler" target="mixamorigwSpine1/rotateY.ANGLE" />
      <sampler id="hpl_mixamorigwSpine1-rotx-sampler"><input semantic="INPUT" source="#hpl_mixamorigwSpine1-time" /><input semantic="OUTPUT" source="#hpl_mixamorigwSpine1-rotx" /></sampler><channel source="#hpl_mixamorigwSpine1-rotx-sampler" target="mixamorigwSpine1/rotateX.ANGLE" />
    </animation>
    <animation id="hpl_mixamorigwSpine2">
      <source id="hpl_mixamorigwSpine2-time"><float_array id="hpl_mixamorigwSpine2-time-array" count="40">0 1 2 3 4 5 6 7 8 9 10 11 12 13 14 15 16 17 18 19 20 21 22 23 24 25 26 27 28 29 30 31 32 33 34 35 36 37 38 39</float_array><technique_common><accessor source="#hpl_mixamorigwSpine2-time-array" count="40" stride="1" /></technique_common></source>
      <source id="hpl_mixamorigwSpine2-trans"><float_array id="hpl_mixamorigwSpine2-trans-array" count="120">-3.64405e-08 0.141065 -2.35147e-07 -3.64405e-08 0.141065 -2.35147e-07 -3.64405e-08 0.141065 -2.35147e-07 -3.64405e-08 0.141065 -2.35147e-07 -3.64405e-08 0.141065 -2.35147e-07 -3.64405e-08 0.141065 -2.35147e-07 -3.64405e-08 0.141065 -2.35147e-07 -3.64405e-08 0.141065 -2.35147e-07 -3.64405e-08 0.141065 -2.35147e-07 -3.64405e-08 0.141065 -2.35147e-07 -3.64405e-08 0.141065 -2.35147e-07 -3.64405e-08 0.141065 -2.35147e-07 -3.64405e-08 0.141065 -2.35147e-07 -3.64405e-08 0.141065 -2.35147e-07 -3.64405e-08 0.141065 -2.35147e-07 -3.64405e-08 0.141065 -2.35147e-07 -3.64405e-08 0.141065 -2.35147e-07 -3.64405e-08 0.141065 -2.35147e-07 -3.64405e-08 0.141065 -2.35147e-07 -3.64405e-08 0.141065 -2.35147e-07 -3.64405e-08 0.141065 -2.35147e-07 -3.64405e-08 0.141065 -2.35147e-07 -3.64405e-08 0.141065 -2.35147e-07 -3.64405e-08 0.141065 -2.35147e-07 -3.64405e-08 0.141065 -2.35147e-07 -3.64405e-08 0.141065 -2.35147e-07 -3.64405e-08 0.141065 -2.35147e-07 -3.64405e-08 0.141065 -2.35147e-07 -3.64405e-08 0.141065 -2.35147e-07 -3.64405e-08 0.141065 -2.35147e-07 -3.64405e-08 0.141065 -2.35147e-07 -3.64405e-08 0.141065 -2.35147e-07 -3.64405e-08 0.141065 -2.35147e-07 -3.64405e-08 0.141065 -2.35147e-07 -3.64405e-08 0.141065 -2.35147e-07 -3.64405e-08 0.141065 -2.35147e-07 -3.64405e-08 0.141065 -2.35147e-07 -3.64405e-08 0.141065 -2.35147e-07 -3.64405e-08 0.141065 -2.35147e-07 -3.64405e-08 0.141065 -2.35147e-07</float_array><technique_common><accessor source="#hpl_mixamorigwSpine2-trans-array" count="40" stride="3" /></technique_common></source>
      <source id="hpl_mixamorigwSpine2-rotz"><float_array id="hpl_mixamorigwSpine2-rotz-array" count="40">0.979443 1.22928 1.07284 0.689978 0.30288 -0.00260378 -0.497573 -0.911039 -1.0468 -1.26468 -1.70078 -1.52938 -0.85023 -0.327709 0.0847902 0.462347 0.533194 0.92389 0.126088 -0.476015 -0.393764 0.0319482 0.329974 0.342835 0.338087 0.259162 0.0512697 -0.225746 -0.483987 -0.722958 -0.942711 -1.10769 -1.2129 -1.24797 -1.20055 -1.08897 -0.94265 -0.800769 -0.697182 -0.612572</float_array><technique_common><accessor source="#hpl_mixamorigwSpine2-rotz-array" count="40" stride="1" /></technique_common></source>
      <source id="hpl_mixamorigwSpine2-roty"><float_array id="hpl_mixamorigwSpine2-roty-array" count="40">-2.72935 -1.91767 -1.59246 -1.61899 -2.15826 -2.6677 -2.63253 -2.59174 -2.50311 -2.00509 -1.53359 -1.0317 -0.41022 -0.0583449 -0.0849547 -0.579017 -0.470189 -0.558067 -0.715144 -1.30384 -1.8492 -2.3858 -2.52661 -2.46531 -2.4567 -2.52631 -2.65955 -2.81502 -2.97689 -3.11329 -3.17113 -3.17758 -3.16696 -3.12176 -3.04916 -3.02648 -3.08853 -3.18025 -3.32795 -3.53382</float_array><technique_common><accessor source="#hpl_mixamorigwSpine2-roty-array" count="40" stride="1" /></technique_common></source>
      <source id="hpl_mixamorigwSpine2-rotx"><float_array id="hpl_mixamorigwSpine2-rotx-array" count="40">7.06943 6.1059 6.20374 7.26118 9.83011 12.7458 15.0683 16.8048 18.3358 19.8402 20.6162 19.5157 16.738 13.6384 11.2765 9.89888 9.37895 9.10375 9.90694 12.2195 13.5426 14.15 14.7964 15.2764 15.6436 15.6997 15.4201 14.8545 14.0819 13.1256 12.0545 10.909 9.69074 8.54588 7.60171 6.92183 6.41789 6.08295 5.95925 6.01636</float_array><technique_common><accessor source="#hpl_mixamorigwSpine2-rotx-array" count="40" stride="1" /></technique_common></source>
      <sampler id="hpl_mixamorigwSpine2-trans-sampler"><input semantic="INPUT" source="#hpl_mixamorigwSpine2-time" /><input semantic="OUTPUT" source="#hpl_mixamorigwSpine2-trans" /></sampler><channel source="#hpl_mixamorigwSpine2-trans-sampler" target="mixamorigwSpine2/translate" />
      <sampler id="hpl_mixamorigwSpine2-rotz-sampler"><input semantic="INPUT" source="#hpl_mixamorigwSpine2-time" /><input semantic="OUTPUT" source="#hpl_mixamorigwSpine2-rotz" /></sampler><channel source="#hpl_mixamorigwSpine2-rotz-sampler" target="mixamorigwSpine2/rotateZ.ANGLE" />
      <sampler id="hpl_mixamorigwSpine2-roty-sampler"><input semantic="INPUT" source="#hpl_mixamorigwSpine2-time" /><input semantic="OUTPUT" source="#hpl_mixamorigwSpine2-roty" /></sampler><channel source="#hpl_mixamorigwSpine2-roty-sampler" target="mixamorigwSpine2/rotateY.ANGLE" />
      <sampler id="hpl_mixamorigwSpine2-rotx-sampler"><input semantic="INPUT" source="#hpl_mixamorigwSpine2-time" /><input semantic="OUTPUT" source="#hpl_mixamorigwSpine2-rotx" /></sampler><channel source="#hpl_mixamorigwSpine2-rotx-sampler" target="mixamorigwSpine2/rotateX.ANGLE" />
    </animation>
    <animation id="hpl_mixamorigwLeftShoulder">
      <source id="hpl_mixamorigwLeftShoulder-time"><float_array id="hpl_mixamorigwLeftShoulder-time-array" count="40">0 1 2 3 4 5 6 7 8 9 10 11 12 13 14 15 16 17 18 19 20 21 22 23 24 25 26 27 28 29 30 31 32 33 34 35 36 37 38 39</float_array><technique_common><accessor source="#hpl_mixamorigwLeftShoulder-time-array" count="40" stride="1" /></technique_common></source>
      <source id="hpl_mixamorigwLeftShoulder-trans"><float_array id="hpl_mixamorigwLeftShoulder-trans-array" count="120">0.0413714 0.0784535 -0.00380876 0.0413714 0.0784535 -0.00380876 0.0413714 0.0784535 -0.00380876 0.0413714 0.0784535 -0.00380876 0.0413714 0.0784535 -0.00380876 0.0413714 0.0784535 -0.00380876 0.0413714 0.0784535 -0.00380876 0.0413714 0.0784535 -0.00380876 0.0413714 0.0784535 -0.00380876 0.0413714 0.0784535 -0.00380876 0.0413714 0.0784535 -0.00380876 0.0413714 0.0784535 -0.00380876 0.0413714 0.0784535 -0.00380876 0.0413714 0.0784535 -0.00380876 0.0413714 0.0784535 -0.00380876 0.0413714 0.0784535 -0.00380876 0.0413714 0.0784535 -0.00380876 0.0413714 0.0784535 -0.00380876 0.0413714 0.0784535 -0.00380876 0.0413714 0.0784535 -0.00380876 0.0413714 0.0784535 -0.00380876 0.0413714 0.0784535 -0.00380876 0.0413714 0.0784535 -0.00380876 0.0413714 0.0784535 -0.00380876 0.0413714 0.0784535 -0.00380876 0.0413714 0.0784535 -0.00380876 0.0413714 0.0784535 -0.00380876 0.0413714 0.0784535 -0.00380876 0.0413714 0.0784535 -0.00380876 0.0413714 0.0784535 -0.00380876 0.0413714 0.0784535 -0.00380876 0.0413714 0.0784535 -0.00380876 0.0413714 0.0784535 -0.00380876 0.0413714 0.0784535 -0.00380876 0.0413714 0.0784535 -0.00380876 0.0413714 0.0784535 -0.00380876 0.0413714 0.0784535 -0.00380876 0.0413714 0.0784535 -0.00380876 0.0413714 0.0784535 -0.00380876 0.0413714 0.0784535 -0.00380876</float_array><technique_common><accessor source="#hpl_mixamorigwLeftShoulder-trans-array" count="40" stride="3" /></technique_common></source>
      <source id="hpl_mixamorigwLeftShoulder-rotz"><float_array id="hpl_mixamorigwLeftShoulder-rotz-array" count="40">31.1829 35.8572 74.4591 106.893 110.788 106.459 100.274 95.639 94.9746 96.8918 98.2447 107.612 120.413 131.152 138.6 142.933 144.037 141.798 136.182 124.931 112.226 99.5292 87.1584 78.3783 72.823 70.8863 71.7177 73.6315 75.3547 77.2683 79.4709 82.5923 86.6933 91.5507 96.2845 100.498 104.445 107.766 110.019 111.581</float_array><technique_common><accessor source="#hpl_mixamorigwLeftShoulder-rotz-array" count="40" stride="1" /></technique_common></source>
      <source id="hpl_mixamorigwLeftShoulder-roty"><float_array id="hpl_mixamorigwLeftShoulder-roty-array" count="40">78.4642 82.4878 85.1844 83.2859 80.4852 78.8279 78.776 79.4922 79.6375 78.8964 77.3471 75.51 72.4729 68.599 65.0591 62.209 61.3865 62.1679 64.3464 66.0871 68.5233 70.7408 72.4565 73.5404 74.3344 74.9519 75.508 75.7726 75.852 75.7767 75.5984 75.4084 75.1358 74.788 74.4076 74.0114 73.4586 72.6952 71.78 70.7428</float_array><technique_common><accessor source="#hpl_mixamorigwLeftShoulder-roty-array" count="40" stride="1" /></technique_common></source>
      <source id="hpl_mixamorigwLeftShoulder-rotx"><float_array id="hpl_mixamorigwLeftShoulder-rotx-array" count="40">103.461 103.34 140.132 176.897 185.808 183.665 177.339 172.752 172.573 176.21 179.416 188.871 199.983 207.642 212.219 216.244 219.555 221.466 219.959 215.134 206.575 196.061 184.398 175.599 169.999 167.943 168.6 170.274 171.758 173.498 175.593 178.561 182.48 187.073 191.565 195.795 200.209 204.693 208.82 212.527</float_array><technique_common><accessor source="#hpl_mixamorigwLeftShoulder-rotx-array" count="40" stride="1" /></technique_common></source>
      <sampler id="hpl_mixamorigwLeftShoulder-trans-sampler"><input semantic="INPUT" source="#hpl_mixamorigwLeftShoulder-time" /><input semantic="OUTPUT" source="#hpl_mixamorigwLeftShoulder-trans" /></sampler><channel source="#hpl_mixamorigwLeftShoulder-trans-sampler" target="mixamorigwLeftShoulder/translate" />
      <sampler id="hpl_mixamorigwLeftShoulder-rotz-sampler"><input semantic="INPUT" source="#hpl_mixamorigwLeftShoulder-time" /><input semantic="OUTPUT" source="#hpl_mixamorigwLeftShoulder-rotz" /></sampler><channel source="#hpl_mixamorigwLeftShoulder-rotz-sampler" target="mixamorigwLeftShoulder/rotateZ.ANGLE" />
      <sampler id="hpl_mixamorigwLeftShoulder-roty-sampler"><input semantic="INPUT" source="#hpl_mixamorigwLeftShoulder-time" /><input semantic="OUTPUT" source="#hpl_mixamorigwLeftShoulder-roty" /></sampler><channel source="#hpl_mixamorigwLeftShoulder-roty-sampler" target="mixamorigwLeftShoulder/rotateY.ANGLE" />
      <sampler id="hpl_mixamorigwLeftShoulder-rotx-sampler"><input semantic="INPUT" source="#hpl_mixamorigwLeftShoulder-time" /><input semantic="OUTPUT" source="#hpl_mixamorigwLeftShoulder-rotx" /></sampler><channel source="#hpl_mixamorigwLeftShoulder-rotx-sampler" target="mixamorigwLeftShoulder/rotateX.ANGLE" />
    </animation>
    <animation id="hpl_mixamorigwLeftArm">
      <source id="hpl_mixamorigwLeftArm-time"><float_array id="hpl_mixamorigwLeftArm-time-array" count="40">0 1 2 3 4 5 6 7 8 9 10 11 12 13 14 15 16 17 18 19 20 21 22 23 24 25 26 27 28 29 30 31 32 33 34 35 36 37 38 39</float_array><technique_common><accessor source="#hpl_mixamorigwLeftArm-time-array" count="40" stride="1" /></technique_common></source>
      <source id="hpl_mixamorigwLeftArm-trans"><float_array id="hpl_mixamorigwLeftArm-trans-array" count="120">9.98332e-07 0.163973 5.96014e-06 9.98332e-07 0.163973 5.96014e-06 9.98332e-07 0.163973 5.96014e-06 9.98332e-07 0.163973 5.96014e-06 9.98332e-07 0.163973 5.96014e-06 9.98332e-07 0.163973 5.96014e-06 9.98332e-07 0.163973 5.96014e-06 9.98332e-07 0.163973 5.96014e-06 9.98332e-07 0.163973 5.96014e-06 9.98332e-07 0.163973 5.96014e-06 9.98332e-07 0.163973 5.96014e-06 9.98332e-07 0.163973 5.96014e-06 9.98332e-07 0.163973 5.96014e-06 9.98332e-07 0.163973 5.96014e-06 9.98332e-07 0.163973 5.96014e-06 9.98332e-07 0.163973 5.96014e-06 9.98332e-07 0.163973 5.96014e-06 9.98332e-07 0.163973 5.96014e-06 9.98332e-07 0.163973 5.96014e-06 9.98332e-07 0.163973 5.96014e-06 9.98332e-07 0.163973 5.96014e-06 9.98332e-07 0.163973 5.96014e-06 9.98332e-07 0.163973 5.96014e-06 9.98332e-07 0.163973 5.96014e-06 9.98332e-07 0.163973 5.96014e-06 9.98332e-07 0.163973 5.96014e-06 9.98332e-07 0.163973 5.96014e-06 9.98332e-07 0.163973 5.96014e-06 9.98332e-07 0.163973 5.96014e-06 9.98332e-07 0.163973 5.96014e-06 9.98332e-07 0.163973 5.96014e-06 9.98332e-07 0.163973 5.96014e-06 9.98332e-07 0.163973 5.96014e-06 9.98332e-07 0.163973 5.96014e-06 9.98332e-07 0.163973 5.96014e-06 9.98332e-07 0.163973 5.96014e-06 9.98332e-07 0.163973 5.96014e-06 9.98332e-07 0.163973 5.96014e-06 9.98332e-07 0.163973 5.96014e-06 9.98332e-07 0.163973 5.96014e-06</float_array><technique_common><accessor source="#hpl_mixamorigwLeftArm-trans-array" count="40" stride="3" /></technique_common></source>
      <source id="hpl_mixamorigwLeftArm-rotz"><float_array id="hpl_mixamorigwLeftArm-rotz-array" count="40">52.8166 46.8098 35.7791 31.032 27.9483 25.5588 25.3868 27.3422 28.4991 25.378 17.669 9.2522 2.88647 0.970442 2.57591 3.25878 2.74058 2.90472 8.91276 15.9546 23.314 33.7783 44.3775 47.6513 48.9418 49.9854 50.4554 50.3217 49.9248 49.3682 48.7487 48.2581 48.0117 48.1146 48.4809 48.8302 49.0346 48.9537 48.6438 48.3471</float_array><technique_common><accessor source="#hpl_mixamorigwLeftArm-rotz-array" count="40" stride="1" /></technique_common></source>
      <source id="hpl_mixamorigwLeftArm-roty"><float_array id="hpl_mixamorigwLeftArm-roty-array" count="40">-49.2293 -51.4493 -50.2218 -45.9871 -42.339 -38.1875 -33.6399 -30.3414 -30.0975 -31.9304 -34.8241 -29.7326 -15.7226 0.617787 12.7195 18.8626 22.1484 21.5653 15.5857 5.84852 -3.59423 -9.2598 -10.2001 -11.94 -13.6552 -13.0605 -10.308 -7.17196 -4.89195 -3.27304 -1.85955 -0.0578292 2.55225 5.88182 9.57648 13.3082 16.8575 19.976 22.367 23.436</float_array><technique_common><accessor source="#hpl_mixamorigwLeftArm-roty-array" count="40" stride="1" /></technique_common></source>
      <source id="hpl_mixamorigwLeftArm-rotx"><float_array id="hpl_mixamorigwLeftArm-rotx-array" count="40">-11.5347 -5.7944 6.4659 8.45482 9.29474 11.6743 12.4623 10.7194 8.20624 4.83896 2.36821 4.95779 9.10316 13.0422 19.6402 28.9523 39.1528 49.2214 56.367 55.31 50.586 41.8825 32.2959 27.1111 23.3853 20.3421 18.1421 16.8452 16.6062 17.4421 19.1239 21.5573 24.3759 27.1213 29.4997 31.5167 33.3123 34.9161 36.2131 37.6958</float_array><technique_common><accessor source="#hpl_mixamorigwLeftArm-rotx-array" count="40" stride="1" /></technique_common></source>
      <sampler id="hpl_mixamorigwLeftArm-trans-sampler"><input semantic="INPUT" source="#hpl_mixamorigwLeftArm-time" /><input semantic="OUTPUT" source="#hpl_mixamorigwLeftArm-trans" /></sampler><channel source="#hpl_mixamorigwLeftArm-trans-sampler" target="mixamorigwLeftArm/translate" />
      <sampler id="hpl_mixamorigwLeftArm-rotz-sampler"><input semantic="INPUT" source="#hpl_mixamorigwLeftArm-time" /><input semantic="OUTPUT" source="#hpl_mixamorigwLeftArm-rotz" /></sampler><channel source="#hpl_mixamorigwLeftArm-rotz-sampler" target="mixamorigwLeftArm/rotateZ.ANGLE" />
      <sampler id="hpl_mixamorigwLeftArm-roty-sampler"><input semantic="INPUT" source="#hpl_mixamorigwLeftArm-time" /><input semantic="OUTPUT" source="#hpl_mixamorigwLeftArm-roty" /></sampler><channel source="#hpl_mixamorigwLeftArm-roty-sampler" target="mixamorigwLeftArm/rotateY.ANGLE" />
      <sampler id="hpl_mixamorigwLeftArm-rotx-sampler"><input semantic="INPUT" source="#hpl_mixamorigwLeftArm-time" /><input semantic="OUTPUT" source="#hpl_mixamorigwLeftArm-rotx" /></sampler><channel source="#hpl_mixamorigwLeftArm-rotx-sampler" target="mixamorigwLeftArm/rotateX.ANGLE" />
    </animation>
    <animation id="hpl_mixamorigwLeftForeArm">
      <source id="hpl_mixamorigwLeftForeArm-time"><float_array id="hpl_mixamorigwLeftForeArm-time-array" count="40">0 1 2 3 4 5 6 7 8 9 10 11 12 13 14 15 16 17 18 19 20 21 22 23 24 25 26 27 28 29 30 31 32 33 34 35 36 37 38 39</float_array><technique_common><accessor source="#hpl_mixamorigwLeftForeArm-time-array" count="40" stride="1" /></technique_common></source>
      <source id="hpl_mixamorigwLeftForeArm-trans"><float_array id="hpl_mixamorigwLeftForeArm-trans-array" count="120">-1.8844e-07 0.244292 -4.09649e-06 -1.8844e-07 0.244292 -4.09649e-06 -1.8844e-07 0.244292 -4.09649e-06 -1.8844e-07 0.244292 -4.09649e-06 -1.8844e-07 0.244292 -4.09649e-06 -1.8844e-07 0.244292 -4.09649e-06 -1.8844e-07 0.244292 -4.09649e-06 -1.8844e-07 0.244292 -4.09649e-06 -1.8844e-07 0.244292 -4.09649e-06 -1.8844e-07 0.244292 -4.09649e-06 -1.8844e-07 0.244292 -4.09649e-06 -1.8844e-07 0.244292 -4.09649e-06 -1.8844e-07 0.244292 -4.09649e-06 -1.8844e-07 0.244292 -4.09649e-06 -1.8844e-07 0.244292 -4.09649e-06 -1.8844e-07 0.244292 -4.09649e-06 -1.8844e-07 0.244292 -4.09649e-06 -1.8844e-07 0.244292 -4.09649e-06 -1.8844e-07 0.244292 -4.09649e-06 -1.8844e-07 0.244292 -4.09649e-06 -1.8844e-07 0.244292 -4.09649e-06 -1.8844e-07 0.244292 -4.09649e-06 -1.8844e-07 0.244292 -4.09649e-06 -1.8844e-07 0.244292 -4.09649e-06 -1.8844e-07 0.244292 -4.09649e-06 -1.8844e-07 0.244292 -4.09649e-06 -1.8844e-07 0.244292 -4.09649e-06 -1.8844e-07 0.244292 -4.09649e-06 -1.8844e-07 0.244292 -4.09649e-06 -1.8844e-07 0.244292 -4.09649e-06 -1.8844e-07 0.244292 -4.09649e-06 -1.8844e-07 0.244292 -4.09649e-06 -1.8844e-07 0.244292 -4.09649e-06 -1.8844e-07 0.244292 -4.09649e-06 -1.8844e-07 0.244292 -4.09649e-06 -1.8844e-07 0.244292 -4.09649e-06 -1.8844e-07 0.244292 -4.09649e-06 -1.8844e-07 0.244292 -4.09649e-06 -1.8844e-07 0.244292 -4.09649e-06 -1.8844e-07 0.244292 -4.09649e-06</float_array><technique_common><accessor source="#hpl_mixamorigwLeftForeArm-trans-array" count="40" stride="3" /></technique_common></source>
      <source id="hpl_mixamorigwLeftForeArm-rotz"><float_array id="hpl_mixamorigwLeftForeArm-rotz-array" count="40">83.5421 98.4288 111.929 117.792 118.281 113.106 102.754 91.4082 84.8982 89.1124 102.418 116.604 128.617 134.579 135.109 134.969 134.521 131.507 121.552 100.708 73.4571 45.378 23.492 18.8982 21.6766 28.6428 38.167 47.5785 55.095 61.0892 65.8039 69.6746 72.7941 75.2727 77.2405 78.905 80.1692 80.6429 79.8016 76.9976</float_array><technique_common><accessor source="#hpl_mixamorigwLeftForeArm-rotz-array" count="40" stride="1" /></technique_common></source>
      <source id="hpl_mixamorigwLeftForeArm-roty"><float_array id="hpl_mixamorigwLeftForeArm-roty-array" count="40">0.201832 1.8108 2.28195 2.31465 2.42858 2.49344 1.28398 -0.569733 -2.33782 -1.81814 0.401136 2.7778 5.51117 8.2181 10.0841 10.4954 9.70168 9.37111 7.94586 3.00455 -2.48543 -8.11951 -11.4245 -12.0612 -11.9197 -11.3875 -10.4234 -9.21016 -8.13181 -7.17627 -6.34751 -5.61283 -4.90023 -4.31278 -3.86484 -3.54209 -3.27171 -3.14218 -3.26493 -3.77912</float_array><technique_common><accessor source="#hpl_mixamorigwLeftForeArm-roty-array" count="40" stride="1" /></technique_common></source>
      <source id="hpl_mixamorigwLeftForeArm-rotx"><float_array id="hpl_mixamorigwLeftForeArm-rotx-array" count="40">-10.4864 -11.3798 -12.4321 -12.8727 -11.7043 -10.2574 -10.0391 -10.5613 -11.5136 -13.6677 -14.5548 -15.0647 -12.7151 -7.80501 -4.93645 -4.84261 -5.9484 -7.02365 -9.56119 -12.9006 -14.3038 -11.6763 -5.51511 -3.44314 -4.03221 -5.31036 -6.92393 -8.53709 -9.63363 -10.2807 -10.5328 -10.7667 -11.0398 -11.2862 -11.5294 -11.5828 -11.5785 -11.5416 -11.521 -11.3419</float_array><technique_common><accessor source="#hpl_mixamorigwLeftForeArm-rotx-array" count="40" stride="1" /></technique_common></source>
      <sampler id="hpl_mixamorigwLeftForeArm-trans-sampler"><input semantic="INPUT" source="#hpl_mixamorigwLeftForeArm-time" /><input semantic="OUTPUT" source="#hpl_mixamorigwLeftForeArm-trans" /></sampler><channel source="#hpl_mixamorigwLeftForeArm-trans-sampler" target="mixamorigwLeftForeArm/translate" />
      <sampler id="hpl_mixamorigwLeftForeArm-rotz-sampler"><input semantic="INPUT" source="#hpl_mixamorigwLeftForeArm-time" /><input semantic="OUTPUT" source="#hpl_mixamorigwLeftForeArm-rotz" /></sampler><channel source="#hpl_mixamorigwLeftForeArm-rotz-sampler" target="mixamorigwLeftForeArm/rotateZ.ANGLE" />
      <sampler id="hpl_mixamorigwLeftForeArm-roty-sampler"><input semantic="INPUT" source="#hpl_mixamorigwLeftForeArm-time" /><input semantic="OUTPUT" source="#hpl_mixamorigwLeftForeArm-roty" /></sampler><channel source="#hpl_mixamorigwLeftForeArm-roty-sampler" target="mixamorigwLeftForeArm/rotateY.ANGLE" />
      <sampler id="hpl_mixamorigwLeftForeArm-rotx-sampler"><input semantic="INPUT" source="#hpl_mixamorigwLeftForeArm-time" /><input semantic="OUTPUT" source="#hpl_mixamorigwLeftForeArm-rotx" /></sampler><channel source="#hpl_mixamorigwLeftForeArm-rotx-sampler" target="mixamorigwLeftForeArm/rotateX.ANGLE" />
    </animation>
    <animation id="hpl_mixamorigwLeftHand">
      <source id="hpl_mixamorigwLeftHand-time"><float_array id="hpl_mixamorigwLeftHand-time-array" count="40">0 1 2 3 4 5 6 7 8 9 10 11 12 13 14 15 16 17 18 19 20 21 22 23 24 25 26 27 28 29 30 31 32 33 34 35 36 37 38 39</float_array><technique_common><accessor source="#hpl_mixamorigwLeftHand-time-array" count="40" stride="1" /></technique_common></source>
      <source id="hpl_mixamorigwLeftHand-trans"><float_array id="hpl_mixamorigwLeftHand-trans-array" count="120">-6.101e-08 0.241261 2.62839e-06 -6.101e-08 0.241261 2.62839e-06 -6.101e-08 0.241261 2.62839e-06 -6.101e-08 0.241261 2.62839e-06 -6.101e-08 0.241261 2.62839e-06 -6.101e-08 0.241261 2.62839e-06 -6.101e-08 0.241261 2.62839e-06 -6.101e-08 0.241261 2.62839e-06 -6.101e-08 0.241261 2.62839e-06 -6.101e-08 0.241261 2.62839e-06 -6.101e-08 0.241261 2.62839e-06 -6.101e-08 0.241261 2.62839e-06 -6.101e-08 0.241261 2.62839e-06 -6.101e-08 0.241261 2.62839e-06 -6.101e-08 0.241261 2.62839e-06 -6.101e-08 0.241261 2.62839e-06 -6.101e-08 0.241261 2.62839e-06 -6.101e-08 0.241261 2.62839e-06 -6.101e-08 0.241261 2.62839e-06 -6.101e-08 0.241261 2.62839e-06 -6.101e-08 0.241261 2.62839e-06 -6.101e-08 0.241261 2.62839e-06 -6.101e-08 0.241261 2.62839e-06 -6.101e-08 0.241261 2.62839e-06 -6.101e-08 0.241261 2.62839e-06 -6.101e-08 0.241261 2.62839e-06 -6.101e-08 0.241261 2.62839e-06 -6.101e-08 0.241261 2.62839e-06 -6.101e-08 0.241261 2.62839e-06 -6.101e-08 0.241261 2.62839e-06 -6.101e-08 0.241261 2.62839e-06 -6.101e-08 0.241261 2.62839e-06 -6.101e-08 0.241261 2.62839e-06 -6.101e-08 0.241261 2.62839e-06 -6.101e-08 0.241261 2.62839e-06 -6.101e-08 0.241261 2.62839e-06 -6.101e-08 0.241261 2.62839e-06 -6.101e-08 0.241261 2.62839e-06 -6.101e-08 0.241261 2.62839e-06 -6.101e-08 0.241261 2.62839e-06</float_array><technique_common><accessor source="#hpl_mixamorigwLeftHand-trans-array" count="40" stride="3" /></technique_common></source>
      <source id="hpl_mixamorigwLeftHand-rotz"><float_array id="hpl_mixamorigwLeftHand-rotz-array" count="40">41.8677 35.7693 26.4165 19.1151 15.6832 15.6487 18.4689 21.3394 21.3448 19.3714 19.3001 19.1113 18.2886 16.9357 15.4001 14.8181 13.8949 12.5553 13.0718 18.1435 20.7318 19.5004 15.429 16.0405 18.0636 18.8982 18.3414 17.2077 16.2245 15.4203 14.8026 14.241 13.6634 13.2027 12.876 12.6985 12.7804 13.2006 13.8554 14.5158</float_array><technique_common><accessor source="#hpl_mixamorigwLeftHand-rotz-array" count="40" stride="1" /></technique_common></source>
      <source id="hpl_mixamorigwLeftHand-roty"><float_array id="hpl_mixamorigwLeftHand-roty-array" count="40">-40.1716 -35.6552 -26.5812 -20.5029 -17.9343 -17.2616 -17.2875 -16.3541 -12.9853 -8.51708 -6.44254 -5.11415 -2.98431 -2.55771 -4.35873 -6.60944 -7.90732 -6.52785 -3.98974 -2.50334 -7.34152 -14.8474 -18.5147 -21.8192 -23.1202 -21.6687 -18.4253 -14.6077 -11.0528 -8.1719 -6.13478 -5.04366 -4.83564 -5.14317 -5.68808 -6.24921 -6.80726 -7.41231 -8.01598 -8.27479</float_array><technique_common><accessor source="#hpl_mixamorigwLeftHand-roty-array" count="40" stride="1" /></technique_common></source>
      <source id="hpl_mixamorigwLeftHand-rotx"><float_array id="hpl_mixamorigwLeftHand-rotx-array" count="40">-48.3628 -45.5809 -39.9732 -36.8046 -35.2774 -34.9159 -34.5169 -32.9508 -29.6291 -26.544 -26.7935 -26.5645 -24.5957 -21.4821 -17.0995 -11.7263 -7.81309 -6.98588 -10.4222 -17.2896 -21.5364 -22.0639 -17.754 -18.2243 -20.6421 -21.92 -21.6834 -20.7965 -20.1687 -19.8526 -19.8619 -20.031 -20.0965 -19.9359 -19.6186 -19.2517 -18.8198 -18.5232 -18.3366 -18.0803</float_array><technique_common><accessor source="#hpl_mixamorigwLeftHand-rotx-array" count="40" stride="1" /></technique_common></source>
      <sampler id="hpl_mixamorigwLeftHand-trans-sampler"><input semantic="INPUT" source="#hpl_mixamorigwLeftHand-time" /><input semantic="OUTPUT" source="#hpl_mixamorigwLeftHand-trans" /></sampler><channel source="#hpl_mixamorigwLeftHand-trans-sampler" target="mixamorigwLeftHand/translate" />
      <sampler id="hpl_mixamorigwLeftHand-rotz-sampler"><input semantic="INPUT" source="#hpl_mixamorigwLeftHand-time" /><input semantic="OUTPUT" source="#hpl_mixamorigwLeftHand-rotz" /></sampler><channel source="#hpl_mixamorigwLeftHand-rotz-sampler" target="mixamorigwLeftHand/rotateZ.ANGLE" />
      <sampler id="hpl_mixamorigwLeftHand-roty-sampler"><input semantic="INPUT" source="#hpl_mixamorigwLeftHand-time" /><input semantic="OUTPUT" source="#hpl_mixamorigwLeftHand-roty" /></sampler><channel source="#hpl_mixamorigwLeftHand-roty-sampler" target="mixamorigwLeftHand/rotateY.ANGLE" />
      <sampler id="hpl_mixamorigwLeftHand-rotx-sampler"><input semantic="INPUT" source="#hpl_mixamorigwLeftHand-time" /><input semantic="OUTPUT" source="#hpl_mixamorigwLeftHand-rotx" /></sampler><channel source="#hpl_mixamorigwLeftHand-rotx-sampler" target="mixamorigwLeftHand/rotateX.ANGLE" />
    </animation>
    <animation id="hpl_mixamorigwRightShoulder">
      <source id="hpl_mixamorigwRightShoulder-time"><float_array id="hpl_mixamorigwRightShoulder-time-array" count="40">0 1 2 3 4 5 6 7 8 9 10 11 12 13 14 15 16 17 18 19 20 21 22 23 24 25 26 27 28 29 30 31 32 33 34 35 36 37 38 39</float_array><technique_common><accessor source="#hpl_mixamorigwRightShoulder-time-array" count="40" stride="1" /></technique_common></source>
      <source id="hpl_mixamorigwRightShoulder-trans"><float_array id="hpl_mixamorigwRightShoulder-trans-array" count="120">-0.0410678 0.0751627 -0.0033861 -0.0410678 0.0751627 -0.0033861 -0.0410678 0.0751627 -0.0033861 -0.0410678 0.0751627 -0.0033861 -0.0410678 0.0751627 -0.0033861 -0.0410678 0.0751627 -0.0033861 -0.0410678 0.0751627 -0.0033861 -0.0410678 0.0751627 -0.0033861 -0.0410678 0.0751627 -0.0033861 -0.0410678 0.0751627 -0.0033861 -0.0410678 0.0751627 -0.0033861 -0.0410678 0.0751627 -0.0033861 -0.0410678 0.0751627 -0.0033861 -0.0410678 0.0751627 -0.0033861 -0.0410678 0.0751627 -0.0033861 -0.0410678 0.0751627 -0.0033861 -0.0410678 0.0751627 -0.0033861 -0.0410678 0.0751627 -0.0033861 -0.0410678 0.0751627 -0.0033861 -0.0410678 0.0751627 -0.0033861 -0.0410678 0.0751627 -0.0033861 -0.0410678 0.0751627 -0.0033861 -0.0410678 0.0751627 -0.0033861 -0.0410678 0.0751627 -0.0033861 -0.0410678 0.0751627 -0.0033861 -0.0410678 0.0751627 -0.0033861 -0.0410678 0.0751627 -0.0033861 -0.0410678 0.0751627 -0.0033861 -0.0410678 0.0751627 -0.0033861 -0.0410678 0.0751627 -0.0033861 -0.0410678 0.0751627 -0.0033861 -0.0410678 0.0751627 -0.0033861 -0.0410678 0.0751627 -0.0033861 -0.0410678 0.0751627 -0.0033861 -0.0410678 0.0751627 -0.0033861 -0.0410678 0.0751627 -0.0033861 -0.0410678 0.0751627 -0.0033861 -0.0410678 0.0751627 -0.0033861 -0.0410678 0.0751627 -0.0033861 -0.0410678 0.0751627 -0.0033861</float_array><technique_common><accessor source="#hpl_mixamorigwRightShoulder-trans-array" count="40" stride="3" /></technique_common></source>
      <source id="hpl_mixamorigwRightShoulder-rotz"><float_array id="hpl_mixamorigwRightShoulder-rotz-array" count="40">-9.83004 -5.41332 -9.3885 -17.635 -41.9753 -55.6451 -49.3777 -43.4377 -43.4465 -47.4233 -54.0197 -68.2257 -93.344 -117.569 -128.559 -130.026 -127.725 -124.324 -121.122 -111.144 -100.2 -85.6334 -72.899 -63.956 -59.0937 -57.6427 -58.7314 -61.6202 -65.6001 -70.3167 -75.1235 -80.2678 -85.8787 -91.5911 -96.6587 -100.751 -103.793 -105.896 -107.262 -108.087</float_array><technique_common><accessor source="#hpl_mixamorigwRightShoulder-rotz-array" count="40" stride="1" /></technique_common></source>
      <source id="hpl_mixamorigwRightShoulder-roty"><float_array id="hpl_mixamorigwRightShoulder-roty-array" count="40">-77.8571 -79.2818 -81.3212 -83.2781 -84.387 -83.7278 -82.5794 -80.8384 -79.5143 -78.5088 -77.726 -78.472 -78.858 -77.1351 -73.7462 -69.7595 -66.5738 -66.0697 -66.1679 -66.4314 -68.9602 -71.2118 -72.2746 -72.3904 -72.2839 -72.5663 -73.0844 -73.6051 -74.0741 -74.4038 -74.7495 -75.1268 -75.3805 -75.3835 -75.0217 -74.4137 -73.6493 -72.8392 -72.005 -71.1931</float_array><technique_common><accessor source="#hpl_mixamorigwRightShoulder-roty-array" count="40" stride="1" /></technique_common></source>
      <source id="hpl_mixamorigwRightShoulder-rotx"><float_array id="hpl_mixamorigwRightShoulder-rotx-array" count="40">82.3824 72.4754 73.0044 83.5996 111.137 126.717 121.362 114.898 113.415 117.321 125.632 140.031 162.943 183.466 192.185 195.387 197.595 200.285 205.428 202.781 195.679 182.937 170.848 162.223 157.406 155.72 156.314 158.585 161.964 166.137 170.58 175.451 180.912 186.569 191.766 196.381 200.393 203.964 207.22 209.926</float_array><technique_common><accessor source="#hpl_mixamorigwRightShoulder-rotx-array" count="40" stride="1" /></technique_common></source>
      <sampler id="hpl_mixamorigwRightShoulder-trans-sampler"><input semantic="INPUT" source="#hpl_mixamorigwRightShoulder-time" /><input semantic="OUTPUT" source="#hpl_mixamorigwRightShoulder-trans" /></sampler><channel source="#hpl_mixamorigwRightShoulder-trans-sampler" target="mixamorigwRightShoulder/translate" />
      <sampler id="hpl_mixamorigwRightShoulder-rotz-sampler"><input semantic="INPUT" source="#hpl_mixamorigwRightShoulder-time" /><input semantic="OUTPUT" source="#hpl_mixamorigwRightShoulder-rotz" /></sampler><channel source="#hpl_mixamorigwRightShoulder-rotz-sampler" target="mixamorigwRightShoulder/rotateZ.ANGLE" />
      <sampler id="hpl_mixamorigwRightShoulder-roty-sampler"><input semantic="INPUT" source="#hpl_mixamorigwRightShoulder-time" /><input semantic="OUTPUT" source="#hpl_mixamorigwRightShoulder-roty" /></sampler><channel source="#hpl_mixamorigwRightShoulder-roty-sampler" target="mixamorigwRightShoulder/rotateY.ANGLE" />
      <sampler id="hpl_mixamorigwRightShoulder-rotx-sampler"><input semantic="INPUT" source="#hpl_mixamorigwRightShoulder-time" /><input semantic="OUTPUT" source="#hpl_mixamorigwRightShoulder-rotx" /></sampler><channel source="#hpl_mixamorigwRightShoulder-rotx-sampler" target="mixamorigwRightShoulder/rotateX.ANGLE" />
    </animation>
    <animation id="hpl_mixamorigwRightArm">
      <source id="hpl_mixamorigwRightArm-time"><float_array id="hpl_mixamorigwRightArm-time-array" count="40">0 1 2 3 4 5 6 7 8 9 10 11 12 13 14 15 16 17 18 19 20 21 22 23 24 25 26 27 28 29 30 31 32 33 34 35 36 37 38 39</float_array><technique_common><accessor source="#hpl_mixamorigwRightArm-time-array" count="40" stride="1" /></technique_common></source>
      <source id="hpl_mixamorigwRightArm-trans"><float_array id="hpl_mixamorigwRightArm-trans-array" count="120">5.57731e-07 0.167018 -6.47844e-06 5.57731e-07 0.167018 -6.47844e-06 5.57731e-07 0.167018 -6.47844e-06 5.57731e-07 0.167018 -6.47844e-06 5.57731e-07 0.167018 -6.47844e-06 5.57731e-07 0.167018 -6.47844e-06 5.57731e-07 0.167018 -6.47844e-06 5.57731e-07 0.167018 -6.47844e-06 5.57731e-07 0.167018 -6.47844e-06 5.57731e-07 0.167018 -6.47844e-06 5.57731e-07 0.167018 -6.47844e-06 5.57731e-07 0.167018 -6.47844e-06 5.57731e-07 0.167018 -6.47844e-06 5.57731e-07 0.167018 -6.47844e-06 5.57731e-07 0.167018 -6.47844e-06 5.57731e-07 0.167018 -6.47844e-06 5.57731e-07 0.167018 -6.47844e-06 5.57731e-07 0.167018 -6.47844e-06 5.57731e-07 0.167018 -6.47844e-06 5.57731e-07 0.167018 -6.47844e-06 5.57731e-07 0.167018 -6.47844e-06 5.57731e-07 0.167018 -6.47844e-06 5.57731e-07 0.167018 -6.47844e-06 5.57731e-07 0.167018 -6.47844e-06 5.57731e-07 0.167018 -6.47844e-06 5.57731e-07 0.167018 -6.47844e-06 5.57731e-07 0.167018 -6.47844e-06 5.57731e-07 0.167018 -6.47844e-06 5.57731e-07 0.167018 -6.47844e-06 5.57731e-07 0.167018 -6.47844e-06 5.57731e-07 0.167018 -6.47844e-06 5.57731e-07 0.167018 -6.47844e-06 5.57731e-07 0.167018 -6.47844e-06 5.57731e-07 0.167018 -6.47844e-06 5.57731e-07 0.167018 -6.47844e-06 5.57731e-07 0.167018 -6.47844e-06 5.57731e-07 0.167018 -6.47844e-06 5.57731e-07 0.167018 -6.47844e-06 5.57731e-07 0.167018 -6.47844e-06 5.57731e-07 0.167018 -6.47844e-06</float_array><technique_common><accessor source="#hpl_mixamorigwRightArm-trans-array" count="40" stride="3" /></technique_common></source>
      <source id="hpl_mixamorigwRightArm-rotz"><float_array id="hpl_mixamorigwRightArm-rotz-array" count="40">-68.0644 -64.3544 -52.917 -47.478 -44.8206 -41.8585 -40.0487 -38.5223 -36.2685 -31.5181 -22.7636 -14.3432 -8.53248 -6.91994 -8.19248 -10.3526 -13.3795 -16.3192 -19.9122 -24.4325 -29.1526 -34.6363 -41.7941 -45.9937 -47.0806 -46.7783 -46.0418 -45.4315 -45.2683 -45.4542 -45.847 -46.4393 -47.159 -48.0368 -48.9907 -49.8985 -50.5817 -50.7726 -50.1279 -48.8671</float_array><technique_common><accessor source="#hpl_mixamorigwRightArm-rotz-array" count="40" stride="1" /></technique_common></source>
      <source id="hpl_mixamorigwRightArm-roty"><float_array id="hpl_mixamorigwRightArm-roty-array" count="40">50.2904 55.7511 57.5133 52.8618 48.0375 42.3195 35.0227 29.7429 27.2175 25.5264 25.2255 19.7129 7.34197 -8.12804 -21.7056 -30.2078 -34.0069 -33.8134 -27.3835 -15.2725 -3.39257 3.97446 4.07853 1.72564 0.423454 -0.454896 -1.52701 -2.9438 -4.63429 -6.40112 -8.20453 -9.87619 -11.4624 -13.0907 -14.8901 -16.9265 -19.1246 -21.1941 -22.7672 -23.569</float_array><technique_common><accessor source="#hpl_mixamorigwRightArm-roty-array" count="40" stride="1" /></technique_common></source>
      <source id="hpl_mixamorigwRightArm-rotx"><float_array id="hpl_mixamorigwRightArm-rotx-array" count="40">-3.83677 -0.125165 15.9288 22.6086 23.7294 22.3944 17.5384 11.7949 6.38057 0.260864 -3.83522 -2.16935 1.86643 6.88745 14.4504 23.2687 32.3141 39.7341 46.0043 51.5887 53.5106 50.0815 43.0692 36.0702 30.714 27.436 25.8064 25.2397 25.4219 26.3097 27.9541 30.3794 33.5051 36.9045 39.9921 42.703 45.2919 47.8675 50.1156 52.0941</float_array><technique_common><accessor source="#hpl_mixamorigwRightArm-rotx-array" count="40" stride="1" /></technique_common></source>
      <sampler id="hpl_mixamorigwRightArm-trans-sampler"><input semantic="INPUT" source="#hpl_mixamorigwRightArm-time" /><input semantic="OUTPUT" source="#hpl_mixamorigwRightArm-trans" /></sampler><channel source="#hpl_mixamorigwRightArm-trans-sampler" target="mixamorigwRightArm/translate" />
      <sampler id="hpl_mixamorigwRightArm-rotz-sampler"><input semantic="INPUT" source="#hpl_mixamorigwRightArm-time" /><input semantic="OUTPUT" source="#hpl_mixamorigwRightArm-rotz" /></sampler><channel source="#hpl_mixamorigwRightArm-rotz-sampler" target="mixamorigwRightArm/rotateZ.ANGLE" />
      <sampler id="hpl_mixamorigwRightArm-roty-sampler"><input semantic="INPUT" source="#hpl_mixamorigwRightArm-time" /><input semantic="OUTPUT" source="#hpl_mixamorigwRightArm-roty" /></sampler><channel source="#hpl_mixamorigwRightArm-roty-sampler" target="mixamorigwRightArm/rotateY.ANGLE" />
      <sampler id="hpl_mixamorigwRightArm-rotx-sampler"><input semantic="INPUT" source="#hpl_mixamorigwRightArm-time" /><input semantic="OUTPUT" source="#hpl_mixamorigwRightArm-rotx" /></sampler><channel source="#hpl_mixamorigwRightArm-rotx-sampler" target="mixamorigwRightArm/rotateX.ANGLE" />
    </animation>
    <animation id="hpl_mixamorigwRightForeArm">
      <source id="hpl_mixamorigwRightForeArm-time"><float_array id="hpl_mixamorigwRightForeArm-time-array" count="40">0 1 2 3 4 5 6 7 8 9 10 11 12 13 14 15 16 17 18 19 20 21 22 23 24 25 26 27 28 29 30 31 32 33 34 35 36 37 38 39</float_array><technique_common><accessor source="#hpl_mixamorigwRightForeArm-time-array" count="40" stride="1" /></technique_common></source>
      <source id="hpl_mixamorigwRightForeArm-trans"><float_array id="hpl_mixamorigwRightForeArm-trans-array" count="120">-4.08354e-07 0.228275 4.44105e-07 -4.08354e-07 0.228275 4.44105e-07 -4.08354e-07 0.228275 4.44105e-07 -4.08354e-07 0.228275 4.44105e-07 -4.08354e-07 0.228275 4.44105e-07 -4.08354e-07 0.228275 4.44105e-07 -4.08354e-07 0.228275 4.44105e-07 -4.08354e-07 0.228275 4.44105e-07 -4.08354e-07 0.228275 4.44105e-07 -4.08354e-07 0.228275 4.44105e-07 -4.08354e-07 0.228275 4.44105e-07 -4.08354e-07 0.228275 4.44105e-07 -4.08354e-07 0.228275 4.44105e-07 -4.08354e-07 0.228275 4.44105e-07 -4.08354e-07 0.228275 4.44105e-07 -4.08354e-07 0.228275 4.44105e-07 -4.08354e-07 0.228275 4.44105e-07 -4.08354e-07 0.228275 4.44105e-07 -4.08354e-07 0.228275 4.44105e-07 -4.08354e-07 0.228275 4.44105e-07 -4.08354e-07 0.228275 4.44105e-07 -4.08354e-07 0.228275 4.44105e-07 -4.08354e-07 0.228275 4.44105e-07 -4.08354e-07 0.228275 4.44105e-07 -4.08354e-07 0.228275 4.44105e-07 -4.08354e-07 0.228275 4.44105e-07 -4.08354e-07 0.228275 4.44105e-07 -4.08354e-07 0.228275 4.44105e-07 -4.08354e-07 0.228275 4.44105e-07 -4.08354e-07 0.228275 4.44105e-07 -4.08354e-07 0.228275 4.44105e-07 -4.08354e-07 0.228275 4.44105e-07 -4.08354e-07 0.228275 4.44105e-07 -4.08354e-07 0.228275 4.44105e-07 -4.08354e-07 0.228275 4.44105e-07 -4.08354e-07 0.228275 4.44105e-07 -4.08354e-07 0.228275 4.44105e-07 -4.08354e-07 0.228275 4.44105e-07 -4.08354e-07 0.228275 4.44105e-07 -4.08354e-07 0.228275 4.44105e-07</float_array><technique_common><accessor source="#hpl_mixamorigwRightForeArm-trans-array" count="40" stride="3" /></technique_common></source>
      <source id="hpl_mixamorigwRightForeArm-rotz"><float_array id="hpl_mixamorigwRightForeArm-rotz-array" count="40">-71.869 -79.8207 -87.1583 -90.58 -92.5074 -91.8382 -86.7916 -78.8135 -71.3148 -70.7862 -81.4854 -96.7688 -111.62 -122.897 -130.329 -134.01 -133.222 -128.83 -118.278 -98.513 -76.5102 -60.1097 -53.0875 -54.5256 -58.9048 -64.2628 -69.7309 -74.3329 -77.419 -79.441 -80.6331 -81.1353 -80.8431 -79.7588 -78.0912 -75.9072 -73.0282 -69.4086 -65.1859 -60.0976</float_array><technique_common><accessor source="#hpl_mixamorigwRightForeArm-rotz-array" count="40" stride="1" /></technique_common></source>
      <source id="hpl_mixamorigwRightForeArm-roty"><float_array id="hpl_mixamorigwRightForeArm-roty-array" count="40">4.82505 2.81203 0.595246 -1.47748 -1.9623 -1.7098 -0.612563 1.34972 3.50547 4.43439 3.54087 2.77112 -0.164446 -4.13697 -5.87651 -5.88179 -6.11096 -6.53245 -6.03686 -2.85539 1.61439 5.74649 8.00367 8.23953 7.80932 7.109 6.13407 5.2774 4.75383 4.51514 4.37261 4.37509 4.53612 4.76602 4.9869 5.23052 5.62596 6.09988 6.7615 7.63878</float_array><technique_common><accessor source="#hpl_mixamorigwRightForeArm-roty-array" count="40" stride="1" /></technique_common></source>
      <source id="hpl_mixamorigwRightForeArm-rotx"><float_array id="hpl_mixamorigwRightForeArm-rotx-array" count="40">-13.481 -14.8811 -15.1418 -13.9884 -12.6334 -12.168 -13.4262 -14.5827 -14.024 -12.0951 -10.4116 -10.7776 -10.823 -10.2866 -9.91885 -9.44909 -8.51395 -7.31077 -7.18174 -9.59853 -12.0314 -12.3724 -11.5664 -10.9798 -10.7815 -10.9057 -11.2049 -11.3825 -11.3562 -11.2212 -11.026 -10.8122 -10.6204 -10.4742 -10.5107 -10.6068 -10.744 -10.8951 -10.9412 -10.7742</float_array><technique_common><accessor source="#hpl_mixamorigwRightForeArm-rotx-array" count="40" stride="1" /></technique_common></source>
      <sampler id="hpl_mixamorigwRightForeArm-trans-sampler"><input semantic="INPUT" source="#hpl_mixamorigwRightForeArm-time" /><input semantic="OUTPUT" source="#hpl_mixamorigwRightForeArm-trans" /></sampler><channel source="#hpl_mixamorigwRightForeArm-trans-sampler" target="mixamorigwRightForeArm/translate" />
      <sampler id="hpl_mixamorigwRightForeArm-rotz-sampler"><input semantic="INPUT" source="#hpl_mixamorigwRightForeArm-time" /><input semantic="OUTPUT" source="#hpl_mixamorigwRightForeArm-rotz" /></sampler><channel source="#hpl_mixamorigwRightForeArm-rotz-sampler" target="mixamorigwRightForeArm/rotateZ.ANGLE" />
      <sampler id="hpl_mixamorigwRightForeArm-roty-sampler"><input semantic="INPUT" source="#hpl_mixamorigwRightForeArm-time" /><input semantic="OUTPUT" source="#hpl_mixamorigwRightForeArm-roty" /></sampler><channel source="#hpl_mixamorigwRightForeArm-roty-sampler" target="mixamorigwRightForeArm/rotateY.ANGLE" />
      <sampler id="hpl_mixamorigwRightForeArm-rotx-sampler"><input semantic="INPUT" source="#hpl_mixamorigwRightForeArm-time" /><input semantic="OUTPUT" source="#hpl_mixamorigwRightForeArm-rotx" /></sampler><channel source="#hpl_mixamorigwRightForeArm-rotx-sampler" target="mixamorigwRightForeArm/rotateX.ANGLE" />
    </animation>
    <animation id="hpl_mixamorigwRightHand">
      <source id="hpl_mixamorigwRightHand-time"><float_array id="hpl_mixamorigwRightHand-time-array" count="40">0 1 2 3 4 5 6 7 8 9 10 11 12 13 14 15 16 17 18 19 20 21 22 23 24 25 26 27 28 29 30 31 32 33 34 35 36 37 38 39</float_array><technique_common><accessor source="#hpl_mixamorigwRightHand-time-array" count="40" stride="1" /></technique_common></source>
      <source id="hpl_mixamorigwRightHand-trans"><float_array id="hpl_mixamorigwRightHand-trans-array" count="120">-6.24296e-08 0.252899 3.55838e-06 -6.24296e-08 0.252899 3.55838e-06 -6.24296e-08 0.252899 3.55838e-06 -6.24296e-08 0.252899 3.55838e-06 -6.24296e-08 0.252899 3.55838e-06 -6.24296e-08 0.252899 3.55838e-06 -6.24296e-08 0.252899 3.55838e-06 -6.24296e-08 0.252899 3.55838e-06 -6.24296e-08 0.252899 3.55838e-06 -6.24296e-08 0.252899 3.55838e-06 -6.24296e-08 0.252899 3.55838e-06 -6.24296e-08 0.252899 3.55838e-06 -6.24296e-08 0.252899 3.55838e-06 -6.24296e-08 0.252899 3.55838e-06 -6.24296e-08 0.252899 3.55838e-06 -6.24296e-08 0.252899 3.55838e-06 -6.24296e-08 0.252899 3.55838e-06 -6.24296e-08 0.252899 3.55838e-06 -6.24296e-08 0.252899 3.55838e-06 -6.24296e-08 0.252899 3.55838e-06 -6.24296e-08 0.252899 3.55838e-06 -6.24296e-08 0.252899 3.55838e-06 -6.24296e-08 0.252899 3.55838e-06 -6.24296e-08 0.252899 3.55838e-06 -6.24296e-08 0.252899 3.55838e-06 -6.24296e-08 0.252899 3.55838e-06 -6.24296e-08 0.252899 3.55838e-06 -6.24296e-08 0.252899 3.55838e-06 -6.24296e-08 0.252899 3.55838e-06 -6.24296e-08 0.252899 3.55838e-06 -6.24296e-08 0.252899 3.55838e-06 -6.24296e-08 0.252899 3.55838e-06 -6.24296e-08 0.252899 3.55838e-06 -6.24296e-08 0.252899 3.55838e-06 -6.24296e-08 0.252899 3.55838e-06 -6.24296e-08 0.252899 3.55838e-06 -6.24296e-08 0.252899 3.55838e-06 -6.24296e-08 0.252899 3.55838e-06 -6.24296e-08 0.252899 3.55838e-06 -6.24296e-08 0.252899 3.55838e-06</float_array><technique_common><accessor source="#hpl_mixamorigwRightHand-trans-array" count="40" stride="3" /></technique_common></source>
      <source id="hpl_mixamorigwRightHand-rotz"><float_array id="hpl_mixamorigwRightHand-rotz-array" count="40">-26.51 -28.139 -25.5415 -19.5098 -13.7678 -9.56516 -7.79972 -8.97982 -10.257 -9.25256 -9.5098 -12.1457 -14.9954 -14.9966 -9.41889 -3.61234 -0.393646 1.4035 0.323179 -4.95676 -10.9256 -14.9409 -15.4515 -15.396 -15.7554 -15.9804 -15.8534 -15.045 -13.7244 -12.2657 -10.8774 -9.51177 -8.25157 -7.20223 -6.5091 -6.10658 -5.93312 -5.80349 -5.51731 -5.13319</float_array><technique_common><accessor source="#hpl_mixamorigwRightHand-rotz-array" count="40" stride="1" /></technique_common></source>
      <source id="hpl_mixamorigwRightHand-roty"><float_array id="hpl_mixamorigwRightHand-roty-array" count="40">22.6752 23.9542 24.1751 23.7516 19.6715 13.1382 5.89547 1.90504 0.890096 0.826225 -0.910082 -6.02298 -11.3854 -10.9486 -9.43358 -9.89492 -9.12754 -7.80717 -6.48359 -6.38394 -1.6212 3.22443 4.49567 3.15815 1.92616 1.05682 0.719785 0.591509 0.301782 -0.223106 -0.893727 -1.83673 -3.06218 -4.47088 -5.79976 -6.88797 -7.65718 -7.83269 -7.06607 -5.63705</float_array><technique_common><accessor source="#hpl_mixamorigwRightHand-roty-array" count="40" stride="1" /></technique_common></source>
      <source id="hpl_mixamorigwRightHand-rotx"><float_array id="hpl_mixamorigwRightHand-rotx-array" count="40">-34.8291 -37.0428 -35.2061 -30.7078 -25.1659 -18.8683 -13.0442 -12.1451 -15.0777 -18.3132 -20.8817 -21.6913 -16.2961 -5.02092 4.07691 6.77901 3.78598 -1.1036 -7.55471 -18.0182 -24.9365 -26.434 -24.7313 -22.265 -20.6171 -18.9846 -17.11 -15.0614 -12.8927 -10.6981 -8.71265 -7.08368 -5.85897 -4.92196 -4.02358 -3.09572 -2.08826 -1.02671 -0.118905 0.440997</float_array><technique_common><accessor source="#hpl_mixamorigwRightHand-rotx-array" count="40" stride="1" /></technique_common></source>
      <sampler id="hpl_mixamorigwRightHand-trans-sampler"><input semantic="INPUT" source="#hpl_mixamorigwRightHand-time" /><input semantic="OUTPUT" source="#hpl_mixamorigwRightHand-trans" /></sampler><channel source="#hpl_mixamorigwRightHand-trans-sampler" target="mixamorigwRightHand/translate" />
      <sampler id="hpl_mixamorigwRightHand-rotz-sampler"><input semantic="INPUT" source="#hpl_mixamorigwRightHand-time" /><input semantic="OUTPUT" source="#hpl_mixamorigwRightHand-rotz" /></sampler><channel source="#hpl_mixamorigwRightHand-rotz-sampler" target="mixamorigwRightHand/rotateZ.ANGLE" />
      <sampler id="hpl_mixamorigwRightHand-roty-sampler"><input semantic="INPUT" source="#hpl_mixamorigwRightHand-time" /><input semantic="OUTPUT" source="#hpl_mixamorigwRightHand-roty" /></sampler><channel source="#hpl_mixamorigwRightHand-roty-sampler" target="mixamorigwRightHand/rotateY.ANGLE" />
      <sampler id="hpl_mixamorigwRightHand-rotx-sampler"><input semantic="INPUT" source="#hpl_mixamorigwRightHand-time" /><input semantic="OUTPUT" source="#hpl_mixamorigwRightHand-rotx" /></sampler><channel source="#hpl_mixamorigwRightHand-rotx-sampler" target="mixamorigwRightHand/rotateX.ANGLE" />
    </animation>
    <animation id="hpl_mixamorigwNeck">
      <source id="hpl_mixamorigwNeck-time"><float_array id="hpl_mixamorigwNeck-time-array" count="40">0 1 2 3 4 5 6 7 8 9 10 11 12 13 14 15 16 17 18 19 20 21 22 23 24 25 26 27 28 29 30 31 32 33 34 35 36 37 38 39</float_array><technique_common><accessor source="#hpl_mixamorigwNeck-time-array" count="40" stride="1" /></technique_common></source>
      <source id="hpl_mixamorigwNeck-trans"><float_array id="hpl_mixamorigwNeck-trans-array" count="120">-0.00030369 0.108805 0.00719472 -0.00030369 0.108805 0.00719472 -0.00030369 0.108805 0.00719472 -0.00030369 0.108805 0.00719472 -0.00030369 0.108805 0.00719472 -0.00030369 0.108805 0.00719472 -0.00030369 0.108805 0.00719472 -0.00030369 0.108805 0.00719472 -0.00030369 0.108805 0.00719472 -0.00030369 0.108805 0.00719472 -0.00030369 0.108805 0.00719472 -0.00030369 0.108805 0.00719472 -0.00030369 0.108805 0.00719472 -0.00030369 0.108805 0.00719472 -0.00030369 0.108805 0.00719472 -0.00030369 0.108805 0.00719472 -0.00030369 0.108805 0.00719472 -0.00030369 0.108805 0.00719472 -0.00030369 0.108805 0.00719472 -0.00030369 0.108805 0.00719472 -0.00030369 0.108805 0.00719472 -0.00030369 0.108805 0.00719472 -0.00030369 0.108805 0.00719472 -0.00030369 0.108805 0.00719472 -0.00030369 0.108805 0.00719472 -0.00030369 0.108805 0.00719472 -0.00030369 0.108805 0.00719472 -0.00030369 0.108805 0.00719472 -0.00030369 0.108805 0.00719472 -0.00030369 0.108805 0.00719472 -0.00030369 0.108805 0.00719472 -0.00030369 0.108805 0.00719472 -0.00030369 0.108805 0.00719472 -0.00030369 0.108805 0.00719472 -0.00030369 0.108805 0.00719472 -0.00030369 0.108805 0.00719472 -0.00030369 0.108805 0.00719472 -0.00030369 0.108805 0.00719472 -0.00030369 0.108805 0.00719472 -0.00030369 0.108805 0.00719472</float_array><technique_common><accessor source="#hpl_mixamorigwNeck-trans-array" count="40" stride="3" /></technique_common></source>
      <source id="hpl_mixamorigwNeck-rotz"><float_array id="hpl_mixamorigwNeck-rotz-array" count="40">-0.363404 -1.70745 -3.05098 -4.08434 -4.57197 -4.69099 -4.36342 -4.0412 -3.89133 -2.98983 -1.7106 -1.37174 -1.29583 -1.19412 -0.847205 -0.59385 -0.307116 -0.783982 0.408549 0.720949 -0.104548 -0.629902 -0.790213 -0.694305 -0.546659 -0.411511 -0.236669 -0.0330302 0.169941 0.450252 0.874945 1.34345 1.74794 1.96636 1.98179 1.90855 1.83951 1.82604 1.85923 1.88102</float_array><technique_common><accessor source="#hpl_mixamorigwNeck-rotz-array" count="40" stride="1" /></technique_common></source>
      <source id="hpl_mixamorigwNeck-roty"><float_array id="hpl_mixamorigwNeck-roty-array" count="40">3.29339 3.73492 4.74153 5.28597 5.17676 4.95668 4.71081 4.60323 4.40141 4.03647 3.19962 2.55889 2.14411 2.1757 2.55694 2.63045 1.92592 2.30758 1.93296 2.40987 2.94947 2.91654 2.67501 2.44312 2.36169 2.33148 2.26273 2.15888 2.07325 2.02527 1.99298 1.9348 1.85795 1.79997 1.83438 1.90589 1.97848 2.04228 2.02786 2.02303</float_array><technique_common><accessor source="#hpl_mixamorigwNeck-roty-array" count="40" stride="1" /></technique_common></source>
      <source id="hpl_mixamorigwNeck-rotx"><float_array id="hpl_mixamorigwNeck-rotx-array" count="40">16.9241 20.9406 28.2825 32.9205 34.306 33.9563 33.5444 34.2665 35.4065 35.0501 33.0852 32.1176 33.3143 36.5016 40.4464 42.6472 41.1157 35.8145 27.4983 20.3925 15.3706 11.292 8.21053 5.79772 4.34277 4.12901 4.77833 5.79409 6.93699 8.13256 9.31298 10.4971 11.7926 13.1988 14.5189 15.6923 16.7468 17.6557 18.2907 18.6375</float_array><technique_common><accessor source="#hpl_mixamorigwNeck-rotx-array" count="40" stride="1" /></technique_common></source>
      <sampler id="hpl_mixamorigwNeck-trans-sampler"><input semantic="INPUT" source="#hpl_mixamorigwNeck-time" /><input semantic="OUTPUT" source="#hpl_mixamorigwNeck-trans" /></sampler><channel source="#hpl_mixamorigwNeck-trans-sampler" target="mixamorigwNeck/translate" />
      <sampler id="hpl_mixamorigwNeck-rotz-sampler"><input semantic="INPUT" source="#hpl_mixamorigwNeck-time" /><input semantic="OUTPUT" source="#hpl_mixamorigwNeck-rotz" /></sampler><channel source="#hpl_mixamorigwNeck-rotz-sampler" target="mixamorigwNeck/rotateZ.ANGLE" />
      <sampler id="hpl_mixamorigwNeck-roty-sampler"><input semantic="INPUT" source="#hpl_mixamorigwNeck-time" /><input semantic="OUTPUT" source="#hpl_mixamorigwNeck-roty" /></sampler><channel source="#hpl_mixamorigwNeck-roty-sampler" target="mixamorigwNeck/rotateY.ANGLE" />
      <sampler id="hpl_mixamorigwNeck-rotx-sampler"><input semantic="INPUT" source="#hpl_mixamorigwNeck-time" /><input semantic="OUTPUT" source="#hpl_mixamorigwNeck-rotx" /></sampler><channel source="#hpl_mixamorigwNeck-rotx-sampler" target="mixamorigwNeck/rotateX.ANGLE" />
    </animation>
    <animation id="hpl_mixamorigwHead">
      <source id="hpl_mixamorigwHead-time"><float_array id="hpl_mixamorigwHead-time-array" count="40">0 1 2 3 4 5 6 7 8 9 10 11 12 13 14 15 16 17 18 19 20 21 22 23 24 25 26 27 28 29 30 31 32 33 34 35 36 37 38 39</float_array><technique_common><accessor source="#hpl_mixamorigwHead-time-array" count="40" stride="1" /></technique_common></source>
      <source id="hpl_mixamorigwHead-trans"><float_array id="hpl_mixamorigwHead-trans-array" count="120">4.51322e-08 0.0723305 3.20881e-06 4.51322e-08 0.0723305 3.20881e-06 4.51322e-08 0.0723305 3.20881e-06 4.51322e-08 0.0723305 3.20881e-06 4.51322e-08 0.0723305 3.20881e-06 4.51322e-08 0.0723305 3.20881e-06 4.51322e-08 0.0723305 3.20881e-06 4.51322e-08 0.0723305 3.20881e-06 4.51322e-08 0.0723305 3.20881e-06 4.51322e-08 0.0723305 3.20881e-06 4.51322e-08 0.0723305 3.20881e-06 4.51322e-08 0.0723305 3.20881e-06 4.51322e-08 0.0723305 3.20881e-06 4.51322e-08 0.0723305 3.20881e-06 4.51322e-08 0.0723305 3.20881e-06 4.51322e-08 0.0723305 3.20881e-06 4.51322e-08 0.0723305 3.20881e-06 4.51322e-08 0.0723305 3.20881e-06 4.51322e-08 0.0723305 3.20881e-06 4.51322e-08 0.0723305 3.20881e-06 4.51322e-08 0.0723305 3.20881e-06 4.51322e-08 0.0723305 3.20881e-06 4.51322e-08 0.0723305 3.20881e-06 4.51322e-08 0.0723305 3.20881e-06 4.51322e-08 0.0723305 3.20881e-06 4.51322e-08 0.0723305 3.20881e-06 4.51322e-08 0.0723305 3.20881e-06 4.51322e-08 0.0723305 3.20881e-06 4.51322e-08 0.0723305 3.20881e-06 4.51322e-08 0.0723305 3.20881e-06 4.51322e-08 0.0723305 3.20881e-06 4.51322e-08 0.0723305 3.20881e-06 4.51322e-08 0.0723305 3.20881e-06 4.51322e-08 0.0723305 3.20881e-06 4.51322e-08 0.0723305 3.20881e-06 4.51322e-08 0.0723305 3.20881e-06 4.51322e-08 0.0723305 3.20881e-06 4.51322e-08 0.0723305 3.20881e-06 4.51322e-08 0.0723305 3.20881e-06 4.51322e-08 0.0723305 3.20881e-06</float_array><technique_common><accessor source="#hpl_mixamorigwHead-trans-array" count="40" stride="3" /></technique_common></source>
      <source id="hpl_mixamorigwHead-rotz"><float_array id="hpl_mixamorigwHead-rotz-array" count="40">-0.521953 -0.651919 0.104707 0.837303 1.27763 2.31528 3.41066 3.95753 3.89975 2.83561 2.28514 2.98886 3.55137 3.8897 3.93969 3.6027 2.49432 2.38732 3.34309 4.97747 5.69452 5.40022 5.07598 4.84722 4.50681 4.17254 3.84678 3.62389 3.42072 3.09227 2.60728 1.99774 1.29034 0.623572 0.127773 -0.238637 -0.547577 -0.828911 -1.12736 -1.47299</float_array><technique_common><accessor source="#hpl_mixamorigwHead-rotz-array" count="40" stride="1" /></technique_common></source>
      <source id="hpl_mixamorigwHead-roty"><float_array id="hpl_mixamorigwHead-roty-array" count="40">-0.410647 -1.26403 -1.9544 -1.55696 -0.859562 -0.587183 -0.370562 -0.116582 0.187982 0.278722 0.156725 -0.605218 -1.49396 -1.68835 -1.60012 -0.597764 0.743251 1.54299 1.24421 -0.90701 -2.55889 -2.94887 -2.92412 -2.74262 -3.00133 -3.56084 -4.13477 -4.71722 -5.27962 -5.72986 -5.95688 -5.8036 -5.21358 -4.28964 -3.36068 -2.44941 -1.63201 -1.08551 -0.967957 -1.20661</float_array><technique_common><accessor source="#hpl_mixamorigwHead-roty-array" count="40" stride="1" /></technique_common></source>
      <source id="hpl_mixamorigwHead-rotx"><float_array id="hpl_mixamorigwHead-rotx-array" count="40">-1.06475 1.26737 5.90774 9.1721 10.8089 11.6511 12.1663 13.3202 14.6363 15.4257 14.768 13.4575 11.1211 8.61505 7.33769 6.95249 6.32539 2.86202 -3.36402 -6.7737 -8.16876 -8.81342 -9.03953 -9.54056 -9.78512 -9.71141 -9.43724 -8.92656 -8.19029 -7.20544 -6.02382 -4.7125 -3.3426 -2.0934 -1.00053 0.00693889 0.914776 1.73046 2.41586 2.91227</float_array><technique_common><accessor source="#hpl_mixamorigwHead-rotx-array" count="40" stride="1" /></technique_common></source>
      <sampler id="hpl_mixamorigwHead-trans-sampler"><input semantic="INPUT" source="#hpl_mixamorigwHead-time" /><input semantic="OUTPUT" source="#hpl_mixamorigwHead-trans" /></sampler><channel source="#hpl_mixamorigwHead-trans-sampler" target="mixamorigwHead/translate" />
      <sampler id="hpl_mixamorigwHead-rotz-sampler"><input semantic="INPUT" source="#hpl_mixamorigwHead-time" /><input semantic="OUTPUT" source="#hpl_mixamorigwHead-rotz" /></sampler><channel source="#hpl_mixamorigwHead-rotz-sampler" target="mixamorigwHead/rotateZ.ANGLE" />
      <sampler id="hpl_mixamorigwHead-roty-sampler"><input semantic="INPUT" source="#hpl_mixamorigwHead-time" /><input semantic="OUTPUT" source="#hpl_mixamorigwHead-roty" /></sampler><channel source="#hpl_mixamorigwHead-roty-sampler" target="mixamorigwHead/rotateY.ANGLE" />
      <sampler id="hpl_mixamorigwHead-rotx-sampler"><input semantic="INPUT" source="#hpl_mixamorigwHead-time" /><input semantic="OUTPUT" source="#hpl_mixamorigwHead-rotx" /></sampler><channel source="#hpl_mixamorigwHead-rotx-sampler" target="mixamorigwHead/rotateX.ANGLE" />
    </animation>
    <animation id="hpl_mixamorigwHeadTop_End">
      <source id="hpl_mixamorigwHeadTop_End-time"><float_array id="hpl_mixamorigwHeadTop_End-time-array" count="40">0 1 2 3 4 5 6 7 8 9 10 11 12 13 14 15 16 17 18 19 20 21 22 23 24 25 26 27 28 29 30 31 32 33 34 35 36 37 38 39</float_array><technique_common><accessor source="#hpl_mixamorigwHeadTop_End-time-array" count="40" stride="1" /></technique_common></source>
      <source id="hpl_mixamorigwHeadTop_End-trans"><float_array id="hpl_mixamorigwHeadTop_End-trans-array" count="120">-0.00110642 0.226767 -0.109048 -0.00110642 0.226767 -0.109048 -0.00110642 0.226767 -0.109048 -0.00110642 0.226767 -0.109048 -0.00110642 0.226767 -0.109048 -0.00110642 0.226767 -0.109048 -0.00110642 0.226767 -0.109048 -0.00110642 0.226767 -0.109048 -0.00110642 0.226767 -0.109048 -0.00110642 0.226767 -0.109048 -0.00110642 0.226767 -0.109048 -0.00110642 0.226767 -0.109048 -0.00110642 0.226767 -0.109048 -0.00110642 0.226767 -0.109048 -0.00110642 0.226767 -0.109048 -0.00110642 0.226767 -0.109048 -0.00110642 0.226767 -0.109048 -0.00110642 0.226767 -0.109048 -0.00110642 0.226767 -0.109048 -0.00110642 0.226767 -0.109048 -0.00110642 0.226767 -0.109048 -0.00110642 0.226767 -0.109048 -0.00110642 0.226767 -0.109048 -0.00110642 0.226767 -0.109048 -0.00110642 0.226767 -0.109048 -0.00110642 0.226767 -0.109048 -0.00110642 0.226767 -0.109048 -0.00110642 0.226767 -0.109048 -0.00110642 0.226767 -0.109048 -0.00110642 0.226767 -0.109048 -0.00110642 0.226767 -0.109048 -0.00110642 0.226767 -0.109048 -0.00110642 0.226767 -0.109048 -0.00110642 0.226767 -0.109048 -0.00110642 0.226767 -0.109048 -0.00110642 0.226767 -0.109048 -0.00110642 0.226767 -0.109048 -0.00110642 0.226767 -0.109048 -0.00110642 0.226767 -0.109048 -0.00110642 0.226767 -0.109048</float_array><technique_common><accessor source="#hpl_mixamorigwHeadTop_End-trans-array" count="40" stride="3" /></technique_common></source>
      <source id="hpl_mixamorigwHeadTop_End-rotz"><float_array id="hpl_mixamorigwHeadTop_End-rotz-array" count="40">0.251932 0.251932 0.251932 0.251932 0.251932 0.251932 0.251932 0.251932 0.251932 0.251932 0.251932 0.251932 0.251932 0.251932 0.251932 0.251932 0.251932 0.251932 0.251932 0.251932 0.251932 0.251932 0.251932 0.251932 0.251932 0.251932 0.251932 0.251932 0.251932 0.251932 0.251932 0.251932 0.251932 0.251932 0.251932 0.251932 0.251932 0.251932 0.251932 0.251932</float_array><technique_common><accessor source="#hpl_mixamorigwHeadTop_End-rotz-array" count="40" stride="1" /></technique_common></source>
      <source id="hpl_mixamorigwHeadTop_End-roty"><float_array id="hpl_mixamorigwHeadTop_End-roty-array" count="40">0.0574283 0.0574283 0.0574283 0.0574283 0.0574283 0.0574283 0.0574283 0.0574283 0.0574283 0.0574283 0.0574283 0.0574283 0.0574283 0.0574283 0.0574283 0.0574283 0.0574283 0.0574283 0.0574283 0.0574283 0.0574283 0.0574283 0.0574283 0.0574283 0.0574283 0.0574283 0.0574283 0.0574283 0.0574283 0.0574283 0.0574283 0.0574283 0.0574283 0.0574283 0.0574283 0.0574283 0.0574283 0.0574283 0.0574283 0.0574283</float_array><technique_common><accessor source="#hpl_mixamorigwHeadTop_End-roty-array" count="40" stride="1" /></technique_common></source>
      <source id="hpl_mixamorigwHeadTop_End-rotx"><float_array id="hpl_mixamorigwHeadTop_End-rotx-array" count="40">-25.6814 -25.6814 -25.6814 -25.6814 -25.6814 -25.6814 -25.6814 -25.6814 -25.6814 -25.6814 -25.6814 -25.6814 -25.6814 -25.6814 -25.6814 -25.6814 -25.6814 -25.6814 -25.6814 -25.6814 -25.6814 -25.6814 -25.6814 -25.6814 -25.6814 -25.6814 -25.6814 -25.6814 -25.6814 -25.6814 -25.6814 -25.6814 -25.6814 -25.6814 -25.6814 -25.6814 -25.6814 -25.6814 -25.6814 -25.6814</float_array><technique_common><accessor source="#hpl_mixamorigwHeadTop_End-rotx-array" count="40" stride="1" /></technique_common></source>
      <sampler id="hpl_mixamorigwHeadTop_End-trans-sampler"><input semantic="INPUT" source="#hpl_mixamorigwHeadTop_End-time" /><input semantic="OUTPUT" source="#hpl_mixamorigwHeadTop_End-trans" /></sampler><channel source="#hpl_mixamorigwHeadTop_End-trans-sampler" target="mixamorigwHeadTop_End/translate" />
      <sampler id="hpl_mixamorigwHeadTop_End-rotz-sampler"><input semantic="INPUT" source="#hpl_mixamorigwHeadTop_End-time" /><input semantic="OUTPUT" source="#hpl_mixamorigwHeadTop_End-rotz" /></sampler><channel source="#hpl_mixamorigwHeadTop_End-rotz-sampler" target="mixamorigwHeadTop_End/rotateZ.ANGLE" />
      <sampler id="hpl_mixamorigwHeadTop_End-roty-sampler"><input semantic="INPUT" source="#hpl_mixamorigwHeadTop_End-time" /><input semantic="OUTPUT" source="#hpl_mixamorigwHeadTop_End-roty" /></sampler><channel source="#hpl_mixamorigwHeadTop_End-roty-sampler" target="mixamorigwHeadTop_End/rotateY.ANGLE" />
      <sampler id="hpl_mixamorigwHeadTop_End-rotx-sampler"><input semantic="INPUT" source="#hpl_mixamorigwHeadTop_End-time" /><input semantic="OUTPUT" source="#hpl_mixamorigwHeadTop_End-rotx" /></sampler><channel source="#hpl_mixamorigwHeadTop_End-rotx-sampler" target="mixamorigwHeadTop_End/rotateX.ANGLE" />
    </animation>
    <animation id="hpl_mixamorigwHeadFront">
      <source id="hpl_mixamorigwHeadFront-time"><float_array id="hpl_mixamorigwHeadFront-time-array" count="40">0 1 2 3 4 5 6 7 8 9 10 11 12 13 14 15 16 17 18 19 20 21 22 23 24 25 26 27 28 29 30 31 32 33 34 35 36 37 38 39</float_array><technique_common><accessor source="#hpl_mixamorigwHeadFront-time-array" count="40" stride="1" /></technique_common></source>
      <source id="hpl_mixamorigwHeadFront-trans"><float_array id="hpl_mixamorigwHeadFront-trans-array" count="120">0.00110638 0.0745015 0.10905 0.00110638 0.0745015 0.10905 0.00110638 0.0745015 0.10905 0.00110638 0.0745015 0.10905 0.00110638 0.0745015 0.10905 0.00110638 0.0745015 0.10905 0.00110638 0.0745015 0.10905 0.00110638 0.0745015 0.10905 0.00110638 0.0745015 0.10905 0.00110638 0.0745015 0.10905 0.00110638 0.0745015 0.10905 0.00110638 0.0745015 0.10905 0.00110638 0.0745015 0.10905 0.00110638 0.0745015 0.10905 0.00110638 0.0745015 0.10905 0.00110638 0.0745015 0.10905 0.00110638 0.0745015 0.10905 0.00110638 0.0745015 0.10905 0.00110638 0.0745015 0.10905 0.00110638 0.0745015 0.10905 0.00110638 0.0745015 0.10905 0.00110638 0.0745015 0.10905 0.00110638 0.0745015 0.10905 0.00110638 0.0745015 0.10905 0.00110638 0.0745015 0.10905 0.00110638 0.0745015 0.10905 0.00110638 0.0745015 0.10905 0.00110638 0.0745015 0.10905 0.00110638 0.0745015 0.10905 0.00110638 0.0745015 0.10905 0.00110638 0.0745015 0.10905 0.00110638 0.0745015 0.10905 0.00110638 0.0745015 0.10905 0.00110638 0.0745015 0.10905 0.00110638 0.0745015 0.10905 0.00110638 0.0745015 0.10905 0.00110638 0.0745015 0.10905 0.00110638 0.0745015 0.10905 0.00110638 0.0745015 0.10905 0.00110638 0.0745015 0.10905</float_array><technique_common><accessor source="#hpl_mixamorigwHeadFront-trans-array" count="40" stride="3" /></technique_common></source>
      <source id="hpl_mixamorigwHeadFront-rotz"><float_array id="hpl_mixamorigwHeadFront-rotz-array" count="40">-0.479981 -0.479981 -0.479981 -0.479981 -0.479981 -0.479981 -0.479981 -0.479981 -0.479981 -0.479981 -0.479981 -0.479981 -0.479981 -0.479981 -0.479981 -0.479981 -0.479981 -0.479981 -0.479981 -0.479981 -0.479981 -0.479981 -0.479981 -0.479981 -0.479981 -0.479981 -0.479981 -0.479981 -0.479981 -0.479981 -0.479981 -0.479981 -0.479981 -0.479981 -0.479981 -0.479981 -0.479981 -0.479981 -0.479981 -0.479981</float_array><technique_common><accessor source="#hpl_mixamorigwHeadFront-rotz-array" count="40" stride="1" /></technique_common></source>
      <source id="hpl_mixamorigwHeadFront-roty"><float_array id="hpl_mixamorigwHeadFront-roty-array" count="40">0.253356 0.253356 0.253356 0.253356 0.253356 0.253356 0.253356 0.253356 0.253356 0.253356 0.253356 0.253356 0.253356 0.253356 0.253356 0.253356 0.253356 0.253356 0.253356 0.253356 0.253356 0.253356 0.253356 0.253356 0.253356 0.253356 0.253356 0.253356 0.253356 0.253356 0.253356 0.253356 0.253356 0.253356 0.253356 0.253356 0.253356 0.253356 0.253356 0.253356</float_array><technique_common><accessor source="#hpl_mixamorigwHeadFront-roty-array" count="40" stride="1" /></technique_common></source>
      <source id="hpl_mixamorigwHeadFront-rotx"><float_array id="hpl_mixamorigwHeadFront-rotx-array" count="40">55.6544 55.6544 55.6544 55.6544 55.6544 55.6544 55.6544 55.6544 55.6544 55.6544 55.6544 55.6544 55.6544 55.6544 55.6544 55.6544 55.6544 55.6544 55.6544 55.6544 55.6544 55.6544 55.6544 55.6544 55.6544 55.6544 55.6544 55.6544 55.6544 55.6544 55.6544 55.6544 55.6544 55.6544 55.6544 55.6544 55.6544 55.6544 55.6544 55.6544</float_array><technique_common><accessor source="#hpl_mixamorigwHeadFront-rotx-array" count="40" stride="1" /></technique_common></source>
      <sampler id="hpl_mixamorigwHeadFront-trans-sampler"><input semantic="INPUT" source="#hpl_mixamorigwHeadFront-time" /><input semantic="OUTPUT" source="#hpl_mixamorigwHeadFront-trans" /></sampler><channel source="#hpl_mixamorigwHeadFront-trans-sampler" target="mixamorigwHeadFront/translate" />
      <sampler id="hpl_mixamorigwHeadFront-rotz-sampler"><input semantic="INPUT" source="#hpl_mixamorigwHeadFront-time" /><input semantic="OUTPUT" source="#hpl_mixamorigwHeadFront-rotz" /></sampler><channel source="#hpl_mixamorigwHeadFront-rotz-sampler" target="mixamorigwHeadFront/rotateZ.ANGLE" />
      <sampler id="hpl_mixamorigwHeadFront-roty-sampler"><input semantic="INPUT" source="#hpl_mixamorigwHeadFront-time" /><input semantic="OUTPUT" source="#hpl_mixamorigwHeadFront-roty" /></sampler><channel source="#hpl_mixamorigwHeadFront-roty-sampler" target="mixamorigwHeadFront/rotateY.ANGLE" />
      <sampler id="hpl_mixamorigwHeadFront-rotx-sampler"><input semantic="INPUT" source="#hpl_mixamorigwHeadFront-time" /><input semantic="OUTPUT" source="#hpl_mixamorigwHeadFront-rotx" /></sampler><channel source="#hpl_mixamorigwHeadFront-rotx-sampler" target="mixamorigwHeadFront/rotateX.ANGLE" />
    </animation>
  </library_animations>
  <scene><instance_visual_scene url="#RootNode" /></scene>
</COLLADA>