<?xml version='1.0' encoding='utf-8'?>
<COLLADA xmlns="http://www.collada.org/2005/11/COLLADASchema" version="1.4.1">
  <asset>
    <contributor><author>hpl_dae_export</author><authoring_tool>Blender 4.2.0</authoring_tool></contributor>
    <unit name="meter" meter="1" />
    <up_axis>Y_UP</up_axis>
  </asset>
  <library_images>
    <image id="phillip-diffuse-image"><init_from>phillip.tga</init_from></image>
    <image id="phillip-emission-image"><init_from>phillip.tga</init_from></image>
    <image id="phillip-normal-image"><init_from>phillip.tga</init_from></image>
  </library_images>
  <library_effects>
    <effect id="phillip-fx" name="phillip"><profile_COMMON>
      <newparam sid="phillip-diffuse-surface"><surface type="2D"><init_from>phillip-diffuse-image</init_from></surface></newparam>
      <newparam sid="phillip-diffuse-sampler"><sampler2D><source>phillip-diffuse-surface</source></sampler2D></newparam>
      <newparam sid="phillip-emission-surface"><surface type="2D"><init_from>phillip-emission-image</init_from></surface></newparam>
      <newparam sid="phillip-emission-sampler"><sampler2D><source>phillip-emission-surface</source></sampler2D></newparam>
      <technique sid="common"><lambert>
        <diffuse><texture texture="phillip-diffuse-sampler" texcoord="CHANNEL0" /></diffuse>
      </lambert></technique>
    </profile_COMMON></effect>
  </library_effects>
  <library_materials>
    <material id="phillip" name="phillip"><instance_effect url="#phillip-fx" /></material>
  </library_materials>
  <library_geometries>
    <geometry id="Mesh_0_1" name="Mesh_0"><mesh>
      <source id="Mesh_0_1-vpos"><float_array id="Mesh_0_1-vpos-array" count="9">0.00774702 0.95336 0.0335566 0.057747 0.95336 0.0335566 0.00774702 1.00336 0.0335566</float_array><technique_common><accessor source="#Mesh_0_1-vpos-array" count="3" stride="3"><param name="X" type="float" /><param name="Y" type="float" /><param name="Z" type="float" /></accessor></technique_common></source>
      <source id="Mesh_0_1-vnrm"><float_array id="Mesh_0_1-vnrm-array" count="9">0 0 1 0 0 1 0 0 1</float_array><technique_common><accessor source="#Mesh_0_1-vnrm-array" count="3" stride="3"><param name="X" type="float" /><param name="Y" type="float" /><param name="Z" type="float" /></accessor></technique_common></source>
      <source id="Mesh_0_1-vuv"><float_array id="Mesh_0_1-vuv-array" count="6">0 0 1 0 0 1</float_array><technique_common><accessor source="#Mesh_0_1-vuv-array" count="3" stride="2"><param name="S" type="float" /><param name="T" type="float" /></accessor></technique_common></source>
      <vertices id="Mesh_0_1-vertices"><input semantic="POSITION" source="#Mesh_0_1-vpos" /></vertices>
      <triangles count="1" material="phillip"><input semantic="VERTEX" source="#Mesh_0_1-vertices" offset="0" /><input semantic="NORMAL" source="#Mesh_0_1-vnrm" offset="1" /><input semantic="TEXCOORD" source="#Mesh_0_1-vuv" offset="2" /><p>0 0 0 1 1 1 2 2 2</p></triangles>
    </mesh></geometry>
  </library_geometries>
  <library_controllers>
    <controller id="Mesh_0_1-skin" name="skinCluster0"><skin source="#Mesh_0_1">
      <bind_shape_matrix>1 0 0 0 0 1 0 0 0 0 1 0 0 0 0 1</bind_shape_matrix>
      <source id="Mesh_0_1-skin-joints"><Name_array id="Mesh_0_1-skin-joints-array" count="24">mixamorigwHips mixamorigwLeftUpLeg mixamorigwLeftLeg mixamorigwLeftFoot mixamorigwLeftToeBase mixamorigwRightUpLeg mixamorigwRightLeg mixamorigwRightFoot mixamorigwRightToeBase mixamorigwSpine mixamorigwSpine1 mixamorigwSpine2 mixamorigwLeftShoulder mixamorigwLeftArm mixamorigwLeftForeArm mixamorigwLeftHand mixamorigwRightShoulder mixamorigwRightArm mixamorigwRightForeArm mixamorigwRightHand mixamorigwNeck mixamorigwHead mixamorigwHeadTop_End mixamorigwHeadFront</Name_array><technique_common><accessor source="#Mesh_0_1-skin-joints-array" count="24" stride="1"><param name="JOINT" type="Name" /></accessor></technique_common></source>
      <source id="Mesh_0_1-skin-bind_poses"><float_array id="Mesh_0_1-skin-bind_poses-array" count="384">-0.326862 -0.412442 0.850325 0.367204 0.924359 -0.326862 0.196779 0.297853 0.196779 0.850325 0.488083 -0.828569 0 0 0 1 0.988587 0.109374 -0.1036 -0.188944 0.1036 -0.992833 -0.0595797 0.848762 -0.109374 0.0481668 -0.992833 -0.00285123 0 0 0 1 0.995242 0.0745741 -0.0627066 -0.172581 0.0627065 -0.982821 -0.173582 0.487924 -0.0745739 0.168824 -0.982821 -0.0684593 0 0 0 1 0.994978 0.0309139 -0.0951978 -0.168375 0.0951972 -0.58605 0.804663 0.112632 -0.0309154 -0.809685 -0.58605 0.083101 0 0 0 1 0.993074 8.38034e-06 -0.117488 -0.165082 0.117488 3.0122e-07 0.993074 -0.0921871 8.23903e-06 -1 -7.34656e-07 0.0437346 0 0 0 1 0.986251 -0.119769 0.113864 0.190305 -0.113864 -0.991857 -0.057042 0.848443 0.119769 0.0432928 -0.991857 0.0017185 0 0 0 1 0.996752 -0.0617435 0.0516918 0.16272 -0.0516917 -0.98282 -0.177182 0.49367 0.0617436 0.173935 -0.98282 -0.0723674 0 0 0 1 0.991415 -0.0402565 0.124402 0.163199 -0.124402 -0.583335 0.802648 0.109001 0.0402562 -0.811233 -0.583335 0.0842478 0 0 0 1 0.988201 2.59179e-08 0.153161 0.158823 -0.153161 -1.2465e-07 0.988201 -0.0970361 8.08409e-08 -1 -1.08103e-07 0.0438647 0 0 0 1 0.999977 0.00499217 0.00460007 -0.0126603 -0.00459975 0.996648 -0.0816763 -1.08845 -0.0049924 0.0816533 0.996648 -0.111251 0 0 0 1 0.999977 0.00499225 0.00460005 -0.0126604 -0.00459984 0.996648 -0.0816764 -1.22951 -0.00499239 0.0816534 0.996648 -0.111251 0 0 0 1 0.999936 0.00858049 0.0073981 -0.0175916 -0.0073979 0.989074 -0.147233 -1.36021 -0.00858061 0.147169 0.989074 -0.20133 0 0 0 1 -0.0915552 1.56755e-07 -0.9958 -0.0116842 0.9958 8.53744e-08 -0.0915552 -0.0478922 -6.27717e-09 -1 -1.19135e-07 1.45252 0 0 0 1 -0.102656 0.216831 -0.970797 -0.323529 0.970796 -0.190902 -0.145294 0.0690035 -0.216831 -0.957361 -0.190902 1.43017 0 0 0 1 0.0429289 -0.0153039 -0.998961 -0.064134 0.998961 0.0159705 0.0426842 -0.466213 0.0153006 -0.999755 0.0159736 1.39976 0 0 0 1 0.0998002 -0.0351338 -0.994387 -0.0750536 0.994387 0.0388059 0.0984292 -0.733384 0.0351299 -0.998629 0.0388095 1.38581 0 0 0 1 -0.0881333 -3.45496e-08 0.996109 0.0125114 -0.996108 -5.23395e-08 -0.0881333 -0.0370387 -1.46981e-09 -1 -1.50894e-08 1.44862 0 0 0 1 -0.108284 -0.213742 0.97087 0.317301 -0.970869 -0.187244 -0.149507 0.0704232 0.213746 -0.958777 -0.18724 1.42642 0 0 0 1 0.0278295 0.0297959 0.999168 0.034426 -0.999168 0.0306226 0.0269163 -0.464747 -0.0297952 -0.999087 0.0306234 1.39395 0 0 0 1 0.0716834 0.000714281 0.997427 0.105102 -0.997427 0.000772513 0.0716828 -0.671685 -0.000719398 -0.999999 0.000767861 1.41318 0 0 0 1 0.999874 0.0116475 0.0107328 -0.0218054 -0.0107326 0.996602 -0.0816726 -1.47952 -0.0116476 0.0815471 0.996601 -0.111066 0 0 0 1 0.999955 0.00442177 0.00837712 -0.0106006 -0.00837693 0.825642 0.564133 -1.27565 -0.00442208 -0.564178 0.825642 0.890874 0 0 0 1 0.999913 0.00861753 0.01003 -0.0171024 -0.0100298 0.988551 0.150557 -1.78728 -0.00861772 -0.150645 0.98855 0.250058 0 0 0 1 1 -1.50874e-07 7.03149e-08 -0.00385329 -8.28877e-08 -2.98023e-08 1 -0.116256 -2.19559e-07 -1 2.98023e-08 1.55588 0 0 0 1</float_array><technique_common><accessor count="24" offset="0" source="#Mesh_0_1-skin-bind_poses-array" stride="16"><param name="TRANSFORM" type="float4x4" /></accessor></technique_common></source>
      <source id="Mesh_0_1-skin-weights"><float_array id="Mesh_0_1-skin-weights-array" count="1">1</float_array><technique_common><accessor count="1" offset="0" source="#Mesh_0_1-skin-weights-array" stride="1"><param name="WEIGHT" type="float" /></accessor></technique_common></source>
      <joints><input semantic="JOINT" source="#Mesh_0_1-skin-joints" /><input semantic="INV_BIND_MATRIX" source="#Mesh_0_1-skin-bind_poses" /></joints>
      <vertex_weights count="3"><input semantic="JOINT" source="#Mesh_0_1-skin-joints" offset="0" /><input semantic="WEIGHT" source="#Mesh_0_1-skin-weights" offset="1" /><vcount>1 1 1</vcount><v>0 0 0 0 0 0</v></vertex_weights>
    </skin></controller>
  </library_controllers>
  <library_visual_scenes>
    <visual_scene id="RootNode" name="RootNode">
      <node id="mixamorigwHips" sid="mixamorigwHips" name="mixamorigwHips" type="JOINT">
        <translate sid="translate">0.00774679 0.95336 0.0335573</translate><rotate sid="rotateZ">0 0 1 -128.397</rotate><rotate sid="rotateY">0 1 0 -58.247</rotate><rotate sid="rotateX">1 0 0 21.9576</rotate>
        <node id="mixamorigwLeftUpLeg" sid="mixamorigwLeftUpLeg" name="mixamorigwLeftUpLeg" type="JOINT">
          <translate sid="translate">0.00280504 0.112246 -0.0611913</translate><rotate sid="rotateZ">0 0 1 118.016</rotate><rotate sid="rotateY">0 1 0 -13.7078</rotate><rotate sid="rotateX">1 0 0 -118.606</rotate>
          <node id="mixamorigwLeftLeg" sid="mixamorigwLeftLeg" name="mixamorigwLeftLeg" type="JOINT">
            <translate sid="translate">2.9695e-08 0.362108 -2.40088e-08</translate><rotate sid="rotateZ">0 0 1 1.88157</rotate><rotate sid="rotateY">0 1 0 2.46473</rotate><rotate sid="rotateX">1 0 0 6.79106</rotate>
            <node id="mixamorigwLeftFoot" sid="mixamorigwLeftFoot" name="mixamorigwLeftFoot" type="JOINT">
              <translate sid="translate">-2.24292e-08 0.371859 -6.31809e-09</translate><rotate sid="rotateZ">0 0 1 2.78269</rotate><rotate sid="rotateY">0 1 0 -1.40858</rotate><rotate sid="rotateX">1 0 0 -63.7858</rotate>
              <node id="mixamorigwLeftToeBase" sid="mixamorigwLeftToeBase" name="mixamorigwLeftToeBase" type="JOINT">
                <translate sid="translate">-1.311e-08 0.161697 -3.15905e-09</translate><rotate sid="rotateZ">0 0 1 -0.000291079</rotate><rotate sid="rotateY">0 1 0 -2.18612</rotate><rotate sid="rotateX">1 0 0 -35.8772</rotate>
              </node>
            </node>
          </node>
        </node>
        <node id="mixamorigwRightUpLeg" sid="mixamorigwRightUpLeg" name="mixamorigwRightUpLeg" type="JOINT">
          <translate sid="translate">0.0647644 -0.0634254 -0.0977594</translate><rotate sid="rotateZ">0 0 1 100.259</rotate><rotate sid="rotateY">0 1 0 -8.49983</rotate><rotate sid="rotateX">1 0 0 -115.368</rotate>
          <node id="mixamorigwRightLeg" sid="mixamorigwRightLeg" name="mixamorigwRightLeg" type="JOINT">
            <translate sid="translate">-4.9597e-08 0.359356 4.28051e-08</translate><rotate sid="rotateZ">0 0 1 -3.17125</rotate><rotate sid="rotateY">0 1 0 -3.75187</rotate><rotate sid="rotateX">1 0 0 7.312</rotate>
            <node id="mixamorigwRightFoot" sid="mixamorigwRightFoot" name="mixamorigwRightFoot" type="JOINT">
              <translate sid="translate">5.68628e-09 0.37578 1.38998e-08</translate><rotate sid="rotateZ">0 0 1 -1.93715</rotate><rotate sid="rotateY">0 1 0 3.90217</rotate><rotate sid="rotateX">1 0 0 -64.1697</rotate>
              <node id="mixamorigwRightToeBase" sid="mixamorigwRightToeBase" name="mixamorigwRightToeBase" type="JOINT">
                <translate sid="translate">-1.38998e-08 0.162229 7.89762e-08</translate><rotate sid="rotateZ">0 0 1 -4.68373e-06</rotate><rotate sid="rotateY">0 1 0 2.84091</rotate><rotate sid="rotateX">1 0 0 -35.6855</rotate>
              </node>
            </node>
          </node>
        </node>
        <node id="mixamorigwSpine" sid="mixamorigwSpine" name="mixamorigwSpine" type="JOINT">
          <translate sid="translate">-0.0675698 -0.0488202 0.113795</translate><rotate sid="rotateZ">0 0 1 109.386</rotate><rotate sid="rotateY">0 1 0 -11.7279</rotate><rotate sid="rotateX">1 0 0 55.4776</rotate>
          <node id="mixamorigwSpine1" sid="mixamorigwSpine1" name="mixamorigwSpine1" type="JOINT">
            <translate sid="translate">-7.07133e-08 0.141062 1.15898e-08</translate><rotate sid="rotateZ">0 0 1 4.77246e-06</rotate><rotate sid="rotateY">0 1 0 7.65395e-07</rotate><rotate sid="rotateX">1 0 0 -3.73307e-06</rotate>
            <node id="mixamorigwSpine2" sid="mixamorigwSpine2" name="mixamorigwSpine2" type="JOINT">
              <translate sid="translate">-2.62812e-09 0.141062 -5.23168e-08</translate><rotate sid="rotateZ">0 0 1 0.19182</rotate><rotate sid="rotateY">0 1 0 -0.176579</rotate><rotate sid="rotateX">1 0 0 -3.78094</rotate>
              <node id="mixamorigwLeftShoulder" sid="mixamorigwLeftShoulder" name="mixamorigwLeftShoulder" type="JOINT">
                <translate sid="translate">0.0413714 0.0784539 -0.0038093</translate><rotate sid="rotateZ">0 0 1 123.884</rotate><rotate sid="rotateY">0 1 0 79.7802</rotate><rotate sid="rotateX">1 0 0 -146.045</rotate>
                <node id="mixamorigwLeftArm" sid="mixamorigwLeftArm" name="mixamorigwLeftArm" type="JOINT">
                  <translate sid="translate">3.21959e-10 0.163973 1.64123e-07</translate><rotate sid="rotateZ">0 0 1 -0.783161</rotate><rotate sid="rotateY">0 1 0 12.523</rotate><rotate sid="rotateX">1 0 0 11.2771</rotate>
                  <node id="mixamorigwLeftForeArm" sid="mixamorigwLeftForeArm" name="mixamorigwLeftForeArm" type="JOINT">
                    <translate sid="translate">-5.05447e-09 0.244293 5.93901e-08</translate><rotate sid="rotateZ">0 0 1 11.1568</rotate><rotate sid="rotateY">0 1 0 -11.3059</rotate><rotate sid="rotateX">1 0 0 -14.1697</rotate>
                    <node id="mixamorigwLeftHand" sid="mixamorigwLeftHand" name="mixamorigwLeftHand" type="JOINT">
                      <translate sid="translate">0 0.241261 -6.83933e-08</translate><rotate sid="rotateZ">0 0 1 3.25059</rotate><rotate sid="rotateY">0 1 0 -1.19002</rotate><rotate sid="rotateX">1 0 0 -1.26142</rotate>
                    </node>
                  </node>
                </node>
              </node>
              <node id="mixamorigwRightShoulder" sid="mixamorigwRightShoulder" name="mixamorigwRightShoulder" type="JOINT">
                <translate sid="translate">-0.0410677 0.0751698 -0.00338566</translate><rotate sid="rotateZ">0 0 1 -118.947</rotate><rotate sid="rotateY">0 1 0 -80.3951</rotate><rotate sid="rotateX">1 0 0 -151.887</rotate>
                <node id="mixamorigwRightArm" sid="mixamorigwRightArm" name="mixamorigwRightArm" type="JOINT">
                  <translate sid="translate">-2.05053e-09 0.167019 1.625e-07</translate><rotate sid="rotateZ">0 0 1 1.30783</rotate><rotate sid="rotateY">0 1 0 -12.3417</rotate><rotate sid="rotateX">1 0 0 11.0505</rotate>
                  <node id="mixamorigwRightForeArm" sid="mixamorigwRightForeArm" name="mixamorigwRightForeArm" type="JOINT">
                    <translate sid="translate">-1.01089e-08 0.228275 2.43878e-07</translate><rotate sid="rotateZ">0 0 1 -10.7264</rotate><rotate sid="rotateY">0 1 0 12.105</rotate><rotate sid="rotateX">1 0 0 -14.6911</rotate>
                    <node id="mixamorigwRightHand" sid="mixamorigwRightHand" name="mixamorigwRightHand" type="JOINT">
                      <translate sid="translate">-1.26362e-09 0.252898 9.16123e-09</translate><rotate sid="rotateZ">0 0 1 -2.56611</rotate><rotate sid="rotateY">0 1 0 -1.58702</rotate><rotate sid="rotateX">1 0 0 1.78527</rotate>
                    </node>
                  </node>
                </node>
              </node>
              <node id="mixamorigwNeck" sid="mixamorigwNeck" name="mixamorigwNeck" type="JOINT">
                <translate sid="translate">-0.000303676 0.108811 0.00719515</translate><rotate sid="rotateZ">0 0 1 0.145701</rotate><rotate sid="rotateY">0 1 0 -0.214868</rotate><rotate sid="rotateX">1 0 0 3.78319</rotate>
                <node id="mixamorigwHead" sid="mixamorigwHead" name="mixamorigwHead" type="JOINT">
                  <translate sid="translate">-7.50273e-10 0.0723255 -4.75042e-08</translate><rotate sid="rotateZ">0 0 1 -0.401626</rotate><rotate sid="rotateY">0 1 0 0.168327</rotate><rotate sid="rotateX">1 0 0 39.0239</rotate>
                  <node id="mixamorigwHeadTop_End" sid="mixamorigwHeadTop_End" name="mixamorigwHeadTop_End" type="JOINT">
                    <translate sid="translate">-0.00110642 0.226769 -0.109048</translate><rotate sid="rotateZ">0 0 1 0.251929</rotate><rotate sid="rotateY">0 1 0 0.0574274</rotate><rotate sid="rotateX">1 0 0 -25.6815</rotate>
                  </node>
                  <node id="mixamorigwHeadFront" sid="mixamorigwHeadFront" name="mixamorigwHeadFront" type="JOINT">
                    <translate sid="translate">0.0011064 0.0745082 0.109048</translate><rotate sid="rotateZ">0 0 1 -0.479981</rotate><rotate sid="rotateY">0 1 0 0.253356</rotate><rotate sid="rotateX">1 0 0 55.6544</rotate>
                  </node>
                </node>
              </node>
            </node>
          </node>
        </node>
      </node>
      <node id="Mesh_0" name="Mesh_0" type="NODE">
        <translate sid="translate">0 0 0</translate><rotate sid="rotateZ">0 0 1 0</rotate><rotate sid="rotateY">0 1 0 -0</rotate><rotate sid="rotateX">1 0 0 -90</rotate><scale sid="scale">100 100 100</scale><instance_controller url="#Mesh_0_1-skin">
          <skeleton>#mixamorigwHips</skeleton>
          <bind_material><technique_common><instance_material symbol="defaultMaterial" target="#%s"><bind_vertex_input semantic="CHANNEL0" input_semantic="TEXCOORD" input_set="0" /></instance_material></technique_common></bind_material>
        </instance_controller>
      </node>
    </visual_scene>
  </library_visual_scenes>
  <library_animations>
    <animation id="hpl_mixamorigwHips">
      <source id="hpl_mixamorigwHips-time"><float_array id="hpl_mixamorigwHips-time-array" count="55">0 1 2 3 4 5 6 7 8 9 10 11 12 13 14 15 16 17 18 19 20 21 22 23 24 25 26 27 28 29 30 31 32 33 34 35 36 37 38 39 40 41 42 43 44 45 46 47 48 49 50 51 52 53 54</float_array><technique_common><accessor source="#hpl_mixamorigwHips-time-array" count="55" stride="1" /></technique_common></source>
      <source id="hpl_mixamorigwHips-trans"><float_array id="hpl_mixamorigwHips-trans-array" count="165">-0.0053817 0.59062 0.0328025 -0.011572 0.577579 0.0366796 -0.0172433 0.585578 0.041214 -0.0226716 0.589887 0.0454925 -0.02795 0.595759 0.0503233 -0.0325694 0.6029 0.0529068 -0.0371241 0.610637 0.0577186 -0.0408694 0.621597 0.0628649 -0.0441522 0.628668 0.0675347 -0.0471615 0.637799 0.0714888 -0.0495429 0.647874 0.0732165 -0.0521238 0.657307 0.0724782 -0.0543035 0.665639 0.0696508 -0.0562511 0.672918 0.0650196 -0.0577581 0.67909 0.0606826 -0.0587074 0.683425 0.0561001 -0.0597494 0.685505 0.0517972 -0.0603404 0.684131 0.0470468 -0.0612111 0.680239 0.0420693 -0.0615995 0.673902 0.039012 -0.0611271 0.66501 0.0368846 -0.0597695 0.653049 0.0349944 -0.0571552 0.639487 0.0327986 -0.0534742 0.623361 0.0301853 -0.0487538 0.605925 0.0279299 -0.0431593 0.586488 0.0263773 -0.0371591 0.565661 0.0269802 -0.0314058 0.545861 0.0291494 -0.0259802 0.541474 0.0314538 -0.0208908 0.554995 0.0339394 -0.0157637 0.569946 0.0342957 -0.0105965 0.576697 0.0341741 -0.00564921 0.573586 0.0343553 -0.00112245 0.5745 0.0341554 0.00339286 0.577379 0.0345129 0.00698837 0.582633 0.0330083 0.0104702 0.590546 0.031501 0.0131832 0.602007 0.0299022 0.0155002 0.615201 0.0295553 0.0173591 0.629398 0.0304883 0.018637 0.641655 0.0300431 0.0198385 0.650615 0.0282509 0.0209268 0.657914 0.0244848 0.0216524 0.66377 0.0205031 0.0220071 0.666052 0.0176255 0.0220025 0.664799 0.0149849 0.0213315 0.66322 0.0140058 0.0207965 0.660803 0.0130191 0.0194245 0.658083 0.0119612 0.017447 0.653215 0.0124048 0.0146903 0.644963 0.0137432 0.0106883 0.633661 0.017385 0.00552733 0.620396 0.0216788 0.000240699 0.606637 0.0267606 -0.0053817 0.59062 0.0328025</float_array><technique_common><accessor source="#hpl_mixamorigwHips-trans-array" count="55" stride="3" /></technique_common></source>
      <source id="hpl_mixamorigwHips-rotz"><float_array id="hpl_mixamorigwHips-rotz-array" count="55">-111.513 -110.492 -109.552 -108.756 -108.124 -107.645 -107.224 -106.776 -106.369 -105.895 -105.362 -104.816 -104.354 -103.942 -103.467 -102.946 -102.366 -101.738 -101.006 -100.324 -99.9683 -100.17 -100.872 -101.968 -103.393 -105.132 -107.028 -108.836 -110.315 -111.394 -112.002 -112.423 -112.629 -112.675 -112.565 -112.38 -112.182 -112.081 -112.156 -112.553 -113.26 -114.031 -114.778 -115.538 -116.162 -116.477 -116.586 -116.549 -116.36 -115.966 -115.335 -114.408 -113.302 -112.021 -111.513</float_array><technique_common><accessor source="#hpl_mixamorigwHips-rotz-array" count="55" stride="1" /></technique_common></source>
      <source id="hpl_mixamorigwHips-roty"><float_array id="hpl_mixamorigwHips-roty-array" count="55">-52.2124 -52.9488 -53.4234 -53.7166 -53.7745 -53.6569 -53.1832 -52.3761 -51.3868 -50.2837 -49.3187 -48.6563 -48.3318 -48.2342 -48.2518 -48.331 -48.5261 -48.7056 -48.7478 -48.5802 -48.4494 -48.5278 -48.8719 -49.3899 -49.9027 -50.3661 -50.8567 -51.4431 -51.9608 -52.2696 -52.3759 -52.2327 -51.8742 -51.35 -50.692 -49.9147 -49.0118 -47.9906 -47.0605 -46.2778 -45.8339 -45.8271 -46.2655 -46.9816 -47.7674 -48.4548 -49.0004 -49.2234 -49.1903 -49.1196 -49.3464 -49.9572 -50.6853 -51.3197 -52.2124</float_array><technique_common><accessor source="#hpl_mixamorigwHips-roty-array" count="55" stride="1" /></technique_common></source>
      <source id="hpl_mixamorigwHips-rotx"><float_array id="hpl_mixamorigwHips-rotx-array" count="55">-2.93752 -4.14453 -5.29305 -6.23209 -6.98172 -7.54703 -8.00945 -8.3773 -8.49965 -8.46749 -8.26851 -7.95606 -7.51968 -7.02522 -6.61533 -6.30559 -6.10337 -6.09064 -6.33819 -6.63549 -6.66589 -6.19837 -5.24628 -3.87829 -2.19557 -0.228753 1.87058 3.86443 5.48753 6.66464 7.3419 7.73784 7.83059 7.68152 7.29437 6.72445 5.9856 5.11211 4.15406 3.27692 2.65216 2.25672 2.05596 2.03311 2.00672 1.78176 1.43956 1.04075 0.545251 -0.0370642 -0.733741 -1.67685 -2.82177 -4.21005 -2.93752</float_array><technique_common><accessor source="#hpl_mixamorigwHips-rotx-array" count="55" stride="1" /></technique_common></source>
      <sampler id="hpl_mixamorigwHips-trans-sampler"><input semantic="INPUT" source="#hpl_mixamorigwHips-time" /><input semantic="OUTPUT" source="#hpl_mixamorigwHips-trans" /></sampler><channel source="#hpl_mixamorigwHips-trans-sampler" target="mixamorigwHips/translate" />
      <sampler id="hpl_mixamorigwHips-rotz-sampler"><input semantic="INPUT" source="#hpl_mixamorigwHips-time" /><input semantic="OUTPUT" source="#hpl_mixamorigwHips-rotz" /></sampler><channel source="#hpl_mixamorigwHips-rotz-sampler" target="mixamorigwHips/rotateZ.ANGLE" />
      <sampler id="hpl_mixamorigwHips-roty-sampler"><input semantic="INPUT" source="#hpl_mixamorigwHips-time" /><input semantic="OUTPUT" source="#hpl_mixamorigwHips-roty" /></sampler><channel source="#hpl_mixamorigwHips-roty-sampler" target="mixamorigwHips/rotateY.ANGLE" />
      <sampler id="hpl_mixamorigwHips-rotx-sampler"><input semantic="INPUT" source="#hpl_mixamorigwHips-time" /><input semantic="OUTPUT" source="#hpl_mixamorigwHips-rotx" /></sampler><channel source="#hpl_mixamorigwHips-rotx-sampler" target="mixamorigwHips/rotateX.ANGLE" />
    </animation>
    <animation id="hpl_mixamorigwLeftUpLeg">
      <source id="hpl_mixamorigwLeftUpLeg-time"><float_array id="hpl_mixamorigwLeftUpLeg-time-array" count="55">0 1 2 3 4 5 6 7 8 9 10 11 12 13 14 15 16 17 18 19 20 21 22 23 24 25 26 27 28 29 30 31 32 33 34 35 36 37 38 39 40 41 42 43 44 45 46 47 48 49 50 51 52 53 54</float_array><technique_common><accessor source="#hpl_mixamorigwLeftUpLeg-time-array" count="55" stride="1" /></technique_common></source>
      <source id="hpl_mixamorigwLeftUpLeg-trans"><float_array id="hpl_mixamorigwLeftUpLeg-trans-array" count="165">0.00280581 0.112246 -0.0611913 0.00280581 0.112246 -0.0611913 0.00280581 0.112246 -0.0611913 0.00280581 0.112246 -0.0611913 0.00280581 0.112246 -0.0611913 0.00280581 0.112246 -0.0611913 0.00280581 0.112246 -0.0611913 0.00280581 0.112246 -0.0611913 0.00280581 0.112246 -0.0611913 0.00280581 0.112246 -0.0611913 0.00280581 0.112246 -0.0611913 0.00280581 0.112246 -0.0611913 0.00280581 0.112246 -0.0611913 0.00280581 0.112246 -0.0611913 0.00280581 0.112246 -0.0611913 0.00280581 0.112246 -0.0611913 0.00280581 0.112246 -0.0611913 0.00280581 0.112246 -0.0611913 0.00280581 0.112246 -0.0611913 0.00280581 0.112246 -0.0611913 0.00280581 0.112246 -0.0611913 0.00280581 0.112246 -0.0611913 0.00280581 0.112246 -0.0611913 0.00280581 0.112246 -0.0611913 0.00280581 0.112246 -0.0611913 0.00280581 0.112246 -0.0611913 0.00280581 0.112246 -0.0611913 0.00280581 0.112246 -0.0611913 0.00280581 0.112246 -0.0611913 0.00280581 0.112246 -0.0611913 0.00280581 0.112246 -0.0611913 0.00280581 0.112246 -0.0611913 0.00280581 0.112246 -0.0611913 0.00280581 0.112246 -0.0611913 0.00280581 0.112246 -0.0611913 0.00280581 0.112246 -0.0611913 0.00280581 0.112246 -0.0611913 0.00280581 0.112246 -0.0611913 0.00280581 0.112246 -0.0611913 0.00280581 0.112246 -0.0611913 0.00280581 0.112246 -0.0611913 0.00280581 0.112246 -0.0611913 0.00280581 0.112246 -0.0611913 0.00280581 0.112246 -0.0611913 0.00280581 0.112246 -0.0611913 0.00280581 0.112246 -0.0611913 0.00280581 0.112246 -0.0611913 0.00280581 0.112246 -0.0611913 0.00280581 0.112246 -0.0611913 0.00280581 0.112246 -0.0611913 0.00280581 0.112246 -0.0611913 0.00280581 0.112246 -0.0611913 0.00280581 0.112246 -0.0611913 0.00280581 0.112246 -0.0611913 0.00280581 0.112246 -0.0611913</float_array><technique_common><accessor source="#hpl_mixamorigwLeftUpLeg-trans-array" count="55" stride="3" /></technique_common></source>
      <source id="hpl_mixamorigwLeftUpLeg-rotz"><float_array id="hpl_mixamorigwLeftUpLeg-rotz-array" count="55">125.564 128.042 130.329 132.235 133.819 135.074 136.162 136.84 137.276 137.335 136.912 136.049 135.051 134.014 132.684 130.546 126.869 121.667 115.671 110.005 105.339 102.024 100.105 99.4834 99.7287 100.465 101.214 101.842 102.373 102.784 102.943 103.103 103.207 103.324 103.419 103.6 103.832 104.25 104.888 105.835 107.045 108.228 109.275 110.323 111.364 112.389 113.645 115.029 116.584 118.273 120.09 122.202 124.564 127.047 125.564</float_array><technique_common><accessor source="#hpl_mixamorigwLeftUpLeg-rotz-array" count="55" stride="1" /></technique_common></source>
      <source id="hpl_mixamorigwLeftUpLeg-roty"><float_array id="hpl_mixamorigwLeftUpLeg-roty-array" count="55">-13.8451 -16.2159 -18.5774 -20.8347 -22.8397 -24.3876 -25.5235 -26.0834 -26.2439 -25.8565 -25.0027 -23.5745 -21.4245 -18.2646 -13.755 -8.09178 -1.91767 3.84512 8.57512 12.1526 14.6428 15.729 15.3359 14.1083 12.4739 10.3904 7.91685 5.65407 3.97418 2.91418 2.34602 2.06356 1.87334 1.64145 1.36965 0.977359 0.448963 -0.263848 -1.22179 -2.38142 -3.66808 -4.96118 -6.18833 -7.22181 -8.00711 -8.45762 -8.64014 -8.61287 -8.61663 -8.61122 -8.84277 -9.54257 -10.7635 -12.3956 -13.8451</float_array><technique_common><accessor source="#hpl_mixamorigwLeftUpLeg-roty-array" count="55" stride="1" /></technique_common></source>
      <source id="hpl_mixamorigwLeftUpLeg-rotx"><float_array id="hpl_mixamorigwLeftUpLeg-rotx-array" count="55">-175.919 -172.355 -168.83 -165.339 -161.857 -158.765 -155.603 -153.511 -152.74 -153.505 -155.664 -158.843 -162.992 -168.427 -175.342 -183.496 -192.187 -200.423 -207.753 -213.618 -217.113 -218.198 -217.837 -217.19 -216.542 -216.109 -216.757 -218.298 -219.69 -220.652 -221.25 -222.005 -222.66 -223.042 -223.036 -222.642 -221.831 -220.553 -218.816 -216.681 -214.426 -212.087 -209.563 -206.922 -204.501 -202.521 -200.451 -198.614 -196.93 -195.143 -193.189 -190.761 -188.082 -185.177 -175.919</float_array><technique_common><accessor source="#hpl_mixamorigwLeftUpLeg-rotx-array" count="55" stride="1" /></technique_common></source>
      <sampler id="hpl_mixamorigwLeftUpLeg-trans-sampler"><input semantic="INPUT" source="#hpl_mixamorigwLeftUpLeg-time" /><input semantic="OUTPUT" source="#hpl_mixamorigwLeftUpLeg-trans" /></sampler><channel source="#hpl_mixamorigwLeftUpLeg-trans-sampler" target="mixamorigwLeftUpLeg/translate" />
      <sampler id="hpl_mixamorigwLeftUpLeg-rotz-sampler"><input semantic="INPUT" source="#hpl_mixamorigwLeftUpLeg-time" /><input semantic="OUTPUT" source="#hpl_mixamorigwLeftUpLeg-rotz" /></sampler><channel source="#hpl_mixamorigwLeftUpLeg-rotz-sampler" target="mixamorigwLeftUpLeg/rotateZ.ANGLE" />
      <sampler id="hpl_mixamorigwLeftUpLeg-roty-sampler"><input semantic="INPUT" source="#hpl_mixamorigwLeftUpLeg-time" /><input semantic="OUTPUT" source="#hpl_mixamorigwLeftUpLeg-roty" /></sampler><channel source="#hpl_mixamorigwLeftUpLeg-roty-sampler" target="mixamorigwLeftUpLeg/rotateY.ANGLE" />
      <sampler id="hpl_mixamorigwLeftUpLeg-rotx-sampler"><input semantic="INPUT" source="#hpl_mixamorigwLeftUpLeg-time" /><input semantic="OUTPUT" source="#hpl_mixamorigwLeftUpLeg-rotx" /></sampler><channel source="#hpl_mixamorigwLeftUpLeg-rotx-sampler" target="mixamorigwLeftUpLeg/rotateX.ANGLE" />
    </animation>
    <animation id="hpl_mixamorigwLeftLeg">
      <source id="hpl_mixamorigwLeftLeg-time"><float_array id="hpl_mixamorigwLeftLeg-time-array" count="55">0 1 2 3 4 5 6 7 8 9 10 11 12 13 14 15 16 17 18 19 20 21 22 23 24 25 26 27 28 29 30 31 32 33 34 35 36 37 38 39 40 41 42 43 44 45 46 47 48 49 50 51 52 53 54</float_array><technique_common><accessor source="#hpl_mixamorigwLeftLeg-time-array" count="55" stride="1" /></technique_common></source>
      <source id="hpl_mixamorigwLeftLeg-trans"><float_array id="hpl_mixamorigwLeftLeg-trans-array" count="165">1.49007e-07 0.362107 -3.16007e-07 1.49007e-07 0.362107 -3.16007e-07 1.49007e-07 0.362107 -3.16007e-07 1.49007e-07 0.362107 -3.16007e-07 1.49007e-07 0.362107 -3.16007e-07 1.49007e-07 0.362107 -3.16007e-07 1.49007e-07 0.362107 -3.16007e-07 1.49007e-07 0.362107 -3.16007e-07 1.49007e-07 0.362107 -3.16007e-07 1.49007e-07 0.362107 -3.16007e-07 1.49007e-07 0.362107 -3.16007e-07 1.49007e-07 0.362107 -3.16007e-07 1.49007e-07 0.362107 -3.16007e-07 1.49007e-07 0.362107 -3.16007e-07 1.49007e-07 0.362107 -3.16007e-07 1.49007e-07 0.362107 -3.16007e-07 1.49007e-07 0.362107 -3.16007e-07 1.49007e-07 0.362107 -3.16007e-07 1.49007e-07 0.362107 -3.16007e-07 1.49007e-07 0.362107 -3.16007e-07 1.49007e-07 0.362107 -3.16007e-07 1.49007e-07 0.362107 -3.16007e-07 1.49007e-07 0.362107 -3.16007e-07 1.49007e-07 0.362107 -3.16007e-07 1.49007e-07 0.362107 -3.16007e-07 1.49007e-07 0.362107 -3.16007e-07 1.49007e-07 0.362107 -3.16007e-07 1.49007e-07 0.362107 -3.16007e-07 1.49007e-07 0.362107 -3.16007e-07 1.49007e-07 0.362107 -3.16007e-07 1.49007e-07 0.362107 -3.16007e-07 1.49007e-07 0.362107 -3.16007e-07 1.49007e-07 0.362107 -3.16007e-07 1.49007e-07 0.362107 -3.16007e-07 1.49007e-07 0.362107 -3.16007e-07 1.49007e-07 0.362107 -3.16007e-07 1.49007e-07 0.362107 -3.16007e-07 1.49007e-07 0.362107 -3.16007e-07 1.49007e-07 0.362107 -3.16007e-07 1.49007e-07 0.362107 -3.16007e-07 1.49007e-07 0.362107 -3.16007e-07 1.49007e-07 0.362107 -3.16007e-07 1.49007e-07 0.362107 -3.16007e-07 1.49007e-07 0.362107 -3.16007e-07 1.49007e-07 0.362107 -3.16007e-07 1.49007e-07 0.362107 -3.16007e-07 1.49007e-07 0.362107 -3.16007e-07 1.49007e-07 0.362107 -3.16007e-07 1.49007e-07 0.362107 -3.16007e-07 1.49007e-07 0.362107 -3.16007e-07 1.49007e-07 0.362107 -3.16007e-07 1.49007e-07 0.362107 -3.16007e-07 1.49007e-07 0.362107 -3.16007e-07 1.49007e-07 0.362107 -3.16007e-07 1.49007e-07 0.362107 -3.16007e-07</float_array><technique_common><accessor source="#hpl_mixamorigwLeftLeg-trans-array" count="55" stride="3" /></technique_common></source>
      <source id="hpl_mixamorigwLeftLeg-rotz"><float_array id="hpl_mixamorigwLeftLeg-rotz-array" count="55">-2.72351 -2.45567 -2.21643 -2.03581 -1.89431 -1.77019 -1.72039 -1.71844 -1.72534 -1.72266 -1.70756 -1.75612 -1.82366 -1.88443 -1.96999 -2.0161 -2.33531 -2.76299 -3.11367 -3.40966 -3.55698 -3.42397 -3.13462 -2.99816 -3.08863 -3.26736 -3.54284 -3.83651 -4.06752 -4.24376 -4.37926 -4.47416 -4.57641 -4.6447 -4.68919 -4.68442 -4.6694 -4.5831 -4.48775 -4.37981 -4.30796 -4.30811 -4.35649 -4.35007 -4.26436 -4.07655 -3.9018 -3.81204 -3.77633 -3.78131 -3.7031 -3.49894 -3.19478 -2.89807 -2.72351</float_array><technique_common><accessor source="#hpl_mixamorigwLeftLeg-rotz-array" count="55" stride="1" /></technique_common></source>
      <source id="hpl_mixamorigwLeftLeg-roty"><float_array id="hpl_mixamorigwLeftLeg-roty-array" count="55">9.00625 9.20085 9.37423 9.52959 9.75063 9.96703 10.2019 10.4487 10.64 10.7383 10.7279 10.5674 10.3017 9.87784 9.41909 9.00995 8.53447 8.02679 7.40195 6.52554 5.33941 4.13048 3.26098 2.87189 2.83649 3.00181 3.35756 3.86915 4.35392 4.76046 5.13982 5.51807 5.85667 6.13396 6.36709 6.53171 6.66378 6.78226 6.87832 6.98033 7.03061 7.04672 7.06369 7.1146 7.23023 7.39251 7.5535 7.69546 7.78235 7.91752 8.07669 8.26763 8.48559 8.70119 9.00625</float_array><technique_common><accessor source="#hpl_mixamorigwLeftLeg-roty-array" count="55" stride="1" /></technique_common></source>
      <source id="hpl_mixamorigwLeftLeg-rotx"><float_array id="hpl_mixamorigwLeftLeg-rotx-array" count="55">121.97 121.762 120.632 118.745 116.16 113.22 109.436 106.161 103.877 103.035 103.826 106.291 110.224 114.759 118.412 119.938 118.583 113.976 106.199 95.8014 83.7063 71.9616 62.731 57.9582 56.7967 58.1028 61.576 66.6634 71.868 76.6243 81.121 85.7213 89.9096 93.5188 96.635 98.8849 100.505 101.371 101.874 102.143 102.36 102.8 103.299 104.022 105.34 107.119 108.785 110.337 111.654 113.091 115.058 117.378 119.519 121.015 121.97</float_array><technique_common><accessor source="#hpl_mixamorigwLeftLeg-rotx-array" count="55" stride="1" /></technique_common></source>
      <sampler id="hpl_mixamorigwLeftLeg-trans-sampler"><input semantic="INPUT" source="#hpl_mixamorigwLeftLeg-time" /><input semantic="OUTPUT" source="#hpl_mixamorigwLeftLeg-trans" /></sampler><channel source="#hpl_mixamorigwLeftLeg-trans-sampler" target="mixamorigwLeftLeg/translate" />
      <sampler id="hpl_mixamorigwLeftLeg-rotz-sampler"><input semantic="INPUT" source="#hpl_mixamorigwLeftLeg-time" /><input semantic="OUTPUT" source="#hpl_mixamorigwLeftLeg-rotz" /></sampler><channel source="#hpl_mixamorigwLeftLeg-rotz-sampler" target="mixamorigwLeftLeg/rotateZ.ANGLE" />
      <sampler id="hpl_mixamorigwLeftLeg-roty-sampler"><input semantic="INPUT" source="#hpl_mixamorigwLeftLeg-time" /><input semantic="OUTPUT" source="#hpl_mixamorigwLeftLeg-roty" /></sampler><channel source="#hpl_mixamorigwLeftLeg-roty-sampler" target="mixamorigwLeftLeg/rotateY.ANGLE" />
      <sampler id="hpl_mixamorigwLeftLeg-rotx-sampler"><input semantic="INPUT" source="#hpl_mixamorigwLeftLeg-time" /><input semantic="OUTPUT" source="#hpl_mixamorigwLeftLeg-rotx" /></sampler><channel source="#hpl_mixamorigwLeftLeg-rotx-sampler" target="mixamorigwLeftLeg/rotateX.ANGLE" />
    </animation>
    <animation id="hpl_mixamorigwLeftFoot">
      <source id="hpl_mixamorigwLeftFoot-time"><float_array id="hpl_mixamorigwLeftFoot-time-array" count="55">0 1 2 3 4 5 6 7 8 9 10 11 12 13 14 15 16 17 18 19 20 21 22 23 24 25 26 27 28 29 30 31 32 33 34 35 36 37 38 39 40 41 42 43 44 45 46 47 48 49 50 51 52 53 54</float_array><technique_common><accessor source="#hpl_mixamorigwLeftFoot-time-array" count="55" stride="1" /></technique_common></source>
      <source id="hpl_mixamorigwLeftFoot-trans"><float_array id="hpl_mixamorigwLeftFoot-trans-array" count="165">-1.80763e-07 0.371859 4.86242e-08 -1.80763e-07 0.371859 4.86242e-08 -1.80763e-07 0.371859 4.86242e-08 -1.80763e-07 0.371859 4.86242e-08 -1.80763e-07 0.371859 4.86242e-08 -1.80763e-07 0.371859 4.86242e-08 -1.80763e-07 0.371859 4.86242e-08 -1.80763e-07 0.371859 4.86242e-08 -1.80763e-07 0.371859 4.86242e-08 -1.80763e-07 0.371859 4.86242e-08 -1.80763e-07 0.371859 4.86242e-08 -1.80763e-07 0.371859 4.86242e-08 -1.80763e-07 0.371859 4.86242e-08 -1.80763e-07 0.371859 4.86242e-08 -1.80763e-07 0.371859 4.86242e-08 -1.80763e-07 0.371859 4.86242e-08 -1.80763e-07 0.371859 4.86242e-08 -1.80763e-07 0.371859 4.86242e-08 -1.80763e-07 0.371859 4.86242e-08 -1.80763e-07 0.371859 4.86242e-08 -1.80763e-07 0.371859 4.86242e-08 -1.80763e-07 0.371859 4.86242e-08 -1.80763e-07 0.371859 4.86242e-08 -1.80763e-07 0.371859 4.86242e-08 -1.80763e-07 0.371859 4.86242e-08 -1.80763e-07 0.371859 4.86242e-08 -1.80763e-07 0.371859 4.86242e-08 -1.80763e-07 0.371859 4.86242e-08 -1.80763e-07 0.371859 4.86242e-08 -1.80763e-07 0.371859 4.86242e-08 -1.80763e-07 0.371859 4.86242e-08 -1.80763e-07 0.371859 4.86242e-08 -1.80763e-07 0.371859 4.86242e-08 -1.80763e-07 0.371859 4.86242e-08 -1.80763e-07 0.371859 4.86242e-08 -1.80763e-07 0.371859 4.86242e-08 -1.80763e-07 0.371859 4.86242e-08 -1.80763e-07 0.371859 4.86242e-08 -1.80763e-07 0.371859 4.86242e-08 -1.80763e-07 0.371859 4.86242e-08 -1.80763e-07 0.371859 4.86242e-08 -1.80763e-07 0.371859 4.86242e-08 -1.80763e-07 0.371859 4.86242e-08 -1.80763e-07 0.371859 4.86242e-08 -1.80763e-07 0.371859 4.86242e-08 -1.80763e-07 0.371859 4.86242e-08 -1.80763e-07 0.371859 4.86242e-08 -1.80763e-07 0.371859 4.86242e-08 -1.80763e-07 0.371859 4.86242e-08 -1.80763e-07 0.371859 4.86242e-08 -1.80763e-07 0.371859 4.86242e-08 -1.80763e-07 0.371859 4.86242e-08 -1.80763e-07 0.371859 4.86242e-08 -1.80763e-07 0.371859 4.86242e-08 -1.80763e-07 0.371859 4.86242e-08</float_array><technique_common><accessor source="#hpl_mixamorigwLeftFoot-trans-array" count="55" stride="3" /></technique_common></source>
      <source id="hpl_mixamorigwLeftFoot-rotz"><float_array id="hpl_mixamorigwLeftFoot-rotz-array" count="55">2.701 1.29862 -0.202277 -1.14196 -1.79195 -2.2418 -2.31917 -1.57099 -0.410688 0.827188 1.62436 0.983598 -1.25576 -3.7982 -5.60859 -6.14943 -5.4195 -4.5081 -4.01062 -3.60107 -2.19854 0.384146 2.98188 4.38849 4.51785 3.26023 1.02036 -0.89694 -2.15746 -2.77474 -3.18834 -2.94603 -3.04353 -2.55114 -1.9503 -1.26624 -0.476057 0.407295 1.64041 3.11285 4.53453 5.95195 7.38794 8.80765 10.0315 10.9531 11.6369 12.0172 12.0923 12.0253 11.569 10.6999 9.63693 8.58137 2.701</float_array><technique_common><accessor source="#hpl_mixamorigwLeftFoot-rotz-array" count="55" stride="1" /></technique_common></source>
      <source id="hpl_mixamorigwLeftFoot-roty"><float_array id="hpl_mixamorigwLeftFoot-roty-array" count="55">11.3466 13.6575 15.8088 17.7132 19.4786 20.9145 22.2532 23.0572 23.7249 23.6779 22.5056 19.2073 13.3845 6.08128 -0.859364 -5.25875 -7.46152 -8.53151 -8.59309 -7.44263 -4.9241 -1.93087 -0.368128 -0.603438 -1.76861 -3.55658 -5.71724 -7.53656 -8.79728 -9.66579 -10.4741 -10.8224 -10.9337 -11.18 -11.4803 -11.805 -12.1574 -12.4826 -12.6323 -12.5975 -12.2238 -11.7113 -11.2406 -10.555 -9.42126 -7.83945 -5.93012 -4.07805 -2.41531 -0.458173 1.70747 4.16395 6.65427 9.23181 11.3466</float_array><technique_common><accessor source="#hpl_mixamorigwLeftFoot-roty-array" count="55" stride="1" /></technique_common></source>
      <source id="hpl_mixamorigwLeftFoot-rotx"><float_array id="hpl_mixamorigwLeftFoot-rotx-array" count="55">-91.3773 -90.8152 -90.52 -90.0872 -89.3347 -88.5538 -87.3769 -83.9454 -78.2903 -70.2743 -61.0867 -53.7265 -51.8668 -55.1974 -60.9505 -66.8049 -70.9356 -72.198 -71.0259 -68.1831 -65.2691 -63.1489 -61.5516 -60.4603 -59.2099 -56.4376 -52.1058 -48.5716 -46.2976 -45.2453 -44.8662 -46.8986 -49.3782 -53.3255 -57.3201 -60.8269 -64.2205 -67.2932 -70.625 -74.1255 -77.4998 -80.696 -83.2307 -85.2784 -87.258 -89.1862 -91.1419 -92.9723 -94.4498 -95.7685 -96.3496 -96.246 -95.7639 -95.4125 -91.3773</float_array><technique_common><accessor source="#hpl_mixamorigwLeftFoot-rotx-array" count="55" stride="1" /></technique_common></source>
      <sampler id="hpl_mixamorigwLeftFoot-trans-sampler"><input semantic="INPUT" source="#hpl_mixamorigwLeftFoot-time" /><input semantic="OUTPUT" source="#hpl_mixamorigwLeftFoot-trans" /></sampler><channel source="#hpl_mixamorigwLeftFoot-trans-sampler" target="mixamorigwLeftFoot/translate" />
      <sampler id="hpl_mixamorigwLeftFoot-rotz-sampler"><input semantic="INPUT" source="#hpl_mixamorigwLeftFoot-time" /><input semantic="OUTPUT" source="#hpl_mixamorigwLeftFoot-rotz" /></sampler><channel source="#hpl_mixamorigwLeftFoot-rotz-sampler" target="mixamorigwLeftFoot/rotateZ.ANGLE" />
      <sampler id="hpl_mixamorigwLeftFoot-roty-sampler"><input semantic="INPUT" source="#hpl_mixamorigwLeftFoot-time" /><input semantic="OUTPUT" source="#hpl_mixamorigwLeftFoot-roty" /></sampler><channel source="#hpl_mixamorigwLeftFoot-roty-sampler" target="mixamorigwLeftFoot/rotateY.ANGLE" />
      <sampler id="hpl_mixamorigwLeftFoot-rotx-sampler"><input semantic="INPUT" source="#hpl_mixamorigwLeftFoot-time" /><input semantic="OUTPUT" source="#hpl_mixamorigwLeftFoot-rotx" /></sampler><channel source="#hpl_mixamorigwLeftFoot-rotx-sampler" target="mixamorigwLeftFoot/rotateX.ANGLE" />
    </animation>
    <animation id="hpl_mixamorigwLeftToeBase">
      <source id="hpl_mixamorigwLeftToeBase-time"><float_array id="hpl_mixamorigwLeftToeBase-time-array" count="55">0 1 2 3 4 5 6 7 8 9 10 11 12 13 14 15 16 17 18 19 20 21 22 23 24 25 26 27 28 29 30 31 32 33 34 35 36 37 38 39 40 41 42 43 44 45 46 47 48 49 50 51 52 53 54</float_array><technique_common><accessor source="#hpl_mixamorigwLeftToeBase-time-array" count="55" stride="1" /></technique_common></source>
      <source id="hpl_mixamorigwLeftToeBase-trans"><float_array id="hpl_mixamorigwLeftToeBase-trans-array" count="165">-2.3928e-07 0.161697 -1.12278e-08 -2.3928e-07 0.161697 -1.12278e-08 -2.3928e-07 0.161697 -1.12278e-08 -2.3928e-07 0.161697 -1.12278e-08 -2.3928e-07 0.161697 -1.12278e-08 -2.3928e-07 0.161697 -1.12278e-08 -2.3928e-07 0.161697 -1.12278e-08 -2.3928e-07 0.161697 -1.12278e-08 -2.3928e-07 0.161697 -1.12278e-08 -2.3928e-07 0.161697 -1.12278e-08 -2.3928e-07 0.161697 -1.12278e-08 -2.3928e-07 0.161697 -1.12278e-08 -2.3928e-07 0.161697 -1.12278e-08 -2.3928e-07 0.161697 -1.12278e-08 -2.3928e-07 0.161697 -1.12278e-08 -2.3928e-07 0.161697 -1.12278e-08 -2.3928e-07 0.161697 -1.12278e-08 -2.3928e-07 0.161697 -1.12278e-08 -2.3928e-07 0.161697 -1.12278e-08 -2.3928e-07 0.161697 -1.12278e-08 -2.3928e-07 0.161697 -1.12278e-08 -2.3928e-07 0.161697 -1.12278e-08 -2.3928e-07 0.161697 -1.12278e-08 -2.3928e-07 0.161697 -1.12278e-08 -2.3928e-07 0.161697 -1.12278e-08 -2.3928e-07 0.161697 -1.12278e-08 -2.3928e-07 0.161697 -1.12278e-08 -2.3928e-07 0.161697 -1.12278e-08 -2.3928e-07 0.161697 -1.12278e-08 -2.3928e-07 0.161697 -1.12278e-08 -2.3928e-07 0.161697 -1.12278e-08 -2.3928e-07 0.161697 -1.12278e-08 -2.3928e-07 0.161697 -1.12278e-08 -2.3928e-07 0.161697 -1.12278e-08 -2.3928e-07 0.161697 -1.12278e-08 -2.3928e-07 0.161697 -1.12278e-08 -2.3928e-07 0.161697 -1.12278e-08 -2.3928e-07 0.161697 -1.12278e-08 -2.3928e-07 0.161697 -1.12278e-08 -2.3928e-07 0.161697 -1.12278e-08 -2.3928e-07 0.161697 -1.12278e-08 -2.3928e-07 0.161697 -1.12278e-08 -2.3928e-07 0.161697 -1.12278e-08 -2.3928e-07 0.161697 -1.12278e-08 -2.3928e-07 0.161697 -1.12278e-08 -2.3928e-07 0.161697 -1.12278e-08 -2.3928e-07 0.161697 -1.12278e-08 -2.3928e-07 0.161697 -1.12278e-08 -2.3928e-07 0.161697 -1.12278e-08 -2.3928e-07 0.161697 -1.12278e-08 -2.3928e-07 0.161697 -1.12278e-08 -2.3928e-07 0.161697 -1.12278e-08 -2.3928e-07 0.161697 -1.12278e-08 -2.3928e-07 0.161697 -1.12278e-08 -2.3928e-07 0.161697 -1.12278e-08</float_array><technique_common><accessor source="#hpl_mixamorigwLeftToeBase-trans-array" count="55" stride="3" /></technique_common></source>
      <source id="hpl_mixamorigwLeftToeBase-rotz"><float_array id="hpl_mixamorigwLeftToeBase-rotz-array" count="55">2.28177 2.45093 2.62621 2.77721 2.92263 3.00967 3.19015 3.42111 3.51711 3.38655 2.72879 1.59273 0.934633 0.797982 0.858452 0.944193 0.994202 1.06413 1.18809 1.2394 1.19157 1.1254 1.13906 1.18638 1.19587 1.15251 1.0944 1.08518 1.1118 1.14225 1.1038 1.10905 1.0829 1.04186 1.00155 0.963501 0.91087 0.920213 0.92643 0.978985 0.95994 0.919616 0.907111 0.933646 0.968144 0.987384 1.00389 1.05613 1.13008 1.1808 1.24146 1.39621 1.55171 1.71277 2.28177</float_array><technique_common><accessor source="#hpl_mixamorigwLeftToeBase-rotz-array" count="55" stride="1" /></technique_common></source>
      <source id="hpl_mixamorigwLeftToeBase-roty"><float_array id="hpl_mixamorigwLeftToeBase-roty-array" count="55">-0.8034 -0.917864 -1.08569 -1.20753 -1.31883 -1.41979 -1.54648 -1.72247 -1.81601 -1.85632 -1.66792 -0.866879 -0.0844194 0.197474 0.196815 0.0556604 0.00875504 -0.032713 -0.0114827 -0.0568106 -0.142594 -0.188335 -0.250219 -0.312218 -0.327705 -0.308147 -0.244318 -0.157098 -0.0656237 0.0413343 0.0929445 0.169268 0.239328 0.2699 0.282342 0.287226 0.26654 0.223699 0.18231 0.155938 0.136338 0.124944 0.114746 0.124687 0.156203 0.176573 0.171098 0.155144 0.16759 0.14984 0.0611221 -0.0452528 -0.204588 -0.385726 -0.8034</float_array><technique_common><accessor source="#hpl_mixamorigwLeftToeBase-roty-array" count="55" stride="1" /></technique_common></source>
      <source id="hpl_mixamorigwLeftToeBase-rotx"><float_array id="hpl_mixamorigwLeftToeBase-rotx-array" count="55">-56.2944 -58.5517 -61.178 -63.2965 -65.2406 -66.7192 -68.9688 -72.1653 -74.1335 -73.8182 -67.8825 -55.3277 -46.9828 -44.2522 -43.2888 -42.89 -42.5361 -42.5743 -42.5792 -42.432 -42.2416 -41.8854 -41.4682 -41.2096 -41.1613 -41.3133 -41.1087 -40.5201 -39.8174 -39.1193 -38.5777 -38.0051 -37.2975 -36.9934 -36.7692 -36.6143 -36.6112 -36.8198 -37.195 -37.7707 -38.1471 -38.158 -38.0743 -38.0372 -38.0378 -38.1772 -38.5703 -39.2924 -40.1242 -40.8236 -41.9379 -43.831 -46.1892 -48.6526 -56.2944</float_array><technique_common><accessor source="#hpl_mixamorigwLeftToeBase-rotx-array" count="55" stride="1" /></technique_common></source>
      <sampler id="hpl_mixamorigwLeftToeBase-trans-sampler"><input semantic="INPUT" source="#hpl_mixamorigwLeftToeBase-time" /><input semantic="OUTPUT" source="#hpl_mixamorigwLeftToeBase-trans" /></sampler><channel source="#hpl_mixamorigwLeftToeBase-trans-sampler" target="mixamorigwLeftToeBase/translate" />
      <sampler id="hpl_mixamorigwLeftToeBase-rotz-sampler"><input semantic="INPUT" source="#hpl_mixamorigwLeftToeBase-time" /><input semantic="OUTPUT" source="#hpl_mixamorigwLeftToeBase-rotz" /></sampler><channel source="#hpl_mixamorigwLeftToeBase-rotz-sampler" target="mixamorigwLeftToeBase/rotateZ.ANGLE" />
      <sampler id="hpl_mixamorigwLeftToeBase-roty-sampler"><input semantic="INPUT" source="#hpl_mixamorigwLeftToeBase-time" /><input semantic="OUTPUT" source="#hpl_mixamorigwLeftToeBase-roty" /></sampler><channel source="#hpl_mixamorigwLeftToeBase-roty-sampler" target="mixamorigwLeftToeBase/rotateY.ANGLE" />
      <sampler id="hpl_mixamorigwLeftToeBase-rotx-sampler"><input semantic="INPUT" source="#hpl_mixamorigwLeftToeBase-time" /><input semantic="OUTPUT" source="#hpl_mixamorigwLeftToeBase-rotx" /></sampler><channel source="#hpl_mixamorigwLeftToeBase-rotx-sampler" target="mixamorigwLeftToeBase/rotateX.ANGLE" />
    </animation>
    <animation id="hpl_mixamorigwRightUpLeg">
      <source id="hpl_mixamorigwRightUpLeg-time"><float_array id="hpl_mixamorigwRightUpLeg-time-array" count="55">0 1 2 3 4 5 6 7 8 9 10 11 12 13 14 15 16 17 18 19 20 21 22 23 24 25 26 27 28 29 30 31 32 33 34 35 36 37 38 39 40 41 42 43 44 45 46 47 48 49 50 51 52 53 54</float_array><technique_common><accessor source="#hpl_mixamorigwRightUpLeg-time-array" count="55" stride="1" /></technique_common></source>
      <source id="hpl_mixamorigwRightUpLeg-trans"><float_array id="hpl_mixamorigwRightUpLeg-trans-array" count="165">0.0647649 -0.0634253 -0.0977589 0.0647649 -0.0634253 -0.0977589 0.0647649 -0.0634253 -0.0977589 0.0647649 -0.0634253 -0.0977589 0.0647649 -0.0634253 -0.0977589 0.0647649 -0.0634253 -0.0977589 0.0647649 -0.0634253 -0.0977589 0.0647649 -0.0634253 -0.0977589 0.0647649 -0.0634253 -0.0977589 0.0647649 -0.0634253 -0.0977589 0.0647649 -0.0634253 -0.0977589 0.0647649 -0.0634253 -0.0977589 0.0647649 -0.0634253 -0.0977589 0.0647649 -0.0634253 -0.0977589 0.0647649 -0.0634253 -0.0977589 0.0647649 -0.0634253 -0.0977589 0.0647649 -0.0634253 -0.0977589 0.0647649 -0.0634253 -0.0977589 0.0647649 -0.0634253 -0.0977589 0.0647649 -0.0634253 -0.0977589 0.0647649 -0.0634253 -0.0977589 0.0647649 -0.0634253 -0.0977589 0.0647649 -0.0634253 -0.0977589 0.0647649 -0.0634253 -0.0977589 0.0647649 -0.0634253 -0.0977589 0.0647649 -0.0634253 -0.0977589 0.0647649 -0.0634253 -0.0977589 0.0647649 -0.0634253 -0.0977589 0.0647649 -0.0634253 -0.0977589 0.0647649 -0.0634253 -0.0977589 0.0647649 -0.0634253 -0.0977589 0.0647649 -0.0634253 -0.0977589 0.0647649 -0.0634253 -0.0977589 0.0647649 -0.0634253 -0.0977589 0.0647649 -0.0634253 -0.0977589 0.0647649 -0.0634253 -0.0977589 0.0647649 -0.0634253 -0.0977589 0.0647649 -0.0634253 -0.0977589 0.0647649 -0.0634253 -0.0977589 0.0647649 -0.0634253 -0.0977589 0.0647649 -0.0634253 -0.0977589 0.0647649 -0.0634253 -0.0977589 0.0647649 -0.0634253 -0.0977589 0.0647649 -0.0634253 -0.0977589 0.0647649 -0.0634253 -0.0977589 0.0647649 -0.0634253 -0.0977589 0.0647649 -0.0634253 -0.0977589 0.0647649 -0.0634253 -0.0977589 0.0647649 -0.0634253 -0.0977589 0.0647649 -0.0634253 -0.0977589 0.0647649 -0.0634253 -0.0977589 0.0647649 -0.0634253 -0.0977589 0.0647649 -0.0634253 -0.0977589 0.0647649 -0.0634253 -0.0977589 0.0647649 -0.0634253 -0.0977589</float_array><technique_common><accessor source="#hpl_mixamorigwRightUpLeg-trans-array" count="55" stride="3" /></technique_common></source>
      <source id="hpl_mixamorigwRightUpLeg-rotz"><float_array id="hpl_mixamorigwRightUpLeg-rotz-array" count="55">97.1555 96.3218 95.5972 95.1426 94.8408 94.5991 94.5064 94.3825 94.2317 93.9977 93.6224 93.2705 92.938 92.6414 92.2914 91.9125 91.5536 91.2633 91.1283 91.1275 91.2646 91.3432 90.9603 90.1282 88.8921 87.2825 85.3058 83.2868 81.5601 80.198 79.1808 78.3567 77.7972 77.4145 77.1936 77.2136 77.3419 77.3339 77.3618 77.4447 77.5793 77.4122 76.7211 75.7612 75.2501 76.6018 80.6025 86.5762 92.3175 96.2274 97.945 98.0639 97.3821 96.5525 97.1555</float_array><technique_common><accessor source="#hpl_mixamorigwRightUpLeg-rotz-array" count="55" stride="1" /></technique_common></source>
      <source id="hpl_mixamorigwRightUpLeg-roty"><float_array id="hpl_mixamorigwRightUpLeg-roty-array" count="55">-33.5879 -33.0321 -32.7447 -32.5397 -32.3777 -32.3324 -32.2444 -32.1497 -31.9144 -31.5816 -31.0147 -30.2296 -29.1188 -27.7757 -26.3158 -24.8667 -23.5772 -22.3483 -21.2703 -20.2035 -19.1007 -18.1354 -17.4083 -16.6572 -15.828 -14.6585 -12.9188 -10.6012 -8.01863 -5.50446 -3.29452 -1.59793 -0.182248 0.584221 0.934478 0.702728 0.0416433 -1.19844 -3.01922 -5.17813 -7.37014 -9.54736 -12.1296 -15.8018 -21.1706 -27.9426 -34.6766 -39.7984 -42.7509 -43.8566 -43.3596 -41.7324 -39.739 -38.0498 -33.5879</float_array><technique_common><accessor source="#hpl_mixamorigwRightUpLeg-roty-array" count="55" stride="1" /></technique_common></source>
      <source id="hpl_mixamorigwRightUpLeg-rotx"><float_array id="hpl_mixamorigwRightUpLeg-rotx-array" count="55">148.08 146.989 146.156 145.317 144.985 145.24 145.615 146.394 147.59 149.208 151.197 153.385 155.759 158.156 160.62 162.965 165.267 167.121 168.59 170.047 171.828 174.021 176.825 180.072 183.835 188.086 193.215 199.135 205.15 210.823 215.578 219.614 223.226 226.343 229.183 231.512 233.613 234.456 233.972 231.726 227.844 222.712 216.176 207.929 197.397 185.039 172.276 160.909 152.788 148.611 147.898 148.461 148.7 148.246 148.08</float_array><technique_common><accessor source="#hpl_mixamorigwRightUpLeg-rotx-array" count="55" stride="1" /></technique_common></source>
      <sampler id="hpl_mixamorigwRightUpLeg-trans-sampler"><input semantic="INPUT" source="#hpl_mixamorigwRightUpLeg-time" /><input semantic="OUTPUT" source="#hpl_mixamorigwRightUpLeg-trans" /></sampler><channel source="#hpl_mixamorigwRightUpLeg-trans-sampler" target="mixamorigwRightUpLeg/translate" />
      <sampler id="hpl_mixamorigwRightUpLeg-rotz-sampler"><input semantic="INPUT" source="#hpl_mixamorigwRightUpLeg-time" /><input semantic="OUTPUT" source="#hpl_mixamorigwRightUpLeg-rotz" /></sampler><channel source="#hpl_mixamorigwRightUpLeg-rotz-sampler" target="mixamorigwRightUpLeg/rotateZ.ANGLE" />
      <sampler id="hpl_mixamorigwRightUpLeg-roty-sampler"><input semantic="INPUT" source="#hpl_mixamorigwRightUpLeg-time" /><input semantic="OUTPUT" source="#hpl_mixamorigwRightUpLeg-roty" /></sampler><channel source="#hpl_mixamorigwRightUpLeg-roty-sampler" target="mixamorigwRightUpLeg/rotateY.ANGLE" />
      <sampler id="hpl_mixamorigwRightUpLeg-rotx-sampler"><input semantic="INPUT" source="#hpl_mixamorigwRightUpLeg-time" /><input semantic="OUTPUT" source="#hpl_mixamorigwRightUpLeg-rotx" /></sampler><channel source="#hpl_mixamorigwRightUpLeg-rotx-sampler" target="mixamorigwRightUpLeg/rotateX.ANGLE" />
    </animation>
    <animation id="hpl_mixamorigwRightLeg">
      <source id="hpl_mixamorigwRightLeg-time"><float_array id="hpl_mixamorigwRightLeg-time-array" count="55">0 1 2 3 4 5 6 7 8 9 10 11 12 13 14 15 16 17 18 19 20 21 22 23 24 25 26 27 28 29 30 31 32 33 34 35 36 37 38 39 40 41 42 43 44 45 46 47 48 49 50 51 52 53 54</float_array><technique_common><accessor source="#hpl_mixamorigwRightLeg-time-array" count="55" stride="1" /></technique_common></source>
      <source id="hpl_mixamorigwRightLeg-trans"><float_array id="hpl_mixamorigwRightLeg-trans-array" count="165">-8.33343e-08 0.359357 -8.39022e-08 -8.33343e-08 0.359357 -8.39022e-08 -8.33343e-08 0.359357 -8.39022e-08 -8.33343e-08 0.359357 -8.39022e-08 -8.33343e-08 0.359357 -8.39022e-08 -8.33343e-08 0.359357 -8.39022e-08 -8.33343e-08 0.359357 -8.39022e-08 -8.33343e-08 0.359357 -8.39022e-08 -8.33343e-08 0.359357 -8.39022e-08 -8.33343e-08 0.359357 -8.39022e-08 -8.33343e-08 0.359357 -8.39022e-08 -8.33343e-08 0.359357 -8.39022e-08 -8.33343e-08 0.359357 -8.39022e-08 -8.33343e-08 0.359357 -8.39022e-08 -8.33343e-08 0.359357 -8.39022e-08 -8.33343e-08 0.359357 -8.39022e-08 -8.33343e-08 0.359357 -8.39022e-08 -8.33343e-08 0.359357 -8.39022e-08 -8.33343e-08 0.359357 -8.39022e-08 -8.33343e-08 0.359357 -8.39022e-08 -8.33343e-08 0.359357 -8.39022e-08 -8.33343e-08 0.359357 -8.39022e-08 -8.33343e-08 0.359357 -8.39022e-08 -8.33343e-08 0.359357 -8.39022e-08 -8.33343e-08 0.359357 -8.39022e-08 -8.33343e-08 0.359357 -8.39022e-08 -8.33343e-08 0.359357 -8.39022e-08 -8.33343e-08 0.359357 -8.39022e-08 -8.33343e-08 0.359357 -8.39022e-08 -8.33343e-08 0.359357 -8.39022e-08 -8.33343e-08 0.359357 -8.39022e-08 -8.33343e-08 0.359357 -8.39022e-08 -8.33343e-08 0.359357 -8.39022e-08 -8.33343e-08 0.359357 -8.39022e-08 -8.33343e-08 0.359357 -8.39022e-08 -8.33343e-08 0.359357 -8.39022e-08 -8.33343e-08 0.359357 -8.39022e-08 -8.33343e-08 0.359357 -8.39022e-08 -8.33343e-08 0.359357 -8.39022e-08 -8.33343e-08 0.359357 -8.39022e-08 -8.33343e-08 0.359357 -8.39022e-08 -8.33343e-08 0.359357 -8.39022e-08 -8.33343e-08 0.359357 -8.39022e-08 -8.33343e-08 0.359357 -8.39022e-08 -8.33343e-08 0.359357 -8.39022e-08 -8.33343e-08 0.359357 -8.39022e-08 -8.33343e-08 0.359357 -8.39022e-08 -8.33343e-08 0.359357 -8.39022e-08 -8.33343e-08 0.359357 -8.39022e-08 -8.33343e-08 0.359357 -8.39022e-08 -8.33343e-08 0.359357 -8.39022e-08 -8.33343e-08 0.359357 -8.39022e-08 -8.33343e-08 0.359357 -8.39022e-08 -8.33343e-08 0.359357 -8.39022e-08 -8.33343e-08 0.359357 -8.39022e-08</float_array><technique_common><accessor source="#hpl_mixamorigwRightLeg-trans-array" count="55" stride="3" /></technique_common></source>
      <source id="hpl_mixamorigwRightLeg-rotz"><float_array id="hpl_mixamorigwRightLeg-rotz-array" count="55">3.45157 3.66764 3.89804 4.03062 4.0878 4.0967 4.08893 4.01796 3.94822 3.81536 3.62076 3.44467 3.37708 3.45498 3.55164 3.62443 3.54463 3.45882 3.38949 3.33186 3.27574 3.22344 3.13108 2.99973 2.79308 2.58707 2.39871 2.18821 1.95923 1.76555 1.60263 1.45008 1.38495 1.33747 1.33949 1.40779 1.46971 1.44927 1.38946 1.23338 0.995961 0.698191 0.415206 0.283203 0.393661 0.949534 1.82443 2.68329 3.03657 3.10005 2.91674 2.71304 2.64402 2.76764 3.45157</float_array><technique_common><accessor source="#hpl_mixamorigwRightLeg-rotz-array" count="55" stride="1" /></technique_common></source>
      <source id="hpl_mixamorigwRightLeg-roty"><float_array id="hpl_mixamorigwRightLeg-roty-array" count="55">-5.04245 -5.38194 -5.69137 -6.06455 -6.38067 -6.5632 -6.74814 -6.90124 -6.99875 -7.08353 -7.17047 -7.29459 -7.38404 -7.40562 -7.40098 -7.39792 -7.47242 -7.58671 -7.75009 -7.94882 -8.13446 -8.29503 -8.45039 -8.62289 -8.85402 -9.1008 -9.31308 -9.48899 -9.64109 -9.75402 -9.84001 -9.97337 -10.0069 -10.1353 -10.2384 -10.3107 -10.3755 -10.5513 -10.6737 -10.7844 -10.8592 -10.8607 -10.6485 -10.1542 -9.42675 -8.63019 -7.8874 -7.2061 -6.47654 -5.62907 -4.93736 -4.6079 -4.64784 -4.81264 -5.04245</float_array><technique_common><accessor source="#hpl_mixamorigwRightLeg-roty-array" count="55" stride="1" /></technique_common></source>
      <source id="hpl_mixamorigwRightLeg-rotx"><float_array id="hpl_mixamorigwRightLeg-rotx-array" count="55">63.7914 69.7313 75.6412 81.6586 86.8606 90.8683 94.614 97.5772 99.7857 101.247 102.08 102.607 102.977 103.281 103.718 104.375 105.39 107.051 109.137 111.443 113.731 116.2 118.646 121.253 123.598 125.741 127.466 128.489 128.543 127.512 125.83 123.477 120.678 117.424 113.644 109.769 105.538 102.132 100.173 100.07 102.18 106.892 113.236 118.55 120.985 119.443 113.353 103.184 90.0642 75.926 63.2931 55.2043 53.2975 56.2524 63.7914</float_array><technique_common><accessor source="#hpl_mixamorigwRightLeg-rotx-array" count="55" stride="1" /></technique_common></source>
      <sampler id="hpl_mixamorigwRightLeg-trans-sampler"><input semantic="INPUT" source="#hpl_mixamorigwRightLeg-time" /><input semantic="OUTPUT" source="#hpl_mixamorigwRightLeg-trans" /></sampler><channel source="#hpl_mixamorigwRightLeg-trans-sampler" target="mixamorigwRightLeg/translate" />
      <sampler id="hpl_mixamorigwRightLeg-rotz-sampler"><input semantic="INPUT" source="#hpl_mixamorigwRightLeg-time" /><input semantic="OUTPUT" source="#hpl_mixamorigwRightLeg-rotz" /></sampler><channel source="#hpl_mixamorigwRightLeg-rotz-sampler" target="mixamorigwRightLeg/rotateZ.ANGLE" />
      <sampler id="hpl_mixamorigwRightLeg-roty-sampler"><input semantic="INPUT" source="#hpl_mixamorigwRightLeg-time" /><input semantic="OUTPUT" source="#hpl_mixamorigwRightLeg-roty" /></sampler><channel source="#hpl_mixamorigwRightLeg-roty-sampler" target="mixamorigwRightLeg/rotateY.ANGLE" />
      <sampler id="hpl_mixamorigwRightLeg-rotx-sampler"><input semantic="INPUT" source="#hpl_mixamorigwRightLeg-time" /><input semantic="OUTPUT" source="#hpl_mixamorigwRightLeg-rotx" /></sampler><channel source="#hpl_mixamorigwRightLeg-rotx-sampler" target="mixamorigwRightLeg/rotateX.ANGLE" />
    </animation>
    <animation id="hpl_mixamorigwRightFoot">
      <source id="hpl_mixamorigwRightFoot-time"><float_array id="hpl_mixamorigwRightFoot-time-array" count="55">0 1 2 3 4 5 6 7 8 9 10 11 12 13 14 15 16 17 18 19 20 21 22 23 24 25 26 27 28 29 30 31 32 33 34 35 36 37 38 39 40 41 42 43 44 45 46 47 48 49 50 51 52 53 54</float_array><technique_common><accessor source="#hpl_mixamorigwRightFoot-time-array" count="55" stride="1" /></technique_common></source>
      <source id="hpl_mixamorigwRightFoot-trans"><float_array id="hpl_mixamorigwRightFoot-trans-array" count="165">7.14394e-08 0.37578 -3.17249e-07 7.14394e-08 0.37578 -3.17249e-07 7.14394e-08 0.37578 -3.17249e-07 7.14394e-08 0.37578 -3.17249e-07 7.14394e-08 0.37578 -3.17249e-07 7.14394e-08 0.37578 -3.17249e-07 7.14394e-08 0.37578 -3.17249e-07 7.14394e-08 0.37578 -3.17249e-07 7.14394e-08 0.37578 -3.17249e-07 7.14394e-08 0.37578 -3.17249e-07 7.14394e-08 0.37578 -3.17249e-07 7.14394e-08 0.37578 -3.17249e-07 7.14394e-08 0.37578 -3.17249e-07 7.14394e-08 0.37578 -3.17249e-07 7.14394e-08 0.37578 -3.17249e-07 7.14394e-08 0.37578 -3.17249e-07 7.14394e-08 0.37578 -3.17249e-07 7.14394e-08 0.37578 -3.17249e-07 7.14394e-08 0.37578 -3.17249e-07 7.14394e-08 0.37578 -3.17249e-07 7.14394e-08 0.37578 -3.17249e-07 7.14394e-08 0.37578 -3.17249e-07 7.14394e-08 0.37578 -3.17249e-07 7.14394e-08 0.37578 -3.17249e-07 7.14394e-08 0.37578 -3.17249e-07 7.14394e-08 0.37578 -3.17249e-07 7.14394e-08 0.37578 -3.17249e-07 7.14394e-08 0.37578 -3.17249e-07 7.14394e-08 0.37578 -3.17249e-07 7.14394e-08 0.37578 -3.17249e-07 7.14394e-08 0.37578 -3.17249e-07 7.14394e-08 0.37578 -3.17249e-07 7.14394e-08 0.37578 -3.17249e-07 7.14394e-08 0.37578 -3.17249e-07 7.14394e-08 0.37578 -3.17249e-07 7.14394e-08 0.37578 -3.17249e-07 7.14394e-08 0.37578 -3.17249e-07 7.14394e-08 0.37578 -3.17249e-07 7.14394e-08 0.37578 -3.17249e-07 7.14394e-08 0.37578 -3.17249e-07 7.14394e-08 0.37578 -3.17249e-07 7.14394e-08 0.37578 -3.17249e-07 7.14394e-08 0.37578 -3.17249e-07 7.14394e-08 0.37578 -3.17249e-07 7.14394e-08 0.37578 -3.17249e-07 7.14394e-08 0.37578 -3.17249e-07 7.14394e-08 0.37578 -3.17249e-07 7.14394e-08 0.37578 -3.17249e-07 7.14394e-08 0.37578 -3.17249e-07 7.14394e-08 0.37578 -3.17249e-07 7.14394e-08 0.37578 -3.17249e-07 7.14394e-08 0.37578 -3.17249e-07 7.14394e-08 0.37578 -3.17249e-07 7.14394e-08 0.37578 -3.17249e-07 7.14394e-08 0.37578 -3.17249e-07</float_array><technique_common><accessor source="#hpl_mixamorigwRightFoot-trans-array" count="55" stride="3" /></technique_common></source>
      <source id="hpl_mixamorigwRightFoot-rotz"><float_array id="hpl_mixamorigwRightFoot-rotz-array" count="55">6.33665 4.854 3.23413 2.23201 1.50204 1.45565 1.16914 0.795648 0.498757 0.312718 0.143825 0.0890565 -0.0930593 -0.423295 -0.824352 -1.15535 -1.19764 -1.09093 -0.792955 -0.447497 -0.136506 0.655042 1.81898 3.19354 4.63495 6.41769 8.45228 10.3691 11.9975 13.1818 13.8373 14.2039 14.3525 13.8696 13.0239 11.914 10.521 8.90272 6.9091 4.28539 1.53275 0.59032 1.84146 3.30975 3.97017 3.72165 2.77731 1.47818 -0.0359701 -1.74332 -3.00687 -3.78054 -3.66595 -2.67781 6.33665</float_array><technique_common><accessor source="#hpl_mixamorigwRightFoot-rotz-array" count="55" stride="1" /></technique_common></source>
      <source id="hpl_mixamorigwRightFoot-roty"><float_array id="hpl_mixamorigwRightFoot-roty-array" count="55">-7.46803 -6.89027 -6.48852 -6.26469 -6.16767 -6.36696 -6.30099 -6.0808 -6.01986 -5.89208 -5.66686 -5.23965 -4.72069 -4.21061 -3.81255 -3.63463 -3.60703 -3.52209 -3.21772 -2.72728 -2.20232 -2.01374 -2.2423 -2.82105 -3.67227 -4.98144 -6.74639 -8.5129 -9.99569 -11.2104 -12.2826 -13.2338 -14.1124 -14.8599 -15.4905 -15.8556 -16.0854 -16.8169 -17.8782 -19.8559 -22.1458 -22.9368 -21.5077 -18.147 -13.5493 -9.12926 -6.66394 -5.91226 -5.98308 -6.4264 -6.88734 -6.87082 -6.60873 -6.72443 -7.46803</float_array><technique_common><accessor source="#hpl_mixamorigwRightFoot-roty-array" count="55" stride="1" /></technique_common></source>
      <source id="hpl_mixamorigwRightFoot-rotx"><float_array id="hpl_mixamorigwRightFoot-rotx-array" count="55">-46.2367 -46.0038 -46.2582 -48.9573 -52.1615 -55.5679 -60.0364 -64.5713 -68.571 -72.2838 -75.5877 -78.5542 -80.995 -82.86 -84.4537 -85.9006 -86.9803 -87.8078 -88.0251 -88.2191 -88.9108 -89.4611 -90.0215 -89.8966 -89.9812 -89.5721 -89.4397 -90.6237 -93.0637 -95.8956 -98.2296 -99.7776 -100.914 -101.14 -100.621 -99.4449 -97.6153 -92.2011 -83.8806 -72.4054 -60.9723 -56.6694 -61.6822 -70.4201 -78.0271 -81.6776 -81.8366 -79.0989 -73.4345 -66.5378 -61.5034 -59.0763 -57.5834 -54.8465 -46.2367</float_array><technique_common><accessor source="#hpl_mixamorigwRightFoot-rotx-array" count="55" stride="1" /></technique_common></source>
      <sampler id="hpl_mixamorigwRightFoot-trans-sampler"><input semantic="INPUT" source="#hpl_mixamorigwRightFoot-time" /><input semantic="OUTPUT" source="#hpl_mixamorigwRightFoot-trans" /></sampler><channel source="#hpl_mixamorigwRightFoot-trans-sampler" target="mixamorigwRightFoot/translate" />
      <sampler id="hpl_mixamorigwRightFoot-rotz-sampler"><input semantic="INPUT" source="#hpl_mixamorigwRightFoot-time" /><input semantic="OUTPUT" source="#hpl_mixamorigwRightFoot-rotz" /></sampler><channel source="#hpl_mixamorigwRightFoot-rotz-sampler" target="mixamorigwRightFoot/rotateZ.ANGLE" />
      <sampler id="hpl_mixamorigwRightFoot-roty-sampler"><input semantic="INPUT" source="#hpl_mixamorigwRightFoot-time" /><input semantic="OUTPUT" source="#hpl_mixamorigwRightFoot-roty" /></sampler><channel source="#hpl_mixamorigwRightFoot-roty-sampler" target="mixamorigwRightFoot/rotateY.ANGLE" />
      <sampler id="hpl_mixamorigwRightFoot-rotx-sampler"><input semantic="INPUT" source="#hpl_mixamorigwRightFoot-time" /><input semantic="OUTPUT" source="#hpl_mixamorigwRightFoot-rotx" /></sampler><channel source="#hpl_mixamorigwRightFoot-rotx-sampler" target="mixamorigwRightFoot/rotateX.ANGLE" />
    </animation>
    <animation id="hpl_mixamorigwRightToeBase">
      <source id="hpl_mixamorigwRightToeBase-time"><float_array id="hpl_mixamorigwRightToeBase-time-array" count="55">0 1 2 3 4 5 6 7 8 9 10 11 12 13 14 15 16 17 18 19 20 21 22 23 24 25 26 27 28 29 30 31 32 33 34 35 36 37 38 39 40 41 42 43 44 45 46 47 48 49 50 51 52 53 54</float_array><technique_common><accessor source="#hpl_mixamorigwRightToeBase-time-array" count="55" stride="1" /></technique_common></source>
      <source id="hpl_mixamorigwRightToeBase-trans"><float_array id="hpl_mixamorigwRightToeBase-trans-array" count="165">-1.99614e-07 0.162229 6.56946e-08 -1.99614e-07 0.162229 6.56946e-08 -1.99614e-07 0.162229 6.56946e-08 -1.99614e-07 0.162229 6.56946e-08 -1.99614e-07 0.162229 6.56946e-08 -1.99614e-07 0.162229 6.56946e-08 -1.99614e-07 0.162229 6.56946e-08 -1.99614e-07 0.162229 6.56946e-08 -1.99614e-07 0.162229 6.56946e-08 -1.99614e-07 0.162229 6.56946e-08 -1.99614e-07 0.162229 6.56946e-08 -1.99614e-07 0.162229 6.56946e-08 -1.99614e-07 0.162229 6.56946e-08 -1.99614e-07 0.162229 6.56946e-08 -1.99614e-07 0.162229 6.56946e-08 -1.99614e-07 0.162229 6.56946e-08 -1.99614e-07 0.162229 6.56946e-08 -1.99614e-07 0.162229 6.56946e-08 -1.99614e-07 0.162229 6.56946e-08 -1.99614e-07 0.162229 6.56946e-08 -1.99614e-07 0.162229 6.56946e-08 -1.99614e-07 0.162229 6.56946e-08 -1.99614e-07 0.162229 6.56946e-08 -1.99614e-07 0.162229 6.56946e-08 -1.99614e-07 0.162229 6.56946e-08 -1.99614e-07 0.162229 6.56946e-08 -1.99614e-07 0.162229 6.56946e-08 -1.99614e-07 0.162229 6.56946e-08 -1.99614e-07 0.162229 6.56946e-08 -1.99614e-07 0.162229 6.56946e-08 -1.99614e-07 0.162229 6.56946e-08 -1.99614e-07 0.162229 6.56946e-08 -1.99614e-07 0.162229 6.56946e-08 -1.99614e-07 0.162229 6.56946e-08 -1.99614e-07 0.162229 6.56946e-08 -1.99614e-07 0.162229 6.56946e-08 -1.99614e-07 0.162229 6.56946e-08 -1.99614e-07 0.162229 6.56946e-08 -1.99614e-07 0.162229 6.56946e-08 -1.99614e-07 0.162229 6.56946e-08 -1.99614e-07 0.162229 6.56946e-08 -1.99614e-07 0.162229 6.56946e-08 -1.99614e-07 0.162229 6.56946e-08 -1.99614e-07 0.162229 6.56946e-08 -1.99614e-07 0.162229 6.56946e-08 -1.99614e-07 0.162229 6.56946e-08 -1.99614e-07 0.162229 6.56946e-08 -1.99614e-07 0.162229 6.56946e-08 -1.99614e-07 0.162229 6.56946e-08 -1.99614e-07 0.162229 6.56946e-08 -1.99614e-07 0.162229 6.56946e-08 -1.99614e-07 0.162229 6.56946e-08 -1.99614e-07 0.162229 6.56946e-08 -1.99614e-07 0.162229 6.56946e-08 -1.99614e-07 0.162229 6.56946e-08</float_array><technique_common><accessor source="#hpl_mixamorigwRightToeBase-trans-array" count="55" stride="3" /></technique_common></source>
      <source id="hpl_mixamorigwRightToeBase-rotz"><float_array id="hpl_mixamorigwRightToeBase-rotz-array" count="55">-0.175645 -0.120322 -0.0722241 -0.0138304 0.0285672 0.0854559 0.129147 0.149032 0.176939 0.180666 0.155559 0.0939626 0.0598753 0.0201056 -0.0622566 -0.1744 -0.239905 -0.324435 -0.419685 -0.54106 -0.653055 -0.783839 -1.00225 -1.355 -1.77898 -2.26665 -2.76824 -3.23676 -3.69944 -4.14397 -4.52201 -4.89064 -5.0692 -5.23035 -5.36602 -5.46185 -5.55394 -5.7067 -5.54531 -4.48771 -2.15275 -0.89351 -0.662162 -0.679428 -0.714249 -0.679141 -0.540404 -0.329948 -0.254331 -0.30753 -0.342947 -0.298476 -0.250126 -0.228138 -0.175645</float_array><technique_common><accessor source="#hpl_mixamorigwRightToeBase-rotz-array" count="55" stride="1" /></technique_common></source>
      <source id="hpl_mixamorigwRightToeBase-roty"><float_array id="hpl_mixamorigwRightToeBase-roty-array" count="55">1.7049 1.65174 1.64646 1.59212 1.54272 1.48675 1.44999 1.42809 1.43689 1.47822 1.54872 1.61297 1.65962 1.67356 1.6592 1.64737 1.60673 1.73272 1.9522 2.19409 2.3739 2.5232 2.75395 3.05567 3.37572 3.69794 3.99983 4.26822 4.51584 4.69705 4.84911 4.94889 4.99261 5.02325 5.04373 5.0523 5.05751 5.04828 5.00487 4.75286 3.56397 2.35777 2.13321 2.21583 2.28368 2.35553 2.32357 2.06428 1.81028 1.7174 1.67876 1.63134 1.59044 1.58213 1.7049</float_array><technique_common><accessor source="#hpl_mixamorigwRightToeBase-roty-array" count="55" stride="1" /></technique_common></source>
      <source id="hpl_mixamorigwRightToeBase-rotx"><float_array id="hpl_mixamorigwRightToeBase-rotx-array" count="55">-40.7316 -40.231 -39.8191 -39.2087 -38.6336 -37.8712 -37.403 -37.0334 -36.901 -37.0576 -37.4996 -38.0717 -38.4527 -38.7152 -39.0334 -39.5261 -39.7784 -40.8386 -42.3388 -43.9869 -45.274 -46.5452 -48.5994 -51.6045 -55.0321 -58.8154 -62.6562 -66.2397 -69.7227 -72.987 -75.6449 -78.1693 -79.5176 -80.5883 -81.4757 -82.0704 -82.6979 -83.9277 -82.9047 -75.3907 -57.0726 -45.34 -43.4071 -44.2721 -44.9835 -44.8138 -43.9271 -42.216 -41.276 -41.4208 -41.3393 -40.9307 -40.6171 -40.5891 -40.7316</float_array><technique_common><accessor source="#hpl_mixamorigwRightToeBase-rotx-array" count="55" stride="1" /></technique_common></source>
      <sampler id="hpl_mixamorigwRightToeBase-trans-sampler"><input semantic="INPUT" source="#hpl_mixamorigwRightToeBase-time" /><input semantic="OUTPUT" source="#hpl_mixamorigwRightToeBase-trans" /></sampler><channel source="#hpl_mixamorigwRightToeBase-trans-sampler" target="mixamorigwRightToeBase/translate" />
      <sampler id="hpl_mixamorigwRightToeBase-rotz-sampler"><input semantic="INPUT" source="#hpl_mixamorigwRightToeBase-time" /><input semantic="OUTPUT" source="#hpl_mixamorigwRightToeBase-rotz" /></sampler><channel source="#hpl_mixamorigwRightToeBase-rotz-sampler" target="mixamorigwRightToeBase/rotateZ.ANGLE" />
      <sampler id="hpl_mixamorigwRightToeBase-roty-sampler"><input semantic="INPUT" source="#hpl_mixamorigwRightToeBase-time" /><input semantic="OUTPUT" source="#hpl_mixamorigwRightToeBase-roty" /></sampler><channel source="#hpl_mixamorigwRightToeBase-roty-sampler" target="mixamorigwRightToeBase/rotateY.ANGLE" />
      <sampler id="hpl_mixamorigwRightToeBase-rotx-sampler"><input semantic="INPUT" source="#hpl_mixamorigwRightToeBase-time" /><input semantic="OUTPUT" source="#hpl_mixamorigwRightToeBase-rotx" /></sampler><channel source="#hpl_mixamorigwRightToeBase-rotx-sampler" target="mixamorigwRightToeBase/rotateX.ANGLE" />
    </animation>
    <animation id="hpl_mixamorigwSpine">
      <source id="hpl_mixamorigwSpine-time"><float_array id="hpl_mixamorigwSpine-time-array" count="55">0 1 2 3 4 5 6 7 8 9 10 11 12 13 14 15 16 17 18 19 20 21 22 23 24 25 26 27 28 29 30 31 32 33 34 35 36 37 38 39 40 41 42 43 44 45 46 47 48 49 50 51 52 53 54</float_array><technique_common><accessor source="#hpl_mixamorigwSpine-time-array" count="55" stride="1" /></technique_common></source>
      <source id="hpl_mixamorigwSpine-trans"><float_array id="hpl_mixamorigwSpine-trans-array" count="165">-0.0675692 -0.0488203 0.113795 -0.0675692 -0.0488203 0.113795 -0.0675692 -0.0488203 0.113795 -0.0675692 -0.0488203 0.113795 -0.0675692 -0.0488203 0.113795 -0.0675692 -0.0488203 0.113795 -0.0675692 -0.0488203 0.113795 -0.0675692 -0.0488203 0.113795 -0.0675692 -0.0488203 0.113795 -0.0675692 -0.0488203 0.113795 -0.0675692 -0.0488203 0.113795 -0.0675692 -0.0488203 0.113795 -0.0675692 -0.0488203 0.113795 -0.0675692 -0.0488203 0.113795 -0.0675692 -0.0488203 0.113795 -0.0675692 -0.0488203 0.113795 -0.0675692 -0.0488203 0.113795 -0.0675692 -0.0488203 0.113795 -0.0675692 -0.0488203 0.113795 -0.0675692 -0.0488203 0.113795 -0.0675692 -0.0488203 0.113795 -0.0675692 -0.0488203 0.113795 -0.0675692 -0.0488203 0.113795 -0.0675692 -0.0488203 0.113795 -0.0675692 -0.0488203 0.113795 -0.0675692 -0.0488203 0.113795 -0.0675692 -0.0488203 0.113795 -0.0675692 -0.0488203 0.113795 -0.0675692 -0.0488203 0.113795 -0.0675692 -0.0488203 0.113795 -0.0675692 -0.0488203 0.113795 -0.0675692 -0.0488203 0.113795 -0.0675692 -0.0488203 0.113795 -0.0675692 -0.0488203 0.113795 -0.0675692 -0.0488203 0.113795 -0.0675692 -0.0488203 0.113795 -0.0675692 -0.0488203 0.113795 -0.0675692 -0.0488203 0.113795 -0.0675692 -0.0488203 0.113795 -0.0675692 -0.0488203 0.113795 -0.0675692 -0.0488203 0.113795 -0.0675692 -0.0488203 0.113795 -0.0675692 -0.0488203 0.113795 -0.0675692 -0.0488203 0.113795 -0.0675692 -0.0488203 0.113795 -0.0675692 -0.0488203 0.113795 -0.0675692 -0.0488203 0.113795 -0.0675692 -0.0488203 0.113795 -0.0675692 -0.0488203 0.113795 -0.0675692 -0.0488203 0.113795 -0.0675692 -0.0488203 0.113795 -0.0675692 -0.0488203 0.113795 -0.0675692 -0.0488203 0.113795 -0.0675692 -0.0488203 0.113795 -0.0675692 -0.0488203 0.113795</float_array><technique_common><accessor source="#hpl_mixamorigwSpine-trans-array" count="55" stride="3" /></technique_common></source>
      <source id="hpl_mixamorigwSpine-rotz"><float_array id="hpl_mixamorigwSpine-rotz-array" count="55">109.944 109.911 109.829 109.732 109.645 109.579 109.434 109.245 109.005 108.776 108.616 108.573 108.65 108.755 108.771 108.653 108.46 108.119 107.741 107.477 107.371 107.505 107.636 107.807 107.943 108.064 108.068 108.068 108.057 108.097 108.117 108.185 108.154 108.228 108.25 108.268 108.279 108.437 108.556 108.805 109.134 109.398 109.576 109.802 109.974 110.031 110.052 110.098 110.115 109.977 109.72 109.556 109.623 109.767 109.944</float_array><technique_common><accessor source="#hpl_mixamorigwSpine-rotz-array" count="55" stride="1" /></technique_common></source>
      <source id="hpl_mixamorigwSpine-roty"><float_array id="hpl_mixamorigwSpine-roty-array" count="55">-13.3306 -13.5637 -13.7987 -13.9925 -14.1405 -14.3198 -14.4681 -14.5573 -14.6577 -14.6958 -14.6564 -14.5512 -14.3514 -14.0765 -13.7777 -13.4975 -13.1657 -12.854 -12.5892 -12.3122 -12.0464 -11.7732 -11.5491 -11.2908 -11.0468 -10.7132 -10.3854 -10.1808 -9.98751 -9.75716 -9.51118 -9.27112 -9.04662 -8.82025 -8.59963 -8.37021 -8.16785 -7.99786 -7.93895 -8.01279 -8.21132 -8.49343 -8.91713 -9.43692 -9.95883 -10.5128 -11.0826 -11.3804 -11.4893 -11.4212 -11.3512 -11.3639 -11.4799 -11.7294 -13.3306</float_array><technique_common><accessor source="#hpl_mixamorigwSpine-roty-array" count="55" stride="1" /></technique_common></source>
      <source id="hpl_mixamorigwSpine-rotx"><float_array id="hpl_mixamorigwSpine-rotx-array" count="55">78.4915 78.4106 78.284 78.1884 78.0515 77.9961 77.7681 77.505 77.2887 77.1692 77.1974 77.3964 77.6738 77.9968 78.3637 78.724 79.0803 79.3404 79.4108 79.2974 79.2157 79.2369 79.2338 79.1918 79.0162 78.809 78.6275 78.5698 78.5496 78.5404 78.4954 78.4845 78.4262 78.356 78.2987 78.1945 78.0393 77.7655 77.6498 77.6221 77.6819 77.8185 77.9789 78.2091 78.4379 78.5824 78.5987 78.5366 78.4834 78.4555 78.4573 78.434 78.2961 78.0093 78.4915</float_array><technique_common><accessor source="#hpl_mixamorigwSpine-rotx-array" count="55" stride="1" /></technique_common></source>
      <sampler id="hpl_mixamorigwSpine-trans-sampler"><input semantic="INPUT" source="#hpl_mixamorigwSpine-time" /><input semantic="OUTPUT" source="#hpl_mixamorigwSpine-trans" /></sampler><channel source="#hpl_mixamorigwSpine-trans-sampler" target="mixamorigwSpine/translate" />
      <sampler id="hpl_mixamorigwSpine-rotz-sampler"><input semantic="INPUT" source="#hpl_mixamorigwSpine-time" /><input semantic="OUTPUT" source="#hpl_mixamorigwSpine-rotz" /></sampler><channel source="#hpl_mixamorigwSpine-rotz-sampler" target="mixamorigwSpine/rotateZ.ANGLE" />
      <sampler id="hpl_mixamorigwSpine-roty-sampler"><input semantic="INPUT" source="#hpl_mixamorigwSpine-time" /><input semantic="OUTPUT" source="#hpl_mixamorigwSpine-roty" /></sampler><channel source="#hpl_mixamorigwSpine-roty-sampler" target="mixamorigwSpine/rotateY.ANGLE" />
      <sampler id="hpl_mixamorigwSpine-rotx-sampler"><input semantic="INPUT" source="#hpl_mixamorigwSpine-time" /><input semantic="OUTPUT" source="#hpl_mixamorigwSpine-rotx" /></sampler><channel source="#hpl_mixamorigwSpine-rotx-sampler" target="mixamorigwSpine/rotateX.ANGLE" />
    </animation>
    <animation id="hpl_mixamorigwSpine1">
      <source id="hpl_mixamorigwSpine1-time"><float_array id="hpl_mixamorigwSpine1-time-array" count="55">0 1 2 3 4 5 6 7 8 9 10 11 12 13 14 15 16 17 18 19 20 21 22 23 24 25 26 27 28 29 30 31 32 33 34 35 36 37 38 39 40 41 42 43 44 45 46 47 48 49 50 51 52 53 54</float_array><technique_common><accessor source="#hpl_mixamorigwSpine1-time-array" count="55" stride="1" /></technique_common></source>
      <source id="hpl_mixamorigwSpine1-trans"><float_array id="hpl_mixamorigwSpine1-trans-array" count="165">1.44736e-09 0.14106 -1.23518e-07 1.44736e-09 0.14106 -1.23518e-07 1.44736e-09 0.14106 -1.23518e-07 1.44736e-09 0.14106 -1.23518e-07 1.44736e-09 0.14106 -1.23518e-07 1.44736e-09 0.14106 -1.23518e-07 1.44736e-09 0.14106 -1.23518e-07 1.44736e-09 0.14106 -1.23518e-07 1.44736e-09 0.14106 -1.23518e-07 1.44736e-09 0.14106 -1.23518e-07 1.44736e-09 0.14106 -1.23518e-07 1.44736e-09 0.14106 -1.23518e-07 1.44736e-09 0.14106 -1.23518e-07 1.44736e-09 0.14106 -1.23518e-07 1.44736e-09 0.14106 -1.23518e-07 1.44736e-09 0.14106 -1.23518e-07 1.44736e-09 0.14106 -1.23518e-07 1.44736e-09 0.14106 -1.23518e-07 1.44736e-09 0.14106 -1.23518e-07 1.44736e-09 0.14106 -1.23518e-07 1.44736e-09 0.14106 -1.23518e-07 1.44736e-09 0.14106 -1.23518e-07 1.44736e-09 0.14106 -1.23518e-07 1.44736e-09 0.14106 -1.23518e-07 1.44736e-09 0.14106 -1.23518e-07 1.44736e-09 0.14106 -1.23518e-07 1.44736e-09 0.14106 -1.23518e-07 1.44736e-09 0.14106 -1.23518e-07 1.44736e-09 0.14106 -1.23518e-07 1.44736e-09 0.14106 -1.23518e-07 1.44736e-09 0.14106 -1.23518e-07 1.44736e-09 0.14106 -1.23518e-07 1.44736e-09 0.14106 -1.23518e-07 1.44736e-09 0.14106 -1.23518e-07 1.44736e-09 0.14106 -1.23518e-07 1.44736e-09 0.14106 -1.23518e-07 1.44736e-09 0.14106 -1.23518e-07 1.44736e-09 0.14106 -1.23518e-07 1.44736e-09 0.14106 -1.23518e-07 1.44736e-09 0.14106 -1.23518e-07 1.44736e-09 0.14106 -1.23518e-07 1.44736e-09 0.14106 -1.23518e-07 1.44736e-09 0.14106 -1.23518e-07 1.44736e-09 0.14106 -1.23518e-07 1.44736e-09 0.14106 -1.23518e-07 1.44736e-09 0.14106 -1.23518e-07 1.44736e-09 0.14106 -1.23518e-07 1.44736e-09 0.14106 -1.23518e-07 1.44736e-09 0.14106 -1.23518e-07 1.44736e-09 0.14106 -1.23518e-07 1.44736e-09 0.14106 -1.23518e-07 1.44736e-09 0.14106 -1.23518e-07 1.44736e-09 0.14106 -1.23518e-07 1.44736e-09 0.14106 -1.23518e-07 1.44736e-09 0.14106 -1.23518e-07</float_array><technique_common><accessor source="#hpl_mixamorigwSpine1-trans-array" count="55" stride="3" /></technique_common></source>
      <source id="hpl_mixamorigwSpine1-rotz"><float_array id="hpl_mixamorigwSpine1-rotz-array" count="55">0.659803 0.677831 0.609154 0.59424 0.577246 0.570123 0.588273 0.625094 0.611684 0.592806 0.616831 0.705684 0.793666 0.809571 0.741401 0.549346 0.378487 0.229646 0.163396 0.174981 0.157376 0.218752 0.283727 0.284933 0.187565 0.0873034 -0.0440315 -0.233608 -0.407353 -0.527012 -0.711755 -0.836423 -0.91733 -1.04656 -1.1855 -1.32017 -1.48082 -1.67306 -1.77401 -1.78334 -1.7052 -1.59027 -1.45577 -1.24531 -0.949484 -0.660352 -0.485325 -0.278295 -0.120871 -0.0183656 0.0342054 0.0448026 0.00810554 -0.0102847 0.659803</float_array><technique_common><accessor source="#hpl_mixamorigwSpine1-rotz-array" count="55" stride="1" /></technique_common></source>
      <source id="hpl_mixamorigwSpine1-roty"><float_array id="hpl_mixamorigwSpine1-roty-array" count="55">-0.250618 -0.408646 -0.546509 -0.697155 -0.869141 -1.04973 -1.28056 -1.579 -1.71986 -1.82145 -1.91221 -2.00293 -2.03406 -2.05029 -2.0456 -1.93766 -1.77354 -1.62227 -1.51328 -1.48826 -1.40849 -1.40324 -1.40114 -1.36752 -1.16707 -0.937552 -0.665779 -0.367679 -0.0814565 0.119384 0.339929 0.551255 0.799165 1.02699 1.28327 1.51179 1.76943 2.03425 2.25346 2.42947 2.52185 2.55158 2.53269 2.41627 2.14351 1.80568 1.59376 1.37879 1.21153 1.04786 0.914094 0.796637 0.703076 0.548959 -0.250618</float_array><technique_common><accessor source="#hpl_mixamorigwSpine1-roty-array" count="55" stride="1" /></technique_common></source>
      <source id="hpl_mixamorigwSpine1-rotx"><float_array id="hpl_mixamorigwSpine1-rotx-array" count="55">-1.05842 -1.03469 -1.00229 -1.03794 -1.12228 -1.33804 -1.48681 -1.60772 -1.63311 -1.59913 -1.52988 -1.50079 -1.5355 -1.58586 -1.56133 -1.54176 -1.48402 -1.39381 -1.34049 -1.33696 -1.37929 -1.41566 -1.50103 -1.58709 -1.68563 -1.82899 -1.95964 -2.01002 -2.02626 -2.00192 -1.86017 -1.78283 -1.70658 -1.6418 -1.59551 -1.56237 -1.55555 -1.49054 -1.45836 -1.4163 -1.37973 -1.40539 -1.41954 -1.38217 -1.23251 -1.07358 -0.905146 -0.863177 -1.00897 -1.12729 -1.20485 -1.30929 -1.38869 -1.41647 -1.05842</float_array><technique_common><accessor source="#hpl_mixamorigwSpine1-rotx-array" count="55" stride="1" /></technique_common></source>
      <sampler id="hpl_mixamorigwSpine1-trans-sampler"><input semantic="INPUT" source="#hpl_mixamorigwSpine1-time" /><input semantic="OUTPUT" source="#hpl_mixamorigwSpine1-trans" /></sampler><channel source="#hpl_mixamorigwSpine1-trans-sampler" target="mixamorigwSpine1/translate" />
      <sampler id="hpl_mixamorigwSpine1-rotz-sampler"><input semantic="INPUT" source="#hpl_mixamorigwSpine1-time" /><input semantic="OUTPUT" source="#hpl_mixamorigwSpine1-rotz" /></sampler><channel source="#hpl_mixamorigwSpine1-rotz-sampler" target="mixamorigwSpine1/rotateZ.ANGLE" />
      <sampler id="hpl_mixamorigwSpine1-roty-sampler"><input semantic="INPUT" source="#hpl_mixamorigwSpine1-time" /><input semantic="OUTPUT" source="#hpl_mixamorigwSpine1-roty" /></sampler><channel source="#hpl_mixamorigwSpine1-roty-sampler" target="mixamorigwSpine1/rotateY.ANGLE" />
      <sampler id="hpl_mixamorigwSpine1-rotx-sampler"><input semantic="INPUT" source="#hpl_mixamorigwSpine1-time" /><input semantic="OUTPUT" source="#hpl_mixamorigwSpine1-rotx" /></sampler><channel source="#hpl_mixamorigwSpine1-rotx-sampler" target="mixamorigwSpine1/rotateX.ANGLE" />
    </animation>
    <animation id="hpl_mixamorigwSpine2">
      <source id="hpl_mixamorigwSpine2-time"><float_array id="hpl_mixamorigwSpine2-time-array" count="55">0 1 2 3 4 5 6 7 8 9 10 11 12 13 14 15 16 17 18 19 20 21 22 23 24 25 26 27 28 29 30 31 32 33 34 35 36 37 38 39 40 41 42 43 44 45 46 47 48 49 50 51 52 53 54</float_array><technique_common><accessor source="#hpl_mixamorigwSpine2-time-array" count="55" stride="1" /></technique_common></source>
      <source id="hpl_mixamorigwSpine2-trans"><float_array id="hpl_mixamorigwSpine2-trans-array" count="165">-3.64405e-08 0.141065 -2.35147e-07 -3.64405e-08 0.141065 -2.35147e-07 -3.64405e-08 0.141065 -2.35147e-07 -3.64405e-08 0.141065 -2.35147e-07 -3.64405e-08 0.141065 -2.35147e-07 -3.64405e-08 0.141065 -2.35147e-07 -3.64405e-08 0.141065 -2.35147e-07 -3.64405e-08 0.141065 -2.35147e-07 -3.64405e-08 0.141065 -2.35147e-07 -3.64405e-08 0.141065 -2.35147e-07 -3.64405e-08 0.141065 -2.35147e-07 -3.64405e-08 0.141065 -2.35147e-07 -3.64405e-08 0.141065 -2.35147e-07 -3.64405e-08 0.141065 -2.35147e-07 -3.64405e-08 0.141065 -2.35147e-07 -3.64405e-08 0.141065 -2.35147e-07 -3.64405e-08 0.141065 -2.35147e-07 -3.64405e-08 0.141065 -2.35147e-07 -3.64405e-08 0.141065 -2.35147e-07 -3.64405e-08 0.141065 -2.35147e-07 -3.64405e-08 0.141065 -2.35147e-07 -3.64405e-08 0.141065 -2.35147e-07 -3.64405e-08 0.141065 -2.35147e-07 -3.64405e-08 0.141065 -2.35147e-07 -3.64405e-08 0.141065 -2.35147e-07 -3.64405e-08 0.141065 -2.35147e-07 -3.64405e-08 0.141065 -2.35147e-07 -3.64405e-08 0.141065 -2.35147e-07 -3.64405e-08 0.141065 -2.35147e-07 -3.64405e-08 0.141065 -2.35147e-07 -3.64405e-08 0.141065 -2.35147e-07 -3.64405e-08 0.141065 -2.35147e-07 -3.64405e-08 0.141065 -2.35147e-07 -3.64405e-08 0.141065 -2.35147e-07 -3.64405e-08 0.141065 -2.35147e-07 -3.64405e-08 0.141065 -2.35147e-07 -3.64405e-08 0.141065 -2.35147e-07 -3.64405e-08 0.141065 -2.35147e-07 -3.64405e-08 0.141065 -2.35147e-07 -3.64405e-08 0.141065 -2.35147e-07 -3.64405e-08 0.141065 -2.35147e-07 -3.64405e-08 0.141065 -2.35147e-07 -3.64405e-08 0.141065 -2.35147e-07 -3.64405e-08 0.141065 -2.35147e-07 -3.64405e-08 0.141065 -2.35147e-07 -3.64405e-08 0.141065 -2.35147e-07 -3.64405e-08 0.141065 -2.35147e-07 -3.64405e-08 0.141065 -2.35147e-07 -3.64405e-08 0.141065 -2.35147e-07 -3.64405e-08 0.141065 -2.35147e-07 -3.64405e-08 0.141065 -2.35147e-07 -3.64405e-08 0.141065 -2.35147e-07 -3.64405e-08 0.141065 -2.35147e-07 -3.64405e-08 0.141065 -2.35147e-07 -3.64405e-08 0.141065 -2.35147e-07</float_array><technique_common><accessor source="#hpl_mixamorigwSpine2-trans-array" count="55" stride="3" /></technique_common></source>
      <source id="hpl_mixamorigwSpine2-rotz"><float_array id="hpl_mixamorigwSpine2-rotz-array" count="55">3.93771 4.06196 4.30541 4.4395 4.56578 4.78778 4.98678 5.21484 5.29644 5.20035 4.92069 4.51188 4.04077 3.51223 2.94034 2.43809 1.88522 1.49386 1.14818 0.750046 0.446051 0.179523 -0.0994637 -0.466285 -0.883463 -1.28553 -1.64571 -2.02653 -2.41091 -2.82488 -3.25675 -3.76465 -4.40736 -4.93438 -5.4526 -5.91394 -6.27075 -6.49066 -6.35388 -5.88894 -5.21561 -4.43869 -3.65244 -2.90142 -2.22299 -1.63635 -1.09213 -0.697688 -0.362251 -0.165606 -0.0328605 0.2114 0.585315 0.960424 3.93771</float_array><technique_common><accessor source="#hpl_mixamorigwSpine2-rotz-array" count="55" stride="1" /></technique_common></source>
      <source id="hpl_mixamorigwSpine2-roty"><float_array id="hpl_mixamorigwSpine2-roty-array" count="55">-1.28736 -1.54306 -1.87081 -2.19118 -2.52424 -2.83824 -3.18204 -3.49425 -3.87807 -4.23939 -4.54487 -4.73717 -4.80832 -4.71641 -4.53264 -4.37917 -4.28218 -4.27888 -4.31355 -4.30187 -4.21706 -3.9013 -3.42979 -2.9705 -2.56238 -2.09627 -1.57005 -1.15657 -0.921011 -0.775275 -0.71634 -0.595473 -0.478266 -0.346197 -0.23962 -0.128877 -0.0275214 -0.0350613 -0.010437 0.0571241 0.224627 0.401287 0.563718 0.757436 1.00998 1.2575 1.42796 1.55416 1.60865 1.6272 1.51194 1.1242 0.588602 0.127881 -1.28736</float_array><technique_common><accessor source="#hpl_mixamorigwSpine2-roty-array" count="55" stride="1" /></technique_common></source>
      <source id="hpl_mixamorigwSpine2-rotx"><float_array id="hpl_mixamorigwSpine2-rotx-array" count="55">24.4354 24.543 24.7126 24.8271 24.9475 25.0276 24.9475 24.6423 24.1881 23.5698 22.9521 22.478 22.2731 22.2551 22.3345 22.4733 22.6553 22.8674 23.0944 23.2582 23.327 23.2682 23.2744 23.2627 23.2155 23.1002 23.0331 23.1403 23.4564 23.8885 24.3081 24.6612 24.9791 25.2535 25.4986 25.6494 25.6791 25.5158 25.2058 24.7534 24.3044 24.0508 24.0699 24.2559 24.3616 24.3964 24.4234 24.4034 24.2939 24.0904 23.875 23.6902 23.5237 23.3832 24.4354</float_array><technique_common><accessor source="#hpl_mixamorigwSpine2-rotx-array" count="55" stride="1" /></technique_common></source>
      <sampler id="hpl_mixamorigwSpine2-trans-sampler"><input semantic="INPUT" source="#hpl_mixamorigwSpine2-time" /><input semantic="OUTPUT" source="#hpl_mixamorigwSpine2-trans" /></sampler><channel source="#hpl_mixamorigwSpine2-trans-sampler" target="mixamorigwSpine2/translate" />
      <sampler id="hpl_mixamorigwSpine2-rotz-sampler"><input semantic="INPUT" source="#hpl_mixamorigwSpine2-time" /><input semantic="OUTPUT" source="#hpl_mixamorigwSpine2-rotz" /></sampler><channel source="#hpl_mixamorigwSpine2-rotz-sampler" target="mixamorigwSpine2/rotateZ.ANGLE" />
      <sampler id="hpl_mixamorigwSpine2-roty-sampler"><input semantic="INPUT" source="#hpl_mixamorigwSpine2-time" /><input semantic="OUTPUT" source="#hpl_mixamorigwSpine2-roty" /></sampler><channel source="#hpl_mixamorigwSpine2-roty-sampler" target="mixamorigwSpine2/rotateY.ANGLE" />
      <sampler id="hpl_mixamorigwSpine2-rotx-sampler"><input semantic="INPUT" source="#hpl_mixamorigwSpine2-time" /><input semantic="OUTPUT" source="#hpl_mixamorigwSpine2-rotx" /></sampler><channel source="#hpl_mixamorigwSpine2-rotx-sampler" target="mixamorigwSpine2/rotateX.ANGLE" />
    </animation>
    <animation id="hpl_mixamorigwLeftShoulder">
      <source id="hpl_mixamorigwLeftShoulder-time"><float_array id="hpl_mixamorigwLeftShoulder-time-array" count="55">0 1 2 3 4 5 6 7 8 9 10 11 12 13 14 15 16 17 18 19 20 21 22 23 24 25 26 27 28 29 30 31 32 33 34 35 36 37 38 39 40 41 42 43 44 45 46 47 48 49 50 51 52 53 54</float_array><technique_common><accessor source="#hpl_mixamorigwLeftShoulder-time-array" count="55" stride="1" /></technique_common></source>
      <source id="hpl_mixamorigwLeftShoulder-trans"><float_array id="hpl_mixamorigwLeftShoulder-trans-array" count="165">0.0413714 0.0784535 -0.00380876 0.0413714 0.0784535 -0.00380876 0.0413714 0.0784535 -0.00380876 0.0413714 0.0784535 -0.00380876 0.0413714 0.0784535 -0.00380876 0.0413714 0.0784535 -0.00380876 0.0413714 0.0784535 -0.00380876 0.0413714 0.0784535 -0.00380876 0.0413714 0.0784535 -0.00380876 0.0413714 0.0784535 -0.00380876 0.0413714 0.0784535 -0.00380876 0.0413714 0.0784535 -0.00380876 0.0413714 0.0784535 -0.00380876 0.0413714 0.0784535 -0.00380876 0.0413714 0.0784535 -0.00380876 0.0413714 0.0784535 -0.00380876 0.0413714 0.0784535 -0.00380876 0.0413714 0.0784535 -0.00380876 0.0413714 0.0784535 -0.00380876 0.0413714 0.0784535 -0.00380876 0.0413714 0.0784535 -0.00380876 0.0413714 0.0784535 -0.00380876 0.0413714 0.0784535 -0.00380876 0.0413714 0.0784535 -0.00380876 0.0413714 0.0784535 -0.00380876 0.0413714 0.0784535 -0.00380876 0.0413714 0.0784535 -0.00380876 0.0413714 0.0784535 -0.00380876 0.0413714 0.0784535 -0.00380876 0.0413714 0.0784535 -0.00380876 0.0413714 0.0784535 -0.00380876 0.0413714 0.0784535 -0.00380876 0.0413714 0.0784535 -0.00380876 0.0413714 0.0784535 -0.00380876 0.0413714 0.0784535 -0.00380876 0.0413714 0.0784535 -0.00380876 0.0413714 0.0784535 -0.00380876 0.0413714 0.0784535 -0.00380876 0.0413714 0.0784535 -0.00380876 0.0413714 0.0784535 -0.00380876 0.0413714 0.0784535 -0.00380876 0.0413714 0.0784535 -0.00380876 0.0413714 0.0784535 -0.00380876 0.0413714 0.0784535 -0.00380876 0.0413714 0.0784535 -0.00380876 0.0413714 0.0784535 -0.00380876 0.0413714 0.0784535 -0.00380876 0.0413714 0.0784535 -0.00380876 0.0413714 0.0784535 -0.00380876 0.0413714 0.0784535 -0.00380876 0.0413714 0.0784535 -0.00380876 0.0413714 0.0784535 -0.00380876 0.0413714 0.0784535 -0.00380876 0.0413714 0.0784535 -0.00380876 0.0413714 0.0784535 -0.00380876</float_array><technique_common><accessor source="#hpl_mixamorigwLeftShoulder-trans-array" count="55" stride="3" /></technique_common></source>
      <source id="hpl_mixamorigwLeftShoulder-rotz"><float_array id="hpl_mixamorigwLeftShoulder-rotz-array" count="55">60.2864 58.5511 55.9145 53.8173 51.8269 49.8743 47.8988 46.4232 45.4078 44.4173 43.6213 42.8553 42.3372 42.3963 43.0746 44.4291 47.1503 50.2992 53.6925 56.5915 58.8522 60.9285 63.43 66.6114 70.1653 73.2488 74.9292 75.1085 74.5097 72.9647 71.0384 68.7608 66.4893 64.0815 61.9853 60.2296 58.7098 57.5636 57.1907 57.3992 58.0309 59.0716 60.1421 61.2968 62.8874 64.128 64.1166 63.2777 62.099 62.0114 62.778 63.2314 62.9791 61.9852 60.2864</float_array><technique_common><accessor source="#hpl_mixamorigwLeftShoulder-rotz-array" count="55" stride="1" /></technique_common></source>
      <source id="hpl_mixamorigwLeftShoulder-roty"><float_array id="hpl_mixamorigwLeftShoulder-roty-array" count="55">75.2551 75.282 75.5098 75.4261 75.3637 75.2717 75.2771 75.3004 75.4598 75.64 75.8638 76.107 76.3349 76.4925 76.6188 76.8018 76.9857 77.3545 77.6181 77.7312 77.7911 77.8067 77.7153 77.5088 77.1663 76.8196 76.476 76.1454 75.7747 75.4757 75.0258 74.7311 74.4214 74.2342 74.0874 74.0315 74.0853 74.1473 74.2905 74.4904 74.675 74.8735 75.108 75.3996 75.6489 75.9362 76.1698 76.3278 76.3237 76.1976 75.9518 75.7726 75.6159 75.4236 75.2551</float_array><technique_common><accessor source="#hpl_mixamorigwLeftShoulder-roty-array" count="55" stride="1" /></technique_common></source>
      <source id="hpl_mixamorigwLeftShoulder-rotx"><float_array id="hpl_mixamorigwLeftShoulder-rotx-array" count="55">147.451 145.491 142.65 140.204 137.75 135.496 133.215 131.473 130.416 129.58 129.11 128.844 128.893 129.425 130.399 131.922 134.649 137.827 141.195 144.104 146.473 148.802 151.865 155.669 159.797 163.544 165.903 166.568 166.316 164.997 163.12 160.895 158.73 156.379 154.313 152.589 151.094 149.855 149.396 149.416 149.692 150.208 150.76 151.475 152.605 153.437 153.206 152.341 151.278 151.333 152.057 152.304 151.738 150.453 147.451</float_array><technique_common><accessor source="#hpl_mixamorigwLeftShoulder-rotx-array" count="55" stride="1" /></technique_common></source>
      <sampler id="hpl_mixamorigwLeftShoulder-trans-sampler"><input semantic="INPUT" source="#hpl_mixamorigwLeftShoulder-time" /><input semantic="OUTPUT" source="#hpl_mixamorigwLeftShoulder-trans" /></sampler><channel source="#hpl_mixamorigwLeftShoulder-trans-sampler" target="mixamorigwLeftShoulder/translate" />
      <sampler id="hpl_mixamorigwLeftShoulder-rotz-sampler"><input semantic="INPUT" source="#hpl_mixamorigwLeftShoulder-time" /><input semantic="OUTPUT" source="#hpl_mixamorigwLeftShoulder-rotz" /></sampler><channel source="#hpl_mixamorigwLeftShoulder-rotz-sampler" target="mixamorigwLeftShoulder/rotateZ.ANGLE" />
      <sampler id="hpl_mixamorigwLeftShoulder-roty-sampler"><input semantic="INPUT" source="#hpl_mixamorigwLeftShoulder-time" /><input semantic="OUTPUT" source="#hpl_mixamorigwLeftShoulder-roty" /></sampler><channel source="#hpl_mixamorigwLeftShoulder-roty-sampler" target="mixamorigwLeftShoulder/rotateY.ANGLE" />
      <sampler id="hpl_mixamorigwLeftShoulder-rotx-sampler"><input semantic="INPUT" source="#hpl_mixamorigwLeftShoulder-time" /><input semantic="OUTPUT" source="#hpl_mixamorigwLeftShoulder-rotx" /></sampler><channel source="#hpl_mixamorigwLeftShoulder-rotx-sampler" target="mixamorigwLeftShoulder/rotateX.ANGLE" />
    </animation>
    <animation id="hpl_mixamorigwLeftArm">
      <source id="hpl_mixamorigwLeftArm-time"><float_array id="hpl_mixamorigwLeftArm-time-array" count="55">0 1 2 3 4 5 6 7 8 9 10 11 12 13 14 15 16 17 18 19 20 21 22 23 24 25 26 27 28 29 30 31 32 33 34 35 36 37 38 39 40 41 42 43 44 45 46 47 48 49 50 51 52 53 54</float_array><technique_common><accessor source="#hpl_mixamorigwLeftArm-time-array" count="55" stride="1" /></technique_common></source>
      <source id="hpl_mixamorigwLeftArm-trans"><float_array id="hpl_mixamorigwLeftArm-trans-array" count="165">9.98332e-07 0.163973 5.96014e-06 9.98332e-07 0.163973 5.96014e-06 9.98332e-07 0.163973 5.96014e-06 9.98332e-07 0.163973 5.96014e-06 9.98332e-07 0.163973 5.96014e-06 9.98332e-07 0.163973 5.96014e-06 9.98332e-07 0.163973 5.96014e-06 9.98332e-07 0.163973 5.96014e-06 9.98332e-07 0.163973 5.96014e-06 9.98332e-07 0.163973 5.96014e-06 9.98332e-07 0.163973 5.96014e-06 9.98332e-07 0.163973 5.96014e-06 9.98332e-07 0.163973 5.96014e-06 9.98332e-07 0.163973 5.96014e-06 9.98332e-07 0.163973 5.96014e-06 9.98332e-07 0.163973 5.96014e-06 9.98332e-07 0.163973 5.96014e-06 9.98332e-07 0.163973 5.96014e-06 9.98332e-07 0.163973 5.96014e-06 9.98332e-07 0.163973 5.96014e-06 9.98332e-07 0.163973 5.96014e-06 9.98332e-07 0.163973 5.96014e-06 9.98332e-07 0.163973 5.96014e-06 9.98332e-07 0.163973 5.96014e-06 9.98332e-07 0.163973 5.96014e-06 9.98332e-07 0.163973 5.96014e-06 9.98332e-07 0.163973 5.96014e-06 9.98332e-07 0.163973 5.96014e-06 9.98332e-07 0.163973 5.96014e-06 9.98332e-07 0.163973 5.96014e-06 9.98332e-07 0.163973 5.96014e-06 9.98332e-07 0.163973 5.96014e-06 9.98332e-07 0.163973 5.96014e-06 9.98332e-07 0.163973 5.96014e-06 9.98332e-07 0.163973 5.96014e-06 9.98332e-07 0.163973 5.96014e-06 9.98332e-07 0.163973 5.96014e-06 9.98332e-07 0.163973 5.96014e-06 9.98332e-07 0.163973 5.96014e-06 9.98332e-07 0.163973 5.96014e-06 9.98332e-07 0.163973 5.96014e-06 9.98332e-07 0.163973 5.96014e-06 9.98332e-07 0.163973 5.96014e-06 9.98332e-07 0.163973 5.96014e-06 9.98332e-07 0.163973 5.96014e-06 9.98332e-07 0.163973 5.96014e-06 9.98332e-07 0.163973 5.96014e-06 9.98332e-07 0.163973 5.96014e-06 9.98332e-07 0.163973 5.96014e-06 9.98332e-07 0.163973 5.96014e-06 9.98332e-07 0.163973 5.96014e-06 9.98332e-07 0.163973 5.96014e-06 9.98332e-07 0.163973 5.96014e-06 9.98332e-07 0.163973 5.96014e-06 9.98332e-07 0.163973 5.96014e-06</float_array><technique_common><accessor source="#hpl_mixamorigwLeftArm-trans-array" count="55" stride="3" /></technique_common></source>
      <source id="hpl_mixamorigwLeftArm-rotz"><float_array id="hpl_mixamorigwLeftArm-rotz-array" count="55">46.6946 48.1318 49.3828 50.3848 50.9398 51.208 50.925 50.3063 49.7166 49.1691 48.9062 48.9941 49.4193 50.056 50.7621 51.3428 51.8789 52.0291 51.8097 51.1295 50.07 48.6289 47.1329 45.675 44.3617 43.0858 41.8676 40.8912 40.4999 40.5359 41.0944 41.8361 42.7262 43.6429 44.6537 45.6503 46.6981 47.5792 48.414 48.9797 49.1285 49.0489 49.0007 49.0212 49.0883 49.0449 48.893 48.6475 48.3219 48.2361 48.4129 48.8721 49.6391 50.6146 46.6946</float_array><technique_common><accessor source="#hpl_mixamorigwLeftArm-rotz-array" count="55" stride="1" /></technique_common></source>
      <source id="hpl_mixamorigwLeftArm-roty"><float_array id="hpl_mixamorigwLeftArm-roty-array" count="55">-28.849 -29.5816 -30.1088 -30.4431 -30.3959 -29.9226 -29.2284 -28.8098 -28.6791 -28.9158 -29.548 -30.4931 -31.4521 -32.3474 -33.2741 -34.0642 -34.5868 -34.669 -34.2432 -33.3913 -32.3389 -31.1146 -29.6743 -28.4128 -27.5797 -26.8117 -26.1171 -25.976 -26.2759 -26.8165 -27.3212 -27.6921 -28.2788 -28.5225 -28.7636 -28.9041 -28.883 -28.5997 -28.3242 -27.9923 -27.8063 -27.8955 -28.0056 -27.8615 -27.6196 -27.4767 -27.4515 -27.4362 -27.1927 -26.6993 -26.3488 -26.0604 -25.8717 -25.7215 -28.849</float_array><technique_common><accessor source="#hpl_mixamorigwLeftArm-roty-array" count="55" stride="1" /></technique_common></source>
      <source id="hpl_mixamorigwLeftArm-rotx"><float_array id="hpl_mixamorigwLeftArm-rotx-array" count="55">-5.60666 -6.75027 -7.72598 -8.56536 -9.02586 -9.33399 -9.01648 -8.29631 -7.3987 -6.39957 -5.45419 -4.64966 -4.04173 -3.53906 -3.06374 -2.52401 -2.13499 -1.84778 -1.78338 -1.88064 -1.80053 -1.34503 -0.880907 -0.56136 -0.318243 -0.181153 -0.339791 -0.919834 -2.06596 -3.60896 -5.36362 -7.20775 -9.22526 -10.9457 -12.5938 -14.0038 -15.079 -15.7864 -16.0055 -15.651 -14.8844 -13.9579 -13.0771 -12.2228 -11.3648 -10.5161 -9.86303 -9.52818 -9.326 -9.48533 -9.82477 -10.0332 -10.2971 -10.6824 -5.60666</float_array><technique_common><accessor source="#hpl_mixamorigwLeftArm-rotx-array" count="55" stride="1" /></technique_common></source>
      <sampler id="hpl_mixamorigwLeftArm-trans-sampler"><input semantic="INPUT" source="#hpl_mixamorigwLeftArm-time" /><input semantic="OUTPUT" source="#hpl_mixamorigwLeftArm-trans" /></sampler><channel source="#hpl_mixamorigwLeftArm-trans-sampler" target="mixamorigwLeftArm/translate" />
      <sampler id="hpl_mixamorigwLeftArm-rotz-sampler"><input semantic="INPUT" source="#hpl_mixamorigwLeftArm-time" /><input semantic="OUTPUT" source="#hpl_mixamorigwLeftArm-rotz" /></sampler><channel source="#hpl_mixamorigwLeftArm-rotz-sampler" target="mixamorigwLeftArm/rotateZ.ANGLE" />
      <sampler id="hpl_mixamorigwLeftArm-roty-sampler"><input semantic="INPUT" source="#hpl_mixamorigwLeftArm-time" /><input semantic="OUTPUT" source="#hpl_mixamorigwLeftArm-roty" /></sampler><channel source="#hpl_mixamorigwLeftArm-roty-sampler" target="mixamorigwLeftArm/rotateY.ANGLE" />
      <sampler id="hpl_mixamorigwLeftArm-rotx-sampler"><input semantic="INPUT" source="#hpl_mixamorigwLeftArm-time" /><input semantic="OUTPUT" source="#hpl_mixamorigwLeftArm-rotx" /></sampler><channel source="#hpl_mixamorigwLeftArm-rotx-sampler" target="mixamorigwLeftArm/rotateX.ANGLE" />
    </animation>
    <animation id="hpl_mixamorigwLeftForeArm">
      <source id="hpl_mixamorigwLeftForeArm-time"><float_array id="hpl_mixamorigwLeftForeArm-time-array" count="55">0 1 2 3 4 5 6 7 8 9 10 11 12 13 14 15 16 17 18 19 20 21 22 23 24 25 26 27 28 29 30 31 32 33 34 35 36 37 38 39 40 41 42 43 44 45 46 47 48 49 50 51 52 53 54</float_array><technique_common><accessor source="#hpl_mixamorigwLeftForeArm-time-array" count="55" stride="1" /></technique_common></source>
      <source id="hpl_mixamorigwLeftForeArm-trans"><float_array id="hpl_mixamorigwLeftForeArm-trans-array" count="165">-1.8844e-07 0.244292 -4.09649e-06 -1.8844e-07 0.244292 -4.09649e-06 -1.8844e-07 0.244292 -4.09649e-06 -1.8844e-07 0.244292 -4.09649e-06 -1.8844e-07 0.244292 -4.09649e-06 -1.8844e-07 0.244292 -4.09649e-06 -1.8844e-07 0.244292 -4.09649e-06 -1.8844e-07 0.244292 -4.09649e-06 -1.8844e-07 0.244292 -4.09649e-06 -1.8844e-07 0.244292 -4.09649e-06 -1.8844e-07 0.244292 -4.09649e-06 -1.8844e-07 0.244292 -4.09649e-06 -1.8844e-07 0.244292 -4.09649e-06 -1.8844e-07 0.244292 -4.09649e-06 -1.8844e-07 0.244292 -4.09649e-06 -1.8844e-07 0.244292 -4.09649e-06 -1.8844e-07 0.244292 -4.09649e-06 -1.8844e-07 0.244292 -4.09649e-06 -1.8844e-07 0.244292 -4.09649e-06 -1.8844e-07 0.244292 -4.09649e-06 -1.8844e-07 0.244292 -4.09649e-06 -1.8844e-07 0.244292 -4.09649e-06 -1.8844e-07 0.244292 -4.09649e-06 -1.8844e-07 0.244292 -4.09649e-06 -1.8844e-07 0.244292 -4.09649e-06 -1.8844e-07 0.244292 -4.09649e-06 -1.8844e-07 0.244292 -4.09649e-06 -1.8844e-07 0.244292 -4.09649e-06 -1.8844e-07 0.244292 -4.09649e-06 -1.8844e-07 0.244292 -4.09649e-06 -1.8844e-07 0.244292 -4.09649e-06 -1.8844e-07 0.244292 -4.09649e-06 -1.8844e-07 0.244292 -4.09649e-06 -1.8844e-07 0.244292 -4.09649e-06 -1.8844e-07 0.244292 -4.09649e-06 -1.8844e-07 0.244292 -4.09649e-06 -1.8844e-07 0.244292 -4.09649e-06 -1.8844e-07 0.244292 -4.09649e-06 -1.8844e-07 0.244292 -4.09649e-06 -1.8844e-07 0.244292 -4.09649e-06 -1.8844e-07 0.244292 -4.09649e-06 -1.8844e-07 0.244292 -4.09649e-06 -1.8844e-07 0.244292 -4.09649e-06 -1.8844e-07 0.244292 -4.09649e-06 -1.8844e-07 0.244292 -4.09649e-06 -1.8844e-07 0.244292 -4.09649e-06 -1.8844e-07 0.244292 -4.09649e-06 -1.8844e-07 0.244292 -4.09649e-06 -1.8844e-07 0.244292 -4.09649e-06 -1.8844e-07 0.244292 -4.09649e-06 -1.8844e-07 0.244292 -4.09649e-06 -1.8844e-07 0.244292 -4.09649e-06 -1.8844e-07 0.244292 -4.09649e-06 -1.8844e-07 0.244292 -4.09649e-06 -1.8844e-07 0.244292 -4.09649e-06</float_array><technique_common><accessor source="#hpl_mixamorigwLeftForeArm-trans-array" count="55" stride="3" /></technique_common></source>
      <source id="hpl_mixamorigwLeftForeArm-rotz"><float_array id="hpl_mixamorigwLeftForeArm-rotz-array" count="55">95.4409 95.0693 94.5503 94.0372 93.6421 93.3124 93.2392 93.5155 93.9978 94.7033 95.5391 96.3992 97.2632 98.0846 99.0555 100.076 100.889 101.503 101.9 101.973 101.784 101.759 101.744 101.87 102.151 102.457 102.788 102.961 102.827 102.344 101.457 100.484 99.4599 98.524 97.6225 96.8402 96.044 95.1581 94.3678 93.7222 93.3294 93.1316 92.7483 92.2553 91.7288 91.3972 91.231 91.1808 91.1759 91.1723 91.1768 91.1665 91.0146 90.6882 95.4409</float_array><technique_common><accessor source="#hpl_mixamorigwLeftForeArm-rotz-array" count="55" stride="1" /></technique_common></source>
      <source id="hpl_mixamorigwLeftForeArm-roty"><float_array id="hpl_mixamorigwLeftForeArm-roty-array" count="55">-0.0207821 -0.206 -0.612097 -0.990767 -1.40062 -1.74407 -1.8991 -1.91611 -1.80474 -1.63685 -1.39452 -1.16581 -0.952186 -0.775556 -0.487579 -0.0913531 0.209417 0.610362 0.951014 1.20798 1.27619 1.11521 1.0803 1.0782 1.19925 1.33657 1.42087 1.46605 1.4358 1.24885 1.09685 0.810343 0.410768 0.161998 -0.0271049 -0.335778 -0.592085 -0.936779 -1.27354 -1.57195 -1.78024 -2.03027 -2.32764 -2.47237 -2.36738 -2.08318 -1.6961 -1.4485 -1.26064 -1.08274 -1.03899 -1.11882 -1.32546 -1.40773 -0.0207821</float_array><technique_common><accessor source="#hpl_mixamorigwLeftForeArm-roty-array" count="55" stride="1" /></technique_common></source>
      <source id="hpl_mixamorigwLeftForeArm-rotx"><float_array id="hpl_mixamorigwLeftForeArm-rotx-array" count="55">-11.2498 -11.1396 -11.0036 -11.1045 -11.3504 -11.8031 -12.2927 -12.6837 -12.9327 -13.0945 -13.0455 -12.8956 -12.7783 -12.7828 -12.749 -12.5681 -12.2842 -11.9358 -11.7822 -11.7354 -11.6107 -11.6391 -11.8055 -11.9077 -11.8051 -11.7089 -11.7751 -11.7711 -11.7128 -11.6431 -11.7029 -11.7378 -11.5052 -11.4762 -11.4195 -11.3297 -11.1538 -11.0549 -11.0954 -11.3946 -11.7302 -11.8343 -11.7492 -11.8401 -12.1286 -12.2862 -12.1517 -11.8167 -11.6745 -11.7702 -11.8313 -11.7326 -11.6134 -11.482 -11.2498</float_array><technique_common><accessor source="#hpl_mixamorigwLeftForeArm-rotx-array" count="55" stride="1" /></technique_common></source>
      <sampler id="hpl_mixamorigwLeftForeArm-trans-sampler"><input semantic="INPUT" source="#hpl_mixamorigwLeftForeArm-time" /><input semantic="OUTPUT" source="#hpl_mixamorigwLeftForeArm-trans" /></sampler><channel source="#hpl_mixamorigwLeftForeArm-trans-sampler" target="mixamorigwLeftForeArm/translate" />
      <sampler id="hpl_mixamorigwLeftForeArm-rotz-sampler"><input semantic="INPUT" source="#hpl_mixamorigwLeftForeArm-time" /><input semantic="OUTPUT" source="#hpl_mixamorigwLeftForeArm-rotz" /></sampler><channel source="#hpl_mixamorigwLeftForeArm-rotz-sampler" target="mixamorigwLeftForeArm/rotateZ.ANGLE" />
      <sampler id="hpl_mixamorigwLeftForeArm-roty-sampler"><input semantic="INPUT" source="#hpl_mixamorigwLeftForeArm-time" /><input semantic="OUTPUT" source="#hpl_mixamorigwLeftForeArm-roty" /></sampler><channel source="#hpl_mixamorigwLeftForeArm-roty-sampler" target="mixamorigwLeftForeArm/rotateY.ANGLE" />
      <sampler id="hpl_mixamorigwLeftForeArm-rotx-sampler"><input semantic="INPUT" source="#hpl_mixamorigwLeftForeArm-time" /><input semantic="OUTPUT" source="#hpl_mixamorigwLeftForeArm-rotx" /></sampler><channel source="#hpl_mixamorigwLeftForeArm-rotx-sampler" target="mixamorigwLeftForeArm/rotateX.ANGLE" />
    </animation>
    <animation id="hpl_mixamorigwLeftHand">
      <source id="hpl_mixamorigwLeftHand-time"><float_array id="hpl_mixamorigwLeftHand-time-array" count="55">0 1 2 3 4 5 6 7 8 9 10 11 12 13 14 15 16 17 18 19 20 21 22 23 24 25 26 27 28 29 30 31 32 33 34 35 36 37 38 39 40 41 42 43 44 45 46 47 48 49 50 51 52 53 54</float_array><technique_common><accessor source="#hpl_mixamorigwLeftHand-time-array" count="55" stride="1" /></technique_common></source>
      <source id="hpl_mixamorigwLeftHand-trans"><float_array id="hpl_mixamorigwLeftHand-trans-array" count="165">-6.101e-08 0.241261 2.62839e-06 -6.101e-08 0.241261 2.62839e-06 -6.101e-08 0.241261 2.62839e-06 -6.101e-08 0.241261 2.62839e-06 -6.101e-08 0.241261 2.62839e-06 -6.101e-08 0.241261 2.62839e-06 -6.101e-08 0.241261 2.62839e-06 -6.101e-08 0.241261 2.62839e-06 -6.101e-08 0.241261 2.62839e-06 -6.101e-08 0.241261 2.62839e-06 -6.101e-08 0.241261 2.62839e-06 -6.101e-08 0.241261 2.62839e-06 -6.101e-08 0.241261 2.62839e-06 -6.101e-08 0.241261 2.62839e-06 -6.101e-08 0.241261 2.62839e-06 -6.101e-08 0.241261 2.62839e-06 -6.101e-08 0.241261 2.62839e-06 -6.101e-08 0.241261 2.62839e-06 -6.101e-08 0.241261 2.62839e-06 -6.101e-08 0.241261 2.62839e-06 -6.101e-08 0.241261 2.62839e-06 -6.101e-08 0.241261 2.62839e-06 -6.101e-08 0.241261 2.62839e-06 -6.101e-08 0.241261 2.62839e-06 -6.101e-08 0.241261 2.62839e-06 -6.101e-08 0.241261 2.62839e-06 -6.101e-08 0.241261 2.62839e-06 -6.101e-08 0.241261 2.62839e-06 -6.101e-08 0.241261 2.62839e-06 -6.101e-08 0.241261 2.62839e-06 -6.101e-08 0.241261 2.62839e-06 -6.101e-08 0.241261 2.62839e-06 -6.101e-08 0.241261 2.62839e-06 -6.101e-08 0.241261 2.62839e-06 -6.101e-08 0.241261 2.62839e-06 -6.101e-08 0.241261 2.62839e-06 -6.101e-08 0.241261 2.62839e-06 -6.101e-08 0.241261 2.62839e-06 -6.101e-08 0.241261 2.62839e-06 -6.101e-08 0.241261 2.62839e-06 -6.101e-08 0.241261 2.62839e-06 -6.101e-08 0.241261 2.62839e-06 -6.101e-08 0.241261 2.62839e-06 -6.101e-08 0.241261 2.62839e-06 -6.101e-08 0.241261 2.62839e-06 -6.101e-08 0.241261 2.62839e-06 -6.101e-08 0.241261 2.62839e-06 -6.101e-08 0.241261 2.62839e-06 -6.101e-08 0.241261 2.62839e-06 -6.101e-08 0.241261 2.62839e-06 -6.101e-08 0.241261 2.62839e-06 -6.101e-08 0.241261 2.62839e-06 -6.101e-08 0.241261 2.62839e-06 -6.101e-08 0.241261 2.62839e-06 -6.101e-08 0.241261 2.62839e-06</float_array><technique_common><accessor source="#hpl_mixamorigwLeftHand-trans-array" count="55" stride="3" /></technique_common></source>
      <source id="hpl_mixamorigwLeftHand-rotz"><float_array id="hpl_mixamorigwLeftHand-rotz-array" count="55">4.3421 4.18948 3.90743 3.65813 3.33698 2.94268 2.63591 2.5685 2.62929 2.67419 2.69049 2.53423 2.17116 1.60884 0.820519 -0.146779 -0.970054 -1.59527 -2.00943 -2.30496 -2.56088 -2.8949 -3.17194 -3.35351 -3.44151 -3.37506 -3.18397 -2.96588 -2.72137 -2.33833 -1.74096 -1.25083 -0.827817 -0.349339 0.191018 0.725738 1.34963 2.03565 2.90356 3.60441 3.97733 4.12217 4.40959 4.81872 5.30909 5.81607 6.26023 6.49513 6.66619 6.72894 6.79414 6.95038 7.14323 7.19185 4.3421</float_array><technique_common><accessor source="#hpl_mixamorigwLeftHand-rotz-array" count="55" stride="1" /></technique_common></source>
      <source id="hpl_mixamorigwLeftHand-roty"><float_array id="hpl_mixamorigwLeftHand-roty-array" count="55">13.3662 12.9822 12.4888 11.8165 10.9607 9.70258 8.70647 7.9241 7.56383 7.73917 8.44561 9.49356 10.7008 11.765 12.2999 12.0951 11.2592 10.2355 9.63878 9.53547 10.0189 11.1553 12.316 13.223 14.0031 14.6658 15.1819 15.5734 15.727 15.8552 15.9182 16.1261 15.9912 16.2393 16.4668 16.6784 16.6668 16.5665 16.0153 15.5209 15.4332 15.6108 15.8468 15.7327 15.0533 14.0704 13.0331 12.176 11.3462 10.8237 10.2739 9.70734 9.22442 8.93101 13.3662</float_array><technique_common><accessor source="#hpl_mixamorigwLeftHand-roty-array" count="55" stride="1" /></technique_common></source>
      <source id="hpl_mixamorigwLeftHand-rotx"><float_array id="hpl_mixamorigwLeftHand-rotx-array" count="55">-8.0376 -7.7124 -7.6364 -7.33439 -7.00572 -6.65918 -6.37313 -6.03215 -5.62377 -5.14001 -4.6148 -4.06505 -3.68738 -3.46316 -3.42733 -3.6021 -4.08256 -4.45504 -4.74026 -5.11539 -5.64918 -6.11327 -6.41911 -6.48598 -6.48248 -6.4152 -6.29176 -6.0448 -5.8166 -5.60859 -5.54086 -5.50276 -5.37621 -5.32629 -5.35713 -5.4434 -5.56771 -5.96349 -6.18656 -6.42783 -6.73411 -7.21856 -7.60768 -7.82697 -8.00794 -8.16053 -8.19965 -8.13103 -8.01076 -7.84431 -7.53309 -6.91425 -6.08995 -5.32246 -8.0376</float_array><technique_common><accessor source="#hpl_mixamorigwLeftHand-rotx-array" count="55" stride="1" /></technique_common></source>
      <sampler id="hpl_mixamorigwLeftHand-trans-sampler"><input semantic="INPUT" source="#hpl_mixamorigwLeftHand-time" /><input semantic="OUTPUT" source="#hpl_mixamorigwLeftHand-trans" /></sampler><channel source="#hpl_mixamorigwLeftHand-trans-sampler" target="mixamorigwLeftHand/translate" />
      <sampler id="hpl_mixamorigwLeftHand-rotz-sampler"><input semantic="INPUT" source="#hpl_mixamorigwLeftHand-time" /><input semantic="OUTPUT" source="#hpl_mixamorigwLeftHand-rotz" /></sampler><channel source="#hpl_mixamorigwLeftHand-rotz-sampler" target="mixamorigwLeftHand/rotateZ.ANGLE" />
      <sampler id="hpl_mixamorigwLeftHand-roty-sampler"><input semantic="INPUT" source="#hpl_mixamorigwLeftHand-time" /><input semantic="OUTPUT" source="#hpl_mixamorigwLeftHand-roty" /></sampler><channel source="#hpl_mixamorigwLeftHand-roty-sampler" target="mixamorigwLeftHand/rotateY.ANGLE" />
      <sampler id="hpl_mixamorigwLeftHand-rotx-sampler"><input semantic="INPUT" source="#hpl_mixamorigwLeftHand-time" /><input semantic="OUTPUT" source="#hpl_mixamorigwLeftHand-rotx" /></sampler><channel source="#hpl_mixamorigwLeftHand-rotx-sampler" target="mixamorigwLeftHand/rotateX.ANGLE" />
    </animation>
    <animation id="hpl_mixamorigwRightShoulder">
      <source id="hpl_mixamorigwRightShoulder-time"><float_array id="hpl_mixamorigwRightShoulder-time-array" count="55">0 1 2 3 4 5 6 7 8 9 10 11 12 13 14 15 16 17 18 19 20 21 22 23 24 25 26 27 28 29 30 31 32 33 34 35 36 37 38 39 40 41 42 43 44 45 46 47 48 49 50 51 52 53 54</float_array><technique_common><accessor source="#hpl_mixamorigwRightShoulder-time-array" count="55" stride="1" /></technique_common></source>
      <source id="hpl_mixamorigwRightShoulder-trans"><float_array id="hpl_mixamorigwRightShoulder-trans-array" count="165">-0.0410678 0.0751627 -0.0033861 -0.0410678 0.0751627 -0.0033861 -0.0410678 0.0751627 -0.0033861 -0.0410678 0.0751627 -0.0033861 -0.0410678 0.0751627 -0.0033861 -0.0410678 0.0751627 -0.0033861 -0.0410678 0.0751627 -0.0033861 -0.0410678 0.0751627 -0.0033861 -0.0410678 0.0751627 -0.0033861 -0.0410678 0.0751627 -0.0033861 -0.0410678 0.0751627 -0.0033861 -0.0410678 0.0751627 -0.0033861 -0.0410678 0.0751627 -0.0033861 -0.0410678 0.0751627 -0.0033861 -0.0410678 0.0751627 -0.0033861 -0.0410678 0.0751627 -0.0033861 -0.0410678 0.0751627 -0.0033861 -0.0410678 0.0751627 -0.0033861 -0.0410678 0.0751627 -0.0033861 -0.0410678 0.0751627 -0.0033861 -0.0410678 0.0751627 -0.0033861 -0.0410678 0.0751627 -0.0033861 -0.0410678 0.0751627 -0.0033861 -0.0410678 0.0751627 -0.0033861 -0.0410678 0.0751627 -0.0033861 -0.0410678 0.0751627 -0.0033861 -0.0410678 0.0751627 -0.0033861 -0.0410678 0.0751627 -0.0033861 -0.0410678 0.0751627 -0.0033861 -0.0410678 0.0751627 -0.0033861 -0.0410678 0.0751627 -0.0033861 -0.0410678 0.0751627 -0.0033861 -0.0410678 0.0751627 -0.0033861 -0.0410678 0.0751627 -0.0033861 -0.0410678 0.0751627 -0.0033861 -0.0410678 0.0751627 -0.0033861 -0.0410678 0.0751627 -0.0033861 -0.0410678 0.0751627 -0.0033861 -0.0410678 0.0751627 -0.0033861 -0.0410678 0.0751627 -0.0033861 -0.0410678 0.0751627 -0.0033861 -0.0410678 0.0751627 -0.0033861 -0.0410678 0.0751627 -0.0033861 -0.0410678 0.0751627 -0.0033861 -0.0410678 0.0751627 -0.0033861 -0.0410678 0.0751627 -0.0033861 -0.0410678 0.0751627 -0.0033861 -0.0410678 0.0751627 -0.0033861 -0.0410678 0.0751627 -0.0033861 -0.0410678 0.0751627 -0.0033861 -0.0410678 0.0751627 -0.0033861 -0.0410678 0.0751627 -0.0033861 -0.0410678 0.0751627 -0.0033861 -0.0410678 0.0751627 -0.0033861 -0.0410678 0.0751627 -0.0033861</float_array><technique_common><accessor source="#hpl_mixamorigwRightShoulder-trans-array" count="55" stride="3" /></technique_common></source>
      <source id="hpl_mixamorigwRightShoulder-rotz"><float_array id="hpl_mixamorigwRightShoulder-rotz-array" count="55">-39.8944 -40.1065 -39.9975 -40.3004 -40.5568 -41.1122 -41.4339 -41.5544 -41.6552 -41.5769 -41.6322 -41.9435 -42.6494 -43.3721 -43.8612 -44.1564 -44.6698 -44.7341 -44.9168 -45.4119 -46.4503 -47.8465 -49.0565 -50.1377 -51.2002 -51.9339 -52.3288 -52.3747 -52.2509 -51.701 -50.8773 -50.0244 -48.5698 -47.5153 -46.553 -45.7659 -45.1301 -44.5863 -44.0634 -43.5644 -43.1118 -43.1982 -43.6364 -43.7636 -43.5821 -43.4275 -43.0595 -42.7677 -42.855 -43.0983 -44.1862 -45.8168 -47.308 -48.0259 -39.8944</float_array><technique_common><accessor source="#hpl_mixamorigwRightShoulder-rotz-array" count="55" stride="1" /></technique_common></source>
      <source id="hpl_mixamorigwRightShoulder-roty"><float_array id="hpl_mixamorigwRightShoulder-roty-array" count="55">-68.7256 -69.0302 -69.3988 -69.5944 -69.7497 -69.8325 -69.8945 -70.0207 -70.0991 -70.2484 -70.3955 -70.5642 -70.6713 -70.6912 -70.7439 -70.7856 -70.6755 -70.6045 -70.5227 -70.3952 -70.1882 -69.9473 -69.85 -69.8144 -69.7171 -69.5711 -69.3511 -69.0254 -68.7122 -68.4573 -68.4202 -68.2371 -68.1175 -68.031 -67.9202 -67.8173 -67.7125 -67.5722 -67.6122 -67.753 -67.8499 -67.7544 -67.5347 -67.3647 -67.3156 -67.4596 -67.6487 -67.8796 -68.1473 -68.6387 -69.0632 -69.3188 -69.477 -69.696 -68.7256</float_array><technique_common><accessor source="#hpl_mixamorigwRightShoulder-roty-array" count="55" stride="1" /></technique_common></source>
      <source id="hpl_mixamorigwRightShoulder-rotx"><float_array id="hpl_mixamorigwRightShoulder-rotx-array" count="55">132.166 132.616 132.687 133.29 133.885 134.916 135.741 136.403 136.935 137.152 137.227 137.189 137.299 137.437 137.512 137.607 138.134 138.258 138.49 138.924 139.613 140.334 140.876 141.336 141.841 142.045 142.051 141.904 141.675 141.124 140.291 139.47 137.989 136.828 135.697 134.764 134.024 133.379 132.828 132.443 132.24 132.652 133.427 133.795 133.687 133.508 133.101 132.748 132.773 133.017 134.179 136.023 137.897 139.288 132.166</float_array><technique_common><accessor source="#hpl_mixamorigwRightShoulder-rotx-array" count="55" stride="1" /></technique_common></source>
      <sampler id="hpl_mixamorigwRightShoulder-trans-sampler"><input semantic="INPUT" source="#hpl_mixamorigwRightShoulder-time" /><input semantic="OUTPUT" source="#hpl_mixamorigwRightShoulder-trans" /></sampler><channel source="#hpl_mixamorigwRightShoulder-trans-sampler" target="mixamorigwRightShoulder/translate" />
      <sampler id="hpl_mixamorigwRightShoulder-rotz-sampler"><input semantic="INPUT" source="#hpl_mixamorigwRightShoulder-time" /><input semantic="OUTPUT" source="#hpl_mixamorigwRightShoulder-rotz" /></sampler><channel source="#hpl_mixamorigwRightShoulder-rotz-sampler" target="mixamorigwRightShoulder/rotateZ.ANGLE" />
      <sampler id="hpl_mixamorigwRightShoulder-roty-sampler"><input semantic="INPUT" source="#hpl_mixamorigwRightShoulder-time" /><input semantic="OUTPUT" source="#hpl_mixamorigwRightShoulder-roty" /></sampler><channel source="#hpl_mixamorigwRightShoulder-roty-sampler" target="mixamorigwRightShoulder/rotateY.ANGLE" />
      <sampler id="hpl_mixamorigwRightShoulder-rotx-sampler"><input semantic="INPUT" source="#hpl_mixamorigwRightShoulder-time" /><input semantic="OUTPUT" source="#hpl_mixamorigwRightShoulder-rotx" /></sampler><channel source="#hpl_mixamorigwRightShoulder-rotx-sampler" target="mixamorigwRightShoulder/rotateX.ANGLE" />
    </animation>
    <animation id="hpl_mixamorigwRightArm">
      <source id="hpl_mixamorigwRightArm-time"><float_array id="hpl_mixamorigwRightArm-time-array" count="55">0 1 2 3 4 5 6 7 8 9 10 11 12 13 14 15 16 17 18 19 20 21 22 23 24 25 26 27 28 29 30 31 32 33 34 35 36 37 38 39 40 41 42 43 44 45 46 47 48 49 50 51 52 53 54</float_array><technique_common><accessor source="#hpl_mixamorigwRightArm-time-array" count="55" stride="1" /></technique_common></source>
      <source id="hpl_mixamorigwRightArm-trans"><float_array id="hpl_mixamorigwRightArm-trans-array" count="165">5.57731e-07 0.167018 -6.47844e-06 5.57731e-07 0.167018 -6.47844e-06 5.57731e-07 0.167018 -6.47844e-06 5.57731e-07 0.167018 -6.47844e-06 5.57731e-07 0.167018 -6.47844e-06 5.57731e-07 0.167018 -6.47844e-06 5.57731e-07 0.167018 -6.47844e-06 5.57731e-07 0.167018 -6.47844e-06 5.57731e-07 0.167018 -6.47844e-06 5.57731e-07 0.167018 -6.47844e-06 5.57731e-07 0.167018 -6.47844e-06 5.57731e-07 0.167018 -6.47844e-06 5.57731e-07 0.167018 -6.47844e-06 5.57731e-07 0.167018 -6.47844e-06 5.57731e-07 0.167018 -6.47844e-06 5.57731e-07 0.167018 -6.47844e-06 5.57731e-07 0.167018 -6.47844e-06 5.57731e-07 0.167018 -6.47844e-06 5.57731e-07 0.167018 -6.47844e-06 5.57731e-07 0.167018 -6.47844e-06 5.57731e-07 0.167018 -6.47844e-06 5.57731e-07 0.167018 -6.47844e-06 5.57731e-07 0.167018 -6.47844e-06 5.57731e-07 0.167018 -6.47844e-06 5.57731e-07 0.167018 -6.47844e-06 5.57731e-07 0.167018 -6.47844e-06 5.57731e-07 0.167018 -6.47844e-06 5.57731e-07 0.167018 -6.47844e-06 5.57731e-07 0.167018 -6.47844e-06 5.57731e-07 0.167018 -6.47844e-06 5.57731e-07 0.167018 -6.47844e-06 5.57731e-07 0.167018 -6.47844e-06 5.57731e-07 0.167018 -6.47844e-06 5.57731e-07 0.167018 -6.47844e-06 5.57731e-07 0.167018 -6.47844e-06 5.57731e-07 0.167018 -6.47844e-06 5.57731e-07 0.167018 -6.47844e-06 5.57731e-07 0.167018 -6.47844e-06 5.57731e-07 0.167018 -6.47844e-06 5.57731e-07 0.167018 -6.47844e-06 5.57731e-07 0.167018 -6.47844e-06 5.57731e-07 0.167018 -6.47844e-06 5.57731e-07 0.167018 -6.47844e-06 5.57731e-07 0.167018 -6.47844e-06 5.57731e-07 0.167018 -6.47844e-06 5.57731e-07 0.167018 -6.47844e-06 5.57731e-07 0.167018 -6.47844e-06 5.57731e-07 0.167018 -6.47844e-06 5.57731e-07 0.167018 -6.47844e-06 5.57731e-07 0.167018 -6.47844e-06 5.57731e-07 0.167018 -6.47844e-06 5.57731e-07 0.167018 -6.47844e-06 5.57731e-07 0.167018 -6.47844e-06 5.57731e-07 0.167018 -6.47844e-06 5.57731e-07 0.167018 -6.47844e-06</float_array><technique_common><accessor source="#hpl_mixamorigwRightArm-trans-array" count="55" stride="3" /></technique_common></source>
      <source id="hpl_mixamorigwRightArm-rotz"><float_array id="hpl_mixamorigwRightArm-rotz-array" count="55">-45.218 -44.6746 -44.5438 -44.8087 -45.3924 -46.2116 -47.0656 -47.9467 -48.6228 -49.0065 -49.0385 -48.7254 -48.2447 -47.7332 -47.4074 -47.4266 -47.6924 -47.8772 -48.0084 -48.1111 -48.2102 -48.3101 -48.712 -49.2718 -50.1212 -51.0824 -52.2757 -53.5746 -54.9083 -56.0778 -56.859 -57.2936 -57.2606 -57.1057 -56.7948 -56.314 -55.6954 -54.9804 -54.3415 -53.9114 -53.7973 -54.0667 -54.4785 -54.5645 -54.1916 -53.4119 -52.3745 -51.2223 -50.1817 -49.1379 -47.9611 -46.6208 -45.3501 -44.3468 -45.218</float_array><technique_common><accessor source="#hpl_mixamorigwRightArm-rotz-array" count="55" stride="1" /></technique_common></source>
      <source id="hpl_mixamorigwRightArm-roty"><float_array id="hpl_mixamorigwRightArm-roty-array" count="55">26.861 26.6577 26.4441 26.279 26.2196 26.1061 26.0052 26.1959 26.0448 25.8443 25.6795 25.4678 25.3074 25.2896 25.6405 26.505 27.7823 28.8313 29.8176 30.7167 31.4165 32.0109 32.2281 32.1493 31.9142 31.489 31.1069 30.8909 30.9053 30.94 30.842 30.6645 30.2888 30.134 30.2094 30.3536 30.4646 30.7022 30.5171 30.3136 30.208 30.5038 30.9839 31.4567 31.8429 32.0407 32.2554 32.3878 32.595 32.5655 32.4003 32.1183 31.8999 31.8367 26.861</float_array><technique_common><accessor source="#hpl_mixamorigwRightArm-roty-array" count="55" stride="1" /></technique_common></source>
      <source id="hpl_mixamorigwRightArm-rotx"><float_array id="hpl_mixamorigwRightArm-rotx-array" count="55">-14.8598 -14.9054 -15.0619 -15.4162 -15.7898 -16.2823 -16.5595 -16.7822 -17.0087 -17.2311 -17.478 -17.7873 -18.2133 -18.8024 -19.4487 -20.0707 -20.6541 -20.9572 -21.1584 -21.2107 -20.9795 -20.5725 -20.0307 -19.3547 -18.766 -18.1459 -17.6771 -17.5958 -17.804 -18.2904 -18.6494 -19.3148 -19.7977 -20.5029 -21.3751 -22.1804 -22.9225 -23.5486 -23.8917 -23.9971 -23.9615 -23.9164 -23.7532 -23.2827 -22.6142 -21.9627 -21.3166 -20.6926 -19.9322 -18.7843 -17.5678 -16.365 -15.4436 -14.8692 -14.8598</float_array><technique_common><accessor source="#hpl_mixamorigwRightArm-rotx-array" count="55" stride="1" /></technique_common></source>
      <sampler id="hpl_mixamorigwRightArm-trans-sampler"><input semantic="INPUT" source="#hpl_mixamorigwRightArm-time" /><input semantic="OUTPUT" source="#hpl_mixamorigwRightArm-trans" /></sampler><channel source="#hpl_mixamorigwRightArm-trans-sampler" target="mixamorigwRightArm/translate" />
      <sampler id="hpl_mixamorigwRightArm-rotz-sampler"><input semantic="INPUT" source="#hpl_mixamorigwRightArm-time" /><input semantic="OUTPUT" source="#hpl_mixamorigwRightArm-rotz" /></sampler><channel source="#hpl_mixamorigwRightArm-rotz-sampler" target="mixamorigwRightArm/rotateZ.ANGLE" />
      <sampler id="hpl_mixamorigwRightArm-roty-sampler"><input semantic="INPUT" source="#hpl_mixamorigwRightArm-time" /><input semantic="OUTPUT" source="#hpl_mixamorigwRightArm-roty" /></sampler><channel source="#hpl_mixamorigwRightArm-roty-sampler" target="mixamorigwRightArm/rotateY.ANGLE" />
      <sampler id="hpl_mixamorigwRightArm-rotx-sampler"><input semantic="INPUT" source="#hpl_mixamorigwRightArm-time" /><input semantic="OUTPUT" source="#hpl_mixamorigwRightArm-rotx" /></sampler><channel source="#hpl_mixamorigwRightArm-rotx-sampler" target="mixamorigwRightArm/rotateX.ANGLE" />
    </animation>
    <animation id="hpl_mixamorigwRightForeArm">
      <source id="hpl_mixamorigwRightForeArm-time"><float_array id="hpl_mixamorigwRightForeArm-time-array" count="55">0 1 2 3 4 5 6 7 8 9 10 11 12 13 14 15 16 17 18 19 20 21 22 23 24 25 26 27 28 29 30 31 32 33 34 35 36 37 38 39 40 41 42 43 44 45 46 47 48 49 50 51 52 53 54</float_array><technique_common><accessor source="#hpl_mixamorigwRightForeArm-time-array" count="55" stride="1" /></technique_common></source>
      <source id="hpl_mixamorigwRightForeArm-trans"><float_array id="hpl_mixamorigwRightForeArm-trans-array" count="165">-4.08354e-07 0.228275 4.44105e-07 -4.08354e-07 0.228275 4.44105e-07 -4.08354e-07 0.228275 4.44105e-07 -4.08354e-07 0.228275 4.44105e-07 -4.08354e-07 0.228275 4.44105e-07 -4.08354e-07 0.228275 4.44105e-07 -4.08354e-07 0.228275 4.44105e-07 -4.08354e-07 0.228275 4.44105e-07 -4.08354e-07 0.228275 4.44105e-07 -4.08354e-07 0.228275 4.44105e-07 -4.08354e-07 0.228275 4.44105e-07 -4.08354e-07 0.228275 4.44105e-07 -4.08354e-07 0.228275 4.44105e-07 -4.08354e-07 0.228275 4.44105e-07 -4.08354e-07 0.228275 4.44105e-07 -4.08354e-07 0.228275 4.44105e-07 -4.08354e-07 0.228275 4.44105e-07 -4.08354e-07 0.228275 4.44105e-07 -4.08354e-07 0.228275 4.44105e-07 -4.08354e-07 0.228275 4.44105e-07 -4.08354e-07 0.228275 4.44105e-07 -4.08354e-07 0.228275 4.44105e-07 -4.08354e-07 0.228275 4.44105e-07 -4.08354e-07 0.228275 4.44105e-07 -4.08354e-07 0.228275 4.44105e-07 -4.08354e-07 0.228275 4.44105e-07 -4.08354e-07 0.228275 4.44105e-07 -4.08354e-07 0.228275 4.44105e-07 -4.08354e-07 0.228275 4.44105e-07 -4.08354e-07 0.228275 4.44105e-07 -4.08354e-07 0.228275 4.44105e-07 -4.08354e-07 0.228275 4.44105e-07 -4.08354e-07 0.228275 4.44105e-07 -4.08354e-07 0.228275 4.44105e-07 -4.08354e-07 0.228275 4.44105e-07 -4.08354e-07 0.228275 4.44105e-07 -4.08354e-07 0.228275 4.44105e-07 -4.08354e-07 0.228275 4.44105e-07 -4.08354e-07 0.228275 4.44105e-07 -4.08354e-07 0.228275 4.44105e-07 -4.08354e-07 0.228275 4.44105e-07 -4.08354e-07 0.228275 4.44105e-07 -4.08354e-07 0.228275 4.44105e-07 -4.08354e-07 0.228275 4.44105e-07 -4.08354e-07 0.228275 4.44105e-07 -4.08354e-07 0.228275 4.44105e-07 -4.08354e-07 0.228275 4.44105e-07 -4.08354e-07 0.228275 4.44105e-07 -4.08354e-07 0.228275 4.44105e-07 -4.08354e-07 0.228275 4.44105e-07 -4.08354e-07 0.228275 4.44105e-07 -4.08354e-07 0.228275 4.44105e-07 -4.08354e-07 0.228275 4.44105e-07 -4.08354e-07 0.228275 4.44105e-07 -4.08354e-07 0.228275 4.44105e-07</float_array><technique_common><accessor source="#hpl_mixamorigwRightForeArm-trans-array" count="55" stride="3" /></technique_common></source>
      <source id="hpl_mixamorigwRightForeArm-rotz"><float_array id="hpl_mixamorigwRightForeArm-rotz-array" count="55">-89.6502 -89.8166 -89.9445 -90.1106 -90.3404 -90.7897 -91.3314 -91.9624 -92.5318 -93.0669 -93.5304 -93.8461 -94.006 -94.1767 -94.4958 -95.1209 -95.9317 -96.8293 -97.6215 -98.1997 -98.4795 -98.6776 -98.6808 -98.758 -98.8108 -98.8599 -98.8273 -98.775 -98.5748 -98.303 -97.9706 -97.7773 -97.7166 -97.7092 -97.7064 -97.8005 -97.8141 -97.77 -97.6365 -97.4969 -97.2882 -97.0176 -96.7354 -96.6227 -96.5849 -96.6987 -96.697 -96.6371 -96.501 -96.2659 -96.0963 -96.016 -96.0672 -96.26 -89.6502</float_array><technique_common><accessor source="#hpl_mixamorigwRightForeArm-rotz-array" count="55" stride="1" /></technique_common></source>
      <source id="hpl_mixamorigwRightForeArm-roty"><float_array id="hpl_mixamorigwRightForeArm-roty-array" count="55">1.97783 1.95579 2.08797 2.12727 2.15403 2.08812 1.92696 1.87033 1.77636 1.67963 1.62256 1.53491 1.3648 1.19915 1.06267 1.0066 0.949833 0.805964 0.740326 0.742481 0.675339 0.720733 0.688991 0.796987 0.937624 1.11773 1.17844 1.08962 1.06343 1.01246 1.02748 0.896062 0.960493 0.828401 0.666597 0.571784 0.539922 0.80477 0.927315 1.12724 1.25035 1.18086 1.0799 1.04314 1.0175 0.930528 0.901037 0.960437 1.00275 1.06278 1.06532 1.13928 1.19814 1.16186 1.97783</float_array><technique_common><accessor source="#hpl_mixamorigwRightForeArm-roty-array" count="55" stride="1" /></technique_common></source>
      <source id="hpl_mixamorigwRightForeArm-rotx"><float_array id="hpl_mixamorigwRightForeArm-rotx-array" count="55">-11.4983 -11.8753 -12.2901 -12.6351 -12.9575 -13.337 -13.5282 -13.2322 -13.2863 -13.3062 -13.3662 -13.618 -13.9025 -14.1235 -14.1147 -13.8053 -13.3727 -13.0739 -12.7102 -12.3094 -12.0536 -11.8031 -11.4855 -11.2672 -11.1343 -11.0569 -10.9878 -10.9867 -10.98 -10.9291 -11.0411 -11.2931 -11.6611 -11.9313 -11.9968 -11.9726 -11.8595 -11.5136 -11.4593 -11.5058 -11.5488 -11.5296 -11.6077 -11.7548 -11.9332 -12.1429 -12.1814 -12.1454 -11.9639 -11.7918 -11.7008 -11.7217 -11.8342 -11.7635 -11.4983</float_array><technique_common><accessor source="#hpl_mixamorigwRightForeArm-rotx-array" count="55" stride="1" /></technique_common></source>
      <sampler id="hpl_mixamorigwRightForeArm-trans-sampler"><input semantic="INPUT" source="#hpl_mixamorigwRightForeArm-time" /><input semantic="OUTPUT" source="#hpl_mixamorigwRightForeArm-trans" /></sampler><channel source="#hpl_mixamorigwRightForeArm-trans-sampler" target="mixamorigwRightForeArm/translate" />
      <sampler id="hpl_mixamorigwRightForeArm-rotz-sampler"><input semantic="INPUT" source="#hpl_mixamorigwRightForeArm-time" /><input semantic="OUTPUT" source="#hpl_mixamorigwRightForeArm-rotz" /></sampler><channel source="#hpl_mixamorigwRightForeArm-rotz-sampler" target="mixamorigwRightForeArm/rotateZ.ANGLE" />
      <sampler id="hpl_mixamorigwRightForeArm-roty-sampler"><input semantic="INPUT" source="#hpl_mixamorigwRightForeArm-time" /><input semantic="OUTPUT" source="#hpl_mixamorigwRightForeArm-roty" /></sampler><channel source="#hpl_mixamorigwRightForeArm-roty-sampler" target="mixamorigwRightForeArm/rotateY.ANGLE" />
      <sampler id="hpl_mixamorigwRightForeArm-rotx-sampler"><input semantic="INPUT" source="#hpl_mixamorigwRightForeArm-time" /><input semantic="OUTPUT" source="#hpl_mixamorigwRightForeArm-rotx" /></sampler><channel source="#hpl_mixamorigwRightForeArm-rotx-sampler" target="mixamorigwRightForeArm/rotateX.ANGLE" />
    </animation>
    <animation id="hpl_mixamorigwRightHand">
      <source id="hpl_mixamorigwRightHand-time"><float_array id="hpl_mixamorigwRightHand-time-array" count="55">0 1 2 3 4 5 6 7 8 9 10 11 12 13 14 15 16 17 18 19 20 21 22 23 24 25 26 27 28 29 30 31 32 33 34 35 36 37 38 39 40 41 42 43 44 45 46 47 48 49 50 51 52 53 54</float_array><technique_common><accessor source="#hpl_mixamorigwRightHand-time-array" count="55" stride="1" /></technique_common></source>
      <source id="hpl_mixamorigwRightHand-trans"><float_array id="hpl_mixamorigwRightHand-trans-array" count="165">-6.24296e-08 0.252899 3.55838e-06 -6.24296e-08 0.252899 3.55838e-06 -6.24296e-08 0.252899 3.55838e-06 -6.24296e-08 0.252899 3.55838e-06 -6.24296e-08 0.252899 3.55838e-06 -6.24296e-08 0.252899 3.55838e-06 -6.24296e-08 0.252899 3.55838e-06 -6.24296e-08 0.252899 3.55838e-06 -6.24296e-08 0.252899 3.55838e-06 -6.24296e-08 0.252899 3.55838e-06 -6.24296e-08 0.252899 3.55838e-06 -6.24296e-08 0.252899 3.55838e-06 -6.24296e-08 0.252899 3.55838e-06 -6.24296e-08 0.252899 3.55838e-06 -6.24296e-08 0.252899 3.55838e-06 -6.24296e-08 0.252899 3.55838e-06 -6.24296e-08 0.252899 3.55838e-06 -6.24296e-08 0.252899 3.55838e-06 -6.24296e-08 0.252899 3.55838e-06 -6.24296e-08 0.252899 3.55838e-06 -6.24296e-08 0.252899 3.55838e-06 -6.24296e-08 0.252899 3.55838e-06 -6.24296e-08 0.252899 3.55838e-06 -6.24296e-08 0.252899 3.55838e-06 -6.24296e-08 0.252899 3.55838e-06 -6.24296e-08 0.252899 3.55838e-06 -6.24296e-08 0.252899 3.55838e-06 -6.24296e-08 0.252899 3.55838e-06 -6.24296e-08 0.252899 3.55838e-06 -6.24296e-08 0.252899 3.55838e-06 -6.24296e-08 0.252899 3.55838e-06 -6.24296e-08 0.252899 3.55838e-06 -6.24296e-08 0.252899 3.55838e-06 -6.24296e-08 0.252899 3.55838e-06 -6.24296e-08 0.252899 3.55838e-06 -6.24296e-08 0.252899 3.55838e-06 -6.24296e-08 0.252899 3.55838e-06 -6.24296e-08 0.252899 3.55838e-06 -6.24296e-08 0.252899 3.55838e-06 -6.24296e-08 0.252899 3.55838e-06 -6.24296e-08 0.252899 3.55838e-06 -6.24296e-08 0.252899 3.55838e-06 -6.24296e-08 0.252899 3.55838e-06 -6.24296e-08 0.252899 3.55838e-06 -6.24296e-08 0.252899 3.55838e-06 -6.24296e-08 0.252899 3.55838e-06 -6.24296e-08 0.252899 3.55838e-06 -6.24296e-08 0.252899 3.55838e-06 -6.24296e-08 0.252899 3.55838e-06 -6.24296e-08 0.252899 3.55838e-06 -6.24296e-08 0.252899 3.55838e-06 -6.24296e-08 0.252899 3.55838e-06 -6.24296e-08 0.252899 3.55838e-06 -6.24296e-08 0.252899 3.55838e-06 -6.24296e-08 0.252899 3.55838e-06</float_array><technique_common><accessor source="#hpl_mixamorigwRightHand-trans-array" count="55" stride="3" /></technique_common></source>
      <source id="hpl_mixamorigwRightHand-rotz"><float_array id="hpl_mixamorigwRightHand-rotz-array" count="55">-9.12104 -9.32988 -9.66565 -9.85148 -10.0315 -10.0862 -10.1908 -10.2908 -10.4047 -10.4753 -10.5736 -10.7502 -10.8056 -10.7347 -10.4903 -10.1159 -9.66144 -9.43228 -9.24483 -9.03789 -8.86047 -8.66115 -8.46684 -8.12673 -7.70213 -7.22897 -6.86069 -6.50675 -6.14073 -5.71713 -5.44101 -5.14528 -5.03104 -4.83782 -4.68064 -4.50508 -4.36679 -4.19448 -4.26527 -4.29113 -4.28162 -4.35407 -4.56967 -4.89886 -5.34845 -5.85827 -6.29463 -6.48465 -6.37334 -6.35303 -6.41682 -6.55753 -6.71015 -6.8953 -9.12104</float_array><technique_common><accessor source="#hpl_mixamorigwRightHand-rotz-array" count="55" stride="1" /></technique_common></source>
      <source id="hpl_mixamorigwRightHand-roty"><float_array id="hpl_mixamorigwRightHand-roty-array" count="55">-21.9726 -22.053 -22.3719 -22.2376 -21.9848 -21.5982 -20.9941 -20.2285 -19.2174 -18.2157 -17.2532 -16.3055 -15.4233 -14.591 -13.9873 -13.7877 -13.8476 -13.8113 -14.0202 -14.7244 -15.7777 -16.9975 -17.7874 -18.5506 -19.0209 -19.109 -19.0423 -19.1394 -19.2528 -19.3246 -19.2599 -19.04 -18.8129 -18.489 -18.0796 -17.5875 -16.97 -16.7067 -16.4765 -16.373 -16.265 -16.02 -15.8986 -15.8506 -15.5984 -15.1501 -14.6988 -14.4583 -14.7194 -15.3329 -15.8701 -16.3966 -16.5574 -16.5001 -21.9726</float_array><technique_common><accessor source="#hpl_mixamorigwRightHand-roty-array" count="55" stride="1" /></technique_common></source>
      <source id="hpl_mixamorigwRightHand-rotx"><float_array id="hpl_mixamorigwRightHand-rotx-array" count="55">-10.6884 -10.5823 -10.2966 -10.0858 -9.82758 -9.65 -9.35919 -8.97451 -8.53767 -8.09698 -7.50839 -6.84266 -6.27841 -5.99661 -5.94448 -6.00545 -6.21954 -6.28092 -6.16434 -6.0225 -6.01412 -6.28108 -6.58995 -6.98401 -7.43654 -8.04488 -8.66879 -9.23883 -9.80044 -10.2742 -10.7376 -10.9608 -11.1544 -11.5184 -11.9969 -12.5823 -13.1581 -13.5838 -13.8197 -13.929 -14.2509 -14.5944 -14.7498 -14.6552 -14.553 -14.5034 -14.4227 -14.4114 -14.2202 -13.9697 -13.8037 -13.6673 -13.4964 -13.2086 -10.6884</float_array><technique_common><accessor source="#hpl_mixamorigwRightHand-rotx-array" count="55" stride="1" /></technique_common></source>
      <sampler id="hpl_mixamorigwRightHand-trans-sampler"><input semantic="INPUT" source="#hpl_mixamorigwRightHand-time" /><input semantic="OUTPUT" source="#hpl_mixamorigwRightHand-trans" /></sampler><channel source="#hpl_mixamorigwRightHand-trans-sampler" target="mixamorigwRightHand/translate" />
      <sampler id="hpl_mixamorigwRightHand-rotz-sampler"><input semantic="INPUT" source="#hpl_mixamorigwRightHand-time" /><input semantic="OUTPUT" source="#hpl_mixamorigwRightHand-rotz" /></sampler><channel source="#hpl_mixamorigwRightHand-rotz-sampler" target="mixamorigwRightHand/rotateZ.ANGLE" />
      <sampler id="hpl_mixamorigwRightHand-roty-sampler"><input semantic="INPUT" source="#hpl_mixamorigwRightHand-time" /><input semantic="OUTPUT" source="#hpl_mixamorigwRightHand-roty" /></sampler><channel source="#hpl_mixamorigwRightHand-roty-sampler" target="mixamorigwRightHand/rotateY.ANGLE" />
      <sampler id="hpl_mixamorigwRightHand-rotx-sampler"><input semantic="INPUT" source="#hpl_mixamorigwRightHand-time" /><input semantic="OUTPUT" source="#hpl_mixamorigwRightHand-rotx" /></sampler><channel source="#hpl_mixamorigwRightHand-rotx-sampler" target="mixamorigwRightHand/rotateX.ANGLE" />
    </animation>
    <animation id="hpl_mixamorigwNeck">
      <source id="hpl_mixamorigwNeck-time"><float_array id="hpl_mixamorigwNeck-time-array" count="55">0 1 2 3 4 5 6 7 8 9 10 11 12 13 14 15 16 17 18 19 20 21 22 23 24 25 26 27 28 29 30 31 32 33 34 35 36 37 38 39 40 41 42 43 44 45 46 47 48 49 50 51 52 53 54</float_array><technique_common><accessor source="#hpl_mixamorigwNeck-time-array" count="55" stride="1" /></technique_common></source>
      <source id="hpl_mixamorigwNeck-trans"><float_array id="hpl_mixamorigwNeck-trans-array" count="165">-0.00030369 0.108805 0.00719472 -0.00030369 0.108805 0.00719472 -0.00030369 0.108805 0.00719472 -0.00030369 0.108805 0.00719472 -0.00030369 0.108805 0.00719472 -0.00030369 0.108805 0.00719472 -0.00030369 0.108805 0.00719472 -0.00030369 0.108805 0.00719472 -0.00030369 0.108805 0.00719472 -0.00030369 0.108805 0.00719472 -0.00030369 0.108805 0.00719472 -0.00030369 0.108805 0.00719472 -0.00030369 0.108805 0.00719472 -0.00030369 0.108805 0.00719472 -0.00030369 0.108805 0.00719472 -0.00030369 0.108805 0.00719472 -0.00030369 0.108805 0.00719472 -0.00030369 0.108805 0.00719472 -0.00030369 0.108805 0.00719472 -0.00030369 0.108805 0.00719472 -0.00030369 0.108805 0.00719472 -0.00030369 0.108805 0.00719472 -0.00030369 0.108805 0.00719472 -0.00030369 0.108805 0.00719472 -0.00030369 0.108805 0.00719472 -0.00030369 0.108805 0.00719472 -0.00030369 0.108805 0.00719472 -0.00030369 0.108805 0.00719472 -0.00030369 0.108805 0.00719472 -0.00030369 0.108805 0.00719472 -0.00030369 0.108805 0.00719472 -0.00030369 0.108805 0.00719472 -0.00030369 0.108805 0.00719472 -0.00030369 0.108805 0.00719472 -0.00030369 0.108805 0.00719472 -0.00030369 0.108805 0.00719472 -0.00030369 0.108805 0.00719472 -0.00030369 0.108805 0.00719472 -0.00030369 0.108805 0.00719472 -0.00030369 0.108805 0.00719472 -0.00030369 0.108805 0.00719472 -0.00030369 0.108805 0.00719472 -0.00030369 0.108805 0.00719472 -0.00030369 0.108805 0.00719472 -0.00030369 0.108805 0.00719472 -0.00030369 0.108805 0.00719472 -0.00030369 0.108805 0.00719472 -0.00030369 0.108805 0.00719472 -0.00030369 0.108805 0.00719472 -0.00030369 0.108805 0.00719472 -0.00030369 0.108805 0.00719472 -0.00030369 0.108805 0.00719472 -0.00030369 0.108805 0.00719472 -0.00030369 0.108805 0.00719472 -0.00030369 0.108805 0.00719472</float_array><technique_common><accessor source="#hpl_mixamorigwNeck-trans-array" count="55" stride="3" /></technique_common></source>
      <source id="hpl_mixamorigwNeck-rotz"><float_array id="hpl_mixamorigwNeck-rotz-array" count="55">6.69867 7.13142 7.39993 7.59019 7.6485 7.39575 6.91839 6.08547 4.88892 3.40372 1.65641 -0.126409 -1.69635 -2.81872 -3.51129 -3.85619 -3.79102 -3.61575 -3.38618 -3.15124 -3.03479 -3.14571 -3.44036 -3.66418 -3.89867 -4.16977 -4.33165 -4.3113 -4.25718 -4.19444 -4.04786 -3.80918 -3.56413 -3.26946 -2.99576 -2.63498 -2.13231 -1.37502 -0.616589 0.138061 0.864514 1.55925 2.16631 2.61803 2.96822 3.28844 3.60744 4.01089 4.45966 5.03823 5.76657 6.4891 7.08104 7.52204 6.69867</float_array><technique_common><accessor source="#hpl_mixamorigwNeck-rotz-array" count="55" stride="1" /></technique_common></source>
      <source id="hpl_mixamorigwNeck-roty"><float_array id="hpl_mixamorigwNeck-roty-array" count="55">2.60795 2.61509 2.49204 2.51119 2.56965 2.5993 2.67607 2.62229 2.75792 2.85158 2.92709 3.00595 3.14829 3.26179 3.34082 3.34734 3.39723 3.30264 3.15911 2.98855 2.82838 2.70929 2.6483 2.70963 2.86055 3.05619 3.14911 3.11374 3.00372 2.89449 2.74959 2.65397 2.74222 2.70658 2.6651 2.60301 2.52685 2.50109 2.44825 2.4241 2.45532 2.3837 2.13409 1.85923 1.76289 1.85191 1.9339 1.992 2.03714 2.13824 2.19218 2.16184 2.15332 2.19028 2.60795</float_array><technique_common><accessor source="#hpl_mixamorigwNeck-roty-array" count="55" stride="1" /></technique_common></source>
      <source id="hpl_mixamorigwNeck-rotx"><float_array id="hpl_mixamorigwNeck-rotx-array" count="55">0.508581 0.490241 0.41234 0.451065 0.558431 0.422537 0.278076 0.011986 -0.354729 -0.765668 -1.17074 -1.38683 -1.25268 -0.848732 -0.325524 0.263261 1.01646 1.70075 2.31328 2.95906 3.60582 4.31536 4.96382 5.57309 6.13557 6.59278 6.89646 6.92945 6.79132 6.54835 6.20625 5.82968 5.40799 4.93127 4.3922 3.94788 3.60036 3.42839 3.21712 3.03608 2.98981 3.18737 3.50024 3.70294 3.82829 3.78628 3.55384 3.1953 2.80255 2.54513 2.53367 2.81651 3.08381 3.12498 0.508581</float_array><technique_common><accessor source="#hpl_mixamorigwNeck-rotx-array" count="55" stride="1" /></technique_common></source>
      <sampler id="hpl_mixamorigwNeck-trans-sampler"><input semantic="INPUT" source="#hpl_mixamorigwNeck-time" /><input semantic="OUTPUT" source="#hpl_mixamorigwNeck-trans" /></sampler><channel source="#hpl_mixamorigwNeck-trans-sampler" target="mixamorigwNeck/translate" />
      <sampler id="hpl_mixamorigwNeck-rotz-sampler"><input semantic="INPUT" source="#hpl_mixamorigwNeck-time" /><input semantic="OUTPUT" source="#hpl_mixamorigwNeck-rotz" /></sampler><channel source="#hpl_mixamorigwNeck-rotz-sampler" target="mixamorigwNeck/rotateZ.ANGLE" />
      <sampler id="hpl_mixamorigwNeck-roty-sampler"><input semantic="INPUT" source="#hpl_mixamorigwNeck-time" /><input semantic="OUTPUT" source="#hpl_mixamorigwNeck-roty" /></sampler><channel source="#hpl_mixamorigwNeck-roty-sampler" target="mixamorigwNeck/rotateY.ANGLE" />
      <sampler id="hpl_mixamorigwNeck-rotx-sampler"><input semantic="INPUT" source="#hpl_mixamorigwNeck-time" /><input semantic="OUTPUT" source="#hpl_mixamorigwNeck-rotx" /></sampler><channel source="#hpl_mixamorigwNeck-rotx-sampler" target="mixamorigwNeck/rotateX.ANGLE" />
    </animation>
    <animation id="hpl_mixamorigwHead">
      <source id="hpl_mixamorigwHead-time"><float_array id="hpl_mixamorigwHead-time-array" count="55">0 1 2 3 4 5 6 7 8 9 10 11 12 13 14 15 16 17 18 19 20 21 22 23 24 25 26 27 28 29 30 31 32 33 34 35 36 37 38 39 40 41 42 43 44 45 46 47 48 49 50 51 52 53 54</float_array><technique_common><accessor source="#hpl_mixamorigwHead-time-array" count="55" stride="1" /></technique_common></source>
      <source id="hpl_mixamorigwHead-trans"><float_array id="hpl_mixamorigwHead-trans-array" count="165">4.51322e-08 0.0723305 3.20881e-06 4.51322e-08 0.0723305 3.20881e-06 4.51322e-08 0.0723305 3.20881e-06 4.51322e-08 0.0723305 3.20881e-06 4.51322e-08 0.0723305 3.20881e-06 4.51322e-08 0.0723305 3.20881e-06 4.51322e-08 0.0723305 3.20881e-06 4.51322e-08 0.0723305 3.20881e-06 4.51322e-08 0.0723305 3.20881e-06 4.51322e-08 0.0723305 3.20881e-06 4.51322e-08 0.0723305 3.20881e-06 4.51322e-08 0.0723305 3.20881e-06 4.51322e-08 0.0723305 3.20881e-06 4.51322e-08 0.0723305 3.20881e-06 4.51322e-08 0.0723305 3.20881e-06 4.51322e-08 0.0723305 3.20881e-06 4.51322e-08 0.0723305 3.20881e-06 4.51322e-08 0.0723305 3.20881e-06 4.51322e-08 0.0723305 3.20881e-06 4.51322e-08 0.0723305 3.20881e-06 4.51322e-08 0.0723305 3.20881e-06 4.51322e-08 0.0723305 3.20881e-06 4.51322e-08 0.0723305 3.20881e-06 4.51322e-08 0.0723305 3.20881e-06 4.51322e-08 0.0723305 3.20881e-06 4.51322e-08 0.0723305 3.20881e-06 4.51322e-08 0.0723305 3.20881e-06 4.51322e-08 0.0723305 3.20881e-06 4.51322e-08 0.0723305 3.20881e-06 4.51322e-08 0.0723305 3.20881e-06 4.51322e-08 0.0723305 3.20881e-06 4.51322e-08 0.0723305 3.20881e-06 4.51322e-08 0.0723305 3.20881e-06 4.51322e-08 0.0723305 3.20881e-06 4.51322e-08 0.0723305 3.20881e-06 4.51322e-08 0.0723305 3.20881e-06 4.51322e-08 0.0723305 3.20881e-06 4.51322e-08 0.0723305 3.20881e-06 4.51322e-08 0.0723305 3.20881e-06 4.51322e-08 0.0723305 3.20881e-06 4.51322e-08 0.0723305 3.20881e-06 4.51322e-08 0.0723305 3.20881e-06 4.51322e-08 0.0723305 3.20881e-06 4.51322e-08 0.0723305 3.20881e-06 4.51322e-08 0.0723305 3.20881e-06 4.51322e-08 0.0723305 3.20881e-06 4.51322e-08 0.0723305 3.20881e-06 4.51322e-08 0.0723305 3.20881e-06 4.51322e-08 0.0723305 3.20881e-06 4.51322e-08 0.0723305 3.20881e-06 4.51322e-08 0.0723305 3.20881e-06 4.51322e-08 0.0723305 3.20881e-06 4.51322e-08 0.0723305 3.20881e-06 4.51322e-08 0.0723305 3.20881e-06 4.51322e-08 0.0723305 3.20881e-06</float_array><technique_common><accessor source="#hpl_mixamorigwHead-trans-array" count="55" stride="3" /></technique_common></source>
      <source id="hpl_mixamorigwHead-rotz"><float_array id="hpl_mixamorigwHead-rotz-array" count="55">0.69227 0.85361 0.87565 0.800445 0.60541 0.427747 0.0736226 -0.307716 -0.602964 -0.762516 -0.705073 -0.567896 -0.401171 -0.208605 0.148461 0.629278 1.17907 1.59966 2.11277 2.75461 3.28881 3.57774 3.64419 3.55286 3.46428 3.38408 3.11099 2.67337 2.26163 1.9666 1.64919 1.39766 1.1118 0.855133 0.680128 0.5059 0.334791 0.0728938 -0.142168 -0.247664 -0.294281 -0.529397 -0.922612 -1.2239 -1.30722 -1.18656 -0.932536 -0.6948 -0.610408 -0.410031 -0.10213 0.313499 0.777138 1.28024 0.69227</float_array><technique_common><accessor source="#hpl_mixamorigwHead-rotz-array" count="55" stride="1" /></technique_common></source>
      <source id="hpl_mixamorigwHead-roty"><float_array id="hpl_mixamorigwHead-roty-array" count="55">-4.84474 -5.16027 -5.08144 -5.08196 -4.95764 -4.85751 -4.6289 -4.57032 -4.79704 -5.35294 -6.21252 -7.2345 -8.29466 -9.33132 -10.3291 -11.1396 -11.8126 -12.0585 -12.189 -12.3347 -12.3897 -12.2475 -11.8749 -11.4127 -10.8152 -10.0167 -8.98925 -7.89857 -6.89255 -6.04976 -5.26774 -4.60212 -3.91374 -3.26926 -2.5547 -1.81423 -1.02229 -0.167911 0.777031 1.59212 2.11342 2.56621 3.0767 3.5784 3.94023 3.91783 3.68249 3.4678 3.09396 2.55948 1.8235 0.884113 -0.279794 -1.61345 -4.84474</float_array><technique_common><accessor source="#hpl_mixamorigwHead-roty-array" count="55" stride="1" /></technique_common></source>
      <source id="hpl_mixamorigwHead-rotx"><float_array id="hpl_mixamorigwHead-rotx-array" count="55">9.14163 9.3383 9.5417 9.77716 9.90514 10.4131 10.6189 10.8489 11.0427 11.286 11.6153 11.8133 11.6874 11.2836 10.6949 10.089 9.47385 8.91195 8.48411 7.98067 7.4403 7.02842 6.9125 6.94402 7.00664 7.19781 7.46484 7.74695 8.04478 8.32657 8.49836 8.67312 8.87741 8.92837 8.86216 8.77146 8.67603 8.69579 8.69048 8.77333 8.83041 8.66245 8.33061 8.12117 8.11066 8.23323 8.3449 8.35951 8.35064 8.23696 8.05091 7.7816 7.43733 7.19404 9.14163</float_array><technique_common><accessor source="#hpl_mixamorigwHead-rotx-array" count="55" stride="1" /></technique_common></source>
      <sampler id="hpl_mixamorigwHead-trans-sampler"><input semantic="INPUT" source="#hpl_mixamorigwHead-time" /><input semantic="OUTPUT" source="#hpl_mixamorigwHead-trans" /></sampler><channel source="#hpl_mixamorigwHead-trans-sampler" target="mixamorigwHead/translate" />
      <sampler id="hpl_mixamorigwHead-rotz-sampler"><input semantic="INPUT" source="#hpl_mixamorigwHead-time" /><input semantic="OUTPUT" source="#hpl_mixamorigwHead-rotz" /></sampler><channel source="#hpl_mixamorigwHead-rotz-sampler" target="mixamorigwHead/rotateZ.ANGLE" />
      <sampler id="hpl_mixamorigwHead-roty-sampler"><input semantic="INPUT" source="#hpl_mixamorigwHead-time" /><input semantic="OUTPUT" source="#hpl_mixamorigwHead-roty" /></sampler><channel source="#hpl_mixamorigwHead-roty-sampler" target="mixamorigwHead/rotateY.ANGLE" />
      <sampler id="hpl_mixamorigwHead-rotx-sampler"><input semantic="INPUT" source="#hpl_mixamorigwHead-time" /><input semantic="OUTPUT" source="#hpl_mixamorigwHead-rotx" /></sampler><channel source="#hpl_mixamorigwHead-rotx-sampler" target="mixamorigwHead/rotateX.ANGLE" />
    </animation>
    <animation id="hpl_mixamorigwHeadTop_End">
      <source id="hpl_mixamorigwHeadTop_End-time"><float_array id="hpl_mixamorigwHeadTop_End-time-array" count="55">0 1 2 3 4 5 6 7 8 9 10 11 12 13 14 15 16 17 18 19 20 21 22 23 24 25 26 27 28 29 30 31 32 33 34 35 36 37 38 39 40 41 42 43 44 45 46 47 48 49 50 51 52 53 54</float_array><technique_common><accessor source="#hpl_mixamorigwHeadTop_End-time-array" count="55" stride="1" /></technique_common></source>
      <source id="hpl_mixamorigwHeadTop_End-trans"><float_array id="hpl_mixamorigwHeadTop_End-trans-array" count="165">-0.00110642 0.226767 -0.109048 -0.00110642 0.226767 -0.109048 -0.00110642 0.226767 -0.109048 -0.00110642 0.226767 -0.109048 -0.00110642 0.226767 -0.109048 -0.00110642 0.226767 -0.109048 -0.00110642 0.226767 -0.109048 -0.00110642 0.226767 -0.109048 -0.00110642 0.226767 -0.109048 -0.00110642 0.226767 -0.109048 -0.00110642 0.226767 -0.109048 -0.00110642 0.226767 -0.109048 -0.00110642 0.226767 -0.109048 -0.00110642 0.226767 -0.109048 -0.00110642 0.226767 -0.109048 -0.00110642 0.226767 -0.109048 -0.00110642 0.226767 -0.109048 -0.00110642 0.226767 -0.109048 -0.00110642 0.226767 -0.109048 -0.00110642 0.226767 -0.109048 -0.00110642 0.226767 -0.109048 -0.00110642 0.226767 -0.109048 -0.00110642 0.226767 -0.109048 -0.00110642 0.226767 -0.109048 -0.00110642 0.226767 -0.109048 -0.00110642 0.226767 -0.109048 -0.00110642 0.226767 -0.109048 -0.00110642 0.226767 -0.109048 -0.00110642 0.226767 -0.109048 -0.00110642 0.226767 -0.109048 -0.00110642 0.226767 -0.109048 -0.00110642 0.226767 -0.109048 -0.00110642 0.226767 -0.109048 -0.00110642 0.226767 -0.109048 -0.00110642 0.226767 -0.109048 -0.00110642 0.226767 -0.109048 -0.00110642 0.226767 -0.109048 -0.00110642 0.226767 -0.109048 -0.00110642 0.226767 -0.109048 -0.00110642 0.226767 -0.109048 -0.00110642 0.226767 -0.109048 -0.00110642 0.226767 -0.109048 -0.00110642 0.226767 -0.109048 -0.00110642 0.226767 -0.109048 -0.00110642 0.226767 -0.109048 -0.00110642 0.226767 -0.109048 -0.00110642 0.226767 -0.109048 -0.00110642 0.226767 -0.109048 -0.00110642 0.226767 -0.109048 -0.00110642 0.226767 -0.109048 -0.00110642 0.226767 -0.109048 -0.00110642 0.226767 -0.109048 -0.00110642 0.226767 -0.109048 -0.00110642 0.226767 -0.109048 -0.00110642 0.226767 -0.109048</float_array><technique_common><accessor source="#hpl_mixamorigwHeadTop_End-trans-array" count="55" stride="3" /></technique_common></source>
      <source id="hpl_mixamorigwHeadTop_End-rotz"><float_array id="hpl_mixamorigwHeadTop_End-rotz-array" count="55">0.251932 0.251932 0.251932 0.251932 0.251932 0.251932 0.251932 0.251932 0.251932 0.251932 0.251932 0.251932 0.251932 0.251932 0.251932 0.251932 0.251932 0.251932 0.251932 0.251932 0.251932 0.251932 0.251932 0.251932 0.251932 0.251932 0.251932 0.251932 0.251932 0.251932 0.251932 0.251932 0.251932 0.251932 0.251932 0.251932 0.251932 0.251932 0.251932 0.251932 0.251932 0.251932 0.251932 0.251932 0.251932 0.251932 0.251932 0.251932 0.251932 0.251932 0.251932 0.251932 0.251932 0.251932 0.251932</float_array><technique_common><accessor source="#hpl_mixamorigwHeadTop_End-rotz-array" count="55" stride="1" /></technique_common></source>
      <source id="hpl_mixamorigwHeadTop_End-roty"><float_array id="hpl_mixamorigwHeadTop_End-roty-array" count="55">0.0574283 0.0574283 0.0574283 0.0574283 0.0574283 0.0574283 0.0574283 0.0574283 0.0574283 0.0574283 0.0574283 0.0574283 0.0574283 0.0574283 0.0574283 0.0574283 0.0574283 0.0574283 0.0574283 0.0574283 0.0574283 0.0574283 0.0574283 0.0574283 0.0574283 0.0574283 0.0574283 0.0574283 0.0574283 0.0574283 0.0574283 0.0574283 0.0574283 0.0574283 0.0574283 0.0574283 0.0574283 0.0574283 0.0574283 0.0574283 0.0574283 0.0574283 0.0574283 0.0574283 0.0574283 0.0574283 0.0574283 0.0574283 0.0574283 0.0574283 0.0574283 0.0574283 0.0574283 0.0574283 0.0574283</float_array><technique_common><accessor source="#hpl_mixamorigwHeadTop_End-roty-array" count="55" stride="1" /></technique_common></source>
      <source id="hpl_mixamorigwHeadTop_End-rotx"><float_array id="hpl_mixamorigwHeadTop_End-rotx-array" count="55">-25.6814 -25.6814 -25.6814 -25.6814 -25.6814 -25.6814 -25.6814 -25.6814 -25.6814 -25.6814 -25.6814 -25.6814 -25.6814 -25.6814 -25.6814 -25.6814 -25.6814 -25.6814 -25.6814 -25.6814 -25.6814 -25.6814 -25.6814 -25.6814 -25.6814 -25.6814 -25.6814 -25.6814 -25.6814 -25.6814 -25.6814 -25.6814 -25.6814 -25.6814 -25.6814 -25.6814 -25.6814 -25.6814 -25.6814 -25.6814 -25.6814 -25.6814 -25.6814 -25.6814 -25.6814 -25.6814 -25.6814 -25.6814 -25.6814 -25.6814 -25.6814 -25.6814 -25.6814 -25.6814 -25.6814</float_array><technique_common><accessor source="#hpl_mixamorigwHeadTop_End-rotx-array" count="55" stride="1" /></technique_common></source>
      <sampler id="hpl_mixamorigwHeadTop_End-trans-sampler"><input semantic="INPUT" source="#hpl_mixamorigwHeadTop_End-time" /><input semantic="OUTPUT" source="#hpl_mixamorigwHeadTop_End-trans" /></sampler><channel source="#hpl_mixamorigwHeadTop_End-trans-sampler" target="mixamorigwHeadTop_End/translate" />
      <sampler id="hpl_mixamorigwHeadTop_End-rotz-sampler"><input semantic="INPUT" source="#hpl_mixamorigwHeadTop_End-time" /><input semantic="OUTPUT" source="#hpl_mixamorigwHeadTop_End-rotz" /></sampler><channel source="#hpl_mixamorigwHeadTop_End-rotz-sampler" target="mixamorigwHeadTop_End/rotateZ.ANGLE" />
      <sampler id="hpl_mixamorigwHeadTop_End-roty-sampler"><input semantic="INPUT" source="#hpl_mixamorigwHeadTop_End-time" /><input semantic="OUTPUT" source="#hpl_mixamorigwHeadTop_End-roty" /></sampler><channel source="#hpl_mixamorigwHeadTop_End-roty-sampler" target="mixamorigwHeadTop_End/rotateY.ANGLE" />
      <sampler id="hpl_mixamorigwHeadTop_End-rotx-sampler"><input semantic="INPUT" source="#hpl_mixamorigwHeadTop_End-time" /><input semantic="OUTPUT" source="#hpl_mixamorigwHeadTop_End-rotx" /></sampler><channel source="#hpl_mixamorigwHeadTop_End-rotx-sampler" target="mixamorigwHeadTop_End/rotateX.ANGLE" />
    </animation>
    <animation id="hpl_mixamorigwHeadFront">
      <source id="hpl_mixamorigwHeadFront-time"><float_array id="hpl_mixamorigwHeadFront-time-array" count="55">0 1 2 3 4 5 6 7 8 9 10 11 12 13 14 15 16 17 18 19 20 21 22 23 24 25 26 27 28 29 30 31 32 33 34 35 36 37 38 39 40 41 42 43 44 45 46 47 48 49 50 51 52 53 54</float_array><technique_common><accessor source="#hpl_mixamorigwHeadFront-time-array" count="55" stride="1" /></technique_common></source>
      <source id="hpl_mixamorigwHeadFront-trans"><float_array id="hpl_mixamorigwHeadFront-trans-array" count="165">0.00110638 0.0745015 0.10905 0.00110638 0.0745015 0.10905 0.00110638 0.0745015 0.10905 0.00110638 0.0745015 0.10905 0.00110638 0.0745015 0.10905 0.00110638 0.0745015 0.10905 0.00110638 0.0745015 0.10905 0.00110638 0.0745015 0.10905 0.00110638 0.0745015 0.10905 0.00110638 0.0745015 0.10905 0.00110638 0.0745015 0.10905 0.00110638 0.0745015 0.10905 0.00110638 0.0745015 0.10905 0.00110638 0.0745015 0.10905 0.00110638 0.0745015 0.10905 0.00110638 0.0745015 0.10905 0.00110638 0.0745015 0.10905 0.00110638 0.0745015 0.10905 0.00110638 0.0745015 0.10905 0.00110638 0.0745015 0.10905 0.00110638 0.0745015 0.10905 0.00110638 0.0745015 0.10905 0.00110638 0.0745015 0.10905 0.00110638 0.0745015 0.10905 0.00110638 0.0745015 0.10905 0.00110638 0.0745015 0.10905 0.00110638 0.0745015 0.10905 0.00110638 0.0745015 0.10905 0.00110638 0.0745015 0.10905 0.00110638 0.0745015 0.10905 0.00110638 0.0745015 0.10905 0.00110638 0.0745015 0.10905 0.00110638 0.0745015 0.10905 0.00110638 0.0745015 0.10905 0.00110638 0.0745015 0.10905 0.00110638 0.0745015 0.10905 0.00110638 0.0745015 0.10905 0.00110638 0.0745015 0.10905 0.00110638 0.0745015 0.10905 0.00110638 0.0745015 0.10905 0.00110638 0.0745015 0.10905 0.00110638 0.0745015 0.10905 0.00110638 0.0745015 0.10905 0.00110638 0.0745015 0.10905 0.00110638 0.0745015 0.10905 0.00110638 0.0745015 0.10905 0.00110638 0.0745015 0.10905 0.00110638 0.0745015 0.10905 0.00110638 0.0745015 0.10905 0.00110638 0.0745015 0.10905 0.00110638 0.0745015 0.10905 0.00110638 0.0745015 0.10905 0.00110638 0.0745015 0.10905 0.00110638 0.0745015 0.10905 0.00110638 0.0745015 0.10905</float_array><technique_common><accessor source="#hpl_mixamorigwHeadFront-trans-array" count="55" stride="3" /></technique_common></source>
      <source id="hpl_mixamorigwHeadFront-rotz"><float_array id="hpl_mixamorigwHeadFront-rotz-array" count="55">-0.479981 -0.479981 -0.479981 -0.479981 -0.479981 -0.479981 -0.479981 -0.479981 -0.479981 -0.479981 -0.479981 -0.479981 -0.479981 -0.479981 -0.479981 -0.479981 -0.479981 -0.479981 -0.479981 -0.479981 -0.479981 -0.479981 -0.479981 -0.479981 -0.479981 -0.479981 -0.479981 -0.479981 -0.479981 -0.479981 -0.479981 -0.479981 -0.479981 -0.479981 -0.479981 -0.479981 -0.479981 -0.479981 -0.479981 -0.479981 -0.479981 -0.479981 -0.479981 -0.479981 -0.479981 -0.479981 -0.479981 -0.479981 -0.479981 -0.479981 -0.479981 -0.479981 -0.479981 -0.479981 -0.479981</float_array><technique_common><accessor source="#hpl_mixamorigwHeadFront-rotz-array" count="55" stride="1" /></technique_common></source>
      <source id="hpl_mixamorigwHeadFront-roty"><float_array id="hpl_mixamorigwHeadFront-roty-array" count="55">0.253356 0.253356 0.253356 0.253356 0.253356 0.253356 0.253356 0.253356 0.253356 0.253356 0.253356 0.253356 0.253356 0.253356 0.253356 0.253356 0.253356 0.253356 0.253356 0.253356 0.253356 0.253356 0.253356 0.253356 0.253356 0.253356 0.253356 0.253356 0.253356 0.253356 0.253356 0.253356 0.253356 0.253356 0.253356 0.253356 0.253356 0.253356 0.253356 0.253356 0.253356 0.253356 0.253356 0.253356 0.253356 0.253356 0.253356 0.253356 0.253356 0.253356 0.253356 0.253356 0.253356 0.253356 0.253356</float_array><technique_common><accessor source="#hpl_mixamorigwHeadFront-roty-array" count="55" stride="1" /></technique_common></source>
      <source id="hpl_mixamorigwHeadFront-rotx"><float_array id="hpl_mixamorigwHeadFront-rotx-array" count="55">55.6544 55.6544 55.6544 55.6544 55.6544 55.6544 55.6544 55.6544 55.6544 55.6544 55.6544 55.6544 55.6544 55.6544 55.6544 55.6544 55.6544 55.6544 55.6544 55.6544 55.6544 55.6544 55.6544 55.6544 55.6544 55.6544 55.6544 55.6544 55.6544 55.6544 55.6544 55.6544 55.6544 55.6544 55.6544 55.6544 55.6544 55.6544 55.6544 55.6544 55.6544 55.6544 55.6544 55.6544 55.6544 55.6544 55.6544 55.6544 55.6544 55.6544 55.6544 55.6544 55.6544 55.6544 55.6544</float_array><technique_common><accessor source="#hpl_mixamorigwHeadFront-rotx-array" count="55" stride="1" /></technique_common></source>
      <sampler id="hpl_mixamorigwHeadFront-trans-sampler"><input semantic="INPUT" source="#hpl_mixamorigwHeadFront-time" /><input semantic="OUTPUT" source="#hpl_mixamorigwHeadFront-trans" /></sampler><channel source="#hpl_mixamorigwHeadFront-trans-sampler" target="mixamorigwHeadFront/translate" />
      <sampler id="hpl_mixamorigwHeadFront-rotz-sampler"><input semantic="INPUT" source="#hpl_mixamorigwHeadFront-time" /><input semantic="OUTPUT" source="#hpl_mixamorigwHeadFront-rotz" /></sampler><channel source="#hpl_mixamorigwHeadFront-rotz-sampler" target="mixamorigwHeadFront/rotateZ.ANGLE" />
      <sampler id="hpl_mixamorigwHeadFront-roty-sampler"><input semantic="INPUT" source="#hpl_mixamorigwHeadFront-time" /><input semantic="OUTPUT" source="#hpl_mixamorigwHeadFront-roty" /></sampler><channel source="#hpl_mixamorigwHeadFront-roty-sampler" target="mixamorigwHeadFront/rotateY.ANGLE" />
      <sampler id="hpl_mixamorigwHeadFront-rotx-sampler"><input semantic="INPUT" source="#hpl_mixamorigwHeadFront-time" /><input semantic="OUTPUT" source="#hpl_mixamorigwHeadFront-rotx" /></sampler><channel source="#hpl_mixamorigwHeadFront-rotx-sampler" target="mixamorigwHeadFront/rotateX.ANGLE" />
    </animation>
  </library_animations>
  <scene><instance_visual_scene url="#RootNode" /></scene>
</COLLADA>