<?xml version='1.0' encoding='utf-8'?>
<COLLADA xmlns="http://www.collada.org/2005/11/COLLADASchema" version="1.4.1">
  <asset>
    <contributor><author>hpl_dae_export</author><authoring_tool>Blender 4.2.0</authoring_tool></contributor>
    <unit name="meter" meter="1" />
    <up_axis>Y_UP</up_axis>
  </asset>
  <library_images>
    <image id="phillip-diffuse-image"><init_from>phillip.tga</init_from></image>
    <image id="phillip-emission-image"><init_from>phillip.tga</init_from></image>
    <image id="phillip-normal-image"><init_from>phillip.tga</init_from></image>
  </library_images>
  <library_effects>
    <effect id="phillip-fx" name="phillip"><profile_COMMON>
      <newparam sid="phillip-diffuse-surface"><surface type="2D"><init_from>phillip-diffuse-image</init_from></surface></newparam>
      <newparam sid="phillip-diffuse-sampler"><sampler2D><source>phillip-diffuse-surface</source></sampler2D></newparam>
      <newparam sid="phillip-emission-surface"><surface type="2D"><init_from>phillip-emission-image</init_from></surface></newparam>
      <newparam sid="phillip-emission-sampler"><sampler2D><source>phillip-emission-surface</source></sampler2D></newparam>
      <technique sid="common"><lambert>
        <diffuse><texture texture="phillip-diffuse-sampler" texcoord="CHANNEL0" /></diffuse>
      </lambert></technique>
    </profile_COMMON></effect>
  </library_effects>
  <library_materials>
    <material id="phillip" name="phillip"><instance_effect url="#phillip-fx" /></material>
  </library_materials>
  <library_geometries>
    <geometry id="Mesh_0_1" name="Mesh_0"><mesh>
      <source id="Mesh_0_1-vpos"><float_array id="Mesh_0_1-vpos-array" count="9">0.00774702 0.95336 0.0335566 0.057747 0.95336 0.0335566 0.00774702 1.00336 0.0335566</float_array><technique_common><accessor source="#Mesh_0_1-vpos-array" count="3" stride="3"><param name="X" type="float" /><param name="Y" type="float" /><param name="Z" type="float" /></accessor></technique_common></source>
      <source id="Mesh_0_1-vnrm"><float_array id="Mesh_0_1-vnrm-array" count="9">0 0 1 0 0 1 0 0 1</float_array><technique_common><accessor source="#Mesh_0_1-vnrm-array" count="3" stride="3"><param name="X" type="float" /><param name="Y" type="float" /><param name="Z" type="float" /></accessor></technique_common></source>
      <source id="Mesh_0_1-vuv"><float_array id="Mesh_0_1-vuv-array" count="6">0 0 1 0 0 1</float_array><technique_common><accessor source="#Mesh_0_1-vuv-array" count="3" stride="2"><param name="S" type="float" /><param name="T" type="float" /></accessor></technique_common></source>
      <vertices id="Mesh_0_1-vertices"><input semantic="POSITION" source="#Mesh_0_1-vpos" /></vertices>
      <triangles count="1" material="phillip"><input semantic="VERTEX" source="#Mesh_0_1-vertices" offset="0" /><input semantic="NORMAL" source="#Mesh_0_1-vnrm" offset="1" /><input semantic="TEXCOORD" source="#Mesh_0_1-vuv" offset="2" /><p>0 0 0 1 1 1 2 2 2</p></triangles>
    </mesh></geometry>
  </library_geometries>
  <library_controllers>
    <controller id="Mesh_0_1-skin" name="skinCluster0"><skin source="#Mesh_0_1">
      <bind_shape_matrix>1 0 0 0 0 1 0 0 0 0 1 0 0 0 0 1</bind_shape_matrix>
      <source id="Mesh_0_1-skin-joints"><Name_array id="Mesh_0_1-skin-joints-array" count="24">mixamorigwHips mixamorigwLeftUpLeg mixamorigwLeftLeg mixamorigwLeftFoot mixamorigwLeftToeBase mixamorigwRightUpLeg mixamorigwRightLeg mixamorigwRightFoot mixamorigwRightToeBase mixamorigwSpine mixamorigwSpine1 mixamorigwSpine2 mixamorigwLeftShoulder mixamorigwLeftArm mixamorigwLeftForeArm mixamorigwLeftHand mixamorigwRightShoulder mixamorigwRightArm mixamorigwRightForeArm mixamorigwRightHand mixamorigwNeck mixamorigwHead mixamorigwHeadTop_End mixamorigwHeadFront</Name_array><technique_common><accessor source="#Mesh_0_1-skin-joints-array" count="24" stride="1"><param name="JOINT" type="Name" /></accessor></technique_common></source>
      <source id="Mesh_0_1-skin-bind_poses"><float_array id="Mesh_0_1-skin-bind_poses-array" count="384">-0.326862 -0.412442 0.850325 0.367204 0.924359 -0.326862 0.196779 0.297853 0.196779 0.850325 0.488083 -0.828569 0 0 0 1 0.988587 0.109374 -0.1036 -0.188944 0.1036 -0.992833 -0.0595797 0.848762 -0.109374 0.0481668 -0.992833 -0.00285123 0 0 0 1 0.995242 0.0745741 -0.0627066 -0.172581 0.0627065 -0.982821 -0.173582 0.487924 -0.0745739 0.168824 -0.982821 -0.0684593 0 0 0 1 0.994978 0.0309139 -0.0951978 -0.168375 0.0951972 -0.58605 0.804663 0.112632 -0.0309154 -0.809685 -0.58605 0.083101 0 0 0 1 0.993074 8.38034e-06 -0.117488 -0.165082 0.117488 3.0122e-07 0.993074 -0.0921871 8.23903e-06 -1 -7.34656e-07 0.0437346 0 0 0 1 0.986251 -0.119769 0.113864 0.190305 -0.113864 -0.991857 -0.057042 0.848443 0.119769 0.0432928 -0.991857 0.0017185 0 0 0 1 0.996752 -0.0617435 0.0516918 0.16272 -0.0516917 -0.98282 -0.177182 0.49367 0.0617436 0.173935 -0.98282 -0.0723674 0 0 0 1 0.991415 -0.0402565 0.124402 0.163199 -0.124402 -0.583335 0.802648 0.109001 0.0402562 -0.811233 -0.583335 0.0842478 0 0 0 1 0.988201 2.59179e-08 0.153161 0.158823 -0.153161 -1.2465e-07 0.988201 -0.0970361 8.08409e-08 -1 -1.08103e-07 0.0438647 0 0 0 1 0.999977 0.00499217 0.00460007 -0.0126603 -0.00459975 0.996648 -0.0816763 -1.08845 -0.0049924 0.0816533 0.996648 -0.111251 0 0 0 1 0.999977 0.00499225 0.00460005 -0.0126604 -0.00459984 0.996648 -0.0816764 -1.22951 -0.00499239 0.0816534 0.996648 -0.111251 0 0 0 1 0.999936 0.00858049 0.0073981 -0.0175916 -0.0073979 0.989074 -0.147233 -1.36021 -0.00858061 0.147169 0.989074 -0.20133 0 0 0 1 -0.0915552 1.56755e-07 -0.9958 -0.0116842 0.9958 8.53744e-08 -0.0915552 -0.0478922 -6.27717e-09 -1 -1.19135e-07 1.45252 0 0 0 1 -0.102656 0.216831 -0.970797 -0.323529 0.970796 -0.190902 -0.145294 0.0690035 -0.216831 -0.957361 -0.190902 1.43017 0 0 0 1 0.0429289 -0.0153039 -0.998961 -0.064134 0.998961 0.0159705 0.0426842 -0.466213 0.0153006 -0.999755 0.0159736 1.39976 0 0 0 1 0.0998002 -0.0351338 -0.994387 -0.0750536 0.994387 0.0388059 0.0984292 -0.733384 0.0351299 -0.998629 0.0388095 1.38581 0 0 0 1 -0.0881333 -3.45496e-08 0.996109 0.0125114 -0.996108 -5.23395e-08 -0.0881333 -0.0370387 -1.46981e-09 -1 -1.50894e-08 1.44862 0 0 0 1 -0.108284 -0.213742 0.97087 0.317301 -0.970869 -0.187244 -0.149507 0.0704232 0.213746 -0.958777 -0.18724 1.42642 0 0 0 1 0.0278295 0.0297959 0.999168 0.034426 -0.999168 0.0306226 0.0269163 -0.464747 -0.0297952 -0.999087 0.0306234 1.39395 0 0 0 1 0.0716834 0.000714281 0.997427 0.105102 -0.997427 0.000772513 0.0716828 -0.671685 -0.000719398 -0.999999 0.000767861 1.41318 0 0 0 1 0.999874 0.0116475 0.0107328 -0.0218054 -0.0107326 0.996602 -0.0816726 -1.47952 -0.0116476 0.0815471 0.996601 -0.111066 0 0 0 1 0.999955 0.00442177 0.00837712 -0.0106006 -0.00837693 0.825642 0.564133 -1.27565 -0.00442208 -0.564178 0.825642 0.890874 0 0 0 1 0.999913 0.00861753 0.01003 -0.0171024 -0.0100298 0.988551 0.150557 -1.78728 -0.00861772 -0.150645 0.98855 0.250058 0 0 0 1 1 -1.50874e-07 7.03149e-08 -0.00385329 -8.28877e-08 -2.98023e-08 1 -0.116256 -2.19559e-07 -1 2.98023e-08 1.55588 0 0 0 1</float_array><technique_common><accessor count="24" offset="0" source="#Mesh_0_1-skin-bind_poses-array" stride="16"><param name="TRANSFORM" type="float4x4" /></accessor></technique_common></source>
      <source id="Mesh_0_1-skin-weights"><float_array id="Mesh_0_1-skin-weights-array" count="1">1</float_array><technique_common><accessor count="1" offset="0" source="#Mesh_0_1-skin-weights-array" stride="1"><param name="WEIGHT" type="float" /></accessor></technique_common></source>
      <joints><input semantic="JOINT" source="#Mesh_0_1-skin-joints" /><input semantic="INV_BIND_MATRIX" source="#Mesh_0_1-skin-bind_poses" /></joints>
      <vertex_weights count="3"><input semantic="JOINT" source="#Mesh_0_1-skin-joints" offset="0" /><input semantic="WEIGHT" source="#Mesh_0_1-skin-weights" offset="1" /><vcount>1 1 1</vcount><v>0 0 0 0 0 0</v></vertex_weights>
    </skin></controller>
  </library_controllers>
  <library_visual_scenes>
    <visual_scene id="RootNode" name="RootNode">
      <node id="mixamorigwHips" sid="mixamorigwHips" name="mixamorigwHips" type="JOINT">
        <translate sid="translate">0.00774679 0.95336 0.0335573</translate><rotate sid="rotateZ">0 0 1 -128.397</rotate><rotate sid="rotateY">0 1 0 -58.247</rotate><rotate sid="rotateX">1 0 0 21.9576</rotate>
        <node id="mixamorigwLeftUpLeg" sid="mixamorigwLeftUpLeg" name="mixamorigwLeftUpLeg" type="JOINT">
          <translate sid="translate">0.00280504 0.112246 -0.0611913</translate><rotate sid="rotateZ">0 0 1 118.016</rotate><rotate sid="rotateY">0 1 0 -13.7078</rotate><rotate sid="rotateX">1 0 0 -118.606</rotate>
          <node id="mixamorigwLeftLeg" sid="mixamorigwLeftLeg" name="mixamorigwLeftLeg" type="JOINT">
            <translate sid="translate">2.9695e-08 0.362108 -2.40088e-08</translate><rotate sid="rotateZ">0 0 1 1.88157</rotate><rotate sid="rotateY">0 1 0 2.46473</rotate><rotate sid="rotateX">1 0 0 6.79106</rotate>
            <node id="mixamorigwLeftFoot" sid="mixamorigwLeftFoot" name="mixamorigwLeftFoot" type="JOINT">
              <translate sid="translate">-2.24292e-08 0.371859 -6.31809e-09</translate><rotate sid="rotateZ">0 0 1 2.78269</rotate><rotate sid="rotateY">0 1 0 -1.40858</rotate><rotate sid="rotateX">1 0 0 -63.7858</rotate>
              <node id="mixamorigwLeftToeBase" sid="mixamorigwLeftToeBase" name="mixamorigwLeftToeBase" type="JOINT">
                <translate sid="translate">-1.311e-08 0.161697 -3.15905e-09</translate><rotate sid="rotateZ">0 0 1 -0.000291079</rotate><rotate sid="rotateY">0 1 0 -2.18612</rotate><rotate sid="rotateX">1 0 0 -35.8772</rotate>
              </node>
            </node>
          </node>
        </node>
        <node id="mixamorigwRightUpLeg" sid="mixamorigwRightUpLeg" name="mixamorigwRightUpLeg" type="JOINT">
          <translate sid="translate">0.0647644 -0.0634254 -0.0977594</translate><rotate sid="rotateZ">0 0 1 100.259</rotate><rotate sid="rotateY">0 1 0 -8.49983</rotate><rotate sid="rotateX">1 0 0 -115.368</rotate>
          <node id="mixamorigwRightLeg" sid="mixamorigwRightLeg" name="mixamorigwRightLeg" type="JOINT">
            <translate sid="translate">-4.9597e-08 0.359356 4.28051e-08</translate><rotate sid="rotateZ">0 0 1 -3.17125</rotate><rotate sid="rotateY">0 1 0 -3.75187</rotate><rotate sid="rotateX">1 0 0 7.312</rotate>
            <node id="mixamorigwRightFoot" sid="mixamorigwRightFoot" name="mixamorigwRightFoot" type="JOINT">
              <translate sid="translate">5.68628e-09 0.37578 1.38998e-08</translate><rotate sid="rotateZ">0 0 1 -1.93715</rotate><rotate sid="rotateY">0 1 0 3.90217</rotate><rotate sid="rotateX">1 0 0 -64.1697</rotate>
              <node id="mixamorigwRightToeBase" sid="mixamorigwRightToeBase" name="mixamorigwRightToeBase" type="JOINT">
                <translate sid="translate">-1.38998e-08 0.162229 7.89762e-08</translate><rotate sid="rotateZ">0 0 1 -4.68373e-06</rotate><rotate sid="rotateY">0 1 0 2.84091</rotate><rotate sid="rotateX">1 0 0 -35.6855</rotate>
              </node>
            </node>
          </node>
        </node>
        <node id="mixamorigwSpine" sid="mixamorigwSpine" name="mixamorigwSpine" type="JOINT">
          <translate sid="translate">-0.0675698 -0.0488202 0.113795</translate><rotate sid="rotateZ">0 0 1 109.386</rotate><rotate sid="rotateY">0 1 0 -11.7279</rotate><rotate sid="rotateX">1 0 0 55.4776</rotate>
          <node id="mixamorigwSpine1" sid="mixamorigwSpine1" name="mixamorigwSpine1" type="JOINT">
            <translate sid="translate">-7.07133e-08 0.141062 1.15898e-08</translate><rotate sid="rotateZ">0 0 1 4.77246e-06</rotate><rotate sid="rotateY">0 1 0 7.65395e-07</rotate><rotate sid="rotateX">1 0 0 -3.73307e-06</rotate>
            <node id="mixamorigwSpine2" sid="mixamorigwSpine2" name="mixamorigwSpine2" type="JOINT">
              <translate sid="translate">-2.62812e-09 0.141062 -5.23168e-08</translate><rotate sid="rotateZ">0 0 1 0.19182</rotate><rotate sid="rotateY">0 1 0 -0.176579</rotate><rotate sid="rotateX">1 0 0 -3.78094</rotate>
              <node id="mixamorigwLeftShoulder" sid="mixamorigwLeftShoulder" name="mixamorigwLeftShoulder" type="JOINT">
                <translate sid="translate">0.0413714 0.0784539 -0.0038093</translate><rotate sid="rotateZ">0 0 1 123.884</rotate><rotate sid="rotateY">0 1 0 79.7802</rotate><rotate sid="rotateX">1 0 0 -146.045</rotate>
                <node id="mixamorigwLeftArm" sid="mixamorigwLeftArm" name="mixamorigwLeftArm" type="JOINT">
                  <translate sid="translate">3.21959e-10 0.163973 1.64123e-07</translate><rotate sid="rotateZ">0 0 1 -0.783161</rotate><rotate sid="rotateY">0 1 0 12.523</rotate><rotate sid="rotateX">1 0 0 11.2771</rotate>
                  <node id="mixamorigwLeftForeArm" sid="mixamorigwLeftForeArm" name="mixamorigwLeftForeArm" type="JOINT">
                    <translate sid="translate">-5.05447e-09 0.244293 5.93901e-08</translate><rotate sid="rotateZ">0 0 1 11.1568</rotate><rotate sid="rotateY">0 1 0 -11.3059</rotate><rotate sid="rotateX">1 0 0 -14.1697</rotate>
                    <node id="mixamorigwLeftHand" sid="mixamorigwLeftHand" name="mixamorigwLeftHand" type="JOINT">
                      <translate sid="translate">0 0.241261 -6.83933e-08</translate><rotate sid="rotateZ">0 0 1 3.25059</rotate><rotate sid="rotateY">0 1 0 -1.19002</rotate><rotate sid="rotateX">1 0 0 -1.26142</rotate>
                    </node>
                  </node>
                </node>
              </node>
              <node id="mixamorigwRightShoulder" sid="mixamorigwRightShoulder" name="mixamorigwRightShoulder" type="JOINT">
                <translate sid="translate">-0.0410677 0.0751698 -0.00338566</translate><rotate sid="rotateZ">0 0 1 -118.947</rotate><rotate sid="rotateY">0 1 0 -80.3951</rotate><rotate sid="rotateX">1 0 0 -151.887</rotate>
                <node id="mixamorigwRightArm" sid="mixamorigwRightArm" name="mixamorigwRightArm" type="JOINT">
                  <translate sid="translate">-2.05053e-09 0.167019 1.625e-07</translate><rotate sid="rotateZ">0 0 1 1.30783</rotate><rotate sid="rotateY">0 1 0 -12.3417</rotate><rotate sid="rotateX">1 0 0 11.0505</rotate>
                  <node id="mixamorigwRightForeArm" sid="mixamorigwRightForeArm" name="mixamorigwRightForeArm" type="JOINT">
                    <translate sid="translate">-1.01089e-08 0.228275 2.43878e-07</translate><rotate sid="rotateZ">0 0 1 -10.7264</rotate><rotate sid="rotateY">0 1 0 12.105</rotate><rotate sid="rotateX">1 0 0 -14.6911</rotate>
                    <node id="mixamorigwRightHand" sid="mixamorigwRightHand" name="mixamorigwRightHand" type="JOINT">
                      <translate sid="translate">-1.26362e-09 0.252898 9.16123e-09</translate><rotate sid="rotateZ">0 0 1 -2.56611</rotate><rotate sid="rotateY">0 1 0 -1.58702</rotate><rotate sid="rotateX">1 0 0 1.78527</rotate>
                    </node>
                  </node>
                </node>
              </node>
              <node id="mixamorigwNeck" sid="mixamorigwNeck" name="mixamorigwNeck" type="JOINT">
                <translate sid="translate">-0.000303676 0.108811 0.00719515</translate><rotate sid="rotateZ">0 0 1 0.145701</rotate><rotate sid="rotateY">0 1 0 -0.214868</rotate><rotate sid="rotateX">1 0 0 3.78319</rotate>
                <node id="mixamorigwHead" sid="mixamorigwHead" name="mixamorigwHead" type="JOINT">
                  <translate sid="translate">-7.50273e-10 0.0723255 -4.75042e-08</translate><rotate sid="rotateZ">0 0 1 -0.401626</rotate><rotate sid="rotateY">0 1 0 0.168327</rotate><rotate sid="rotateX">1 0 0 39.0239</rotate>
                  <node id="mixamorigwHeadTop_End" sid="mixamorigwHeadTop_End" name="mixamorigwHeadTop_End" type="JOINT">
                    <translate sid="translate">-0.00110642 0.226769 -0.109048</translate><rotate sid="rotateZ">0 0 1 0.251929</rotate><rotate sid="rotateY">0 1 0 0.0574274</rotate><rotate sid="rotateX">1 0 0 -25.6815</rotate>
                  </node>
                  <node id="mixamorigwHeadFront" sid="mixamorigwHeadFront" name="mixamorigwHeadFront" type="JOINT">
                    <translate sid="translate">0.0011064 0.0745082 0.109048</translate><rotate sid="rotateZ">0 0 1 -0.479981</rotate><rotate sid="rotateY">0 1 0 0.253356</rotate><rotate sid="rotateX">1 0 0 55.6544</rotate>
                  </node>
                </node>
              </node>
            </node>
          </node>
        </node>
      </node>
      <node id="Mesh_0" name="Mesh_0" type="NODE">
        <translate sid="translate">0 0 0</translate><rotate sid="rotateZ">0 0 1 0</rotate><rotate sid="rotateY">0 1 0 -0</rotate><rotate sid="rotateX">1 0 0 -90</rotate><scale sid="scale">100 100 100</scale><instance_controller url="#Mesh_0_1-skin">
          <skeleton>#mixamorigwHips</skeleton>
          <bind_material><technique_common><instance_material symbol="defaultMaterial" target="#%s"><bind_vertex_input semantic="CHANNEL0" input_semantic="TEXCOORD" input_set="0" /></instance_material></technique_common></bind_material>
        </instance_controller>
      </node>
    </visual_scene>
  </library_visual_scenes>
  <library_animations>
    <animation id="hpl_mixamorigwHips">
      <source id="hpl_mixamorigwHips-time"><float_array id="hpl_mixamorigwHips-time-array" count="35">0 1 2 3 4 5 6 7 8 9 10 11 12 13 14 15 16 17 18 19 20 21 22 23 24 25 26 27 28 29 30 31 32 33 34</float_array><technique_common><accessor source="#hpl_mixamorigwHips-time-array" count="35" stride="1" /></technique_common></source>
      <source id="hpl_mixamorigwHips-trans"><float_array id="hpl_mixamorigwHips-trans-array" count="105">0.016641 0.931816 0.0338991 0.0160574 0.939759 0.0317904 0.0159171 0.946505 0.0302094 0.0161872 0.950635 0.027096 0.016804 0.951819 0.0225455 0.0171697 0.94592 0.0180434 0.0174395 0.93506 0.0131385 0.0178757 0.937658 0.00846002 0.0182395 0.9298 0.0062987 0.0190681 0.919678 0.00501633 0.0202902 0.909344 0.00431505 0.0213708 0.901379 0.00509065 0.0224872 0.898829 0.00882595 0.0236112 0.896642 0.0135924 0.0246882 0.899237 0.0214312 0.0263218 0.9079 0.0281078 0.028535 0.920185 0.0321873 0.0304852 0.926973 0.0316916 0.0322207 0.934889 0.0301277 0.0334879 0.942175 0.0282778 0.0340116 0.947406 0.027244 0.0341659 0.949468 0.0249479 0.0345986 0.947841 0.0180045 0.034111 0.943181 0.0128252 0.0334453 0.937547 0.00898076 0.0319028 0.929574 0.00726054 0.0308185 0.92106 0.00705835 0.030046 0.910913 0.00501989 0.02935 0.902611 0.00397036 0.0276617 0.898624 0.00680183 0.0253165 0.896834 0.0144448 0.0227084 0.905102 0.0248711 0.0201146 0.911436 0.0320886 0.0178855 0.922148 0.0351677 0.016641 0.931816 0.0338991</float_array><technique_common><accessor source="#hpl_mixamorigwHips-trans-array" count="35" stride="3" /></technique_common></source>
      <source id="hpl_mixamorigwHips-rotz"><float_array id="hpl_mixamorigwHips-rotz-array" count="35">-128.189 -129.104 -129.968 -130.723 -131.288 -131.596 -131.676 -131.657 -131.677 -131.477 -130.863 -129.902 -127.781 -125.334 -123.73 -123.269 -123.686 -124.655 -126.102 -127.476 -128.246 -128.265 -127.647 -126.599 -125.269 -123.707 -122.221 -121.436 -121.182 -121.406 -122.282 -123.936 -125.905 -127.579 -128.189</float_array><technique_common><accessor source="#hpl_mixamorigwHips-rotz-array" count="35" stride="1" /></technique_common></source>
      <source id="hpl_mixamorigwHips-roty"><float_array id="hpl_mixamorigwHips-roty-array" count="35">-55.7867 -56.3567 -56.8944 -57.3168 -57.5301 -57.5412 -57.4115 -57.1636 -56.7996 -56.2859 -55.6781 -55.3672 -54.9415 -54.6036 -54.9546 -55.7313 -56.5039 -57.1528 -57.7764 -58.4001 -58.9845 -59.4983 -59.8858 -59.9953 -59.8267 -59.3487 -58.4558 -57.6028 -56.7917 -55.7792 -54.8827 -54.8304 -55.55 -56.4166 -55.7867</float_array><technique_common><accessor source="#hpl_mixamorigwHips-roty-array" count="35" stride="1" /></technique_common></source>
      <source id="hpl_mixamorigwHips-rotx"><float_array id="hpl_mixamorigwHips-rotx-array" count="35">17.9004 19.0616 20.5647 22.1654 23.5181 24.3653 24.6896 24.6534 24.5356 24.1364 23.3392 22.4171 20.9933 19.4992 18.7871 19.1496 20.4315 22.0883 23.7446 24.8762 25.0463 24.2515 22.8692 21.3016 19.7706 18.3132 16.9333 16.2002 15.8655 15.3425 14.9535 15.5375 16.8156 17.9134 17.9004</float_array><technique_common><accessor source="#hpl_mixamorigwHips-rotx-array" count="35" stride="1" /></technique_common></source>
      <sampler id="hpl_mixamorigwHips-trans-sampler"><input semantic="INPUT" source="#hpl_mixamorigwHips-time" /><input semantic="OUTPUT" source="#hpl_mixamorigwHips-trans" /></sampler><channel source="#hpl_mixamorigwHips-trans-sampler" target="mixamorigwHips/translate" />
      <sampler id="hpl_mixamorigwHips-rotz-sampler"><input semantic="INPUT" source="#hpl_mixamorigwHips-time" /><input semantic="OUTPUT" source="#hpl_mixamorigwHips-rotz" /></sampler><channel source="#hpl_mixamorigwHips-rotz-sampler" target="mixamorigwHips/rotateZ.ANGLE" />
      <sampler id="hpl_mixamorigwHips-roty-sampler"><input semantic="INPUT" source="#hpl_mixamorigwHips-time" /><input semantic="OUTPUT" source="#hpl_mixamorigwHips-roty" /></sampler><channel source="#hpl_mixamorigwHips-roty-sampler" target="mixamorigwHips/rotateY.ANGLE" />
      <sampler id="hpl_mixamorigwHips-rotx-sampler"><input semantic="INPUT" source="#hpl_mixamorigwHips-time" /><input semantic="OUTPUT" source="#hpl_mixamorigwHips-rotx" /></sampler><channel source="#hpl_mixamorigwHips-rotx-sampler" target="mixamorigwHips/rotateX.ANGLE" />
    </animation>
    <animation id="hpl_mixamorigwLeftUpLeg">
      <source id="hpl_mixamorigwLeftUpLeg-time"><float_array id="hpl_mixamorigwLeftUpLeg-time-array" count="35">0 1 2 3 4 5 6 7 8 9 10 11 12 13 14 15 16 17 18 19 20 21 22 23 24 25 26 27 28 29 30 31 32 33 34</float_array><technique_common><accessor source="#hpl_mixamorigwLeftUpLeg-time-array" count="35" stride="1" /></technique_common></source>
      <source id="hpl_mixamorigwLeftUpLeg-trans"><float_array id="hpl_mixamorigwLeftUpLeg-trans-array" count="105">0.00280581 0.112246 -0.0611913 0.00280581 0.112246 -0.0611913 0.00280581 0.112246 -0.0611913 0.00280581 0.112246 -0.0611913 0.00280581 0.112246 -0.0611913 0.00280581 0.112246 -0.0611913 0.00280581 0.112246 -0.0611913 0.00280581 0.112246 -0.0611913 0.00280581 0.112246 -0.0611913 0.00280581 0.112246 -0.0611913 0.00280581 0.112246 -0.0611913 0.00280581 0.112246 -0.0611913 0.00280581 0.112246 -0.0611913 0.00280581 0.112246 -0.0611913 0.00280581 0.112246 -0.0611913 0.00280581 0.112246 -0.0611913 0.00280581 0.112246 -0.0611913 0.00280581 0.112246 -0.0611913 0.00280581 0.112246 -0.0611913 0.00280581 0.112246 -0.0611913 0.00280581 0.112246 -0.0611913 0.00280581 0.112246 -0.0611913 0.00280581 0.112246 -0.0611913 0.00280581 0.112246 -0.0611913 0.00280581 0.112246 -0.0611913 0.00280581 0.112246 -0.0611913 0.00280581 0.112246 -0.0611913 0.00280581 0.112246 -0.0611913 0.00280581 0.112246 -0.0611913 0.00280581 0.112246 -0.0611913 0.00280581 0.112246 -0.0611913 0.00280581 0.112246 -0.0611913 0.00280581 0.112246 -0.0611913 0.00280581 0.112246 -0.0611913 0.00280581 0.112246 -0.0611913</float_array><technique_common><accessor source="#hpl_mixamorigwLeftUpLeg-trans-array" count="35" stride="3" /></technique_common></source>
      <source id="hpl_mixamorigwLeftUpLeg-rotz"><float_array id="hpl_mixamorigwLeftUpLeg-rotz-array" count="35">122.399 121.131 119.446 117.577 115.927 114.767 114.14 113.848 113.499 112.608 111.621 111.265 110.218 108.627 107.401 107.165 107.206 107.415 107.63 107.863 108.271 108.856 109.365 109.955 110.836 112.115 113.555 114.393 114.447 115.309 117.234 118.991 120.485 121.314 122.399</float_array><technique_common><accessor source="#hpl_mixamorigwLeftUpLeg-rotz-array" count="35" stride="1" /></technique_common></source>
      <source id="hpl_mixamorigwLeftUpLeg-roty"><float_array id="hpl_mixamorigwLeftUpLeg-roty-array" count="35">-10.5474 -9.75558 -8.71995 -7.66769 -6.84153 -6.27138 -5.93164 -5.93472 -6.4981 -7.59988 -8.08179 -7.19003 -5.86821 -4.61497 -3.50486 -2.2943 -1.51857 -1.23018 -1.64941 -2.49167 -3.45978 -4.44843 -5.17595 -5.69716 -5.86031 -5.73738 -5.43167 -5.40641 -5.87687 -6.89253 -8.20644 -9.29383 -10.0768 -10.7049 -10.5474</float_array><technique_common><accessor source="#hpl_mixamorigwLeftUpLeg-roty-array" count="35" stride="1" /></technique_common></source>
      <source id="hpl_mixamorigwLeftUpLeg-rotx"><float_array id="hpl_mixamorigwLeftUpLeg-rotx-array" count="35">-125.053 -130.487 -135.363 -139.726 -143.607 -146.749 -148.582 -148.674 -146.93 -146.2 -148.495 -148.809 -148.867 -151.138 -152.661 -151.568 -148.088 -143.563 -138.241 -132.736 -127.576 -123.365 -120.748 -118.546 -116.063 -113.135 -109.656 -107.639 -105.21 -102.988 -102.677 -105.27 -110.223 -116.74 -125.053</float_array><technique_common><accessor source="#hpl_mixamorigwLeftUpLeg-rotx-array" count="35" stride="1" /></technique_common></source>
      <sampler id="hpl_mixamorigwLeftUpLeg-trans-sampler"><input semantic="INPUT" source="#hpl_mixamorigwLeftUpLeg-time" /><input semantic="OUTPUT" source="#hpl_mixamorigwLeftUpLeg-trans" /></sampler><channel source="#hpl_mixamorigwLeftUpLeg-trans-sampler" target="mixamorigwLeftUpLeg/translate" />
      <sampler id="hpl_mixamorigwLeftUpLeg-rotz-sampler"><input semantic="INPUT" source="#hpl_mixamorigwLeftUpLeg-time" /><input semantic="OUTPUT" source="#hpl_mixamorigwLeftUpLeg-rotz" /></sampler><channel source="#hpl_mixamorigwLeftUpLeg-rotz-sampler" target="mixamorigwLeftUpLeg/rotateZ.ANGLE" />
      <sampler id="hpl_mixamorigwLeftUpLeg-roty-sampler"><input semantic="INPUT" source="#hpl_mixamorigwLeftUpLeg-time" /><input semantic="OUTPUT" source="#hpl_mixamorigwLeftUpLeg-roty" /></sampler><channel source="#hpl_mixamorigwLeftUpLeg-roty-sampler" target="mixamorigwLeftUpLeg/rotateY.ANGLE" />
      <sampler id="hpl_mixamorigwLeftUpLeg-rotx-sampler"><input semantic="INPUT" source="#hpl_mixamorigwLeftUpLeg-time" /><input semantic="OUTPUT" source="#hpl_mixamorigwLeftUpLeg-rotx" /></sampler><channel source="#hpl_mixamorigwLeftUpLeg-rotx-sampler" target="mixamorigwLeftUpLeg/rotateX.ANGLE" />
    </animation>
    <animation id="hpl_mixamorigwLeftLeg">
      <source id="hpl_mixamorigwLeftLeg-time"><float_array id="hpl_mixamorigwLeftLeg-time-array" count="35">0 1 2 3 4 5 6 7 8 9 10 11 12 13 14 15 16 17 18 19 20 21 22 23 24 25 26 27 28 29 30 31 32 33 34</float_array><technique_common><accessor source="#hpl_mixamorigwLeftLeg-time-array" count="35" stride="1" /></technique_common></source>
      <source id="hpl_mixamorigwLeftLeg-trans"><float_array id="hpl_mixamorigwLeftLeg-trans-array" count="105">1.49007e-07 0.362107 -3.16007e-07 1.49007e-07 0.362107 -3.16007e-07 1.49007e-07 0.362107 -3.16007e-07 1.49007e-07 0.362107 -3.16007e-07 1.49007e-07 0.362107 -3.16007e-07 1.49007e-07 0.362107 -3.16007e-07 1.49007e-07 0.362107 -3.16007e-07 1.49007e-07 0.362107 -3.16007e-07 1.49007e-07 0.362107 -3.16007e-07 1.49007e-07 0.362107 -3.16007e-07 1.49007e-07 0.362107 -3.16007e-07 1.49007e-07 0.362107 -3.16007e-07 1.49007e-07 0.362107 -3.16007e-07 1.49007e-07 0.362107 -3.16007e-07 1.49007e-07 0.362107 -3.16007e-07 1.49007e-07 0.362107 -3.16007e-07 1.49007e-07 0.362107 -3.16007e-07 1.49007e-07 0.362107 -3.16007e-07 1.49007e-07 0.362107 -3.16007e-07 1.49007e-07 0.362107 -3.16007e-07 1.49007e-07 0.362107 -3.16007e-07 1.49007e-07 0.362107 -3.16007e-07 1.49007e-07 0.362107 -3.16007e-07 1.49007e-07 0.362107 -3.16007e-07 1.49007e-07 0.362107 -3.16007e-07 1.49007e-07 0.362107 -3.16007e-07 1.49007e-07 0.362107 -3.16007e-07 1.49007e-07 0.362107 -3.16007e-07 1.49007e-07 0.362107 -3.16007e-07 1.49007e-07 0.362107 -3.16007e-07 1.49007e-07 0.362107 -3.16007e-07 1.49007e-07 0.362107 -3.16007e-07 1.49007e-07 0.362107 -3.16007e-07 1.49007e-07 0.362107 -3.16007e-07 1.49007e-07 0.362107 -3.16007e-07</float_array><technique_common><accessor source="#hpl_mixamorigwLeftLeg-trans-array" count="35" stride="3" /></technique_common></source>
      <source id="hpl_mixamorigwLeftLeg-rotz"><float_array id="hpl_mixamorigwLeftLeg-rotz-array" count="35">-3.65546 -3.80383 -3.87381 -3.91483 -3.86823 -3.61052 -3.09593 -2.19791 -0.928789 -0.0369241 0.103934 0.0523859 -0.0780041 -0.729742 -1.59926 -2.04949 -2.21768 -2.18356 -2.02171 -1.77329 -1.53815 -1.33958 -1.28501 -1.28185 -1.26963 -1.23037 -0.994284 -0.9591 -1.00188 -0.98436 -1.20402 -1.832 -2.477 -3.10999 -3.65546</float_array><technique_common><accessor source="#hpl_mixamorigwLeftLeg-rotz-array" count="35" stride="1" /></technique_common></source>
      <source id="hpl_mixamorigwLeftLeg-roty"><float_array id="hpl_mixamorigwLeftLeg-roty-array" count="35">5.17733 5.38627 5.24659 4.92223 4.4897 3.97254 3.31572 2.5864 1.99462 1.88569 1.90253 1.77339 1.63392 1.5718 1.83539 2.05874 2.20796 2.19846 2.13944 2.09502 2.07659 2.1316 2.21492 2.28138 2.35561 2.42389 2.38155 2.27909 2.2133 2.27361 2.5173 2.87151 3.42535 4.08192 5.17733</float_array><technique_common><accessor source="#hpl_mixamorigwLeftLeg-roty-array" count="35" stride="1" /></technique_common></source>
      <source id="hpl_mixamorigwLeftLeg-rotx"><float_array id="hpl_mixamorigwLeftLeg-rotx-array" count="35">62.0267 68.5688 71.5141 70.9639 66.8825 59.2223 47.9396 32.8829 15.1924 1.61899 -1.61395 -1.61827 1.61652 9.5398 19.1977 26.2774 28.9416 28.8333 26.8381 23.923 20.9057 18.6013 18.2305 18.365 17.6938 15.9245 12.1525 12.0739 11.8976 11.1529 13.3166 22.1411 35.2906 48.9655 62.0267</float_array><technique_common><accessor source="#hpl_mixamorigwLeftLeg-rotx-array" count="35" stride="1" /></technique_common></source>
      <sampler id="hpl_mixamorigwLeftLeg-trans-sampler"><input semantic="INPUT" source="#hpl_mixamorigwLeftLeg-time" /><input semantic="OUTPUT" source="#hpl_mixamorigwLeftLeg-trans" /></sampler><channel source="#hpl_mixamorigwLeftLeg-trans-sampler" target="mixamorigwLeftLeg/translate" />
      <sampler id="hpl_mixamorigwLeftLeg-rotz-sampler"><input semantic="INPUT" source="#hpl_mixamorigwLeftLeg-time" /><input semantic="OUTPUT" source="#hpl_mixamorigwLeftLeg-rotz" /></sampler><channel source="#hpl_mixamorigwLeftLeg-rotz-sampler" target="mixamorigwLeftLeg/rotateZ.ANGLE" />
      <sampler id="hpl_mixamorigwLeftLeg-roty-sampler"><input semantic="INPUT" source="#hpl_mixamorigwLeftLeg-time" /><input semantic="OUTPUT" source="#hpl_mixamorigwLeftLeg-roty" /></sampler><channel source="#hpl_mixamorigwLeftLeg-roty-sampler" target="mixamorigwLeftLeg/rotateY.ANGLE" />
      <sampler id="hpl_mixamorigwLeftLeg-rotx-sampler"><input semantic="INPUT" source="#hpl_mixamorigwLeftLeg-time" /><input semantic="OUTPUT" source="#hpl_mixamorigwLeftLeg-rotx" /></sampler><channel source="#hpl_mixamorigwLeftLeg-rotx-sampler" target="mixamorigwLeftLeg/rotateX.ANGLE" />
    </animation>
    <animation id="hpl_mixamorigwLeftFoot">
      <source id="hpl_mixamorigwLeftFoot-time"><float_array id="hpl_mixamorigwLeftFoot-time-array" count="35">0 1 2 3 4 5 6 7 8 9 10 11 12 13 14 15 16 17 18 19 20 21 22 23 24 25 26 27 28 29 30 31 32 33 34</float_array><technique_common><accessor source="#hpl_mixamorigwLeftFoot-time-array" count="35" stride="1" /></technique_common></source>
      <source id="hpl_mixamorigwLeftFoot-trans"><float_array id="hpl_mixamorigwLeftFoot-trans-array" count="105">-1.80763e-07 0.371859 4.86242e-08 -1.80763e-07 0.371859 4.86242e-08 -1.80763e-07 0.371859 4.86242e-08 -1.80763e-07 0.371859 4.86242e-08 -1.80763e-07 0.371859 4.86242e-08 -1.80763e-07 0.371859 4.86242e-08 -1.80763e-07 0.371859 4.86242e-08 -1.80763e-07 0.371859 4.86242e-08 -1.80763e-07 0.371859 4.86242e-08 -1.80763e-07 0.371859 4.86242e-08 -1.80763e-07 0.371859 4.86242e-08 -1.80763e-07 0.371859 4.86242e-08 -1.80763e-07 0.371859 4.86242e-08 -1.80763e-07 0.371859 4.86242e-08 -1.80763e-07 0.371859 4.86242e-08 -1.80763e-07 0.371859 4.86242e-08 -1.80763e-07 0.371859 4.86242e-08 -1.80763e-07 0.371859 4.86242e-08 -1.80763e-07 0.371859 4.86242e-08 -1.80763e-07 0.371859 4.86242e-08 -1.80763e-07 0.371859 4.86242e-08 -1.80763e-07 0.371859 4.86242e-08 -1.80763e-07 0.371859 4.86242e-08 -1.80763e-07 0.371859 4.86242e-08 -1.80763e-07 0.371859 4.86242e-08 -1.80763e-07 0.371859 4.86242e-08 -1.80763e-07 0.371859 4.86242e-08 -1.80763e-07 0.371859 4.86242e-08 -1.80763e-07 0.371859 4.86242e-08 -1.80763e-07 0.371859 4.86242e-08 -1.80763e-07 0.371859 4.86242e-08 -1.80763e-07 0.371859 4.86242e-08 -1.80763e-07 0.371859 4.86242e-08 -1.80763e-07 0.371859 4.86242e-08 -1.80763e-07 0.371859 4.86242e-08</float_array><technique_common><accessor source="#hpl_mixamorigwLeftFoot-trans-array" count="35" stride="3" /></technique_common></source>
      <source id="hpl_mixamorigwLeftFoot-rotz"><float_array id="hpl_mixamorigwLeftFoot-rotz-array" count="35">-5.0568 -6.65279 -7.33519 -6.98095 -5.71446 -4.26157 -3.22001 -2.84312 -2.62006 -1.72861 -0.381999 -0.338676 -3.03631 -4.3505 -4.00235 -4.50915 -4.83845 -4.95268 -4.93323 -4.93576 -4.90482 -4.78757 -4.63096 -4.23608 -3.73884 -3.20649 -3.3253 -3.3 -3.28368 -3.33389 -3.52584 -4.43283 -5.50477 -5.09453 -5.0568</float_array><technique_common><accessor source="#hpl_mixamorigwLeftFoot-rotz-array" count="35" stride="1" /></technique_common></source>
      <source id="hpl_mixamorigwLeftFoot-roty"><float_array id="hpl_mixamorigwLeftFoot-roty-array" count="35">3.58668 1.43193 0.246312 0.00964308 0.104099 -0.0328528 -0.244365 -0.44516 -0.178726 -0.482566 -2.22362 -2.52501 -2.06685 -1.55241 -1.08087 -0.692608 -1.14389 -2.13859 -3.24988 -4.02301 -4.15019 -3.89991 -3.67335 -3.39426 -2.74533 -1.48378 0.166648 0.853106 0.817204 1.28798 2.06314 2.66289 3.63217 4.81218 3.58668</float_array><technique_common><accessor source="#hpl_mixamorigwLeftFoot-roty-array" count="35" stride="1" /></technique_common></source>
      <source id="hpl_mixamorigwLeftFoot-rotx"><float_array id="hpl_mixamorigwLeftFoot-rotx-array" count="35">-39.3906 -43.6875 -47.6058 -50.2426 -51.84 -52.7164 -52.5527 -51.178 -49.7208 -51.2485 -55.2691 -55.8004 -50.4091 -44.2943 -45.74 -51.4329 -56.5333 -59.9009 -62.1691 -63.8692 -65.5371 -67.4736 -69.8513 -72.6641 -75.2324 -77.5313 -79.0076 -80.1494 -78.6793 -75.4698 -70.473 -62.675 -52.3684 -42.817 -39.3906</float_array><technique_common><accessor source="#hpl_mixamorigwLeftFoot-rotx-array" count="35" stride="1" /></technique_common></source>
      <sampler id="hpl_mixamorigwLeftFoot-trans-sampler"><input semantic="INPUT" source="#hpl_mixamorigwLeftFoot-time" /><input semantic="OUTPUT" source="#hpl_mixamorigwLeftFoot-trans" /></sampler><channel source="#hpl_mixamorigwLeftFoot-trans-sampler" target="mixamorigwLeftFoot/translate" />
      <sampler id="hpl_mixamorigwLeftFoot-rotz-sampler"><input semantic="INPUT" source="#hpl_mixamorigwLeftFoot-time" /><input semantic="OUTPUT" source="#hpl_mixamorigwLeftFoot-rotz" /></sampler><channel source="#hpl_mixamorigwLeftFoot-rotz-sampler" target="mixamorigwLeftFoot/rotateZ.ANGLE" />
      <sampler id="hpl_mixamorigwLeftFoot-roty-sampler"><input semantic="INPUT" source="#hpl_mixamorigwLeftFoot-time" /><input semantic="OUTPUT" source="#hpl_mixamorigwLeftFoot-roty" /></sampler><channel source="#hpl_mixamorigwLeftFoot-roty-sampler" target="mixamorigwLeftFoot/rotateY.ANGLE" />
      <sampler id="hpl_mixamorigwLeftFoot-rotx-sampler"><input semantic="INPUT" source="#hpl_mixamorigwLeftFoot-time" /><input semantic="OUTPUT" source="#hpl_mixamorigwLeftFoot-rotx" /></sampler><channel source="#hpl_mixamorigwLeftFoot-rotx-sampler" target="mixamorigwLeftFoot/rotateX.ANGLE" />
    </animation>
    <animation id="hpl_mixamorigwLeftToeBase">
      <source id="hpl_mixamorigwLeftToeBase-time"><float_array id="hpl_mixamorigwLeftToeBase-time-array" count="35">0 1 2 3 4 5 6 7 8 9 10 11 12 13 14 15 16 17 18 19 20 21 22 23 24 25 26 27 28 29 30 31 32 33 34</float_array><technique_common><accessor source="#hpl_mixamorigwLeftToeBase-time-array" count="35" stride="1" /></technique_common></source>
      <source id="hpl_mixamorigwLeftToeBase-trans"><float_array id="hpl_mixamorigwLeftToeBase-trans-array" count="105">-2.3928e-07 0.161697 -1.12278e-08 -2.3928e-07 0.161697 -1.12278e-08 -2.3928e-07 0.161697 -1.12278e-08 -2.3928e-07 0.161697 -1.12278e-08 -2.3928e-07 0.161697 -1.12278e-08 -2.3928e-07 0.161697 -1.12278e-08 -2.3928e-07 0.161697 -1.12278e-08 -2.3928e-07 0.161697 -1.12278e-08 -2.3928e-07 0.161697 -1.12278e-08 -2.3928e-07 0.161697 -1.12278e-08 -2.3928e-07 0.161697 -1.12278e-08 -2.3928e-07 0.161697 -1.12278e-08 -2.3928e-07 0.161697 -1.12278e-08 -2.3928e-07 0.161697 -1.12278e-08 -2.3928e-07 0.161697 -1.12278e-08 -2.3928e-07 0.161697 -1.12278e-08 -2.3928e-07 0.161697 -1.12278e-08 -2.3928e-07 0.161697 -1.12278e-08 -2.3928e-07 0.161697 -1.12278e-08 -2.3928e-07 0.161697 -1.12278e-08 -2.3928e-07 0.161697 -1.12278e-08 -2.3928e-07 0.161697 -1.12278e-08 -2.3928e-07 0.161697 -1.12278e-08 -2.3928e-07 0.161697 -1.12278e-08 -2.3928e-07 0.161697 -1.12278e-08 -2.3928e-07 0.161697 -1.12278e-08 -2.3928e-07 0.161697 -1.12278e-08 -2.3928e-07 0.161697 -1.12278e-08 -2.3928e-07 0.161697 -1.12278e-08 -2.3928e-07 0.161697 -1.12278e-08 -2.3928e-07 0.161697 -1.12278e-08 -2.3928e-07 0.161697 -1.12278e-08 -2.3928e-07 0.161697 -1.12278e-08 -2.3928e-07 0.161697 -1.12278e-08 -2.3928e-07 0.161697 -1.12278e-08</float_array><technique_common><accessor source="#hpl_mixamorigwLeftToeBase-trans-array" count="35" stride="3" /></technique_common></source>
      <source id="hpl_mixamorigwLeftToeBase-rotz"><float_array id="hpl_mixamorigwLeftToeBase-rotz-array" count="35">0.752215 0.798195 0.844848 0.859332 0.864672 0.899402 0.95999 1.00072 1.01972 1.04288 0.985171 1.10634 1.08244 0.895039 0.84472 0.80445 0.75474 0.706181 0.658409 0.658469 0.703035 0.753346 0.765752 0.750497 0.713564 0.628382 0.583567 0.643524 0.754391 0.928602 1.39999 2.11205 2.27247 1.24216 0.752215</float_array><technique_common><accessor source="#hpl_mixamorigwLeftToeBase-rotz-array" count="35" stride="1" /></technique_common></source>
      <source id="hpl_mixamorigwLeftToeBase-roty"><float_array id="hpl_mixamorigwLeftToeBase-roty-array" count="35">0.110662 0.0487972 -0.0434002 -0.116804 -0.134923 -0.103615 -0.0207247 0.0650016 0.00200319 -0.186396 -0.26935 -0.296067 -0.236304 -0.0642528 0.0621 0.151553 0.171818 0.19246 0.191453 0.208266 0.237522 0.277036 0.309182 0.325614 0.310451 0.270428 0.246285 0.242342 0.0766052 -0.253587 -0.604223 -1.13003 -1.32795 -0.544209 0.110662</float_array><technique_common><accessor source="#hpl_mixamorigwLeftToeBase-roty-array" count="35" stride="1" /></technique_common></source>
      <source id="hpl_mixamorigwLeftToeBase-rotx"><float_array id="hpl_mixamorigwLeftToeBase-rotx-array" count="35">-40.9322 -40.7516 -40.7863 -40.8286 -41.0053 -41.1006 -40.8679 -40.1546 -39.9302 -40.4608 -40.6915 -41.0324 -41.2039 -39.9846 -38.9354 -37.7854 -37.4858 -37.1496 -36.8937 -36.754 -36.7487 -36.75 -36.6807 -36.6184 -36.6081 -36.5125 -36.6707 -37.2603 -39.021 -42.4688 -48.5655 -58.1532 -61.6029 -48.7304 -40.9322</float_array><technique_common><accessor source="#hpl_mixamorigwLeftToeBase-rotx-array" count="35" stride="1" /></technique_common></source>
      <sampler id="hpl_mixamorigwLeftToeBase-trans-sampler"><input semantic="INPUT" source="#hpl_mixamorigwLeftToeBase-time" /><input semantic="OUTPUT" source="#hpl_mixamorigwLeftToeBase-trans" /></sampler><channel source="#hpl_mixamorigwLeftToeBase-trans-sampler" target="mixamorigwLeftToeBase/translate" />
      <sampler id="hpl_mixamorigwLeftToeBase-rotz-sampler"><input semantic="INPUT" source="#hpl_mixamorigwLeftToeBase-time" /><input semantic="OUTPUT" source="#hpl_mixamorigwLeftToeBase-rotz" /></sampler><channel source="#hpl_mixamorigwLeftToeBase-rotz-sampler" target="mixamorigwLeftToeBase/rotateZ.ANGLE" />
      <sampler id="hpl_mixamorigwLeftToeBase-roty-sampler"><input semantic="INPUT" source="#hpl_mixamorigwLeftToeBase-time" /><input semantic="OUTPUT" source="#hpl_mixamorigwLeftToeBase-roty" /></sampler><channel source="#hpl_mixamorigwLeftToeBase-roty-sampler" target="mixamorigwLeftToeBase/rotateY.ANGLE" />
      <sampler id="hpl_mixamorigwLeftToeBase-rotx-sampler"><input semantic="INPUT" source="#hpl_mixamorigwLeftToeBase-time" /><input semantic="OUTPUT" source="#hpl_mixamorigwLeftToeBase-rotx" /></sampler><channel source="#hpl_mixamorigwLeftToeBase-rotx-sampler" target="mixamorigwLeftToeBase/rotateX.ANGLE" />
    </animation>
    <animation id="hpl_mixamorigwRightUpLeg">
      <source id="hpl_mixamorigwRightUpLeg-time"><float_array id="hpl_mixamorigwRightUpLeg-time-array" count="35">0 1 2 3 4 5 6 7 8 9 10 11 12 13 14 15 16 17 18 19 20 21 22 23 24 25 26 27 28 29 30 31 32 33 34</float_array><technique_common><accessor source="#hpl_mixamorigwRightUpLeg-time-array" count="35" stride="1" /></technique_common></source>
      <source id="hpl_mixamorigwRightUpLeg-trans"><float_array id="hpl_mixamorigwRightUpLeg-trans-array" count="105">0.0647649 -0.0634253 -0.0977589 0.0647649 -0.0634253 -0.0977589 0.0647649 -0.0634253 -0.0977589 0.0647649 -0.0634253 -0.0977589 0.0647649 -0.0634253 -0.0977589 0.0647649 -0.0634253 -0.0977589 0.0647649 -0.0634253 -0.0977589 0.0647649 -0.0634253 -0.0977589 0.0647649 -0.0634253 -0.0977589 0.0647649 -0.0634253 -0.0977589 0.0647649 -0.0634253 -0.0977589 0.0647649 -0.0634253 -0.0977589 0.0647649 -0.0634253 -0.0977589 0.0647649 -0.0634253 -0.0977589 0.0647649 -0.0634253 -0.0977589 0.0647649 -0.0634253 -0.0977589 0.0647649 -0.0634253 -0.0977589 0.0647649 -0.0634253 -0.0977589 0.0647649 -0.0634253 -0.0977589 0.0647649 -0.0634253 -0.0977589 0.0647649 -0.0634253 -0.0977589 0.0647649 -0.0634253 -0.0977589 0.0647649 -0.0634253 -0.0977589 0.0647649 -0.0634253 -0.0977589 0.0647649 -0.0634253 -0.0977589 0.0647649 -0.0634253 -0.0977589 0.0647649 -0.0634253 -0.0977589 0.0647649 -0.0634253 -0.0977589 0.0647649 -0.0634253 -0.0977589 0.0647649 -0.0634253 -0.0977589 0.0647649 -0.0634253 -0.0977589 0.0647649 -0.0634253 -0.0977589 0.0647649 -0.0634253 -0.0977589 0.0647649 -0.0634253 -0.0977589 0.0647649 -0.0634253 -0.0977589</float_array><technique_common><accessor source="#hpl_mixamorigwRightUpLeg-trans-array" count="35" stride="3" /></technique_common></source>
      <source id="hpl_mixamorigwRightUpLeg-rotz"><float_array id="hpl_mixamorigwRightUpLeg-rotz-array" count="35">108.311 107.14 105.987 105.224 104.795 104.623 104.556 104.341 103.509 102.12 100.784 99.9486 98.3635 96.6444 95.3906 94.855 95.0998 96.1515 97.4755 98.9008 100.492 102.135 103.531 104.499 104.945 104.68 104.172 103.948 103.66 104.523 107.095 109.405 110.698 111.071 108.311</float_array><technique_common><accessor source="#hpl_mixamorigwRightUpLeg-rotz-array" count="35" stride="1" /></technique_common></source>
      <source id="hpl_mixamorigwRightUpLeg-roty"><float_array id="hpl_mixamorigwRightUpLeg-roty-array" count="35">-23.8839 -23.9422 -23.2662 -22.0541 -20.7595 -19.7807 -19.1153 -18.7962 -18.6087 -18.5998 -18.3324 -17.6852 -16.3816 -15.2151 -14.293 -13.3361 -12.4166 -12.0111 -12.3857 -13.2677 -14.3353 -15.2916 -15.8385 -15.6525 -14.7234 -13.3302 -13.4276 -15.6774 -17.8655 -19.3134 -20.0044 -20.2896 -20.7557 -21.6197 -23.8839</float_array><technique_common><accessor source="#hpl_mixamorigwRightUpLeg-roty-array" count="35" stride="1" /></technique_common></source>
      <source id="hpl_mixamorigwRightUpLeg-rotx"><float_array id="hpl_mixamorigwRightUpLeg-rotx-array" count="35">-144.176 -138.357 -132.307 -126.837 -122.105 -118.007 -114.333 -111.205 -107.232 -103.739 -100.843 -97.9588 -95.7462 -96.4891 -99.3672 -103.752 -109.492 -115.995 -122.545 -128.872 -134.969 -140.71 -145.422 -148.283 -148.65 -146.913 -146.843 -150.664 -150.596 -149.119 -153.231 -154.789 -153.155 -149.73 -144.176</float_array><technique_common><accessor source="#hpl_mixamorigwRightUpLeg-rotx-array" count="35" stride="1" /></technique_common></source>
      <sampler id="hpl_mixamorigwRightUpLeg-trans-sampler"><input semantic="INPUT" source="#hpl_mixamorigwRightUpLeg-time" /><input semantic="OUTPUT" source="#hpl_mixamorigwRightUpLeg-trans" /></sampler><channel source="#hpl_mixamorigwRightUpLeg-trans-sampler" target="mixamorigwRightUpLeg/translate" />
      <sampler id="hpl_mixamorigwRightUpLeg-rotz-sampler"><input semantic="INPUT" source="#hpl_mixamorigwRightUpLeg-time" /><input semantic="OUTPUT" source="#hpl_mixamorigwRightUpLeg-rotz" /></sampler><channel source="#hpl_mixamorigwRightUpLeg-rotz-sampler" target="mixamorigwRightUpLeg/rotateZ.ANGLE" />
      <sampler id="hpl_mixamorigwRightUpLeg-roty-sampler"><input semantic="INPUT" source="#hpl_mixamorigwRightUpLeg-time" /><input semantic="OUTPUT" source="#hpl_mixamorigwRightUpLeg-roty" /></sampler><channel source="#hpl_mixamorigwRightUpLeg-roty-sampler" target="mixamorigwRightUpLeg/rotateY.ANGLE" />
      <sampler id="hpl_mixamorigwRightUpLeg-rotx-sampler"><input semantic="INPUT" source="#hpl_mixamorigwRightUpLeg-time" /><input semantic="OUTPUT" source="#hpl_mixamorigwRightUpLeg-rotx" /></sampler><channel source="#hpl_mixamorigwRightUpLeg-rotx-sampler" target="mixamorigwRightUpLeg/rotateX.ANGLE" />
    </animation>
    <animation id="hpl_mixamorigwRightLeg">
      <source id="hpl_mixamorigwRightLeg-time"><float_array id="hpl_mixamorigwRightLeg-time-array" count="35">0 1 2 3 4 5 6 7 8 9 10 11 12 13 14 15 16 17 18 19 20 21 22 23 24 25 26 27 28 29 30 31 32 33 34</float_array><technique_common><accessor source="#hpl_mixamorigwRightLeg-time-array" count="35" stride="1" /></technique_common></source>
      <source id="hpl_mixamorigwRightLeg-trans"><float_array id="hpl_mixamorigwRightLeg-trans-array" count="105">-8.33343e-08 0.359357 -8.39022e-08 -8.33343e-08 0.359357 -8.39022e-08 -8.33343e-08 0.359357 -8.39022e-08 -8.33343e-08 0.359357 -8.39022e-08 -8.33343e-08 0.359357 -8.39022e-08 -8.33343e-08 0.359357 -8.39022e-08 -8.33343e-08 0.359357 -8.39022e-08 -8.33343e-08 0.359357 -8.39022e-08 -8.33343e-08 0.359357 -8.39022e-08 -8.33343e-08 0.359357 -8.39022e-08 -8.33343e-08 0.359357 -8.39022e-08 -8.33343e-08 0.359357 -8.39022e-08 -8.33343e-08 0.359357 -8.39022e-08 -8.33343e-08 0.359357 -8.39022e-08 -8.33343e-08 0.359357 -8.39022e-08 -8.33343e-08 0.359357 -8.39022e-08 -8.33343e-08 0.359357 -8.39022e-08 -8.33343e-08 0.359357 -8.39022e-08 -8.33343e-08 0.359357 -8.39022e-08 -8.33343e-08 0.359357 -8.39022e-08 -8.33343e-08 0.359357 -8.39022e-08 -8.33343e-08 0.359357 -8.39022e-08 -8.33343e-08 0.359357 -8.39022e-08 -8.33343e-08 0.359357 -8.39022e-08 -8.33343e-08 0.359357 -8.39022e-08 -8.33343e-08 0.359357 -8.39022e-08 -8.33343e-08 0.359357 -8.39022e-08 -8.33343e-08 0.359357 -8.39022e-08 -8.33343e-08 0.359357 -8.39022e-08 -8.33343e-08 0.359357 -8.39022e-08 -8.33343e-08 0.359357 -8.39022e-08 -8.33343e-08 0.359357 -8.39022e-08 -8.33343e-08 0.359357 -8.39022e-08 -8.33343e-08 0.359357 -8.39022e-08 -8.33343e-08 0.359357 -8.39022e-08</float_array><technique_common><accessor source="#hpl_mixamorigwRightLeg-trans-array" count="35" stride="3" /></technique_common></source>
      <source id="hpl_mixamorigwRightLeg-rotz"><float_array id="hpl_mixamorigwRightLeg-rotz-array" count="35">1.72194 1.64689 1.43256 1.14883 0.911332 0.788232 0.743584 0.742417 0.588121 0.535711 0.499146 0.474302 0.525627 0.889057 1.46221 1.90837 2.45217 2.90666 3.09834 3.15988 3.18915 3.17951 3.06137 2.70407 1.91641 0.82714 0.110145 0.146374 0.0577591 0.0504167 0.49598 1.04744 1.47195 1.68099 1.72194</float_array><technique_common><accessor source="#hpl_mixamorigwRightLeg-rotz-array" count="35" stride="1" /></technique_common></source>
      <source id="hpl_mixamorigwRightLeg-roty"><float_array id="hpl_mixamorigwRightLeg-roty-array" count="35">-3.76779 -3.68546 -3.57282 -3.47819 -3.449 -3.43461 -3.36486 -3.20648 -3.03793 -3.11343 -3.16157 -3.23549 -3.40448 -3.67987 -4.02099 -4.46708 -5.06034 -5.71688 -6.04195 -6.01592 -5.78471 -5.41398 -5.02996 -4.63804 -4.13243 -3.71143 -3.67944 -3.85129 -3.87675 -3.97911 -4.10492 -4.04235 -3.87271 -3.75463 -3.76779</float_array><technique_common><accessor source="#hpl_mixamorigwRightLeg-roty-array" count="35" stride="1" /></technique_common></source>
      <source id="hpl_mixamorigwRightLeg-rotx"><float_array id="hpl_mixamorigwRightLeg-rotx-array" count="35">28.0751 25.3868 22.2584 19.447 17.0013 15.0981 13.3281 12.473 10.3927 9.32347 8.83986 8.28623 8.57007 14.0904 24.039 35.8316 47.972 59.1023 67.4483 71.9813 72.729 69.7051 62.8478 51.6855 35.3272 15.6206 1.60996 1.60434 1.61583 1.61648 12.0756 20.9757 26.9056 29.3669 28.0751</float_array><technique_common><accessor source="#hpl_mixamorigwRightLeg-rotx-array" count="35" stride="1" /></technique_common></source>
      <sampler id="hpl_mixamorigwRightLeg-trans-sampler"><input semantic="INPUT" source="#hpl_mixamorigwRightLeg-time" /><input semantic="OUTPUT" source="#hpl_mixamorigwRightLeg-trans" /></sampler><channel source="#hpl_mixamorigwRightLeg-trans-sampler" target="mixamorigwRightLeg/translate" />
      <sampler id="hpl_mixamorigwRightLeg-rotz-sampler"><input semantic="INPUT" source="#hpl_mixamorigwRightLeg-time" /><input semantic="OUTPUT" source="#hpl_mixamorigwRightLeg-rotz" /></sampler><channel source="#hpl_mixamorigwRightLeg-rotz-sampler" target="mixamorigwRightLeg/rotateZ.ANGLE" />
      <sampler id="hpl_mixamorigwRightLeg-roty-sampler"><input semantic="INPUT" source="#hpl_mixamorigwRightLeg-time" /><input semantic="OUTPUT" source="#hpl_mixamorigwRightLeg-roty" /></sampler><channel source="#hpl_mixamorigwRightLeg-roty-sampler" target="mixamorigwRightLeg/rotateY.ANGLE" />
      <sampler id="hpl_mixamorigwRightLeg-rotx-sampler"><input semantic="INPUT" source="#hpl_mixamorigwRightLeg-time" /><input semantic="OUTPUT" source="#hpl_mixamorigwRightLeg-rotx" /></sampler><channel source="#hpl_mixamorigwRightLeg-rotx-sampler" target="mixamorigwRightLeg/rotateX.ANGLE" />
    </animation>
    <animation id="hpl_mixamorigwRightFoot">
      <source id="hpl_mixamorigwRightFoot-time"><float_array id="hpl_mixamorigwRightFoot-time-array" count="35">0 1 2 3 4 5 6 7 8 9 10 11 12 13 14 15 16 17 18 19 20 21 22 23 24 25 26 27 28 29 30 31 32 33 34</float_array><technique_common><accessor source="#hpl_mixamorigwRightFoot-time-array" count="35" stride="1" /></technique_common></source>
      <source id="hpl_mixamorigwRightFoot-trans"><float_array id="hpl_mixamorigwRightFoot-trans-array" count="105">7.14394e-08 0.37578 -3.17249e-07 7.14394e-08 0.37578 -3.17249e-07 7.14394e-08 0.37578 -3.17249e-07 7.14394e-08 0.37578 -3.17249e-07 7.14394e-08 0.37578 -3.17249e-07 7.14394e-08 0.37578 -3.17249e-07 7.14394e-08 0.37578 -3.17249e-07 7.14394e-08 0.37578 -3.17249e-07 7.14394e-08 0.37578 -3.17249e-07 7.14394e-08 0.37578 -3.17249e-07 7.14394e-08 0.37578 -3.17249e-07 7.14394e-08 0.37578 -3.17249e-07 7.14394e-08 0.37578 -3.17249e-07 7.14394e-08 0.37578 -3.17249e-07 7.14394e-08 0.37578 -3.17249e-07 7.14394e-08 0.37578 -3.17249e-07 7.14394e-08 0.37578 -3.17249e-07 7.14394e-08 0.37578 -3.17249e-07 7.14394e-08 0.37578 -3.17249e-07 7.14394e-08 0.37578 -3.17249e-07 7.14394e-08 0.37578 -3.17249e-07 7.14394e-08 0.37578 -3.17249e-07 7.14394e-08 0.37578 -3.17249e-07 7.14394e-08 0.37578 -3.17249e-07 7.14394e-08 0.37578 -3.17249e-07 7.14394e-08 0.37578 -3.17249e-07 7.14394e-08 0.37578 -3.17249e-07 7.14394e-08 0.37578 -3.17249e-07 7.14394e-08 0.37578 -3.17249e-07 7.14394e-08 0.37578 -3.17249e-07 7.14394e-08 0.37578 -3.17249e-07 7.14394e-08 0.37578 -3.17249e-07 7.14394e-08 0.37578 -3.17249e-07 7.14394e-08 0.37578 -3.17249e-07 7.14394e-08 0.37578 -3.17249e-07</float_array><technique_common><accessor source="#hpl_mixamorigwRightFoot-trans-array" count="35" stride="3" /></technique_common></source>
      <source id="hpl_mixamorigwRightFoot-rotz"><float_array id="hpl_mixamorigwRightFoot-rotz-array" count="35">3.97699 3.6127 3.1008 2.5111 1.95655 1.50937 1.16242 0.777528 0.571882 0.221529 -0.491022 -0.828235 -1.59701 -1.9506 -1.70359 -1.81664 -3.65745 -3.34009 -0.757437 1.9804 3.53127 3.80914 3.21076 2.48313 2.9003 3.50669 1.69046 -1.75254 -2.56579 -0.0817255 2.76632 4.25626 4.08193 3.8682 3.97699</float_array><technique_common><accessor source="#hpl_mixamorigwRightFoot-rotz-array" count="35" stride="1" /></technique_common></source>
      <source id="hpl_mixamorigwRightFoot-roty"><float_array id="hpl_mixamorigwRightFoot-roty-array" count="35">9.78926 9.21603 8.80449 8.68111 8.75823 8.98369 9.22923 9.28922 8.73007 7.86315 6.78363 6.40239 5.68042 5.00782 4.1209 2.58704 1.85959 3.5212 7.45997 11.3536 13.7234 14.7607 15.2028 15.7085 15.9209 14.1069 12.9672 13.5141 12.9739 11.6249 10.8597 11.2965 11.9686 11.9704 9.78926</float_array><technique_common><accessor source="#hpl_mixamorigwRightFoot-roty-array" count="35" stride="1" /></technique_common></source>
      <source id="hpl_mixamorigwRightFoot-rotx"><float_array id="hpl_mixamorigwRightFoot-rotx-array" count="35">-60.7529 -62.6929 -64.3571 -65.9799 -67.6749 -69.6376 -71.6652 -74.1689 -76.2366 -77.9551 -78.8113 -76.9286 -73.077 -68.4454 -60.8669 -50.0063 -39.4664 -37.5449 -41.7117 -46.1183 -49.5269 -51.8862 -53.283 -53.0869 -51.3711 -49.1744 -49.2937 -53.6782 -52.4536 -46.2654 -43.133 -44.7743 -51.7152 -56.6993 -60.7529</float_array><technique_common><accessor source="#hpl_mixamorigwRightFoot-rotx-array" count="35" stride="1" /></technique_common></source>
      <sampler id="hpl_mixamorigwRightFoot-trans-sampler"><input semantic="INPUT" source="#hpl_mixamorigwRightFoot-time" /><input semantic="OUTPUT" source="#hpl_mixamorigwRightFoot-trans" /></sampler><channel source="#hpl_mixamorigwRightFoot-trans-sampler" target="mixamorigwRightFoot/translate" />
      <sampler id="hpl_mixamorigwRightFoot-rotz-sampler"><input semantic="INPUT" source="#hpl_mixamorigwRightFoot-time" /><input semantic="OUTPUT" source="#hpl_mixamorigwRightFoot-rotz" /></sampler><channel source="#hpl_mixamorigwRightFoot-rotz-sampler" target="mixamorigwRightFoot/rotateZ.ANGLE" />
      <sampler id="hpl_mixamorigwRightFoot-roty-sampler"><input semantic="INPUT" source="#hpl_mixamorigwRightFoot-time" /><input semantic="OUTPUT" source="#hpl_mixamorigwRightFoot-roty" /></sampler><channel source="#hpl_mixamorigwRightFoot-roty-sampler" target="mixamorigwRightFoot/rotateY.ANGLE" />
      <sampler id="hpl_mixamorigwRightFoot-rotx-sampler"><input semantic="INPUT" source="#hpl_mixamorigwRightFoot-time" /><input semantic="OUTPUT" source="#hpl_mixamorigwRightFoot-rotx" /></sampler><channel source="#hpl_mixamorigwRightFoot-rotx-sampler" target="mixamorigwRightFoot/rotateX.ANGLE" />
    </animation>
    <animation id="hpl_mixamorigwRightToeBase">
      <source id="hpl_mixamorigwRightToeBase-time"><float_array id="hpl_mixamorigwRightToeBase-time-array" count="35">0 1 2 3 4 5 6 7 8 9 10 11 12 13 14 15 16 17 18 19 20 21 22 23 24 25 26 27 28 29 30 31 32 33 34</float_array><technique_common><accessor source="#hpl_mixamorigwRightToeBase-time-array" count="35" stride="1" /></technique_common></source>
      <source id="hpl_mixamorigwRightToeBase-trans"><float_array id="hpl_mixamorigwRightToeBase-trans-array" count="105">-1.99614e-07 0.162229 6.56946e-08 -1.99614e-07 0.162229 6.56946e-08 -1.99614e-07 0.162229 6.56946e-08 -1.99614e-07 0.162229 6.56946e-08 -1.99614e-07 0.162229 6.56946e-08 -1.99614e-07 0.162229 6.56946e-08 -1.99614e-07 0.162229 6.56946e-08 -1.99614e-07 0.162229 6.56946e-08 -1.99614e-07 0.162229 6.56946e-08 -1.99614e-07 0.162229 6.56946e-08 -1.99614e-07 0.162229 6.56946e-08 -1.99614e-07 0.162229 6.56946e-08 -1.99614e-07 0.162229 6.56946e-08 -1.99614e-07 0.162229 6.56946e-08 -1.99614e-07 0.162229 6.56946e-08 -1.99614e-07 0.162229 6.56946e-08 -1.99614e-07 0.162229 6.56946e-08 -1.99614e-07 0.162229 6.56946e-08 -1.99614e-07 0.162229 6.56946e-08 -1.99614e-07 0.162229 6.56946e-08 -1.99614e-07 0.162229 6.56946e-08 -1.99614e-07 0.162229 6.56946e-08 -1.99614e-07 0.162229 6.56946e-08 -1.99614e-07 0.162229 6.56946e-08 -1.99614e-07 0.162229 6.56946e-08 -1.99614e-07 0.162229 6.56946e-08 -1.99614e-07 0.162229 6.56946e-08 -1.99614e-07 0.162229 6.56946e-08 -1.99614e-07 0.162229 6.56946e-08 -1.99614e-07 0.162229 6.56946e-08 -1.99614e-07 0.162229 6.56946e-08 -1.99614e-07 0.162229 6.56946e-08 -1.99614e-07 0.162229 6.56946e-08 -1.99614e-07 0.162229 6.56946e-08 -1.99614e-07 0.162229 6.56946e-08</float_array><technique_common><accessor source="#hpl_mixamorigwRightToeBase-trans-array" count="35" stride="3" /></technique_common></source>
      <source id="hpl_mixamorigwRightToeBase-rotz"><float_array id="hpl_mixamorigwRightToeBase-rotz-array" count="35">0.0264516 0.00165125 -0.0530136 -0.114158 -0.136628 -0.115065 -0.0737093 -0.0286074 0.0181769 0.0551405 0.037814 -0.15807 -0.636527 -1.3854 -2.35963 -2.4936 -0.930433 -0.313986 -0.246531 -0.233208 -0.235196 -0.294366 -0.40925 -0.493057 -0.520159 -0.608531 -0.588816 -0.578108 -0.679993 -0.700177 -0.570779 -0.237524 -0.0458816 -0.0301476 0.0264516</float_array><technique_common><accessor source="#hpl_mixamorigwRightToeBase-rotz-array" count="35" stride="1" /></technique_common></source>
      <source id="hpl_mixamorigwRightToeBase-roty"><float_array id="hpl_mixamorigwRightToeBase-roty-array" count="35">1.40951 1.34972 1.28399 1.21833 1.14328 1.06793 1.03321 1.06709 1.1531 1.24654 1.38641 1.56199 1.99637 2.65563 3.35643 3.52077 2.37487 1.55935 1.43761 1.4354 1.46298 1.51809 1.57218 1.59389 1.53141 1.57798 1.6756 1.73305 1.74258 1.7461 1.70688 1.58781 1.47652 1.42906 1.40951</float_array><technique_common><accessor source="#hpl_mixamorigwRightToeBase-roty-array" count="35" stride="1" /></technique_common></source>
      <source id="hpl_mixamorigwRightToeBase-rotx"><float_array id="hpl_mixamorigwRightToeBase-rotx-array" count="35">-37.455 -37.2921 -37.2007 -37.096 -36.7854 -36.3055 -35.939 -35.8941 -36.1496 -36.6556 -37.4684 -39.2022 -43.5359 -50.4154 -59.0117 -60.8661 -46.5049 -39.7258 -39.1849 -39.3168 -39.5379 -40.005 -40.6279 -40.8157 -40.3495 -40.3732 -40.4638 -40.4343 -40.9239 -41.6537 -41.3258 -39.3741 -38.0104 -37.6886 -37.455</float_array><technique_common><accessor source="#hpl_mixamorigwRightToeBase-rotx-array" count="35" stride="1" /></technique_common></source>
      <sampler id="hpl_mixamorigwRightToeBase-trans-sampler"><input semantic="INPUT" source="#hpl_mixamorigwRightToeBase-time" /><input semantic="OUTPUT" source="#hpl_mixamorigwRightToeBase-trans" /></sampler><channel source="#hpl_mixamorigwRightToeBase-trans-sampler" target="mixamorigwRightToeBase/translate" />
      <sampler id="hpl_mixamorigwRightToeBase-rotz-sampler"><input semantic="INPUT" source="#hpl_mixamorigwRightToeBase-time" /><input semantic="OUTPUT" source="#hpl_mixamorigwRightToeBase-rotz" /></sampler><channel source="#hpl_mixamorigwRightToeBase-rotz-sampler" target="mixamorigwRightToeBase/rotateZ.ANGLE" />
      <sampler id="hpl_mixamorigwRightToeBase-roty-sampler"><input semantic="INPUT" source="#hpl_mixamorigwRightToeBase-time" /><input semantic="OUTPUT" source="#hpl_mixamorigwRightToeBase-roty" /></sampler><channel source="#hpl_mixamorigwRightToeBase-roty-sampler" target="mixamorigwRightToeBase/rotateY.ANGLE" />
      <sampler id="hpl_mixamorigwRightToeBase-rotx-sampler"><input semantic="INPUT" source="#hpl_mixamorigwRightToeBase-time" /><input semantic="OUTPUT" source="#hpl_mixamorigwRightToeBase-rotx" /></sampler><channel source="#hpl_mixamorigwRightToeBase-rotx-sampler" target="mixamorigwRightToeBase/rotateX.ANGLE" />
    </animation>
    <animation id="hpl_mixamorigwSpine">
      <source id="hpl_mixamorigwSpine-time"><float_array id="hpl_mixamorigwSpine-time-array" count="35">0 1 2 3 4 5 6 7 8 9 10 11 12 13 14 15 16 17 18 19 20 21 22 23 24 25 26 27 28 29 30 31 32 33 34</float_array><technique_common><accessor source="#hpl_mixamorigwSpine-time-array" count="35" stride="1" /></technique_common></source>
      <source id="hpl_mixamorigwSpine-trans"><float_array id="hpl_mixamorigwSpine-trans-array" count="105">-0.0675692 -0.0488203 0.113795 -0.0675692 -0.0488203 0.113795 -0.0675692 -0.0488203 0.113795 -0.0675692 -0.0488203 0.113795 -0.0675692 -0.0488203 0.113795 -0.0675692 -0.0488203 0.113795 -0.0675692 -0.0488203 0.113795 -0.0675692 -0.0488203 0.113795 -0.0675692 -0.0488203 0.113795 -0.0675692 -0.0488203 0.113795 -0.0675692 -0.0488203 0.113795 -0.0675692 -0.0488203 0.113795 -0.0675692 -0.0488203 0.113795 -0.0675692 -0.0488203 0.113795 -0.0675692 -0.0488203 0.113795 -0.0675692 -0.0488203 0.113795 -0.0675692 -0.0488203 0.113795 -0.0675692 -0.0488203 0.113795 -0.0675692 -0.0488203 0.113795 -0.0675692 -0.0488203 0.113795 -0.0675692 -0.0488203 0.113795 -0.0675692 -0.0488203 0.113795 -0.0675692 -0.0488203 0.113795 -0.0675692 -0.0488203 0.113795 -0.0675692 -0.0488203 0.113795 -0.0675692 -0.0488203 0.113795 -0.0675692 -0.0488203 0.113795 -0.0675692 -0.0488203 0.113795 -0.0675692 -0.0488203 0.113795 -0.0675692 -0.0488203 0.113795 -0.0675692 -0.0488203 0.113795 -0.0675692 -0.0488203 0.113795 -0.0675692 -0.0488203 0.113795 -0.0675692 -0.0488203 0.113795 -0.0675692 -0.0488203 0.113795</float_array><technique_common><accessor source="#hpl_mixamorigwSpine-trans-array" count="35" stride="3" /></technique_common></source>
      <source id="hpl_mixamorigwSpine-rotz"><float_array id="hpl_mixamorigwSpine-rotz-array" count="35">110.678 110.887 110.912 110.858 110.844 110.867 110.949 111.135 111.429 111.685 111.893 111.715 110.882 109.842 109.116 108.692 108.421 108.113 107.95 107.859 107.734 107.504 107.187 106.935 106.781 106.49 106.258 106.314 106.423 106.973 107.956 108.744 109.331 109.81 110.678</float_array><technique_common><accessor source="#hpl_mixamorigwSpine-rotz-array" count="35" stride="1" /></technique_common></source>
      <source id="hpl_mixamorigwSpine-roty"><float_array id="hpl_mixamorigwSpine-roty-array" count="35">-14.008 -14.0888 -13.9364 -13.6049 -13.2718 -13.1349 -13.2459 -13.6043 -14.0502 -14.4078 -14.5471 -14.3466 -13.086 -11.8161 -11.0584 -10.474 -9.89241 -9.50753 -9.53196 -9.6991 -9.91978 -10.2071 -10.3785 -10.222 -9.69023 -8.9609 -8.50633 -8.34245 -8.56743 -9.61929 -10.9557 -11.8036 -12.3626 -12.9727 -14.008</float_array><technique_common><accessor source="#hpl_mixamorigwSpine-roty-array" count="35" stride="1" /></technique_common></source>
      <source id="hpl_mixamorigwSpine-rotx"><float_array id="hpl_mixamorigwSpine-rotx-array" count="35">55.73 56.0407 56.5111 57.0588 57.519 57.7633 57.8085 57.7176 57.6024 57.3377 56.8349 56.5278 55.9952 55.5478 55.4899 55.7462 56.1456 56.5048 56.873 57.3288 57.8149 58.2864 58.6925 58.9427 59.0508 58.986 58.6352 58.3973 58.0325 57.0207 55.7761 55.096 55.1986 55.5177 55.73</float_array><technique_common><accessor source="#hpl_mixamorigwSpine-rotx-array" count="35" stride="1" /></technique_common></source>
      <sampler id="hpl_mixamorigwSpine-trans-sampler"><input semantic="INPUT" source="#hpl_mixamorigwSpine-time" /><input semantic="OUTPUT" source="#hpl_mixamorigwSpine-trans" /></sampler><channel source="#hpl_mixamorigwSpine-trans-sampler" target="mixamorigwSpine/translate" />
      <sampler id="hpl_mixamorigwSpine-rotz-sampler"><input semantic="INPUT" source="#hpl_mixamorigwSpine-time" /><input semantic="OUTPUT" source="#hpl_mixamorigwSpine-rotz" /></sampler><channel source="#hpl_mixamorigwSpine-rotz-sampler" target="mixamorigwSpine/rotateZ.ANGLE" />
      <sampler id="hpl_mixamorigwSpine-roty-sampler"><input semantic="INPUT" source="#hpl_mixamorigwSpine-time" /><input semantic="OUTPUT" source="#hpl_mixamorigwSpine-roty" /></sampler><channel source="#hpl_mixamorigwSpine-roty-sampler" target="mixamorigwSpine/rotateY.ANGLE" />
      <sampler id="hpl_mixamorigwSpine-rotx-sampler"><input semantic="INPUT" source="#hpl_mixamorigwSpine-time" /><input semantic="OUTPUT" source="#hpl_mixamorigwSpine-rotx" /></sampler><channel source="#hpl_mixamorigwSpine-rotx-sampler" target="mixamorigwSpine/rotateX.ANGLE" />
    </animation>
    <animation id="hpl_mixamorigwSpine1">
      <source id="hpl_mixamorigwSpine1-time"><float_array id="hpl_mixamorigwSpine1-time-array" count="35">0 1 2 3 4 5 6 7 8 9 10 11 12 13 14 15 16 17 18 19 20 21 22 23 24 25 26 27 28 29 30 31 32 33 34</float_array><technique_common><accessor source="#hpl_mixamorigwSpine1-time-array" count="35" stride="1" /></technique_common></source>
      <source id="hpl_mixamorigwSpine1-trans"><float_array id="hpl_mixamorigwSpine1-trans-array" count="105">1.44736e-09 0.14106 -1.23518e-07 1.44736e-09 0.14106 -1.23518e-07 1.44736e-09 0.14106 -1.23518e-07 1.44736e-09 0.14106 -1.23518e-07 1.44736e-09 0.14106 -1.23518e-07 1.44736e-09 0.14106 -1.23518e-07 1.44736e-09 0.14106 -1.23518e-07 1.44736e-09 0.14106 -1.23518e-07 1.44736e-09 0.14106 -1.23518e-07 1.44736e-09 0.14106 -1.23518e-07 1.44736e-09 0.14106 -1.23518e-07 1.44736e-09 0.14106 -1.23518e-07 1.44736e-09 0.14106 -1.23518e-07 1.44736e-09 0.14106 -1.23518e-07 1.44736e-09 0.14106 -1.23518e-07 1.44736e-09 0.14106 -1.23518e-07 1.44736e-09 0.14106 -1.23518e-07 1.44736e-09 0.14106 -1.23518e-07 1.44736e-09 0.14106 -1.23518e-07 1.44736e-09 0.14106 -1.23518e-07 1.44736e-09 0.14106 -1.23518e-07 1.44736e-09 0.14106 -1.23518e-07 1.44736e-09 0.14106 -1.23518e-07 1.44736e-09 0.14106 -1.23518e-07 1.44736e-09 0.14106 -1.23518e-07 1.44736e-09 0.14106 -1.23518e-07 1.44736e-09 0.14106 -1.23518e-07 1.44736e-09 0.14106 -1.23518e-07 1.44736e-09 0.14106 -1.23518e-07 1.44736e-09 0.14106 -1.23518e-07 1.44736e-09 0.14106 -1.23518e-07 1.44736e-09 0.14106 -1.23518e-07 1.44736e-09 0.14106 -1.23518e-07 1.44736e-09 0.14106 -1.23518e-07 1.44736e-09 0.14106 -1.23518e-07</float_array><technique_common><accessor source="#hpl_mixamorigwSpine1-trans-array" count="35" stride="3" /></technique_common></source>
      <source id="hpl_mixamorigwSpine1-rotz"><float_array id="hpl_mixamorigwSpine1-rotz-array" count="35">0.00828339 -0.0289521 -0.106861 -0.175569 -0.212287 -0.199115 -0.154913 -0.09674 -0.0426425 0.0479692 0.142863 0.131277 0.00228026 -0.307987 -0.686125 -0.919705 -1.07389 -1.15619 -1.15304 -1.12871 -1.08724 -1.00732 -0.934055 -0.939684 -1.05093 -1.20906 -1.31807 -1.42349 -1.46091 -1.32447 -1.04124 -0.749245 -0.484831 -0.274917 0.00828339</float_array><technique_common><accessor source="#hpl_mixamorigwSpine1-rotz-array" count="35" stride="1" /></technique_common></source>
      <source id="hpl_mixamorigwSpine1-roty"><float_array id="hpl_mixamorigwSpine1-roty-array" count="35">-2.53119 -1.90309 -1.08073 -0.275171 0.437927 1.04359 1.47332 1.80711 2.18914 2.5149 2.48178 2.37128 2.27319 2.34851 2.56184 2.63391 2.46122 2.19481 1.76504 1.06365 0.152447 -0.768126 -1.62928 -2.37342 -2.98266 -3.34363 -3.25256 -3.10515 -3.04827 -3.21786 -3.23869 -3.31373 -3.25497 -3.16041 -2.53119</float_array><technique_common><accessor source="#hpl_mixamorigwSpine1-roty-array" count="35" stride="1" /></technique_common></source>
      <source id="hpl_mixamorigwSpine1-rotx"><float_array id="hpl_mixamorigwSpine1-rotx-array" count="35">-10.5309 -10.3856 -10.1533 -9.91915 -9.77079 -9.70879 -9.70909 -9.73404 -9.82429 -9.94636 -10.0538 -10.2833 -10.6992 -11.0489 -11.1663 -11.046 -10.9771 -10.8713 -10.6411 -10.3281 -10.0365 -9.81086 -9.64829 -9.57666 -9.5734 -9.68542 -9.88019 -9.96807 -10.1333 -10.4586 -10.8007 -10.9259 -10.8148 -10.6478 -10.5309</float_array><technique_common><accessor source="#hpl_mixamorigwSpine1-rotx-array" count="35" stride="1" /></technique_common></source>
      <sampler id="hpl_mixamorigwSpine1-trans-sampler"><input semantic="INPUT" source="#hpl_mixamorigwSpine1-time" /><input semantic="OUTPUT" source="#hpl_mixamorigwSpine1-trans" /></sampler><channel source="#hpl_mixamorigwSpine1-trans-sampler" target="mixamorigwSpine1/translate" />
      <sampler id="hpl_mixamorigwSpine1-rotz-sampler"><input semantic="INPUT" source="#hpl_mixamorigwSpine1-time" /><input semantic="OUTPUT" source="#hpl_mixamorigwSpine1-rotz" /></sampler><channel source="#hpl_mixamorigwSpine1-rotz-sampler" target="mixamorigwSpine1/rotateZ.ANGLE" />
      <sampler id="hpl_mixamorigwSpine1-roty-sampler"><input semantic="INPUT" source="#hpl_mixamorigwSpine1-time" /><input semantic="OUTPUT" source="#hpl_mixamorigwSpine1-roty" /></sampler><channel source="#hpl_mixamorigwSpine1-roty-sampler" target="mixamorigwSpine1/rotateY.ANGLE" />
      <sampler id="hpl_mixamorigwSpine1-rotx-sampler"><input semantic="INPUT" source="#hpl_mixamorigwSpine1-time" /><input semantic="OUTPUT" source="#hpl_mixamorigwSpine1-rotx" /></sampler><channel source="#hpl_mixamorigwSpine1-rotx-sampler" target="mixamorigwSpine1/rotateX.ANGLE" />
    </animation>
    <animation id="hpl_mixamorigwSpine2">
      <source id="hpl_mixamorigwSpine2-time"><float_array id="hpl_mixamorigwSpine2-time-array" count="35">0 1 2 3 4 5 6 7 8 9 10 11 12 13 14 15 16 17 18 19 20 21 22 23 24 25 26 27 28 29 30 31 32 33 34</float_array><technique_common><accessor source="#hpl_mixamorigwSpine2-time-array" count="35" stride="1" /></technique_common></source>
      <source id="hpl_mixamorigwSpine2-trans"><float_array id="hpl_mixamorigwSpine2-trans-array" count="105">-3.64405e-08 0.141065 -2.35147e-07 -3.64405e-08 0.141065 -2.35147e-07 -3.64405e-08 0.141065 -2.35147e-07 -3.64405e-08 0.141065 -2.35147e-07 -3.64405e-08 0.141065 -2.35147e-07 -3.64405e-08 0.141065 -2.35147e-07 -3.64405e-08 0.141065 -2.35147e-07 -3.64405e-08 0.141065 -2.35147e-07 -3.64405e-08 0.141065 -2.35147e-07 -3.64405e-08 0.141065 -2.35147e-07 -3.64405e-08 0.141065 -2.35147e-07 -3.64405e-08 0.141065 -2.35147e-07 -3.64405e-08 0.141065 -2.35147e-07 -3.64405e-08 0.141065 -2.35147e-07 -3.64405e-08 0.141065 -2.35147e-07 -3.64405e-08 0.141065 -2.35147e-07 -3.64405e-08 0.141065 -2.35147e-07 -3.64405e-08 0.141065 -2.35147e-07 -3.64405e-08 0.141065 -2.35147e-07 -3.64405e-08 0.141065 -2.35147e-07 -3.64405e-08 0.141065 -2.35147e-07 -3.64405e-08 0.141065 -2.35147e-07 -3.64405e-08 0.141065 -2.35147e-07 -3.64405e-08 0.141065 -2.35147e-07 -3.64405e-08 0.141065 -2.35147e-07 -3.64405e-08 0.141065 -2.35147e-07 -3.64405e-08 0.141065 -2.35147e-07 -3.64405e-08 0.141065 -2.35147e-07 -3.64405e-08 0.141065 -2.35147e-07 -3.64405e-08 0.141065 -2.35147e-07 -3.64405e-08 0.141065 -2.35147e-07 -3.64405e-08 0.141065 -2.35147e-07 -3.64405e-08 0.141065 -2.35147e-07 -3.64405e-08 0.141065 -2.35147e-07 -3.64405e-08 0.141065 -2.35147e-07</float_array><technique_common><accessor source="#hpl_mixamorigwSpine2-trans-array" count="35" stride="3" /></technique_common></source>
      <source id="hpl_mixamorigwSpine2-rotz"><float_array id="hpl_mixamorigwSpine2-rotz-array" count="35">3.29363 3.06663 2.42727 1.59379 0.801005 0.172635 -0.238326 -0.441783 -0.552189 -0.523919 -0.413118 -0.561556 -1.35974 -2.72483 -4.20702 -5.2073 -5.75776 -6.00387 -5.70852 -4.92553 -3.94339 -3.03119 -2.36463 -1.96456 -1.83062 -1.93345 -2.21202 -2.35547 -2.2402 -1.67211 -0.556717 0.992881 2.0954 2.80477 3.29363</float_array><technique_common><accessor source="#hpl_mixamorigwSpine2-rotz-array" count="35" stride="1" /></technique_common></source>
      <source id="hpl_mixamorigwSpine2-roty"><float_array id="hpl_mixamorigwSpine2-roty-array" count="35">-4.7985 -4.137 -3.36759 -2.52077 -1.73048 -1.14998 -0.710268 -0.40518 -0.300378 -0.306785 -0.114704 0.00752576 0.181648 0.363763 0.442852 0.395069 0.336677 0.106294 -0.287845 -0.921628 -1.78578 -2.80618 -3.75782 -4.56329 -5.12871 -5.27474 -5.29555 -5.37968 -5.15248 -4.82424 -4.97883 -5.34587 -5.64524 -5.54608 -4.7985</float_array><technique_common><accessor source="#hpl_mixamorigwSpine2-roty-array" count="35" stride="1" /></technique_common></source>
      <source id="hpl_mixamorigwSpine2-rotx"><float_array id="hpl_mixamorigwSpine2-rotx-array" count="35">11.1426 11.3693 11.4694 11.4821 11.5321 11.6788 11.9048 12.1593 12.3162 12.302 12.3605 12.4631 12.5986 12.4435 12.2145 11.9474 11.9685 12.1567 12.2752 12.1919 12.0156 11.8717 11.8534 11.9846 12.1136 12.1443 12.0114 11.8119 11.6411 11.5597 11.4505 11.355 11.189 11.1277 11.1426</float_array><technique_common><accessor source="#hpl_mixamorigwSpine2-rotx-array" count="35" stride="1" /></technique_common></source>
      <sampler id="hpl_mixamorigwSpine2-trans-sampler"><input semantic="INPUT" source="#hpl_mixamorigwSpine2-time" /><input semantic="OUTPUT" source="#hpl_mixamorigwSpine2-trans" /></sampler><channel source="#hpl_mixamorigwSpine2-trans-sampler" target="mixamorigwSpine2/translate" />
      <sampler id="hpl_mixamorigwSpine2-rotz-sampler"><input semantic="INPUT" source="#hpl_mixamorigwSpine2-time" /><input semantic="OUTPUT" source="#hpl_mixamorigwSpine2-rotz" /></sampler><channel source="#hpl_mixamorigwSpine2-rotz-sampler" target="mixamorigwSpine2/rotateZ.ANGLE" />
      <sampler id="hpl_mixamorigwSpine2-roty-sampler"><input semantic="INPUT" source="#hpl_mixamorigwSpine2-time" /><input semantic="OUTPUT" source="#hpl_mixamorigwSpine2-roty" /></sampler><channel source="#hpl_mixamorigwSpine2-roty-sampler" target="mixamorigwSpine2/rotateY.ANGLE" />
      <sampler id="hpl_mixamorigwSpine2-rotx-sampler"><input semantic="INPUT" source="#hpl_mixamorigwSpine2-time" /><input semantic="OUTPUT" source="#hpl_mixamorigwSpine2-rotx" /></sampler><channel source="#hpl_mixamorigwSpine2-rotx-sampler" target="mixamorigwSpine2/rotateX.ANGLE" />
    </animation>
    <animation id="hpl_mixamorigwLeftShoulder">
      <source id="hpl_mixamorigwLeftShoulder-time"><float_array id="hpl_mixamorigwLeftShoulder-time-array" count="35">0 1 2 3 4 5 6 7 8 9 10 11 12 13 14 15 16 17 18 19 20 21 22 23 24 25 26 27 28 29 30 31 32 33 34</float_array><technique_common><accessor source="#hpl_mixamorigwLeftShoulder-time-array" count="35" stride="1" /></technique_common></source>
      <source id="hpl_mixamorigwLeftShoulder-trans"><float_array id="hpl_mixamorigwLeftShoulder-trans-array" count="105">0.0413714 0.0784535 -0.00380876 0.0413714 0.0784535 -0.00380876 0.0413714 0.0784535 -0.00380876 0.0413714 0.0784535 -0.00380876 0.0413714 0.0784535 -0.00380876 0.0413714 0.0784535 -0.00380876 0.0413714 0.0784535 -0.00380876 0.0413714 0.0784535 -0.00380876 0.0413714 0.0784535 -0.00380876 0.0413714 0.0784535 -0.00380876 0.0413714 0.0784535 -0.00380876 0.0413714 0.0784535 -0.00380876 0.0413714 0.0784535 -0.00380876 0.0413714 0.0784535 -0.00380876 0.0413714 0.0784535 -0.00380876 0.0413714 0.0784535 -0.00380876 0.0413714 0.0784535 -0.00380876 0.0413714 0.0784535 -0.00380876 0.0413714 0.0784535 -0.00380876 0.0413714 0.0784535 -0.00380876 0.0413714 0.0784535 -0.00380876 0.0413714 0.0784535 -0.00380876 0.0413714 0.0784535 -0.00380876 0.0413714 0.0784535 -0.00380876 0.0413714 0.0784535 -0.00380876 0.0413714 0.0784535 -0.00380876 0.0413714 0.0784535 -0.00380876 0.0413714 0.0784535 -0.00380876 0.0413714 0.0784535 -0.00380876 0.0413714 0.0784535 -0.00380876 0.0413714 0.0784535 -0.00380876 0.0413714 0.0784535 -0.00380876 0.0413714 0.0784535 -0.00380876 0.0413714 0.0784535 -0.00380876 0.0413714 0.0784535 -0.00380876</float_array><technique_common><accessor source="#hpl_mixamorigwLeftShoulder-trans-array" count="35" stride="3" /></technique_common></source>
      <source id="hpl_mixamorigwLeftShoulder-rotz"><float_array id="hpl_mixamorigwLeftShoulder-rotz-array" count="35">115.891 116.508 117.704 118.83 119.602 119.717 119.647 120.003 120.759 121.827 121.892 121.852 121.099 120.415 120.069 119.709 119.244 118.626 117.684 116.846 115.835 114.696 113.461 112.286 111.518 111.238 111.93 113.395 114.648 115.626 116.553 117.342 117.606 116.811 115.891</float_array><technique_common><accessor source="#hpl_mixamorigwLeftShoulder-rotz-array" count="35" stride="1" /></technique_common></source>
      <source id="hpl_mixamorigwLeftShoulder-roty"><float_array id="hpl_mixamorigwLeftShoulder-roty-array" count="35">68.8279 68.2236 67.4506 66.5548 65.6577 64.7936 64.0589 63.4569 62.9538 62.5343 62.2427 62.1912 62.6598 63.4889 64.0719 64.1782 64.1915 64.1906 64.5663 65.2965 66.255 67.3949 68.6128 69.6723 70.6106 71.3342 71.6809 71.6184 71.1947 70.8784 70.6274 70.2045 69.6839 69.2678 68.8279</float_array><technique_common><accessor source="#hpl_mixamorigwLeftShoulder-roty-array" count="35" stride="1" /></technique_common></source>
      <source id="hpl_mixamorigwLeftShoulder-rotx"><float_array id="hpl_mixamorigwLeftShoulder-rotx-array" count="35">-145.443 -144.367 -143.152 -141.944 -140.695 -139.739 -138.877 -137.746 -136.55 -135.08 -134.337 -134.025 -133.908 -133.93 -135.331 -136.954 -137.697 -137.963 -138.596 -140.194 -142.798 -145.985 -149.21 -152.021 -154.174 -155.743 -155.792 -154.607 -153.538 -151.345 -148.333 -146.689 -146.646 -147.342 -145.443</float_array><technique_common><accessor source="#hpl_mixamorigwLeftShoulder-rotx-array" count="35" stride="1" /></technique_common></source>
      <sampler id="hpl_mixamorigwLeftShoulder-trans-sampler"><input semantic="INPUT" source="#hpl_mixamorigwLeftShoulder-time" /><input semantic="OUTPUT" source="#hpl_mixamorigwLeftShoulder-trans" /></sampler><channel source="#hpl_mixamorigwLeftShoulder-trans-sampler" target="mixamorigwLeftShoulder/translate" />
      <sampler id="hpl_mixamorigwLeftShoulder-rotz-sampler"><input semantic="INPUT" source="#hpl_mixamorigwLeftShoulder-time" /><input semantic="OUTPUT" source="#hpl_mixamorigwLeftShoulder-rotz" /></sampler><channel source="#hpl_mixamorigwLeftShoulder-rotz-sampler" target="mixamorigwLeftShoulder/rotateZ.ANGLE" />
      <sampler id="hpl_mixamorigwLeftShoulder-roty-sampler"><input semantic="INPUT" source="#hpl_mixamorigwLeftShoulder-time" /><input semantic="OUTPUT" source="#hpl_mixamorigwLeftShoulder-roty" /></sampler><channel source="#hpl_mixamorigwLeftShoulder-roty-sampler" target="mixamorigwLeftShoulder/rotateY.ANGLE" />
      <sampler id="hpl_mixamorigwLeftShoulder-rotx-sampler"><input semantic="INPUT" source="#hpl_mixamorigwLeftShoulder-time" /><input semantic="OUTPUT" source="#hpl_mixamorigwLeftShoulder-rotx" /></sampler><channel source="#hpl_mixamorigwLeftShoulder-rotx-sampler" target="mixamorigwLeftShoulder/rotateX.ANGLE" />
    </animation>
    <animation id="hpl_mixamorigwLeftArm">
      <source id="hpl_mixamorigwLeftArm-time"><float_array id="hpl_mixamorigwLeftArm-time-array" count="35">0 1 2 3 4 5 6 7 8 9 10 11 12 13 14 15 16 17 18 19 20 21 22 23 24 25 26 27 28 29 30 31 32 33 34</float_array><technique_common><accessor source="#hpl_mixamorigwLeftArm-time-array" count="35" stride="1" /></technique_common></source>
      <source id="hpl_mixamorigwLeftArm-trans"><float_array id="hpl_mixamorigwLeftArm-trans-array" count="105">9.98332e-07 0.163973 5.96014e-06 9.98332e-07 0.163973 5.96014e-06 9.98332e-07 0.163973 5.96014e-06 9.98332e-07 0.163973 5.96014e-06 9.98332e-07 0.163973 5.96014e-06 9.98332e-07 0.163973 5.96014e-06 9.98332e-07 0.163973 5.96014e-06 9.98332e-07 0.163973 5.96014e-06 9.98332e-07 0.163973 5.96014e-06 9.98332e-07 0.163973 5.96014e-06 9.98332e-07 0.163973 5.96014e-06 9.98332e-07 0.163973 5.96014e-06 9.98332e-07 0.163973 5.96014e-06 9.98332e-07 0.163973 5.96014e-06 9.98332e-07 0.163973 5.96014e-06 9.98332e-07 0.163973 5.96014e-06 9.98332e-07 0.163973 5.96014e-06 9.98332e-07 0.163973 5.96014e-06 9.98332e-07 0.163973 5.96014e-06 9.98332e-07 0.163973 5.96014e-06 9.98332e-07 0.163973 5.96014e-06 9.98332e-07 0.163973 5.96014e-06 9.98332e-07 0.163973 5.96014e-06 9.98332e-07 0.163973 5.96014e-06 9.98332e-07 0.163973 5.96014e-06 9.98332e-07 0.163973 5.96014e-06 9.98332e-07 0.163973 5.96014e-06 9.98332e-07 0.163973 5.96014e-06 9.98332e-07 0.163973 5.96014e-06 9.98332e-07 0.163973 5.96014e-06 9.98332e-07 0.163973 5.96014e-06 9.98332e-07 0.163973 5.96014e-06 9.98332e-07 0.163973 5.96014e-06 9.98332e-07 0.163973 5.96014e-06 9.98332e-07 0.163973 5.96014e-06</float_array><technique_common><accessor source="#hpl_mixamorigwLeftArm-trans-array" count="35" stride="3" /></technique_common></source>
      <source id="hpl_mixamorigwLeftArm-rotz"><float_array id="hpl_mixamorigwLeftArm-rotz-array" count="35">46.183 46.9915 47.3997 47.4981 47.0806 45.9411 44.3588 42.6367 41.2032 40.3149 39.4416 38.6329 37.8159 37.577 38.3006 38.8604 40.0513 41.5681 43.0673 44.2513 45.3761 46.6562 47.9551 48.9501 49.676 50.3878 50.8044 50.2659 48.8909 46.8553 45.1225 43.7902 44.1632 45.7228 46.183</float_array><technique_common><accessor source="#hpl_mixamorigwLeftArm-rotz-array" count="35" stride="1" /></technique_common></source>
      <source id="hpl_mixamorigwLeftArm-roty"><float_array id="hpl_mixamorigwLeftArm-roty-array" count="35">0.0417143 1.8042 3.26456 4.65424 5.99501 6.99547 7.57234 7.81414 7.86308 8.13131 8.04897 7.6453 7.72809 8.20618 7.79424 6.66088 5.91662 5.43997 5.09963 4.15119 2.86342 1.39617 -0.0483878 -1.57192 -3.18431 -4.70095 -5.78379 -7.10557 -8.40425 -8.26333 -6.84779 -5.96822 -5.05383 -3.69259 0.0417143</float_array><technique_common><accessor source="#hpl_mixamorigwLeftArm-roty-array" count="35" stride="1" /></technique_common></source>
      <source id="hpl_mixamorigwLeftArm-rotx"><float_array id="hpl_mixamorigwLeftArm-rotx-array" count="35">57.2736 58.6623 60.4633 62.0727 63.2163 63.9706 64.541 65.109 65.9561 66.8034 66.9312 66.7051 65.586 64.2962 64.3574 64.5072 63.8388 62.1392 60.324 59.2267 58.344 57.22 55.5822 53.4293 51.3149 49.6837 48.4247 47.9955 48.6138 49.5287 50.5881 53.205 55.8404 57.2691 57.2736</float_array><technique_common><accessor source="#hpl_mixamorigwLeftArm-rotx-array" count="35" stride="1" /></technique_common></source>
      <sampler id="hpl_mixamorigwLeftArm-trans-sampler"><input semantic="INPUT" source="#hpl_mixamorigwLeftArm-time" /><input semantic="OUTPUT" source="#hpl_mixamorigwLeftArm-trans" /></sampler><channel source="#hpl_mixamorigwLeftArm-trans-sampler" target="mixamorigwLeftArm/translate" />
      <sampler id="hpl_mixamorigwLeftArm-rotz-sampler"><input semantic="INPUT" source="#hpl_mixamorigwLeftArm-time" /><input semantic="OUTPUT" source="#hpl_mixamorigwLeftArm-rotz" /></sampler><channel source="#hpl_mixamorigwLeftArm-rotz-sampler" target="mixamorigwLeftArm/rotateZ.ANGLE" />
      <sampler id="hpl_mixamorigwLeftArm-roty-sampler"><input semantic="INPUT" source="#hpl_mixamorigwLeftArm-time" /><input semantic="OUTPUT" source="#hpl_mixamorigwLeftArm-roty" /></sampler><channel source="#hpl_mixamorigwLeftArm-roty-sampler" target="mixamorigwLeftArm/rotateY.ANGLE" />
      <sampler id="hpl_mixamorigwLeftArm-rotx-sampler"><input semantic="INPUT" source="#hpl_mixamorigwLeftArm-time" /><input semantic="OUTPUT" source="#hpl_mixamorigwLeftArm-rotx" /></sampler><channel source="#hpl_mixamorigwLeftArm-rotx-sampler" target="mixamorigwLeftArm/rotateX.ANGLE" />
    </animation>
    <animation id="hpl_mixamorigwLeftForeArm">
      <source id="hpl_mixamorigwLeftForeArm-time"><float_array id="hpl_mixamorigwLeftForeArm-time-array" count="35">0 1 2 3 4 5 6 7 8 9 10 11 12 13 14 15 16 17 18 19 20 21 22 23 24 25 26 27 28 29 30 31 32 33 34</float_array><technique_common><accessor source="#hpl_mixamorigwLeftForeArm-time-array" count="35" stride="1" /></technique_common></source>
      <source id="hpl_mixamorigwLeftForeArm-trans"><float_array id="hpl_mixamorigwLeftForeArm-trans-array" count="105">-1.8844e-07 0.244292 -4.09649e-06 -1.8844e-07 0.244292 -4.09649e-06 -1.8844e-07 0.244292 -4.09649e-06 -1.8844e-07 0.244292 -4.09649e-06 -1.8844e-07 0.244292 -4.09649e-06 -1.8844e-07 0.244292 -4.09649e-06 -1.8844e-07 0.244292 -4.09649e-06 -1.8844e-07 0.244292 -4.09649e-06 -1.8844e-07 0.244292 -4.09649e-06 -1.8844e-07 0.244292 -4.09649e-06 -1.8844e-07 0.244292 -4.09649e-06 -1.8844e-07 0.244292 -4.09649e-06 -1.8844e-07 0.244292 -4.09649e-06 -1.8844e-07 0.244292 -4.09649e-06 -1.8844e-07 0.244292 -4.09649e-06 -1.8844e-07 0.244292 -4.09649e-06 -1.8844e-07 0.244292 -4.09649e-06 -1.8844e-07 0.244292 -4.09649e-06 -1.8844e-07 0.244292 -4.09649e-06 -1.8844e-07 0.244292 -4.09649e-06 -1.8844e-07 0.244292 -4.09649e-06 -1.8844e-07 0.244292 -4.09649e-06 -1.8844e-07 0.244292 -4.09649e-06 -1.8844e-07 0.244292 -4.09649e-06 -1.8844e-07 0.244292 -4.09649e-06 -1.8844e-07 0.244292 -4.09649e-06 -1.8844e-07 0.244292 -4.09649e-06 -1.8844e-07 0.244292 -4.09649e-06 -1.8844e-07 0.244292 -4.09649e-06 -1.8844e-07 0.244292 -4.09649e-06 -1.8844e-07 0.244292 -4.09649e-06 -1.8844e-07 0.244292 -4.09649e-06 -1.8844e-07 0.244292 -4.09649e-06 -1.8844e-07 0.244292 -4.09649e-06 -1.8844e-07 0.244292 -4.09649e-06</float_array><technique_common><accessor source="#hpl_mixamorigwLeftForeArm-trans-array" count="35" stride="3" /></technique_common></source>
      <source id="hpl_mixamorigwLeftForeArm-rotz"><float_array id="hpl_mixamorigwLeftForeArm-rotz-array" count="35">28.0205 26.8409 26.2639 26.0124 25.6759 24.9365 23.7008 22.1335 20.4483 18.9755 17.7044 16.4941 15.4389 14.6474 14.5562 15.457 17.0011 18.8262 20.7638 22.8001 24.9558 26.9392 28.5759 29.9098 30.9167 31.7993 33.2743 35.293 37.4909 39.2195 39.461 37.573 34.4083 31.2677 28.0205</float_array><technique_common><accessor source="#hpl_mixamorigwLeftForeArm-rotz-array" count="35" stride="1" /></technique_common></source>
      <source id="hpl_mixamorigwLeftForeArm-roty"><float_array id="hpl_mixamorigwLeftForeArm-roty-array" count="35">-11.48 -11.6206 -11.7295 -11.8135 -11.8398 -11.8721 -11.9464 -12.0634 -12.1623 -12.219 -12.2864 -12.4057 -12.4654 -12.5184 -12.5022 -12.4217 -12.2315 -12.1353 -12.103 -12.0356 -11.9301 -11.8172 -11.661 -11.4238 -11.2084 -11.1012 -10.9774 -10.7161 -10.4092 -10.2922 -10.4258 -10.6699 -10.9992 -11.2879 -11.48</float_array><technique_common><accessor source="#hpl_mixamorigwLeftForeArm-roty-array" count="35" stride="1" /></technique_common></source>
      <source id="hpl_mixamorigwLeftForeArm-rotx"><float_array id="hpl_mixamorigwLeftForeArm-rotx-array" count="35">-5.68891 -5.51696 -5.42776 -5.33576 -5.18911 -5.00417 -4.70983 -4.30675 -3.98225 -3.74679 -3.46373 -3.09632 -2.76785 -2.53895 -2.68169 -2.91721 -3.39959 -3.68983 -3.99569 -4.3735 -4.82999 -5.2286 -5.5481 -5.85655 -6.15832 -6.59499 -6.93609 -7.30866 -7.5905 -7.42525 -7.16751 -6.98342 -6.69995 -6.13224 -5.68891</float_array><technique_common><accessor source="#hpl_mixamorigwLeftForeArm-rotx-array" count="35" stride="1" /></technique_common></source>
      <sampler id="hpl_mixamorigwLeftForeArm-trans-sampler"><input semantic="INPUT" source="#hpl_mixamorigwLeftForeArm-time" /><input semantic="OUTPUT" source="#hpl_mixamorigwLeftForeArm-trans" /></sampler><channel source="#hpl_mixamorigwLeftForeArm-trans-sampler" target="mixamorigwLeftForeArm/translate" />
      <sampler id="hpl_mixamorigwLeftForeArm-rotz-sampler"><input semantic="INPUT" source="#hpl_mixamorigwLeftForeArm-time" /><input semantic="OUTPUT" source="#hpl_mixamorigwLeftForeArm-rotz" /></sampler><channel source="#hpl_mixamorigwLeftForeArm-rotz-sampler" target="mixamorigwLeftForeArm/rotateZ.ANGLE" />
      <sampler id="hpl_mixamorigwLeftForeArm-roty-sampler"><input semantic="INPUT" source="#hpl_mixamorigwLeftForeArm-time" /><input semantic="OUTPUT" source="#hpl_mixamorigwLeftForeArm-roty" /></sampler><channel source="#hpl_mixamorigwLeftForeArm-roty-sampler" target="mixamorigwLeftForeArm/rotateY.ANGLE" />
      <sampler id="hpl_mixamorigwLeftForeArm-rotx-sampler"><input semantic="INPUT" source="#hpl_mixamorigwLeftForeArm-time" /><input semantic="OUTPUT" source="#hpl_mixamorigwLeftForeArm-rotx" /></sampler><channel source="#hpl_mixamorigwLeftForeArm-rotx-sampler" target="mixamorigwLeftForeArm/rotateX.ANGLE" />
    </animation>
    <animation id="hpl_mixamorigwLeftHand">
      <source id="hpl_mixamorigwLeftHand-time"><float_array id="hpl_mixamorigwLeftHand-time-array" count="35">0 1 2 3 4 5 6 7 8 9 10 11 12 13 14 15 16 17 18 19 20 21 22 23 24 25 26 27 28 29 30 31 32 33 34</float_array><technique_common><accessor source="#hpl_mixamorigwLeftHand-time-array" count="35" stride="1" /></technique_common></source>
      <source id="hpl_mixamorigwLeftHand-trans"><float_array id="hpl_mixamorigwLeftHand-trans-array" count="105">-6.101e-08 0.241261 2.62839e-06 -6.101e-08 0.241261 2.62839e-06 -6.101e-08 0.241261 2.62839e-06 -6.101e-08 0.241261 2.62839e-06 -6.101e-08 0.241261 2.62839e-06 -6.101e-08 0.241261 2.62839e-06 -6.101e-08 0.241261 2.62839e-06 -6.101e-08 0.241261 2.62839e-06 -6.101e-08 0.241261 2.62839e-06 -6.101e-08 0.241261 2.62839e-06 -6.101e-08 0.241261 2.62839e-06 -6.101e-08 0.241261 2.62839e-06 -6.101e-08 0.241261 2.62839e-06 -6.101e-08 0.241261 2.62839e-06 -6.101e-08 0.241261 2.62839e-06 -6.101e-08 0.241261 2.62839e-06 -6.101e-08 0.241261 2.62839e-06 -6.101e-08 0.241261 2.62839e-06 -6.101e-08 0.241261 2.62839e-06 -6.101e-08 0.241261 2.62839e-06 -6.101e-08 0.241261 2.62839e-06 -6.101e-08 0.241261 2.62839e-06 -6.101e-08 0.241261 2.62839e-06 -6.101e-08 0.241261 2.62839e-06 -6.101e-08 0.241261 2.62839e-06 -6.101e-08 0.241261 2.62839e-06 -6.101e-08 0.241261 2.62839e-06 -6.101e-08 0.241261 2.62839e-06 -6.101e-08 0.241261 2.62839e-06 -6.101e-08 0.241261 2.62839e-06 -6.101e-08 0.241261 2.62839e-06 -6.101e-08 0.241261 2.62839e-06 -6.101e-08 0.241261 2.62839e-06 -6.101e-08 0.241261 2.62839e-06 -6.101e-08 0.241261 2.62839e-06</float_array><technique_common><accessor source="#hpl_mixamorigwLeftHand-trans-array" count="35" stride="3" /></technique_common></source>
      <source id="hpl_mixamorigwLeftHand-rotz"><float_array id="hpl_mixamorigwLeftHand-rotz-array" count="35">7.46453 7.3265 7.07907 6.59861 5.9755 5.25868 4.44016 3.56293 2.72808 2.12716 1.71639 1.04648 0.52582 0.625206 0.577216 0.837499 1.46285 2.5179 3.62805 4.40566 4.79722 4.90746 5.01349 5.17365 5.29151 5.1902 5.10124 5.13043 5.71797 6.6756 7.5522 7.91026 7.2979 6.28039 7.46453</float_array><technique_common><accessor source="#hpl_mixamorigwLeftHand-rotz-array" count="35" stride="1" /></technique_common></source>
      <source id="hpl_mixamorigwLeftHand-roty"><float_array id="hpl_mixamorigwLeftHand-roty-array" count="35">7.26852 7.12094 6.65621 5.72195 4.60865 3.74184 3.2003 2.97987 2.8771 2.91297 3.0164 3.17842 2.98067 2.53949 1.62819 1.32333 -0.14705 -1.14571 -1.20948 -0.77771 -0.138386 0.690587 1.24745 1.59164 2.06389 2.53105 2.53513 2.80612 2.32875 1.79674 1.86344 2.37808 3.41856 5.75279 7.26852</float_array><technique_common><accessor source="#hpl_mixamorigwLeftHand-roty-array" count="35" stride="1" /></technique_common></source>
      <source id="hpl_mixamorigwLeftHand-rotx"><float_array id="hpl_mixamorigwLeftHand-rotx-array" count="35">3.39466 4.71901 5.62645 6.29331 6.6885 6.72044 6.42982 5.91829 5.50477 5.3748 5.74273 6.37027 6.54228 6.40694 5.94628 5.19862 4.45497 3.32201 1.92336 0.73793 0.087746 0.0130977 0.228817 0.299143 -0.173821 -1.12604 -2.19934 -2.89052 -3.30073 -3.46587 -3.27442 -2.65245 -1.48275 0.984682 3.39466</float_array><technique_common><accessor source="#hpl_mixamorigwLeftHand-rotx-array" count="35" stride="1" /></technique_common></source>
      <sampler id="hpl_mixamorigwLeftHand-trans-sampler"><input semantic="INPUT" source="#hpl_mixamorigwLeftHand-time" /><input semantic="OUTPUT" source="#hpl_mixamorigwLeftHand-trans" /></sampler><channel source="#hpl_mixamorigwLeftHand-trans-sampler" target="mixamorigwLeftHand/translate" />
      <sampler id="hpl_mixamorigwLeftHand-rotz-sampler"><input semantic="INPUT" source="#hpl_mixamorigwLeftHand-time" /><input semantic="OUTPUT" source="#hpl_mixamorigwLeftHand-rotz" /></sampler><channel source="#hpl_mixamorigwLeftHand-rotz-sampler" target="mixamorigwLeftHand/rotateZ.ANGLE" />
      <sampler id="hpl_mixamorigwLeftHand-roty-sampler"><input semantic="INPUT" source="#hpl_mixamorigwLeftHand-time" /><input semantic="OUTPUT" source="#hpl_mixamorigwLeftHand-roty" /></sampler><channel source="#hpl_mixamorigwLeftHand-roty-sampler" target="mixamorigwLeftHand/rotateY.ANGLE" />
      <sampler id="hpl_mixamorigwLeftHand-rotx-sampler"><input semantic="INPUT" source="#hpl_mixamorigwLeftHand-time" /><input semantic="OUTPUT" source="#hpl_mixamorigwLeftHand-rotx" /></sampler><channel source="#hpl_mixamorigwLeftHand-rotx-sampler" target="mixamorigwLeftHand/rotateX.ANGLE" />
    </animation>
    <animation id="hpl_mixamorigwRightShoulder">
      <source id="hpl_mixamorigwRightShoulder-time"><float_array id="hpl_mixamorigwRightShoulder-time-array" count="35">0 1 2 3 4 5 6 7 8 9 10 11 12 13 14 15 16 17 18 19 20 21 22 23 24 25 26 27 28 29 30 31 32 33 34</float_array><technique_common><accessor source="#hpl_mixamorigwRightShoulder-time-array" count="35" stride="1" /></technique_common></source>
      <source id="hpl_mixamorigwRightShoulder-trans"><float_array id="hpl_mixamorigwRightShoulder-trans-array" count="105">-0.0410678 0.0751627 -0.0033861 -0.0410678 0.0751627 -0.0033861 -0.0410678 0.0751627 -0.0033861 -0.0410678 0.0751627 -0.0033861 -0.0410678 0.0751627 -0.0033861 -0.0410678 0.0751627 -0.0033861 -0.0410678 0.0751627 -0.0033861 -0.0410678 0.0751627 -0.0033861 -0.0410678 0.0751627 -0.0033861 -0.0410678 0.0751627 -0.0033861 -0.0410678 0.0751627 -0.0033861 -0.0410678 0.0751627 -0.0033861 -0.0410678 0.0751627 -0.0033861 -0.0410678 0.0751627 -0.0033861 -0.0410678 0.0751627 -0.0033861 -0.0410678 0.0751627 -0.0033861 -0.0410678 0.0751627 -0.0033861 -0.0410678 0.0751627 -0.0033861 -0.0410678 0.0751627 -0.0033861 -0.0410678 0.0751627 -0.0033861 -0.0410678 0.0751627 -0.0033861 -0.0410678 0.0751627 -0.0033861 -0.0410678 0.0751627 -0.0033861 -0.0410678 0.0751627 -0.0033861 -0.0410678 0.0751627 -0.0033861 -0.0410678 0.0751627 -0.0033861 -0.0410678 0.0751627 -0.0033861 -0.0410678 0.0751627 -0.0033861 -0.0410678 0.0751627 -0.0033861 -0.0410678 0.0751627 -0.0033861 -0.0410678 0.0751627 -0.0033861 -0.0410678 0.0751627 -0.0033861 -0.0410678 0.0751627 -0.0033861 -0.0410678 0.0751627 -0.0033861 -0.0410678 0.0751627 -0.0033861</float_array><technique_common><accessor source="#hpl_mixamorigwRightShoulder-trans-array" count="35" stride="3" /></technique_common></source>
      <source id="hpl_mixamorigwRightShoulder-rotz"><float_array id="hpl_mixamorigwRightShoulder-rotz-array" count="35">-101.046 -99.6936 -98.4753 -97.49 -96.5601 -95.9051 -95.5343 -95.4477 -95.2064 -94.695 -95.5556 -96.2168 -96.4061 -96.6825 -98.4368 -99.1097 -99.0709 -98.2143 -97.4722 -98.0404 -99.8328 -102.1 -103.978 -105.36 -106.101 -106.684 -107.274 -107.745 -107.853 -107.192 -105.491 -104.455 -103.825 -103.295 -101.046</float_array><technique_common><accessor source="#hpl_mixamorigwRightShoulder-rotz-array" count="35" stride="1" /></technique_common></source>
      <source id="hpl_mixamorigwRightShoulder-roty"><float_array id="hpl_mixamorigwRightShoulder-roty-array" count="35">-63.7844 -64.1053 -64.5803 -65.207 -65.8985 -66.6061 -67.2652 -67.9149 -68.4263 -68.8401 -69.591 -69.9495 -70.0292 -69.9718 -69.5475 -68.9308 -68.1372 -67.1142 -66.0773 -65.3688 -64.8387 -64.2928 -63.7504 -63.2483 -62.5301 -61.7134 -61.5699 -62.0185 -62.0874 -62.2013 -62.5585 -62.9723 -63.0899 -63.14 -63.7844</float_array><technique_common><accessor source="#hpl_mixamorigwRightShoulder-roty-array" count="35" stride="1" /></technique_common></source>
      <source id="hpl_mixamorigwRightShoulder-rotx"><float_array id="hpl_mixamorigwRightShoulder-rotx-array" count="35">-143.712 -145.166 -147.541 -150.309 -153.182 -155.707 -157.831 -159.768 -162.143 -164.789 -164.934 -164.437 -162.673 -160.354 -158.287 -158.365 -158.614 -158.562 -157.866 -156.081 -153.117 -149.557 -146.206 -143.386 -141.566 -140.488 -139.675 -139.726 -140.639 -140.993 -141.123 -141.593 -142.515 -143.181 -143.712</float_array><technique_common><accessor source="#hpl_mixamorigwRightShoulder-rotx-array" count="35" stride="1" /></technique_common></source>
      <sampler id="hpl_mixamorigwRightShoulder-trans-sampler"><input semantic="INPUT" source="#hpl_mixamorigwRightShoulder-time" /><input semantic="OUTPUT" source="#hpl_mixamorigwRightShoulder-trans" /></sampler><channel source="#hpl_mixamorigwRightShoulder-trans-sampler" target="mixamorigwRightShoulder/translate" />
      <sampler id="hpl_mixamorigwRightShoulder-rotz-sampler"><input semantic="INPUT" source="#hpl_mixamorigwRightShoulder-time" /><input semantic="OUTPUT" source="#hpl_mixamorigwRightShoulder-rotz" /></sampler><channel source="#hpl_mixamorigwRightShoulder-rotz-sampler" target="mixamorigwRightShoulder/rotateZ.ANGLE" />
      <sampler id="hpl_mixamorigwRightShoulder-roty-sampler"><input semantic="INPUT" source="#hpl_mixamorigwRightShoulder-time" /><input semantic="OUTPUT" source="#hpl_mixamorigwRightShoulder-roty" /></sampler><channel source="#hpl_mixamorigwRightShoulder-roty-sampler" target="mixamorigwRightShoulder/rotateY.ANGLE" />
      <sampler id="hpl_mixamorigwRightShoulder-rotx-sampler"><input semantic="INPUT" source="#hpl_mixamorigwRightShoulder-time" /><input semantic="OUTPUT" source="#hpl_mixamorigwRightShoulder-rotx" /></sampler><channel source="#hpl_mixamorigwRightShoulder-rotx-sampler" target="mixamorigwRightShoulder/rotateX.ANGLE" />
    </animation>
    <animation id="hpl_mixamorigwRightArm">
      <source id="hpl_mixamorigwRightArm-time"><float_array id="hpl_mixamorigwRightArm-time-array" count="35">0 1 2 3 4 5 6 7 8 9 10 11 12 13 14 15 16 17 18 19 20 21 22 23 24 25 26 27 28 29 30 31 32 33 34</float_array><technique_common><accessor source="#hpl_mixamorigwRightArm-time-array" count="35" stride="1" /></technique_common></source>
      <source id="hpl_mixamorigwRightArm-trans"><float_array id="hpl_mixamorigwRightArm-trans-array" count="105">5.57731e-07 0.167018 -6.47844e-06 5.57731e-07 0.167018 -6.47844e-06 5.57731e-07 0.167018 -6.47844e-06 5.57731e-07 0.167018 -6.47844e-06 5.57731e-07 0.167018 -6.47844e-06 5.57731e-07 0.167018 -6.47844e-06 5.57731e-07 0.167018 -6.47844e-06 5.57731e-07 0.167018 -6.47844e-06 5.57731e-07 0.167018 -6.47844e-06 5.57731e-07 0.167018 -6.47844e-06 5.57731e-07 0.167018 -6.47844e-06 5.57731e-07 0.167018 -6.47844e-06 5.57731e-07 0.167018 -6.47844e-06 5.57731e-07 0.167018 -6.47844e-06 5.57731e-07 0.167018 -6.47844e-06 5.57731e-07 0.167018 -6.47844e-06 5.57731e-07 0.167018 -6.47844e-06 5.57731e-07 0.167018 -6.47844e-06 5.57731e-07 0.167018 -6.47844e-06 5.57731e-07 0.167018 -6.47844e-06 5.57731e-07 0.167018 -6.47844e-06 5.57731e-07 0.167018 -6.47844e-06 5.57731e-07 0.167018 -6.47844e-06 5.57731e-07 0.167018 -6.47844e-06 5.57731e-07 0.167018 -6.47844e-06 5.57731e-07 0.167018 -6.47844e-06 5.57731e-07 0.167018 -6.47844e-06 5.57731e-07 0.167018 -6.47844e-06 5.57731e-07 0.167018 -6.47844e-06 5.57731e-07 0.167018 -6.47844e-06 5.57731e-07 0.167018 -6.47844e-06 5.57731e-07 0.167018 -6.47844e-06 5.57731e-07 0.167018 -6.47844e-06 5.57731e-07 0.167018 -6.47844e-06 5.57731e-07 0.167018 -6.47844e-06</float_array><technique_common><accessor source="#hpl_mixamorigwRightArm-trans-array" count="35" stride="3" /></technique_common></source>
      <source id="hpl_mixamorigwRightArm-rotz"><float_array id="hpl_mixamorigwRightArm-rotz-array" count="35">-38.369 -41.9676 -45.4772 -48.1234 -49.9759 -51.1737 -51.9229 -52.5322 -53.1025 -53.7103 -54.289 -53.9334 -52.4057 -50.0649 -48.1248 -47.5792 -48.9065 -51.4832 -53.4957 -53.6332 -51.7587 -48.3612 -44.6677 -41.6162 -39.0566 -36.5181 -33.8517 -32.1373 -31.6103 -31.0736 -30.443 -30.6613 -31.3666 -32.6924 -38.369</float_array><technique_common><accessor source="#hpl_mixamorigwRightArm-rotz-array" count="35" stride="1" /></technique_common></source>
      <source id="hpl_mixamorigwRightArm-roty"><float_array id="hpl_mixamorigwRightArm-roty-array" count="35">-17.2096 -16.418 -14.5063 -11.6187 -8.52382 -5.49276 -2.7311 -0.298322 2.12053 4.1549 5.15967 5.94431 5.56308 4.92438 5.15947 4.62999 3.2656 1.32106 -0.570788 -2.11167 -3.61506 -5.2633 -7.24093 -9.28037 -10.6898 -11.4282 -12.4599 -13.6884 -14.6505 -15.9875 -17.5632 -18.1389 -16.9674 -15.4497 -17.2096</float_array><technique_common><accessor source="#hpl_mixamorigwRightArm-roty-array" count="35" stride="1" /></technique_common></source>
      <source id="hpl_mixamorigwRightArm-rotx"><float_array id="hpl_mixamorigwRightArm-rotx-array" count="35">53.2561 51.89 50.8117 49.6654 48.1893 46.3708 44.3305 42.3837 40.7628 39.2811 37.647 36.7584 36.2948 37.1257 40.1861 43.6714 45.6293 46.0705 46.4209 47.9274 50.0688 52.1807 53.6744 54.5186 55.0448 55.712 56.7199 58.1002 59.2752 58.8259 57.0928 56.0576 55.6114 54.8425 53.2561</float_array><technique_common><accessor source="#hpl_mixamorigwRightArm-rotx-array" count="35" stride="1" /></technique_common></source>
      <sampler id="hpl_mixamorigwRightArm-trans-sampler"><input semantic="INPUT" source="#hpl_mixamorigwRightArm-time" /><input semantic="OUTPUT" source="#hpl_mixamorigwRightArm-trans" /></sampler><channel source="#hpl_mixamorigwRightArm-trans-sampler" target="mixamorigwRightArm/translate" />
      <sampler id="hpl_mixamorigwRightArm-rotz-sampler"><input semantic="INPUT" source="#hpl_mixamorigwRightArm-time" /><input semantic="OUTPUT" source="#hpl_mixamorigwRightArm-rotz" /></sampler><channel source="#hpl_mixamorigwRightArm-rotz-sampler" target="mixamorigwRightArm/rotateZ.ANGLE" />
      <sampler id="hpl_mixamorigwRightArm-roty-sampler"><input semantic="INPUT" source="#hpl_mixamorigwRightArm-time" /><input semantic="OUTPUT" source="#hpl_mixamorigwRightArm-roty" /></sampler><channel source="#hpl_mixamorigwRightArm-roty-sampler" target="mixamorigwRightArm/rotateY.ANGLE" />
      <sampler id="hpl_mixamorigwRightArm-rotx-sampler"><input semantic="INPUT" source="#hpl_mixamorigwRightArm-time" /><input semantic="OUTPUT" source="#hpl_mixamorigwRightArm-rotx" /></sampler><channel source="#hpl_mixamorigwRightArm-rotx-sampler" target="mixamorigwRightArm/rotateX.ANGLE" />
    </animation>
    <animation id="hpl_mixamorigwRightForeArm">
      <source id="hpl_mixamorigwRightForeArm-time"><float_array id="hpl_mixamorigwRightForeArm-time-array" count="35">0 1 2 3 4 5 6 7 8 9 10 11 12 13 14 15 16 17 18 19 20 21 22 23 24 25 26 27 28 29 30 31 32 33 34</float_array><technique_common><accessor source="#hpl_mixamorigwRightForeArm-time-array" count="35" stride="1" /></technique_common></source>
      <source id="hpl_mixamorigwRightForeArm-trans"><float_array id="hpl_mixamorigwRightForeArm-trans-array" count="105">-4.08354e-07 0.228275 4.44105e-07 -4.08354e-07 0.228275 4.44105e-07 -4.08354e-07 0.228275 4.44105e-07 -4.08354e-07 0.228275 4.44105e-07 -4.08354e-07 0.228275 4.44105e-07 -4.08354e-07 0.228275 4.44105e-07 -4.08354e-07 0.228275 4.44105e-07 -4.08354e-07 0.228275 4.44105e-07 -4.08354e-07 0.228275 4.44105e-07 -4.08354e-07 0.228275 4.44105e-07 -4.08354e-07 0.228275 4.44105e-07 -4.08354e-07 0.228275 4.44105e-07 -4.08354e-07 0.228275 4.44105e-07 -4.08354e-07 0.228275 4.44105e-07 -4.08354e-07 0.228275 4.44105e-07 -4.08354e-07 0.228275 4.44105e-07 -4.08354e-07 0.228275 4.44105e-07 -4.08354e-07 0.228275 4.44105e-07 -4.08354e-07 0.228275 4.44105e-07 -4.08354e-07 0.228275 4.44105e-07 -4.08354e-07 0.228275 4.44105e-07 -4.08354e-07 0.228275 4.44105e-07 -4.08354e-07 0.228275 4.44105e-07 -4.08354e-07 0.228275 4.44105e-07 -4.08354e-07 0.228275 4.44105e-07 -4.08354e-07 0.228275 4.44105e-07 -4.08354e-07 0.228275 4.44105e-07 -4.08354e-07 0.228275 4.44105e-07 -4.08354e-07 0.228275 4.44105e-07 -4.08354e-07 0.228275 4.44105e-07 -4.08354e-07 0.228275 4.44105e-07 -4.08354e-07 0.228275 4.44105e-07 -4.08354e-07 0.228275 4.44105e-07 -4.08354e-07 0.228275 4.44105e-07 -4.08354e-07 0.228275 4.44105e-07</float_array><technique_common><accessor source="#hpl_mixamorigwRightForeArm-trans-array" count="35" stride="3" /></technique_common></source>
      <source id="hpl_mixamorigwRightForeArm-rotz"><float_array id="hpl_mixamorigwRightForeArm-rotz-array" count="35">-21.7307 -22.4662 -23.2482 -24.4073 -26.3397 -29.3938 -33.3751 -37.7289 -41.5476 -44.2351 -45.9901 -47.5085 -49.0983 -50.1889 -49.8876 -48.0188 -44.2905 -39.0832 -33.4701 -29.5383 -28.1081 -28.3947 -28.9145 -28.3537 -26.5532 -24.2363 -21.9868 -19.9614 -18.3359 -17.1455 -16.074 -15.4121 -15.6033 -17.092 -21.7307</float_array><technique_common><accessor source="#hpl_mixamorigwRightForeArm-rotz-array" count="35" stride="1" /></technique_common></source>
      <source id="hpl_mixamorigwRightForeArm-roty"><float_array id="hpl_mixamorigwRightForeArm-roty-array" count="35">12.5264 12.4794 12.4836 12.4378 12.2527 11.9135 11.4075 10.8224 10.3562 10.1031 9.72889 9.35194 9.14508 8.86462 8.7963 9.13153 9.86761 10.7212 11.4434 11.8786 12.0635 12.0816 12.0242 12.0449 12.194 12.4175 12.6839 12.8547 12.9809 13.1155 13.19 13.1623 13.0995 13.0036 12.5264</float_array><technique_common><accessor source="#hpl_mixamorigwRightForeArm-roty-array" count="35" stride="1" /></technique_common></source>
      <source id="hpl_mixamorigwRightForeArm-rotx"><float_array id="hpl_mixamorigwRightForeArm-rotx-array" count="35">-4.52965 -4.42346 -4.41657 -4.59522 -5.11018 -5.78953 -6.49139 -7.20085 -7.69643 -7.88046 -7.63154 -7.63906 -7.75845 -7.86016 -7.85188 -8.04129 -7.53972 -6.6359 -5.64344 -5.10171 -5.14682 -5.48824 -5.74432 -5.68708 -5.33665 -4.91338 -4.69211 -4.39562 -3.93953 -3.57795 -3.48798 -3.61181 -3.67602 -3.89109 -4.52965</float_array><technique_common><accessor source="#hpl_mixamorigwRightForeArm-rotx-array" count="35" stride="1" /></technique_common></source>
      <sampler id="hpl_mixamorigwRightForeArm-trans-sampler"><input semantic="INPUT" source="#hpl_mixamorigwRightForeArm-time" /><input semantic="OUTPUT" source="#hpl_mixamorigwRightForeArm-trans" /></sampler><channel source="#hpl_mixamorigwRightForeArm-trans-sampler" target="mixamorigwRightForeArm/translate" />
      <sampler id="hpl_mixamorigwRightForeArm-rotz-sampler"><input semantic="INPUT" source="#hpl_mixamorigwRightForeArm-time" /><input semantic="OUTPUT" source="#hpl_mixamorigwRightForeArm-rotz" /></sampler><channel source="#hpl_mixamorigwRightForeArm-rotz-sampler" target="mixamorigwRightForeArm/rotateZ.ANGLE" />
      <sampler id="hpl_mixamorigwRightForeArm-roty-sampler"><input semantic="INPUT" source="#hpl_mixamorigwRightForeArm-time" /><input semantic="OUTPUT" source="#hpl_mixamorigwRightForeArm-roty" /></sampler><channel source="#hpl_mixamorigwRightForeArm-roty-sampler" target="mixamorigwRightForeArm/rotateY.ANGLE" />
      <sampler id="hpl_mixamorigwRightForeArm-rotx-sampler"><input semantic="INPUT" source="#hpl_mixamorigwRightForeArm-time" /><input semantic="OUTPUT" source="#hpl_mixamorigwRightForeArm-rotx" /></sampler><channel source="#hpl_mixamorigwRightForeArm-rotx-sampler" target="mixamorigwRightForeArm/rotateX.ANGLE" />
    </animation>
    <animation id="hpl_mixamorigwRightHand">
      <source id="hpl_mixamorigwRightHand-time"><float_array id="hpl_mixamorigwRightHand-time-array" count="35">0 1 2 3 4 5 6 7 8 9 10 11 12 13 14 15 16 17 18 19 20 21 22 23 24 25 26 27 28 29 30 31 32 33 34</float_array><technique_common><accessor source="#hpl_mixamorigwRightHand-time-array" count="35" stride="1" /></technique_common></source>
      <source id="hpl_mixamorigwRightHand-trans"><float_array id="hpl_mixamorigwRightHand-trans-array" count="105">-6.24296e-08 0.252899 3.55838e-06 -6.24296e-08 0.252899 3.55838e-06 -6.24296e-08 0.252899 3.55838e-06 -6.24296e-08 0.252899 3.55838e-06 -6.24296e-08 0.252899 3.55838e-06 -6.24296e-08 0.252899 3.55838e-06 -6.24296e-08 0.252899 3.55838e-06 -6.24296e-08 0.252899 3.55838e-06 -6.24296e-08 0.252899 3.55838e-06 -6.24296e-08 0.252899 3.55838e-06 -6.24296e-08 0.252899 3.55838e-06 -6.24296e-08 0.252899 3.55838e-06 -6.24296e-08 0.252899 3.55838e-06 -6.24296e-08 0.252899 3.55838e-06 -6.24296e-08 0.252899 3.55838e-06 -6.24296e-08 0.252899 3.55838e-06 -6.24296e-08 0.252899 3.55838e-06 -6.24296e-08 0.252899 3.55838e-06 -6.24296e-08 0.252899 3.55838e-06 -6.24296e-08 0.252899 3.55838e-06 -6.24296e-08 0.252899 3.55838e-06 -6.24296e-08 0.252899 3.55838e-06 -6.24296e-08 0.252899 3.55838e-06 -6.24296e-08 0.252899 3.55838e-06 -6.24296e-08 0.252899 3.55838e-06 -6.24296e-08 0.252899 3.55838e-06 -6.24296e-08 0.252899 3.55838e-06 -6.24296e-08 0.252899 3.55838e-06 -6.24296e-08 0.252899 3.55838e-06 -6.24296e-08 0.252899 3.55838e-06 -6.24296e-08 0.252899 3.55838e-06 -6.24296e-08 0.252899 3.55838e-06 -6.24296e-08 0.252899 3.55838e-06 -6.24296e-08 0.252899 3.55838e-06 -6.24296e-08 0.252899 3.55838e-06</float_array><technique_common><accessor source="#hpl_mixamorigwRightHand-trans-array" count="35" stride="3" /></technique_common></source>
      <source id="hpl_mixamorigwRightHand-rotz"><float_array id="hpl_mixamorigwRightHand-rotz-array" count="35">1.13749 0.719177 0.274585 0.0981518 0.252826 0.594237 0.908798 0.911203 0.493639 -0.0524019 -0.490852 -0.836221 -0.880575 -0.904129 -1.0989 -1.46032 -1.49182 -1.18183 -0.488085 0.353813 0.802992 0.56586 0.0176143 -0.19373 0.145007 1.18825 2.2598 2.52274 2.46934 2.65666 2.96187 3.56558 3.49322 2.93524 1.13749</float_array><technique_common><accessor source="#hpl_mixamorigwRightHand-rotz-array" count="35" stride="1" /></technique_common></source>
      <source id="hpl_mixamorigwRightHand-roty"><float_array id="hpl_mixamorigwRightHand-roty-array" count="35">3.39138 2.4728 0.844606 -0.761681 -1.76806 -2.68552 -3.46001 -3.93785 -4.25911 -4.54718 -4.95339 -5.64956 -5.9156 -5.85849 -5.18149 -3.33939 -2.32685 -3.82865 -6.77239 -8.58405 -8.54477 -7.01801 -5.20319 -4.05106 -3.61186 -4.0318 -4.22162 -3.8757 -3.64133 -3.12684 -2.10418 -0.379858 1.01774 2.44112 3.39138</float_array><technique_common><accessor source="#hpl_mixamorigwRightHand-roty-array" count="35" stride="1" /></technique_common></source>
      <source id="hpl_mixamorigwRightHand-rotx"><float_array id="hpl_mixamorigwRightHand-rotx-array" count="35">2.16483 1.78538 0.916495 -0.109245 -1.09675 -2.07087 -3.01769 -3.98467 -4.98951 -5.64171 -5.74011 -5.97897 -6.51971 -7.05103 -7.7284 -7.25256 -5.30026 -1.74345 1.4737 2.7749 2.56359 1.84284 1.38616 1.30959 1.36233 1.6188 1.96571 1.86896 2.02133 2.5375 3.02446 3.09218 2.64333 1.97762 2.16483</float_array><technique_common><accessor source="#hpl_mixamorigwRightHand-rotx-array" count="35" stride="1" /></technique_common></source>
      <sampler id="hpl_mixamorigwRightHand-trans-sampler"><input semantic="INPUT" source="#hpl_mixamorigwRightHand-time" /><input semantic="OUTPUT" source="#hpl_mixamorigwRightHand-trans" /></sampler><channel source="#hpl_mixamorigwRightHand-trans-sampler" target="mixamorigwRightHand/translate" />
      <sampler id="hpl_mixamorigwRightHand-rotz-sampler"><input semantic="INPUT" source="#hpl_mixamorigwRightHand-time" /><input semantic="OUTPUT" source="#hpl_mixamorigwRightHand-rotz" /></sampler><channel source="#hpl_mixamorigwRightHand-rotz-sampler" target="mixamorigwRightHand/rotateZ.ANGLE" />
      <sampler id="hpl_mixamorigwRightHand-roty-sampler"><input semantic="INPUT" source="#hpl_mixamorigwRightHand-time" /><input semantic="OUTPUT" source="#hpl_mixamorigwRightHand-roty" /></sampler><channel source="#hpl_mixamorigwRightHand-roty-sampler" target="mixamorigwRightHand/rotateY.ANGLE" />
      <sampler id="hpl_mixamorigwRightHand-rotx-sampler"><input semantic="INPUT" source="#hpl_mixamorigwRightHand-time" /><input semantic="OUTPUT" source="#hpl_mixamorigwRightHand-rotx" /></sampler><channel source="#hpl_mixamorigwRightHand-rotx-sampler" target="mixamorigwRightHand/rotateX.ANGLE" />
    </animation>
    <animation id="hpl_mixamorigwNeck">
      <source id="hpl_mixamorigwNeck-time"><float_array id="hpl_mixamorigwNeck-time-array" count="35">0 1 2 3 4 5 6 7 8 9 10 11 12 13 14 15 16 17 18 19 20 21 22 23 24 25 26 27 28 29 30 31 32 33 34</float_array><technique_common><accessor source="#hpl_mixamorigwNeck-time-array" count="35" stride="1" /></technique_common></source>
      <source id="hpl_mixamorigwNeck-trans"><float_array id="hpl_mixamorigwNeck-trans-array" count="105">-0.00030369 0.108805 0.00719472 -0.00030369 0.108805 0.00719472 -0.00030369 0.108805 0.00719472 -0.00030369 0.108805 0.00719472 -0.00030369 0.108805 0.00719472 -0.00030369 0.108805 0.00719472 -0.00030369 0.108805 0.00719472 -0.00030369 0.108805 0.00719472 -0.00030369 0.108805 0.00719472 -0.00030369 0.108805 0.00719472 -0.00030369 0.108805 0.00719472 -0.00030369 0.108805 0.00719472 -0.00030369 0.108805 0.00719472 -0.00030369 0.108805 0.00719472 -0.00030369 0.108805 0.00719472 -0.00030369 0.108805 0.00719472 -0.00030369 0.108805 0.00719472 -0.00030369 0.108805 0.00719472 -0.00030369 0.108805 0.00719472 -0.00030369 0.108805 0.00719472 -0.00030369 0.108805 0.00719472 -0.00030369 0.108805 0.00719472 -0.00030369 0.108805 0.00719472 -0.00030369 0.108805 0.00719472 -0.00030369 0.108805 0.00719472 -0.00030369 0.108805 0.00719472 -0.00030369 0.108805 0.00719472 -0.00030369 0.108805 0.00719472 -0.00030369 0.108805 0.00719472 -0.00030369 0.108805 0.00719472 -0.00030369 0.108805 0.00719472 -0.00030369 0.108805 0.00719472 -0.00030369 0.108805 0.00719472 -0.00030369 0.108805 0.00719472 -0.00030369 0.108805 0.00719472</float_array><technique_common><accessor source="#hpl_mixamorigwNeck-trans-array" count="35" stride="3" /></technique_common></source>
      <source id="hpl_mixamorigwNeck-rotz"><float_array id="hpl_mixamorigwNeck-rotz-array" count="35">4.77298 4.69021 4.40272 3.89348 3.24004 2.43498 1.54062 0.606715 -0.294289 -1.17659 -1.79237 -1.86413 -1.29377 -0.322932 0.561321 0.684731 0.389413 0.0690416 -0.219174 -0.164145 0.385274 1.32905 2.53026 3.79485 5.10811 6.25614 6.9563 7.23868 7.0775 6.69467 6.33799 5.96687 6.07452 6.37538 4.77298</float_array><technique_common><accessor source="#hpl_mixamorigwNeck-rotz-array" count="35" stride="1" /></technique_common></source>
      <source id="hpl_mixamorigwNeck-roty"><float_array id="hpl_mixamorigwNeck-roty-array" count="35">0.809306 0.72086 0.75561 0.98168 1.35097 1.78952 2.13287 2.36337 2.6682 3.11845 3.32086 3.28033 3.08726 2.78779 2.3841 2.28869 2.57114 2.96687 3.2234 3.18884 2.90098 2.33797 1.59358 0.884329 0.374112 0.0358023 -0.143251 -0.0359667 0.192709 0.470633 0.72311 0.816188 0.651515 0.393605 0.809306</float_array><technique_common><accessor source="#hpl_mixamorigwNeck-roty-array" count="35" stride="1" /></technique_common></source>
      <source id="hpl_mixamorigwNeck-rotx"><float_array id="hpl_mixamorigwNeck-rotx-array" count="35">19.8889 20.543 21.4024 22.2944 22.9844 23.4115 23.593 23.5534 23.4354 23.2266 22.7298 22.2038 21.7022 21.2385 21.3128 21.9983 22.6357 23.21 23.8156 24.4365 24.9092 25.1291 25.0814 24.8162 24.4411 24.0179 23.3944 22.4787 21.6565 20.7284 20.1772 20.1639 20.4813 20.7484 19.8889</float_array><technique_common><accessor source="#hpl_mixamorigwNeck-rotx-array" count="35" stride="1" /></technique_common></source>
      <sampler id="hpl_mixamorigwNeck-trans-sampler"><input semantic="INPUT" source="#hpl_mixamorigwNeck-time" /><input semantic="OUTPUT" source="#hpl_mixamorigwNeck-trans" /></sampler><channel source="#hpl_mixamorigwNeck-trans-sampler" target="mixamorigwNeck/translate" />
      <sampler id="hpl_mixamorigwNeck-rotz-sampler"><input semantic="INPUT" source="#hpl_mixamorigwNeck-time" /><input semantic="OUTPUT" source="#hpl_mixamorigwNeck-rotz" /></sampler><channel source="#hpl_mixamorigwNeck-rotz-sampler" target="mixamorigwNeck/rotateZ.ANGLE" />
      <sampler id="hpl_mixamorigwNeck-roty-sampler"><input semantic="INPUT" source="#hpl_mixamorigwNeck-time" /><input semantic="OUTPUT" source="#hpl_mixamorigwNeck-roty" /></sampler><channel source="#hpl_mixamorigwNeck-roty-sampler" target="mixamorigwNeck/rotateY.ANGLE" />
      <sampler id="hpl_mixamorigwNeck-rotx-sampler"><input semantic="INPUT" source="#hpl_mixamorigwNeck-time" /><input semantic="OUTPUT" source="#hpl_mixamorigwNeck-rotx" /></sampler><channel source="#hpl_mixamorigwNeck-rotx-sampler" target="mixamorigwNeck/rotateX.ANGLE" />
    </animation>
    <animation id="hpl_mixamorigwHead">
      <source id="hpl_mixamorigwHead-time"><float_array id="hpl_mixamorigwHead-time-array" count="35">0 1 2 3 4 5 6 7 8 9 10 11 12 13 14 15 16 17 18 19 20 21 22 23 24 25 26 27 28 29 30 31 32 33 34</float_array><technique_common><accessor source="#hpl_mixamorigwHead-time-array" count="35" stride="1" /></technique_common></source>
      <source id="hpl_mixamorigwHead-trans"><float_array id="hpl_mixamorigwHead-trans-array" count="105">4.51322e-08 0.0723305 3.20881e-06 4.51322e-08 0.0723305 3.20881e-06 4.51322e-08 0.0723305 3.20881e-06 4.51322e-08 0.0723305 3.20881e-06 4.51322e-08 0.0723305 3.20881e-06 4.51322e-08 0.0723305 3.20881e-06 4.51322e-08 0.0723305 3.20881e-06 4.51322e-08 0.0723305 3.20881e-06 4.51322e-08 0.0723305 3.20881e-06 4.51322e-08 0.0723305 3.20881e-06 4.51322e-08 0.0723305 3.20881e-06 4.51322e-08 0.0723305 3.20881e-06 4.51322e-08 0.0723305 3.20881e-06 4.51322e-08 0.0723305 3.20881e-06 4.51322e-08 0.0723305 3.20881e-06 4.51322e-08 0.0723305 3.20881e-06 4.51322e-08 0.0723305 3.20881e-06 4.51322e-08 0.0723305 3.20881e-06 4.51322e-08 0.0723305 3.20881e-06 4.51322e-08 0.0723305 3.20881e-06 4.51322e-08 0.0723305 3.20881e-06 4.51322e-08 0.0723305 3.20881e-06 4.51322e-08 0.0723305 3.20881e-06 4.51322e-08 0.0723305 3.20881e-06 4.51322e-08 0.0723305 3.20881e-06 4.51322e-08 0.0723305 3.20881e-06 4.51322e-08 0.0723305 3.20881e-06 4.51322e-08 0.0723305 3.20881e-06 4.51322e-08 0.0723305 3.20881e-06 4.51322e-08 0.0723305 3.20881e-06 4.51322e-08 0.0723305 3.20881e-06 4.51322e-08 0.0723305 3.20881e-06 4.51322e-08 0.0723305 3.20881e-06 4.51322e-08 0.0723305 3.20881e-06 4.51322e-08 0.0723305 3.20881e-06</float_array><technique_common><accessor source="#hpl_mixamorigwHead-trans-array" count="35" stride="3" /></technique_common></source>
      <source id="hpl_mixamorigwHead-rotz"><float_array id="hpl_mixamorigwHead-rotz-array" count="35">-0.247563 0.0815102 0.459034 0.803206 1.01191 1.09048 1.08617 0.914264 0.609139 0.343594 0.0585784 0.0889011 0.199707 0.254283 0.279322 0.371707 0.158245 -0.216135 -0.541771 -0.794997 -1.03428 -1.23199 -1.3715 -1.36343 -1.26382 -1.18126 -1.01318 -0.93281 -1.0146 -1.12897 -1.24126 -1.19608 -1.11889 -0.959312 -0.247563</float_array><technique_common><accessor source="#hpl_mixamorigwHead-rotz-array" count="35" stride="1" /></technique_common></source>
      <source id="hpl_mixamorigwHead-roty"><float_array id="hpl_mixamorigwHead-roty-array" count="35">2.84618 2.43814 2.05381 1.69876 1.32808 1.01192 0.830615 0.81505 0.874955 0.982683 0.819284 0.530892 0.045579 -0.528108 -1.2712 -1.76447 -1.58333 -0.86565 0.048419 0.781329 1.21656 1.5438 1.748 1.78033 1.4798 0.996362 0.491851 0.176927 0.565198 1.00699 1.59679 2.45637 2.87802 2.81069 2.84618</float_array><technique_common><accessor source="#hpl_mixamorigwHead-roty-array" count="35" stride="1" /></technique_common></source>
      <source id="hpl_mixamorigwHead-rotx"><float_array id="hpl_mixamorigwHead-rotx-array" count="35">-1.31405 -0.976383 -0.364004 0.338525 0.855438 1.09151 1.00223 0.564728 0.0155711 -0.189307 -0.367786 -0.400105 0.346665 1.09031 0.990254 0.599982 0.442768 0.496847 0.916192 1.41166 1.76076 1.79605 1.59284 1.24082 0.914378 0.664213 0.576512 0.110103 -0.160144 0.402658 1.23941 1.54002 1.68551 1.82461 -1.31405</float_array><technique_common><accessor source="#hpl_mixamorigwHead-rotx-array" count="35" stride="1" /></technique_common></source>
      <sampler id="hpl_mixamorigwHead-trans-sampler"><input semantic="INPUT" source="#hpl_mixamorigwHead-time" /><input semantic="OUTPUT" source="#hpl_mixamorigwHead-trans" /></sampler><channel source="#hpl_mixamorigwHead-trans-sampler" target="mixamorigwHead/translate" />
      <sampler id="hpl_mixamorigwHead-rotz-sampler"><input semantic="INPUT" source="#hpl_mixamorigwHead-time" /><input semantic="OUTPUT" source="#hpl_mixamorigwHead-rotz" /></sampler><channel source="#hpl_mixamorigwHead-rotz-sampler" target="mixamorigwHead/rotateZ.ANGLE" />
      <sampler id="hpl_mixamorigwHead-roty-sampler"><input semantic="INPUT" source="#hpl_mixamorigwHead-time" /><input semantic="OUTPUT" source="#hpl_mixamorigwHead-roty" /></sampler><channel source="#hpl_mixamorigwHead-roty-sampler" target="mixamorigwHead/rotateY.ANGLE" />
      <sampler id="hpl_mixamorigwHead-rotx-sampler"><input semantic="INPUT" source="#hpl_mixamorigwHead-time" /><input semantic="OUTPUT" source="#hpl_mixamorigwHead-rotx" /></sampler><channel source="#hpl_mixamorigwHead-rotx-sampler" target="mixamorigwHead/rotateX.ANGLE" />
    </animation>
    <animation id="hpl_mixamorigwHeadTop_End">
      <source id="hpl_mixamorigwHeadTop_End-time"><float_array id="hpl_mixamorigwHeadTop_End-time-array" count="35">0 1 2 3 4 5 6 7 8 9 10 11 12 13 14 15 16 17 18 19 20 21 22 23 24 25 26 27 28 29 30 31 32 33 34</float_array><technique_common><accessor source="#hpl_mixamorigwHeadTop_End-time-array" count="35" stride="1" /></technique_common></source>
      <source id="hpl_mixamorigwHeadTop_End-trans"><float_array id="hpl_mixamorigwHeadTop_End-trans-array" count="105">-0.00110642 0.226767 -0.109048 -0.00110642 0.226767 -0.109048 -0.00110642 0.226767 -0.109048 -0.00110642 0.226767 -0.109048 -0.00110642 0.226767 -0.109048 -0.00110642 0.226767 -0.109048 -0.00110642 0.226767 -0.109048 -0.00110642 0.226767 -0.109048 -0.00110642 0.226767 -0.109048 -0.00110642 0.226767 -0.109048 -0.00110642 0.226767 -0.109048 -0.00110642 0.226767 -0.109048 -0.00110642 0.226767 -0.109048 -0.00110642 0.226767 -0.109048 -0.00110642 0.226767 -0.109048 -0.00110642 0.226767 -0.109048 -0.00110642 0.226767 -0.109048 -0.00110642 0.226767 -0.109048 -0.00110642 0.226767 -0.109048 -0.00110642 0.226767 -0.109048 -0.00110642 0.226767 -0.109048 -0.00110642 0.226767 -0.109048 -0.00110642 0.226767 -0.109048 -0.00110642 0.226767 -0.109048 -0.00110642 0.226767 -0.109048 -0.00110642 0.226767 -0.109048 -0.00110642 0.226767 -0.109048 -0.00110642 0.226767 -0.109048 -0.00110642 0.226767 -0.109048 -0.00110642 0.226767 -0.109048 -0.00110642 0.226767 -0.109048 -0.00110642 0.226767 -0.109048 -0.00110642 0.226767 -0.109048 -0.00110642 0.226767 -0.109048 -0.00110642 0.226767 -0.109048</float_array><technique_common><accessor source="#hpl_mixamorigwHeadTop_End-trans-array" count="35" stride="3" /></technique_common></source>
      <source id="hpl_mixamorigwHeadTop_End-rotz"><float_array id="hpl_mixamorigwHeadTop_End-rotz-array" count="35">0.251932 0.251932 0.251932 0.251932 0.251932 0.251932 0.251932 0.251932 0.251932 0.251932 0.251932 0.251932 0.251932 0.251932 0.251932 0.251932 0.251932 0.251932 0.251932 0.251932 0.251932 0.251932 0.251932 0.251932 0.251932 0.251932 0.251932 0.251932 0.251932 0.251932 0.251932 0.251932 0.251932 0.251932 0.251932</float_array><technique_common><accessor source="#hpl_mixamorigwHeadTop_End-rotz-array" count="35" stride="1" /></technique_common></source>
      <source id="hpl_mixamorigwHeadTop_End-roty"><float_array id="hpl_mixamorigwHeadTop_End-roty-array" count="35">0.0574283 0.0574283 0.0574283 0.0574283 0.0574283 0.0574283 0.0574283 0.0574283 0.0574283 0.0574283 0.0574283 0.0574283 0.0574283 0.0574283 0.0574283 0.0574283 0.0574283 0.0574283 0.0574283 0.0574283 0.0574283 0.0574283 0.0574283 0.0574283 0.0574283 0.0574283 0.0574283 0.0574283 0.0574283 0.0574283 0.0574283 0.0574283 0.0574283 0.0574283 0.0574283</float_array><technique_common><accessor source="#hpl_mixamorigwHeadTop_End-roty-array" count="35" stride="1" /></technique_common></source>
      <source id="hpl_mixamorigwHeadTop_End-rotx"><float_array id="hpl_mixamorigwHeadTop_End-rotx-array" count="35">-25.6814 -25.6814 -25.6814 -25.6814 -25.6814 -25.6814 -25.6814 -25.6814 -25.6814 -25.6814 -25.6814 -25.6814 -25.6814 -25.6814 -25.6814 -25.6814 -25.6814 -25.6814 -25.6814 -25.6814 -25.6814 -25.6814 -25.6814 -25.6814 -25.6814 -25.6814 -25.6814 -25.6814 -25.6814 -25.6814 -25.6814 -25.6814 -25.6814 -25.6814 -25.6814</float_array><technique_common><accessor source="#hpl_mixamorigwHeadTop_End-rotx-array" count="35" stride="1" /></technique_common></source>
      <sampler id="hpl_mixamorigwHeadTop_End-trans-sampler"><input semantic="INPUT" source="#hpl_mixamorigwHeadTop_End-time" /><input semantic="OUTPUT" source="#hpl_mixamorigwHeadTop_End-trans" /></sampler><channel source="#hpl_mixamorigwHeadTop_End-trans-sampler" target="mixamorigwHeadTop_End/translate" />
      <sampler id="hpl_mixamorigwHeadTop_End-rotz-sampler"><input semantic="INPUT" source="#hpl_mixamorigwHeadTop_End-time" /><input semantic="OUTPUT" source="#hpl_mixamorigwHeadTop_End-rotz" /></sampler><channel source="#hpl_mixamorigwHeadTop_End-rotz-sampler" target="mixamorigwHeadTop_End/rotateZ.ANGLE" />
      <sampler id="hpl_mixamorigwHeadTop_End-roty-sampler"><input semantic="INPUT" source="#hpl_mixamorigwHeadTop_End-time" /><input semantic="OUTPUT" source="#hpl_mixamorigwHeadTop_End-roty" /></sampler><channel source="#hpl_mixamorigwHeadTop_End-roty-sampler" target="mixamorigwHeadTop_End/rotateY.ANGLE" />
      <sampler id="hpl_mixamorigwHeadTop_End-rotx-sampler"><input semantic="INPUT" source="#hpl_mixamorigwHeadTop_End-time" /><input semantic="OUTPUT" source="#hpl_mixamorigwHeadTop_End-rotx" /></sampler><channel source="#hpl_mixamorigwHeadTop_End-rotx-sampler" target="mixamorigwHeadTop_End/rotateX.ANGLE" />
    </animation>
    <animation id="hpl_mixamorigwHeadFront">
      <source id="hpl_mixamorigwHeadFront-time"><float_array id="hpl_mixamorigwHeadFront-time-array" count="35">0 1 2 3 4 5 6 7 8 9 10 11 12 13 14 15 16 17 18 19 20 21 22 23 24 25 26 27 28 29 30 31 32 33 34</float_array><technique_common><accessor source="#hpl_mixamorigwHeadFront-time-array" count="35" stride="1" /></technique_common></source>
      <source id="hpl_mixamorigwHeadFront-trans"><float_array id="hpl_mixamorigwHeadFront-trans-array" count="105">0.00110638 0.0745015 0.10905 0.00110638 0.0745015 0.10905 0.00110638 0.0745015 0.10905 0.00110638 0.0745015 0.10905 0.00110638 0.0745015 0.10905 0.00110638 0.0745015 0.10905 0.00110638 0.0745015 0.10905 0.00110638 0.0745015 0.10905 0.00110638 0.0745015 0.10905 0.00110638 0.0745015 0.10905 0.00110638 0.0745015 0.10905 0.00110638 0.0745015 0.10905 0.00110638 0.0745015 0.10905 0.00110638 0.0745015 0.10905 0.00110638 0.0745015 0.10905 0.00110638 0.0745015 0.10905 0.00110638 0.0745015 0.10905 0.00110638 0.0745015 0.10905 0.00110638 0.0745015 0.10905 0.00110638 0.0745015 0.10905 0.00110638 0.0745015 0.10905 0.00110638 0.0745015 0.10905 0.00110638 0.0745015 0.10905 0.00110638 0.0745015 0.10905 0.00110638 0.0745015 0.10905 0.00110638 0.0745015 0.10905 0.00110638 0.0745015 0.10905 0.00110638 0.0745015 0.10905 0.00110638 0.0745015 0.10905 0.00110638 0.0745015 0.10905 0.00110638 0.0745015 0.10905 0.00110638 0.0745015 0.10905 0.00110638 0.0745015 0.10905 0.00110638 0.0745015 0.10905 0.00110638 0.0745015 0.10905</float_array><technique_common><accessor source="#hpl_mixamorigwHeadFront-trans-array" count="35" stride="3" /></technique_common></source>
      <source id="hpl_mixamorigwHeadFront-rotz"><float_array id="hpl_mixamorigwHeadFront-rotz-array" count="35">-0.479981 -0.479981 -0.479981 -0.479981 -0.479981 -0.479981 -0.479981 -0.479981 -0.479981 -0.479981 -0.479981 -0.479981 -0.479981 -0.479981 -0.479981 -0.479981 -0.479981 -0.479981 -0.479981 -0.479981 -0.479981 -0.479981 -0.479981 -0.479981 -0.479981 -0.479981 -0.479981 -0.479981 -0.479981 -0.479981 -0.479981 -0.479981 -0.479981 -0.479981 -0.479981</float_array><technique_common><accessor source="#hpl_mixamorigwHeadFront-rotz-array" count="35" stride="1" /></technique_common></source>
      <source id="hpl_mixamorigwHeadFront-roty"><float_array id="hpl_mixamorigwHeadFront-roty-array" count="35">0.253356 0.253356 0.253356 0.253356 0.253356 0.253356 0.253356 0.253356 0.253356 0.253356 0.253356 0.253356 0.253356 0.253356 0.253356 0.253356 0.253356 0.253356 0.253356 0.253356 0.253356 0.253356 0.253356 0.253356 0.253356 0.253356 0.253356 0.253356 0.253356 0.253356 0.253356 0.253356 0.253356 0.253356 0.253356</float_array><technique_common><accessor source="#hpl_mixamorigwHeadFront-roty-array" count="35" stride="1" /></technique_common></source>
      <source id="hpl_mixamorigwHeadFront-rotx"><float_array id="hpl_mixamorigwHeadFront-rotx-array" count="35">55.6544 55.6544 55.6544 55.6544 55.6544 55.6544 55.6544 55.6544 55.6544 55.6544 55.6544 55.6544 55.6544 55.6544 55.6544 55.6544 55.6544 55.6544 55.6544 55.6544 55.6544 55.6544 55.6544 55.6544 55.6544 55.6544 55.6544 55.6544 55.6544 55.6544 55.6544 55.6544 55.6544 55.6544 55.6544</float_array><technique_common><accessor source="#hpl_mixamorigwHeadFront-rotx-array" count="35" stride="1" /></technique_common></source>
      <sampler id="hpl_mixamorigwHeadFront-trans-sampler"><input semantic="INPUT" source="#hpl_mixamorigwHeadFront-time" /><input semantic="OUTPUT" source="#hpl_mixamorigwHeadFront-trans" /></sampler><channel source="#hpl_mixamorigwHeadFront-trans-sampler" target="mixamorigwHeadFront/translate" />
      <sampler id="hpl_mixamorigwHeadFront-rotz-sampler"><input semantic="INPUT" source="#hpl_mixamorigwHeadFront-time" /><input semantic="OUTPUT" source="#hpl_mixamorigwHeadFront-rotz" /></sampler><channel source="#hpl_mixamorigwHeadFront-rotz-sampler" target="mixamorigwHeadFront/rotateZ.ANGLE" />
      <sampler id="hpl_mixamorigwHeadFront-roty-sampler"><input semantic="INPUT" source="#hpl_mixamorigwHeadFront-time" /><input semantic="OUTPUT" source="#hpl_mixamorigwHeadFront-roty" /></sampler><channel source="#hpl_mixamorigwHeadFront-roty-sampler" target="mixamorigwHeadFront/rotateY.ANGLE" />
      <sampler id="hpl_mixamorigwHeadFront-rotx-sampler"><input semantic="INPUT" source="#hpl_mixamorigwHeadFront-time" /><input semantic="OUTPUT" source="#hpl_mixamorigwHeadFront-rotx" /></sampler><channel source="#hpl_mixamorigwHeadFront-rotx-sampler" target="mixamorigwHeadFront/rotateX.ANGLE" />
    </animation>
  </library_animations>
  <scene><instance_visual_scene url="#RootNode" /></scene>
</COLLADA>