<?xml version='1.0' encoding='utf-8'?>
<COLLADA xmlns="http://www.collada.org/2005/11/COLLADASchema" version="1.4.1">
  <asset>
    <contributor><author>hpl_dae_export</author><authoring_tool>Blender 4.2.0</authoring_tool></contributor>
    <unit name="meter" meter="1" />
    <up_axis>Y_UP</up_axis>
  </asset>
  <library_images>
    <image id="phillip-diffuse-image"><init_from>phillip.tga</init_from></image>
    <image id="phillip-emission-image"><init_from>phillip.tga</init_from></image>
    <image id="phillip-normal-image"><init_from>phillip.tga</init_from></image>
  </library_images>
  <library_effects>
    <effect id="phillip-fx" name="phillip"><profile_COMMON>
      <newparam sid="phillip-diffuse-surface"><surface type="2D"><init_from>phillip-diffuse-image</init_from></surface></newparam>
      <newparam sid="phillip-diffuse-sampler"><sampler2D><source>phillip-diffuse-surface</source></sampler2D></newparam>
      <newparam sid="phillip-emission-surface"><surface type="2D"><init_from>phillip-emission-image</init_from></surface></newparam>
      <newparam sid="phillip-emission-sampler"><sampler2D><source>phillip-emission-surface</source></sampler2D></newparam>
      <technique sid="common"><lambert>
        <diffuse><texture texture="phillip-diffuse-sampler" texcoord="CHANNEL0" /></diffuse>
      </lambert></technique>
    </profile_COMMON></effect>
  </library_effects>
  <library_materials>
    <material id="phillip" name="phillip"><instance_effect url="#phillip-fx" /></material>
  </library_materials>
  <library_geometries>
    <geometry id="Mesh_0_1" name="Mesh_0"><mesh>
      <source id="Mesh_0_1-vpos"><float_array id="Mesh_0_1-vpos-array" count="9">0.00774702 0.95336 0.0335566 0.057747 0.95336 0.0335566 0.00774702 1.00336 0.0335566</float_array><technique_common><accessor source="#Mesh_0_1-vpos-array" count="3" stride="3"><param name="X" type="float" /><param name="Y" type="float" /><param name="Z" type="float" /></accessor></technique_common></source>
      <source id="Mesh_0_1-vnrm"><float_array id="Mesh_0_1-vnrm-array" count="9">0 0 1 0 0 1 0 0 1</float_array><technique_common><accessor source="#Mesh_0_1-vnrm-array" count="3" stride="3"><param name="X" type="float" /><param name="Y" type="float" /><param name="Z" type="float" /></accessor></technique_common></source>
      <source id="Mesh_0_1-vuv"><float_array id="Mesh_0_1-vuv-array" count="6">0 0 1 0 0 1</float_array><technique_common><accessor source="#Mesh_0_1-vuv-array" count="3" stride="2"><param name="S" type="float" /><param name="T" type="float" /></accessor></technique_common></source>
      <vertices id="Mesh_0_1-vertices"><input semantic="POSITION" source="#Mesh_0_1-vpos" /></vertices>
      <triangles count="1" material="phillip"><input semantic="VERTEX" source="#Mesh_0_1-vertices" offset="0" /><input semantic="NORMAL" source="#Mesh_0_1-vnrm" offset="1" /><input semantic="TEXCOORD" source="#Mesh_0_1-vuv" offset="2" /><p>0 0 0 1 1 1 2 2 2</p></triangles>
    </mesh></geometry>
  </library_geometries>
  <library_controllers>
    <controller id="Mesh_0_1-skin" name="skinCluster0"><skin source="#Mesh_0_1">
      <bind_shape_matrix>1 0 0 0 0 1 0 0 0 0 1 0 0 0 0 1</bind_shape_matrix>
      <source id="Mesh_0_1-skin-joints"><Name_array id="Mesh_0_1-skin-joints-array" count="24">mixamorigwHips mixamorigwLeftUpLeg mixamorigwLeftLeg mixamorigwLeftFoot mixamorigwLeftToeBase mixamorigwRightUpLeg mixamorigwRightLeg mixamorigwRightFoot mixamorigwRightToeBase mixamorigwSpine mixamorigwSpine1 mixamorigwSpine2 mixamorigwLeftShoulder mixamorigwLeftArm mixamorigwLeftForeArm mixamorigwLeftHand mixamorigwRightShoulder mixamorigwRightArm mixamorigwRightForeArm mixamorigwRightHand mixamorigwNeck mixamorigwHead mixamorigwHeadTop_End mixamorigwHeadFront</Name_array><technique_common><accessor source="#Mesh_0_1-skin-joints-array" count="24" stride="1"><param name="JOINT" type="Name" /></accessor></technique_common></source>
      <source id="Mesh_0_1-skin-bind_poses"><float_array id="Mesh_0_1-skin-bind_poses-array" count="384">-0.326862 -0.412442 0.850325 0.367204 0.924359 -0.326862 0.196779 0.297853 0.196779 0.850325 0.488083 -0.828569 0 0 0 1 0.988587 0.109374 -0.1036 -0.188944 0.1036 -0.992833 -0.0595797 0.848762 -0.109374 0.0481668 -0.992833 -0.00285123 0 0 0 1 0.995242 0.0745741 -0.0627066 -0.172581 0.0627065 -0.982821 -0.173582 0.487924 -0.0745739 0.168824 -0.982821 -0.0684593 0 0 0 1 0.994978 0.0309139 -0.0951978 -0.168375 0.0951972 -0.58605 0.804663 0.112632 -0.0309154 -0.809685 -0.58605 0.083101 0 0 0 1 0.993074 8.38034e-06 -0.117488 -0.165082 0.117488 3.0122e-07 0.993074 -0.0921871 8.23903e-06 -1 -7.34656e-07 0.0437346 0 0 0 1 0.986251 -0.119769 0.113864 0.190305 -0.113864 -0.991857 -0.057042 0.848443 0.119769 0.0432928 -0.991857 0.0017185 0 0 0 1 0.996752 -0.0617435 0.0516918 0.16272 -0.0516917 -0.98282 -0.177182 0.49367 0.0617436 0.173935 -0.98282 -0.0723674 0 0 0 1 0.991415 -0.0402565 0.124402 0.163199 -0.124402 -0.583335 0.802648 0.109001 0.0402562 -0.811233 -0.583335 0.0842478 0 0 0 1 0.988201 2.59179e-08 0.153161 0.158823 -0.153161 -1.2465e-07 0.988201 -0.0970361 8.08409e-08 -1 -1.08103e-07 0.0438647 0 0 0 1 0.999977 0.00499217 0.00460007 -0.0126603 -0.00459975 0.996648 -0.0816763 -1.08845 -0.0049924 0.0816533 0.996648 -0.111251 0 0 0 1 0.999977 0.00499225 0.00460005 -0.0126604 -0.00459984 0.996648 -0.0816764 -1.22951 -0.00499239 0.0816534 0.996648 -0.111251 0 0 0 1 0.999936 0.00858049 0.0073981 -0.0175916 -0.0073979 0.989074 -0.147233 -1.36021 -0.00858061 0.147169 0.989074 -0.20133 0 0 0 1 -0.0915552 1.56755e-07 -0.9958 -0.0116842 0.9958 8.53744e-08 -0.0915552 -0.0478922 -6.27717e-09 -1 -1.19135e-07 1.45252 0 0 0 1 -0.102656 0.216831 -0.970797 -0.323529 0.970796 -0.190902 -0.145294 0.0690035 -0.216831 -0.957361 -0.190902 1.43017 0 0 0 1 0.0429289 -0.0153039 -0.998961 -0.064134 0.998961 0.0159705 0.0426842 -0.466213 0.0153006 -0.999755 0.0159736 1.39976 0 0 0 1 0.0998002 -0.0351338 -0.994387 -0.0750536 0.994387 0.0388059 0.0984292 -0.733384 0.0351299 -0.998629 0.0388095 1.38581 0 0 0 1 -0.0881333 -3.45496e-08 0.996109 0.0125114 -0.996108 -5.23395e-08 -0.0881333 -0.0370387 -1.46981e-09 -1 -1.50894e-08 1.44862 0 0 0 1 -0.108284 -0.213742 0.97087 0.317301 -0.970869 -0.187244 -0.149507 0.0704232 0.213746 -0.958777 -0.18724 1.42642 0 0 0 1 0.0278295 0.0297959 0.999168 0.034426 -0.999168 0.0306226 0.0269163 -0.464747 -0.0297952 -0.999087 0.0306234 1.39395 0 0 0 1 0.0716834 0.000714281 0.997427 0.105102 -0.997427 0.000772513 0.0716828 -0.671685 -0.000719398 -0.999999 0.000767861 1.41318 0 0 0 1 0.999874 0.0116475 0.0107328 -0.0218054 -0.0107326 0.996602 -0.0816726 -1.47952 -0.0116476 0.0815471 0.996601 -0.111066 0 0 0 1 0.999955 0.00442177 0.00837712 -0.0106006 -0.00837693 0.825642 0.564133 -1.27565 -0.00442208 -0.564178 0.825642 0.890874 0 0 0 1 0.999913 0.00861753 0.01003 -0.0171024 -0.0100298 0.988551 0.150557 -1.78728 -0.00861772 -0.150645 0.98855 0.250058 0 0 0 1 1 -1.50874e-07 7.03149e-08 -0.00385329 -8.28877e-08 -2.98023e-08 1 -0.116256 -2.19559e-07 -1 2.98023e-08 1.55588 0 0 0 1</float_array><technique_common><accessor count="24" offset="0" source="#Mesh_0_1-skin-bind_poses-array" stride="16"><param name="TRANSFORM" type="float4x4" /></accessor></technique_common></source>
      <source id="Mesh_0_1-skin-weights"><float_array id="Mesh_0_1-skin-weights-array" count="1">1</float_array><technique_common><accessor count="1" offset="0" source="#Mesh_0_1-skin-weights-array" stride="1"><param name="WEIGHT" type="float" /></accessor></technique_common></source>
      <joints><input semantic="JOINT" source="#Mesh_0_1-skin-joints" /><input semantic="INV_BIND_MATRIX" source="#Mesh_0_1-skin-bind_poses" /></joints>
      <vertex_weights count="3"><input semantic="JOINT" source="#Mesh_0_1-skin-joints" offset="0" /><input semantic="WEIGHT" source="#Mesh_0_1-skin-weights" offset="1" /><vcount>1 1 1</vcount><v>0 0 0 0 0 0</v></vertex_weights>
    </skin></controller>
  </library_controllers>
  <library_visual_scenes>
    <visual_scene id="RootNode" name="RootNode">
      <node id="mixamorigwHips" sid="mixamorigwHips" name="mixamorigwHips" type="JOINT">
        <translate sid="translate">0.00774679 0.95336 0.0335573</translate><rotate sid="rotateZ">0 0 1 -128.397</rotate><rotate sid="rotateY">0 1 0 -58.247</rotate><rotate sid="rotateX">1 0 0 21.9576</rotate>
        <node id="mixamorigwLeftUpLeg" sid="mixamorigwLeftUpLeg" name="mixamorigwLeftUpLeg" type="JOINT">
          <translate sid="translate">0.00280504 0.112246 -0.0611913</translate><rotate sid="rotateZ">0 0 1 118.016</rotate><rotate sid="rotateY">0 1 0 -13.7078</rotate><rotate sid="rotateX">1 0 0 -118.606</rotate>
          <node id="mixamorigwLeftLeg" sid="mixamorigwLeftLeg" name="mixamorigwLeftLeg" type="JOINT">
            <translate sid="translate">2.9695e-08 0.362108 -2.40088e-08</translate><rotate sid="rotateZ">0 0 1 1.88157</rotate><rotate sid="rotateY">0 1 0 2.46473</rotate><rotate sid="rotateX">1 0 0 6.79106</rotate>
            <node id="mixamorigwLeftFoot" sid="mixamorigwLeftFoot" name="mixamorigwLeftFoot" type="JOINT">
              <translate sid="translate">-2.24292e-08 0.371859 -6.31809e-09</translate><rotate sid="rotateZ">0 0 1 2.78269</rotate><rotate sid="rotateY">0 1 0 -1.40858</rotate><rotate sid="rotateX">1 0 0 -63.7858</rotate>
              <node id="mixamorigwLeftToeBase" sid="mixamorigwLeftToeBase" name="mixamorigwLeftToeBase" type="JOINT">
                <translate sid="translate">-1.311e-08 0.161697 -3.15905e-09</translate><rotate sid="rotateZ">0 0 1 -0.000291079</rotate><rotate sid="rotateY">0 1 0 -2.18612</rotate><rotate sid="rotateX">1 0 0 -35.8772</rotate>
              </node>
            </node>
          </node>
        </node>
        <node id="mixamorigwRightUpLeg" sid="mixamorigwRightUpLeg" name="mixamorigwRightUpLeg" type="JOINT">
          <translate sid="translate">0.0647644 -0.0634254 -0.0977594</translate><rotate sid="rotateZ">0 0 1 100.259</rotate><rotate sid="rotateY">0 1 0 -8.49983</rotate><rotate sid="rotateX">1 0 0 -115.368</rotate>
          <node id="mixamorigwRightLeg" sid="mixamorigwRightLeg" name="mixamorigwRightLeg" type="JOINT">
            <translate sid="translate">-4.9597e-08 0.359356 4.28051e-08</translate><rotate sid="rotateZ">0 0 1 -3.17125</rotate><rotate sid="rotateY">0 1 0 -3.75187</rotate><rotate sid="rotateX">1 0 0 7.312</rotate>
            <node id="mixamorigwRightFoot" sid="mixamorigwRightFoot" name="mixamorigwRightFoot" type="JOINT">
              <translate sid="translate">5.68628e-09 0.37578 1.38998e-08</translate><rotate sid="rotateZ">0 0 1 -1.93715</rotate><rotate sid="rotateY">0 1 0 3.90217</rotate><rotate sid="rotateX">1 0 0 -64.1697</rotate>
              <node id="mixamorigwRightToeBase" sid="mixamorigwRightToeBase" name="mixamorigwRightToeBase" type="JOINT">
                <translate sid="translate">-1.38998e-08 0.162229 7.89762e-08</translate><rotate sid="rotateZ">0 0 1 -4.68373e-06</rotate><rotate sid="rotateY">0 1 0 2.84091</rotate><rotate sid="rotateX">1 0 0 -35.6855</rotate>
              </node>
            </node>
          </node>
        </node>
        <node id="mixamorigwSpine" sid="mixamorigwSpine" name="mixamorigwSpine" type="JOINT">
          <translate sid="translate">-0.0675698 -0.0488202 0.113795</translate><rotate sid="rotateZ">0 0 1 109.386</rotate><rotate sid="rotateY">0 1 0 -11.7279</rotate><rotate sid="rotateX">1 0 0 55.4776</rotate>
          <node id="mixamorigwSpine1" sid="mixamorigwSpine1" name="mixamorigwSpine1" type="JOINT">
            <translate sid="translate">-7.07133e-08 0.141062 1.15898e-08</translate><rotate sid="rotateZ">0 0 1 4.77246e-06</rotate><rotate sid="rotateY">0 1 0 7.65395e-07</rotate><rotate sid="rotateX">1 0 0 -3.73307e-06</rotate>
            <node id="mixamorigwSpine2" sid="mixamorigwSpine2" name="mixamorigwSpine2" type="JOINT">
              <translate sid="translate">-2.62812e-09 0.141062 -5.23168e-08</translate><rotate sid="rotateZ">0 0 1 0.19182</rotate><rotate sid="rotateY">0 1 0 -0.176579</rotate><rotate sid="rotateX">1 0 0 -3.78094</rotate>
              <node id="mixamorigwLeftShoulder" sid="mixamorigwLeftShoulder" name="mixamorigwLeftShoulder" type="JOINT">
                <translate sid="translate">0.0413714 0.0784539 -0.0038093</translate><rotate sid="rotateZ">0 0 1 123.884</rotate><rotate sid="rotateY">0 1 0 79.7802</rotate><rotate sid="rotateX">1 0 0 -146.045</rotate>
                <node id="mixamorigwLeftArm" sid="mixamorigwLeftArm" name="mixamorigwLeftArm" type="JOINT">
                  <translate sid="translate">3.21959e-10 0.163973 1.64123e-07</translate><rotate sid="rotateZ">0 0 1 -0.783161</rotate><rotate sid="rotateY">0 1 0 12.523</rotate><rotate sid="rotateX">1 0 0 11.2771</rotate>
                  <node id="mixamorigwLeftForeArm" sid="mixamorigwLeftForeArm" name="mixamorigwLeftForeArm" type="JOINT">
                    <translate sid="translate">-5.05447e-09 0.244293 5.93901e-08</translate><rotate sid="rotateZ">0 0 1 11.1568</rotate><rotate sid="rotateY">0 1 0 -11.3059</rotate><rotate sid="rotateX">1 0 0 -14.1697</rotate>
                    <node id="mixamorigwLeftHand" sid="mixamorigwLeftHand" name="mixamorigwLeftHand" type="JOINT">
                      <translate sid="translate">0 0.241261 -6.83933e-08</translate><rotate sid="rotateZ">0 0 1 3.25059</rotate><rotate sid="rotateY">0 1 0 -1.19002</rotate><rotate sid="rotateX">1 0 0 -1.26142</rotate>
                    </node>
                  </node>
                </node>
              </node>
              <node id="mixamorigwRightShoulder" sid="mixamorigwRightShoulder" name="mixamorigwRightShoulder" type="JOINT">
                <translate sid="translate">-0.0410677 0.0751698 -0.00338566</translate><rotate sid="rotateZ">0 0 1 -118.947</rotate><rotate sid="rotateY">0 1 0 -80.3951</rotate><rotate sid="rotateX">1 0 0 -151.887</rotate>
                <node id="mixamorigwRightArm" sid="mixamorigwRightArm" name="mixamorigwRightArm" type="JOINT">
                  <translate sid="translate">-2.05053e-09 0.167019 1.625e-07</translate><rotate sid="rotateZ">0 0 1 1.30783</rotate><rotate sid="rotateY">0 1 0 -12.3417</rotate><rotate sid="rotateX">1 0 0 11.0505</rotate>
                  <node id="mixamorigwRightForeArm" sid="mixamorigwRightForeArm" name="mixamorigwRightForeArm" type="JOINT">
                    <translate sid="translate">-1.01089e-08 0.228275 2.43878e-07</translate><rotate sid="rotateZ">0 0 1 -10.7264</rotate><rotate sid="rotateY">0 1 0 12.105</rotate><rotate sid="rotateX">1 0 0 -14.6911</rotate>
                    <node id="mixamorigwRightHand" sid="mixamorigwRightHand" name="mixamorigwRightHand" type="JOINT">
                      <translate sid="translate">-1.26362e-09 0.252898 9.16123e-09</translate><rotate sid="rotateZ">0 0 1 -2.56611</rotate><rotate sid="rotateY">0 1 0 -1.58702</rotate><rotate sid="rotateX">1 0 0 1.78527</rotate>
                    </node>
                  </node>
                </node>
              </node>
              <node id="mixamorigwNeck" sid="mixamorigwNeck" name="mixamorigwNeck" type="JOINT">
                <translate sid="translate">-0.000303676 0.108811 0.00719515</translate><rotate sid="rotateZ">0 0 1 0.145701</rotate><rotate sid="rotateY">0 1 0 -0.214868</rotate><rotate sid="rotateX">1 0 0 3.78319</rotate>
                <node id="mixamorigwHead" sid="mixamorigwHead" name="mixamorigwHead" type="JOINT">
                  <translate sid="translate">-7.50273e-10 0.0723255 -4.75042e-08</translate><rotate sid="rotateZ">0 0 1 -0.401626</rotate><rotate sid="rotateY">0 1 0 0.168327</rotate><rotate sid="rotateX">1 0 0 39.0239</rotate>
                  <node id="mixamorigwHeadTop_End" sid="mixamorigwHeadTop_End" name="mixamorigwHeadTop_End" type="JOINT">
                    <translate sid="translate">-0.00110642 0.226769 -0.109048</translate><rotate sid="rotateZ">0 0 1 0.251929</rotate><rotate sid="rotateY">0 1 0 0.0574274</rotate><rotate sid="rotateX">1 0 0 -25.6815</rotate>
                  </node>
                  <node id="mixamorigwHeadFront" sid="mixamorigwHeadFront" name="mixamorigwHeadFront" type="JOINT">
                    <translate sid="translate">0.0011064 0.0745082 0.109048</translate><rotate sid="rotateZ">0 0 1 -0.479981</rotate><rotate sid="rotateY">0 1 0 0.253356</rotate><rotate sid="rotateX">1 0 0 55.6544</rotate>
                  </node>
                </node>
              </node>
            </node>
          </node>
        </node>
      </node>
      <node id="Mesh_0" name="Mesh_0" type="NODE">
        <translate sid="translate">0 0 0</translate><rotate sid="rotateZ">0 0 1 0</rotate><rotate sid="rotateY">0 1 0 -0</rotate><rotate sid="rotateX">1 0 0 -90</rotate><scale sid="scale">100 100 100</scale><instance_controller url="#Mesh_0_1-skin">
          <skeleton>#mixamorigwHips</skeleton>
          <bind_material><technique_common><instance_material symbol="defaultMaterial" target="#%s"><bind_vertex_input semantic="CHANNEL0" input_semantic="TEXCOORD" input_set="0" /></instance_material></technique_common></bind_material>
        </instance_controller>
      </node>
    </visual_scene>
  </library_visual_scenes>
  <library_animations>
    <animation id="hpl_mixamorigwHips">
      <source id="hpl_mixamorigwHips-time"><float_array id="hpl_mixamorigwHips-time-array" count="60">0 1 2 3 4 5 6 7 8 9 10 11 12 13 14 15 16 17 18 19 20 21 22 23 24 25 26 27 28 29 30 31 32 33 34 35 36 37 38 39 40 41 42 43 44 45 46 47 48 49 50 51 52 53 54 55 56 57 58 59</float_array><technique_common><accessor source="#hpl_mixamorigwHips-time-array" count="60" stride="1" /></technique_common></source>
      <source id="hpl_mixamorigwHips-trans"><float_array id="hpl_mixamorigwHips-trans-array" count="180">0.00774702 0.945242 0.0335566 0.00982568 0.945096 0.0346773 0.0123468 0.944518 0.0356399 0.0153673 0.943521 0.0368062 0.0188678 0.94267 0.0382717 0.0228864 0.942266 0.0399854 0.02707 0.942317 0.0416755 0.0314115 0.942621 0.0430956 0.0358477 0.942961 0.0441122 0.0398804 0.9433 0.0452076 0.0439504 0.942677 0.0455228 0.0477896 0.941868 0.0457206 0.0522439 0.941047 0.0454156 0.0570583 0.939771 0.0446974 0.0625699 0.939555 0.0439892 0.0684991 0.94059 0.0430627 0.0755793 0.942522 0.041773 0.0833468 0.944706 0.0404108 0.0917087 0.946823 0.0385057 0.101539 0.94757 0.0367095 0.111164 0.945317 0.0345728 0.121069 0.944902 0.0319726 0.130854 0.945586 0.0275497 0.139755 0.946435 0.0219401 0.147512 0.947361 0.0158051 0.153863 0.949352 0.00894663 0.159176 0.950507 0.00243321 0.164042 0.951889 -0.0036138 0.167771 0.952641 -0.00931254 0.171054 0.952619 -0.0142689 0.173335 0.95206 -0.019049 0.174826 0.951562 -0.0229659 0.175535 0.951301 -0.0262065 0.174708 0.951089 -0.0290397 0.172391 0.950898 -0.0315338 0.169433 0.950629 -0.033706 0.165987 0.950166 -0.0357388 0.161309 0.94966 -0.0369266 0.15542 0.949082 -0.0380837 0.148416 0.948627 -0.0390012 0.139832 0.948264 -0.0390584 0.130962 0.947512 -0.0380102 0.120767 0.947026 -0.0367846 0.109349 0.947557 -0.0351923 0.097847 0.948069 -0.0331139 0.0863094 0.948015 -0.0309503 0.0746615 0.947203 -0.0281623 0.0630111 0.945922 -0.0255552 0.0514416 0.944654 -0.0223504 0.0405142 0.943074 -0.0190071 0.0309102 0.940491 -0.0149046 0.0228912 0.937977 -0.0107249 0.0164152 0.939525 -0.00620794 0.012166 0.943143 -0.00105338 0.00965529 0.946319 0.00494201 0.0081107 0.948098 0.0109358 0.00714821 0.949315 0.0169121 0.00671486 0.949396 0.0227664 0.00667002 0.948867 0.0286221 0.00774702 0.948559 0.0335566</float_array><technique_common><accessor source="#hpl_mixamorigwHips-trans-array" count="60" stride="3" /></technique_common></source>
      <source id="hpl_mixamorigwHips-rotz"><float_array id="hpl_mixamorigwHips-rotz-array" count="60">-128.656 -127.775 -127.093 -126.664 -126.582 -126.769 -127.101 -127.59 -128.159 -128.539 -128.887 -129.144 -129.281 -129.387 -129.517 -129.741 -130.14 -130.764 -131.635 -132.697 -133.625 -133.766 -133.135 -132.743 -132.636 -132.73 -133.138 -133.557 -133.977 -134.31 -134.627 -134.989 -135.383 -135.84 -136.314 -136.75 -137.117 -137.382 -137.542 -137.611 -137.646 -137.724 -137.893 -138.608 -139.168 -139.516 -139.858 -140.305 -140.785 -141.167 -141.11 -140.552 -139.493 -137.944 -136.176 -134.358 -132.601 -131.28 -130.476 -129.749</float_array><technique_common><accessor source="#hpl_mixamorigwHips-rotz-array" count="60" stride="1" /></technique_common></source>
      <source id="hpl_mixamorigwHips-roty"><float_array id="hpl_mixamorigwHips-roty-array" count="60">-54.3798 -54.9586 -55.4268 -55.7493 -55.8947 -55.8629 -55.7343 -55.5147 -55.2272 -55.0204 -54.8452 -54.7217 -54.6379 -54.5325 -54.3142 -53.9128 -53.3381 -52.6126 -51.7248 -50.744 -49.7995 -49.0869 -48.6434 -48.2596 -47.7259 -47.0028 -46.2585 -45.6635 -45.0937 -44.6639 -44.3863 -44.1963 -44.0555 -43.9234 -43.8303 -43.7967 -43.8111 -43.8566 -43.91 -43.9764 -44.1021 -44.196 -44.3756 -44.4338 -44.666 -45.0922 -45.5582 -46.0296 -46.5835 -47.3397 -48.2291 -49.2385 -50.2539 -51.3095 -52.2677 -53.0968 -53.7926 -54.2747 -54.6735 -55.1714</float_array><technique_common><accessor source="#hpl_mixamorigwHips-roty-array" count="60" stride="1" /></technique_common></source>
      <source id="hpl_mixamorigwHips-rotx"><float_array id="hpl_mixamorigwHips-rotx-array" count="60">18.3843 16.9798 15.7978 14.9471 14.5605 14.5774 14.8431 15.3618 16.0733 16.5819 17.0852 17.4691 17.705 17.9174 18.3011 18.9164 19.7759 20.8645 22.1442 23.5029 24.5662 25.0352 25.0332 25.0175 25.1143 25.4045 25.9552 26.55 27.3412 28.2299 29.1848 30.1217 30.9267 31.6688 32.3283 32.8923 33.3974 33.7702 33.9711 33.9666 33.7491 33.4137 32.9764 32.4724 31.9261 31.4035 30.9603 30.5759 30.2174 29.8112 29.3389 28.774 28.0996 27.1187 25.9214 24.5058 22.9212 21.5874 20.5658 19.5059</float_array><technique_common><accessor source="#hpl_mixamorigwHips-rotx-array" count="60" stride="1" /></technique_common></source>
      <sampler id="hpl_mixamorigwHips-trans-sampler"><input semantic="INPUT" source="#hpl_mixamorigwHips-time" /><input semantic="OUTPUT" source="#hpl_mixamorigwHips-trans" /></sampler><channel source="#hpl_mixamorigwHips-trans-sampler" target="mixamorigwHips/translate" />
      <sampler id="hpl_mixamorigwHips-rotz-sampler"><input semantic="INPUT" source="#hpl_mixamorigwHips-time" /><input semantic="OUTPUT" source="#hpl_mixamorigwHips-rotz" /></sampler><channel source="#hpl_mixamorigwHips-rotz-sampler" target="mixamorigwHips/rotateZ.ANGLE" />
      <sampler id="hpl_mixamorigwHips-roty-sampler"><input semantic="INPUT" source="#hpl_mixamorigwHips-time" /><input semantic="OUTPUT" source="#hpl_mixamorigwHips-roty" /></sampler><channel source="#hpl_mixamorigwHips-roty-sampler" target="mixamorigwHips/rotateY.ANGLE" />
      <sampler id="hpl_mixamorigwHips-rotx-sampler"><input semantic="INPUT" source="#hpl_mixamorigwHips-time" /><input semantic="OUTPUT" source="#hpl_mixamorigwHips-rotx" /></sampler><channel source="#hpl_mixamorigwHips-rotx-sampler" target="mixamorigwHips/rotateX.ANGLE" />
    </animation>
    <animation id="hpl_mixamorigwLeftUpLeg">
      <source id="hpl_mixamorigwLeftUpLeg-time"><float_array id="hpl_mixamorigwLeftUpLeg-time-array" count="60">0 1 2 3 4 5 6 7 8 9 10 11 12 13 14 15 16 17 18 19 20 21 22 23 24 25 26 27 28 29 30 31 32 33 34 35 36 37 38 39 40 41 42 43 44 45 46 47 48 49 50 51 52 53 54 55 56 57 58 59</float_array><technique_common><accessor source="#hpl_mixamorigwLeftUpLeg-time-array" count="60" stride="1" /></technique_common></source>
      <source id="hpl_mixamorigwLeftUpLeg-trans"><float_array id="hpl_mixamorigwLeftUpLeg-trans-array" count="180">0.00280581 0.112246 -0.0611913 0.00280581 0.112246 -0.0611913 0.00280581 0.112246 -0.0611913 0.00280581 0.112246 -0.0611913 0.00280581 0.112246 -0.0611913 0.00280581 0.112246 -0.0611913 0.00280581 0.112246 -0.0611913 0.00280581 0.112246 -0.0611913 0.00280581 0.112246 -0.0611913 0.00280581 0.112246 -0.0611913 0.00280581 0.112246 -0.0611913 0.00280581 0.112246 -0.0611913 0.00280581 0.112246 -0.0611913 0.00280581 0.112246 -0.0611913 0.00280581 0.112246 -0.0611913 0.00280581 0.112246 -0.0611913 0.00280581 0.112246 -0.0611913 0.00280581 0.112246 -0.0611913 0.00280581 0.112246 -0.0611913 0.00280581 0.112246 -0.0611913 0.00280581 0.112246 -0.0611913 0.00280581 0.112246 -0.0611913 0.00280581 0.112246 -0.0611913 0.00280581 0.112246 -0.0611913 0.00280581 0.112246 -0.0611913 0.00280581 0.112246 -0.0611913 0.00280581 0.112246 -0.0611913 0.00280581 0.112246 -0.0611913 0.00280581 0.112246 -0.0611913 0.00280581 0.112246 -0.0611913 0.00280581 0.112246 -0.0611913 0.00280581 0.112246 -0.0611913 0.00280581 0.112246 -0.0611913 0.00280581 0.112246 -0.0611913 0.00280581 0.112246 -0.0611913 0.00280581 0.112246 -0.0611913 0.00280581 0.112246 -0.0611913 0.00280581 0.112246 -0.0611913 0.00280581 0.112246 -0.0611913 0.00280581 0.112246 -0.0611913 0.00280581 0.112246 -0.0611913 0.00280581 0.112246 -0.0611913 0.00280581 0.112246 -0.0611913 0.00280581 0.112246 -0.0611913 0.00280581 0.112246 -0.0611913 0.00280581 0.112246 -0.0611913 0.00280581 0.112246 -0.0611913 0.00280581 0.112246 -0.0611913 0.00280581 0.112246 -0.0611913 0.00280581 0.112246 -0.0611913 0.00280581 0.112246 -0.0611913 0.00280581 0.112246 -0.0611913 0.00280581 0.112246 -0.0611913 0.00280581 0.112246 -0.0611913 0.00280581 0.112246 -0.0611913 0.00280581 0.112246 -0.0611913 0.00280581 0.112246 -0.0611913 0.00280581 0.112246 -0.0611913 0.00280581 0.112246 -0.0611913 0.00280581 0.112246 -0.0611913</float_array><technique_common><accessor source="#hpl_mixamorigwLeftUpLeg-trans-array" count="60" stride="3" /></technique_common></source>
      <source id="hpl_mixamorigwLeftUpLeg-rotz"><float_array id="hpl_mixamorigwLeftUpLeg-rotz-array" count="60">122.274 122.699 123.209 123.812 124.455 125.034 125.569 126.081 126.279 126.201 125.72 124.992 123.911 122.439 120.22 117.198 113.638 110.022 106.927 105.106 105.418 105.99 106.27 106.923 107.93 109.004 110.349 111.337 112.144 112.846 113.512 114.196 114.918 115.777 116.724 117.666 118.563 119.463 120.398 121.376 122.429 123.645 125.336 127.463 129.315 130.872 132.467 134.058 135.419 136.292 136.272 135.54 133.984 131.695 128.937 126.146 123.718 121.811 120.326 119.179</float_array><technique_common><accessor source="#hpl_mixamorigwLeftUpLeg-rotz-array" count="60" stride="1" /></technique_common></source>
      <source id="hpl_mixamorigwLeftUpLeg-roty"><float_array id="hpl_mixamorigwLeftUpLeg-roty-array" count="60">-6.33361 -6.42225 -6.41269 -6.26067 -5.99955 -5.61926 -5.25207 -4.80281 -4.4445 -4.12771 -3.94354 -3.91662 -4.01837 -5.27001 -7.55974 -10.736 -14.3505 -17.788 -20.5692 -22.034 -21.4097 -20.0259 -18.4195 -17.0025 -15.6839 -14.5021 -13.3059 -12.2922 -11.2533 -10.0591 -8.85267 -7.76794 -6.88878 -6.20648 -5.6956 -5.27761 -4.87852 -4.63098 -4.46972 -4.46192 -4.72747 -5.07435 -5.44837 -6.44331 -7.4888 -8.4378 -9.29678 -10.2286 -11.3583 -12.6504 -13.7835 -14.3073 -14.2386 -13.8547 -13.4134 -13.0345 -12.7627 -12.6729 -12.9621 -13.5002</float_array><technique_common><accessor source="#hpl_mixamorigwLeftUpLeg-roty-array" count="60" stride="1" /></technique_common></source>
      <source id="hpl_mixamorigwLeftUpLeg-rotx"><float_array id="hpl_mixamorigwLeftUpLeg-rotx-array" count="60">-134.737 -135.009 -135.406 -135.829 -136.071 -135.999 -135.832 -135.405 -134.906 -135.231 -135.995 -136.827 -137.584 -138.201 -138.427 -138.106 -137.107 -135.433 -133.184 -130.69 -128.779 -129.549 -130.082 -130.756 -131.563 -132.227 -132.734 -132.815 -132.764 -132.612 -132.426 -132.058 -131.62 -131.202 -130.792 -130.508 -130.176 -129.726 -129.52 -129.426 -129.382 -129.558 -129.753 -130.027 -130.123 -130.156 -130.294 -130.619 -130.784 -130.934 -132.134 -133.607 -135.05 -136.107 -136.826 -137.295 -137.507 -137.389 -136.944 -136.637</float_array><technique_common><accessor source="#hpl_mixamorigwLeftUpLeg-rotx-array" count="60" stride="1" /></technique_common></source>
      <sampler id="hpl_mixamorigwLeftUpLeg-trans-sampler"><input semantic="INPUT" source="#hpl_mixamorigwLeftUpLeg-time" /><input semantic="OUTPUT" source="#hpl_mixamorigwLeftUpLeg-trans" /></sampler><channel source="#hpl_mixamorigwLeftUpLeg-trans-sampler" target="mixamorigwLeftUpLeg/translate" />
      <sampler id="hpl_mixamorigwLeftUpLeg-rotz-sampler"><input semantic="INPUT" source="#hpl_mixamorigwLeftUpLeg-time" /><input semantic="OUTPUT" source="#hpl_mixamorigwLeftUpLeg-rotz" /></sampler><channel source="#hpl_mixamorigwLeftUpLeg-rotz-sampler" target="mixamorigwLeftUpLeg/rotateZ.ANGLE" />
      <sampler id="hpl_mixamorigwLeftUpLeg-roty-sampler"><input semantic="INPUT" source="#hpl_mixamorigwLeftUpLeg-time" /><input semantic="OUTPUT" source="#hpl_mixamorigwLeftUpLeg-roty" /></sampler><channel source="#hpl_mixamorigwLeftUpLeg-roty-sampler" target="mixamorigwLeftUpLeg/rotateY.ANGLE" />
      <sampler id="hpl_mixamorigwLeftUpLeg-rotx-sampler"><input semantic="INPUT" source="#hpl_mixamorigwLeftUpLeg-time" /><input semantic="OUTPUT" source="#hpl_mixamorigwLeftUpLeg-rotx" /></sampler><channel source="#hpl_mixamorigwLeftUpLeg-rotx-sampler" target="mixamorigwLeftUpLeg/rotateX.ANGLE" />
    </animation>
    <animation id="hpl_mixamorigwLeftLeg">
      <source id="hpl_mixamorigwLeftLeg-time"><float_array id="hpl_mixamorigwLeftLeg-time-array" count="60">0 1 2 3 4 5 6 7 8 9 10 11 12 13 14 15 16 17 18 19 20 21 22 23 24 25 26 27 28 29 30 31 32 33 34 35 36 37 38 39 40 41 42 43 44 45 46 47 48 49 50 51 52 53 54 55 56 57 58 59</float_array><technique_common><accessor source="#hpl_mixamorigwLeftLeg-time-array" count="60" stride="1" /></technique_common></source>
      <source id="hpl_mixamorigwLeftLeg-trans"><float_array id="hpl_mixamorigwLeftLeg-trans-array" count="180">1.49007e-07 0.362107 -3.16007e-07 1.49007e-07 0.362107 -3.16007e-07 1.49007e-07 0.362107 -3.16007e-07 1.49007e-07 0.362107 -3.16007e-07 1.49007e-07 0.362107 -3.16007e-07 1.49007e-07 0.362107 -3.16007e-07 1.49007e-07 0.362107 -3.16007e-07 1.49007e-07 0.362107 -3.16007e-07 1.49007e-07 0.362107 -3.16007e-07 1.49007e-07 0.362107 -3.16007e-07 1.49007e-07 0.362107 -3.16007e-07 1.49007e-07 0.362107 -3.16007e-07 1.49007e-07 0.362107 -3.16007e-07 1.49007e-07 0.362107 -3.16007e-07 1.49007e-07 0.362107 -3.16007e-07 1.49007e-07 0.362107 -3.16007e-07 1.49007e-07 0.362107 -3.16007e-07 1.49007e-07 0.362107 -3.16007e-07 1.49007e-07 0.362107 -3.16007e-07 1.49007e-07 0.362107 -3.16007e-07 1.49007e-07 0.362107 -3.16007e-07 1.49007e-07 0.362107 -3.16007e-07 1.49007e-07 0.362107 -3.16007e-07 1.49007e-07 0.362107 -3.16007e-07 1.49007e-07 0.362107 -3.16007e-07 1.49007e-07 0.362107 -3.16007e-07 1.49007e-07 0.362107 -3.16007e-07 1.49007e-07 0.362107 -3.16007e-07 1.49007e-07 0.362107 -3.16007e-07 1.49007e-07 0.362107 -3.16007e-07 1.49007e-07 0.362107 -3.16007e-07 1.49007e-07 0.362107 -3.16007e-07 1.49007e-07 0.362107 -3.16007e-07 1.49007e-07 0.362107 -3.16007e-07 1.49007e-07 0.362107 -3.16007e-07 1.49007e-07 0.362107 -3.16007e-07 1.49007e-07 0.362107 -3.16007e-07 1.49007e-07 0.362107 -3.16007e-07 1.49007e-07 0.362107 -3.16007e-07 1.49007e-07 0.362107 -3.16007e-07 1.49007e-07 0.362107 -3.16007e-07 1.49007e-07 0.362107 -3.16007e-07 1.49007e-07 0.362107 -3.16007e-07 1.49007e-07 0.362107 -3.16007e-07 1.49007e-07 0.362107 -3.16007e-07 1.49007e-07 0.362107 -3.16007e-07 1.49007e-07 0.362107 -3.16007e-07 1.49007e-07 0.362107 -3.16007e-07 1.49007e-07 0.362107 -3.16007e-07 1.49007e-07 0.362107 -3.16007e-07 1.49007e-07 0.362107 -3.16007e-07 1.49007e-07 0.362107 -3.16007e-07 1.49007e-07 0.362107 -3.16007e-07 1.49007e-07 0.362107 -3.16007e-07 1.49007e-07 0.362107 -3.16007e-07 1.49007e-07 0.362107 -3.16007e-07 1.49007e-07 0.362107 -3.16007e-07 1.49007e-07 0.362107 -3.16007e-07 1.49007e-07 0.362107 -3.16007e-07 1.49007e-07 0.362107 -3.16007e-07</float_array><technique_common><accessor source="#hpl_mixamorigwLeftLeg-trans-array" count="60" stride="3" /></technique_common></source>
      <source id="hpl_mixamorigwLeftLeg-rotz"><float_array id="hpl_mixamorigwLeftLeg-rotz-array" count="60">-1.95644 -1.95684 -1.98411 -2.02556 -2.06393 -2.08699 -2.09075 -2.08586 -2.05881 -2.17248 -2.33018 -2.4779 -2.58975 -2.66016 -2.66509 -2.60937 -2.5077 -2.375 -2.17617 -1.8553 -1.56918 -1.66953 -1.66532 -1.60709 -1.57085 -1.54878 -1.52666 -1.4861 -1.44811 -1.4161 -1.40339 -1.38985 -1.37539 -1.36724 -1.36554 -1.36833 -1.37679 -1.38498 -1.40212 -1.4269 -1.41581 -1.37423 -1.41607 -1.42204 -1.3922 -1.36489 -1.36479 -1.37958 -1.366 -1.39436 -1.61239 -1.89345 -2.1313 -2.31409 -2.39253 -2.35925 -2.25863 -2.1004 -1.89072 -1.74491</float_array><technique_common><accessor source="#hpl_mixamorigwLeftLeg-rotz-array" count="60" stride="1" /></technique_common></source>
      <source id="hpl_mixamorigwLeftLeg-roty"><float_array id="hpl_mixamorigwLeftLeg-roty-array" count="60">2.8639 2.85205 2.8575 2.87225 2.88562 2.88141 2.85531 2.82134 2.70299 2.7022 2.72676 2.76754 2.82259 2.87093 3.01096 3.22786 3.41482 3.54845 3.54917 3.41874 3.10262 2.95036 2.86278 2.81625 2.81313 2.70622 2.65846 2.58439 2.4997 2.43323 2.36509 2.29676 2.26899 2.22195 2.21032 2.20388 2.21375 2.22429 2.24993 2.25161 2.24255 2.34287 2.39259 2.42322 2.40577 2.3959 2.38328 2.3976 2.38612 2.40972 2.49115 2.61065 2.70731 2.82526 2.94163 2.95514 2.83107 2.66227 2.5342 2.54925</float_array><technique_common><accessor source="#hpl_mixamorigwLeftLeg-roty-array" count="60" stride="1" /></technique_common></source>
      <source id="hpl_mixamorigwLeftLeg-rotx"><float_array id="hpl_mixamorigwLeftLeg-rotx-array" count="60">27.4801 27.8152 28.4169 29.1779 29.7643 29.9793 29.8426 29.5224 29.1039 30.4272 32.6992 35.1083 37.3053 39.1078 40.183 40.1732 39.0124 36.8129 33.5082 29.4203 25.1726 25.6437 25.1252 24.7327 24.422 23.7385 23.0609 22.0998 21.3032 20.7813 20.5702 20.2943 19.9561 19.7016 19.5008 19.4319 19.4618 19.382 19.4366 19.4819 19.5203 19.9028 20.1262 20.0365 19.6992 19.4549 19.5262 19.871 20.0397 20.4488 23.7406 27.8724 32.147 35.568 37.4096 37.2446 35.2632 31.8754 27.8785 25.7595</float_array><technique_common><accessor source="#hpl_mixamorigwLeftLeg-rotx-array" count="60" stride="1" /></technique_common></source>
      <sampler id="hpl_mixamorigwLeftLeg-trans-sampler"><input semantic="INPUT" source="#hpl_mixamorigwLeftLeg-time" /><input semantic="OUTPUT" source="#hpl_mixamorigwLeftLeg-trans" /></sampler><channel source="#hpl_mixamorigwLeftLeg-trans-sampler" target="mixamorigwLeftLeg/translate" />
      <sampler id="hpl_mixamorigwLeftLeg-rotz-sampler"><input semantic="INPUT" source="#hpl_mixamorigwLeftLeg-time" /><input semantic="OUTPUT" source="#hpl_mixamorigwLeftLeg-rotz" /></sampler><channel source="#hpl_mixamorigwLeftLeg-rotz-sampler" target="mixamorigwLeftLeg/rotateZ.ANGLE" />
      <sampler id="hpl_mixamorigwLeftLeg-roty-sampler"><input semantic="INPUT" source="#hpl_mixamorigwLeftLeg-time" /><input semantic="OUTPUT" source="#hpl_mixamorigwLeftLeg-roty" /></sampler><channel source="#hpl_mixamorigwLeftLeg-roty-sampler" target="mixamorigwLeftLeg/rotateY.ANGLE" />
      <sampler id="hpl_mixamorigwLeftLeg-rotx-sampler"><input semantic="INPUT" source="#hpl_mixamorigwLeftLeg-time" /><input semantic="OUTPUT" source="#hpl_mixamorigwLeftLeg-rotx" /></sampler><channel source="#hpl_mixamorigwLeftLeg-rotx-sampler" target="mixamorigwLeftLeg/rotateX.ANGLE" />
    </animation>
    <animation id="hpl_mixamorigwLeftFoot">
      <source id="hpl_mixamorigwLeftFoot-time"><float_array id="hpl_mixamorigwLeftFoot-time-array" count="60">0 1 2 3 4 5 6 7 8 9 10 11 12 13 14 15 16 17 18 19 20 21 22 23 24 25 26 27 28 29 30 31 32 33 34 35 36 37 38 39 40 41 42 43 44 45 46 47 48 49 50 51 52 53 54 55 56 57 58 59</float_array><technique_common><accessor source="#hpl_mixamorigwLeftFoot-time-array" count="60" stride="1" /></technique_common></source>
      <source id="hpl_mixamorigwLeftFoot-trans"><float_array id="hpl_mixamorigwLeftFoot-trans-array" count="180">-1.80763e-07 0.371859 4.86242e-08 -1.80763e-07 0.371859 4.86242e-08 -1.80763e-07 0.371859 4.86242e-08 -1.80763e-07 0.371859 4.86242e-08 -1.80763e-07 0.371859 4.86242e-08 -1.80763e-07 0.371859 4.86242e-08 -1.80763e-07 0.371859 4.86242e-08 -1.80763e-07 0.371859 4.86242e-08 -1.80763e-07 0.371859 4.86242e-08 -1.80763e-07 0.371859 4.86242e-08 -1.80763e-07 0.371859 4.86242e-08 -1.80763e-07 0.371859 4.86242e-08 -1.80763e-07 0.371859 4.86242e-08 -1.80763e-07 0.371859 4.86242e-08 -1.80763e-07 0.371859 4.86242e-08 -1.80763e-07 0.371859 4.86242e-08 -1.80763e-07 0.371859 4.86242e-08 -1.80763e-07 0.371859 4.86242e-08 -1.80763e-07 0.371859 4.86242e-08 -1.80763e-07 0.371859 4.86242e-08 -1.80763e-07 0.371859 4.86242e-08 -1.80763e-07 0.371859 4.86242e-08 -1.80763e-07 0.371859 4.86242e-08 -1.80763e-07 0.371859 4.86242e-08 -1.80763e-07 0.371859 4.86242e-08 -1.80763e-07 0.371859 4.86242e-08 -1.80763e-07 0.371859 4.86242e-08 -1.80763e-07 0.371859 4.86242e-08 -1.80763e-07 0.371859 4.86242e-08 -1.80763e-07 0.371859 4.86242e-08 -1.80763e-07 0.371859 4.86242e-08 -1.80763e-07 0.371859 4.86242e-08 -1.80763e-07 0.371859 4.86242e-08 -1.80763e-07 0.371859 4.86242e-08 -1.80763e-07 0.371859 4.86242e-08 -1.80763e-07 0.371859 4.86242e-08 -1.80763e-07 0.371859 4.86242e-08 -1.80763e-07 0.371859 4.86242e-08 -1.80763e-07 0.371859 4.86242e-08 -1.80763e-07 0.371859 4.86242e-08 -1.80763e-07 0.371859 4.86242e-08 -1.80763e-07 0.371859 4.86242e-08 -1.80763e-07 0.371859 4.86242e-08 -1.80763e-07 0.371859 4.86242e-08 -1.80763e-07 0.371859 4.86242e-08 -1.80763e-07 0.371859 4.86242e-08 -1.80763e-07 0.371859 4.86242e-08 -1.80763e-07 0.371859 4.86242e-08 -1.80763e-07 0.371859 4.86242e-08 -1.80763e-07 0.371859 4.86242e-08 -1.80763e-07 0.371859 4.86242e-08 -1.80763e-07 0.371859 4.86242e-08 -1.80763e-07 0.371859 4.86242e-08 -1.80763e-07 0.371859 4.86242e-08 -1.80763e-07 0.371859 4.86242e-08 -1.80763e-07 0.371859 4.86242e-08 -1.80763e-07 0.371859 4.86242e-08 -1.80763e-07 0.371859 4.86242e-08 -1.80763e-07 0.371859 4.86242e-08 -1.80763e-07 0.371859 4.86242e-08</float_array><technique_common><accessor source="#hpl_mixamorigwLeftFoot-trans-array" count="60" stride="3" /></technique_common></source>
      <source id="hpl_mixamorigwLeftFoot-rotz"><float_array id="hpl_mixamorigwLeftFoot-rotz-array" count="60">3.74557 3.84333 4.04994 4.31366 4.60256 4.87442 5.21615 5.52666 5.7324 5.90213 5.87473 5.70877 5.26064 4.90402 5.46648 6.91416 8.52328 9.60963 9.5608 8.55036 7.21634 5.23505 4.31239 3.50972 2.88876 2.56683 2.32984 2.11267 1.91907 1.73645 1.55391 1.35712 1.19148 1.14138 1.24783 1.44036 1.69366 2.10475 2.63428 3.298 4.18615 5.22589 6.25409 7.37578 8.42732 9.3535 10.1865 10.9768 11.4328 11.4062 10.6506 8.03989 4.19247 2.90453 4.48817 6.29413 7.1657 7.1445 6.67727 5.66185</float_array><technique_common><accessor source="#hpl_mixamorigwLeftFoot-rotz-array" count="60" stride="1" /></technique_common></source>
      <source id="hpl_mixamorigwLeftFoot-roty"><float_array id="hpl_mixamorigwLeftFoot-roty-array" count="60">-2.70181 -2.97387 -3.19464 -3.46054 -3.96239 -4.76272 -5.67436 -6.56995 -7.52563 -7.9766 -8.08382 -7.68726 -6.7756 -4.20863 -0.107747 5.57549 10.6826 13.9387 15.3723 15.6608 14.6585 12.8494 11.5327 10.812 10.0641 9.20006 8.22309 7.05334 5.66132 4.08317 2.47977 0.893403 -0.619668 -2.03722 -3.39461 -4.63356 -5.78494 -6.80472 -7.66718 -8.3626 -9.01489 -9.73463 -9.75633 -9.84853 -10.0048 -10.1158 -9.98122 -9.96854 -10.3319 -11.1423 -12.1961 -14.3046 -15.9983 -14.8702 -10.84 -6.40213 -3.43738 -1.79252 -0.774651 -0.746476</float_array><technique_common><accessor source="#hpl_mixamorigwLeftFoot-roty-array" count="60" stride="1" /></technique_common></source>
      <source id="hpl_mixamorigwLeftFoot-rotx"><float_array id="hpl_mixamorigwLeftFoot-rotx-array" count="60">-73.2782 -73.5082 -73.8829 -74.3947 -74.9025 -75.3225 -75.5439 -75.7281 -75.8513 -75.4462 -74.3814 -73.0282 -71.4243 -69.7559 -68.605 -67.75 -67.3755 -67.566 -68.1004 -69.5064 -72.2852 -73.1897 -72.9114 -72.5377 -72.1937 -71.6167 -71.1229 -70.533 -70.102 -69.8795 -69.8482 -69.8487 -69.844 -69.9014 -69.9924 -70.1199 -70.3111 -70.5003 -70.7084 -70.8898 -71.0956 -71.5375 -71.8141 -71.8976 -71.8338 -71.7723 -71.8551 -72.0244 -72.113 -72.0911 -71.1056 -69.4237 -67.7603 -67.6145 -68.5064 -69.347 -70.1145 -70.7032 -70.3717 -68.4621</float_array><technique_common><accessor source="#hpl_mixamorigwLeftFoot-rotx-array" count="60" stride="1" /></technique_common></source>
      <sampler id="hpl_mixamorigwLeftFoot-trans-sampler"><input semantic="INPUT" source="#hpl_mixamorigwLeftFoot-time" /><input semantic="OUTPUT" source="#hpl_mixamorigwLeftFoot-trans" /></sampler><channel source="#hpl_mixamorigwLeftFoot-trans-sampler" target="mixamorigwLeftFoot/translate" />
      <sampler id="hpl_mixamorigwLeftFoot-rotz-sampler"><input semantic="INPUT" source="#hpl_mixamorigwLeftFoot-time" /><input semantic="OUTPUT" source="#hpl_mixamorigwLeftFoot-rotz" /></sampler><channel source="#hpl_mixamorigwLeftFoot-rotz-sampler" target="mixamorigwLeftFoot/rotateZ.ANGLE" />
      <sampler id="hpl_mixamorigwLeftFoot-roty-sampler"><input semantic="INPUT" source="#hpl_mixamorigwLeftFoot-time" /><input semantic="OUTPUT" source="#hpl_mixamorigwLeftFoot-roty" /></sampler><channel source="#hpl_mixamorigwLeftFoot-roty-sampler" target="mixamorigwLeftFoot/rotateY.ANGLE" />
      <sampler id="hpl_mixamorigwLeftFoot-rotx-sampler"><input semantic="INPUT" source="#hpl_mixamorigwLeftFoot-time" /><input semantic="OUTPUT" source="#hpl_mixamorigwLeftFoot-rotx" /></sampler><channel source="#hpl_mixamorigwLeftFoot-rotx-sampler" target="mixamorigwLeftFoot/rotateX.ANGLE" />
    </animation>
    <animation id="hpl_mixamorigwLeftToeBase">
      <source id="hpl_mixamorigwLeftToeBase-time"><float_array id="hpl_mixamorigwLeftToeBase-time-array" count="60">0 1 2 3 4 5 6 7 8 9 10 11 12 13 14 15 16 17 18 19 20 21 22 23 24 25 26 27 28 29 30 31 32 33 34 35 36 37 38 39 40 41 42 43 44 45 46 47 48 49 50 51 52 53 54 55 56 57 58 59</float_array><technique_common><accessor source="#hpl_mixamorigwLeftToeBase-time-array" count="60" stride="1" /></technique_common></source>
      <source id="hpl_mixamorigwLeftToeBase-trans"><float_array id="hpl_mixamorigwLeftToeBase-trans-array" count="180">-2.3928e-07 0.161697 -1.12278e-08 -2.3928e-07 0.161697 -1.12278e-08 -2.3928e-07 0.161697 -1.12278e-08 -2.3928e-07 0.161697 -1.12278e-08 -2.3928e-07 0.161697 -1.12278e-08 -2.3928e-07 0.161697 -1.12278e-08 -2.3928e-07 0.161697 -1.12278e-08 -2.3928e-07 0.161697 -1.12278e-08 -2.3928e-07 0.161697 -1.12278e-08 -2.3928e-07 0.161697 -1.12278e-08 -2.3928e-07 0.161697 -1.12278e-08 -2.3928e-07 0.161697 -1.12278e-08 -2.3928e-07 0.161697 -1.12278e-08 -2.3928e-07 0.161697 -1.12278e-08 -2.3928e-07 0.161697 -1.12278e-08 -2.3928e-07 0.161697 -1.12278e-08 -2.3928e-07 0.161697 -1.12278e-08 -2.3928e-07 0.161697 -1.12278e-08 -2.3928e-07 0.161697 -1.12278e-08 -2.3928e-07 0.161697 -1.12278e-08 -2.3928e-07 0.161697 -1.12278e-08 -2.3928e-07 0.161697 -1.12278e-08 -2.3928e-07 0.161697 -1.12278e-08 -2.3928e-07 0.161697 -1.12278e-08 -2.3928e-07 0.161697 -1.12278e-08 -2.3928e-07 0.161697 -1.12278e-08 -2.3928e-07 0.161697 -1.12278e-08 -2.3928e-07 0.161697 -1.12278e-08 -2.3928e-07 0.161697 -1.12278e-08 -2.3928e-07 0.161697 -1.12278e-08 -2.3928e-07 0.161697 -1.12278e-08 -2.3928e-07 0.161697 -1.12278e-08 -2.3928e-07 0.161697 -1.12278e-08 -2.3928e-07 0.161697 -1.12278e-08 -2.3928e-07 0.161697 -1.12278e-08 -2.3928e-07 0.161697 -1.12278e-08 -2.3928e-07 0.161697 -1.12278e-08 -2.3928e-07 0.161697 -1.12278e-08 -2.3928e-07 0.161697 -1.12278e-08 -2.3928e-07 0.161697 -1.12278e-08 -2.3928e-07 0.161697 -1.12278e-08 -2.3928e-07 0.161697 -1.12278e-08 -2.3928e-07 0.161697 -1.12278e-08 -2.3928e-07 0.161697 -1.12278e-08 -2.3928e-07 0.161697 -1.12278e-08 -2.3928e-07 0.161697 -1.12278e-08 -2.3928e-07 0.161697 -1.12278e-08 -2.3928e-07 0.161697 -1.12278e-08 -2.3928e-07 0.161697 -1.12278e-08 -2.3928e-07 0.161697 -1.12278e-08 -2.3928e-07 0.161697 -1.12278e-08 -2.3928e-07 0.161697 -1.12278e-08 -2.3928e-07 0.161697 -1.12278e-08 -2.3928e-07 0.161697 -1.12278e-08 -2.3928e-07 0.161697 -1.12278e-08 -2.3928e-07 0.161697 -1.12278e-08 -2.3928e-07 0.161697 -1.12278e-08 -2.3928e-07 0.161697 -1.12278e-08 -2.3928e-07 0.161697 -1.12278e-08 -2.3928e-07 0.161697 -1.12278e-08</float_array><technique_common><accessor source="#hpl_mixamorigwLeftToeBase-trans-array" count="60" stride="3" /></technique_common></source>
      <source id="hpl_mixamorigwLeftToeBase-rotz"><float_array id="hpl_mixamorigwLeftToeBase-rotz-array" count="60">0.509138 0.514389 0.519347 0.521476 0.512521 0.500275 0.500969 0.521481 0.579721 0.644321 0.696216 0.737743 0.763238 0.756607 0.736639 0.721078 0.730947 0.790283 0.833794 0.842015 0.788421 0.784467 0.776336 0.769284 0.77402 0.708825 0.676504 0.650961 0.622307 0.623886 0.621335 0.637571 0.650395 0.628072 0.632362 0.630683 0.636601 0.644736 0.634128 0.627971 0.633766 0.650328 0.635618 0.613496 0.572638 0.572137 0.575506 0.562437 0.607691 0.630758 0.668143 0.698183 0.734392 0.7356 0.744249 0.763442 0.80264 0.839222 0.897686 0.849662</float_array><technique_common><accessor source="#hpl_mixamorigwLeftToeBase-rotz-array" count="60" stride="1" /></technique_common></source>
      <source id="hpl_mixamorigwLeftToeBase-roty"><float_array id="hpl_mixamorigwLeftToeBase-roty-array" count="60">0.157729 0.145474 0.148514 0.16241 0.173328 0.180608 0.184133 0.184827 0.219287 0.20148 0.143258 0.0547723 -0.0349242 -0.0897328 -0.0736082 -0.0281213 -0.0114062 0.00535301 -0.0533582 -0.0629313 0.10345 0.172158 0.188174 0.204111 0.224486 0.197262 0.163258 0.144569 0.134941 0.157523 0.175801 0.202596 0.22646 0.216834 0.225503 0.233432 0.244412 0.26516 0.26984 0.268292 0.270798 0.314094 0.334527 0.334927 0.300859 0.282406 0.269362 0.265142 0.307571 0.288518 0.23942 0.149594 0.135105 0.132843 0.101474 0.0675669 0.0492462 0.0326453 0.0114498 0.0486312</float_array><technique_common><accessor source="#hpl_mixamorigwLeftToeBase-roty-array" count="60" stride="1" /></technique_common></source>
      <source id="hpl_mixamorigwLeftToeBase-rotx"><float_array id="hpl_mixamorigwLeftToeBase-rotx-array" count="60">-36.2997 -36.3763 -36.3744 -36.3126 -36.2172 -36.1743 -36.2334 -36.4667 -36.8286 -37.4324 -38.2476 -39.2132 -40.1252 -40.6623 -40.7836 -40.744 -40.7881 -40.9652 -41.4724 -41.4925 -39.8872 -38.7069 -38.3098 -38.0722 -37.8777 -37.5192 -37.4487 -37.3824 -37.2686 -37.0822 -36.9098 -36.7586 -36.6521 -36.5774 -36.4992 -36.4184 -36.3407 -36.232 -36.122 -36.0526 -36.0095 -35.9377 -35.8784 -35.8656 -35.9638 -36.1155 -36.2423 -36.2962 -36.4989 -36.8527 -37.5004 -38.3797 -38.646 -38.6724 -38.7995 -38.9378 -39.0178 -39.0931 -39.3668 -38.6986</float_array><technique_common><accessor source="#hpl_mixamorigwLeftToeBase-rotx-array" count="60" stride="1" /></technique_common></source>
      <sampler id="hpl_mixamorigwLeftToeBase-trans-sampler"><input semantic="INPUT" source="#hpl_mixamorigwLeftToeBase-time" /><input semantic="OUTPUT" source="#hpl_mixamorigwLeftToeBase-trans" /></sampler><channel source="#hpl_mixamorigwLeftToeBase-trans-sampler" target="mixamorigwLeftToeBase/translate" />
      <sampler id="hpl_mixamorigwLeftToeBase-rotz-sampler"><input semantic="INPUT" source="#hpl_mixamorigwLeftToeBase-time" /><input semantic="OUTPUT" source="#hpl_mixamorigwLeftToeBase-rotz" /></sampler><channel source="#hpl_mixamorigwLeftToeBase-rotz-sampler" target="mixamorigwLeftToeBase/rotateZ.ANGLE" />
      <sampler id="hpl_mixamorigwLeftToeBase-roty-sampler"><input semantic="INPUT" source="#hpl_mixamorigwLeftToeBase-time" /><input semantic="OUTPUT" source="#hpl_mixamorigwLeftToeBase-roty" /></sampler><channel source="#hpl_mixamorigwLeftToeBase-roty-sampler" target="mixamorigwLeftToeBase/rotateY.ANGLE" />
      <sampler id="hpl_mixamorigwLeftToeBase-rotx-sampler"><input semantic="INPUT" source="#hpl_mixamorigwLeftToeBase-time" /><input semantic="OUTPUT" source="#hpl_mixamorigwLeftToeBase-rotx" /></sampler><channel source="#hpl_mixamorigwLeftToeBase-rotx-sampler" target="mixamorigwLeftToeBase/rotateX.ANGLE" />
    </animation>
    <animation id="hpl_mixamorigwRightUpLeg">
      <source id="hpl_mixamorigwRightUpLeg-time"><float_array id="hpl_mixamorigwRightUpLeg-time-array" count="60">0 1 2 3 4 5 6 7 8 9 10 11 12 13 14 15 16 17 18 19 20 21 22 23 24 25 26 27 28 29 30 31 32 33 34 35 36 37 38 39 40 41 42 43 44 45 46 47 48 49 50 51 52 53 54 55 56 57 58 59</float_array><technique_common><accessor source="#hpl_mixamorigwRightUpLeg-time-array" count="60" stride="1" /></technique_common></source>
      <source id="hpl_mixamorigwRightUpLeg-trans"><float_array id="hpl_mixamorigwRightUpLeg-trans-array" count="180">0.0647649 -0.0634253 -0.0977589 0.0647649 -0.0634253 -0.0977589 0.0647649 -0.0634253 -0.0977589 0.0647649 -0.0634253 -0.0977589 0.0647649 -0.0634253 -0.0977589 0.0647649 -0.0634253 -0.0977589 0.0647649 -0.0634253 -0.0977589 0.0647649 -0.0634253 -0.0977589 0.0647649 -0.0634253 -0.0977589 0.0647649 -0.0634253 -0.0977589 0.0647649 -0.0634253 -0.0977589 0.0647649 -0.0634253 -0.0977589 0.0647649 -0.0634253 -0.0977589 0.0647649 -0.0634253 -0.0977589 0.0647649 -0.0634253 -0.0977589 0.0647649 -0.0634253 -0.0977589 0.0647649 -0.0634253 -0.0977589 0.0647649 -0.0634253 -0.0977589 0.0647649 -0.0634253 -0.0977589 0.0647649 -0.0634253 -0.0977589 0.0647649 -0.0634253 -0.0977589 0.0647649 -0.0634253 -0.0977589 0.0647649 -0.0634253 -0.0977589 0.0647649 -0.0634253 -0.0977589 0.0647649 -0.0634253 -0.0977589 0.0647649 -0.0634253 -0.0977589 0.0647649 -0.0634253 -0.0977589 0.0647649 -0.0634253 -0.0977589 0.0647649 -0.0634253 -0.0977589 0.0647649 -0.0634253 -0.0977589 0.0647649 -0.0634253 -0.0977589 0.0647649 -0.0634253 -0.0977589 0.0647649 -0.0634253 -0.0977589 0.0647649 -0.0634253 -0.0977589 0.0647649 -0.0634253 -0.0977589 0.0647649 -0.0634253 -0.0977589 0.0647649 -0.0634253 -0.0977589 0.0647649 -0.0634253 -0.0977589 0.0647649 -0.0634253 -0.0977589 0.0647649 -0.0634253 -0.0977589 0.0647649 -0.0634253 -0.0977589 0.0647649 -0.0634253 -0.0977589 0.0647649 -0.0634253 -0.0977589 0.0647649 -0.0634253 -0.0977589 0.0647649 -0.0634253 -0.0977589 0.0647649 -0.0634253 -0.0977589 0.0647649 -0.0634253 -0.0977589 0.0647649 -0.0634253 -0.0977589 0.0647649 -0.0634253 -0.0977589 0.0647649 -0.0634253 -0.0977589 0.0647649 -0.0634253 -0.0977589 0.0647649 -0.0634253 -0.0977589 0.0647649 -0.0634253 -0.0977589 0.0647649 -0.0634253 -0.0977589 0.0647649 -0.0634253 -0.0977589 0.0647649 -0.0634253 -0.0977589 0.0647649 -0.0634253 -0.0977589 0.0647649 -0.0634253 -0.0977589 0.0647649 -0.0634253 -0.0977589 0.0647649 -0.0634253 -0.0977589</float_array><technique_common><accessor source="#hpl_mixamorigwRightUpLeg-trans-array" count="60" stride="3" /></technique_common></source>
      <source id="hpl_mixamorigwRightUpLeg-rotz"><float_array id="hpl_mixamorigwRightUpLeg-rotz-array" count="60">93.0912 93.6939 94.4797 95.4026 96.4543 97.5765 98.7266 99.8703 100.984 102.109 103.211 104.297 105.373 106.48 107.477 108.334 109.073 109.71 110.289 110.762 111.399 111.682 111.731 111.919 112.151 111.872 110.939 109.234 106.787 103.734 100.43 97.3496 94.591 91.9754 89.498 87.2513 85.2068 83.5418 82.371 81.676 81.363 81.4088 82.095 83.9057 85.4315 86.7583 88.1277 89.8203 91.7032 93.3062 94.4098 95.0776 95.4191 95.3917 95.2963 95.3079 95.4622 95.8407 96.3651 96.8603</float_array><technique_common><accessor source="#hpl_mixamorigwRightUpLeg-rotz-array" count="60" stride="1" /></technique_common></source>
      <source id="hpl_mixamorigwRightUpLeg-roty"><float_array id="hpl_mixamorigwRightUpLeg-roty-array" count="60">-30.0085 -30.1163 -30.1747 -30.1348 -29.9341 -29.5493 -29.0234 -28.3386 -27.69 -26.9896 -26.2284 -25.459 -24.6657 -23.8901 -22.89 -21.8113 -20.6728 -19.5907 -18.6132 -17.7494 -17.0419 -15.9511 -14.5585 -13.2911 -12.4418 -12.2621 -12.9821 -14.4588 -16.2455 -18.0022 -19.5132 -20.5736 -21.2926 -21.8214 -22.1513 -22.2301 -22.0344 -21.5979 -21.0887 -20.7423 -20.731 -21.2445 -22.2409 -23.4228 -24.5189 -25.496 -26.3152 -27.1047 -27.7909 -28.453 -28.9137 -28.9312 -28.5301 -27.8818 -27.1094 -26.4417 -25.9735 -25.7064 -25.6274 -25.5812</float_array><technique_common><accessor source="#hpl_mixamorigwRightUpLeg-roty-array" count="60" stride="1" /></technique_common></source>
      <source id="hpl_mixamorigwRightUpLeg-rotx"><float_array id="hpl_mixamorigwRightUpLeg-rotx-array" count="60">-121.678 -121.807 -122.249 -122.968 -123.729 -124.43 -125.019 -125.536 -126.155 -126.879 -127.503 -128.136 -128.761 -129.543 -130.336 -131.204 -132.185 -133.21 -134.244 -135.316 -136.758 -137.939 -139.004 -139.908 -140.691 -141.19 -141.382 -141.353 -141.033 -140.376 -139.385 -138.161 -136.759 -135.208 -133.627 -132.11 -130.701 -129.453 -128.348 -127.385 -126.538 -126.006 -126.179 -125.529 -124.834 -124.483 -124.478 -124.626 -124.778 -124.805 -124.695 -124.736 -124.631 -124.471 -124.293 -124.268 -124.418 -124.949 -125.471 -126.133</float_array><technique_common><accessor source="#hpl_mixamorigwRightUpLeg-rotx-array" count="60" stride="1" /></technique_common></source>
      <sampler id="hpl_mixamorigwRightUpLeg-trans-sampler"><input semantic="INPUT" source="#hpl_mixamorigwRightUpLeg-time" /><input semantic="OUTPUT" source="#hpl_mixamorigwRightUpLeg-trans" /></sampler><channel source="#hpl_mixamorigwRightUpLeg-trans-sampler" target="mixamorigwRightUpLeg/translate" />
      <sampler id="hpl_mixamorigwRightUpLeg-rotz-sampler"><input semantic="INPUT" source="#hpl_mixamorigwRightUpLeg-time" /><input semantic="OUTPUT" source="#hpl_mixamorigwRightUpLeg-rotz" /></sampler><channel source="#hpl_mixamorigwRightUpLeg-rotz-sampler" target="mixamorigwRightUpLeg/rotateZ.ANGLE" />
      <sampler id="hpl_mixamorigwRightUpLeg-roty-sampler"><input semantic="INPUT" source="#hpl_mixamorigwRightUpLeg-time" /><input semantic="OUTPUT" source="#hpl_mixamorigwRightUpLeg-roty" /></sampler><channel source="#hpl_mixamorigwRightUpLeg-roty-sampler" target="mixamorigwRightUpLeg/rotateY.ANGLE" />
      <sampler id="hpl_mixamorigwRightUpLeg-rotx-sampler"><input semantic="INPUT" source="#hpl_mixamorigwRightUpLeg-time" /><input semantic="OUTPUT" source="#hpl_mixamorigwRightUpLeg-rotx" /></sampler><channel source="#hpl_mixamorigwRightUpLeg-rotx-sampler" target="mixamorigwRightUpLeg/rotateX.ANGLE" />
    </animation>
    <animation id="hpl_mixamorigwRightLeg">
      <source id="hpl_mixamorigwRightLeg-time"><float_array id="hpl_mixamorigwRightLeg-time-array" count="60">0 1 2 3 4 5 6 7 8 9 10 11 12 13 14 15 16 17 18 19 20 21 22 23 24 25 26 27 28 29 30 31 32 33 34 35 36 37 38 39 40 41 42 43 44 45 46 47 48 49 50 51 52 53 54 55 56 57 58 59</float_array><technique_common><accessor source="#hpl_mixamorigwRightLeg-time-array" count="60" stride="1" /></technique_common></source>
      <source id="hpl_mixamorigwRightLeg-trans"><float_array id="hpl_mixamorigwRightLeg-trans-array" count="180">-8.33343e-08 0.359357 -8.39022e-08 -8.33343e-08 0.359357 -8.39022e-08 -8.33343e-08 0.359357 -8.39022e-08 -8.33343e-08 0.359357 -8.39022e-08 -8.33343e-08 0.359357 -8.39022e-08 -8.33343e-08 0.359357 -8.39022e-08 -8.33343e-08 0.359357 -8.39022e-08 -8.33343e-08 0.359357 -8.39022e-08 -8.33343e-08 0.359357 -8.39022e-08 -8.33343e-08 0.359357 -8.39022e-08 -8.33343e-08 0.359357 -8.39022e-08 -8.33343e-08 0.359357 -8.39022e-08 -8.33343e-08 0.359357 -8.39022e-08 -8.33343e-08 0.359357 -8.39022e-08 -8.33343e-08 0.359357 -8.39022e-08 -8.33343e-08 0.359357 -8.39022e-08 -8.33343e-08 0.359357 -8.39022e-08 -8.33343e-08 0.359357 -8.39022e-08 -8.33343e-08 0.359357 -8.39022e-08 -8.33343e-08 0.359357 -8.39022e-08 -8.33343e-08 0.359357 -8.39022e-08 -8.33343e-08 0.359357 -8.39022e-08 -8.33343e-08 0.359357 -8.39022e-08 -8.33343e-08 0.359357 -8.39022e-08 -8.33343e-08 0.359357 -8.39022e-08 -8.33343e-08 0.359357 -8.39022e-08 -8.33343e-08 0.359357 -8.39022e-08 -8.33343e-08 0.359357 -8.39022e-08 -8.33343e-08 0.359357 -8.39022e-08 -8.33343e-08 0.359357 -8.39022e-08 -8.33343e-08 0.359357 -8.39022e-08 -8.33343e-08 0.359357 -8.39022e-08 -8.33343e-08 0.359357 -8.39022e-08 -8.33343e-08 0.359357 -8.39022e-08 -8.33343e-08 0.359357 -8.39022e-08 -8.33343e-08 0.359357 -8.39022e-08 -8.33343e-08 0.359357 -8.39022e-08 -8.33343e-08 0.359357 -8.39022e-08 -8.33343e-08 0.359357 -8.39022e-08 -8.33343e-08 0.359357 -8.39022e-08 -8.33343e-08 0.359357 -8.39022e-08 -8.33343e-08 0.359357 -8.39022e-08 -8.33343e-08 0.359357 -8.39022e-08 -8.33343e-08 0.359357 -8.39022e-08 -8.33343e-08 0.359357 -8.39022e-08 -8.33343e-08 0.359357 -8.39022e-08 -8.33343e-08 0.359357 -8.39022e-08 -8.33343e-08 0.359357 -8.39022e-08 -8.33343e-08 0.359357 -8.39022e-08 -8.33343e-08 0.359357 -8.39022e-08 -8.33343e-08 0.359357 -8.39022e-08 -8.33343e-08 0.359357 -8.39022e-08 -8.33343e-08 0.359357 -8.39022e-08 -8.33343e-08 0.359357 -8.39022e-08 -8.33343e-08 0.359357 -8.39022e-08 -8.33343e-08 0.359357 -8.39022e-08 -8.33343e-08 0.359357 -8.39022e-08 -8.33343e-08 0.359357 -8.39022e-08 -8.33343e-08 0.359357 -8.39022e-08 -8.33343e-08 0.359357 -8.39022e-08</float_array><technique_common><accessor source="#hpl_mixamorigwRightLeg-trans-array" count="60" stride="3" /></technique_common></source>
      <source id="hpl_mixamorigwRightLeg-rotz"><float_array id="hpl_mixamorigwRightLeg-rotz-array" count="60">1.04411 1.03874 1.06432 1.11906 1.1653 1.1892 1.18049 1.15669 1.16315 1.17662 1.16777 1.15313 1.13805 1.16122 1.19205 1.22227 1.25545 1.30334 1.33354 1.36667 1.42325 1.42607 1.42319 1.38031 1.31073 1.18524 1.0614 1.04799 1.09869 1.16348 1.19377 1.20603 1.19349 1.16948 1.15445 1.13726 1.1245 1.1098 1.09247 1.0688 1.04936 1.00635 0.999683 1.04977 1.02277 1.00079 1.0093 1.0371 1.11398 1.1336 1.12824 1.12797 1.09521 1.07611 1.04052 1.00898 0.99649 1.02921 1.06694 1.04581</float_array><technique_common><accessor source="#hpl_mixamorigwRightLeg-rotz-array" count="60" stride="1" /></technique_common></source>
      <source id="hpl_mixamorigwRightLeg-roty"><float_array id="hpl_mixamorigwRightLeg-roty-array" count="60">-3.24321 -3.21396 -3.19474 -3.18901 -3.1941 -3.2046 -3.21908 -3.23072 -3.27036 -3.26754 -3.28642 -3.30631 -3.31983 -3.34062 -3.3375 -3.37888 -3.46523 -3.5547 -3.6521 -3.72582 -3.82325 -3.78443 -3.83812 -3.86077 -3.91565 -4.09873 -4.13969 -4.04795 -3.8559 -3.67202 -3.57754 -3.49603 -3.4218 -3.37446 -3.31372 -3.30584 -3.3135 -3.34421 -3.38035 -3.42946 -3.44428 -3.42265 -3.49367 -3.45645 -3.44623 -3.47013 -3.52024 -3.55706 -3.49072 -3.48879 -3.47544 -3.48173 -3.4814 -3.46853 -3.45145 -3.4217 -3.39592 -3.3703 -3.29755 -3.2303</float_array><technique_common><accessor source="#hpl_mixamorigwRightLeg-roty-array" count="60" stride="1" /></technique_common></source>
      <source id="hpl_mixamorigwRightLeg-rotx"><float_array id="hpl_mixamorigwRightLeg-rotx-array" count="60">18.541 18.3104 18.4967 19.0918 19.6479 19.9455 19.9484 19.8731 19.8927 20.0631 20.0626 20.0654 19.986 20.25 20.4382 20.7091 21.1354 21.6673 22.0957 22.6485 23.6088 24.1122 24.181 23.7647 22.9356 21.5838 20.2428 19.4746 19.1647 19.2616 19.5764 19.7428 19.6114 19.3905 19.3222 19.4668 19.7647 19.9121 19.7503 19.3181 18.6961 18.0528 18.9493 18.0874 17.3019 17.2916 17.9038 18.5969 19.0753 19.4742 19.7694 20.2085 20.0763 19.7119 19.116 18.5423 18.1124 18.3408 18.7407 19.5018</float_array><technique_common><accessor source="#hpl_mixamorigwRightLeg-rotx-array" count="60" stride="1" /></technique_common></source>
      <sampler id="hpl_mixamorigwRightLeg-trans-sampler"><input semantic="INPUT" source="#hpl_mixamorigwRightLeg-time" /><input semantic="OUTPUT" source="#hpl_mixamorigwRightLeg-trans" /></sampler><channel source="#hpl_mixamorigwRightLeg-trans-sampler" target="mixamorigwRightLeg/translate" />
      <sampler id="hpl_mixamorigwRightLeg-rotz-sampler"><input semantic="INPUT" source="#hpl_mixamorigwRightLeg-time" /><input semantic="OUTPUT" source="#hpl_mixamorigwRightLeg-rotz" /></sampler><channel source="#hpl_mixamorigwRightLeg-rotz-sampler" target="mixamorigwRightLeg/rotateZ.ANGLE" />
      <sampler id="hpl_mixamorigwRightLeg-roty-sampler"><input semantic="INPUT" source="#hpl_mixamorigwRightLeg-time" /><input semantic="OUTPUT" source="#hpl_mixamorigwRightLeg-roty" /></sampler><channel source="#hpl_mixamorigwRightLeg-roty-sampler" target="mixamorigwRightLeg/rotateY.ANGLE" />
      <sampler id="hpl_mixamorigwRightLeg-rotx-sampler"><input semantic="INPUT" source="#hpl_mixamorigwRightLeg-time" /><input semantic="OUTPUT" source="#hpl_mixamorigwRightLeg-rotx" /></sampler><channel source="#hpl_mixamorigwRightLeg-rotx-sampler" target="mixamorigwRightLeg/rotateX.ANGLE" />
    </animation>
    <animation id="hpl_mixamorigwRightFoot">
      <source id="hpl_mixamorigwRightFoot-time"><float_array id="hpl_mixamorigwRightFoot-time-array" count="60">0 1 2 3 4 5 6 7 8 9 10 11 12 13 14 15 16 17 18 19 20 21 22 23 24 25 26 27 28 29 30 31 32 33 34 35 36 37 38 39 40 41 42 43 44 45 46 47 48 49 50 51 52 53 54 55 56 57 58 59</float_array><technique_common><accessor source="#hpl_mixamorigwRightFoot-time-array" count="60" stride="1" /></technique_common></source>
      <source id="hpl_mixamorigwRightFoot-trans"><float_array id="hpl_mixamorigwRightFoot-trans-array" count="180">7.14394e-08 0.37578 -3.17249e-07 7.14394e-08 0.37578 -3.17249e-07 7.14394e-08 0.37578 -3.17249e-07 7.14394e-08 0.37578 -3.17249e-07 7.14394e-08 0.37578 -3.17249e-07 7.14394e-08 0.37578 -3.17249e-07 7.14394e-08 0.37578 -3.17249e-07 7.14394e-08 0.37578 -3.17249e-07 7.14394e-08 0.37578 -3.17249e-07 7.14394e-08 0.37578 -3.17249e-07 7.14394e-08 0.37578 -3.17249e-07 7.14394e-08 0.37578 -3.17249e-07 7.14394e-08 0.37578 -3.17249e-07 7.14394e-08 0.37578 -3.17249e-07 7.14394e-08 0.37578 -3.17249e-07 7.14394e-08 0.37578 -3.17249e-07 7.14394e-08 0.37578 -3.17249e-07 7.14394e-08 0.37578 -3.17249e-07 7.14394e-08 0.37578 -3.17249e-07 7.14394e-08 0.37578 -3.17249e-07 7.14394e-08 0.37578 -3.17249e-07 7.14394e-08 0.37578 -3.17249e-07 7.14394e-08 0.37578 -3.17249e-07 7.14394e-08 0.37578 -3.17249e-07 7.14394e-08 0.37578 -3.17249e-07 7.14394e-08 0.37578 -3.17249e-07 7.14394e-08 0.37578 -3.17249e-07 7.14394e-08 0.37578 -3.17249e-07 7.14394e-08 0.37578 -3.17249e-07 7.14394e-08 0.37578 -3.17249e-07 7.14394e-08 0.37578 -3.17249e-07 7.14394e-08 0.37578 -3.17249e-07 7.14394e-08 0.37578 -3.17249e-07 7.14394e-08 0.37578 -3.17249e-07 7.14394e-08 0.37578 -3.17249e-07 7.14394e-08 0.37578 -3.17249e-07 7.14394e-08 0.37578 -3.17249e-07 7.14394e-08 0.37578 -3.17249e-07 7.14394e-08 0.37578 -3.17249e-07 7.14394e-08 0.37578 -3.17249e-07 7.14394e-08 0.37578 -3.17249e-07 7.14394e-08 0.37578 -3.17249e-07 7.14394e-08 0.37578 -3.17249e-07 7.14394e-08 0.37578 -3.17249e-07 7.14394e-08 0.37578 -3.17249e-07 7.14394e-08 0.37578 -3.17249e-07 7.14394e-08 0.37578 -3.17249e-07 7.14394e-08 0.37578 -3.17249e-07 7.14394e-08 0.37578 -3.17249e-07 7.14394e-08 0.37578 -3.17249e-07 7.14394e-08 0.37578 -3.17249e-07 7.14394e-08 0.37578 -3.17249e-07 7.14394e-08 0.37578 -3.17249e-07 7.14394e-08 0.37578 -3.17249e-07 7.14394e-08 0.37578 -3.17249e-07 7.14394e-08 0.37578 -3.17249e-07 7.14394e-08 0.37578 -3.17249e-07 7.14394e-08 0.37578 -3.17249e-07 7.14394e-08 0.37578 -3.17249e-07 7.14394e-08 0.37578 -3.17249e-07</float_array><technique_common><accessor source="#hpl_mixamorigwRightFoot-trans-array" count="60" stride="3" /></technique_common></source>
      <source id="hpl_mixamorigwRightFoot-rotz"><float_array id="hpl_mixamorigwRightFoot-rotz-array" count="60">0.100218 0.280723 0.496024 0.593699 0.649652 0.740424 0.946618 1.12353 1.36535 1.58785 1.75569 1.84582 1.90593 1.96556 1.98866 1.97106 1.83695 1.6452 1.47071 1.18605 0.686034 0.116053 -0.550471 -1.41968 -2.48979 -4.86529 -7.06845 -7.69156 -6.88704 -5.75302 -4.73068 -4.11311 -3.76723 -3.64182 -3.68354 -3.74628 -3.76529 -3.83965 -3.83664 -3.84464 -4.43757 -5.70803 -5.96637 -5.43301 -4.79069 -4.11633 -3.55357 -2.98723 -2.49622 -1.82792 -1.1031 -0.490868 0.0625945 0.393547 0.534404 0.62533 0.725361 0.770536 0.778723 0.872651</float_array><technique_common><accessor source="#hpl_mixamorigwRightFoot-rotz-array" count="60" stride="1" /></technique_common></source>
      <source id="hpl_mixamorigwRightFoot-roty"><float_array id="hpl_mixamorigwRightFoot-roty-array" count="60">17.9897 17.9426 17.838 17.6159 17.2679 16.8015 16.2776 15.6908 15.0316 14.4067 13.8465 13.3457 12.8483 12.192 11.4781 10.5486 9.5175 8.25088 6.71683 4.6848 2.63485 0.637026 -0.77887 -2.05392 -3.57854 -5.35703 -6.13483 -4.36071 -0.986778 2.32 4.74126 6.45375 7.73045 8.72017 9.55167 10.0705 10.5177 10.9132 11.3537 11.7599 11.7709 10.5776 9.77763 9.29533 8.87046 8.51198 8.25441 8.14041 8.04553 8.04354 7.91612 7.63384 7.43892 7.16697 6.89944 6.72321 6.53393 6.21273 5.7052 5.21499</float_array><technique_common><accessor source="#hpl_mixamorigwRightFoot-roty-array" count="60" stride="1" /></technique_common></source>
      <source id="hpl_mixamorigwRightFoot-rotx"><float_array id="hpl_mixamorigwRightFoot-rotx-array" count="60">-69.6114 -69.4418 -69.4319 -69.6264 -69.7901 -69.7949 -69.6131 -69.4021 -69.1465 -68.9888 -68.7122 -68.4428 -68.0848 -67.8915 -67.6331 -67.388 -67.1792 -67.0106 -66.7295 -66.5063 -66.3958 -66.113 -65.5094 -64.5029 -63.1457 -61.5216 -60.8509 -61.3816 -62.2464 -63.0068 -63.566 -64.1195 -64.4568 -64.5477 -64.5439 -64.4014 -64.2856 -64.167 -63.864 -63.4742 -62.7489 -61.5043 -62.3165 -62.3423 -62.4014 -62.8892 -63.6408 -64.4229 -65.0396 -65.5527 -66.0279 -66.4723 -66.5504 -66.4624 -66.2387 -65.9825 -65.7716 -65.8524 -66.0019 -66.2573</float_array><technique_common><accessor source="#hpl_mixamorigwRightFoot-rotx-array" count="60" stride="1" /></technique_common></source>
      <sampler id="hpl_mixamorigwRightFoot-trans-sampler"><input semantic="INPUT" source="#hpl_mixamorigwRightFoot-time" /><input semantic="OUTPUT" source="#hpl_mixamorigwRightFoot-trans" /></sampler><channel source="#hpl_mixamorigwRightFoot-trans-sampler" target="mixamorigwRightFoot/translate" />
      <sampler id="hpl_mixamorigwRightFoot-rotz-sampler"><input semantic="INPUT" source="#hpl_mixamorigwRightFoot-time" /><input semantic="OUTPUT" source="#hpl_mixamorigwRightFoot-rotz" /></sampler><channel source="#hpl_mixamorigwRightFoot-rotz-sampler" target="mixamorigwRightFoot/rotateZ.ANGLE" />
      <sampler id="hpl_mixamorigwRightFoot-roty-sampler"><input semantic="INPUT" source="#hpl_mixamorigwRightFoot-time" /><input semantic="OUTPUT" source="#hpl_mixamorigwRightFoot-roty" /></sampler><channel source="#hpl_mixamorigwRightFoot-roty-sampler" target="mixamorigwRightFoot/rotateY.ANGLE" />
      <sampler id="hpl_mixamorigwRightFoot-rotx-sampler"><input semantic="INPUT" source="#hpl_mixamorigwRightFoot-time" /><input semantic="OUTPUT" source="#hpl_mixamorigwRightFoot-rotx" /></sampler><channel source="#hpl_mixamorigwRightFoot-rotx-sampler" target="mixamorigwRightFoot/rotateX.ANGLE" />
    </animation>
    <animation id="hpl_mixamorigwRightToeBase">
      <source id="hpl_mixamorigwRightToeBase-time"><float_array id="hpl_mixamorigwRightToeBase-time-array" count="60">0 1 2 3 4 5 6 7 8 9 10 11 12 13 14 15 16 17 18 19 20 21 22 23 24 25 26 27 28 29 30 31 32 33 34 35 36 37 38 39 40 41 42 43 44 45 46 47 48 49 50 51 52 53 54 55 56 57 58 59</float_array><technique_common><accessor source="#hpl_mixamorigwRightToeBase-time-array" count="60" stride="1" /></technique_common></source>
      <source id="hpl_mixamorigwRightToeBase-trans"><float_array id="hpl_mixamorigwRightToeBase-trans-array" count="180">-1.99614e-07 0.162229 6.56946e-08 -1.99614e-07 0.162229 6.56946e-08 -1.99614e-07 0.162229 6.56946e-08 -1.99614e-07 0.162229 6.56946e-08 -1.99614e-07 0.162229 6.56946e-08 -1.99614e-07 0.162229 6.56946e-08 -1.99614e-07 0.162229 6.56946e-08 -1.99614e-07 0.162229 6.56946e-08 -1.99614e-07 0.162229 6.56946e-08 -1.99614e-07 0.162229 6.56946e-08 -1.99614e-07 0.162229 6.56946e-08 -1.99614e-07 0.162229 6.56946e-08 -1.99614e-07 0.162229 6.56946e-08 -1.99614e-07 0.162229 6.56946e-08 -1.99614e-07 0.162229 6.56946e-08 -1.99614e-07 0.162229 6.56946e-08 -1.99614e-07 0.162229 6.56946e-08 -1.99614e-07 0.162229 6.56946e-08 -1.99614e-07 0.162229 6.56946e-08 -1.99614e-07 0.162229 6.56946e-08 -1.99614e-07 0.162229 6.56946e-08 -1.99614e-07 0.162229 6.56946e-08 -1.99614e-07 0.162229 6.56946e-08 -1.99614e-07 0.162229 6.56946e-08 -1.99614e-07 0.162229 6.56946e-08 -1.99614e-07 0.162229 6.56946e-08 -1.99614e-07 0.162229 6.56946e-08 -1.99614e-07 0.162229 6.56946e-08 -1.99614e-07 0.162229 6.56946e-08 -1.99614e-07 0.162229 6.56946e-08 -1.99614e-07 0.162229 6.56946e-08 -1.99614e-07 0.162229 6.56946e-08 -1.99614e-07 0.162229 6.56946e-08 -1.99614e-07 0.162229 6.56946e-08 -1.99614e-07 0.162229 6.56946e-08 -1.99614e-07 0.162229 6.56946e-08 -1.99614e-07 0.162229 6.56946e-08 -1.99614e-07 0.162229 6.56946e-08 -1.99614e-07 0.162229 6.56946e-08 -1.99614e-07 0.162229 6.56946e-08 -1.99614e-07 0.162229 6.56946e-08 -1.99614e-07 0.162229 6.56946e-08 -1.99614e-07 0.162229 6.56946e-08 -1.99614e-07 0.162229 6.56946e-08 -1.99614e-07 0.162229 6.56946e-08 -1.99614e-07 0.162229 6.56946e-08 -1.99614e-07 0.162229 6.56946e-08 -1.99614e-07 0.162229 6.56946e-08 -1.99614e-07 0.162229 6.56946e-08 -1.99614e-07 0.162229 6.56946e-08 -1.99614e-07 0.162229 6.56946e-08 -1.99614e-07 0.162229 6.56946e-08 -1.99614e-07 0.162229 6.56946e-08 -1.99614e-07 0.162229 6.56946e-08 -1.99614e-07 0.162229 6.56946e-08 -1.99614e-07 0.162229 6.56946e-08 -1.99614e-07 0.162229 6.56946e-08 -1.99614e-07 0.162229 6.56946e-08 -1.99614e-07 0.162229 6.56946e-08 -1.99614e-07 0.162229 6.56946e-08</float_array><technique_common><accessor source="#hpl_mixamorigwRightToeBase-trans-array" count="60" stride="3" /></technique_common></source>
      <source id="hpl_mixamorigwRightToeBase-rotz"><float_array id="hpl_mixamorigwRightToeBase-rotz-array" count="60">0.0532283 0.0371051 0.034081 0.0138894 0.0112934 0.000260407 -0.00548485 -0.00965669 0.0281896 0.0446515 0.0622168 0.0667019 0.0516729 0.04854 0.0492464 0.0753749 0.0728972 0.107894 0.138386 0.187619 0.208913 0.195996 0.169006 0.147537 0.121004 0.0576169 -0.0379192 -0.111156 -0.122718 -0.114075 -0.125474 -0.125515 -0.129802 -0.117338 -0.110649 -0.096599 -0.087746 -0.0836356 -0.0842001 -0.106829 -0.143748 -0.0982893 -0.0189266 7.75026e-05 0.00510791 -0.0124376 -0.0362245 -0.0583601 -0.0614816 -0.0622887 -0.0459888 -0.049181 -0.024725 0.00167228 0.034706 0.0405841 0.0275283 0.0407094 0.0412225 0.0234717</float_array><technique_common><accessor source="#hpl_mixamorigwRightToeBase-rotz-array" count="60" stride="1" /></technique_common></source>
      <source id="hpl_mixamorigwRightToeBase-roty"><float_array id="hpl_mixamorigwRightToeBase-roty-array" count="60">1.09582 1.10546 1.11827 1.10234 1.10218 1.09599 1.09149 1.08949 1.13068 1.11867 1.12305 1.11636 1.0963 1.10193 1.08049 1.06563 1.03928 1.04695 1.05949 1.08571 1.15268 1.19422 1.21404 1.23559 1.26355 1.3071 1.36853 1.40835 1.42768 1.45022 1.45611 1.47142 1.47106 1.48071 1.48451 1.48449 1.47739 1.45408 1.42999 1.39549 1.34825 1.333 1.26679 1.22449 1.21599 1.1986 1.17373 1.14225 1.12266 1.0944 1.08724 1.08326 1.09162 1.1103 1.12436 1.11962 1.10575 1.09951 1.08704 1.04892</float_array><technique_common><accessor source="#hpl_mixamorigwRightToeBase-roty-array" count="60" stride="1" /></technique_common></source>
      <source id="hpl_mixamorigwRightToeBase-rotx"><float_array id="hpl_mixamorigwRightToeBase-rotx-array" count="60">-35.7304 -35.8266 -35.8714 -35.8549 -35.8656 -35.8962 -35.9268 -35.9789 -36.0355 -35.9701 -35.968 -35.9394 -35.8922 -35.8667 -35.7714 -35.6729 -35.625 -35.6033 -35.5635 -35.5482 -35.7875 -36.0512 -36.2174 -36.3982 -36.6108 -37.1196 -37.731 -38.1714 -38.3398 -38.4207 -38.4708 -38.4971 -38.5048 -38.5138 -38.5284 -38.5093 -38.4601 -38.3303 -38.2245 -38.1559 -38.0576 -37.6939 -37.0361 -36.692 -36.5933 -36.5543 -36.4964 -36.4156 -36.3005 -36.1822 -36.0768 -36.0314 -35.9769 -35.9825 -35.929 -35.8677 -35.817 -35.7196 -35.6318 -35.5731</float_array><technique_common><accessor source="#hpl_mixamorigwRightToeBase-rotx-array" count="60" stride="1" /></technique_common></source>
      <sampler id="hpl_mixamorigwRightToeBase-trans-sampler"><input semantic="INPUT" source="#hpl_mixamorigwRightToeBase-time" /><input semantic="OUTPUT" source="#hpl_mixamorigwRightToeBase-trans" /></sampler><channel source="#hpl_mixamorigwRightToeBase-trans-sampler" target="mixamorigwRightToeBase/translate" />
      <sampler id="hpl_mixamorigwRightToeBase-rotz-sampler"><input semantic="INPUT" source="#hpl_mixamorigwRightToeBase-time" /><input semantic="OUTPUT" source="#hpl_mixamorigwRightToeBase-rotz" /></sampler><channel source="#hpl_mixamorigwRightToeBase-rotz-sampler" target="mixamorigwRightToeBase/rotateZ.ANGLE" />
      <sampler id="hpl_mixamorigwRightToeBase-roty-sampler"><input semantic="INPUT" source="#hpl_mixamorigwRightToeBase-time" /><input semantic="OUTPUT" source="#hpl_mixamorigwRightToeBase-roty" /></sampler><channel source="#hpl_mixamorigwRightToeBase-roty-sampler" target="mixamorigwRightToeBase/rotateY.ANGLE" />
      <sampler id="hpl_mixamorigwRightToeBase-rotx-sampler"><input semantic="INPUT" source="#hpl_mixamorigwRightToeBase-time" /><input semantic="OUTPUT" source="#hpl_mixamorigwRightToeBase-rotx" /></sampler><channel source="#hpl_mixamorigwRightToeBase-rotx-sampler" target="mixamorigwRightToeBase/rotateX.ANGLE" />
    </animation>
    <animation id="hpl_mixamorigwSpine">
      <source id="hpl_mixamorigwSpine-time"><float_array id="hpl_mixamorigwSpine-time-array" count="60">0 1 2 3 4 5 6 7 8 9 10 11 12 13 14 15 16 17 18 19 20 21 22 23 24 25 26 27 28 29 30 31 32 33 34 35 36 37 38 39 40 41 42 43 44 45 46 47 48 49 50 51 52 53 54 55 56 57 58 59</float_array><technique_common><accessor source="#hpl_mixamorigwSpine-time-array" count="60" stride="1" /></technique_common></source>
      <source id="hpl_mixamorigwSpine-trans"><float_array id="hpl_mixamorigwSpine-trans-array" count="180">-0.0675692 -0.0488203 0.113795 -0.0675692 -0.0488203 0.113795 -0.0675692 -0.0488203 0.113795 -0.0675692 -0.0488203 0.113795 -0.0675692 -0.0488203 0.113795 -0.0675692 -0.0488203 0.113795 -0.0675692 -0.0488203 0.113795 -0.0675692 -0.0488203 0.113795 -0.0675692 -0.0488203 0.113795 -0.0675692 -0.0488203 0.113795 -0.0675692 -0.0488203 0.113795 -0.0675692 -0.0488203 0.113795 -0.0675692 -0.0488203 0.113795 -0.0675692 -0.0488203 0.113795 -0.0675692 -0.0488203 0.113795 -0.0675692 -0.0488203 0.113795 -0.0675692 -0.0488203 0.113795 -0.0675692 -0.0488203 0.113795 -0.0675692 -0.0488203 0.113795 -0.0675692 -0.0488203 0.113795 -0.0675692 -0.0488203 0.113795 -0.0675692 -0.0488203 0.113795 -0.0675692 -0.0488203 0.113795 -0.0675692 -0.0488203 0.113795 -0.0675692 -0.0488203 0.113795 -0.0675692 -0.0488203 0.113795 -0.0675692 -0.0488203 0.113795 -0.0675692 -0.0488203 0.113795 -0.0675692 -0.0488203 0.113795 -0.0675692 -0.0488203 0.113795 -0.0675692 -0.0488203 0.113795 -0.0675692 -0.0488203 0.113795 -0.0675692 -0.0488203 0.113795 -0.0675692 -0.0488203 0.113795 -0.0675692 -0.0488203 0.113795 -0.0675692 -0.0488203 0.113795 -0.0675692 -0.0488203 0.113795 -0.0675692 -0.0488203 0.113795 -0.0675692 -0.0488203 0.113795 -0.0675692 -0.0488203 0.113795 -0.0675692 -0.0488203 0.113795 -0.0675692 -0.0488203 0.113795 -0.0675692 -0.0488203 0.113795 -0.0675692 -0.0488203 0.113795 -0.0675692 -0.0488203 0.113795 -0.0675692 -0.0488203 0.113795 -0.0675692 -0.0488203 0.113795 -0.0675692 -0.0488203 0.113795 -0.0675692 -0.0488203 0.113795 -0.0675692 -0.0488203 0.113795 -0.0675692 -0.0488203 0.113795 -0.0675692 -0.0488203 0.113795 -0.0675692 -0.0488203 0.113795 -0.0675692 -0.0488203 0.113795 -0.0675692 -0.0488203 0.113795 -0.0675692 -0.0488203 0.113795 -0.0675692 -0.0488203 0.113795 -0.0675692 -0.0488203 0.113795 -0.0675692 -0.0488203 0.113795 -0.0675692 -0.0488203 0.113795</float_array><technique_common><accessor source="#hpl_mixamorigwSpine-trans-array" count="60" stride="3" /></technique_common></source>
      <source id="hpl_mixamorigwSpine-rotz"><float_array id="hpl_mixamorigwSpine-rotz-array" count="60">110.253 110.333 110.452 110.567 110.67 110.738 110.798 110.885 110.951 111.032 111.087 111.135 111.191 111.195 111.177 111.141 111.085 111.035 111.018 110.955 110.815 110.541 110.097 109.811 109.64 109.519 109.433 109.293 109.15 109.046 108.949 108.876 108.811 108.775 108.735 108.725 108.679 108.632 108.586 108.596 108.67 108.929 109.176 109.546 109.814 110.018 110.256 110.538 110.749 110.944 111.027 111.054 111.067 111.059 111.051 111.043 111.057 111.139 111.169 110.962</float_array><technique_common><accessor source="#hpl_mixamorigwSpine-rotz-array" count="60" stride="1" /></technique_common></source>
      <source id="hpl_mixamorigwSpine-roty"><float_array id="hpl_mixamorigwSpine-roty-array" count="60">-13.0453 -13.1563 -13.2746 -13.4038 -13.522 -13.608 -13.6868 -13.7588 -13.8331 -13.8727 -13.9177 -13.964 -13.989 -14.0089 -13.9682 -13.886 -13.8 -13.7223 -13.6333 -13.5892 -13.4734 -13.0609 -12.5654 -12.2608 -12.0323 -11.7913 -11.5636 -11.4036 -11.2247 -10.9949 -10.7767 -10.613 -10.5453 -10.5178 -10.5018 -10.4519 -10.3916 -10.3409 -10.3358 -10.3786 -10.5132 -10.6686 -11.0024 -11.6215 -12.0987 -12.4371 -12.7805 -13.2121 -13.6724 -14.0884 -14.3076 -14.2985 -14.1526 -14.0053 -13.8973 -13.8597 -13.8603 -13.883 -13.9104 -13.8681</float_array><technique_common><accessor source="#hpl_mixamorigwSpine-roty-array" count="60" stride="1" /></technique_common></source>
      <source id="hpl_mixamorigwSpine-rotx"><float_array id="hpl_mixamorigwSpine-rotx-array" count="60">55.6893 55.7576 55.8091 55.8725 55.9161 55.9102 55.8627 55.7953 55.7858 55.7685 55.8144 55.8866 55.9761 56.0587 56.1868 56.2948 56.387 56.4393 56.4256 56.3948 56.2993 56.1861 56.2708 56.4487 56.6115 56.7298 56.8889 57.0874 57.2768 57.4578 57.6259 57.7812 57.8991 57.9516 57.9729 57.9605 57.9596 57.9315 57.857 57.7227 57.5617 57.3018 57.0178 56.6852 56.4279 56.296 56.2265 56.2134 56.3386 56.5197 56.7539 57.0115 57.251 57.4366 57.5502 57.603 57.5744 57.4881 57.4508 57.4778</float_array><technique_common><accessor source="#hpl_mixamorigwSpine-rotx-array" count="60" stride="1" /></technique_common></source>
      <sampler id="hpl_mixamorigwSpine-trans-sampler"><input semantic="INPUT" source="#hpl_mixamorigwSpine-time" /><input semantic="OUTPUT" source="#hpl_mixamorigwSpine-trans" /></sampler><channel source="#hpl_mixamorigwSpine-trans-sampler" target="mixamorigwSpine/translate" />
      <sampler id="hpl_mixamorigwSpine-rotz-sampler"><input semantic="INPUT" source="#hpl_mixamorigwSpine-time" /><input semantic="OUTPUT" source="#hpl_mixamorigwSpine-rotz" /></sampler><channel source="#hpl_mixamorigwSpine-rotz-sampler" target="mixamorigwSpine/rotateZ.ANGLE" />
      <sampler id="hpl_mixamorigwSpine-roty-sampler"><input semantic="INPUT" source="#hpl_mixamorigwSpine-time" /><input semantic="OUTPUT" source="#hpl_mixamorigwSpine-roty" /></sampler><channel source="#hpl_mixamorigwSpine-roty-sampler" target="mixamorigwSpine/rotateY.ANGLE" />
      <sampler id="hpl_mixamorigwSpine-rotx-sampler"><input semantic="INPUT" source="#hpl_mixamorigwSpine-time" /><input semantic="OUTPUT" source="#hpl_mixamorigwSpine-rotx" /></sampler><channel source="#hpl_mixamorigwSpine-rotx-sampler" target="mixamorigwSpine/rotateX.ANGLE" />
    </animation>
    <animation id="hpl_mixamorigwSpine1">
      <source id="hpl_mixamorigwSpine1-time"><float_array id="hpl_mixamorigwSpine1-time-array" count="60">0 1 2 3 4 5 6 7 8 9 10 11 12 13 14 15 16 17 18 19 20 21 22 23 24 25 26 27 28 29 30 31 32 33 34 35 36 37 38 39 40 41 42 43 44 45 46 47 48 49 50 51 52 53 54 55 56 57 58 59</float_array><technique_common><accessor source="#hpl_mixamorigwSpine1-time-array" count="60" stride="1" /></technique_common></source>
      <source id="hpl_mixamorigwSpine1-trans"><float_array id="hpl_mixamorigwSpine1-trans-array" count="180">1.44736e-09 0.14106 -1.23518e-07 1.44736e-09 0.14106 -1.23518e-07 1.44736e-09 0.14106 -1.23518e-07 1.44736e-09 0.14106 -1.23518e-07 1.44736e-09 0.14106 -1.23518e-07 1.44736e-09 0.14106 -1.23518e-07 1.44736e-09 0.14106 -1.23518e-07 1.44736e-09 0.14106 -1.23518e-07 1.44736e-09 0.14106 -1.23518e-07 1.44736e-09 0.14106 -1.23518e-07 1.44736e-09 0.14106 -1.23518e-07 1.44736e-09 0.14106 -1.23518e-07 1.44736e-09 0.14106 -1.23518e-07 1.44736e-09 0.14106 -1.23518e-07 1.44736e-09 0.14106 -1.23518e-07 1.44736e-09 0.14106 -1.23518e-07 1.44736e-09 0.14106 -1.23518e-07 1.44736e-09 0.14106 -1.23518e-07 1.44736e-09 0.14106 -1.23518e-07 1.44736e-09 0.14106 -1.23518e-07 1.44736e-09 0.14106 -1.23518e-07 1.44736e-09 0.14106 -1.23518e-07 1.44736e-09 0.14106 -1.23518e-07 1.44736e-09 0.14106 -1.23518e-07 1.44736e-09 0.14106 -1.23518e-07 1.44736e-09 0.14106 -1.23518e-07 1.44736e-09 0.14106 -1.23518e-07 1.44736e-09 0.14106 -1.23518e-07 1.44736e-09 0.14106 -1.23518e-07 1.44736e-09 0.14106 -1.23518e-07 1.44736e-09 0.14106 -1.23518e-07 1.44736e-09 0.14106 -1.23518e-07 1.44736e-09 0.14106 -1.23518e-07 1.44736e-09 0.14106 -1.23518e-07 1.44736e-09 0.14106 -1.23518e-07 1.44736e-09 0.14106 -1.23518e-07 1.44736e-09 0.14106 -1.23518e-07 1.44736e-09 0.14106 -1.23518e-07 1.44736e-09 0.14106 -1.23518e-07 1.44736e-09 0.14106 -1.23518e-07 1.44736e-09 0.14106 -1.23518e-07 1.44736e-09 0.14106 -1.23518e-07 1.44736e-09 0.14106 -1.23518e-07 1.44736e-09 0.14106 -1.23518e-07 1.44736e-09 0.14106 -1.23518e-07 1.44736e-09 0.14106 -1.23518e-07 1.44736e-09 0.14106 -1.23518e-07 1.44736e-09 0.14106 -1.23518e-07 1.44736e-09 0.14106 -1.23518e-07 1.44736e-09 0.14106 -1.23518e-07 1.44736e-09 0.14106 -1.23518e-07 1.44736e-09 0.14106 -1.23518e-07 1.44736e-09 0.14106 -1.23518e-07 1.44736e-09 0.14106 -1.23518e-07 1.44736e-09 0.14106 -1.23518e-07 1.44736e-09 0.14106 -1.23518e-07 1.44736e-09 0.14106 -1.23518e-07 1.44736e-09 0.14106 -1.23518e-07 1.44736e-09 0.14106 -1.23518e-07 1.44736e-09 0.14106 -1.23518e-07</float_array><technique_common><accessor source="#hpl_mixamorigwSpine1-trans-array" count="60" stride="3" /></technique_common></source>
      <source id="hpl_mixamorigwSpine1-rotz"><float_array id="hpl_mixamorigwSpine1-rotz-array" count="60">-0.00131482 0.0207226 0.021686 0.0154449 0.01306 0.026365 0.0423858 0.0508761 0.0198074 0.00673597 -0.0200158 -0.0411814 -0.0548026 -0.0621273 -0.0738767 -0.0942975 -0.114298 -0.123843 -0.114929 -0.0822796 -0.0870339 -0.127498 -0.259203 -0.340755 -0.394231 -0.403072 -0.443545 -0.460302 -0.459685 -0.458157 -0.47057 -0.486556 -0.487707 -0.473289 -0.453598 -0.432865 -0.417182 -0.403511 -0.3883 -0.372593 -0.358333 -0.380224 -0.386091 -0.298588 -0.251449 -0.238886 -0.233897 -0.204279 -0.140815 -0.118975 -0.121461 -0.128003 -0.146931 -0.18049 -0.205816 -0.211624 -0.19361 -0.166421 -0.117279 -0.0771065</float_array><technique_common><accessor source="#hpl_mixamorigwSpine1-rotz-array" count="60" stride="1" /></technique_common></source>
      <source id="hpl_mixamorigwSpine1-roty"><float_array id="hpl_mixamorigwSpine1-roty-array" count="60">-0.16084 -0.150496 -0.196867 -0.249443 -0.324978 -0.400568 -0.475386 -0.544799 -0.526058 -0.570988 -0.5858 -0.580704 -0.561045 -0.566116 -0.47327 -0.36269 -0.22648 -0.0844211 0.0753541 0.294037 0.21803 0.0703312 -0.0812127 -0.189087 -0.208586 -0.124577 -0.0667648 0.0521932 0.166739 0.232668 0.316948 0.389574 0.436845 0.489439 0.489849 0.456331 0.428005 0.372231 0.301724 0.227733 0.159552 0.0455413 -0.0627137 -0.116777 -0.23995 -0.385607 -0.504873 -0.612908 -0.761672 -0.813041 -0.855935 -0.847925 -0.869559 -0.836599 -0.68887 -0.486601 -0.29918 -0.142648 0.0553613 0.144502</float_array><technique_common><accessor source="#hpl_mixamorigwSpine1-roty-array" count="60" stride="1" /></technique_common></source>
      <source id="hpl_mixamorigwSpine1-rotx"><float_array id="hpl_mixamorigwSpine1-rotx-array" count="60">-10.5573 -10.5672 -10.5925 -10.6065 -10.6114 -10.5999 -10.5872 -10.5829 -10.6039 -10.5791 -10.5673 -10.5412 -10.5135 -10.4581 -10.4162 -10.3733 -10.3516 -10.3631 -10.4285 -10.516 -10.6276 -10.6986 -10.7278 -10.6691 -10.6021 -10.4544 -10.3968 -10.3284 -10.2493 -10.1828 -10.0943 -10.0468 -10.0189 -9.98179 -9.96481 -9.93515 -9.93677 -9.94614 -9.97875 -10.0143 -10.0755 -10.2026 -10.3238 -10.4006 -10.4037 -10.4145 -10.4483 -10.4696 -10.4785 -10.4108 -10.3347 -10.2806 -10.2153 -10.1818 -10.1295 -10.1008 -10.1201 -10.1605 -10.2164 -10.2445</float_array><technique_common><accessor source="#hpl_mixamorigwSpine1-rotx-array" count="60" stride="1" /></technique_common></source>
      <sampler id="hpl_mixamorigwSpine1-trans-sampler"><input semantic="INPUT" source="#hpl_mixamorigwSpine1-time" /><input semantic="OUTPUT" source="#hpl_mixamorigwSpine1-trans" /></sampler><channel source="#hpl_mixamorigwSpine1-trans-sampler" target="mixamorigwSpine1/translate" />
      <sampler id="hpl_mixamorigwSpine1-rotz-sampler"><input semantic="INPUT" source="#hpl_mixamorigwSpine1-time" /><input semantic="OUTPUT" source="#hpl_mixamorigwSpine1-rotz" /></sampler><channel source="#hpl_mixamorigwSpine1-rotz-sampler" target="mixamorigwSpine1/rotateZ.ANGLE" />
      <sampler id="hpl_mixamorigwSpine1-roty-sampler"><input semantic="INPUT" source="#hpl_mixamorigwSpine1-time" /><input semantic="OUTPUT" source="#hpl_mixamorigwSpine1-roty" /></sampler><channel source="#hpl_mixamorigwSpine1-roty-sampler" target="mixamorigwSpine1/rotateY.ANGLE" />
      <sampler id="hpl_mixamorigwSpine1-rotx-sampler"><input semantic="INPUT" source="#hpl_mixamorigwSpine1-time" /><input semantic="OUTPUT" source="#hpl_mixamorigwSpine1-rotx" /></sampler><channel source="#hpl_mixamorigwSpine1-rotx-sampler" target="mixamorigwSpine1/rotateX.ANGLE" />
    </animation>
    <animation id="hpl_mixamorigwSpine2">
      <source id="hpl_mixamorigwSpine2-time"><float_array id="hpl_mixamorigwSpine2-time-array" count="60">0 1 2 3 4 5 6 7 8 9 10 11 12 13 14 15 16 17 18 19 20 21 22 23 24 25 26 27 28 29 30 31 32 33 34 35 36 37 38 39 40 41 42 43 44 45 46 47 48 49 50 51 52 53 54 55 56 57 58 59</float_array><technique_common><accessor source="#hpl_mixamorigwSpine2-time-array" count="60" stride="1" /></technique_common></source>
      <source id="hpl_mixamorigwSpine2-trans"><float_array id="hpl_mixamorigwSpine2-trans-array" count="180">-3.64405e-08 0.141065 -2.35147e-07 -3.64405e-08 0.141065 -2.35147e-07 -3.64405e-08 0.141065 -2.35147e-07 -3.64405e-08 0.141065 -2.35147e-07 -3.64405e-08 0.141065 -2.35147e-07 -3.64405e-08 0.141065 -2.35147e-07 -3.64405e-08 0.141065 -2.35147e-07 -3.64405e-08 0.141065 -2.35147e-07 -3.64405e-08 0.141065 -2.35147e-07 -3.64405e-08 0.141065 -2.35147e-07 -3.64405e-08 0.141065 -2.35147e-07 -3.64405e-08 0.141065 -2.35147e-07 -3.64405e-08 0.141065 -2.35147e-07 -3.64405e-08 0.141065 -2.35147e-07 -3.64405e-08 0.141065 -2.35147e-07 -3.64405e-08 0.141065 -2.35147e-07 -3.64405e-08 0.141065 -2.35147e-07 -3.64405e-08 0.141065 -2.35147e-07 -3.64405e-08 0.141065 -2.35147e-07 -3.64405e-08 0.141065 -2.35147e-07 -3.64405e-08 0.141065 -2.35147e-07 -3.64405e-08 0.141065 -2.35147e-07 -3.64405e-08 0.141065 -2.35147e-07 -3.64405e-08 0.141065 -2.35147e-07 -3.64405e-08 0.141065 -2.35147e-07 -3.64405e-08 0.141065 -2.35147e-07 -3.64405e-08 0.141065 -2.35147e-07 -3.64405e-08 0.141065 -2.35147e-07 -3.64405e-08 0.141065 -2.35147e-07 -3.64405e-08 0.141065 -2.35147e-07 -3.64405e-08 0.141065 -2.35147e-07 -3.64405e-08 0.141065 -2.35147e-07 -3.64405e-08 0.141065 -2.35147e-07 -3.64405e-08 0.141065 -2.35147e-07 -3.64405e-08 0.141065 -2.35147e-07 -3.64405e-08 0.141065 -2.35147e-07 -3.64405e-08 0.141065 -2.35147e-07 -3.64405e-08 0.141065 -2.35147e-07 -3.64405e-08 0.141065 -2.35147e-07 -3.64405e-08 0.141065 -2.35147e-07 -3.64405e-08 0.141065 -2.35147e-07 -3.64405e-08 0.141065 -2.35147e-07 -3.64405e-08 0.141065 -2.35147e-07 -3.64405e-08 0.141065 -2.35147e-07 -3.64405e-08 0.141065 -2.35147e-07 -3.64405e-08 0.141065 -2.35147e-07 -3.64405e-08 0.141065 -2.35147e-07 -3.64405e-08 0.141065 -2.35147e-07 -3.64405e-08 0.141065 -2.35147e-07 -3.64405e-08 0.141065 -2.35147e-07 -3.64405e-08 0.141065 -2.35147e-07 -3.64405e-08 0.141065 -2.35147e-07 -3.64405e-08 0.141065 -2.35147e-07 -3.64405e-08 0.141065 -2.35147e-07 -3.64405e-08 0.141065 -2.35147e-07 -3.64405e-08 0.141065 -2.35147e-07 -3.64405e-08 0.141065 -2.35147e-07 -3.64405e-08 0.141065 -2.35147e-07 -3.64405e-08 0.141065 -2.35147e-07 -3.64405e-08 0.141065 -2.35147e-07</float_array><technique_common><accessor source="#hpl_mixamorigwSpine2-trans-array" count="60" stride="3" /></technique_common></source>
      <source id="hpl_mixamorigwSpine2-rotz"><float_array id="hpl_mixamorigwSpine2-rotz-array" count="60">0.915325 0.989624 1.0925 1.18268 1.25269 1.26804 1.19867 1.03923 0.827349 0.585101 0.311626 0.0377342 -0.223532 -0.389339 -0.600156 -0.790001 -0.918602 -0.968475 -0.903779 -0.710562 -0.283685 0.00358268 -0.103467 -0.195851 -0.152961 -0.102504 0.140131 0.339228 0.469778 0.505399 0.493687 0.465856 0.462574 0.485433 0.549036 0.643006 0.723784 0.787137 0.839061 0.867723 0.867956 0.861907 0.750215 1.01017 1.28439 1.37085 1.32477 1.27634 1.32212 1.39736 1.33929 1.16681 0.837577 0.461368 0.125378 -0.0949596 -0.155623 -0.0449876 0.276712 0.849732</float_array><technique_common><accessor source="#hpl_mixamorigwSpine2-rotz-array" count="60" stride="1" /></technique_common></source>
      <source id="hpl_mixamorigwSpine2-roty"><float_array id="hpl_mixamorigwSpine2-roty-array" count="60">-2.37903 -2.41751 -2.4631 -2.52787 -2.60723 -2.6794 -2.74151 -2.8018 -2.85602 -2.84615 -2.81965 -2.78564 -2.79067 -2.7216 -2.6756 -2.60215 -2.49576 -2.37736 -2.2938 -2.32632 -2.39832 -2.66796 -2.82308 -2.84814 -2.79172 -2.69194 -2.56233 -2.45213 -2.27004 -2.06856 -1.89516 -1.77377 -1.66968 -1.62593 -1.6106 -1.62562 -1.67101 -1.72562 -1.7406 -1.77905 -1.83604 -1.99257 -2.15313 -2.36143 -2.61928 -2.82297 -2.96477 -3.05197 -3.02661 -3.16978 -3.31528 -3.43266 -3.39347 -3.22625 -3.0212 -2.79723 -2.57927 -2.40165 -2.36439 -2.43125</float_array><technique_common><accessor source="#hpl_mixamorigwSpine2-roty-array" count="60" stride="1" /></technique_common></source>
      <source id="hpl_mixamorigwSpine2-rotx"><float_array id="hpl_mixamorigwSpine2-rotx-array" count="60">8.73767 8.75951 8.79356 8.79999 8.78596 8.73686 8.67629 8.63205 8.56186 8.52403 8.52428 8.52917 8.53915 8.53542 8.52046 8.49722 8.48858 8.49653 8.51409 8.5007 8.48822 8.51996 8.46687 8.35549 8.25537 8.06537 8.01107 7.96707 7.92046 7.91247 7.91226 7.93648 7.9714 8.02011 8.10366 8.17482 8.27056 8.35304 8.44261 8.49779 8.55337 8.6516 8.81169 8.92088 8.87289 8.79636 8.74487 8.75286 8.79588 8.86411 8.92519 9.03337 9.04601 9.03202 8.92946 8.79517 8.70638 8.6795 8.72592 8.81708</float_array><technique_common><accessor source="#hpl_mixamorigwSpine2-rotx-array" count="60" stride="1" /></technique_common></source>
      <sampler id="hpl_mixamorigwSpine2-trans-sampler"><input semantic="INPUT" source="#hpl_mixamorigwSpine2-time" /><input semantic="OUTPUT" source="#hpl_mixamorigwSpine2-trans" /></sampler><channel source="#hpl_mixamorigwSpine2-trans-sampler" target="mixamorigwSpine2/translate" />
      <sampler id="hpl_mixamorigwSpine2-rotz-sampler"><input semantic="INPUT" source="#hpl_mixamorigwSpine2-time" /><input semantic="OUTPUT" source="#hpl_mixamorigwSpine2-rotz" /></sampler><channel source="#hpl_mixamorigwSpine2-rotz-sampler" target="mixamorigwSpine2/rotateZ.ANGLE" />
      <sampler id="hpl_mixamorigwSpine2-roty-sampler"><input semantic="INPUT" source="#hpl_mixamorigwSpine2-time" /><input semantic="OUTPUT" source="#hpl_mixamorigwSpine2-roty" /></sampler><channel source="#hpl_mixamorigwSpine2-roty-sampler" target="mixamorigwSpine2/rotateY.ANGLE" />
      <sampler id="hpl_mixamorigwSpine2-rotx-sampler"><input semantic="INPUT" source="#hpl_mixamorigwSpine2-time" /><input semantic="OUTPUT" source="#hpl_mixamorigwSpine2-rotx" /></sampler><channel source="#hpl_mixamorigwSpine2-rotx-sampler" target="mixamorigwSpine2/rotateX.ANGLE" />
    </animation>
    <animation id="hpl_mixamorigwLeftShoulder">
      <source id="hpl_mixamorigwLeftShoulder-time"><float_array id="hpl_mixamorigwLeftShoulder-time-array" count="60">0 1 2 3 4 5 6 7 8 9 10 11 12 13 14 15 16 17 18 19 20 21 22 23 24 25 26 27 28 29 30 31 32 33 34 35 36 37 38 39 40 41 42 43 44 45 46 47 48 49 50 51 52 53 54 55 56 57 58 59</float_array><technique_common><accessor source="#hpl_mixamorigwLeftShoulder-time-array" count="60" stride="1" /></technique_common></source>
      <source id="hpl_mixamorigwLeftShoulder-trans"><float_array id="hpl_mixamorigwLeftShoulder-trans-array" count="180">0.0413714 0.0784535 -0.00380876 0.0413714 0.0784535 -0.00380876 0.0413714 0.0784535 -0.00380876 0.0413714 0.0784535 -0.00380876 0.0413714 0.0784535 -0.00380876 0.0413714 0.0784535 -0.00380876 0.0413714 0.0784535 -0.00380876 0.0413714 0.0784535 -0.00380876 0.0413714 0.0784535 -0.00380876 0.0413714 0.0784535 -0.00380876 0.0413714 0.0784535 -0.00380876 0.0413714 0.0784535 -0.00380876 0.0413714 0.0784535 -0.00380876 0.0413714 0.0784535 -0.00380876 0.0413714 0.0784535 -0.00380876 0.0413714 0.0784535 -0.00380876 0.0413714 0.0784535 -0.00380876 0.0413714 0.0784535 -0.00380876 0.0413714 0.0784535 -0.00380876 0.0413714 0.0784535 -0.00380876 0.0413714 0.0784535 -0.00380876 0.0413714 0.0784535 -0.00380876 0.0413714 0.0784535 -0.00380876 0.0413714 0.0784535 -0.00380876 0.0413714 0.0784535 -0.00380876 0.0413714 0.0784535 -0.00380876 0.0413714 0.0784535 -0.00380876 0.0413714 0.0784535 -0.00380876 0.0413714 0.0784535 -0.00380876 0.0413714 0.0784535 -0.00380876 0.0413714 0.0784535 -0.00380876 0.0413714 0.0784535 -0.00380876 0.0413714 0.0784535 -0.00380876 0.0413714 0.0784535 -0.00380876 0.0413714 0.0784535 -0.00380876 0.0413714 0.0784535 -0.00380876 0.0413714 0.0784535 -0.00380876 0.0413714 0.0784535 -0.00380876 0.0413714 0.0784535 -0.00380876 0.0413714 0.0784535 -0.00380876 0.0413714 0.0784535 -0.00380876 0.0413714 0.0784535 -0.00380876 0.0413714 0.0784535 -0.00380876 0.0413714 0.0784535 -0.00380876 0.0413714 0.0784535 -0.00380876 0.0413714 0.0784535 -0.00380876 0.0413714 0.0784535 -0.00380876 0.0413714 0.0784535 -0.00380876 0.0413714 0.0784535 -0.00380876 0.0413714 0.0784535 -0.00380876 0.0413714 0.0784535 -0.00380876 0.0413714 0.0784535 -0.00380876 0.0413714 0.0784535 -0.00380876 0.0413714 0.0784535 -0.00380876 0.0413714 0.0784535 -0.00380876 0.0413714 0.0784535 -0.00380876 0.0413714 0.0784535 -0.00380876 0.0413714 0.0784535 -0.00380876 0.0413714 0.0784535 -0.00380876 0.0413714 0.0784535 -0.00380876</float_array><technique_common><accessor source="#hpl_mixamorigwLeftShoulder-trans-array" count="60" stride="3" /></technique_common></source>
      <source id="hpl_mixamorigwLeftShoulder-rotz"><float_array id="hpl_mixamorigwLeftShoulder-rotz-array" count="60">120.825 120.61 120.461 120.342 120.225 119.99 119.676 119.366 119.084 118.692 118.193 117.652 117.268 116.996 116.859 116.975 117.216 117.575 117.969 118.57 119.511 119.779 119.54 119.144 118.901 118.841 119.242 119.825 120.372 120.961 121.402 121.773 122.133 122.301 122.382 122.298 122.134 121.898 121.665 121.315 120.858 120.499 120.049 119.708 119.473 119.286 118.959 118.575 118.425 118.22 118.228 118.244 118.363 118.719 119.224 119.589 119.719 119.506 119.394 119.278</float_array><technique_common><accessor source="#hpl_mixamorigwLeftShoulder-rotz-array" count="60" stride="1" /></technique_common></source>
      <source id="hpl_mixamorigwLeftShoulder-roty"><float_array id="hpl_mixamorigwLeftShoulder-roty-array" count="60">66.4565 66.5351 66.5759 66.6089 66.5966 66.5437 66.4633 66.3461 66.2902 66.3627 66.5495 66.802 67.0206 67.1852 67.3637 67.5267 67.5654 67.4138 67.1551 67.0383 66.8059 66.6262 66.7026 66.7973 66.7959 66.5577 66.5058 66.4071 66.3095 66.1579 65.9815 65.7693 65.5887 65.4381 65.2953 65.2024 65.1602 65.1482 65.2112 65.285 65.4024 65.6497 65.6553 65.7666 65.8841 65.9578 66.0097 66.0005 66.0772 66.1434 66.2826 66.3144 66.3624 66.4421 66.4528 66.3378 66.1 65.7655 65.4633 65.3139</float_array><technique_common><accessor source="#hpl_mixamorigwLeftShoulder-roty-array" count="60" stride="1" /></technique_common></source>
      <source id="hpl_mixamorigwLeftShoulder-rotx"><float_array id="hpl_mixamorigwLeftShoulder-rotx-array" count="60">-139.004 -139.295 -139.505 -139.662 -139.722 -139.863 -140.083 -140.297 -140.474 -140.844 -141.388 -142.045 -142.606 -143.082 -143.413 -143.523 -143.52 -143.406 -143.319 -142.977 -142.079 -141.715 -142.054 -142.6 -142.791 -142.802 -142.489 -142.005 -141.438 -140.763 -140.195 -139.648 -139.071 -138.696 -138.43 -138.341 -138.371 -138.497 -138.617 -138.861 -139.156 -139.244 -139.308 -139.027 -139.353 -139.898 -140.439 -140.872 -141.225 -141.847 -142.335 -142.709 -142.803 -142.481 -141.881 -141.314 -140.91 -140.815 -140.73 -140.677</float_array><technique_common><accessor source="#hpl_mixamorigwLeftShoulder-rotx-array" count="60" stride="1" /></technique_common></source>
      <sampler id="hpl_mixamorigwLeftShoulder-trans-sampler"><input semantic="INPUT" source="#hpl_mixamorigwLeftShoulder-time" /><input semantic="OUTPUT" source="#hpl_mixamorigwLeftShoulder-trans" /></sampler><channel source="#hpl_mixamorigwLeftShoulder-trans-sampler" target="mixamorigwLeftShoulder/translate" />
      <sampler id="hpl_mixamorigwLeftShoulder-rotz-sampler"><input semantic="INPUT" source="#hpl_mixamorigwLeftShoulder-time" /><input semantic="OUTPUT" source="#hpl_mixamorigwLeftShoulder-rotz" /></sampler><channel source="#hpl_mixamorigwLeftShoulder-rotz-sampler" target="mixamorigwLeftShoulder/rotateZ.ANGLE" />
      <sampler id="hpl_mixamorigwLeftShoulder-roty-sampler"><input semantic="INPUT" source="#hpl_mixamorigwLeftShoulder-time" /><input semantic="OUTPUT" source="#hpl_mixamorigwLeftShoulder-roty" /></sampler><channel source="#hpl_mixamorigwLeftShoulder-roty-sampler" target="mixamorigwLeftShoulder/rotateY.ANGLE" />
      <sampler id="hpl_mixamorigwLeftShoulder-rotx-sampler"><input semantic="INPUT" source="#hpl_mixamorigwLeftShoulder-time" /><input semantic="OUTPUT" source="#hpl_mixamorigwLeftShoulder-rotx" /></sampler><channel source="#hpl_mixamorigwLeftShoulder-rotx-sampler" target="mixamorigwLeftShoulder/rotateX.ANGLE" />
    </animation>
    <animation id="hpl_mixamorigwLeftArm">
      <source id="hpl_mixamorigwLeftArm-time"><float_array id="hpl_mixamorigwLeftArm-time-array" count="60">0 1 2 3 4 5 6 7 8 9 10 11 12 13 14 15 16 17 18 19 20 21 22 23 24 25 26 27 28 29 30 31 32 33 34 35 36 37 38 39 40 41 42 43 44 45 46 47 48 49 50 51 52 53 54 55 56 57 58 59</float_array><technique_common><accessor source="#hpl_mixamorigwLeftArm-time-array" count="60" stride="1" /></technique_common></source>
      <source id="hpl_mixamorigwLeftArm-trans"><float_array id="hpl_mixamorigwLeftArm-trans-array" count="180">9.98332e-07 0.163973 5.96014e-06 9.98332e-07 0.163973 5.96014e-06 9.98332e-07 0.163973 5.96014e-06 9.98332e-07 0.163973 5.96014e-06 9.98332e-07 0.163973 5.96014e-06 9.98332e-07 0.163973 5.96014e-06 9.98332e-07 0.163973 5.96014e-06 9.98332e-07 0.163973 5.96014e-06 9.98332e-07 0.163973 5.96014e-06 9.98332e-07 0.163973 5.96014e-06 9.98332e-07 0.163973 5.96014e-06 9.98332e-07 0.163973 5.96014e-06 9.98332e-07 0.163973 5.96014e-06 9.98332e-07 0.163973 5.96014e-06 9.98332e-07 0.163973 5.96014e-06 9.98332e-07 0.163973 5.96014e-06 9.98332e-07 0.163973 5.96014e-06 9.98332e-07 0.163973 5.96014e-06 9.98332e-07 0.163973 5.96014e-06 9.98332e-07 0.163973 5.96014e-06 9.98332e-07 0.163973 5.96014e-06 9.98332e-07 0.163973 5.96014e-06 9.98332e-07 0.163973 5.96014e-06 9.98332e-07 0.163973 5.96014e-06 9.98332e-07 0.163973 5.96014e-06 9.98332e-07 0.163973 5.96014e-06 9.98332e-07 0.163973 5.96014e-06 9.98332e-07 0.163973 5.96014e-06 9.98332e-07 0.163973 5.96014e-06 9.98332e-07 0.163973 5.96014e-06 9.98332e-07 0.163973 5.96014e-06 9.98332e-07 0.163973 5.96014e-06 9.98332e-07 0.163973 5.96014e-06 9.98332e-07 0.163973 5.96014e-06 9.98332e-07 0.163973 5.96014e-06 9.98332e-07 0.163973 5.96014e-06 9.98332e-07 0.163973 5.96014e-06 9.98332e-07 0.163973 5.96014e-06 9.98332e-07 0.163973 5.96014e-06 9.98332e-07 0.163973 5.96014e-06 9.98332e-07 0.163973 5.96014e-06 9.98332e-07 0.163973 5.96014e-06 9.98332e-07 0.163973 5.96014e-06 9.98332e-07 0.163973 5.96014e-06 9.98332e-07 0.163973 5.96014e-06 9.98332e-07 0.163973 5.96014e-06 9.98332e-07 0.163973 5.96014e-06 9.98332e-07 0.163973 5.96014e-06 9.98332e-07 0.163973 5.96014e-06 9.98332e-07 0.163973 5.96014e-06 9.98332e-07 0.163973 5.96014e-06 9.98332e-07 0.163973 5.96014e-06 9.98332e-07 0.163973 5.96014e-06 9.98332e-07 0.163973 5.96014e-06 9.98332e-07 0.163973 5.96014e-06 9.98332e-07 0.163973 5.96014e-06 9.98332e-07 0.163973 5.96014e-06 9.98332e-07 0.163973 5.96014e-06 9.98332e-07 0.163973 5.96014e-06 9.98332e-07 0.163973 5.96014e-06</float_array><technique_common><accessor source="#hpl_mixamorigwLeftArm-trans-array" count="60" stride="3" /></technique_common></source>
      <source id="hpl_mixamorigwLeftArm-rotz"><float_array id="hpl_mixamorigwLeftArm-rotz-array" count="60">61.057 61.0101 60.9114 60.7305 60.6479 60.5548 60.5049 60.5352 60.514 60.5516 60.5077 60.369 60.1164 59.9619 59.6526 59.1026 58.4902 58.0707 57.9502 58.2356 58.9425 59.8189 60.2719 60.188 59.6994 58.785 57.81 56.9482 56.1868 55.5573 55.0371 54.6977 54.5568 54.5767 54.858 55.3638 56.0963 56.9919 58.1008 59.3805 60.7411 61.8715 62.4706 62.6919 62.8401 62.9744 63.0561 63.0091 63.0953 63.2814 63.7484 64.4697 65.1601 65.6042 65.7704 65.6931 65.3133 64.619 64.0099 63.6309</float_array><technique_common><accessor source="#hpl_mixamorigwLeftArm-rotz-array" count="60" stride="1" /></technique_common></source>
      <source id="hpl_mixamorigwLeftArm-roty"><float_array id="hpl_mixamorigwLeftArm-roty-array" count="60">21.8429 21.8326 21.7608 21.6699 21.6805 21.6482 21.6298 21.5606 21.4606 21.3261 21.1311 20.7662 20.218 19.532 18.7984 17.8376 16.7448 15.769 15.0347 14.959 15.4374 16.2076 16.6771 16.7159 16.651 16.3619 16.1691 16.11 16.2052 16.3734 16.6419 17.0161 17.471 17.8712 18.2748 18.7455 19.2689 19.8192 20.4755 21.1889 21.9517 22.8064 23.2763 23.3051 22.5085 21.7551 21.3673 20.9926 20.5058 19.5491 18.6048 17.5957 16.674 15.8556 15.4145 15.4546 15.8418 16.2963 16.7781 17.3038</float_array><technique_common><accessor source="#hpl_mixamorigwLeftArm-roty-array" count="60" stride="1" /></technique_common></source>
      <source id="hpl_mixamorigwLeftArm-rotx"><float_array id="hpl_mixamorigwLeftArm-rotx-array" count="60">58.6667 58.6075 58.5394 58.4985 58.4736 58.5054 58.5282 58.5081 58.3661 58.1899 57.8538 57.464 57.0119 56.5818 56.2356 56.0118 55.9432 55.9604 56.1544 56.7179 57.2143 57.3959 57.2916 57.1297 56.8689 56.4049 56.402 56.4583 56.4706 56.4923 56.4689 56.4238 56.3838 56.3563 56.2968 56.211 56.1078 55.9136 55.6541 55.3646 55.0426 54.6677 53.8797 53.3327 53.4652 53.7005 53.7833 53.6778 53.8032 54.0557 54.4128 54.6241 54.7204 54.8314 54.8469 54.7397 54.4715 54.1426 53.9862 54.1495</float_array><technique_common><accessor source="#hpl_mixamorigwLeftArm-rotx-array" count="60" stride="1" /></technique_common></source>
      <sampler id="hpl_mixamorigwLeftArm-trans-sampler"><input semantic="INPUT" source="#hpl_mixamorigwLeftArm-time" /><input semantic="OUTPUT" source="#hpl_mixamorigwLeftArm-trans" /></sampler><channel source="#hpl_mixamorigwLeftArm-trans-sampler" target="mixamorigwLeftArm/translate" />
      <sampler id="hpl_mixamorigwLeftArm-rotz-sampler"><input semantic="INPUT" source="#hpl_mixamorigwLeftArm-time" /><input semantic="OUTPUT" source="#hpl_mixamorigwLeftArm-rotz" /></sampler><channel source="#hpl_mixamorigwLeftArm-rotz-sampler" target="mixamorigwLeftArm/rotateZ.ANGLE" />
      <sampler id="hpl_mixamorigwLeftArm-roty-sampler"><input semantic="INPUT" source="#hpl_mixamorigwLeftArm-time" /><input semantic="OUTPUT" source="#hpl_mixamorigwLeftArm-roty" /></sampler><channel source="#hpl_mixamorigwLeftArm-roty-sampler" target="mixamorigwLeftArm/rotateY.ANGLE" />
      <sampler id="hpl_mixamorigwLeftArm-rotx-sampler"><input semantic="INPUT" source="#hpl_mixamorigwLeftArm-time" /><input semantic="OUTPUT" source="#hpl_mixamorigwLeftArm-rotx" /></sampler><channel source="#hpl_mixamorigwLeftArm-rotx-sampler" target="mixamorigwLeftArm/rotateX.ANGLE" />
    </animation>
    <animation id="hpl_mixamorigwLeftForeArm">
      <source id="hpl_mixamorigwLeftForeArm-time"><float_array id="hpl_mixamorigwLeftForeArm-time-array" count="60">0 1 2 3 4 5 6 7 8 9 10 11 12 13 14 15 16 17 18 19 20 21 22 23 24 25 26 27 28 29 30 31 32 33 34 35 36 37 38 39 40 41 42 43 44 45 46 47 48 49 50 51 52 53 54 55 56 57 58 59</float_array><technique_common><accessor source="#hpl_mixamorigwLeftForeArm-time-array" count="60" stride="1" /></technique_common></source>
      <source id="hpl_mixamorigwLeftForeArm-trans"><float_array id="hpl_mixamorigwLeftForeArm-trans-array" count="180">-1.8844e-07 0.244292 -4.09649e-06 -1.8844e-07 0.244292 -4.09649e-06 -1.8844e-07 0.244292 -4.09649e-06 -1.8844e-07 0.244292 -4.09649e-06 -1.8844e-07 0.244292 -4.09649e-06 -1.8844e-07 0.244292 -4.09649e-06 -1.8844e-07 0.244292 -4.09649e-06 -1.8844e-07 0.244292 -4.09649e-06 -1.8844e-07 0.244292 -4.09649e-06 -1.8844e-07 0.244292 -4.09649e-06 -1.8844e-07 0.244292 -4.09649e-06 -1.8844e-07 0.244292 -4.09649e-06 -1.8844e-07 0.244292 -4.09649e-06 -1.8844e-07 0.244292 -4.09649e-06 -1.8844e-07 0.244292 -4.09649e-06 -1.8844e-07 0.244292 -4.09649e-06 -1.8844e-07 0.244292 -4.09649e-06 -1.8844e-07 0.244292 -4.09649e-06 -1.8844e-07 0.244292 -4.09649e-06 -1.8844e-07 0.244292 -4.09649e-06 -1.8844e-07 0.244292 -4.09649e-06 -1.8844e-07 0.244292 -4.09649e-06 -1.8844e-07 0.244292 -4.09649e-06 -1.8844e-07 0.244292 -4.09649e-06 -1.8844e-07 0.244292 -4.09649e-06 -1.8844e-07 0.244292 -4.09649e-06 -1.8844e-07 0.244292 -4.09649e-06 -1.8844e-07 0.244292 -4.09649e-06 -1.8844e-07 0.244292 -4.09649e-06 -1.8844e-07 0.244292 -4.09649e-06 -1.8844e-07 0.244292 -4.09649e-06 -1.8844e-07 0.244292 -4.09649e-06 -1.8844e-07 0.244292 -4.09649e-06 -1.8844e-07 0.244292 -4.09649e-06 -1.8844e-07 0.244292 -4.09649e-06 -1.8844e-07 0.244292 -4.09649e-06 -1.8844e-07 0.244292 -4.09649e-06 -1.8844e-07 0.244292 -4.09649e-06 -1.8844e-07 0.244292 -4.09649e-06 -1.8844e-07 0.244292 -4.09649e-06 -1.8844e-07 0.244292 -4.09649e-06 -1.8844e-07 0.244292 -4.09649e-06 -1.8844e-07 0.244292 -4.09649e-06 -1.8844e-07 0.244292 -4.09649e-06 -1.8844e-07 0.244292 -4.09649e-06 -1.8844e-07 0.244292 -4.09649e-06 -1.8844e-07 0.244292 -4.09649e-06 -1.8844e-07 0.244292 -4.09649e-06 -1.8844e-07 0.244292 -4.09649e-06 -1.8844e-07 0.244292 -4.09649e-06 -1.8844e-07 0.244292 -4.09649e-06 -1.8844e-07 0.244292 -4.09649e-06 -1.8844e-07 0.244292 -4.09649e-06 -1.8844e-07 0.244292 -4.09649e-06 -1.8844e-07 0.244292 -4.09649e-06 -1.8844e-07 0.244292 -4.09649e-06 -1.8844e-07 0.244292 -4.09649e-06 -1.8844e-07 0.244292 -4.09649e-06 -1.8844e-07 0.244292 -4.09649e-06 -1.8844e-07 0.244292 -4.09649e-06</float_array><technique_common><accessor source="#hpl_mixamorigwLeftForeArm-trans-array" count="60" stride="3" /></technique_common></source>
      <source id="hpl_mixamorigwLeftForeArm-rotz"><float_array id="hpl_mixamorigwLeftForeArm-rotz-array" count="60">33.1365 33.0001 32.8882 32.8001 32.5793 32.149 31.6349 31.1385 30.7022 30.456 30.3286 30.2269 30.2581 30.3953 30.7002 31.0678 31.504 32.0312 32.6476 33.488 34.4283 35.3385 35.7043 35.7311 35.6535 35.3393 35.0249 34.7044 34.2726 33.8049 33.3814 32.962 32.4393 31.7639 31.002 30.2853 29.7123 29.2996 29.0902 29.0019 28.9852 29.1948 29.4473 29.4038 29.4721 30.0801 31.2536 32.6867 34.1541 35.2456 35.8749 36.0873 36.0768 36.1854 36.804 38.0898 39.7168 41.0645 41.6938 41.2816</float_array><technique_common><accessor source="#hpl_mixamorigwLeftForeArm-rotz-array" count="60" stride="1" /></technique_common></source>
      <source id="hpl_mixamorigwLeftForeArm-roty"><float_array id="hpl_mixamorigwLeftForeArm-roty-array" count="60">-11.281 -11.2182 -11.1544 -11.0921 -11.0599 -11.0584 -11.0978 -11.1208 -11.149 -11.1794 -11.212 -11.2377 -11.2508 -11.2496 -11.2326 -11.2238 -11.1964 -11.1319 -11.0332 -10.8916 -10.7068 -10.5146 -10.4019 -10.3623 -10.43 -10.6301 -10.7273 -10.8242 -10.9281 -11.0188 -11.0834 -11.1215 -11.1404 -11.1528 -11.1988 -11.2042 -11.2132 -11.1942 -11.1981 -11.1858 -11.2035 -11.1917 -11.233 -11.2666 -11.243 -11.1647 -11.0279 -10.8545 -10.7214 -10.602 -10.5102 -10.4493 -10.5067 -10.5727 -10.5521 -10.392 -10.1825 -9.95809 -9.79155 -9.96265</float_array><technique_common><accessor source="#hpl_mixamorigwLeftForeArm-roty-array" count="60" stride="1" /></technique_common></source>
      <source id="hpl_mixamorigwLeftForeArm-rotx"><float_array id="hpl_mixamorigwLeftForeArm-rotx-array" count="60">-6.74515 -6.80029 -6.81646 -6.79138 -6.75305 -6.66533 -6.60995 -6.59587 -6.5494 -6.55886 -6.52537 -6.47901 -6.41562 -6.42599 -6.4876 -6.5427 -6.6212 -6.70282 -6.72206 -6.73437 -6.72298 -6.83058 -6.73314 -6.6946 -6.71168 -6.58971 -6.49283 -6.45516 -6.42611 -6.40081 -6.33721 -6.25335 -6.16616 -6.07727 -6.0036 -5.93068 -5.86916 -5.82138 -5.80753 -5.85367 -5.94199 -6.03983 -6.05754 -6.16962 -6.38413 -6.57936 -6.83307 -7.06363 -7.35217 -7.57296 -7.6898 -7.705 -7.65452 -7.52029 -7.39561 -7.40491 -7.55072 -7.66641 -7.73599 -7.78698</float_array><technique_common><accessor source="#hpl_mixamorigwLeftForeArm-rotx-array" count="60" stride="1" /></technique_common></source>
      <sampler id="hpl_mixamorigwLeftForeArm-trans-sampler"><input semantic="INPUT" source="#hpl_mixamorigwLeftForeArm-time" /><input semantic="OUTPUT" source="#hpl_mixamorigwLeftForeArm-trans" /></sampler><channel source="#hpl_mixamorigwLeftForeArm-trans-sampler" target="mixamorigwLeftForeArm/translate" />
      <sampler id="hpl_mixamorigwLeftForeArm-rotz-sampler"><input semantic="INPUT" source="#hpl_mixamorigwLeftForeArm-time" /><input semantic="OUTPUT" source="#hpl_mixamorigwLeftForeArm-rotz" /></sampler><channel source="#hpl_mixamorigwLeftForeArm-rotz-sampler" target="mixamorigwLeftForeArm/rotateZ.ANGLE" />
      <sampler id="hpl_mixamorigwLeftForeArm-roty-sampler"><input semantic="INPUT" source="#hpl_mixamorigwLeftForeArm-time" /><input semantic="OUTPUT" source="#hpl_mixamorigwLeftForeArm-roty" /></sampler><channel source="#hpl_mixamorigwLeftForeArm-roty-sampler" target="mixamorigwLeftForeArm/rotateY.ANGLE" />
      <sampler id="hpl_mixamorigwLeftForeArm-rotx-sampler"><input semantic="INPUT" source="#hpl_mixamorigwLeftForeArm-time" /><input semantic="OUTPUT" source="#hpl_mixamorigwLeftForeArm-rotx" /></sampler><channel source="#hpl_mixamorigwLeftForeArm-rotx-sampler" target="mixamorigwLeftForeArm/rotateX.ANGLE" />
    </animation>
    <animation id="hpl_mixamorigwLeftHand">
      <source id="hpl_mixamorigwLeftHand-time"><float_array id="hpl_mixamorigwLeftHand-time-array" count="60">0 1 2 3 4 5 6 7 8 9 10 11 12 13 14 15 16 17 18 19 20 21 22 23 24 25 26 27 28 29 30 31 32 33 34 35 36 37 38 39 40 41 42 43 44 45 46 47 48 49 50 51 52 53 54 55 56 57 58 59</float_array><technique_common><accessor source="#hpl_mixamorigwLeftHand-time-array" count="60" stride="1" /></technique_common></source>
      <source id="hpl_mixamorigwLeftHand-trans"><float_array id="hpl_mixamorigwLeftHand-trans-array" count="180">-6.101e-08 0.241261 2.62839e-06 -6.101e-08 0.241261 2.62839e-06 -6.101e-08 0.241261 2.62839e-06 -6.101e-08 0.241261 2.62839e-06 -6.101e-08 0.241261 2.62839e-06 -6.101e-08 0.241261 2.62839e-06 -6.101e-08 0.241261 2.62839e-06 -6.101e-08 0.241261 2.62839e-06 -6.101e-08 0.241261 2.62839e-06 -6.101e-08 0.241261 2.62839e-06 -6.101e-08 0.241261 2.62839e-06 -6.101e-08 0.241261 2.62839e-06 -6.101e-08 0.241261 2.62839e-06 -6.101e-08 0.241261 2.62839e-06 -6.101e-08 0.241261 2.62839e-06 -6.101e-08 0.241261 2.62839e-06 -6.101e-08 0.241261 2.62839e-06 -6.101e-08 0.241261 2.62839e-06 -6.101e-08 0.241261 2.62839e-06 -6.101e-08 0.241261 2.62839e-06 -6.101e-08 0.241261 2.62839e-06 -6.101e-08 0.241261 2.62839e-06 -6.101e-08 0.241261 2.62839e-06 -6.101e-08 0.241261 2.62839e-06 -6.101e-08 0.241261 2.62839e-06 -6.101e-08 0.241261 2.62839e-06 -6.101e-08 0.241261 2.62839e-06 -6.101e-08 0.241261 2.62839e-06 -6.101e-08 0.241261 2.62839e-06 -6.101e-08 0.241261 2.62839e-06 -6.101e-08 0.241261 2.62839e-06 -6.101e-08 0.241261 2.62839e-06 -6.101e-08 0.241261 2.62839e-06 -6.101e-08 0.241261 2.62839e-06 -6.101e-08 0.241261 2.62839e-06 -6.101e-08 0.241261 2.62839e-06 -6.101e-08 0.241261 2.62839e-06 -6.101e-08 0.241261 2.62839e-06 -6.101e-08 0.241261 2.62839e-06 -6.101e-08 0.241261 2.62839e-06 -6.101e-08 0.241261 2.62839e-06 -6.101e-08 0.241261 2.62839e-06 -6.101e-08 0.241261 2.62839e-06 -6.101e-08 0.241261 2.62839e-06 -6.101e-08 0.241261 2.62839e-06 -6.101e-08 0.241261 2.62839e-06 -6.101e-08 0.241261 2.62839e-06 -6.101e-08 0.241261 2.62839e-06 -6.101e-08 0.241261 2.62839e-06 -6.101e-08 0.241261 2.62839e-06 -6.101e-08 0.241261 2.62839e-06 -6.101e-08 0.241261 2.62839e-06 -6.101e-08 0.241261 2.62839e-06 -6.101e-08 0.241261 2.62839e-06 -6.101e-08 0.241261 2.62839e-06 -6.101e-08 0.241261 2.62839e-06 -6.101e-08 0.241261 2.62839e-06 -6.101e-08 0.241261 2.62839e-06 -6.101e-08 0.241261 2.62839e-06 -6.101e-08 0.241261 2.62839e-06</float_array><technique_common><accessor source="#hpl_mixamorigwLeftHand-trans-array" count="60" stride="3" /></technique_common></source>
      <source id="hpl_mixamorigwLeftHand-rotz"><float_array id="hpl_mixamorigwLeftHand-rotz-array" count="60">6.59196 6.65937 6.69605 6.69155 6.70013 6.70454 6.67697 6.56551 6.57868 6.47933 6.45395 6.5197 6.51623 6.58623 6.45492 6.33439 6.20535 6.00868 5.8771 5.96101 6.40106 6.87693 7.464 7.80312 7.90581 7.94519 7.9554 7.88288 7.8677 7.83798 7.80315 7.68689 7.50916 7.30427 7.13855 7.07344 7.09349 7.197 7.31994 7.47937 7.6213 7.49098 7.45992 7.1999 6.86085 6.62976 6.62895 6.81556 7.06865 7.291 7.54132 7.7937 8.00246 8.19167 8.35658 8.44629 8.45371 8.33912 8.08492 7.65416</float_array><technique_common><accessor source="#hpl_mixamorigwLeftHand-rotz-array" count="60" stride="1" /></technique_common></source>
      <source id="hpl_mixamorigwLeftHand-roty"><float_array id="hpl_mixamorigwLeftHand-roty-array" count="60">7.19948 7.37778 7.91966 8.56651 9.016 9.32353 9.63105 9.85835 10.2688 10.4934 10.7829 11.1286 11.311 11.6009 11.46 11.2716 11.06 10.7592 10.5272 10.4364 10.7594 10.9824 11.5729 11.9973 12.1185 12.1812 12.0086 11.7113 11.4876 11.3474 11.1967 10.8906 10.475 10.0939 9.741 9.32521 8.82084 8.39032 7.92906 7.39125 7.08853 6.84741 6.54276 6.24682 5.61731 4.81962 4.22436 3.54781 2.95386 2.72002 2.51133 2.32344 2.65976 3.5407 4.41174 4.63048 4.058 3.1375 2.35992 2.06041</float_array><technique_common><accessor source="#hpl_mixamorigwLeftHand-roty-array" count="60" stride="1" /></technique_common></source>
      <source id="hpl_mixamorigwLeftHand-rotx"><float_array id="hpl_mixamorigwLeftHand-rotx-array" count="60">7.43754 7.74907 8.16506 8.50491 8.67652 8.67372 8.56868 8.3672 8.19107 7.89947 7.6617 7.45249 7.18501 6.91232 6.4679 6.01416 5.67328 5.51349 5.70837 6.18408 6.97213 7.80816 8.34388 8.4831 8.31306 8.21733 7.95624 7.9343 7.92724 7.77778 7.50441 7.192 6.89797 6.6216 6.36879 6.15659 5.97373 5.82704 5.6992 5.631 5.6814 5.85741 5.72377 5.38912 5.16837 5.30927 5.63017 5.68308 5.35378 4.90917 4.38214 3.81868 3.48875 3.47415 3.71726 4.08775 4.40708 4.52905 4.52995 4.76509</float_array><technique_common><accessor source="#hpl_mixamorigwLeftHand-rotx-array" count="60" stride="1" /></technique_common></source>
      <sampler id="hpl_mixamorigwLeftHand-trans-sampler"><input semantic="INPUT" source="#hpl_mixamorigwLeftHand-time" /><input semantic="OUTPUT" source="#hpl_mixamorigwLeftHand-trans" /></sampler><channel source="#hpl_mixamorigwLeftHand-trans-sampler" target="mixamorigwLeftHand/translate" />
      <sampler id="hpl_mixamorigwLeftHand-rotz-sampler"><input semantic="INPUT" source="#hpl_mixamorigwLeftHand-time" /><input semantic="OUTPUT" source="#hpl_mixamorigwLeftHand-rotz" /></sampler><channel source="#hpl_mixamorigwLeftHand-rotz-sampler" target="mixamorigwLeftHand/rotateZ.ANGLE" />
      <sampler id="hpl_mixamorigwLeftHand-roty-sampler"><input semantic="INPUT" source="#hpl_mixamorigwLeftHand-time" /><input semantic="OUTPUT" source="#hpl_mixamorigwLeftHand-roty" /></sampler><channel source="#hpl_mixamorigwLeftHand-roty-sampler" target="mixamorigwLeftHand/rotateY.ANGLE" />
      <sampler id="hpl_mixamorigwLeftHand-rotx-sampler"><input semantic="INPUT" source="#hpl_mixamorigwLeftHand-time" /><input semantic="OUTPUT" source="#hpl_mixamorigwLeftHand-rotx" /></sampler><channel source="#hpl_mixamorigwLeftHand-rotx-sampler" target="mixamorigwLeftHand/rotateX.ANGLE" />
    </animation>
    <animation id="hpl_mixamorigwRightShoulder">
      <source id="hpl_mixamorigwRightShoulder-time"><float_array id="hpl_mixamorigwRightShoulder-time-array" count="60">0 1 2 3 4 5 6 7 8 9 10 11 12 13 14 15 16 17 18 19 20 21 22 23 24 25 26 27 28 29 30 31 32 33 34 35 36 37 38 39 40 41 42 43 44 45 46 47 48 49 50 51 52 53 54 55 56 57 58 59</float_array><technique_common><accessor source="#hpl_mixamorigwRightShoulder-time-array" count="60" stride="1" /></technique_common></source>
      <source id="hpl_mixamorigwRightShoulder-trans"><float_array id="hpl_mixamorigwRightShoulder-trans-array" count="180">-0.0410678 0.0751627 -0.0033861 -0.0410678 0.0751627 -0.0033861 -0.0410678 0.0751627 -0.0033861 -0.0410678 0.0751627 -0.0033861 -0.0410678 0.0751627 -0.0033861 -0.0410678 0.0751627 -0.0033861 -0.0410678 0.0751627 -0.0033861 -0.0410678 0.0751627 -0.0033861 -0.0410678 0.0751627 -0.0033861 -0.0410678 0.0751627 -0.0033861 -0.0410678 0.0751627 -0.0033861 -0.0410678 0.0751627 -0.0033861 -0.0410678 0.0751627 -0.0033861 -0.0410678 0.0751627 -0.0033861 -0.0410678 0.0751627 -0.0033861 -0.0410678 0.0751627 -0.0033861 -0.0410678 0.0751627 -0.0033861 -0.0410678 0.0751627 -0.0033861 -0.0410678 0.0751627 -0.0033861 -0.0410678 0.0751627 -0.0033861 -0.0410678 0.0751627 -0.0033861 -0.0410678 0.0751627 -0.0033861 -0.0410678 0.0751627 -0.0033861 -0.0410678 0.0751627 -0.0033861 -0.0410678 0.0751627 -0.0033861 -0.0410678 0.0751627 -0.0033861 -0.0410678 0.0751627 -0.0033861 -0.0410678 0.0751627 -0.0033861 -0.0410678 0.0751627 -0.0033861 -0.0410678 0.0751627 -0.0033861 -0.0410678 0.0751627 -0.0033861 -0.0410678 0.0751627 -0.0033861 -0.0410678 0.0751627 -0.0033861 -0.0410678 0.0751627 -0.0033861 -0.0410678 0.0751627 -0.0033861 -0.0410678 0.0751627 -0.0033861 -0.0410678 0.0751627 -0.0033861 -0.0410678 0.0751627 -0.0033861 -0.0410678 0.0751627 -0.0033861 -0.0410678 0.0751627 -0.0033861 -0.0410678 0.0751627 -0.0033861 -0.0410678 0.0751627 -0.0033861 -0.0410678 0.0751627 -0.0033861 -0.0410678 0.0751627 -0.0033861 -0.0410678 0.0751627 -0.0033861 -0.0410678 0.0751627 -0.0033861 -0.0410678 0.0751627 -0.0033861 -0.0410678 0.0751627 -0.0033861 -0.0410678 0.0751627 -0.0033861 -0.0410678 0.0751627 -0.0033861 -0.0410678 0.0751627 -0.0033861 -0.0410678 0.0751627 -0.0033861 -0.0410678 0.0751627 -0.0033861 -0.0410678 0.0751627 -0.0033861 -0.0410678 0.0751627 -0.0033861 -0.0410678 0.0751627 -0.0033861 -0.0410678 0.0751627 -0.0033861 -0.0410678 0.0751627 -0.0033861 -0.0410678 0.0751627 -0.0033861 -0.0410678 0.0751627 -0.0033861</float_array><technique_common><accessor source="#hpl_mixamorigwRightShoulder-trans-array" count="60" stride="3" /></technique_common></source>
      <source id="hpl_mixamorigwRightShoulder-rotz"><float_array id="hpl_mixamorigwRightShoulder-rotz-array" count="60">-107.135 -107.089 -107.024 -107.035 -107.18 -107.429 -107.699 -107.831 -107.982 -108.432 -108.898 -109.441 -109.847 -110.474 -110.669 -110.543 -110.162 -109.698 -109.562 -109.27 -108.81 -108.956 -109.168 -109.144 -108.699 -107.939 -107.276 -106.464 -105.898 -105.397 -105.122 -104.996 -105.143 -105.405 -105.755 -105.965 -106.152 -106.303 -106.502 -106.702 -106.823 -106.55 -106.471 -106.278 -106.422 -106.44 -106.296 -106.129 -106.15 -106.44 -106.725 -107.057 -107.127 -107.128 -107.085 -106.772 -106.241 -105.585 -104.721 -104.126</float_array><technique_common><accessor source="#hpl_mixamorigwRightShoulder-rotz-array" count="60" stride="1" /></technique_common></source>
      <source id="hpl_mixamorigwRightShoulder-roty"><float_array id="hpl_mixamorigwRightShoulder-roty-array" count="60">-68.1057 -68.1368 -68.1382 -68.1242 -68.1125 -68.0821 -68.0176 -67.8961 -67.8132 -67.7061 -67.5736 -67.4608 -67.4004 -67.4902 -67.5722 -67.7009 -67.8741 -68.0838 -68.3066 -68.4137 -68.5226 -68.5488 -68.5965 -68.674 -68.7644 -68.8224 -69.0014 -69.1748 -69.3069 -69.3814 -69.2638 -69.1328 -69.0348 -68.951 -68.8559 -68.753 -68.614 -68.4874 -68.3809 -68.2951 -68.1702 -68.0096 -67.8912 -67.7757 -67.7421 -67.5901 -67.3779 -67.1596 -66.9983 -66.9165 -66.8556 -66.9066 -66.9402 -67.0628 -67.2428 -67.403 -67.5412 -67.6691 -67.6656 -67.7143</float_array><technique_common><accessor source="#hpl_mixamorigwRightShoulder-roty-array" count="60" stride="1" /></technique_common></source>
      <source id="hpl_mixamorigwRightShoulder-rotx"><float_array id="hpl_mixamorigwRightShoulder-rotx-array" count="60">-146.747 -146.86 -146.965 -146.984 -146.823 -146.568 -146.328 -146.262 -146.202 -145.864 -145.517 -145.118 -144.875 -144.496 -144.597 -145.14 -146.029 -147.024 -147.712 -148.439 -149.005 -148.333 -147.181 -146.682 -146.76 -147.238 -147.945 -148.907 -149.561 -150.147 -150.544 -150.784 -150.785 -150.674 -150.417 -150.214 -149.987 -149.736 -149.376 -148.977 -148.561 -148.325 -147.706 -147.337 -146.988 -146.852 -146.867 -147.1 -147.484 -147.72 -147.889 -147.956 -148.224 -148.626 -149.106 -149.866 -150.75 -151.655 -152.625 -152.966</float_array><technique_common><accessor source="#hpl_mixamorigwRightShoulder-rotx-array" count="60" stride="1" /></technique_common></source>
      <sampler id="hpl_mixamorigwRightShoulder-trans-sampler"><input semantic="INPUT" source="#hpl_mixamorigwRightShoulder-time" /><input semantic="OUTPUT" source="#hpl_mixamorigwRightShoulder-trans" /></sampler><channel source="#hpl_mixamorigwRightShoulder-trans-sampler" target="mixamorigwRightShoulder/translate" />
      <sampler id="hpl_mixamorigwRightShoulder-rotz-sampler"><input semantic="INPUT" source="#hpl_mixamorigwRightShoulder-time" /><input semantic="OUTPUT" source="#hpl_mixamorigwRightShoulder-rotz" /></sampler><channel source="#hpl_mixamorigwRightShoulder-rotz-sampler" target="mixamorigwRightShoulder/rotateZ.ANGLE" />
      <sampler id="hpl_mixamorigwRightShoulder-roty-sampler"><input semantic="INPUT" source="#hpl_mixamorigwRightShoulder-time" /><input semantic="OUTPUT" source="#hpl_mixamorigwRightShoulder-roty" /></sampler><channel source="#hpl_mixamorigwRightShoulder-roty-sampler" target="mixamorigwRightShoulder/rotateY.ANGLE" />
      <sampler id="hpl_mixamorigwRightShoulder-rotx-sampler"><input semantic="INPUT" source="#hpl_mixamorigwRightShoulder-time" /><input semantic="OUTPUT" source="#hpl_mixamorigwRightShoulder-rotx" /></sampler><channel source="#hpl_mixamorigwRightShoulder-rotx-sampler" target="mixamorigwRightShoulder/rotateX.ANGLE" />
    </animation>
    <animation id="hpl_mixamorigwRightArm">
      <source id="hpl_mixamorigwRightArm-time"><float_array id="hpl_mixamorigwRightArm-time-array" count="60">0 1 2 3 4 5 6 7 8 9 10 11 12 13 14 15 16 17 18 19 20 21 22 23 24 25 26 27 28 29 30 31 32 33 34 35 36 37 38 39 40 41 42 43 44 45 46 47 48 49 50 51 52 53 54 55 56 57 58 59</float_array><technique_common><accessor source="#hpl_mixamorigwRightArm-time-array" count="60" stride="1" /></technique_common></source>
      <source id="hpl_mixamorigwRightArm-trans"><float_array id="hpl_mixamorigwRightArm-trans-array" count="180">5.57731e-07 0.167018 -6.47844e-06 5.57731e-07 0.167018 -6.47844e-06 5.57731e-07 0.167018 -6.47844e-06 5.57731e-07 0.167018 -6.47844e-06 5.57731e-07 0.167018 -6.47844e-06 5.57731e-07 0.167018 -6.47844e-06 5.57731e-07 0.167018 -6.47844e-06 5.57731e-07 0.167018 -6.47844e-06 5.57731e-07 0.167018 -6.47844e-06 5.57731e-07 0.167018 -6.47844e-06 5.57731e-07 0.167018 -6.47844e-06 5.57731e-07 0.167018 -6.47844e-06 5.57731e-07 0.167018 -6.47844e-06 5.57731e-07 0.167018 -6.47844e-06 5.57731e-07 0.167018 -6.47844e-06 5.57731e-07 0.167018 -6.47844e-06 5.57731e-07 0.167018 -6.47844e-06 5.57731e-07 0.167018 -6.47844e-06 5.57731e-07 0.167018 -6.47844e-06 5.57731e-07 0.167018 -6.47844e-06 5.57731e-07 0.167018 -6.47844e-06 5.57731e-07 0.167018 -6.47844e-06 5.57731e-07 0.167018 -6.47844e-06 5.57731e-07 0.167018 -6.47844e-06 5.57731e-07 0.167018 -6.47844e-06 5.57731e-07 0.167018 -6.47844e-06 5.57731e-07 0.167018 -6.47844e-06 5.57731e-07 0.167018 -6.47844e-06 5.57731e-07 0.167018 -6.47844e-06 5.57731e-07 0.167018 -6.47844e-06 5.57731e-07 0.167018 -6.47844e-06 5.57731e-07 0.167018 -6.47844e-06 5.57731e-07 0.167018 -6.47844e-06 5.57731e-07 0.167018 -6.47844e-06 5.57731e-07 0.167018 -6.47844e-06 5.57731e-07 0.167018 -6.47844e-06 5.57731e-07 0.167018 -6.47844e-06 5.57731e-07 0.167018 -6.47844e-06 5.57731e-07 0.167018 -6.47844e-06 5.57731e-07 0.167018 -6.47844e-06 5.57731e-07 0.167018 -6.47844e-06 5.57731e-07 0.167018 -6.47844e-06 5.57731e-07 0.167018 -6.47844e-06 5.57731e-07 0.167018 -6.47844e-06 5.57731e-07 0.167018 -6.47844e-06 5.57731e-07 0.167018 -6.47844e-06 5.57731e-07 0.167018 -6.47844e-06 5.57731e-07 0.167018 -6.47844e-06 5.57731e-07 0.167018 -6.47844e-06 5.57731e-07 0.167018 -6.47844e-06 5.57731e-07 0.167018 -6.47844e-06 5.57731e-07 0.167018 -6.47844e-06 5.57731e-07 0.167018 -6.47844e-06 5.57731e-07 0.167018 -6.47844e-06 5.57731e-07 0.167018 -6.47844e-06 5.57731e-07 0.167018 -6.47844e-06 5.57731e-07 0.167018 -6.47844e-06 5.57731e-07 0.167018 -6.47844e-06 5.57731e-07 0.167018 -6.47844e-06 5.57731e-07 0.167018 -6.47844e-06</float_array><technique_common><accessor source="#hpl_mixamorigwRightArm-trans-array" count="60" stride="3" /></technique_common></source>
      <source id="hpl_mixamorigwRightArm-rotz"><float_array id="hpl_mixamorigwRightArm-rotz-array" count="60">-46.7965 -46.9632 -47.1936 -47.332 -47.3836 -47.3941 -47.4079 -47.4653 -47.4981 -47.7449 -48.0495 -48.3145 -48.5221 -48.6201 -48.6122 -48.6302 -48.7116 -48.8698 -49.2167 -49.612 -49.7738 -49.7287 -48.9618 -48.0941 -47.3936 -46.8862 -46.7617 -46.6585 -46.4442 -46.1204 -45.7602 -45.4292 -45.1769 -44.8285 -44.4172 -43.9114 -43.3113 -42.6952 -42.2115 -41.747 -41.2257 -40.8413 -40.9753 -41.3055 -42.0179 -42.8241 -43.5475 -44.3568 -44.9692 -45.6744 -46.0823 -46.6655 -46.8144 -46.8677 -46.909 -46.9223 -46.9251 -46.9685 -47.0073 -46.7307</float_array><technique_common><accessor source="#hpl_mixamorigwRightArm-rotz-array" count="60" stride="1" /></technique_common></source>
      <source id="hpl_mixamorigwRightArm-roty"><float_array id="hpl_mixamorigwRightArm-roty-array" count="60">-16.6074 -16.519 -16.4372 -16.2621 -16.0805 -15.9405 -15.8492 -15.7707 -15.8146 -16.0203 -16.3147 -16.6779 -17.0323 -17.4342 -17.5815 -17.5242 -17.3267 -17.0839 -16.9004 -16.7919 -16.9344 -17.1966 -16.9055 -16.0932 -15.1646 -14.1814 -13.2969 -12.6026 -12.1595 -11.9021 -11.6816 -11.6146 -11.6796 -11.7688 -11.8706 -11.9857 -12.0717 -12.2076 -12.4224 -12.6859 -12.8715 -13.1642 -13.7656 -14.3625 -14.9173 -15.364 -15.7295 -15.9229 -15.7789 -15.6348 -15.4243 -15.5906 -15.7217 -15.9467 -16.2574 -16.4954 -16.7077 -16.9065 -17.0758 -17.2899</float_array><technique_common><accessor source="#hpl_mixamorigwRightArm-roty-array" count="60" stride="1" /></technique_common></source>
      <source id="hpl_mixamorigwRightArm-rotx"><float_array id="hpl_mixamorigwRightArm-rotx-array" count="60">55.6236 55.6459 55.6781 55.6361 55.6094 55.7157 55.9387 56.199 56.5465 56.9283 57.3392 57.7892 58.2207 58.7005 59.0394 59.3269 59.4878 59.5152 59.5096 59.2631 58.6498 57.6398 56.7333 56.3413 56.1593 56.14 56.3739 56.6574 56.821 56.8183 56.7082 56.6072 56.6367 56.6987 56.7003 56.6251 56.4731 56.295 56.0855 55.8934 55.6346 55.2775 55.0681 54.7982 54.9344 55.1242 55.253 55.4304 55.7161 56.0925 56.3972 56.7487 57.0507 57.3507 57.6598 57.8698 57.866 57.6395 57.0569 56.093</float_array><technique_common><accessor source="#hpl_mixamorigwRightArm-rotx-array" count="60" stride="1" /></technique_common></source>
      <sampler id="hpl_mixamorigwRightArm-trans-sampler"><input semantic="INPUT" source="#hpl_mixamorigwRightArm-time" /><input semantic="OUTPUT" source="#hpl_mixamorigwRightArm-trans" /></sampler><channel source="#hpl_mixamorigwRightArm-trans-sampler" target="mixamorigwRightArm/translate" />
      <sampler id="hpl_mixamorigwRightArm-rotz-sampler"><input semantic="INPUT" source="#hpl_mixamorigwRightArm-time" /><input semantic="OUTPUT" source="#hpl_mixamorigwRightArm-rotz" /></sampler><channel source="#hpl_mixamorigwRightArm-rotz-sampler" target="mixamorigwRightArm/rotateZ.ANGLE" />
      <sampler id="hpl_mixamorigwRightArm-roty-sampler"><input semantic="INPUT" source="#hpl_mixamorigwRightArm-time" /><input semantic="OUTPUT" source="#hpl_mixamorigwRightArm-roty" /></sampler><channel source="#hpl_mixamorigwRightArm-roty-sampler" target="mixamorigwRightArm/rotateY.ANGLE" />
      <sampler id="hpl_mixamorigwRightArm-rotx-sampler"><input semantic="INPUT" source="#hpl_mixamorigwRightArm-time" /><input semantic="OUTPUT" source="#hpl_mixamorigwRightArm-rotx" /></sampler><channel source="#hpl_mixamorigwRightArm-rotx-sampler" target="mixamorigwRightArm/rotateX.ANGLE" />
    </animation>
    <animation id="hpl_mixamorigwRightForeArm">
      <source id="hpl_mixamorigwRightForeArm-time"><float_array id="hpl_mixamorigwRightForeArm-time-array" count="60">0 1 2 3 4 5 6 7 8 9 10 11 12 13 14 15 16 17 18 19 20 21 22 23 24 25 26 27 28 29 30 31 32 33 34 35 36 37 38 39 40 41 42 43 44 45 46 47 48 49 50 51 52 53 54 55 56 57 58 59</float_array><technique_common><accessor source="#hpl_mixamorigwRightForeArm-time-array" count="60" stride="1" /></technique_common></source>
      <source id="hpl_mixamorigwRightForeArm-trans"><float_array id="hpl_mixamorigwRightForeArm-trans-array" count="180">-4.08354e-07 0.228275 4.44105e-07 -4.08354e-07 0.228275 4.44105e-07 -4.08354e-07 0.228275 4.44105e-07 -4.08354e-07 0.228275 4.44105e-07 -4.08354e-07 0.228275 4.44105e-07 -4.08354e-07 0.228275 4.44105e-07 -4.08354e-07 0.228275 4.44105e-07 -4.08354e-07 0.228275 4.44105e-07 -4.08354e-07 0.228275 4.44105e-07 -4.08354e-07 0.228275 4.44105e-07 -4.08354e-07 0.228275 4.44105e-07 -4.08354e-07 0.228275 4.44105e-07 -4.08354e-07 0.228275 4.44105e-07 -4.08354e-07 0.228275 4.44105e-07 -4.08354e-07 0.228275 4.44105e-07 -4.08354e-07 0.228275 4.44105e-07 -4.08354e-07 0.228275 4.44105e-07 -4.08354e-07 0.228275 4.44105e-07 -4.08354e-07 0.228275 4.44105e-07 -4.08354e-07 0.228275 4.44105e-07 -4.08354e-07 0.228275 4.44105e-07 -4.08354e-07 0.228275 4.44105e-07 -4.08354e-07 0.228275 4.44105e-07 -4.08354e-07 0.228275 4.44105e-07 -4.08354e-07 0.228275 4.44105e-07 -4.08354e-07 0.228275 4.44105e-07 -4.08354e-07 0.228275 4.44105e-07 -4.08354e-07 0.228275 4.44105e-07 -4.08354e-07 0.228275 4.44105e-07 -4.08354e-07 0.228275 4.44105e-07 -4.08354e-07 0.228275 4.44105e-07 -4.08354e-07 0.228275 4.44105e-07 -4.08354e-07 0.228275 4.44105e-07 -4.08354e-07 0.228275 4.44105e-07 -4.08354e-07 0.228275 4.44105e-07 -4.08354e-07 0.228275 4.44105e-07 -4.08354e-07 0.228275 4.44105e-07 -4.08354e-07 0.228275 4.44105e-07 -4.08354e-07 0.228275 4.44105e-07 -4.08354e-07 0.228275 4.44105e-07 -4.08354e-07 0.228275 4.44105e-07 -4.08354e-07 0.228275 4.44105e-07 -4.08354e-07 0.228275 4.44105e-07 -4.08354e-07 0.228275 4.44105e-07 -4.08354e-07 0.228275 4.44105e-07 -4.08354e-07 0.228275 4.44105e-07 -4.08354e-07 0.228275 4.44105e-07 -4.08354e-07 0.228275 4.44105e-07 -4.08354e-07 0.228275 4.44105e-07 -4.08354e-07 0.228275 4.44105e-07 -4.08354e-07 0.228275 4.44105e-07 -4.08354e-07 0.228275 4.44105e-07 -4.08354e-07 0.228275 4.44105e-07 -4.08354e-07 0.228275 4.44105e-07 -4.08354e-07 0.228275 4.44105e-07 -4.08354e-07 0.228275 4.44105e-07 -4.08354e-07 0.228275 4.44105e-07 -4.08354e-07 0.228275 4.44105e-07 -4.08354e-07 0.228275 4.44105e-07 -4.08354e-07 0.228275 4.44105e-07</float_array><technique_common><accessor source="#hpl_mixamorigwRightForeArm-trans-array" count="60" stride="3" /></technique_common></source>
      <source id="hpl_mixamorigwRightForeArm-rotz"><float_array id="hpl_mixamorigwRightForeArm-rotz-array" count="60">-32.7223 -32.7465 -32.7009 -32.632 -32.5097 -32.3755 -32.1163 -31.6541 -31.0255 -30.3142 -29.5587 -28.8154 -28.1103 -27.5216 -26.8544 -26.2571 -25.8504 -25.7282 -25.9226 -26.3468 -27.1327 -28.0456 -28.4124 -28.5788 -28.6399 -28.5187 -28.4574 -28.6439 -28.8969 -29.071 -29.1422 -29.0024 -28.7188 -28.4396 -28.1586 -27.956 -27.8482 -27.8233 -27.846 -27.9588 -28.0519 -28.1095 -28.1801 -27.9775 -27.7769 -27.7891 -28.0035 -28.28 -28.5665 -28.8376 -29.0357 -29.2339 -29.3212 -29.2395 -28.9625 -28.5078 -27.9775 -27.4873 -27.2825 -27.3432</float_array><technique_common><accessor source="#hpl_mixamorigwRightForeArm-rotz-array" count="60" stride="1" /></technique_common></source>
      <source id="hpl_mixamorigwRightForeArm-roty"><float_array id="hpl_mixamorigwRightForeArm-roty-array" count="60">11.7323 11.7109 11.7152 11.745 11.7887 11.8093 11.8247 11.8357 11.8911 11.9463 12.0287 12.0627 12.0797 12.1043 12.1428 12.1659 12.2186 12.2768 12.291 12.2226 12.1742 12.1206 12.057 11.9762 11.9237 11.94 11.9808 12.0243 12.0515 12.0685 12.1034 12.1549 12.2101 12.2194 12.2306 12.201 12.1809 12.1756 12.1814 12.1738 12.1803 12.2289 12.1849 12.1707 12.1328 12.0615 12.0062 11.9724 11.9426 11.8895 11.8331 11.7347 11.711 11.74 11.7865 11.8772 12.0104 12.1432 12.2784 12.2965</float_array><technique_common><accessor source="#hpl_mixamorigwRightForeArm-roty-array" count="60" stride="1" /></technique_common></source>
      <source id="hpl_mixamorigwRightForeArm-rotx"><float_array id="hpl_mixamorigwRightForeArm-rotx-array" count="60">-5.87755 -5.99392 -6.1733 -6.21537 -6.21422 -6.26109 -6.29023 -6.23054 -6.17531 -6.07349 -5.95002 -5.84045 -5.72397 -5.67528 -5.57039 -5.47735 -5.38889 -5.32857 -5.34768 -5.44654 -5.56204 -5.65831 -5.61804 -5.58593 -5.5575 -5.52699 -5.40622 -5.35498 -5.367 -5.3527 -5.35203 -5.29828 -5.24925 -5.20327 -5.16655 -5.20428 -5.24772 -5.29998 -5.3364 -5.34577 -5.27871 -5.19747 -5.35766 -5.38311 -5.39929 -5.4046 -5.42466 -5.44111 -5.46421 -5.56808 -5.63241 -5.83337 -5.92332 -5.92462 -5.86865 -5.79697 -5.69963 -5.58577 -5.46906 -5.3846</float_array><technique_common><accessor source="#hpl_mixamorigwRightForeArm-rotx-array" count="60" stride="1" /></technique_common></source>
      <sampler id="hpl_mixamorigwRightForeArm-trans-sampler"><input semantic="INPUT" source="#hpl_mixamorigwRightForeArm-time" /><input semantic="OUTPUT" source="#hpl_mixamorigwRightForeArm-trans" /></sampler><channel source="#hpl_mixamorigwRightForeArm-trans-sampler" target="mixamorigwRightForeArm/translate" />
      <sampler id="hpl_mixamorigwRightForeArm-rotz-sampler"><input semantic="INPUT" source="#hpl_mixamorigwRightForeArm-time" /><input semantic="OUTPUT" source="#hpl_mixamorigwRightForeArm-rotz" /></sampler><channel source="#hpl_mixamorigwRightForeArm-rotz-sampler" target="mixamorigwRightForeArm/rotateZ.ANGLE" />
      <sampler id="hpl_mixamorigwRightForeArm-roty-sampler"><input semantic="INPUT" source="#hpl_mixamorigwRightForeArm-time" /><input semantic="OUTPUT" source="#hpl_mixamorigwRightForeArm-roty" /></sampler><channel source="#hpl_mixamorigwRightForeArm-roty-sampler" target="mixamorigwRightForeArm/rotateY.ANGLE" />
      <sampler id="hpl_mixamorigwRightForeArm-rotx-sampler"><input semantic="INPUT" source="#hpl_mixamorigwRightForeArm-time" /><input semantic="OUTPUT" source="#hpl_mixamorigwRightForeArm-rotx" /></sampler><channel source="#hpl_mixamorigwRightForeArm-rotx-sampler" target="mixamorigwRightForeArm/rotateX.ANGLE" />
    </animation>
    <animation id="hpl_mixamorigwRightHand">
      <source id="hpl_mixamorigwRightHand-time"><float_array id="hpl_mixamorigwRightHand-time-array" count="60">0 1 2 3 4 5 6 7 8 9 10 11 12 13 14 15 16 17 18 19 20 21 22 23 24 25 26 27 28 29 30 31 32 33 34 35 36 37 38 39 40 41 42 43 44 45 46 47 48 49 50 51 52 53 54 55 56 57 58 59</float_array><technique_common><accessor source="#hpl_mixamorigwRightHand-time-array" count="60" stride="1" /></technique_common></source>
      <source id="hpl_mixamorigwRightHand-trans"><float_array id="hpl_mixamorigwRightHand-trans-array" count="180">-6.24296e-08 0.252899 3.55838e-06 -6.24296e-08 0.252899 3.55838e-06 -6.24296e-08 0.252899 3.55838e-06 -6.24296e-08 0.252899 3.55838e-06 -6.24296e-08 0.252899 3.55838e-06 -6.24296e-08 0.252899 3.55838e-06 -6.24296e-08 0.252899 3.55838e-06 -6.24296e-08 0.252899 3.55838e-06 -6.24296e-08 0.252899 3.55838e-06 -6.24296e-08 0.252899 3.55838e-06 -6.24296e-08 0.252899 3.55838e-06 -6.24296e-08 0.252899 3.55838e-06 -6.24296e-08 0.252899 3.55838e-06 -6.24296e-08 0.252899 3.55838e-06 -6.24296e-08 0.252899 3.55838e-06 -6.24296e-08 0.252899 3.55838e-06 -6.24296e-08 0.252899 3.55838e-06 -6.24296e-08 0.252899 3.55838e-06 -6.24296e-08 0.252899 3.55838e-06 -6.24296e-08 0.252899 3.55838e-06 -6.24296e-08 0.252899 3.55838e-06 -6.24296e-08 0.252899 3.55838e-06 -6.24296e-08 0.252899 3.55838e-06 -6.24296e-08 0.252899 3.55838e-06 -6.24296e-08 0.252899 3.55838e-06 -6.24296e-08 0.252899 3.55838e-06 -6.24296e-08 0.252899 3.55838e-06 -6.24296e-08 0.252899 3.55838e-06 -6.24296e-08 0.252899 3.55838e-06 -6.24296e-08 0.252899 3.55838e-06 -6.24296e-08 0.252899 3.55838e-06 -6.24296e-08 0.252899 3.55838e-06 -6.24296e-08 0.252899 3.55838e-06 -6.24296e-08 0.252899 3.55838e-06 -6.24296e-08 0.252899 3.55838e-06 -6.24296e-08 0.252899 3.55838e-06 -6.24296e-08 0.252899 3.55838e-06 -6.24296e-08 0.252899 3.55838e-06 -6.24296e-08 0.252899 3.55838e-06 -6.24296e-08 0.252899 3.55838e-06 -6.24296e-08 0.252899 3.55838e-06 -6.24296e-08 0.252899 3.55838e-06 -6.24296e-08 0.252899 3.55838e-06 -6.24296e-08 0.252899 3.55838e-06 -6.24296e-08 0.252899 3.55838e-06 -6.24296e-08 0.252899 3.55838e-06 -6.24296e-08 0.252899 3.55838e-06 -6.24296e-08 0.252899 3.55838e-06 -6.24296e-08 0.252899 3.55838e-06 -6.24296e-08 0.252899 3.55838e-06 -6.24296e-08 0.252899 3.55838e-06 -6.24296e-08 0.252899 3.55838e-06 -6.24296e-08 0.252899 3.55838e-06 -6.24296e-08 0.252899 3.55838e-06 -6.24296e-08 0.252899 3.55838e-06 -6.24296e-08 0.252899 3.55838e-06 -6.24296e-08 0.252899 3.55838e-06 -6.24296e-08 0.252899 3.55838e-06 -6.24296e-08 0.252899 3.55838e-06 -6.24296e-08 0.252899 3.55838e-06</float_array><technique_common><accessor source="#hpl_mixamorigwRightHand-trans-array" count="60" stride="3" /></technique_common></source>
      <source id="hpl_mixamorigwRightHand-rotz"><float_array id="hpl_mixamorigwRightHand-rotz-array" count="60">-4.72642 -4.87224 -5.09313 -5.31177 -5.48563 -5.5087 -5.42483 -5.25795 -4.99401 -4.61913 -4.24402 -3.83479 -3.41387 -2.85062 -2.33959 -1.93913 -1.69424 -1.64083 -1.75036 -2.073 -2.34496 -2.38517 -2.68213 -2.81397 -3.04855 -3.54267 -3.92257 -4.14851 -4.30419 -4.40651 -4.33738 -4.12074 -3.78593 -3.38414 -3.06573 -2.83373 -2.68189 -2.58712 -2.50349 -2.45613 -2.43966 -2.53486 -2.70944 -3.02477 -3.1784 -3.22451 -3.13443 -3.08457 -3.13601 -3.17529 -3.38925 -3.57703 -3.79016 -3.98234 -4.05758 -4.07926 -4.0529 -3.96784 -3.87266 -4.10256</float_array><technique_common><accessor source="#hpl_mixamorigwRightHand-rotz-array" count="60" stride="1" /></technique_common></source>
      <source id="hpl_mixamorigwRightHand-roty"><float_array id="hpl_mixamorigwRightHand-roty-array" count="60">-9.16241 -8.77545 -8.21304 -7.88111 -7.60753 -7.1366 -6.52491 -5.97221 -5.74815 -5.6785 -5.63599 -5.52693 -5.41027 -5.46337 -5.44314 -5.46189 -5.72792 -6.21798 -6.6432 -6.68885 -7.39015 -8.38772 -9.12375 -9.51688 -9.68016 -9.56556 -9.37747 -9.02024 -8.67233 -8.35778 -8.23428 -8.2448 -8.50784 -8.82792 -9.00006 -9.00032 -8.92559 -8.86824 -8.81872 -8.90665 -9.23288 -9.74248 -9.66966 -9.39147 -9.22775 -9.1757 -9.43381 -10.0267 -10.4767 -10.3948 -10.0719 -9.31171 -8.90632 -8.70646 -8.74187 -8.8933 -9.06608 -9.27002 -9.62681 -9.91627</float_array><technique_common><accessor source="#hpl_mixamorigwRightHand-roty-array" count="60" stride="1" /></technique_common></source>
      <source id="hpl_mixamorigwRightHand-rotx"><float_array id="hpl_mixamorigwRightHand-rotx-array" count="60">2.1822 2.05213 1.87142 1.70874 1.54695 1.34646 1.12329 0.878343 0.803996 0.805025 0.878459 0.995276 1.12503 1.304 1.40649 1.5501 1.75426 2.02504 2.36113 2.65303 3.13875 3.56302 3.52674 3.29111 3.16736 3.06987 3.16195 3.38434 3.55214 3.57469 3.49955 3.31163 3.16233 3.09709 3.07888 3.09007 3.09576 3.09613 3.11698 3.21545 3.38815 3.62876 3.90008 3.9473 4.20683 4.80682 5.47797 5.89951 6.05106 5.84225 5.38725 4.72041 4.14987 3.7116 3.42391 3.32279 3.26968 3.18972 3.14296 3.31726</float_array><technique_common><accessor source="#hpl_mixamorigwRightHand-rotx-array" count="60" stride="1" /></technique_common></source>
      <sampler id="hpl_mixamorigwRightHand-trans-sampler"><input semantic="INPUT" source="#hpl_mixamorigwRightHand-time" /><input semantic="OUTPUT" source="#hpl_mixamorigwRightHand-trans" /></sampler><channel source="#hpl_mixamorigwRightHand-trans-sampler" target="mixamorigwRightHand/translate" />
      <sampler id="hpl_mixamorigwRightHand-rotz-sampler"><input semantic="INPUT" source="#hpl_mixamorigwRightHand-time" /><input semantic="OUTPUT" source="#hpl_mixamorigwRightHand-rotz" /></sampler><channel source="#hpl_mixamorigwRightHand-rotz-sampler" target="mixamorigwRightHand/rotateZ.ANGLE" />
      <sampler id="hpl_mixamorigwRightHand-roty-sampler"><input semantic="INPUT" source="#hpl_mixamorigwRightHand-time" /><input semantic="OUTPUT" source="#hpl_mixamorigwRightHand-roty" /></sampler><channel source="#hpl_mixamorigwRightHand-roty-sampler" target="mixamorigwRightHand/rotateY.ANGLE" />
      <sampler id="hpl_mixamorigwRightHand-rotx-sampler"><input semantic="INPUT" source="#hpl_mixamorigwRightHand-time" /><input semantic="OUTPUT" source="#hpl_mixamorigwRightHand-rotx" /></sampler><channel source="#hpl_mixamorigwRightHand-rotx-sampler" target="mixamorigwRightHand/rotateX.ANGLE" />
    </animation>
    <animation id="hpl_mixamorigwNeck">
      <source id="hpl_mixamorigwNeck-time"><float_array id="hpl_mixamorigwNeck-time-array" count="60">0 1 2 3 4 5 6 7 8 9 10 11 12 13 14 15 16 17 18 19 20 21 22 23 24 25 26 27 28 29 30 31 32 33 34 35 36 37 38 39 40 41 42 43 44 45 46 47 48 49 50 51 52 53 54 55 56 57 58 59</float_array><technique_common><accessor source="#hpl_mixamorigwNeck-time-array" count="60" stride="1" /></technique_common></source>
      <source id="hpl_mixamorigwNeck-trans"><float_array id="hpl_mixamorigwNeck-trans-array" count="180">-0.00030369 0.108805 0.00719472 -0.00030369 0.108805 0.00719472 -0.00030369 0.108805 0.00719472 -0.00030369 0.108805 0.00719472 -0.00030369 0.108805 0.00719472 -0.00030369 0.108805 0.00719472 -0.00030369 0.108805 0.00719472 -0.00030369 0.108805 0.00719472 -0.00030369 0.108805 0.00719472 -0.00030369 0.108805 0.00719472 -0.00030369 0.108805 0.00719472 -0.00030369 0.108805 0.00719472 -0.00030369 0.108805 0.00719472 -0.00030369 0.108805 0.00719472 -0.00030369 0.108805 0.00719472 -0.00030369 0.108805 0.00719472 -0.00030369 0.108805 0.00719472 -0.00030369 0.108805 0.00719472 -0.00030369 0.108805 0.00719472 -0.00030369 0.108805 0.00719472 -0.00030369 0.108805 0.00719472 -0.00030369 0.108805 0.00719472 -0.00030369 0.108805 0.00719472 -0.00030369 0.108805 0.00719472 -0.00030369 0.108805 0.00719472 -0.00030369 0.108805 0.00719472 -0.00030369 0.108805 0.00719472 -0.00030369 0.108805 0.00719472 -0.00030369 0.108805 0.00719472 -0.00030369 0.108805 0.00719472 -0.00030369 0.108805 0.00719472 -0.00030369 0.108805 0.00719472 -0.00030369 0.108805 0.00719472 -0.00030369 0.108805 0.00719472 -0.00030369 0.108805 0.00719472 -0.00030369 0.108805 0.00719472 -0.00030369 0.108805 0.00719472 -0.00030369 0.108805 0.00719472 -0.00030369 0.108805 0.00719472 -0.00030369 0.108805 0.00719472 -0.00030369 0.108805 0.00719472 -0.00030369 0.108805 0.00719472 -0.00030369 0.108805 0.00719472 -0.00030369 0.108805 0.00719472 -0.00030369 0.108805 0.00719472 -0.00030369 0.108805 0.00719472 -0.00030369 0.108805 0.00719472 -0.00030369 0.108805 0.00719472 -0.00030369 0.108805 0.00719472 -0.00030369 0.108805 0.00719472 -0.00030369 0.108805 0.00719472 -0.00030369 0.108805 0.00719472 -0.00030369 0.108805 0.00719472 -0.00030369 0.108805 0.00719472 -0.00030369 0.108805 0.00719472 -0.00030369 0.108805 0.00719472 -0.00030369 0.108805 0.00719472 -0.00030369 0.108805 0.00719472 -0.00030369 0.108805 0.00719472 -0.00030369 0.108805 0.00719472</float_array><technique_common><accessor source="#hpl_mixamorigwNeck-trans-array" count="60" stride="3" /></technique_common></source>
      <source id="hpl_mixamorigwNeck-rotz"><float_array id="hpl_mixamorigwNeck-rotz-array" count="60">1.19288 1.39878 1.62649 1.8752 2.11208 2.30672 2.49663 2.71277 2.95832 3.16798 3.37582 3.57393 3.77287 3.90754 4.01813 4.03614 3.99052 3.91586 3.84099 3.79389 3.93264 4.36607 5.17166 5.72262 5.99495 6.07667 5.7767 5.30954 4.69602 4.08672 3.54841 3.14143 2.83923 2.61785 2.44052 2.28862 2.18153 2.10647 2.05117 2.00835 1.96108 1.94765 1.95261 1.7075 1.62062 1.71342 1.80619 1.71174 1.451 1.21368 1.08405 0.953622 0.776805 0.460482 0.0246365 -0.39614 -0.724384 -0.971812 -1.1219 -1.11512</float_array><technique_common><accessor source="#hpl_mixamorigwNeck-rotz-array" count="60" stride="1" /></technique_common></source>
      <source id="hpl_mixamorigwNeck-roty"><float_array id="hpl_mixamorigwNeck-roty-array" count="60">2.13394 1.99027 1.89262 1.78677 1.684 1.5521 1.40057 1.2563 1.12304 0.940842 0.742895 0.552148 0.39671 0.38331 0.291969 0.238944 0.228345 0.220347 0.249638 0.233295 0.268764 0.171547 -0.205311 -0.397116 -0.463232 -0.303085 -0.192168 9.90036e-05 0.219285 0.430421 0.62929 0.816001 0.938142 1.03995 1.12666 1.22026 1.28186 1.3252 1.34893 1.35848 1.34268 1.44566 1.44332 1.62482 1.72499 1.71856 1.70149 1.69909 1.70321 1.80271 1.94607 2.1424 2.41432 2.68965 2.88895 2.98255 2.98644 2.97056 2.96674 2.96512</float_array><technique_common><accessor source="#hpl_mixamorigwNeck-roty-array" count="60" stride="1" /></technique_common></source>
      <source id="hpl_mixamorigwNeck-rotx"><float_array id="hpl_mixamorigwNeck-rotx-array" count="60">22.0207 21.9274 21.9138 21.9397 22.0206 22.1339 22.2748 22.4401 22.6293 22.6663 22.6423 22.5555 22.4441 22.2611 22.099 21.9313 21.8146 21.8383 22.0601 22.4846 22.9515 23.0909 22.9832 22.7758 22.4442 21.9534 21.5601 21.253 21.0749 21.0583 21.1963 21.4216 21.6536 21.9528 22.2821 22.6331 23.0094 23.4047 23.7581 24.0962 24.4192 24.7182 24.9136 25.1494 25.4045 25.5571 25.5571 25.4698 25.4546 25.4547 25.529 25.5594 25.5583 25.502 25.4369 25.3632 25.2476 25.1347 25.0623 25.0239</float_array><technique_common><accessor source="#hpl_mixamorigwNeck-rotx-array" count="60" stride="1" /></technique_common></source>
      <sampler id="hpl_mixamorigwNeck-trans-sampler"><input semantic="INPUT" source="#hpl_mixamorigwNeck-time" /><input semantic="OUTPUT" source="#hpl_mixamorigwNeck-trans" /></sampler><channel source="#hpl_mixamorigwNeck-trans-sampler" target="mixamorigwNeck/translate" />
      <sampler id="hpl_mixamorigwNeck-rotz-sampler"><input semantic="INPUT" source="#hpl_mixamorigwNeck-time" /><input semantic="OUTPUT" source="#hpl_mixamorigwNeck-rotz" /></sampler><channel source="#hpl_mixamorigwNeck-rotz-sampler" target="mixamorigwNeck/rotateZ.ANGLE" />
      <sampler id="hpl_mixamorigwNeck-roty-sampler"><input semantic="INPUT" source="#hpl_mixamorigwNeck-time" /><input semantic="OUTPUT" source="#hpl_mixamorigwNeck-roty" /></sampler><channel source="#hpl_mixamorigwNeck-roty-sampler" target="mixamorigwNeck/rotateY.ANGLE" />
      <sampler id="hpl_mixamorigwNeck-rotx-sampler"><input semantic="INPUT" source="#hpl_mixamorigwNeck-time" /><input semantic="OUTPUT" source="#hpl_mixamorigwNeck-rotx" /></sampler><channel source="#hpl_mixamorigwNeck-rotx-sampler" target="mixamorigwNeck/rotateX.ANGLE" />
    </animation>
    <animation id="hpl_mixamorigwHead">
      <source id="hpl_mixamorigwHead-time"><float_array id="hpl_mixamorigwHead-time-array" count="60">0 1 2 3 4 5 6 7 8 9 10 11 12 13 14 15 16 17 18 19 20 21 22 23 24 25 26 27 28 29 30 31 32 33 34 35 36 37 38 39 40 41 42 43 44 45 46 47 48 49 50 51 52 53 54 55 56 57 58 59</float_array><technique_common><accessor source="#hpl_mixamorigwHead-time-array" count="60" stride="1" /></technique_common></source>
      <source id="hpl_mixamorigwHead-trans"><float_array id="hpl_mixamorigwHead-trans-array" count="180">4.51322e-08 0.0723305 3.20881e-06 4.51322e-08 0.0723305 3.20881e-06 4.51322e-08 0.0723305 3.20881e-06 4.51322e-08 0.0723305 3.20881e-06 4.51322e-08 0.0723305 3.20881e-06 4.51322e-08 0.0723305 3.20881e-06 4.51322e-08 0.0723305 3.20881e-06 4.51322e-08 0.0723305 3.20881e-06 4.51322e-08 0.0723305 3.20881e-06 4.51322e-08 0.0723305 3.20881e-06 4.51322e-08 0.0723305 3.20881e-06 4.51322e-08 0.0723305 3.20881e-06 4.51322e-08 0.0723305 3.20881e-06 4.51322e-08 0.0723305 3.20881e-06 4.51322e-08 0.0723305 3.20881e-06 4.51322e-08 0.0723305 3.20881e-06 4.51322e-08 0.0723305 3.20881e-06 4.51322e-08 0.0723305 3.20881e-06 4.51322e-08 0.0723305 3.20881e-06 4.51322e-08 0.0723305 3.20881e-06 4.51322e-08 0.0723305 3.20881e-06 4.51322e-08 0.0723305 3.20881e-06 4.51322e-08 0.0723305 3.20881e-06 4.51322e-08 0.0723305 3.20881e-06 4.51322e-08 0.0723305 3.20881e-06 4.51322e-08 0.0723305 3.20881e-06 4.51322e-08 0.0723305 3.20881e-06 4.51322e-08 0.0723305 3.20881e-06 4.51322e-08 0.0723305 3.20881e-06 4.51322e-08 0.0723305 3.20881e-06 4.51322e-08 0.0723305 3.20881e-06 4.51322e-08 0.0723305 3.20881e-06 4.51322e-08 0.0723305 3.20881e-06 4.51322e-08 0.0723305 3.20881e-06 4.51322e-08 0.0723305 3.20881e-06 4.51322e-08 0.0723305 3.20881e-06 4.51322e-08 0.0723305 3.20881e-06 4.51322e-08 0.0723305 3.20881e-06 4.51322e-08 0.0723305 3.20881e-06 4.51322e-08 0.0723305 3.20881e-06 4.51322e-08 0.0723305 3.20881e-06 4.51322e-08 0.0723305 3.20881e-06 4.51322e-08 0.0723305 3.20881e-06 4.51322e-08 0.0723305 3.20881e-06 4.51322e-08 0.0723305 3.20881e-06 4.51322e-08 0.0723305 3.20881e-06 4.51322e-08 0.0723305 3.20881e-06 4.51322e-08 0.0723305 3.20881e-06 4.51322e-08 0.0723305 3.20881e-06 4.51322e-08 0.0723305 3.20881e-06 4.51322e-08 0.0723305 3.20881e-06 4.51322e-08 0.0723305 3.20881e-06 4.51322e-08 0.0723305 3.20881e-06 4.51322e-08 0.0723305 3.20881e-06 4.51322e-08 0.0723305 3.20881e-06 4.51322e-08 0.0723305 3.20881e-06 4.51322e-08 0.0723305 3.20881e-06 4.51322e-08 0.0723305 3.20881e-06 4.51322e-08 0.0723305 3.20881e-06 4.51322e-08 0.0723305 3.20881e-06</float_array><technique_common><accessor source="#hpl_mixamorigwHead-trans-array" count="60" stride="3" /></technique_common></source>
      <source id="hpl_mixamorigwHead-rotz"><float_array id="hpl_mixamorigwHead-rotz-array" count="60">1.15119 1.20902 1.31885 1.45248 1.59286 1.77887 2.00849 2.27181 2.51968 2.88799 3.34033 3.81723 4.24971 4.66044 4.96913 5.21793 5.37054 5.41564 5.42879 5.41217 5.30138 5.25177 5.30936 5.47381 5.58977 5.59538 5.44163 5.25482 5.10659 4.97818 4.88943 4.81675 4.73962 4.66713 4.58089 4.49867 4.36164 4.16865 3.96325 3.79352 3.66313 3.57428 3.33246 3.08455 2.82592 2.63656 2.50936 2.41823 2.30998 2.2195 2.09013 1.91776 1.76929 1.57509 1.40164 1.21943 1.04802 0.917534 0.834601 0.94214</float_array><technique_common><accessor source="#hpl_mixamorigwHead-rotz-array" count="60" stride="1" /></technique_common></source>
      <source id="hpl_mixamorigwHead-roty"><float_array id="hpl_mixamorigwHead-roty-array" count="60">-6.92878 -7.3026 -7.67597 -8.04236 -8.39507 -8.68801 -9.08055 -9.65105 -10.3848 -11.2871 -12.3787 -13.5668 -14.7638 -16.0847 -17.0125 -17.7539 -18.2455 -18.4047 -18.3526 -18.0482 -17.6308 -17.4382 -17.4285 -17.5857 -17.6082 -17.6179 -17.0286 -16.239 -15.3331 -14.4485 -13.68 -13.067 -12.5086 -11.9961 -11.46 -10.962 -10.4454 -9.94711 -9.51677 -9.20599 -8.98487 -8.95848 -8.61846 -8.47139 -8.08172 -7.60297 -7.15776 -6.61375 -5.95931 -5.38679 -4.8948 -4.37852 -4.10593 -3.85295 -3.56636 -3.2642 -2.93806 -2.40866 -1.76038 -1.45555</float_array><technique_common><accessor source="#hpl_mixamorigwHead-roty-array" count="60" stride="1" /></technique_common></source>
      <source id="hpl_mixamorigwHead-rotx"><float_array id="hpl_mixamorigwHead-rotx-array" count="60">2.52423 2.37243 2.1094 1.84545 1.72421 1.80587 2.03812 2.3869 2.87907 3.35858 3.77597 4.14667 4.46916 4.81814 5.05648 5.27723 5.52363 5.85232 6.27838 6.852 7.46649 8.07846 8.58972 8.8443 8.95931 9.06394 9.05055 8.9366 8.70592 8.30023 7.76727 7.25969 6.86808 6.53144 6.27139 6.08525 5.91912 5.80177 5.79234 5.85752 5.9809 6.19999 6.47827 6.84447 7.09393 7.20315 7.2363 7.17056 6.98921 6.67061 6.32256 6.02559 5.92425 5.9268 5.93182 5.93596 5.97925 6.03132 5.97472 5.67527</float_array><technique_common><accessor source="#hpl_mixamorigwHead-rotx-array" count="60" stride="1" /></technique_common></source>
      <sampler id="hpl_mixamorigwHead-trans-sampler"><input semantic="INPUT" source="#hpl_mixamorigwHead-time" /><input semantic="OUTPUT" source="#hpl_mixamorigwHead-trans" /></sampler><channel source="#hpl_mixamorigwHead-trans-sampler" target="mixamorigwHead/translate" />
      <sampler id="hpl_mixamorigwHead-rotz-sampler"><input semantic="INPUT" source="#hpl_mixamorigwHead-time" /><input semantic="OUTPUT" source="#hpl_mixamorigwHead-rotz" /></sampler><channel source="#hpl_mixamorigwHead-rotz-sampler" target="mixamorigwHead/rotateZ.ANGLE" />
      <sampler id="hpl_mixamorigwHead-roty-sampler"><input semantic="INPUT" source="#hpl_mixamorigwHead-time" /><input semantic="OUTPUT" source="#hpl_mixamorigwHead-roty" /></sampler><channel source="#hpl_mixamorigwHead-roty-sampler" target="mixamorigwHead/rotateY.ANGLE" />
      <sampler id="hpl_mixamorigwHead-rotx-sampler"><input semantic="INPUT" source="#hpl_mixamorigwHead-time" /><input semantic="OUTPUT" source="#hpl_mixamorigwHead-rotx" /></sampler><channel source="#hpl_mixamorigwHead-rotx-sampler" target="mixamorigwHead/rotateX.ANGLE" />
    </animation>
    <animation id="hpl_mixamorigwHeadTop_End">
      <source id="hpl_mixamorigwHeadTop_End-time"><float_array id="hpl_mixamorigwHeadTop_End-time-array" count="60">0 1 2 3 4 5 6 7 8 9 10 11 12 13 14 15 16 17 18 19 20 21 22 23 24 25 26 27 28 29 30 31 32 33 34 35 36 37 38 39 40 41 42 43 44 45 46 47 48 49 50 51 52 53 54 55 56 57 58 59</float_array><technique_common><accessor source="#hpl_mixamorigwHeadTop_End-time-array" count="60" stride="1" /></technique_common></source>
      <source id="hpl_mixamorigwHeadTop_End-trans"><float_array id="hpl_mixamorigwHeadTop_End-trans-array" count="180">-0.00110642 0.226767 -0.109048 -0.00110642 0.226767 -0.109048 -0.00110642 0.226767 -0.109048 -0.00110642 0.226767 -0.109048 -0.00110642 0.226767 -0.109048 -0.00110642 0.226767 -0.109048 -0.00110642 0.226767 -0.109048 -0.00110642 0.226767 -0.109048 -0.00110642 0.226767 -0.109048 -0.00110642 0.226767 -0.109048 -0.00110642 0.226767 -0.109048 -0.00110642 0.226767 -0.109048 -0.00110642 0.226767 -0.109048 -0.00110642 0.226767 -0.109048 -0.00110642 0.226767 -0.109048 -0.00110642 0.226767 -0.109048 -0.00110642 0.226767 -0.109048 -0.00110642 0.226767 -0.109048 -0.00110642 0.226767 -0.109048 -0.00110642 0.226767 -0.109048 -0.00110642 0.226767 -0.109048 -0.00110642 0.226767 -0.109048 -0.00110642 0.226767 -0.109048 -0.00110642 0.226767 -0.109048 -0.00110642 0.226767 -0.109048 -0.00110642 0.226767 -0.109048 -0.00110642 0.226767 -0.109048 -0.00110642 0.226767 -0.109048 -0.00110642 0.226767 -0.109048 -0.00110642 0.226767 -0.109048 -0.00110642 0.226767 -0.109048 -0.00110642 0.226767 -0.109048 -0.00110642 0.226767 -0.109048 -0.00110642 0.226767 -0.109048 -0.00110642 0.226767 -0.109048 -0.00110642 0.226767 -0.109048 -0.00110642 0.226767 -0.109048 -0.00110642 0.226767 -0.109048 -0.00110642 0.226767 -0.109048 -0.00110642 0.226767 -0.109048 -0.00110642 0.226767 -0.109048 -0.00110642 0.226767 -0.109048 -0.00110642 0.226767 -0.109048 -0.00110642 0.226767 -0.109048 -0.00110642 0.226767 -0.109048 -0.00110642 0.226767 -0.109048 -0.00110642 0.226767 -0.109048 -0.00110642 0.226767 -0.109048 -0.00110642 0.226767 -0.109048 -0.00110642 0.226767 -0.109048 -0.00110642 0.226767 -0.109048 -0.00110642 0.226767 -0.109048 -0.00110642 0.226767 -0.109048 -0.00110642 0.226767 -0.109048 -0.00110642 0.226767 -0.109048 -0.00110642 0.226767 -0.109048 -0.00110642 0.226767 -0.109048 -0.00110642 0.226767 -0.109048 -0.00110642 0.226767 -0.109048 -0.00110642 0.226767 -0.109048</float_array><technique_common><accessor source="#hpl_mixamorigwHeadTop_End-trans-array" count="60" stride="3" /></technique_common></source>
      <source id="hpl_mixamorigwHeadTop_End-rotz"><float_array id="hpl_mixamorigwHeadTop_End-rotz-array" count="60">0.251932 0.251932 0.251932 0.251932 0.251932 0.251932 0.251932 0.251932 0.251932 0.251932 0.251932 0.251932 0.251932 0.251932 0.251932 0.251932 0.251932 0.251932 0.251932 0.251932 0.251932 0.251932 0.251932 0.251932 0.251932 0.251932 0.251932 0.251932 0.251932 0.251932 0.251932 0.251932 0.251932 0.251932 0.251932 0.251932 0.251932 0.251932 0.251932 0.251932 0.251932 0.251932 0.251932 0.251932 0.251932 0.251932 0.251932 0.251932 0.251932 0.251932 0.251932 0.251932 0.251932 0.251932 0.251932 0.251932 0.251932 0.251932 0.251932 0.251932</float_array><technique_common><accessor source="#hpl_mixamorigwHeadTop_End-rotz-array" count="60" stride="1" /></technique_common></source>
      <source id="hpl_mixamorigwHeadTop_End-roty"><float_array id="hpl_mixamorigwHeadTop_End-roty-array" count="60">0.0574283 0.0574283 0.0574283 0.0574283 0.0574283 0.0574283 0.0574283 0.0574283 0.0574283 0.0574283 0.0574283 0.0574283 0.0574283 0.0574283 0.0574283 0.0574283 0.0574283 0.0574283 0.0574283 0.0574283 0.0574283 0.0574283 0.0574283 0.0574283 0.0574283 0.0574283 0.0574283 0.0574283 0.0574283 0.0574283 0.0574283 0.0574283 0.0574283 0.0574283 0.0574283 0.0574283 0.0574283 0.0574283 0.0574283 0.0574283 0.0574283 0.0574283 0.0574283 0.0574283 0.0574283 0.0574283 0.0574283 0.0574283 0.0574283 0.0574283 0.0574283 0.0574283 0.0574283 0.0574283 0.0574283 0.0574283 0.0574283 0.0574283 0.0574283 0.0574283</float_array><technique_common><accessor source="#hpl_mixamorigwHeadTop_End-roty-array" count="60" stride="1" /></technique_common></source>
      <source id="hpl_mixamorigwHeadTop_End-rotx"><float_array id="hpl_mixamorigwHeadTop_End-rotx-array" count="60">-25.6814 -25.6814 -25.6814 -25.6814 -25.6814 -25.6814 -25.6814 -25.6814 -25.6814 -25.6814 -25.6814 -25.6814 -25.6814 -25.6814 -25.6814 -25.6814 -25.6814 -25.6814 -25.6814 -25.6814 -25.6814 -25.6814 -25.6814 -25.6814 -25.6814 -25.6814 -25.6814 -25.6814 -25.6814 -25.6814 -25.6814 -25.6814 -25.6814 -25.6814 -25.6814 -25.6814 -25.6814 -25.6814 -25.6814 -25.6814 -25.6814 -25.6814 -25.6814 -25.6814 -25.6814 -25.6814 -25.6814 -25.6814 -25.6814 -25.6814 -25.6814 -25.6814 -25.6814 -25.6814 -25.6814 -25.6814 -25.6814 -25.6814 -25.6814 -25.6814</float_array><technique_common><accessor source="#hpl_mixamorigwHeadTop_End-rotx-array" count="60" stride="1" /></technique_common></source>
      <sampler id="hpl_mixamorigwHeadTop_End-trans-sampler"><input semantic="INPUT" source="#hpl_mixamorigwHeadTop_End-time" /><input semantic="OUTPUT" source="#hpl_mixamorigwHeadTop_End-trans" /></sampler><channel source="#hpl_mixamorigwHeadTop_End-trans-sampler" target="mixamorigwHeadTop_End/translate" />
      <sampler id="hpl_mixamorigwHeadTop_End-rotz-sampler"><input semantic="INPUT" source="#hpl_mixamorigwHeadTop_End-time" /><input semantic="OUTPUT" source="#hpl_mixamorigwHeadTop_End-rotz" /></sampler><channel source="#hpl_mixamorigwHeadTop_End-rotz-sampler" target="mixamorigwHeadTop_End/rotateZ.ANGLE" />
      <sampler id="hpl_mixamorigwHeadTop_End-roty-sampler"><input semantic="INPUT" source="#hpl_mixamorigwHeadTop_End-time" /><input semantic="OUTPUT" source="#hpl_mixamorigwHeadTop_End-roty" /></sampler><channel source="#hpl_mixamorigwHeadTop_End-roty-sampler" target="mixamorigwHeadTop_End/rotateY.ANGLE" />
      <sampler id="hpl_mixamorigwHeadTop_End-rotx-sampler"><input semantic="INPUT" source="#hpl_mixamorigwHeadTop_End-time" /><input semantic="OUTPUT" source="#hpl_mixamorigwHeadTop_End-rotx" /></sampler><channel source="#hpl_mixamorigwHeadTop_End-rotx-sampler" target="mixamorigwHeadTop_End/rotateX.ANGLE" />
    </animation>
    <animation id="hpl_mixamorigwHeadFront">
      <source id="hpl_mixamorigwHeadFront-time"><float_array id="hpl_mixamorigwHeadFront-time-array" count="60">0 1 2 3 4 5 6 7 8 9 10 11 12 13 14 15 16 17 18 19 20 21 22 23 24 25 26 27 28 29 30 31 32 33 34 35 36 37 38 39 40 41 42 43 44 45 46 47 48 49 50 51 52 53 54 55 56 57 58 59</float_array><technique_common><accessor source="#hpl_mixamorigwHeadFront-time-array" count="60" stride="1" /></technique_common></source>
      <source id="hpl_mixamorigwHeadFront-trans"><float_array id="hpl_mixamorigwHeadFront-trans-array" count="180">0.00110638 0.0745015 0.10905 0.00110638 0.0745015 0.10905 0.00110638 0.0745015 0.10905 0.00110638 0.0745015 0.10905 0.00110638 0.0745015 0.10905 0.00110638 0.0745015 0.10905 0.00110638 0.0745015 0.10905 0.00110638 0.0745015 0.10905 0.00110638 0.0745015 0.10905 0.00110638 0.0745015 0.10905 0.00110638 0.0745015 0.10905 0.00110638 0.0745015 0.10905 0.00110638 0.0745015 0.10905 0.00110638 0.0745015 0.10905 0.00110638 0.0745015 0.10905 0.00110638 0.0745015 0.10905 0.00110638 0.0745015 0.10905 0.00110638 0.0745015 0.10905 0.00110638 0.0745015 0.10905 0.00110638 0.0745015 0.10905 0.00110638 0.0745015 0.10905 0.00110638 0.0745015 0.10905 0.00110638 0.0745015 0.10905 0.00110638 0.0745015 0.10905 0.00110638 0.0745015 0.10905 0.00110638 0.0745015 0.10905 0.00110638 0.0745015 0.10905 0.00110638 0.0745015 0.10905 0.00110638 0.0745015 0.10905 0.00110638 0.0745015 0.10905 0.00110638 0.0745015 0.10905 0.00110638 0.0745015 0.10905 0.00110638 0.0745015 0.10905 0.00110638 0.0745015 0.10905 0.00110638 0.0745015 0.10905 0.00110638 0.0745015 0.10905 0.00110638 0.0745015 0.10905 0.00110638 0.0745015 0.10905 0.00110638 0.0745015 0.10905 0.00110638 0.0745015 0.10905 0.00110638 0.0745015 0.10905 0.00110638 0.0745015 0.10905 0.00110638 0.0745015 0.10905 0.00110638 0.0745015 0.10905 0.00110638 0.0745015 0.10905 0.00110638 0.0745015 0.10905 0.00110638 0.0745015 0.10905 0.00110638 0.0745015 0.10905 0.00110638 0.0745015 0.10905 0.00110638 0.0745015 0.10905 0.00110638 0.0745015 0.10905 0.00110638 0.0745015 0.10905 0.00110638 0.0745015 0.10905 0.00110638 0.0745015 0.10905 0.00110638 0.0745015 0.10905 0.00110638 0.0745015 0.10905 0.00110638 0.0745015 0.10905 0.00110638 0.0745015 0.10905 0.00110638 0.0745015 0.10905 0.00110638 0.0745015 0.10905</float_array><technique_common><accessor source="#hpl_mixamorigwHeadFront-trans-array" count="60" stride="3" /></technique_common></source>
      <source id="hpl_mixamorigwHeadFront-rotz"><float_array id="hpl_mixamorigwHeadFront-rotz-array" count="60">-0.479981 -0.479981 -0.479981 -0.479981 -0.479981 -0.479981 -0.479981 -0.479981 -0.479981 -0.479981 -0.479981 -0.479981 -0.479981 -0.479981 -0.479981 -0.479981 -0.479981 -0.479981 -0.479981 -0.479981 -0.479981 -0.479981 -0.479981 -0.479981 -0.479981 -0.479981 -0.479981 -0.479981 -0.479981 -0.479981 -0.479981 -0.479981 -0.479981 -0.479981 -0.479981 -0.479981 -0.479981 -0.479981 -0.479981 -0.479981 -0.479981 -0.479981 -0.479981 -0.479981 -0.479981 -0.479981 -0.479981 -0.479981 -0.479981 -0.479981 -0.479981 -0.479981 -0.479981 -0.479981 -0.479981 -0.479981 -0.479981 -0.479981 -0.479981 -0.479981</float_array><technique_common><accessor source="#hpl_mixamorigwHeadFront-rotz-array" count="60" stride="1" /></technique_common></source>
      <source id="hpl_mixamorigwHeadFront-roty"><float_array id="hpl_mixamorigwHeadFront-roty-array" count="60">0.253356 0.253356 0.253356 0.253356 0.253356 0.253356 0.253356 0.253356 0.253356 0.253356 0.253356 0.253356 0.253356 0.253356 0.253356 0.253356 0.253356 0.253356 0.253356 0.253356 0.253356 0.253356 0.253356 0.253356 0.253356 0.253356 0.253356 0.253356 0.253356 0.253356 0.253356 0.253356 0.253356 0.253356 0.253356 0.253356 0.253356 0.253356 0.253356 0.253356 0.253356 0.253356 0.253356 0.253356 0.253356 0.253356 0.253356 0.253356 0.253356 0.253356 0.253356 0.253356 0.253356 0.253356 0.253356 0.253356 0.253356 0.253356 0.253356 0.253356</float_array><technique_common><accessor source="#hpl_mixamorigwHeadFront-roty-array" count="60" stride="1" /></technique_common></source>
      <source id="hpl_mixamorigwHeadFront-rotx"><float_array id="hpl_mixamorigwHeadFront-rotx-array" count="60">55.6544 55.6544 55.6544 55.6544 55.6544 55.6544 55.6544 55.6544 55.6544 55.6544 55.6544 55.6544 55.6544 55.6544 55.6544 55.6544 55.6544 55.6544 55.6544 55.6544 55.6544 55.6544 55.6544 55.6544 55.6544 55.6544 55.6544 55.6544 55.6544 55.6544 55.6544 55.6544 55.6544 55.6544 55.6544 55.6544 55.6544 55.6544 55.6544 55.6544 55.6544 55.6544 55.6544 55.6544 55.6544 55.6544 55.6544 55.6544 55.6544 55.6544 55.6544 55.6544 55.6544 55.6544 55.6544 55.6544 55.6544 55.6544 55.6544 55.6544</float_array><technique_common><accessor source="#hpl_mixamorigwHeadFront-rotx-array" count="60" stride="1" /></technique_common></source>
      <sampler id="hpl_mixamorigwHeadFront-trans-sampler"><input semantic="INPUT" source="#hpl_mixamorigwHeadFront-time" /><input semantic="OUTPUT" source="#hpl_mixamorigwHeadFront-trans" /></sampler><channel source="#hpl_mixamorigwHeadFront-trans-sampler" target="mixamorigwHeadFront/translate" />
      <sampler id="hpl_mixamorigwHeadFront-rotz-sampler"><input semantic="INPUT" source="#hpl_mixamorigwHeadFront-time" /><input semantic="OUTPUT" source="#hpl_mixamorigwHeadFront-rotz" /></sampler><channel source="#hpl_mixamorigwHeadFront-rotz-sampler" target="mixamorigwHeadFront/rotateZ.ANGLE" />
      <sampler id="hpl_mixamorigwHeadFront-roty-sampler"><input semantic="INPUT" source="#hpl_mixamorigwHeadFront-time" /><input semantic="OUTPUT" source="#hpl_mixamorigwHeadFront-roty" /></sampler><channel source="#hpl_mixamorigwHeadFront-roty-sampler" target="mixamorigwHeadFront/rotateY.ANGLE" />
      <sampler id="hpl_mixamorigwHeadFront-rotx-sampler"><input semantic="INPUT" source="#hpl_mixamorigwHeadFront-time" /><input semantic="OUTPUT" source="#hpl_mixamorigwHeadFront-rotx" /></sampler><channel source="#hpl_mixamorigwHeadFront-rotx-sampler" target="mixamorigwHeadFront/rotateX.ANGLE" />
    </animation>
  </library_animations>
  <scene><instance_visual_scene url="#RootNode" /></scene>
</COLLADA>