<?xml version='1.0' encoding='utf-8'?>
<COLLADA xmlns="http://www.collada.org/2005/11/COLLADASchema" version="1.4.1">
  <asset>
    <contributor><author>hpl_dae_export</author><authoring_tool>Blender 4.2.0</authoring_tool></contributor>
    <unit name="meter" meter="1" />
    <up_axis>Y_UP</up_axis>
  </asset>
  <library_images>
    <image id="red-diffuse-image"><init_from>red.tga</init_from></image>
    <image id="red-emission-image"><init_from>red.tga</init_from></image>
    <image id="red-normal-image"><init_from>red.tga</init_from></image>
  </library_images>
  <library_effects>
    <effect id="red-fx" name="red"><profile_COMMON>
      <newparam sid="red-diffuse-surface"><surface type="2D"><init_from>red-diffuse-image</init_from></surface></newparam>
      <newparam sid="red-diffuse-sampler"><sampler2D><source>red-diffuse-surface</source></sampler2D></newparam>
      <newparam sid="red-emission-surface"><surface type="2D"><init_from>red-emission-image</init_from></surface></newparam>
      <newparam sid="red-emission-sampler"><sampler2D><source>red-emission-surface</source></sampler2D></newparam>
      <technique sid="common"><lambert>
        <diffuse><texture texture="red-diffuse-sampler" texcoord="CHANNEL0" /></diffuse>
      </lambert></technique>
    </profile_COMMON></effect>
  </library_effects>
  <library_materials>
    <material id="red" name="red"><instance_effect url="#red-fx" /></material>
  </library_materials>
  <library_geometries>
    <geometry id="Mesh_0_1" name="Mesh_0"><mesh>
      <source id="Mesh_0_1-vpos"><float_array id="Mesh_0_1-vpos-array" count="9">0.00385352 0.946143 0.0286242 0.0538535 0.946143 0.0286242 0.00385352 0.996143 0.0286242</float_array><technique_common><accessor source="#Mesh_0_1-vpos-array" count="3" stride="3"><param name="X" type="float" /><param name="Y" type="float" /><param name="Z" type="float" /></accessor></technique_common></source>
      <source id="Mesh_0_1-vnrm"><float_array id="Mesh_0_1-vnrm-array" count="9">0 0 1 0 0 1 0 0 1</float_array><technique_common><accessor source="#Mesh_0_1-vnrm-array" count="3" stride="3"><param name="X" type="float" /><param name="Y" type="float" /><param name="Z" type="float" /></accessor></technique_common></source>
      <source id="Mesh_0_1-vuv"><float_array id="Mesh_0_1-vuv-array" count="6">0 0 1 0 0 1</float_array><technique_common><accessor source="#Mesh_0_1-vuv-array" count="3" stride="2"><param name="S" type="float" /><param name="T" type="float" /></accessor></technique_common></source>
      <vertices id="Mesh_0_1-vertices"><input semantic="POSITION" source="#Mesh_0_1-vpos" /></vertices>
      <triangles count="1" material="red"><input semantic="VERTEX" source="#Mesh_0_1-vertices" offset="0" /><input semantic="NORMAL" source="#Mesh_0_1-vnrm" offset="1" /><input semantic="TEXCOORD" source="#Mesh_0_1-vuv" offset="2" /><p>0 0 0 1 1 1 2 2 2</p></triangles>
    </mesh></geometry>
  </library_geometries>
  <library_controllers>
    <controller id="Mesh_0_1-skin" name="skinCluster0"><skin source="#Mesh_0_1">
      <bind_shape_matrix>1 0 0 0 0 1 0 0 0 0 1 0 0 0 0 1</bind_shape_matrix>
      <source id="Mesh_0_1-skin-joints"><Name_array id="Mesh_0_1-skin-joints-array" count="24">mixamorigwHips mixamorigwLeftUpLeg mixamorigwLeftLeg mixamorigwLeftFoot mixamorigwLeftToeBase mixamorigwRightUpLeg mixamorigwRightLeg mixamorigwRightFoot mixamorigwRightToeBase mixamorigwSpine mixamorigwSpine1 mixamorigwSpine2 mixamorigwLeftShoulder mixamorigwLeftArm mixamorigwLeftForeArm mixamorigwLeftHand mixamorigwRightShoulder mixamorigwRightArm mixamorigwRightForeArm mixamorigwRightHand mixamorigwNeck mixamorigwHead mixamorigwHeadTop_End mixamorigwHeadFront</Name_array><technique_common><accessor source="#Mesh_0_1-skin-joints-array" count="24" stride="1"><param name="JOINT" type="Name" /></accessor></technique_common></source>
      <source id="Mesh_0_1-skin-bind_poses"><float_array id="Mesh_0_1-skin-bind_poses-array" count="384">0.999989 -0.00406635 0.00253198 -7.86095e-05 0.00253198 0.897395 0.441222 -0.861703 -0.00406635 -0.44121 0.897395 0.391776 0 0 0 1 0.986631 0.119226 -0.111103 -0.197556 0.111103 -0.990848 -0.0766622 0.838282 -0.119226 0.0632938 -0.990848 -0.0208964 0 0 0 1 0.994617 0.0807749 -0.064911 -0.179425 0.0649109 -0.973934 -0.217344 0.469527 -0.0807747 0.211961 -0.973935 -0.0994408 0 0 0 1 0.993435 0.042401 -0.106246 -0.17724 0.106246 -0.686247 0.719568 0.141585 -0.0424003 -0.726132 -0.686247 0.0527234 0 0 0 1 0.989275 1.23237e-06 -0.146069 -0.173866 0.146069 -3.00044e-07 0.989275 -0.0499448 1.17461e-06 -1 -5.29324e-08 0.039445 0 0 0 1 0.98652 -0.119644 0.111641 0.190478 -0.111641 -0.990884 -0.0753982 0.839864 0.119644 0.0619186 -0.990885 -0.0204603 0 0 0 1 0.992744 -0.0932991 0.0758571 0.178015 -0.0758569 -0.975408 -0.206944 0.473354 0.0932989 0.199689 -0.975408 -0.0922947 0 0 0 1 0.990126 -0.0532919 0.129653 0.176015 -0.129652 -0.69979 0.702485 0.138161 0.0532927 -0.712358 -0.69979 0.0572618 0 0 0 1 0.983392 1.34325e-06 0.181497 0.171253 -0.181497 -4.60052e-07 0.983392 -0.0581054 1.51265e-06 -1 1.57955e-07 0.0413972 0 0 0 1 1 1.87816e-10 -9.41434e-10 -0.00385352 -1.27467e-10 0.998845 -0.0480456 -1.08262 2.26969e-10 0.0480457 0.998845 -0.0740498 0 0 0 1 1 3.86147e-11 8.02781e-10 -0.00385352 1.05363e-10 0.998845 -0.0480456 -1.22156 -1.50806e-09 0.0480457 0.998845 -0.0740495 0 0 0 1 0.999955 0.00711225 0.00628019 -0.0135977 -0.0062802 0.992288 -0.123798 -1.35089 -0.00711224 0.123753 0.992288 -0.177117 0 0 0 1 -0.0733667 -2.91331e-07 -0.997305 -0.000555411 0.997305 -3.61991e-10 -0.0733666 -0.0467881 1.52522e-08 -1 2.45412e-07 1.43366 0 0 0 1 0.426062 0.574063 -0.69923 -0.927351 0.699231 -0.699382 -0.148126 0.848006 -0.574063 -0.425812 -0.699383 0.723849 0 0 0 1 0.52368 0.296518 -0.798647 -0.624742 0.798646 -0.497174 0.339091 0.320905 -0.29652 -0.815411 -0.497173 1.11126 0 0 0 1 0.764466 0.231778 -0.601557 -0.704431 0.601557 -0.591963 0.536386 0.282485 -0.231777 -0.771919 -0.591963 1.02623 0 0 0 1 -0.0722537 1.86859e-07 0.997386 0.00130913 -0.997386 1.46194e-09 -0.0722538 -0.0406645 -6.51276e-09 -1 1.4146e-07 1.42977 0 0 0 1 0.458698 -0.579116 0.673959 0.939391 -0.673958 -0.721041 -0.160875 0.881431 0.579117 -0.380427 -0.72104 0.657695 0 0 0 1 0.498693 -0.293227 0.815674 0.605234 -0.815674 -0.477108 0.327177 0.301524 0.293227 -0.828484 -0.477108 1.12205 0 0 0 1 0.746469 -0.235106 0.622502 0.690914 -0.622502 -0.577265 0.528448 0.271116 0.235107 -0.781978 -0.577264 1.0377 0 0 0 1 1 -4.74058e-09 4.42383e-09 -0.00385351 4.28017e-09 0.998845 -0.0480457 -1.46698 -5.38852e-09 0.0480458 0.998845 -0.0740497 0 0 0 1 1 1.68686e-09 4.15308e-10 -0.00385352 -2.83383e-09 0.922548 0.385883 -1.42158 -5.26683e-10 -0.385883 0.922548 0.594602 0 0 0 1 1 1.71144e-09 1.50711e-10 -0.00385352 -2.49206e-09 0.998999 0.0447313 -1.80745 -1.20455e-09 -0.0447312 0.998999 0.0689125 0 0 0 1 1 -1.50996e-07 -1.08247e-15 -0.00385329 -1.16412e-09 2.98023e-08 1 -0.100038 -1.50272e-07 -1 1.62664e-22 1.54092 0 0 0 1</float_array><technique_common><accessor count="24" offset="0" source="#Mesh_0_1-skin-bind_poses-array" stride="16"><param name="TRANSFORM" type="float4x4" /></accessor></technique_common></source>
      <source id="Mesh_0_1-skin-weights"><float_array id="Mesh_0_1-skin-weights-array" count="1">1</float_array><technique_common><accessor count="1" offset="0" source="#Mesh_0_1-skin-weights-array" stride="1"><param name="WEIGHT" type="float" /></accessor></technique_common></source>
      <joints><input semantic="JOINT" source="#Mesh_0_1-skin-joints" /><input semantic="INV_BIND_MATRIX" source="#Mesh_0_1-skin-bind_poses" /></joints>
      <vertex_weights count="3"><input semantic="JOINT" source="#Mesh_0_1-skin-joints" offset="0" /><input semantic="WEIGHT" source="#Mesh_0_1-skin-weights" offset="1" /><vcount>1 1 1</vcount><v>0 0 0 0 0 0</v></vertex_weights>
    </skin></controller>
  </library_controllers>
  <library_visual_scenes>
    <visual_scene id="RootNode" name="RootNode">
      <node id="mixamorigwHips" sid="mixamorigwHips" name="mixamorigwHips" type="JOINT">
        <translate sid="translate">0.00385352 0.946143 0.0286245</translate><rotate sid="rotateZ">0 0 1 -0.232986</rotate><rotate sid="rotateY">0 1 0 -0.145072</rotate><rotate sid="rotateX">1 0 0 26.1819</rotate>
        <node id="mixamorigwLeftUpLeg" sid="mixamorigwLeftUpLeg" name="mixamorigwLeftUpLeg" type="JOINT">
          <translate sid="translate">0.0957848 -0.0842078 0.0333163</translate><rotate sid="rotateZ">0 0 1 3.51</rotate><rotate sid="rotateY">0 1 0 8.99327</rotate><rotate sid="rotateX">1 0 0 158.13</rotate>
          <node id="mixamorigwLeftLeg" sid="mixamorigwLeftLeg" name="mixamorigwLeftLeg" type="JOINT">
            <translate sid="translate">-3.18274e-08 0.365977 1.95229e-07</translate><rotate sid="rotateZ">0 0 1 2.03375</rotate><rotate sid="rotateY">0 1 0 2.8175</rotate><rotate sid="rotateX">1 0 0 8.40382</rotate>
            <node id="mixamorigwLeftFoot" sid="mixamorigwLeftFoot" name="mixamorigwLeftFoot" type="JOINT">
              <translate sid="translate">8.84533e-09 0.359261 3.79086e-09</translate><rotate sid="rotateZ">0 0 1 2.65403</rotate><rotate sid="rotateY">0 1 0 -1.84634</rotate><rotate sid="rotateX">1 0 0 -58.7923</rotate>
              <node id="mixamorigwLeftToeBase" sid="mixamorigwLeftToeBase" name="mixamorigwLeftToeBase" type="JOINT">
                <translate sid="translate">-9.79304e-09 0.150844 0</translate><rotate sid="rotateZ">0 0 1 -5.33409e-05</rotate><rotate sid="rotateY">0 1 0 -3.34183</rotate><rotate sid="rotateX">1 0 0 -43.3337</rotate>
              </node>
            </node>
          </node>
        </node>
        <node id="mixamorigwRightUpLeg" sid="mixamorigwRightUpLeg" name="mixamorigwRightUpLeg" type="JOINT">
          <translate sid="translate">-0.0952036 -0.0839154 0.0339066</translate><rotate sid="rotateZ">0 0 1 -3.22396</rotate><rotate sid="rotateY">0 1 0 -8.56678</rotate><rotate sid="rotateX">1 0 0 158.028</rotate>
          <node id="mixamorigwRightLeg" sid="mixamorigwRightLeg" name="mixamorigwRightLeg" type="JOINT">
            <translate sid="translate">-2.91027e-08 0.36282 2.47669e-07</translate><rotate sid="rotateZ">0 0 1 -1.38203</rotate><rotate sid="rotateY">0 1 0 -2.16822</rotate><rotate sid="rotateX">1 0 0 7.79813</rotate>
            <node id="mixamorigwRightFoot" sid="mixamorigwRightFoot" name="mixamorigwRightFoot" type="JOINT">
              <translate sid="translate">-1.6427e-08 0.358719 1.26362e-09</translate><rotate sid="rotateZ">0 0 1 -2.86642</rotate><rotate sid="rotateY">0 1 0 2.56357</rotate><rotate sid="rotateX">1 0 0 -56.9173</rotate>
              <node id="mixamorigwRightToeBase" sid="mixamorigwRightToeBase" name="mixamorigwRightToeBase" type="JOINT">
                <translate sid="translate">-7.89762e-09 0.150699 -6.57082e-08</translate><rotate sid="rotateZ">0 0 1 -5.15439e-05</rotate><rotate sid="rotateY">0 1 0 4.27841</rotate><rotate sid="rotateX">1 0 0 -44.4102</rotate>
              </node>
            </node>
          </node>
        </node>
        <node id="mixamorigwSpine" sid="mixamorigwSpine" name="mixamorigwSpine" type="JOINT">
          <translate sid="translate">-0.00058124 0.121597 -0.0672225</translate><rotate sid="rotateZ">0 0 1 0.145073</rotate><rotate sid="rotateY">0 1 0 0.232985</rotate><rotate sid="rotateX">1 0 0 -28.9352</rotate>
          <node id="mixamorigwSpine1" sid="mixamorigwSpine1" name="mixamorigwSpine1" type="JOINT">
            <translate sid="translate">5.31351e-10 0.138942 -1.8196e-07</translate><rotate sid="rotateZ">0 0 1 -1.33402e-08</rotate><rotate sid="rotateY">0 1 0 -9.941e-08</rotate><rotate sid="rotateX">1 0 0 2.56132e-06</rotate>
            <node id="mixamorigwSpine2" sid="mixamorigwSpine2" name="mixamorigwSpine2" type="JOINT">
              <translate sid="translate">-2.56392e-10 0.138943 -5.81135e-12</translate><rotate sid="rotateZ">0 0 1 0.389755</rotate><rotate sid="rotateY">0 1 0 -0.378994</rotate><rotate sid="rotateX">1 0 0 -4.35765</rotate>
              <node id="mixamorigwLeftShoulder" sid="mixamorigwLeftShoulder" name="mixamorigwLeftShoulder" type="JOINT">
                <translate sid="translate">0.0431929 0.0719141 -0.00398395</translate><rotate sid="rotateZ">0 0 1 122.722</rotate><rotate sid="rotateY">0 1 0 81.5294</rotate><rotate sid="rotateX">1 0 0 -147.154</rotate>
                <node id="mixamorigwLeftArm" sid="mixamorigwLeftArm" name="mixamorigwLeftArm" type="JOINT">
                  <translate sid="translate">-3.24553e-08 0.171533 1.60997e-07</translate><rotate sid="rotateZ">0 0 1 35.5626</rotate><rotate sid="rotateY">0 1 0 35.0341</rotate><rotate sid="rotateX">1 0 0 58.6653</rotate>
                  <node id="mixamorigwLeftForeArm" sid="mixamorigwLeftForeArm" name="mixamorigwLeftForeArm" type="JOINT">
                    <translate sid="translate">-6.31809e-08 0.261279 8.84533e-08</translate><rotate sid="rotateZ">0 0 1 16.232</rotate><rotate sid="rotateY">0 1 0 -7.56631</rotate><rotate sid="rotateX">1 0 0 -29.2207</rotate>
                    <node id="mixamorigwLeftHand" sid="mixamorigwLeftHand" name="mixamorigwLeftHand" type="JOINT">
                      <translate sid="translate">3.53813e-08 0.258002 7.83443e-08</translate><rotate sid="rotateZ">0 0 1 17.057</rotate><rotate sid="rotateY">0 1 0 6.69567</rotate><rotate sid="rotateX">1 0 0 2.17207</rotate>
                    </node>
                  </node>
                </node>
              </node>
              <node id="mixamorigwRightShoulder" sid="mixamorigwRightShoulder" name="mixamorigwRightShoulder" type="JOINT">
                <translate sid="translate">-0.0439172 0.0686297 -0.00410151</translate><rotate sid="rotateZ">0 0 1 -118.209</rotate><rotate sid="rotateY">0 1 0 -81.9753</rotate><rotate sid="rotateX">1 0 0 -152.434</rotate>
                <node id="mixamorigwRightArm" sid="mixamorigwRightArm" name="mixamorigwRightArm" type="JOINT">
                  <translate sid="translate">2.11473e-09 0.177733 -9.98953e-10</translate><rotate sid="rotateZ">0 0 1 -38.3828</rotate><rotate sid="rotateY">0 1 0 -35.3884</rotate><rotate sid="rotateX">1 0 0 62.1835</rotate>
                  <node id="mixamorigwRightForeArm" sid="mixamorigwRightForeArm" name="mixamorigwRightForeArm" type="JOINT">
                    <translate sid="translate">-7.58171e-09 0.248032 -3.79086e-08</translate><rotate sid="rotateZ">0 0 1 -15.1012</rotate><rotate sid="rotateY">0 1 0 10.8233</rotate><rotate sid="rotateX">1 0 0 -32.4331</rotate>
                    <node id="mixamorigwRightHand" sid="mixamorigwRightHand" name="mixamorigwRightHand" type="JOINT">
                      <translate sid="translate">-3.15905e-08 0.252616 -2.62833e-07</translate><rotate sid="rotateZ">0 0 1 -17.1606</rotate><rotate sid="rotateY">0 1 0 -6.69971</rotate><rotate sid="rotateX">1 0 0 2.51573</rotate>
                    </node>
                  </node>
                </node>
              </node>
              <node id="mixamorigwNeck" sid="mixamorigwNeck" name="mixamorigwNeck" type="JOINT">
                <translate sid="translate">0.00072429 0.106167 0.00808535</translate><rotate sid="rotateZ">0 0 1 -0.359841</rotate><rotate sid="rotateY">0 1 0 0.407504</rotate><rotate sid="rotateX">1 0 0 4.35507</rotate>
                <node id="mixamorigwHead" sid="mixamorigwHead" name="mixamorigwHead" type="JOINT">
                  <translate sid="translate">-3.54751e-10 0.0721631 1.81598e-08</translate><rotate sid="rotateZ">0 0 1 3.78874e-07</rotate><rotate sid="rotateY">0 1 0 2.11712e-07</rotate><rotate sid="rotateX">1 0 0 25.4525</rotate>
                  <node id="mixamorigwHeadTop_End" sid="mixamorigwHeadTop_End" name="mixamorigwHeadTop_End" type="JOINT">
                    <translate sid="translate">-7.34873e-10 0.251682 -0.0922759</translate><rotate sid="rotateZ">0 0 1 -4.5508e-09</rotate><rotate sid="rotateY">0 1 0 1.45296e-08</rotate><rotate sid="rotateX">1 0 0 -20.1348</rotate>
                  </node>
                  <node id="mixamorigwHeadFront" sid="mixamorigwHeadFront" name="mixamorigwHeadFront" type="JOINT">
                    <translate sid="translate">-8.34142e-10 0.0385968 0.092276</translate><rotate sid="rotateZ">0 0 1 -8.0797e-06</rotate><rotate sid="rotateY">0 1 0 -3.35378e-06</rotate><rotate sid="rotateX">1 0 0 67.3014</rotate>
                  </node>
                </node>
              </node>
            </node>
          </node>
        </node>
      </node>
      <node id="Mesh_0" name="Mesh_0" type="NODE">
        <translate sid="translate">0 0 0</translate><rotate sid="rotateZ">0 0 1 0</rotate><rotate sid="rotateY">0 1 0 -0</rotate><rotate sid="rotateX">1 0 0 -90</rotate><scale sid="scale">100 100 100</scale><instance_controller url="#Mesh_0_1-skin">
          <skeleton>#mixamorigwHips</skeleton>
          <bind_material><technique_common><instance_material symbol="defaultMaterial" target="#%s"><bind_vertex_input semantic="CHANNEL0" input_semantic="TEXCOORD" input_set="0" /></instance_material></technique_common></bind_material>
        </instance_controller>
      </node>
    </visual_scene>
  </library_visual_scenes>
  <library_animations>
    <animation id="hpl_mixamorigwHips">
      <source id="hpl_mixamorigwHips-time"><float_array id="hpl_mixamorigwHips-time-array" count="40">0 1 2 3 4 5 6 7 8 9 10 11 12 13 14 15 16 17 18 19 20 21 22 23 24 25 26 27 28 29 30 31 32 33 34 35 36 37 38 39</float_array><technique_common><accessor source="#hpl_mixamorigwHips-time-array" count="40" stride="1" /></technique_common></source>
      <source id="hpl_mixamorigwHips-trans"><float_array id="hpl_mixamorigwHips-trans-array" count="120">0.00385352 0.895468 0.0286242 0.00252349 0.946143 0.048507 -0.00248812 0.946143 0.0703877 -0.00586345 0.946143 0.0778834 -0.00734773 0.946143 0.0664402 -0.01181 0.946143 0.0398256 -0.017893 0.946143 0.0125815 -0.0227817 0.946143 -0.00784586 -0.0249531 0.946143 -0.0210915 -0.0273761 0.946143 -0.0261938 -0.0284542 0.946143 -0.0277057 -0.0297696 0.946143 -0.0252528 -0.0310077 0.946143 -0.0155774 -0.0305252 0.946143 0.00477737 -0.0283497 0.946143 0.0321419 -0.0263383 0.946143 0.0582326 -0.02546 0.946143 0.0712729 -0.0240969 0.904536 0.0670941 -0.028145 0.842126 0.0466031 -0.0321193 0.801652 0.0244603 -0.0349572 0.771799 0.0066484 -0.0357709 0.744515 -0.0086952 -0.0346205 0.725395 -0.022396 -0.0333715 0.713502 -0.0332502 -0.0330377 0.710518 -0.0414538 -0.0341155 0.717009 -0.0463084 -0.0349065 0.731918 -0.0479754 -0.0349571 0.753653 -0.0478223 -0.0345013 0.781006 -0.0459312 -0.0322084 0.811603 -0.0425474 -0.0287567 0.841746 -0.0379596 -0.0252376 0.870313 -0.0322315 -0.0214323 0.895653 -0.024107 -0.0158709 0.915877 -0.0134549 -0.0119617 0.930067 -0.00419753 -0.00849154 0.939565 0.00483534 -0.00501797 0.945428 0.0125251 -0.00189158 0.946143 0.0192196 0.0010363 0.946143 0.024443 0.00385352 0.946143 0.0286242</float_array><technique_common><accessor source="#hpl_mixamorigwHips-trans-array" count="40" stride="3" /></technique_common></source>
      <source id="hpl_mixamorigwHips-rotz"><float_array id="hpl_mixamorigwHips-rotz-array" count="40">-1.12263 -1.67226 -2.06961 -1.83226 -0.979126 0.0526807 1.00807 1.41227 1.50577 1.94428 2.5647 1.67427 0.205842 -0.425773 -0.431631 -1.1449 -1.87042 -2.56987 -0.680499 0.00310132 0.326794 0.487141 0.667355 0.764206 0.840839 0.99562 1.26266 1.60924 1.93094 2.19496 2.34468 2.35616 2.25536 2.04227 1.79538 1.5337 1.26645 1.03365 0.877395 0.768393</float_array><technique_common><accessor source="#hpl_mixamorigwHips-rotz-array" count="40" stride="1" /></technique_common></source>
      <source id="hpl_mixamorigwHips-roty"><float_array id="hpl_mixamorigwHips-roty-array" count="40">-0.459989 -1.93148 -3.42153 -3.46651 -2.44341 -0.583717 0.997538 1.8288 1.94903 1.73636 1.71975 1.68526 1.53454 1.41391 1.2641 0.920781 0.68929 0.647388 3.07587 4.22846 4.7235 4.77424 4.81284 4.63487 4.60546 4.87585 5.31589 5.83567 6.32925 6.69377 6.83169 6.70268 6.25783 5.51862 4.67734 3.8563 3.12288 2.52085 2.17799 2.0126</float_array><technique_common><accessor source="#hpl_mixamorigwHips-roty-array" count="40" stride="1" /></technique_common></source>
      <source id="hpl_mixamorigwHips-rotx"><float_array id="hpl_mixamorigwHips-rotx-array" count="40">36.7226 36.9736 37.6711 36.6006 33.6768 30.4778 27.9967 25.8741 24.0527 23.273 24.955 28.4821 31.0784 31.4299 30.8413 31.2056 31.9483 32.0187 33.4498 35.0564 37.0729 39.136 40.8072 42.0933 42.9123 43.2646 43.2861 43.0569 42.6429 42.0926 41.433 40.6878 39.9005 39.1199 38.4081 37.7596 37.1028 36.3997 35.6085 34.7136</float_array><technique_common><accessor source="#hpl_mixamorigwHips-rotx-array" count="40" stride="1" /></technique_common></source>
      <sampler id="hpl_mixamorigwHips-trans-sampler"><input semantic="INPUT" source="#hpl_mixamorigwHips-time" /><input semantic="OUTPUT" source="#hpl_mixamorigwHips-trans" /></sampler><channel source="#hpl_mixamorigwHips-trans-sampler" target="mixamorigwHips/translate" />
      <sampler id="hpl_mixamorigwHips-rotz-sampler"><input semantic="INPUT" source="#hpl_mixamorigwHips-time" /><input semantic="OUTPUT" source="#hpl_mixamorigwHips-rotz" /></sampler><channel source="#hpl_mixamorigwHips-rotz-sampler" target="mixamorigwHips/rotateZ.ANGLE" />
      <sampler id="hpl_mixamorigwHips-roty-sampler"><input semantic="INPUT" source="#hpl_mixamorigwHips-time" /><input semantic="OUTPUT" source="#hpl_mixamorigwHips-roty" /></sampler><channel source="#hpl_mixamorigwHips-roty-sampler" target="mixamorigwHips/rotateY.ANGLE" />
      <sampler id="hpl_mixamorigwHips-rotx-sampler"><input semantic="INPUT" source="#hpl_mixamorigwHips-time" /><input semantic="OUTPUT" source="#hpl_mixamorigwHips-rotx" /></sampler><channel source="#hpl_mixamorigwHips-rotx-sampler" target="mixamorigwHips/rotateX.ANGLE" />
    </animation>
    <animation id="hpl_mixamorigwLeftUpLeg">
      <source id="hpl_mixamorigwLeftUpLeg-time"><float_array id="hpl_mixamorigwLeftUpLeg-time-array" count="40">0 1 2 3 4 5 6 7 8 9 10 11 12 13 14 15 16 17 18 19 20 21 22 23 24 25 26 27 28 29 30 31 32 33 34 35 36 37 38 39</float_array><technique_common><accessor source="#hpl_mixamorigwLeftUpLeg-time-array" count="40" stride="1" /></technique_common></source>
      <source id="hpl_mixamorigwLeftUpLeg-trans"><float_array id="hpl_mixamorigwLeftUpLeg-trans-array" count="120">0.0957845 -0.0842078 0.0333166 0.0957845 -0.0842078 0.0333166 0.0957845 -0.0842078 0.0333166 0.0957845 -0.0842078 0.0333166 0.0957845 -0.0842078 0.0333166 0.0957845 -0.0842078 0.0333166 0.0957845 -0.0842078 0.0333166 0.0957845 -0.0842078 0.0333166 0.0957845 -0.0842078 0.0333166 0.0957845 -0.0842078 0.0333166 0.0957845 -0.0842078 0.0333166 0.0957845 -0.0842078 0.0333166 0.0957845 -0.0842078 0.0333166 0.0957845 -0.0842078 0.0333166 0.0957845 -0.0842078 0.0333166 0.0957845 -0.0842078 0.0333166 0.0957845 -0.0842078 0.0333166 0.0957845 -0.0842078 0.0333166 0.0957845 -0.0842078 0.0333166 0.0957845 -0.0842078 0.0333166 0.0957845 -0.0842078 0.0333166 0.0957845 -0.0842078 0.0333166 0.0957845 -0.0842078 0.0333166 0.0957845 -0.0842078 0.0333166 0.0957845 -0.0842078 0.0333166 0.0957845 -0.0842078 0.0333166 0.0957845 -0.0842078 0.0333166 0.0957845 -0.0842078 0.0333166 0.0957845 -0.0842078 0.0333166 0.0957845 -0.0842078 0.0333166 0.0957845 -0.0842078 0.0333166 0.0957845 -0.0842078 0.0333166 0.0957845 -0.0842078 0.0333166 0.0957845 -0.0842078 0.0333166 0.0957845 -0.0842078 0.0333166 0.0957845 -0.0842078 0.0333166 0.0957845 -0.0842078 0.0333166 0.0957845 -0.0842078 0.0333166 0.0957845 -0.0842078 0.0333166 0.0957845 -0.0842078 0.0333166</float_array><technique_common><accessor source="#hpl_mixamorigwLeftUpLeg-trans-array" count="40" stride="3" /></technique_common></source>
      <source id="hpl_mixamorigwLeftUpLeg-rotz"><float_array id="hpl_mixamorigwLeftUpLeg-rotz-array" count="40">-8.3248 -8.30732 -6.28893 -6.16587 -7.71495 -9.66943 -10.8726 -10.2688 -8.46826 -7.59288 -8.50077 -8.6564 -8.3435 -9.03009 -9.9662 -9.07269 -5.75526 -3.03369 -3.27421 -3.51246 -4.01527 -4.36979 -4.68465 -4.94185 -5.13331 -5.3232 -5.66058 -6.10754 -6.54931 -7.03754 -7.45454 -7.75449 -7.95195 -8.1577 -8.22775 -8.26742 -8.2955 -8.3391 -8.55986 -8.65244</float_array><technique_common><accessor source="#hpl_mixamorigwLeftUpLeg-rotz-array" count="40" stride="1" /></technique_common></source>
      <source id="hpl_mixamorigwLeftUpLeg-roty"><float_array id="hpl_mixamorigwLeftUpLeg-roty-array" count="40">14.0584 18.3076 20.9056 21.324 20.46 18.5282 16.37 14.6015 13.4739 12.596 10.3963 9.18445 10.1593 12.2486 15.0659 16.9899 14.3125 10.4275 4.7977 3.74674 3.39984 2.9735 2.41658 2.05702 1.92382 2.00176 2.1264 2.26215 2.55359 2.94424 3.5318 4.44249 5.6712 7.06488 8.57161 10.0477 11.5711 13.1838 14.6754 15.9478</float_array><technique_common><accessor source="#hpl_mixamorigwLeftUpLeg-roty-array" count="40" stride="1" /></technique_common></source>
      <source id="hpl_mixamorigwLeftUpLeg-rotx"><float_array id="hpl_mixamorigwLeftUpLeg-rotx-array" count="40">116.951 128.562 138.837 139.157 133.733 122.772 108.173 92.3522 76.916 62.5725 55.7951 59.9864 71.5589 87.2156 104.352 118.92 128.358 128.757 116.305 107.442 100.489 94.0844 89.047 85.5767 83.8635 84.0691 85.9681 89.2041 93.6069 98.8714 104.642 110.788 117.3 123.889 129.707 134.921 139.663 143.732 146.385 148.068</float_array><technique_common><accessor source="#hpl_mixamorigwLeftUpLeg-rotx-array" count="40" stride="1" /></technique_common></source>
      <sampler id="hpl_mixamorigwLeftUpLeg-trans-sampler"><input semantic="INPUT" source="#hpl_mixamorigwLeftUpLeg-time" /><input semantic="OUTPUT" source="#hpl_mixamorigwLeftUpLeg-trans" /></sampler><channel source="#hpl_mixamorigwLeftUpLeg-trans-sampler" target="mixamorigwLeftUpLeg/translate" />
      <sampler id="hpl_mixamorigwLeftUpLeg-rotz-sampler"><input semantic="INPUT" source="#hpl_mixamorigwLeftUpLeg-time" /><input semantic="OUTPUT" source="#hpl_mixamorigwLeftUpLeg-rotz" /></sampler><channel source="#hpl_mixamorigwLeftUpLeg-rotz-sampler" target="mixamorigwLeftUpLeg/rotateZ.ANGLE" />
      <sampler id="hpl_mixamorigwLeftUpLeg-roty-sampler"><input semantic="INPUT" source="#hpl_mixamorigwLeftUpLeg-time" /><input semantic="OUTPUT" source="#hpl_mixamorigwLeftUpLeg-roty" /></sampler><channel source="#hpl_mixamorigwLeftUpLeg-roty-sampler" target="mixamorigwLeftUpLeg/rotateY.ANGLE" />
      <sampler id="hpl_mixamorigwLeftUpLeg-rotx-sampler"><input semantic="INPUT" source="#hpl_mixamorigwLeftUpLeg-time" /><input semantic="OUTPUT" source="#hpl_mixamorigwLeftUpLeg-rotx" /></sampler><channel source="#hpl_mixamorigwLeftUpLeg-rotx-sampler" target="mixamorigwLeftUpLeg/rotateX.ANGLE" />
    </animation>
    <animation id="hpl_mixamorigwLeftLeg">
      <source id="hpl_mixamorigwLeftLeg-time"><float_array id="hpl_mixamorigwLeftLeg-time-array" count="40">0 1 2 3 4 5 6 7 8 9 10 11 12 13 14 15 16 17 18 19 20 21 22 23 24 25 26 27 28 29 30 31 32 33 34 35 36 37 38 39</float_array><technique_common><accessor source="#hpl_mixamorigwLeftLeg-time-array" count="40" stride="1" /></technique_common></source>
      <source id="hpl_mixamorigwLeftLeg-trans"><float_array id="hpl_mixamorigwLeftLeg-trans-array" count="120">1.07603e-07 0.365976 2.03778e-07 1.07603e-07 0.365976 2.03778e-07 1.07603e-07 0.365976 2.03778e-07 1.07603e-07 0.365976 2.03778e-07 1.07603e-07 0.365976 2.03778e-07 1.07603e-07 0.365976 2.03778e-07 1.07603e-07 0.365976 2.03778e-07 1.07603e-07 0.365976 2.03778e-07 1.07603e-07 0.365976 2.03778e-07 1.07603e-07 0.365976 2.03778e-07 1.07603e-07 0.365976 2.03778e-07 1.07603e-07 0.365976 2.03778e-07 1.07603e-07 0.365976 2.03778e-07 1.07603e-07 0.365976 2.03778e-07 1.07603e-07 0.365976 2.03778e-07 1.07603e-07 0.365976 2.03778e-07 1.07603e-07 0.365976 2.03778e-07 1.07603e-07 0.365976 2.03778e-07 1.07603e-07 0.365976 2.03778e-07 1.07603e-07 0.365976 2.03778e-07 1.07603e-07 0.365976 2.03778e-07 1.07603e-07 0.365976 2.03778e-07 1.07603e-07 0.365976 2.03778e-07 1.07603e-07 0.365976 2.03778e-07 1.07603e-07 0.365976 2.03778e-07 1.07603e-07 0.365976 2.03778e-07 1.07603e-07 0.365976 2.03778e-07 1.07603e-07 0.365976 2.03778e-07 1.07603e-07 0.365976 2.03778e-07 1.07603e-07 0.365976 2.03778e-07 1.07603e-07 0.365976 2.03778e-07 1.07603e-07 0.365976 2.03778e-07 1.07603e-07 0.365976 2.03778e-07 1.07603e-07 0.365976 2.03778e-07 1.07603e-07 0.365976 2.03778e-07 1.07603e-07 0.365976 2.03778e-07 1.07603e-07 0.365976 2.03778e-07 1.07603e-07 0.365976 2.03778e-07 1.07603e-07 0.365976 2.03778e-07 1.07603e-07 0.365976 2.03778e-07</float_array><technique_common><accessor source="#hpl_mixamorigwLeftLeg-trans-array" count="40" stride="3" /></technique_common></source>
      <source id="hpl_mixamorigwLeftLeg-rotz"><float_array id="hpl_mixamorigwLeftLeg-rotz-array" count="40">-3.31965 -1.91139 -0.363037 -0.713661 -1.65938 -2.81796 -3.91939 -4.30683 -3.59051 -2.70573 -2.45943 -2.80633 -3.46423 -3.90649 -3.90263 -3.14883 -2.49689 -2.68935 -3.88723 -4.13401 -4.18892 -4.22735 -4.21867 -4.26123 -4.28764 -4.31899 -4.33819 -4.33348 -4.28268 -4.15828 -3.92063 -3.5773 -3.13923 -2.62763 -2.1173 -1.6203 -1.13591 -0.718796 -0.510358 -0.470045</float_array><technique_common><accessor source="#hpl_mixamorigwLeftLeg-rotz-array" count="40" stride="1" /></technique_common></source>
      <source id="hpl_mixamorigwLeftLeg-roty"><float_array id="hpl_mixamorigwLeftLeg-roty-array" count="40">3.71358 2.88352 2.87481 3.29034 3.87247 4.57196 5.50434 7.10855 8.66699 9.45896 9.80177 9.60796 8.88747 7.59979 5.82079 4.19747 3.53252 3.80088 5.00133 5.9021 6.38724 6.81374 7.02798 7.1874 7.22739 7.12066 6.87555 6.50184 6.00823 5.45007 4.87921 4.33423 3.80864 3.36875 3.04557 2.8389 2.71062 2.63611 2.61569 2.60169</float_array><technique_common><accessor source="#hpl_mixamorigwLeftLeg-roty-array" count="40" stride="1" /></technique_common></source>
      <source id="hpl_mixamorigwLeftLeg-rotx"><float_array id="hpl_mixamorigwLeftLeg-rotx-array" count="40">51.4846 28.3883 5.56514 7.52263 23.6596 48.6863 75.2973 99.9097 119.888 132.125 135.464 130.27 118.106 99.2818 74.7208 49.7413 35.9598 44.5562 65.1295 76.6816 82.883 88.3179 92.174 94.4196 94.8258 93.272 89.9519 85.0353 78.5689 70.9454 62.6518 53.7885 44.5198 35.4051 27.3417 20.1421 13.752 8.65919 6.3323 6.00161</float_array><technique_common><accessor source="#hpl_mixamorigwLeftLeg-rotx-array" count="40" stride="1" /></technique_common></source>
      <sampler id="hpl_mixamorigwLeftLeg-trans-sampler"><input semantic="INPUT" source="#hpl_mixamorigwLeftLeg-time" /><input semantic="OUTPUT" source="#hpl_mixamorigwLeftLeg-trans" /></sampler><channel source="#hpl_mixamorigwLeftLeg-trans-sampler" target="mixamorigwLeftLeg/translate" />
      <sampler id="hpl_mixamorigwLeftLeg-rotz-sampler"><input semantic="INPUT" source="#hpl_mixamorigwLeftLeg-time" /><input semantic="OUTPUT" source="#hpl_mixamorigwLeftLeg-rotz" /></sampler><channel source="#hpl_mixamorigwLeftLeg-rotz-sampler" target="mixamorigwLeftLeg/rotateZ.ANGLE" />
      <sampler id="hpl_mixamorigwLeftLeg-roty-sampler"><input semantic="INPUT" source="#hpl_mixamorigwLeftLeg-time" /><input semantic="OUTPUT" source="#hpl_mixamorigwLeftLeg-roty" /></sampler><channel source="#hpl_mixamorigwLeftLeg-roty-sampler" target="mixamorigwLeftLeg/rotateY.ANGLE" />
      <sampler id="hpl_mixamorigwLeftLeg-rotx-sampler"><input semantic="INPUT" source="#hpl_mixamorigwLeftLeg-time" /><input semantic="OUTPUT" source="#hpl_mixamorigwLeftLeg-rotx" /></sampler><channel source="#hpl_mixamorigwLeftLeg-rotx-sampler" target="mixamorigwLeftLeg/rotateX.ANGLE" />
    </animation>
    <animation id="hpl_mixamorigwLeftFoot">
      <source id="hpl_mixamorigwLeftFoot-time"><float_array id="hpl_mixamorigwLeftFoot-time-array" count="40">0 1 2 3 4 5 6 7 8 9 10 11 12 13 14 15 16 17 18 19 20 21 22 23 24 25 26 27 28 29 30 31 32 33 34 35 36 37 38 39</float_array><technique_common><accessor source="#hpl_mixamorigwLeftFoot-time-array" count="40" stride="1" /></technique_common></source>
      <source id="hpl_mixamorigwLeftFoot-trans"><float_array id="hpl_mixamorigwLeftFoot-trans-array" count="120">-5.64809e-08 0.359262 -2.19094e-07 -5.64809e-08 0.359262 -2.19094e-07 -5.64809e-08 0.359262 -2.19094e-07 -5.64809e-08 0.359262 -2.19094e-07 -5.64809e-08 0.359262 -2.19094e-07 -5.64809e-08 0.359262 -2.19094e-07 -5.64809e-08 0.359262 -2.19094e-07 -5.64809e-08 0.359262 -2.19094e-07 -5.64809e-08 0.359262 -2.19094e-07 -5.64809e-08 0.359262 -2.19094e-07 -5.64809e-08 0.359262 -2.19094e-07 -5.64809e-08 0.359262 -2.19094e-07 -5.64809e-08 0.359262 -2.19094e-07 -5.64809e-08 0.359262 -2.19094e-07 -5.64809e-08 0.359262 -2.19094e-07 -5.64809e-08 0.359262 -2.19094e-07 -5.64809e-08 0.359262 -2.19094e-07 -5.64809e-08 0.359262 -2.19094e-07 -5.64809e-08 0.359262 -2.19094e-07 -5.64809e-08 0.359262 -2.19094e-07 -5.64809e-08 0.359262 -2.19094e-07 -5.64809e-08 0.359262 -2.19094e-07 -5.64809e-08 0.359262 -2.19094e-07 -5.64809e-08 0.359262 -2.19094e-07 -5.64809e-08 0.359262 -2.19094e-07 -5.64809e-08 0.359262 -2.19094e-07 -5.64809e-08 0.359262 -2.19094e-07 -5.64809e-08 0.359262 -2.19094e-07 -5.64809e-08 0.359262 -2.19094e-07 -5.64809e-08 0.359262 -2.19094e-07 -5.64809e-08 0.359262 -2.19094e-07 -5.64809e-08 0.359262 -2.19094e-07 -5.64809e-08 0.359262 -2.19094e-07 -5.64809e-08 0.359262 -2.19094e-07 -5.64809e-08 0.359262 -2.19094e-07 -5.64809e-08 0.359262 -2.19094e-07 -5.64809e-08 0.359262 -2.19094e-07 -5.64809e-08 0.359262 -2.19094e-07 -5.64809e-08 0.359262 -2.19094e-07 -5.64809e-08 0.359262 -2.19094e-07</float_array><technique_common><accessor source="#hpl_mixamorigwLeftFoot-trans-array" count="40" stride="3" /></technique_common></source>
      <source id="hpl_mixamorigwLeftFoot-rotz"><float_array id="hpl_mixamorigwLeftFoot-rotz-array" count="40">7.96259 5.99744 9.58484 10.1315 7.80715 5.27156 1.89194 -1.88778 -4.63867 -4.99196 -2.5614 1.81599 6.27081 9.33995 11.158 12.2218 7.44056 6.82544 10.1189 11.3079 12.4529 12.9538 13.2569 13.4998 13.556 13.5864 13.4471 13.0022 12.2007 11.0726 9.76584 8.35357 6.89196 5.44933 4.37302 3.43562 2.60917 2.05871 1.93895 2.2128</float_array><technique_common><accessor source="#hpl_mixamorigwLeftFoot-rotz-array" count="40" stride="1" /></technique_common></source>
      <source id="hpl_mixamorigwLeftFoot-roty"><float_array id="hpl_mixamorigwLeftFoot-roty-array" count="40">-12.7364 -11.5796 -13.3512 -13.5451 -10.8893 -8.02836 -5.95047 -4.22033 -3.13607 -1.86409 0.326982 2.30289 4.08291 3.8857 3.70457 3.16212 -2.87466 -9.46851 -11.2412 -10.0135 -8.88935 -8.53546 -8.27945 -8.20008 -8.35129 -8.45543 -8.58082 -8.84158 -9.2093 -9.76893 -10.3094 -10.76 -11.0388 -11.1345 -11.0246 -10.8998 -10.6227 -10.1048 -9.18306 -8.08847</float_array><technique_common><accessor source="#hpl_mixamorigwLeftFoot-roty-array" count="40" stride="1" /></technique_common></source>
      <source id="hpl_mixamorigwLeftFoot-rotx"><float_array id="hpl_mixamorigwLeftFoot-rotx-array" count="40">-62.7207 -43.2093 -17.17 -14.8551 -20.6873 -31.0254 -42.4707 -52.6541 -61.799 -67.2744 -68.9602 -66.8421 -60.8784 -52.0204 -43.6924 -36.795 -36.9011 -68.812 -79.0435 -81.8798 -86.3102 -88.4008 -88.8538 -88.9086 -88.4284 -87.4261 -86.021 -84.1027 -81.6081 -78.4632 -75.1954 -71.6756 -68.2269 -65.1931 -62.3324 -59.7619 -57.5031 -55.7929 -55.4066 -56.0545</float_array><technique_common><accessor source="#hpl_mixamorigwLeftFoot-rotx-array" count="40" stride="1" /></technique_common></source>
      <sampler id="hpl_mixamorigwLeftFoot-trans-sampler"><input semantic="INPUT" source="#hpl_mixamorigwLeftFoot-time" /><input semantic="OUTPUT" source="#hpl_mixamorigwLeftFoot-trans" /></sampler><channel source="#hpl_mixamorigwLeftFoot-trans-sampler" target="mixamorigwLeftFoot/translate" />
      <sampler id="hpl_mixamorigwLeftFoot-rotz-sampler"><input semantic="INPUT" source="#hpl_mixamorigwLeftFoot-time" /><input semantic="OUTPUT" source="#hpl_mixamorigwLeftFoot-rotz" /></sampler><channel source="#hpl_mixamorigwLeftFoot-rotz-sampler" target="mixamorigwLeftFoot/rotateZ.ANGLE" />
      <sampler id="hpl_mixamorigwLeftFoot-roty-sampler"><input semantic="INPUT" source="#hpl_mixamorigwLeftFoot-time" /><input semantic="OUTPUT" source="#hpl_mixamorigwLeftFoot-roty" /></sampler><channel source="#hpl_mixamorigwLeftFoot-roty-sampler" target="mixamorigwLeftFoot/rotateY.ANGLE" />
      <sampler id="hpl_mixamorigwLeftFoot-rotx-sampler"><input semantic="INPUT" source="#hpl_mixamorigwLeftFoot-time" /><input semantic="OUTPUT" source="#hpl_mixamorigwLeftFoot-rotx" /></sampler><channel source="#hpl_mixamorigwLeftFoot-rotx-sampler" target="mixamorigwLeftFoot/rotateX.ANGLE" />
    </animation>
    <animation id="hpl_mixamorigwLeftToeBase">
      <source id="hpl_mixamorigwLeftToeBase-time"><float_array id="hpl_mixamorigwLeftToeBase-time-array" count="40">0 1 2 3 4 5 6 7 8 9 10 11 12 13 14 15 16 17 18 19 20 21 22 23 24 25 26 27 28 29 30 31 32 33 34 35 36 37 38 39</float_array><technique_common><accessor source="#hpl_mixamorigwLeftToeBase-time-array" count="40" stride="1" /></technique_common></source>
      <source id="hpl_mixamorigwLeftToeBase-trans"><float_array id="hpl_mixamorigwLeftToeBase-trans-array" count="120">5.98546e-07 0.150844 1.06224e-07 5.98546e-07 0.150844 1.06224e-07 5.98546e-07 0.150844 1.06224e-07 5.98546e-07 0.150844 1.06224e-07 5.98546e-07 0.150844 1.06224e-07 5.98546e-07 0.150844 1.06224e-07 5.98546e-07 0.150844 1.06224e-07 5.98546e-07 0.150844 1.06224e-07 5.98546e-07 0.150844 1.06224e-07 5.98546e-07 0.150844 1.06224e-07 5.98546e-07 0.150844 1.06224e-07 5.98546e-07 0.150844 1.06224e-07 5.98546e-07 0.150844 1.06224e-07 5.98546e-07 0.150844 1.06224e-07 5.98546e-07 0.150844 1.06224e-07 5.98546e-07 0.150844 1.06224e-07 5.98546e-07 0.150844 1.06224e-07 5.98546e-07 0.150844 1.06224e-07 5.98546e-07 0.150844 1.06224e-07 5.98546e-07 0.150844 1.06224e-07 5.98546e-07 0.150844 1.06224e-07 5.98546e-07 0.150844 1.06224e-07 5.98546e-07 0.150844 1.06224e-07 5.98546e-07 0.150844 1.06224e-07 5.98546e-07 0.150844 1.06224e-07 5.98546e-07 0.150844 1.06224e-07 5.98546e-07 0.150844 1.06224e-07 5.98546e-07 0.150844 1.06224e-07 5.98546e-07 0.150844 1.06224e-07 5.98546e-07 0.150844 1.06224e-07 5.98546e-07 0.150844 1.06224e-07 5.98546e-07 0.150844 1.06224e-07 5.98546e-07 0.150844 1.06224e-07 5.98546e-07 0.150844 1.06224e-07 5.98546e-07 0.150844 1.06224e-07 5.98546e-07 0.150844 1.06224e-07 5.98546e-07 0.150844 1.06224e-07 5.98546e-07 0.150844 1.06224e-07 5.98546e-07 0.150844 1.06224e-07 5.98546e-07 0.150844 1.06224e-07</float_array><technique_common><accessor source="#hpl_mixamorigwLeftToeBase-trans-array" count="40" stride="3" /></technique_common></source>
      <source id="hpl_mixamorigwLeftToeBase-rotz"><float_array id="hpl_mixamorigwLeftToeBase-rotz-array" count="40">0.264457 0.715294 0.814311 0.386115 0.246657 0.193054 0.185247 0.209129 0.275695 0.366719 0.317164 0.327389 0.376565 0.396454 0.42478 0.513776 1.13834 0.644785 0.254827 0.184197 0.140809 0.158989 0.188669 0.119384 0.0644389 0.0639124 0.0957125 0.133234 0.155565 0.171988 0.171178 0.157025 0.141104 0.118469 0.106124 0.110273 0.118718 0.14144 0.141415 0.126605</float_array><technique_common><accessor source="#hpl_mixamorigwLeftToeBase-rotz-array" count="40" stride="1" /></technique_common></source>
      <source id="hpl_mixamorigwLeftToeBase-roty"><float_array id="hpl_mixamorigwLeftToeBase-roty-array" count="40">-1.03039 -1.52452 -1.41206 -0.796836 -0.726529 -0.744848 -0.737015 -0.688533 -0.532525 -0.350571 -0.392928 -0.404077 -0.302162 -0.254978 -0.506406 -0.853748 -1.64899 -0.831895 -0.643155 -0.639412 -0.641168 -0.612127 -0.58194 -0.608635 -0.609201 -0.592536 -0.577762 -0.576785 -0.582751 -0.590248 -0.612266 -0.645204 -0.663271 -0.666355 -0.64547 -0.623703 -0.616208 -0.592997 -0.576501 -0.568088</float_array><technique_common><accessor source="#hpl_mixamorigwLeftToeBase-roty-array" count="40" stride="1" /></technique_common></source>
      <source id="hpl_mixamorigwLeftToeBase-rotx"><float_array id="hpl_mixamorigwLeftToeBase-rotx-array" count="40">-45.1138 -49.8594 -49.0411 -43.6779 -43.1191 -43.451 -43.7371 -43.9392 -44.01 -43.5083 -42.859 -42.9378 -43.1269 -43.4272 -44.0155 -45.0494 -52.2118 -46.0883 -43.2875 -42.4279 -42.0069 -41.7895 -41.6524 -41.4246 -41.1549 -41.0378 -41.1057 -41.2832 -41.4257 -41.5883 -41.7811 -41.967 -42.0539 -41.9969 -41.8233 -41.6872 -41.6437 -41.6139 -41.4996 -41.3612</float_array><technique_common><accessor source="#hpl_mixamorigwLeftToeBase-rotx-array" count="40" stride="1" /></technique_common></source>
      <sampler id="hpl_mixamorigwLeftToeBase-trans-sampler"><input semantic="INPUT" source="#hpl_mixamorigwLeftToeBase-time" /><input semantic="OUTPUT" source="#hpl_mixamorigwLeftToeBase-trans" /></sampler><channel source="#hpl_mixamorigwLeftToeBase-trans-sampler" target="mixamorigwLeftToeBase/translate" />
      <sampler id="hpl_mixamorigwLeftToeBase-rotz-sampler"><input semantic="INPUT" source="#hpl_mixamorigwLeftToeBase-time" /><input semantic="OUTPUT" source="#hpl_mixamorigwLeftToeBase-rotz" /></sampler><channel source="#hpl_mixamorigwLeftToeBase-rotz-sampler" target="mixamorigwLeftToeBase/rotateZ.ANGLE" />
      <sampler id="hpl_mixamorigwLeftToeBase-roty-sampler"><input semantic="INPUT" source="#hpl_mixamorigwLeftToeBase-time" /><input semantic="OUTPUT" source="#hpl_mixamorigwLeftToeBase-roty" /></sampler><channel source="#hpl_mixamorigwLeftToeBase-roty-sampler" target="mixamorigwLeftToeBase/rotateY.ANGLE" />
      <sampler id="hpl_mixamorigwLeftToeBase-rotx-sampler"><input semantic="INPUT" source="#hpl_mixamorigwLeftToeBase-time" /><input semantic="OUTPUT" source="#hpl_mixamorigwLeftToeBase-rotx" /></sampler><channel source="#hpl_mixamorigwLeftToeBase-rotx-sampler" target="mixamorigwLeftToeBase/rotateX.ANGLE" />
    </animation>
    <animation id="hpl_mixamorigwRightUpLeg">
      <source id="hpl_mixamorigwRightUpLeg-time"><float_array id="hpl_mixamorigwRightUpLeg-time-array" count="40">0 1 2 3 4 5 6 7 8 9 10 11 12 13 14 15 16 17 18 19 20 21 22 23 24 25 26 27 28 29 30 31 32 33 34 35 36 37 38 39</float_array><technique_common><accessor source="#hpl_mixamorigwRightUpLeg-time-array" count="40" stride="1" /></technique_common></source>
      <source id="hpl_mixamorigwRightUpLeg-trans"><float_array id="hpl_mixamorigwRightUpLeg-trans-array" count="120">-0.0952037 -0.0839154 0.0339068 -0.0952037 -0.0839154 0.0339068 -0.0952037 -0.0839154 0.0339068 -0.0952037 -0.0839154 0.0339068 -0.0952037 -0.0839154 0.0339068 -0.0952037 -0.0839154 0.0339068 -0.0952037 -0.0839154 0.0339068 -0.0952037 -0.0839154 0.0339068 -0.0952037 -0.0839154 0.0339068 -0.0952037 -0.0839154 0.0339068 -0.0952037 -0.0839154 0.0339068 -0.0952037 -0.0839154 0.0339068 -0.0952037 -0.0839154 0.0339068 -0.0952037 -0.0839154 0.0339068 -0.0952037 -0.0839154 0.0339068 -0.0952037 -0.0839154 0.0339068 -0.0952037 -0.0839154 0.0339068 -0.0952037 -0.0839154 0.0339068 -0.0952037 -0.0839154 0.0339068 -0.0952037 -0.0839154 0.0339068 -0.0952037 -0.0839154 0.0339068 -0.0952037 -0.0839154 0.0339068 -0.0952037 -0.0839154 0.0339068 -0.0952037 -0.0839154 0.0339068 -0.0952037 -0.0839154 0.0339068 -0.0952037 -0.0839154 0.0339068 -0.0952037 -0.0839154 0.0339068 -0.0952037 -0.0839154 0.0339068 -0.0952037 -0.0839154 0.0339068 -0.0952037 -0.0839154 0.0339068 -0.0952037 -0.0839154 0.0339068 -0.0952037 -0.0839154 0.0339068 -0.0952037 -0.0839154 0.0339068 -0.0952037 -0.0839154 0.0339068 -0.0952037 -0.0839154 0.0339068 -0.0952037 -0.0839154 0.0339068 -0.0952037 -0.0839154 0.0339068 -0.0952037 -0.0839154 0.0339068 -0.0952037 -0.0839154 0.0339068 -0.0952037 -0.0839154 0.0339068</float_array><technique_common><accessor source="#hpl_mixamorigwRightUpLeg-trans-array" count="40" stride="3" /></technique_common></source>
      <source id="hpl_mixamorigwRightUpLeg-rotz"><float_array id="hpl_mixamorigwRightUpLeg-rotz-array" count="40">12.2934 12.985 11.3555 9.23505 6.21696 2.20352 -2.81432 -8.73291 -14.4605 -17.3079 -13.9213 -4.38735 3.94727 7.94747 8.34167 8.13502 8.36512 8.48871 7.64158 7.36396 7.16245 6.97978 6.7162 6.43546 6.31371 6.39559 6.48058 6.61164 6.90348 7.28833 7.82062 8.49669 9.11445 9.32562 9.22344 8.81162 8.2431 7.64913 7.1069 6.77075</float_array><technique_common><accessor source="#hpl_mixamorigwRightUpLeg-rotz-array" count="40" stride="1" /></technique_common></source>
      <source id="hpl_mixamorigwRightUpLeg-roty"><float_array id="hpl_mixamorigwRightUpLeg-roty-array" count="40">-13.0211 -16.2545 -16.824 -16.3996 -15.5466 -13.7137 -11.9064 -10.088 -10.105 -13.0123 -15.533 -15.0014 -14.3154 -15.8001 -17.6954 -16.867 -13.4496 -8.56261 -7.08048 -5.79895 -4.54537 -3.45485 -2.92644 -2.54549 -2.38522 -2.51492 -3.00657 -3.89964 -5.11948 -6.74922 -8.66654 -10.703 -12.7572 -14.6137 -15.8534 -16.6179 -17.1053 -17.5392 -18.1341 -18.8507</float_array><technique_common><accessor source="#hpl_mixamorigwRightUpLeg-roty-array" count="40" stride="1" /></technique_common></source>
      <source id="hpl_mixamorigwRightUpLeg-rotx"><float_array id="hpl_mixamorigwRightUpLeg-rotx-array" count="40">119.007 129.816 140.066 142.164 138.694 129.27 116.436 103.471 93.2671 86.386 82.4892 82.5157 89.8709 103.775 120.007 132.049 134.942 128.17 115.528 107.488 101.266 95.4134 90.4386 86.9032 85.1524 85.3595 87.2159 90.2605 94.358 99.2511 104.606 110.264 116.266 122.37 127.917 132.979 137.487 141.443 144.655 146.787</float_array><technique_common><accessor source="#hpl_mixamorigwRightUpLeg-rotx-array" count="40" stride="1" /></technique_common></source>
      <sampler id="hpl_mixamorigwRightUpLeg-trans-sampler"><input semantic="INPUT" source="#hpl_mixamorigwRightUpLeg-time" /><input semantic="OUTPUT" source="#hpl_mixamorigwRightUpLeg-trans" /></sampler><channel source="#hpl_mixamorigwRightUpLeg-trans-sampler" target="mixamorigwRightUpLeg/translate" />
      <sampler id="hpl_mixamorigwRightUpLeg-rotz-sampler"><input semantic="INPUT" source="#hpl_mixamorigwRightUpLeg-time" /><input semantic="OUTPUT" source="#hpl_mixamorigwRightUpLeg-rotz" /></sampler><channel source="#hpl_mixamorigwRightUpLeg-rotz-sampler" target="mixamorigwRightUpLeg/rotateZ.ANGLE" />
      <sampler id="hpl_mixamorigwRightUpLeg-roty-sampler"><input semantic="INPUT" source="#hpl_mixamorigwRightUpLeg-time" /><input semantic="OUTPUT" source="#hpl_mixamorigwRightUpLeg-roty" /></sampler><channel source="#hpl_mixamorigwRightUpLeg-roty-sampler" target="mixamorigwRightUpLeg/rotateY.ANGLE" />
      <sampler id="hpl_mixamorigwRightUpLeg-rotx-sampler"><input semantic="INPUT" source="#hpl_mixamorigwRightUpLeg-time" /><input semantic="OUTPUT" source="#hpl_mixamorigwRightUpLeg-rotx" /></sampler><channel source="#hpl_mixamorigwRightUpLeg-rotx-sampler" target="mixamorigwRightUpLeg/rotateX.ANGLE" />
    </animation>
    <animation id="hpl_mixamorigwRightLeg">
      <source id="hpl_mixamorigwRightLeg-time"><float_array id="hpl_mixamorigwRightLeg-time-array" count="40">0 1 2 3 4 5 6 7 8 9 10 11 12 13 14 15 16 17 18 19 20 21 22 23 24 25 26 27 28 29 30 31 32 33 34 35 36 37 38 39</float_array><technique_common><accessor source="#hpl_mixamorigwRightLeg-time-array" count="40" stride="1" /></technique_common></source>
      <source id="hpl_mixamorigwRightLeg-trans"><float_array id="hpl_mixamorigwRightLeg-trans-array" count="120">-3.58077e-07 0.36282 -8.80395e-09 -3.58077e-07 0.36282 -8.80395e-09 -3.58077e-07 0.36282 -8.80395e-09 -3.58077e-07 0.36282 -8.80395e-09 -3.58077e-07 0.36282 -8.80395e-09 -3.58077e-07 0.36282 -8.80395e-09 -3.58077e-07 0.36282 -8.80395e-09 -3.58077e-07 0.36282 -8.80395e-09 -3.58077e-07 0.36282 -8.80395e-09 -3.58077e-07 0.36282 -8.80395e-09 -3.58077e-07 0.36282 -8.80395e-09 -3.58077e-07 0.36282 -8.80395e-09 -3.58077e-07 0.36282 -8.80395e-09 -3.58077e-07 0.36282 -8.80395e-09 -3.58077e-07 0.36282 -8.80395e-09 -3.58077e-07 0.36282 -8.80395e-09 -3.58077e-07 0.36282 -8.80395e-09 -3.58077e-07 0.36282 -8.80395e-09 -3.58077e-07 0.36282 -8.80395e-09 -3.58077e-07 0.36282 -8.80395e-09 -3.58077e-07 0.36282 -8.80395e-09 -3.58077e-07 0.36282 -8.80395e-09 -3.58077e-07 0.36282 -8.80395e-09 -3.58077e-07 0.36282 -8.80395e-09 -3.58077e-07 0.36282 -8.80395e-09 -3.58077e-07 0.36282 -8.80395e-09 -3.58077e-07 0.36282 -8.80395e-09 -3.58077e-07 0.36282 -8.80395e-09 -3.58077e-07 0.36282 -8.80395e-09 -3.58077e-07 0.36282 -8.80395e-09 -3.58077e-07 0.36282 -8.80395e-09 -3.58077e-07 0.36282 -8.80395e-09 -3.58077e-07 0.36282 -8.80395e-09 -3.58077e-07 0.36282 -8.80395e-09 -3.58077e-07 0.36282 -8.80395e-09 -3.58077e-07 0.36282 -8.80395e-09 -3.58077e-07 0.36282 -8.80395e-09 -3.58077e-07 0.36282 -8.80395e-09 -3.58077e-07 0.36282 -8.80395e-09 -3.58077e-07 0.36282 -8.80395e-09</float_array><technique_common><accessor source="#hpl_mixamorigwRightLeg-trans-array" count="40" stride="3" /></technique_common></source>
      <source id="hpl_mixamorigwRightLeg-rotz"><float_array id="hpl_mixamorigwRightLeg-rotz-array" count="40">3.76474 2.23896 0.481528 0.680817 1.88937 3.65014 5.03409 5.0825 3.33567 1.12923 1.21353 2.96471 3.9875 4.20368 3.63208 2.6569 2.24205 3.27914 4.74374 4.88323 5.00561 5.03142 5.05785 5.0559 5.13632 5.23287 5.31234 5.32415 5.24071 5.05171 4.75227 4.34575 3.82614 3.23666 2.65512 2.11072 1.62317 1.18753 0.870774 0.755626</float_array><technique_common><accessor source="#hpl_mixamorigwRightLeg-rotz-array" count="40" stride="1" /></technique_common></source>
      <source id="hpl_mixamorigwRightLeg-roty"><float_array id="hpl_mixamorigwRightLeg-roty-array" count="40">-3.95102 -2.83258 -1.70438 -1.27552 -1.12712 -2.13591 -4.55176 -7.85263 -10.7112 -12.0373 -11.7622 -10.4847 -9.06855 -7.4509 -5.49043 -3.74414 -3.14813 -3.78604 -5.01587 -5.91664 -6.30423 -6.76926 -7.14378 -7.3028 -7.27558 -7.08708 -6.77138 -6.34504 -5.80698 -5.19883 -4.56588 -3.9519 -3.39875 -2.92971 -2.54902 -2.24301 -2.00676 -1.85423 -1.77741 -1.75645</float_array><technique_common><accessor source="#hpl_mixamorigwRightLeg-roty-array" count="40" stride="1" /></technique_common></source>
      <source id="hpl_mixamorigwRightLeg-rotx"><float_array id="hpl_mixamorigwRightLeg-rotx-array" count="40">49.6663 27.7365 5.3404 6.3418 20.5218 44.6494 73.2278 102.854 129.322 146.848 149.854 138.067 117.815 92.2617 63.0803 37.818 30.3351 48.0735 69.0221 78.8732 84.364 89.0685 92.9588 95.293 95.782 94.3929 91.3221 86.8355 80.8749 73.6418 65.58 56.9417 47.8441 38.8833 30.8181 23.7725 17.7955 12.9592 9.6995 8.59474</float_array><technique_common><accessor source="#hpl_mixamorigwRightLeg-rotx-array" count="40" stride="1" /></technique_common></source>
      <sampler id="hpl_mixamorigwRightLeg-trans-sampler"><input semantic="INPUT" source="#hpl_mixamorigwRightLeg-time" /><input semantic="OUTPUT" source="#hpl_mixamorigwRightLeg-trans" /></sampler><channel source="#hpl_mixamorigwRightLeg-trans-sampler" target="mixamorigwRightLeg/translate" />
      <sampler id="hpl_mixamorigwRightLeg-rotz-sampler"><input semantic="INPUT" source="#hpl_mixamorigwRightLeg-time" /><input semantic="OUTPUT" source="#hpl_mixamorigwRightLeg-rotz" /></sampler><channel source="#hpl_mixamorigwRightLeg-rotz-sampler" target="mixamorigwRightLeg/rotateZ.ANGLE" />
      <sampler id="hpl_mixamorigwRightLeg-roty-sampler"><input semantic="INPUT" source="#hpl_mixamorigwRightLeg-time" /><input semantic="OUTPUT" source="#hpl_mixamorigwRightLeg-roty" /></sampler><channel source="#hpl_mixamorigwRightLeg-roty-sampler" target="mixamorigwRightLeg/rotateY.ANGLE" />
      <sampler id="hpl_mixamorigwRightLeg-rotx-sampler"><input semantic="INPUT" source="#hpl_mixamorigwRightLeg-time" /><input semantic="OUTPUT" source="#hpl_mixamorigwRightLeg-rotx" /></sampler><channel source="#hpl_mixamorigwRightLeg-rotx-sampler" target="mixamorigwRightLeg/rotateX.ANGLE" />
    </animation>
    <animation id="hpl_mixamorigwRightFoot">
      <source id="hpl_mixamorigwRightFoot-time"><float_array id="hpl_mixamorigwRightFoot-time-array" count="40">0 1 2 3 4 5 6 7 8 9 10 11 12 13 14 15 16 17 18 19 20 21 22 23 24 25 26 27 28 29 30 31 32 33 34 35 36 37 38 39</float_array><technique_common><accessor source="#hpl_mixamorigwRightFoot-time-array" count="40" stride="1" /></technique_common></source>
      <source id="hpl_mixamorigwRightFoot-trans"><float_array id="hpl_mixamorigwRightFoot-trans-array" count="120">6.07786e-07 0.358719 1.03594e-07 6.07786e-07 0.358719 1.03594e-07 6.07786e-07 0.358719 1.03594e-07 6.07786e-07 0.358719 1.03594e-07 6.07786e-07 0.358719 1.03594e-07 6.07786e-07 0.358719 1.03594e-07 6.07786e-07 0.358719 1.03594e-07 6.07786e-07 0.358719 1.03594e-07 6.07786e-07 0.358719 1.03594e-07 6.07786e-07 0.358719 1.03594e-07 6.07786e-07 0.358719 1.03594e-07 6.07786e-07 0.358719 1.03594e-07 6.07786e-07 0.358719 1.03594e-07 6.07786e-07 0.358719 1.03594e-07 6.07786e-07 0.358719 1.03594e-07 6.07786e-07 0.358719 1.03594e-07 6.07786e-07 0.358719 1.03594e-07 6.07786e-07 0.358719 1.03594e-07 6.07786e-07 0.358719 1.03594e-07 6.07786e-07 0.358719 1.03594e-07 6.07786e-07 0.358719 1.03594e-07 6.07786e-07 0.358719 1.03594e-07 6.07786e-07 0.358719 1.03594e-07 6.07786e-07 0.358719 1.03594e-07 6.07786e-07 0.358719 1.03594e-07 6.07786e-07 0.358719 1.03594e-07 6.07786e-07 0.358719 1.03594e-07 6.07786e-07 0.358719 1.03594e-07 6.07786e-07 0.358719 1.03594e-07 6.07786e-07 0.358719 1.03594e-07 6.07786e-07 0.358719 1.03594e-07 6.07786e-07 0.358719 1.03594e-07 6.07786e-07 0.358719 1.03594e-07 6.07786e-07 0.358719 1.03594e-07 6.07786e-07 0.358719 1.03594e-07 6.07786e-07 0.358719 1.03594e-07 6.07786e-07 0.358719 1.03594e-07 6.07786e-07 0.358719 1.03594e-07 6.07786e-07 0.358719 1.03594e-07 6.07786e-07 0.358719 1.03594e-07</float_array><technique_common><accessor source="#hpl_mixamorigwRightFoot-trans-array" count="40" stride="3" /></technique_common></source>
      <source id="hpl_mixamorigwRightFoot-rotz"><float_array id="hpl_mixamorigwRightFoot-rotz-array" count="40">-3.66941 -1.57864 -2.82435 0.7297 2.04144 -1.95382 -4.88461 -4.83775 -3.48554 -0.863157 0.954424 0.666636 -1.28699 -4.13345 -8.91086 -14.1368 -13.7941 -8.56891 -8.89621 -9.1251 -10.0137 -10.8577 -11.3856 -11.7238 -11.8806 -11.8679 -11.8134 -11.4909 -10.7538 -9.66351 -8.35771 -6.80509 -5.35207 -4.39727 -3.77591 -3.50456 -3.44203 -3.47452 -3.65609 -3.89925</float_array><technique_common><accessor source="#hpl_mixamorigwRightFoot-rotz-array" count="40" stride="1" /></technique_common></source>
      <source id="hpl_mixamorigwRightFoot-roty"><float_array id="hpl_mixamorigwRightFoot-roty-array" count="40">7.1315 2.98402 3.86678 7.62607 9.34959 8.32095 6.818 7.3147 8.004 6.97513 6.72631 5.88349 5.75941 5.78952 4.34003 3.11049 2.98774 3.67166 5.87542 7.61124 8.63396 9.37134 9.19541 9.05726 9.27827 9.83691 10.5778 11.2992 11.8816 11.9833 11.6277 10.8046 9.47926 7.98005 6.83996 6.09779 5.64329 5.35888 4.96635 4.39942</float_array><technique_common><accessor source="#hpl_mixamorigwRightFoot-roty-array" count="40" stride="1" /></technique_common></source>
      <source id="hpl_mixamorigwRightFoot-rotx"><float_array id="hpl_mixamorigwRightFoot-rotx-array" count="40">-62.722 -41.5834 -18.435 -18.3527 -22.4229 -29.5484 -38.8712 -49.6665 -60.1274 -67.9767 -72.7542 -69.8893 -64.5622 -61.5655 -58.9168 -52.9652 -45.2326 -59.9526 -71.7568 -78.7471 -85.5373 -89.5466 -90.3235 -90.3516 -89.905 -89.1378 -87.9918 -86.0944 -83.492 -80.2674 -76.9688 -73.3208 -69.7395 -66.3813 -63.4033 -60.7369 -58.4057 -56.7179 -55.93 -56.0669</float_array><technique_common><accessor source="#hpl_mixamorigwRightFoot-rotx-array" count="40" stride="1" /></technique_common></source>
      <sampler id="hpl_mixamorigwRightFoot-trans-sampler"><input semantic="INPUT" source="#hpl_mixamorigwRightFoot-time" /><input semantic="OUTPUT" source="#hpl_mixamorigwRightFoot-trans" /></sampler><channel source="#hpl_mixamorigwRightFoot-trans-sampler" target="mixamorigwRightFoot/translate" />
      <sampler id="hpl_mixamorigwRightFoot-rotz-sampler"><input semantic="INPUT" source="#hpl_mixamorigwRightFoot-time" /><input semantic="OUTPUT" source="#hpl_mixamorigwRightFoot-rotz" /></sampler><channel source="#hpl_mixamorigwRightFoot-rotz-sampler" target="mixamorigwRightFoot/rotateZ.ANGLE" />
      <sampler id="hpl_mixamorigwRightFoot-roty-sampler"><input semantic="INPUT" source="#hpl_mixamorigwRightFoot-time" /><input semantic="OUTPUT" source="#hpl_mixamorigwRightFoot-roty" /></sampler><channel source="#hpl_mixamorigwRightFoot-roty-sampler" target="mixamorigwRightFoot/rotateY.ANGLE" />
      <sampler id="hpl_mixamorigwRightFoot-rotx-sampler"><input semantic="INPUT" source="#hpl_mixamorigwRightFoot-time" /><input semantic="OUTPUT" source="#hpl_mixamorigwRightFoot-rotx" /></sampler><channel source="#hpl_mixamorigwRightFoot-rotx-sampler" target="mixamorigwRightFoot/rotateX.ANGLE" />
    </animation>
    <animation id="hpl_mixamorigwRightToeBase">
      <source id="hpl_mixamorigwRightToeBase-time"><float_array id="hpl_mixamorigwRightToeBase-time-array" count="40">0 1 2 3 4 5 6 7 8 9 10 11 12 13 14 15 16 17 18 19 20 21 22 23 24 25 26 27 28 29 30 31 32 33 34 35 36 37 38 39</float_array><technique_common><accessor source="#hpl_mixamorigwRightToeBase-time-array" count="40" stride="1" /></technique_common></source>
      <source id="hpl_mixamorigwRightToeBase-trans"><float_array id="hpl_mixamorigwRightToeBase-trans-array" count="120">-2.32514e-07 0.150699 -6.5721e-08 -2.32514e-07 0.150699 -6.5721e-08 -2.32514e-07 0.150699 -6.5721e-08 -2.32514e-07 0.150699 -6.5721e-08 -2.32514e-07 0.150699 -6.5721e-08 -2.32514e-07 0.150699 -6.5721e-08 -2.32514e-07 0.150699 -6.5721e-08 -2.32514e-07 0.150699 -6.5721e-08 -2.32514e-07 0.150699 -6.5721e-08 -2.32514e-07 0.150699 -6.5721e-08 -2.32514e-07 0.150699 -6.5721e-08 -2.32514e-07 0.150699 -6.5721e-08 -2.32514e-07 0.150699 -6.5721e-08 -2.32514e-07 0.150699 -6.5721e-08 -2.32514e-07 0.150699 -6.5721e-08 -2.32514e-07 0.150699 -6.5721e-08 -2.32514e-07 0.150699 -6.5721e-08 -2.32514e-07 0.150699 -6.5721e-08 -2.32514e-07 0.150699 -6.5721e-08 -2.32514e-07 0.150699 -6.5721e-08 -2.32514e-07 0.150699 -6.5721e-08 -2.32514e-07 0.150699 -6.5721e-08 -2.32514e-07 0.150699 -6.5721e-08 -2.32514e-07 0.150699 -6.5721e-08 -2.32514e-07 0.150699 -6.5721e-08 -2.32514e-07 0.150699 -6.5721e-08 -2.32514e-07 0.150699 -6.5721e-08 -2.32514e-07 0.150699 -6.5721e-08 -2.32514e-07 0.150699 -6.5721e-08 -2.32514e-07 0.150699 -6.5721e-08 -2.32514e-07 0.150699 -6.5721e-08 -2.32514e-07 0.150699 -6.5721e-08 -2.32514e-07 0.150699 -6.5721e-08 -2.32514e-07 0.150699 -6.5721e-08 -2.32514e-07 0.150699 -6.5721e-08 -2.32514e-07 0.150699 -6.5721e-08 -2.32514e-07 0.150699 -6.5721e-08 -2.32514e-07 0.150699 -6.5721e-08 -2.32514e-07 0.150699 -6.5721e-08 -2.32514e-07 0.150699 -6.5721e-08</float_array><technique_common><accessor source="#hpl_mixamorigwRightToeBase-trans-array" count="40" stride="3" /></technique_common></source>
      <source id="hpl_mixamorigwRightToeBase-rotz"><float_array id="hpl_mixamorigwRightToeBase-rotz-array" count="40">0.121097 -0.471319 0.273723 0.652062 0.616362 0.517159 0.502562 0.557816 0.62733 0.647164 0.584804 0.459949 0.453841 0.489497 0.356975 0.0286747 -0.269938 -0.0625016 -0.187063 -0.0931223 0.210344 0.4 0.511833 0.563681 0.632031 0.695606 0.719092 0.713827 0.712251 0.694698 0.669357 0.627387 0.581631 0.535951 0.494248 0.476233 0.470985 0.475913 0.497704 0.505861</float_array><technique_common><accessor source="#hpl_mixamorigwRightToeBase-rotz-array" count="40" stride="1" /></technique_common></source>
      <source id="hpl_mixamorigwRightToeBase-roty"><float_array id="hpl_mixamorigwRightToeBase-roty-array" count="40">3.05788 3.79347 3.62884 3.52187 3.25432 2.8753 2.54674 2.41069 2.43599 2.63013 2.69613 2.8778 3.00815 3.05193 2.88762 2.87444 3.44544 3.17648 2.92719 2.76516 2.51575 2.48176 2.45044 2.36406 2.34403 2.3709 2.36993 2.34988 2.35665 2.36953 2.40662 2.45219 2.49681 2.52994 2.54827 2.56242 2.56239 2.54803 2.51351 2.46578</float_array><technique_common><accessor source="#hpl_mixamorigwRightToeBase-roty-array" count="40" stride="1" /></technique_common></source>
      <source id="hpl_mixamorigwRightToeBase-rotx"><float_array id="hpl_mixamorigwRightToeBase-rotx-array" count="40">-47.0419 -52.1789 -46.6018 -44.2441 -44.2446 -44.5989 -44.7073 -44.6674 -44.7181 -44.1473 -43.248 -43.5984 -44.1461 -44.5364 -45.1408 -46.2165 -48.5987 -48.1752 -48.1169 -47.0817 -44.8774 -43.8149 -43.2577 -42.77 -42.4671 -42.3485 -42.288 -42.2689 -42.3287 -42.4787 -42.7448 -43.0899 -43.424 -43.7026 -43.9025 -43.9974 -43.9813 -43.8853 -43.6531 -43.4098</float_array><technique_common><accessor source="#hpl_mixamorigwRightToeBase-rotx-array" count="40" stride="1" /></technique_common></source>
      <sampler id="hpl_mixamorigwRightToeBase-trans-sampler"><input semantic="INPUT" source="#hpl_mixamorigwRightToeBase-time" /><input semantic="OUTPUT" source="#hpl_mixamorigwRightToeBase-trans" /></sampler><channel source="#hpl_mixamorigwRightToeBase-trans-sampler" target="mixamorigwRightToeBase/translate" />
      <sampler id="hpl_mixamorigwRightToeBase-rotz-sampler"><input semantic="INPUT" source="#hpl_mixamorigwRightToeBase-time" /><input semantic="OUTPUT" source="#hpl_mixamorigwRightToeBase-rotz" /></sampler><channel source="#hpl_mixamorigwRightToeBase-rotz-sampler" target="mixamorigwRightToeBase/rotateZ.ANGLE" />
      <sampler id="hpl_mixamorigwRightToeBase-roty-sampler"><input semantic="INPUT" source="#hpl_mixamorigwRightToeBase-time" /><input semantic="OUTPUT" source="#hpl_mixamorigwRightToeBase-roty" /></sampler><channel source="#hpl_mixamorigwRightToeBase-roty-sampler" target="mixamorigwRightToeBase/rotateY.ANGLE" />
      <sampler id="hpl_mixamorigwRightToeBase-rotx-sampler"><input semantic="INPUT" source="#hpl_mixamorigwRightToeBase-time" /><input semantic="OUTPUT" source="#hpl_mixamorigwRightToeBase-rotx" /></sampler><channel source="#hpl_mixamorigwRightToeBase-rotx-sampler" target="mixamorigwRightToeBase/rotateX.ANGLE" />
    </animation>
    <animation id="hpl_mixamorigwSpine">
      <source id="hpl_mixamorigwSpine-time"><float_array id="hpl_mixamorigwSpine-time-array" count="40">0 1 2 3 4 5 6 7 8 9 10 11 12 13 14 15 16 17 18 19 20 21 22 23 24 25 26 27 28 29 30 31 32 33 34 35 36 37 38 39</float_array><technique_common><accessor source="#hpl_mixamorigwSpine-time-array" count="40" stride="1" /></technique_common></source>
      <source id="hpl_mixamorigwSpine-trans"><float_array id="hpl_mixamorigwSpine-trans-array" count="120">-0.000581253 0.1216 -0.0672236 -0.000581253 0.1216 -0.0672236 -0.000581253 0.1216 -0.0672236 -0.000581253 0.1216 -0.0672236 -0.000581253 0.1216 -0.0672236 -0.000581253 0.1216 -0.0672236 -0.000581253 0.1216 -0.0672236 -0.000581253 0.1216 -0.0672236 -0.000581253 0.1216 -0.0672236 -0.000581253 0.1216 -0.0672236 -0.000581253 0.1216 -0.0672236 -0.000581253 0.1216 -0.0672236 -0.000581253 0.1216 -0.0672236 -0.000581253 0.1216 -0.0672236 -0.000581253 0.1216 -0.0672236 -0.000581253 0.1216 -0.0672236 -0.000581253 0.1216 -0.0672236 -0.000581253 0.1216 -0.0672236 -0.000581253 0.1216 -0.0672236 -0.000581253 0.1216 -0.0672236 -0.000581253 0.1216 -0.0672236 -0.000581253 0.1216 -0.0672236 -0.000581253 0.1216 -0.0672236 -0.000581253 0.1216 -0.0672236 -0.000581253 0.1216 -0.0672236 -0.000581253 0.1216 -0.0672236 -0.000581253 0.1216 -0.0672236 -0.000581253 0.1216 -0.0672236 -0.000581253 0.1216 -0.0672236 -0.000581253 0.1216 -0.0672236 -0.000581253 0.1216 -0.0672236 -0.000581253 0.1216 -0.0672236 -0.000581253 0.1216 -0.0672236 -0.000581253 0.1216 -0.0672236 -0.000581253 0.1216 -0.0672236 -0.000581253 0.1216 -0.0672236 -0.000581253 0.1216 -0.0672236 -0.000581253 0.1216 -0.0672236 -0.000581253 0.1216 -0.0672236 -0.000581253 0.1216 -0.0672236</float_array><technique_common><accessor source="#hpl_mixamorigwSpine-trans-array" count="40" stride="3" /></technique_common></source>
      <source id="hpl_mixamorigwSpine-rotz"><float_array id="hpl_mixamorigwSpine-rotz-array" count="40">0.11667 0.318095 0.345928 0.320636 -0.137793 -0.401915 -0.619331 -0.827298 -1.16167 -1.82112 -2.21557 -1.67653 -1.02497 -0.690807 -0.487274 0.238705 0.499865 0.418573 -0.722347 -0.80693 -0.611249 -0.288123 -0.0236014 0.143268 0.23199 0.276982 0.284409 0.240306 0.182299 0.0741581 -0.0423345 -0.177851 -0.34115 -0.483756 -0.595512 -0.671439 -0.737424 -0.781218 -0.773849 -0.718037</float_array><technique_common><accessor source="#hpl_mixamorigwSpine-rotz-array" count="40" stride="1" /></technique_common></source>
      <source id="hpl_mixamorigwSpine-roty"><float_array id="hpl_mixamorigwSpine-roty-array" count="40">0.127457 0.804727 1.01128 1.11449 1.12636 0.760567 0.12442 -0.437099 -1.14196 -1.61038 -1.73325 -1.19081 -0.283774 0.346135 0.177807 -0.323809 -0.189054 0.118979 -0.961324 -0.971818 -0.648124 -0.428634 -0.293026 -0.248792 -0.165405 -0.114298 -0.127032 -0.178973 -0.235694 -0.260119 -0.310561 -0.361708 -0.427252 -0.501346 -0.597299 -0.714898 -0.797978 -0.842575 -0.842548 -0.783447</float_array><technique_common><accessor source="#hpl_mixamorigwSpine-roty-array" count="40" stride="1" /></technique_common></source>
      <source id="hpl_mixamorigwSpine-rotx"><float_array id="hpl_mixamorigwSpine-rotx-array" count="40">-16.2292 -18.4962 -22.3344 -23.0524 -20.4077 -15.8225 -11.0406 -7.13547 -4.44907 -3.85741 -5.03596 -7.20496 -9.14343 -10.9698 -13.7513 -17.1135 -18.6715 -16.781 -13.9458 -12.3642 -11.3233 -10.5171 -10.0417 -9.60116 -9.50067 -9.70002 -10.1616 -10.8089 -11.6046 -12.5466 -13.6006 -14.7896 -16.1801 -17.6909 -19.2256 -20.7275 -22.2025 -23.5081 -24.5704 -25.3609</float_array><technique_common><accessor source="#hpl_mixamorigwSpine-rotx-array" count="40" stride="1" /></technique_common></source>
      <sampler id="hpl_mixamorigwSpine-trans-sampler"><input semantic="INPUT" source="#hpl_mixamorigwSpine-time" /><input semantic="OUTPUT" source="#hpl_mixamorigwSpine-trans" /></sampler><channel source="#hpl_mixamorigwSpine-trans-sampler" target="mixamorigwSpine/translate" />
      <sampler id="hpl_mixamorigwSpine-rotz-sampler"><input semantic="INPUT" source="#hpl_mixamorigwSpine-time" /><input semantic="OUTPUT" source="#hpl_mixamorigwSpine-rotz" /></sampler><channel source="#hpl_mixamorigwSpine-rotz-sampler" target="mixamorigwSpine/rotateZ.ANGLE" />
      <sampler id="hpl_mixamorigwSpine-roty-sampler"><input semantic="INPUT" source="#hpl_mixamorigwSpine-time" /><input semantic="OUTPUT" source="#hpl_mixamorigwSpine-roty" /></sampler><channel source="#hpl_mixamorigwSpine-roty-sampler" target="mixamorigwSpine/rotateY.ANGLE" />
      <sampler id="hpl_mixamorigwSpine-rotx-sampler"><input semantic="INPUT" source="#hpl_mixamorigwSpine-time" /><input semantic="OUTPUT" source="#hpl_mixamorigwSpine-rotx" /></sampler><channel source="#hpl_mixamorigwSpine-rotx-sampler" target="mixamorigwSpine/rotateX.ANGLE" />
    </animation>
    <animation id="hpl_mixamorigwSpine1">
      <source id="hpl_mixamorigwSpine1-time"><float_array id="hpl_mixamorigwSpine1-time-array" count="40">0 1 2 3 4 5 6 7 8 9 10 11 12 13 14 15 16 17 18 19 20 21 22 23 24 25 26 27 28 29 30 31 32 33 34 35 36 37 38 39</float_array><technique_common><accessor source="#hpl_mixamorigwSpine1-time-array" count="40" stride="1" /></technique_common></source>
      <source id="hpl_mixamorigwSpine1-trans"><float_array id="hpl_mixamorigwSpine1-trans-array" count="120">1.55939e-10 0.13894 -2.99993e-07 1.55939e-10 0.13894 -2.99993e-07 1.55939e-10 0.13894 -2.99993e-07 1.55939e-10 0.13894 -2.99993e-07 1.55939e-10 0.13894 -2.99993e-07 1.55939e-10 0.13894 -2.99993e-07 1.55939e-10 0.13894 -2.99993e-07 1.55939e-10 0.13894 -2.99993e-07 1.55939e-10 0.13894 -2.99993e-07 1.55939e-10 0.13894 -2.99993e-07 1.55939e-10 0.13894 -2.99993e-07 1.55939e-10 0.13894 -2.99993e-07 1.55939e-10 0.13894 -2.99993e-07 1.55939e-10 0.13894 -2.99993e-07 1.55939e-10 0.13894 -2.99993e-07 1.55939e-10 0.13894 -2.99993e-07 1.55939e-10 0.13894 -2.99993e-07 1.55939e-10 0.13894 -2.99993e-07 1.55939e-10 0.13894 -2.99993e-07 1.55939e-10 0.13894 -2.99993e-07 1.55939e-10 0.13894 -2.99993e-07 1.55939e-10 0.13894 -2.99993e-07 1.55939e-10 0.13894 -2.99993e-07 1.55939e-10 0.13894 -2.99993e-07 1.55939e-10 0.13894 -2.99993e-07 1.55939e-10 0.13894 -2.99993e-07 1.55939e-10 0.13894 -2.99993e-07 1.55939e-10 0.13894 -2.99993e-07 1.55939e-10 0.13894 -2.99993e-07 1.55939e-10 0.13894 -2.99993e-07 1.55939e-10 0.13894 -2.99993e-07 1.55939e-10 0.13894 -2.99993e-07 1.55939e-10 0.13894 -2.99993e-07 1.55939e-10 0.13894 -2.99993e-07 1.55939e-10 0.13894 -2.99993e-07 1.55939e-10 0.13894 -2.99993e-07 1.55939e-10 0.13894 -2.99993e-07 1.55939e-10 0.13894 -2.99993e-07 1.55939e-10 0.13894 -2.99993e-07 1.55939e-10 0.13894 -2.99993e-07</float_array><technique_common><accessor source="#hpl_mixamorigwSpine1-trans-array" count="40" stride="3" /></technique_common></source>
      <source id="hpl_mixamorigwSpine1-rotz"><float_array id="hpl_mixamorigwSpine1-rotz-array" count="40">-0.452507 -0.544321 -0.570826 -0.660232 -0.657414 -0.679821 -0.647058 -0.415678 -0.0719346 0.0259938 -0.0025414 0.196848 0.290404 -0.0601712 -0.69384 -1.04675 -0.672115 -0.223198 -0.36292 -0.398647 -0.242109 -0.215644 -0.19557 -0.191266 -0.204267 -0.204125 -0.215791 -0.255338 -0.336193 -0.411985 -0.490537 -0.55735 -0.611402 -0.649306 -0.660934 -0.655914 -0.631953 -0.616037 -0.635608 -0.667669</float_array><technique_common><accessor source="#hpl_mixamorigwSpine1-rotz-array" count="40" stride="1" /></technique_common></source>
      <source id="hpl_mixamorigwSpine1-roty"><float_array id="hpl_mixamorigwSpine1-roty-array" count="40">-0.606403 -0.224918 1.09521 1.63796 1.33742 0.536729 -0.33732 -0.562365 -0.112003 -0.256485 -0.53398 -0.852036 -1.1775 -1.23829 -0.354328 1.10539 0.921811 -0.0928738 -0.849708 -0.674461 -0.682771 -0.567929 -0.636285 -0.615737 -0.538993 -0.49108 -0.487879 -0.514085 -0.533223 -0.602924 -0.673591 -0.75246 -0.800025 -0.800349 -0.798934 -0.78714 -0.835798 -0.955004 -1.05711 -1.07065</float_array><technique_common><accessor source="#hpl_mixamorigwSpine1-roty-array" count="40" stride="1" /></technique_common></source>
      <source id="hpl_mixamorigwSpine1-rotx"><float_array id="hpl_mixamorigwSpine1-rotx-array" count="40">-7.4502 -8.12137 -9.17494 -9.08248 -8.23488 -6.98212 -5.46994 -3.99679 -2.93026 -1.99559 -1.76438 -2.9104 -4.54653 -5.84087 -6.72699 -7.67628 -8.29734 -7.84508 -6.76446 -5.67414 -4.6514 -3.7196 -3.19241 -2.90465 -2.78467 -2.89325 -3.17128 -3.58682 -4.09591 -4.68361 -5.26262 -5.84122 -6.42932 -7.03186 -7.61243 -8.21423 -8.73257 -9.2088 -9.55714 -9.7752</float_array><technique_common><accessor source="#hpl_mixamorigwSpine1-rotx-array" count="40" stride="1" /></technique_common></source>
      <sampler id="hpl_mixamorigwSpine1-trans-sampler"><input semantic="INPUT" source="#hpl_mixamorigwSpine1-time" /><input semantic="OUTPUT" source="#hpl_mixamorigwSpine1-trans" /></sampler><channel source="#hpl_mixamorigwSpine1-trans-sampler" target="mixamorigwSpine1/translate" />
      <sampler id="hpl_mixamorigwSpine1-rotz-sampler"><input semantic="INPUT" source="#hpl_mixamorigwSpine1-time" /><input semantic="OUTPUT" source="#hpl_mixamorigwSpine1-rotz" /></sampler><channel source="#hpl_mixamorigwSpine1-rotz-sampler" target="mixamorigwSpine1/rotateZ.ANGLE" />
      <sampler id="hpl_mixamorigwSpine1-roty-sampler"><input semantic="INPUT" source="#hpl_mixamorigwSpine1-time" /><input semantic="OUTPUT" source="#hpl_mixamorigwSpine1-roty" /></sampler><channel source="#hpl_mixamorigwSpine1-roty-sampler" target="mixamorigwSpine1/rotateY.ANGLE" />
      <sampler id="hpl_mixamorigwSpine1-rotx-sampler"><input semantic="INPUT" source="#hpl_mixamorigwSpine1-time" /><input semantic="OUTPUT" source="#hpl_mixamorigwSpine1-rotx" /></sampler><channel source="#hpl_mixamorigwSpine1-rotx-sampler" target="mixamorigwSpine1/rotateX.ANGLE" />
    </animation>
    <animation id="hpl_mixamorigwSpine2">
      <source id="hpl_mixamorigwSpine2-time"><float_array id="hpl_mixamorigwSpine2-time-array" count="40">0 1 2 3 4 5 6 7 8 9 10 11 12 13 14 15 16 17 18 19 20 21 22 23 24 25 26 27 28 29 30 31 32 33 34 35 36 37 38 39</float_array><technique_common><accessor source="#hpl_mixamorigwSpine2-time-array" count="40" stride="1" /></technique_common></source>
      <source id="hpl_mixamorigwSpine2-trans"><float_array id="hpl_mixamorigwSpine2-trans-array" count="120">7.65575e-09 0.138939 1.13691e-06 7.65575e-09 0.138939 1.13691e-06 7.65575e-09 0.138939 1.13691e-06 7.65575e-09 0.138939 1.13691e-06 7.65575e-09 0.138939 1.13691e-06 7.65575e-09 0.138939 1.13691e-06 7.65575e-09 0.138939 1.13691e-06 7.65575e-09 0.138939 1.13691e-06 7.65575e-09 0.138939 1.13691e-06 7.65575e-09 0.138939 1.13691e-06 7.65575e-09 0.138939 1.13691e-06 7.65575e-09 0.138939 1.13691e-06 7.65575e-09 0.138939 1.13691e-06 7.65575e-09 0.138939 1.13691e-06 7.65575e-09 0.138939 1.13691e-06 7.65575e-09 0.138939 1.13691e-06 7.65575e-09 0.138939 1.13691e-06 7.65575e-09 0.138939 1.13691e-06 7.65575e-09 0.138939 1.13691e-06 7.65575e-09 0.138939 1.13691e-06 7.65575e-09 0.138939 1.13691e-06 7.65575e-09 0.138939 1.13691e-06 7.65575e-09 0.138939 1.13691e-06 7.65575e-09 0.138939 1.13691e-06 7.65575e-09 0.138939 1.13691e-06 7.65575e-09 0.138939 1.13691e-06 7.65575e-09 0.138939 1.13691e-06 7.65575e-09 0.138939 1.13691e-06 7.65575e-09 0.138939 1.13691e-06 7.65575e-09 0.138939 1.13691e-06 7.65575e-09 0.138939 1.13691e-06 7.65575e-09 0.138939 1.13691e-06 7.65575e-09 0.138939 1.13691e-06 7.65575e-09 0.138939 1.13691e-06 7.65575e-09 0.138939 1.13691e-06 7.65575e-09 0.138939 1.13691e-06 7.65575e-09 0.138939 1.13691e-06 7.65575e-09 0.138939 1.13691e-06 7.65575e-09 0.138939 1.13691e-06 7.65575e-09 0.138939 1.13691e-06</float_array><technique_common><accessor source="#hpl_mixamorigwSpine2-trans-array" count="40" stride="3" /></technique_common></source>
      <source id="hpl_mixamorigwSpine2-rotz"><float_array id="hpl_mixamorigwSpine2-rotz-array" count="40">1.53089 1.78104 1.62437 1.24067 0.851021 0.541306 0.0416822 -0.375861 -0.515582 -0.737868 -1.17646 -1.00186 -0.315376 0.213831 0.630369 1.00993 1.0814 1.47246 0.673658 0.0682058 0.148275 0.573112 0.86996 0.881772 0.876212 0.797177 0.589918 0.314119 0.0574608 -0.179701 -0.397642 -0.560906 -0.664508 -0.698299 -0.649978 -0.537806 -0.391048 -0.248858 -0.145085 -0.060366</float_array><technique_common><accessor source="#hpl_mixamorigwSpine2-rotz-array" count="40" stride="1" /></technique_common></source>
      <source id="hpl_mixamorigwSpine2-roty"><float_array id="hpl_mixamorigwSpine2-roty-array" count="40">-3.06479 -2.24385 -1.91962 -1.95636 -2.52025 -3.05744 -3.04422 -3.01969 -2.9453 -2.46117 -1.99676 -1.48481 -0.837641 -0.456666 -0.460852 -0.941726 -0.827927 -0.913126 -1.07795 -1.68866 -2.24653 -2.78884 -2.93572 -2.87893 -2.87378 -2.94391 -3.07453 -3.22468 -3.37927 -3.50662 -3.55428 -3.54983 -3.52757 -3.47141 -3.38976 -3.36056 -3.41777 -3.50627 -3.65278 -3.85919</float_array><technique_common><accessor source="#hpl_mixamorigwSpine2-roty-array" count="40" stride="1" /></technique_common></source>
      <source id="hpl_mixamorigwSpine2-rotx"><float_array id="hpl_mixamorigwSpine2-rotx-array" count="40">6.46461 5.50765 5.60941 6.66851 9.23421 12.1466 14.4721 16.2113 17.7438 19.2541 20.0367 18.9399 16.1645 13.0657 10.7015 9.31728 8.79804 8.52004 9.32574 11.6357 12.9532 13.5534 14.197 14.6776 15.0449 15.1007 14.8209 14.2552 13.4823 12.5259 11.4553 10.3105 9.09284 7.94857 7.00484 6.32461 5.81933 5.48279 5.35715 5.41184</float_array><technique_common><accessor source="#hpl_mixamorigwSpine2-rotx-array" count="40" stride="1" /></technique_common></source>
      <sampler id="hpl_mixamorigwSpine2-trans-sampler"><input semantic="INPUT" source="#hpl_mixamorigwSpine2-time" /><input semantic="OUTPUT" source="#hpl_mixamorigwSpine2-trans" /></sampler><channel source="#hpl_mixamorigwSpine2-trans-sampler" target="mixamorigwSpine2/translate" />
      <sampler id="hpl_mixamorigwSpine2-rotz-sampler"><input semantic="INPUT" source="#hpl_mixamorigwSpine2-time" /><input semantic="OUTPUT" source="#hpl_mixamorigwSpine2-rotz" /></sampler><channel source="#hpl_mixamorigwSpine2-rotz-sampler" target="mixamorigwSpine2/rotateZ.ANGLE" />
      <sampler id="hpl_mixamorigwSpine2-roty-sampler"><input semantic="INPUT" source="#hpl_mixamorigwSpine2-time" /><input semantic="OUTPUT" source="#hpl_mixamorigwSpine2-roty" /></sampler><channel source="#hpl_mixamorigwSpine2-roty-sampler" target="mixamorigwSpine2/rotateY.ANGLE" />
      <sampler id="hpl_mixamorigwSpine2-rotx-sampler"><input semantic="INPUT" source="#hpl_mixamorigwSpine2-time" /><input semantic="OUTPUT" source="#hpl_mixamorigwSpine2-rotx" /></sampler><channel source="#hpl_mixamorigwSpine2-rotx-sampler" target="mixamorigwSpine2/rotateX.ANGLE" />
    </animation>
    <animation id="hpl_mixamorigwLeftShoulder">
      <source id="hpl_mixamorigwLeftShoulder-time"><float_array id="hpl_mixamorigwLeftShoulder-time-array" count="40">0 1 2 3 4 5 6 7 8 9 10 11 12 13 14 15 16 17 18 19 20 21 22 23 24 25 26 27 28 29 30 31 32 33 34 35 36 37 38 39</float_array><technique_common><accessor source="#hpl_mixamorigwLeftShoulder-time-array" count="40" stride="1" /></technique_common></source>
      <source id="hpl_mixamorigwLeftShoulder-trans"><float_array id="hpl_mixamorigwLeftShoulder-trans-array" count="120">0.0431929 0.0719144 -0.00398513 0.0431929 0.0719144 -0.00398513 0.0431929 0.0719144 -0.00398513 0.0431929 0.0719144 -0.00398513 0.0431929 0.0719144 -0.00398513 0.0431929 0.0719144 -0.00398513 0.0431929 0.0719144 -0.00398513 0.0431929 0.0719144 -0.00398513 0.0431929 0.0719144 -0.00398513 0.0431929 0.0719144 -0.00398513 0.0431929 0.0719144 -0.00398513 0.0431929 0.0719144 -0.00398513 0.0431929 0.0719144 -0.00398513 0.0431929 0.0719144 -0.00398513 0.0431929 0.0719144 -0.00398513 0.0431929 0.0719144 -0.00398513 0.0431929 0.0719144 -0.00398513 0.0431929 0.0719144 -0.00398513 0.0431929 0.0719144 -0.00398513 0.0431929 0.0719144 -0.00398513 0.0431929 0.0719144 -0.00398513 0.0431929 0.0719144 -0.00398513 0.0431929 0.0719144 -0.00398513 0.0431929 0.0719144 -0.00398513 0.0431929 0.0719144 -0.00398513 0.0431929 0.0719144 -0.00398513 0.0431929 0.0719144 -0.00398513 0.0431929 0.0719144 -0.00398513 0.0431929 0.0719144 -0.00398513 0.0431929 0.0719144 -0.00398513 0.0431929 0.0719144 -0.00398513 0.0431929 0.0719144 -0.00398513 0.0431929 0.0719144 -0.00398513 0.0431929 0.0719144 -0.00398513 0.0431929 0.0719144 -0.00398513 0.0431929 0.0719144 -0.00398513 0.0431929 0.0719144 -0.00398513 0.0431929 0.0719144 -0.00398513 0.0431929 0.0719144 -0.00398513 0.0431929 0.0719144 -0.00398513</float_array><technique_common><accessor source="#hpl_mixamorigwLeftShoulder-trans-array" count="40" stride="3" /></technique_common></source>
      <source id="hpl_mixamorigwLeftShoulder-rotz"><float_array id="hpl_mixamorigwLeftShoulder-rotz-array" count="40">32.9187 38.5844 75.3655 104.914 109.004 105.05 99.1563 94.7166 94.0813 95.9288 97.2745 106.358 118.927 129.629 137.118 141.509 142.631 140.388 134.762 123.627 111.102 98.6698 86.6432 78.1503 72.7979 70.9498 71.7754 73.6307 75.2932 77.1333 79.2497 82.2526 86.2017 90.8863 95.4606 99.5412 103.378 106.624 108.846 110.402</float_array><technique_common><accessor source="#hpl_mixamorigwLeftShoulder-rotz-array" count="40" stride="1" /></technique_common></source>
      <source id="hpl_mixamorigwLeftShoulder-roty"><float_array id="hpl_mixamorigwLeftShoulder-roty-array" count="40">78.145 82.1271 84.6283 82.7422 79.955 78.2837 78.2167 78.9255 79.07 78.3313 76.7841 74.9697 71.9865 68.1767 64.6903 61.8745 61.061 61.8243 63.9597 65.6262 67.9999 70.1802 71.8855 72.9777 73.7835 74.4063 74.96 75.2196 75.295 75.2159 75.0339 74.8401 74.5649 74.2177 73.8417 73.4526 72.9092 72.1556 71.248 70.2166</float_array><technique_common><accessor source="#hpl_mixamorigwLeftShoulder-roty-array" count="40" stride="1" /></technique_common></source>
      <source id="hpl_mixamorigwLeftShoulder-rotx"><float_array id="hpl_mixamorigwLeftShoulder-rotx-array" count="40">105.801 106.652 141.599 175.462 184.562 182.794 176.764 172.378 172.228 175.794 178.99 188.148 199.005 206.601 211.195 215.26 218.583 220.497 218.998 214.312 205.961 195.738 184.439 175.94 170.55 168.584 169.233 170.846 172.267 173.932 175.938 178.783 182.546 186.959 191.285 195.376 199.673 204.076 208.167 211.865</float_array><technique_common><accessor source="#hpl_mixamorigwLeftShoulder-rotx-array" count="40" stride="1" /></technique_common></source>
      <sampler id="hpl_mixamorigwLeftShoulder-trans-sampler"><input semantic="INPUT" source="#hpl_mixamorigwLeftShoulder-time" /><input semantic="OUTPUT" source="#hpl_mixamorigwLeftShoulder-trans" /></sampler><channel source="#hpl_mixamorigwLeftShoulder-trans-sampler" target="mixamorigwLeftShoulder/translate" />
      <sampler id="hpl_mixamorigwLeftShoulder-rotz-sampler"><input semantic="INPUT" source="#hpl_mixamorigwLeftShoulder-time" /><input semantic="OUTPUT" source="#hpl_mixamorigwLeftShoulder-rotz" /></sampler><channel source="#hpl_mixamorigwLeftShoulder-rotz-sampler" target="mixamorigwLeftShoulder/rotateZ.ANGLE" />
      <sampler id="hpl_mixamorigwLeftShoulder-roty-sampler"><input semantic="INPUT" source="#hpl_mixamorigwLeftShoulder-time" /><input semantic="OUTPUT" source="#hpl_mixamorigwLeftShoulder-roty" /></sampler><channel source="#hpl_mixamorigwLeftShoulder-roty-sampler" target="mixamorigwLeftShoulder/rotateY.ANGLE" />
      <sampler id="hpl_mixamorigwLeftShoulder-rotx-sampler"><input semantic="INPUT" source="#hpl_mixamorigwLeftShoulder-time" /><input semantic="OUTPUT" source="#hpl_mixamorigwLeftShoulder-rotx" /></sampler><channel source="#hpl_mixamorigwLeftShoulder-rotx-sampler" target="mixamorigwLeftShoulder/rotateX.ANGLE" />
    </animation>
    <animation id="hpl_mixamorigwLeftArm">
      <source id="hpl_mixamorigwLeftArm-time"><float_array id="hpl_mixamorigwLeftArm-time-array" count="40">0 1 2 3 4 5 6 7 8 9 10 11 12 13 14 15 16 17 18 19 20 21 22 23 24 25 26 27 28 29 30 31 32 33 34 35 36 37 38 39</float_array><technique_common><accessor source="#hpl_mixamorigwLeftArm-time-array" count="40" stride="1" /></technique_common></source>
      <source id="hpl_mixamorigwLeftArm-trans"><float_array id="hpl_mixamorigwLeftArm-trans-array" count="120">8.12161e-07 0.171533 -2.57949e-06 8.12161e-07 0.171533 -2.57949e-06 8.12161e-07 0.171533 -2.57949e-06 8.12161e-07 0.171533 -2.57949e-06 8.12161e-07 0.171533 -2.57949e-06 8.12161e-07 0.171533 -2.57949e-06 8.12161e-07 0.171533 -2.57949e-06 8.12161e-07 0.171533 -2.57949e-06 8.12161e-07 0.171533 -2.57949e-06 8.12161e-07 0.171533 -2.57949e-06 8.12161e-07 0.171533 -2.57949e-06 8.12161e-07 0.171533 -2.57949e-06 8.12161e-07 0.171533 -2.57949e-06 8.12161e-07 0.171533 -2.57949e-06 8.12161e-07 0.171533 -2.57949e-06 8.12161e-07 0.171533 -2.57949e-06 8.12161e-07 0.171533 -2.57949e-06 8.12161e-07 0.171533 -2.57949e-06 8.12161e-07 0.171533 -2.57949e-06 8.12161e-07 0.171533 -2.57949e-06 8.12161e-07 0.171533 -2.57949e-06 8.12161e-07 0.171533 -2.57949e-06 8.12161e-07 0.171533 -2.57949e-06 8.12161e-07 0.171533 -2.57949e-06 8.12161e-07 0.171533 -2.57949e-06 8.12161e-07 0.171533 -2.57949e-06 8.12161e-07 0.171533 -2.57949e-06 8.12161e-07 0.171533 -2.57949e-06 8.12161e-07 0.171533 -2.57949e-06 8.12161e-07 0.171533 -2.57949e-06 8.12161e-07 0.171533 -2.57949e-06 8.12161e-07 0.171533 -2.57949e-06 8.12161e-07 0.171533 -2.57949e-06 8.12161e-07 0.171533 -2.57949e-06 8.12161e-07 0.171533 -2.57949e-06 8.12161e-07 0.171533 -2.57949e-06 8.12161e-07 0.171533 -2.57949e-06 8.12161e-07 0.171533 -2.57949e-06 8.12161e-07 0.171533 -2.57949e-06 8.12161e-07 0.171533 -2.57949e-06</float_array><technique_common><accessor source="#hpl_mixamorigwLeftArm-trans-array" count="40" stride="3" /></technique_common></source>
      <source id="hpl_mixamorigwLeftArm-rotz"><float_array id="hpl_mixamorigwLeftArm-rotz-array" count="40">45.7853 43.2372 39.743 36.1335 33.5055 32.4928 32.7848 33.741 33.4092 28.2694 19.0808 12.2256 8.66258 10.5565 19.4765 29.2855 36.2168 39.7067 44.8617 48.6411 52.4923 58.5199 64.291 64.5347 63.5294 62.8382 62.2217 61.5818 61.2779 61.4627 62.1363 63.511 65.5669 68.1785 71.082 73.9676 76.7311 79.107 80.8457 81.9386</float_array><technique_common><accessor source="#hpl_mixamorigwLeftArm-rotz-array" count="40" stride="1" /></technique_common></source>
      <source id="hpl_mixamorigwLeftArm-roty"><float_array id="hpl_mixamorigwLeftArm-roty-array" count="40">-13.087 -14.9573 -13.7604 -9.64432 -6.06804 -2.13902 2.29349 5.74556 6.20224 4.5699 1.7555 6.75887 20.4379 36.1225 46.4326 48.876 46.9659 41.0935 32.2656 24.7991 19.1204 17.9997 20.7283 20.6846 20.0193 21.2995 24.4479 27.7766 30.059 31.4748 32.4829 33.6269 35.3353 37.6049 40.1901 42.8038 45.2122 47.2065 48.6265 48.7822</float_array><technique_common><accessor source="#hpl_mixamorigwLeftArm-roty-array" count="40" stride="1" /></technique_common></source>
      <source id="hpl_mixamorigwLeftArm-rotx"><float_array id="hpl_mixamorigwLeftArm-rotx-array" count="40">-7.70731 -3.73698 4.2511 5.94469 6.89219 9.15444 10.3548 9.28076 7.13214 4.11488 1.94098 4.32987 9.34888 16.2166 28.3991 44.1393 58.9646 69.1278 71.5125 64.291 54.6899 43.8496 34.2078 28.4591 24.2331 21.3098 19.662 18.9602 19.2046 20.5375 22.8369 26.1815 30.3552 34.9134 39.4614 43.8916 48.2462 52.3505 55.7414 58.359</float_array><technique_common><accessor source="#hpl_mixamorigwLeftArm-rotx-array" count="40" stride="1" /></technique_common></source>
      <sampler id="hpl_mixamorigwLeftArm-trans-sampler"><input semantic="INPUT" source="#hpl_mixamorigwLeftArm-time" /><input semantic="OUTPUT" source="#hpl_mixamorigwLeftArm-trans" /></sampler><channel source="#hpl_mixamorigwLeftArm-trans-sampler" target="mixamorigwLeftArm/translate" />
      <sampler id="hpl_mixamorigwLeftArm-rotz-sampler"><input semantic="INPUT" source="#hpl_mixamorigwLeftArm-time" /><input semantic="OUTPUT" source="#hpl_mixamorigwLeftArm-rotz" /></sampler><channel source="#hpl_mixamorigwLeftArm-rotz-sampler" target="mixamorigwLeftArm/rotateZ.ANGLE" />
      <sampler id="hpl_mixamorigwLeftArm-roty-sampler"><input semantic="INPUT" source="#hpl_mixamorigwLeftArm-time" /><input semantic="OUTPUT" source="#hpl_mixamorigwLeftArm-roty" /></sampler><channel source="#hpl_mixamorigwLeftArm-roty-sampler" target="mixamorigwLeftArm/rotateY.ANGLE" />
      <sampler id="hpl_mixamorigwLeftArm-rotx-sampler"><input semantic="INPUT" source="#hpl_mixamorigwLeftArm-time" /><input semantic="OUTPUT" source="#hpl_mixamorigwLeftArm-rotx" /></sampler><channel source="#hpl_mixamorigwLeftArm-rotx-sampler" target="mixamorigwLeftArm/rotateX.ANGLE" />
    </animation>
    <animation id="hpl_mixamorigwLeftForeArm">
      <source id="hpl_mixamorigwLeftForeArm-time"><float_array id="hpl_mixamorigwLeftForeArm-time-array" count="40">0 1 2 3 4 5 6 7 8 9 10 11 12 13 14 15 16 17 18 19 20 21 22 23 24 25 26 27 28 29 30 31 32 33 34 35 36 37 38 39</float_array><technique_common><accessor source="#hpl_mixamorigwLeftForeArm-time-array" count="40" stride="1" /></technique_common></source>
      <source id="hpl_mixamorigwLeftForeArm-trans"><float_array id="hpl_mixamorigwLeftForeArm-trans-array" count="120">-8.37625e-07 0.261281 1.67558e-06 -8.37625e-07 0.261281 1.67558e-06 -8.37625e-07 0.261281 1.67558e-06 -8.37625e-07 0.261281 1.67558e-06 -8.37625e-07 0.261281 1.67558e-06 -8.37625e-07 0.261281 1.67558e-06 -8.37625e-07 0.261281 1.67558e-06 -8.37625e-07 0.261281 1.67558e-06 -8.37625e-07 0.261281 1.67558e-06 -8.37625e-07 0.261281 1.67558e-06 -8.37625e-07 0.261281 1.67558e-06 -8.37625e-07 0.261281 1.67558e-06 -8.37625e-07 0.261281 1.67558e-06 -8.37625e-07 0.261281 1.67558e-06 -8.37625e-07 0.261281 1.67558e-06 -8.37625e-07 0.261281 1.67558e-06 -8.37625e-07 0.261281 1.67558e-06 -8.37625e-07 0.261281 1.67558e-06 -8.37625e-07 0.261281 1.67558e-06 -8.37625e-07 0.261281 1.67558e-06 -8.37625e-07 0.261281 1.67558e-06 -8.37625e-07 0.261281 1.67558e-06 -8.37625e-07 0.261281 1.67558e-06 -8.37625e-07 0.261281 1.67558e-06 -8.37625e-07 0.261281 1.67558e-06 -8.37625e-07 0.261281 1.67558e-06 -8.37625e-07 0.261281 1.67558e-06 -8.37625e-07 0.261281 1.67558e-06 -8.37625e-07 0.261281 1.67558e-06 -8.37625e-07 0.261281 1.67558e-06 -8.37625e-07 0.261281 1.67558e-06 -8.37625e-07 0.261281 1.67558e-06 -8.37625e-07 0.261281 1.67558e-06 -8.37625e-07 0.261281 1.67558e-06 -8.37625e-07 0.261281 1.67558e-06 -8.37625e-07 0.261281 1.67558e-06 -8.37625e-07 0.261281 1.67558e-06 -8.37625e-07 0.261281 1.67558e-06 -8.37625e-07 0.261281 1.67558e-06 -8.37625e-07 0.261281 1.67558e-06</float_array><technique_common><accessor source="#hpl_mixamorigwLeftForeArm-trans-array" count="40" stride="3" /></technique_common></source>
      <source id="hpl_mixamorigwLeftForeArm-rotz"><float_array id="hpl_mixamorigwLeftForeArm-rotz-array" count="40">64.5911 74.0729 83.4185 87.7919 88.4344 84.8032 78.0584 70.8787 66.9379 69.1095 77.1702 85.8352 93.592 97.5479 96.9544 96.3417 96.4654 93.804 86.4471 74.3864 57.5258 38.15 21.2748 17.7819 20.2683 26.4118 34.4202 41.7667 47.3349 51.6131 54.9068 57.4966 59.4408 60.9348 62.0999 63.1561 63.9502 64.2395 63.6851 61.9209</float_array><technique_common><accessor source="#hpl_mixamorigwLeftForeArm-rotz-array" count="40" stride="1" /></technique_common></source>
      <source id="hpl_mixamorigwLeftForeArm-roty"><float_array id="hpl_mixamorigwLeftForeArm-roty-array" count="40">14.6643 23.8428 31.6683 35.0073 35.823 33.3315 26.4532 18.3908 13.0928 15.0553 23.9442 33.7662 43.6883 50.9025 53.503 53.7199 52.5321 50.1255 42.3039 25.4402 5.98247 -10.446 -18.7691 -20.0386 -19.4315 -17.4602 -13.98 -9.78274 -5.97462 -2.62058 0.25453 2.70777 4.78717 6.46261 7.77091 8.89007 9.77938 10.1476 9.60756 7.77382</float_array><technique_common><accessor source="#hpl_mixamorigwLeftForeArm-roty-array" count="40" stride="1" /></technique_common></source>
      <source id="hpl_mixamorigwLeftForeArm-rotx"><float_array id="hpl_mixamorigwLeftForeArm-rotx-array" count="40">-48.8721 -53.5768 -56.6467 -57.45 -56.2837 -54.5542 -52.6828 -50.586 -49.5866 -52.7628 -56.8426 -59.987 -59.4085 -55.6325 -53.9537 -54.2943 -54.8761 -56.1056 -57.8173 -56.0129 -48.9619 -35.0262 -18.5841 -14.347 -16.4362 -21.3838 -27.6741 -33.4589 -37.6106 -40.537 -42.5004 -44.0671 -45.3789 -46.4299 -47.2934 -47.8624 -48.2504 -48.3667 -48.0995 -47.0646</float_array><technique_common><accessor source="#hpl_mixamorigwLeftForeArm-rotx-array" count="40" stride="1" /></technique_common></source>
      <sampler id="hpl_mixamorigwLeftForeArm-trans-sampler"><input semantic="INPUT" source="#hpl_mixamorigwLeftForeArm-time" /><input semantic="OUTPUT" source="#hpl_mixamorigwLeftForeArm-trans" /></sampler><channel source="#hpl_mixamorigwLeftForeArm-trans-sampler" target="mixamorigwLeftForeArm/translate" />
      <sampler id="hpl_mixamorigwLeftForeArm-rotz-sampler"><input semantic="INPUT" source="#hpl_mixamorigwLeftForeArm-time" /><input semantic="OUTPUT" source="#hpl_mixamorigwLeftForeArm-rotz" /></sampler><channel source="#hpl_mixamorigwLeftForeArm-rotz-sampler" target="mixamorigwLeftForeArm/rotateZ.ANGLE" />
      <sampler id="hpl_mixamorigwLeftForeArm-roty-sampler"><input semantic="INPUT" source="#hpl_mixamorigwLeftForeArm-time" /><input semantic="OUTPUT" source="#hpl_mixamorigwLeftForeArm-roty" /></sampler><channel source="#hpl_mixamorigwLeftForeArm-roty-sampler" target="mixamorigwLeftForeArm/rotateY.ANGLE" />
      <sampler id="hpl_mixamorigwLeftForeArm-rotx-sampler"><input semantic="INPUT" source="#hpl_mixamorigwLeftForeArm-time" /><input semantic="OUTPUT" source="#hpl_mixamorigwLeftForeArm-rotx" /></sampler><channel source="#hpl_mixamorigwLeftForeArm-rotx-sampler" target="mixamorigwLeftForeArm/rotateX.ANGLE" />
    </animation>
    <animation id="hpl_mixamorigwLeftHand">
      <source id="hpl_mixamorigwLeftHand-time"><float_array id="hpl_mixamorigwLeftHand-time-array" count="40">0 1 2 3 4 5 6 7 8 9 10 11 12 13 14 15 16 17 18 19 20 21 22 23 24 25 26 27 28 29 30 31 32 33 34 35 36 37 38 39</float_array><technique_common><accessor source="#hpl_mixamorigwLeftHand-time-array" count="40" stride="1" /></technique_common></source>
      <source id="hpl_mixamorigwLeftHand-trans"><float_array id="hpl_mixamorigwLeftHand-trans-array" count="120">-1.37793e-06 0.258002 -5.75736e-06 -1.37793e-06 0.258002 -5.75736e-06 -1.37793e-06 0.258002 -5.75736e-06 -1.37793e-06 0.258002 -5.75736e-06 -1.37793e-06 0.258002 -5.75736e-06 -1.37793e-06 0.258002 -5.75736e-06 -1.37793e-06 0.258002 -5.75736e-06 -1.37793e-06 0.258002 -5.75736e-06 -1.37793e-06 0.258002 -5.75736e-06 -1.37793e-06 0.258002 -5.75736e-06 -1.37793e-06 0.258002 -5.75736e-06 -1.37793e-06 0.258002 -5.75736e-06 -1.37793e-06 0.258002 -5.75736e-06 -1.37793e-06 0.258002 -5.75736e-06 -1.37793e-06 0.258002 -5.75736e-06 -1.37793e-06 0.258002 -5.75736e-06 -1.37793e-06 0.258002 -5.75736e-06 -1.37793e-06 0.258002 -5.75736e-06 -1.37793e-06 0.258002 -5.75736e-06 -1.37793e-06 0.258002 -5.75736e-06 -1.37793e-06 0.258002 -5.75736e-06 -1.37793e-06 0.258002 -5.75736e-06 -1.37793e-06 0.258002 -5.75736e-06 -1.37793e-06 0.258002 -5.75736e-06 -1.37793e-06 0.258002 -5.75736e-06 -1.37793e-06 0.258002 -5.75736e-06 -1.37793e-06 0.258002 -5.75736e-06 -1.37793e-06 0.258002 -5.75736e-06 -1.37793e-06 0.258002 -5.75736e-06 -1.37793e-06 0.258002 -5.75736e-06 -1.37793e-06 0.258002 -5.75736e-06 -1.37793e-06 0.258002 -5.75736e-06 -1.37793e-06 0.258002 -5.75736e-06 -1.37793e-06 0.258002 -5.75736e-06 -1.37793e-06 0.258002 -5.75736e-06 -1.37793e-06 0.258002 -5.75736e-06 -1.37793e-06 0.258002 -5.75736e-06 -1.37793e-06 0.258002 -5.75736e-06 -1.37793e-06 0.258002 -5.75736e-06 -1.37793e-06 0.258002 -5.75736e-06</float_array><technique_common><accessor source="#hpl_mixamorigwLeftHand-trans-array" count="40" stride="3" /></technique_common></source>
      <source id="hpl_mixamorigwLeftHand-rotz"><float_array id="hpl_mixamorigwLeftHand-rotz-array" count="40">60.1739 55.1276 48.3672 43.0141 40.7204 40.8684 43.6308 47.1192 49.0067 48.9552 48.5816 48.4959 48.9811 49.7657 51.1402 53.856 55.3211 54.378 52.7812 53.2722 53.2474 52.7039 52.4176 53.2973 53.8082 53.4103 52.4731 51.4574 50.5573 49.7832 49.0999 48.4564 47.9126 47.6265 47.5594 47.6527 48.0123 48.5944 49.3225 50.0749</float_array><technique_common><accessor source="#hpl_mixamorigwLeftHand-rotz-array" count="40" stride="1" /></technique_common></source>
      <source id="hpl_mixamorigwLeftHand-roty"><float_array id="hpl_mixamorigwLeftHand-roty-array" count="40">-8.56062 -6.78424 -2.33056 0.200797 1.09634 1.59201 2.33328 3.6931 5.68786 7.78522 9.60221 10.5739 11.2977 9.84348 5.84265 1.28296 -2.00919 -1.93974 1.94616 8.38502 7.32297 0.995545 -4.96317 -7.12769 -6.59661 -4.74177 -2.43311 -0.0993337 2.15763 4.05695 5.48547 6.24814 6.24967 5.77331 5.08051 4.4035 3.78838 3.31446 2.97539 2.88507</float_array><technique_common><accessor source="#hpl_mixamorigwLeftHand-roty-array" count="40" stride="1" /></technique_common></source>
      <source id="hpl_mixamorigwLeftHand-rotx"><float_array id="hpl_mixamorigwLeftHand-rotx-array" count="40">-42.6665 -37.9559 -28.3844 -21.449 -18.1293 -17.5697 -18.2566 -17.6476 -13.6367 -8.47558 -7.56359 -6.63377 -3.69403 -0.619207 2.04579 4.56912 6.54823 8.37238 7.63688 2.25469 -4.46516 -8.75547 -7.03652 -9.55136 -12.3239 -12.4467 -10.2453 -7.12495 -4.3444 -2.20542 -0.837874 -0.154314 0.0955415 0.174596 0.184971 0.171398 0.121707 -0.157575 -0.583842 -0.754891</float_array><technique_common><accessor source="#hpl_mixamorigwLeftHand-rotx-array" count="40" stride="1" /></technique_common></source>
      <sampler id="hpl_mixamorigwLeftHand-trans-sampler"><input semantic="INPUT" source="#hpl_mixamorigwLeftHand-time" /><input semantic="OUTPUT" source="#hpl_mixamorigwLeftHand-trans" /></sampler><channel source="#hpl_mixamorigwLeftHand-trans-sampler" target="mixamorigwLeftHand/translate" />
      <sampler id="hpl_mixamorigwLeftHand-rotz-sampler"><input semantic="INPUT" source="#hpl_mixamorigwLeftHand-time" /><input semantic="OUTPUT" source="#hpl_mixamorigwLeftHand-rotz" /></sampler><channel source="#hpl_mixamorigwLeftHand-rotz-sampler" target="mixamorigwLeftHand/rotateZ.ANGLE" />
      <sampler id="hpl_mixamorigwLeftHand-roty-sampler"><input semantic="INPUT" source="#hpl_mixamorigwLeftHand-time" /><input semantic="OUTPUT" source="#hpl_mixamorigwLeftHand-roty" /></sampler><channel source="#hpl_mixamorigwLeftHand-roty-sampler" target="mixamorigwLeftHand/rotateY.ANGLE" />
      <sampler id="hpl_mixamorigwLeftHand-rotx-sampler"><input semantic="INPUT" source="#hpl_mixamorigwLeftHand-time" /><input semantic="OUTPUT" source="#hpl_mixamorigwLeftHand-rotx" /></sampler><channel source="#hpl_mixamorigwLeftHand-rotx-sampler" target="mixamorigwLeftHand/rotateX.ANGLE" />
    </animation>
    <animation id="hpl_mixamorigwRightShoulder">
      <source id="hpl_mixamorigwRightShoulder-time"><float_array id="hpl_mixamorigwRightShoulder-time-array" count="40">0 1 2 3 4 5 6 7 8 9 10 11 12 13 14 15 16 17 18 19 20 21 22 23 24 25 26 27 28 29 30 31 32 33 34 35 36 37 38 39</float_array><technique_common><accessor source="#hpl_mixamorigwRightShoulder-time-array" count="40" stride="1" /></technique_common></source>
      <source id="hpl_mixamorigwRightShoulder-trans"><float_array id="hpl_mixamorigwRightShoulder-trans-array" count="120">-0.0439173 0.0686331 -0.00410229 -0.0439173 0.0686331 -0.00410229 -0.0439173 0.0686331 -0.00410229 -0.0439173 0.0686331 -0.00410229 -0.0439173 0.0686331 -0.00410229 -0.0439173 0.0686331 -0.00410229 -0.0439173 0.0686331 -0.00410229 -0.0439173 0.0686331 -0.00410229 -0.0439173 0.0686331 -0.00410229 -0.0439173 0.0686331 -0.00410229 -0.0439173 0.0686331 -0.00410229 -0.0439173 0.0686331 -0.00410229 -0.0439173 0.0686331 -0.00410229 -0.0439173 0.0686331 -0.00410229 -0.0439173 0.0686331 -0.00410229 -0.0439173 0.0686331 -0.00410229 -0.0439173 0.0686331 -0.00410229 -0.0439173 0.0686331 -0.00410229 -0.0439173 0.0686331 -0.00410229 -0.0439173 0.0686331 -0.00410229 -0.0439173 0.0686331 -0.00410229 -0.0439173 0.0686331 -0.00410229 -0.0439173 0.0686331 -0.00410229 -0.0439173 0.0686331 -0.00410229 -0.0439173 0.0686331 -0.00410229 -0.0439173 0.0686331 -0.00410229 -0.0439173 0.0686331 -0.00410229 -0.0439173 0.0686331 -0.00410229 -0.0439173 0.0686331 -0.00410229 -0.0439173 0.0686331 -0.00410229 -0.0439173 0.0686331 -0.00410229 -0.0439173 0.0686331 -0.00410229 -0.0439173 0.0686331 -0.00410229 -0.0439173 0.0686331 -0.00410229 -0.0439173 0.0686331 -0.00410229 -0.0439173 0.0686331 -0.00410229 -0.0439173 0.0686331 -0.00410229 -0.0439173 0.0686331 -0.00410229 -0.0439173 0.0686331 -0.00410229 -0.0439173 0.0686331 -0.00410229</float_array><technique_common><accessor source="#hpl_mixamorigwRightShoulder-trans-array" count="40" stride="3" /></technique_common></source>
      <source id="hpl_mixamorigwRightShoulder-rotz"><float_array id="hpl_mixamorigwRightShoulder-rotz-array" count="40">-12.9934 -8.96705 -13.6153 -22.7348 -46.6799 -59.0411 -52.7197 -46.525 -46.2189 -49.8679 -56.1177 -69.8421 -93.813 -117.068 -127.965 -129.636 -127.515 -124.194 -121.05 -111.267 -100.536 -86.3549 -74.0073 -65.32 -60.5816 -59.1843 -60.2751 -63.1145 -67.0027 -71.5874 -76.2495 -81.2274 -86.6411 -92.1436 -97.0293 -100.989 -103.947 -106.006 -107.353 -108.177</float_array><technique_common><accessor source="#hpl_mixamorigwRightShoulder-rotz-array" count="40" stride="1" /></technique_common></source>
      <source id="hpl_mixamorigwRightShoulder-roty"><float_array id="hpl_mixamorigwRightShoulder-roty-array" count="40">-77.7625 -79.229 -81.2257 -83.0985 -84.0009 -83.2566 -82.1466 -80.4476 -79.1246 -78.0921 -77.2682 -77.945 -78.2863 -76.6184 -73.2856 -69.3084 -66.1095 -65.5867 -65.6687 -65.8918 -68.3946 -70.643 -71.7322 -71.882 -71.7992 -72.0893 -72.6014 -73.1075 -73.5584 -73.8698 -74.2004 -74.5658 -74.8114 -74.8117 -74.452 -73.8489 -73.09 -72.2846 -71.4538 -70.6442</float_array><technique_common><accessor source="#hpl_mixamorigwRightShoulder-roty-array" count="40" stride="1" /></technique_common></source>
      <source id="hpl_mixamorigwRightShoulder-rotx"><float_array id="hpl_mixamorigwRightShoulder-rotx-array" count="40">85.0513 75.528 76.7196 88.177 115.308 129.576 124.175 117.465 115.672 119.251 127.213 141.116 162.855 182.382 190.987 194.379 196.76 199.535 204.741 202.311 195.444 183.114 171.431 163.073 158.387 156.756 157.349 159.566 162.847 166.882 171.173 175.871 181.127 186.567 191.575 196.051 199.975 203.497 206.732 209.434</float_array><technique_common><accessor source="#hpl_mixamorigwRightShoulder-rotx-array" count="40" stride="1" /></technique_common></source>
      <sampler id="hpl_mixamorigwRightShoulder-trans-sampler"><input semantic="INPUT" source="#hpl_mixamorigwRightShoulder-time" /><input semantic="OUTPUT" source="#hpl_mixamorigwRightShoulder-trans" /></sampler><channel source="#hpl_mixamorigwRightShoulder-trans-sampler" target="mixamorigwRightShoulder/translate" />
      <sampler id="hpl_mixamorigwRightShoulder-rotz-sampler"><input semantic="INPUT" source="#hpl_mixamorigwRightShoulder-time" /><input semantic="OUTPUT" source="#hpl_mixamorigwRightShoulder-rotz" /></sampler><channel source="#hpl_mixamorigwRightShoulder-rotz-sampler" target="mixamorigwRightShoulder/rotateZ.ANGLE" />
      <sampler id="hpl_mixamorigwRightShoulder-roty-sampler"><input semantic="INPUT" source="#hpl_mixamorigwRightShoulder-time" /><input semantic="OUTPUT" source="#hpl_mixamorigwRightShoulder-roty" /></sampler><channel source="#hpl_mixamorigwRightShoulder-roty-sampler" target="mixamorigwRightShoulder/rotateY.ANGLE" />
      <sampler id="hpl_mixamorigwRightShoulder-rotx-sampler"><input semantic="INPUT" source="#hpl_mixamorigwRightShoulder-time" /><input semantic="OUTPUT" source="#hpl_mixamorigwRightShoulder-rotx" /></sampler><channel source="#hpl_mixamorigwRightShoulder-rotx-sampler" target="mixamorigwRightShoulder/rotateX.ANGLE" />
    </animation>
    <animation id="hpl_mixamorigwRightArm">
      <source id="hpl_mixamorigwRightArm-time"><float_array id="hpl_mixamorigwRightArm-time-array" count="40">0 1 2 3 4 5 6 7 8 9 10 11 12 13 14 15 16 17 18 19 20 21 22 23 24 25 26 27 28 29 30 31 32 33 34 35 36 37 38 39</float_array><technique_common><accessor source="#hpl_mixamorigwRightArm-time-array" count="40" stride="1" /></technique_common></source>
      <source id="hpl_mixamorigwRightArm-trans"><float_array id="hpl_mixamorigwRightArm-trans-array" count="120">-5.30068e-07 0.177733 9.96871e-07 -5.30068e-07 0.177733 9.96871e-07 -5.30068e-07 0.177733 9.96871e-07 -5.30068e-07 0.177733 9.96871e-07 -5.30068e-07 0.177733 9.96871e-07 -5.30068e-07 0.177733 9.96871e-07 -5.30068e-07 0.177733 9.96871e-07 -5.30068e-07 0.177733 9.96871e-07 -5.30068e-07 0.177733 9.96871e-07 -5.30068e-07 0.177733 9.96871e-07 -5.30068e-07 0.177733 9.96871e-07 -5.30068e-07 0.177733 9.96871e-07 -5.30068e-07 0.177733 9.96871e-07 -5.30068e-07 0.177733 9.96871e-07 -5.30068e-07 0.177733 9.96871e-07 -5.30068e-07 0.177733 9.96871e-07 -5.30068e-07 0.177733 9.96871e-07 -5.30068e-07 0.177733 9.96871e-07 -5.30068e-07 0.177733 9.96871e-07 -5.30068e-07 0.177733 9.96871e-07 -5.30068e-07 0.177733 9.96871e-07 -5.30068e-07 0.177733 9.96871e-07 -5.30068e-07 0.177733 9.96871e-07 -5.30068e-07 0.177733 9.96871e-07 -5.30068e-07 0.177733 9.96871e-07 -5.30068e-07 0.177733 9.96871e-07 -5.30068e-07 0.177733 9.96871e-07 -5.30068e-07 0.177733 9.96871e-07 -5.30068e-07 0.177733 9.96871e-07 -5.30068e-07 0.177733 9.96871e-07 -5.30068e-07 0.177733 9.96871e-07 -5.30068e-07 0.177733 9.96871e-07 -5.30068e-07 0.177733 9.96871e-07 -5.30068e-07 0.177733 9.96871e-07 -5.30068e-07 0.177733 9.96871e-07 -5.30068e-07 0.177733 9.96871e-07 -5.30068e-07 0.177733 9.96871e-07 -5.30068e-07 0.177733 9.96871e-07 -5.30068e-07 0.177733 9.96871e-07 -5.30068e-07 0.177733 9.96871e-07</float_array><technique_common><accessor source="#hpl_mixamorigwRightArm-trans-array" count="40" stride="3" /></technique_common></source>
      <source id="hpl_mixamorigwRightArm-rotz"><float_array id="hpl_mixamorigwRightArm-rotz-array" count="40">-65.5926 -64.2714 -63.4975 -62.08 -59.8385 -55.855 -51.0467 -46.0378 -40.3854 -31.6882 -20.2666 -12.889 -9.92321 -13.3023 -25.933 -43.8668 -57.9345 -63.6138 -63.0256 -62.012 -63.244 -65.83 -69.9853 -71.2335 -69.6066 -67.4982 -65.9702 -65.3447 -65.768 -67.0871 -69.1832 -71.9651 -75.2311 -78.7144 -82.0561 -85.1899 -88.0551 -90.2673 -91.1644 -90.8333</float_array><technique_common><accessor source="#hpl_mixamorigwRightArm-rotz-array" count="40" stride="1" /></technique_common></source>
      <source id="hpl_mixamorigwRightArm-roty"><float_array id="hpl_mixamorigwRightArm-roty-array" count="40">11.1241 16.5321 19.0829 15.379 10.8972 5.1259 -2.81482 -8.80381 -11.7982 -13.6932 -13.9193 -19.4819 -31.8564 -46.968 -58.8044 -63.0973 -61.1949 -56.6271 -48.27 -35.663 -24.9084 -20.5512 -23.9298 -29.1765 -32.537 -34.562 -36.1333 -37.6583 -39.182 -40.5132 -41.5558 -42.0871 -42.1177 -41.9066 -41.8523 -42.0721 -42.3813 -42.4963 -42.349 -41.744</float_array><technique_common><accessor source="#hpl_mixamorigwRightArm-roty-array" count="40" stride="1" /></technique_common></source>
      <source id="hpl_mixamorigwRightArm-rotx"><float_array id="hpl_mixamorigwRightArm-rotx-array" count="40">-2.49541 -0.0716907 8.97508 13.9306 15.9052 16.4312 14.3069 10.3488 5.79729 0.245384 -3.57072 -2.16263 2.18356 10.0233 26.5974 48.9922 66.8941 74.9217 73.6864 68.5014 62.2394 54.8003 48.1799 42.3817 37.2915 34.0232 32.6066 32.5445 33.5076 35.4089 38.3212 42.1755 46.8352 51.8064 56.5001 60.9395 65.3772 69.6871 73.2196 75.7696</float_array><technique_common><accessor source="#hpl_mixamorigwRightArm-rotx-array" count="40" stride="1" /></technique_common></source>
      <sampler id="hpl_mixamorigwRightArm-trans-sampler"><input semantic="INPUT" source="#hpl_mixamorigwRightArm-time" /><input semantic="OUTPUT" source="#hpl_mixamorigwRightArm-trans" /></sampler><channel source="#hpl_mixamorigwRightArm-trans-sampler" target="mixamorigwRightArm/translate" />
      <sampler id="hpl_mixamorigwRightArm-rotz-sampler"><input semantic="INPUT" source="#hpl_mixamorigwRightArm-time" /><input semantic="OUTPUT" source="#hpl_mixamorigwRightArm-rotz" /></sampler><channel source="#hpl_mixamorigwRightArm-rotz-sampler" target="mixamorigwRightArm/rotateZ.ANGLE" />
      <sampler id="hpl_mixamorigwRightArm-roty-sampler"><input semantic="INPUT" source="#hpl_mixamorigwRightArm-time" /><input semantic="OUTPUT" source="#hpl_mixamorigwRightArm-roty" /></sampler><channel source="#hpl_mixamorigwRightArm-roty-sampler" target="mixamorigwRightArm/rotateY.ANGLE" />
      <sampler id="hpl_mixamorigwRightArm-rotx-sampler"><input semantic="INPUT" source="#hpl_mixamorigwRightArm-time" /><input semantic="OUTPUT" source="#hpl_mixamorigwRightArm-rotx" /></sampler><channel source="#hpl_mixamorigwRightArm-rotx-sampler" target="mixamorigwRightArm/rotateX.ANGLE" />
    </animation>
    <animation id="hpl_mixamorigwRightForeArm">
      <source id="hpl_mixamorigwRightForeArm-time"><float_array id="hpl_mixamorigwRightForeArm-time-array" count="40">0 1 2 3 4 5 6 7 8 9 10 11 12 13 14 15 16 17 18 19 20 21 22 23 24 25 26 27 28 29 30 31 32 33 34 35 36 37 38 39</float_array><technique_common><accessor source="#hpl_mixamorigwRightForeArm-time-array" count="40" stride="1" /></technique_common></source>
      <source id="hpl_mixamorigwRightForeArm-trans"><float_array id="hpl_mixamorigwRightForeArm-trans-array" count="120">-7.81035e-07 0.24803 -3.7329e-06 -7.81035e-07 0.24803 -3.7329e-06 -7.81035e-07 0.24803 -3.7329e-06 -7.81035e-07 0.24803 -3.7329e-06 -7.81035e-07 0.24803 -3.7329e-06 -7.81035e-07 0.24803 -3.7329e-06 -7.81035e-07 0.24803 -3.7329e-06 -7.81035e-07 0.24803 -3.7329e-06 -7.81035e-07 0.24803 -3.7329e-06 -7.81035e-07 0.24803 -3.7329e-06 -7.81035e-07 0.24803 -3.7329e-06 -7.81035e-07 0.24803 -3.7329e-06 -7.81035e-07 0.24803 -3.7329e-06 -7.81035e-07 0.24803 -3.7329e-06 -7.81035e-07 0.24803 -3.7329e-06 -7.81035e-07 0.24803 -3.7329e-06 -7.81035e-07 0.24803 -3.7329e-06 -7.81035e-07 0.24803 -3.7329e-06 -7.81035e-07 0.24803 -3.7329e-06 -7.81035e-07 0.24803 -3.7329e-06 -7.81035e-07 0.24803 -3.7329e-06 -7.81035e-07 0.24803 -3.7329e-06 -7.81035e-07 0.24803 -3.7329e-06 -7.81035e-07 0.24803 -3.7329e-06 -7.81035e-07 0.24803 -3.7329e-06 -7.81035e-07 0.24803 -3.7329e-06 -7.81035e-07 0.24803 -3.7329e-06 -7.81035e-07 0.24803 -3.7329e-06 -7.81035e-07 0.24803 -3.7329e-06 -7.81035e-07 0.24803 -3.7329e-06 -7.81035e-07 0.24803 -3.7329e-06 -7.81035e-07 0.24803 -3.7329e-06 -7.81035e-07 0.24803 -3.7329e-06 -7.81035e-07 0.24803 -3.7329e-06 -7.81035e-07 0.24803 -3.7329e-06 -7.81035e-07 0.24803 -3.7329e-06 -7.81035e-07 0.24803 -3.7329e-06 -7.81035e-07 0.24803 -3.7329e-06 -7.81035e-07 0.24803 -3.7329e-06 -7.81035e-07 0.24803 -3.7329e-06</float_array><technique_common><accessor source="#hpl_mixamorigwRightForeArm-trans-array" count="40" stride="3" /></technique_common></source>
      <source id="hpl_mixamorigwRightForeArm-rotz"><float_array id="hpl_mixamorigwRightForeArm-rotz-array" count="40">-57.9808 -62.2815 -66.0453 -67.2887 -68.6309 -68.477 -65.3902 -60.6749 -56.602 -57.3324 -65.2404 -75.6505 -84.109 -89.0803 -93.2086 -96.4257 -95.8183 -92.1457 -84.703 -72.9371 -59.8789 -49.6419 -45.2943 -46.8325 -50.3061 -54.1959 -57.8124 -60.7492 -62.7434 -64.1318 -64.9771 -65.411 -65.3572 -64.749 -63.6431 -62.1376 -60.1698 -57.6399 -54.7171 -51.1889</float_array><technique_common><accessor source="#hpl_mixamorigwRightForeArm-rotz-array" count="40" stride="1" /></technique_common></source>
      <source id="hpl_mixamorigwRightForeArm-roty"><float_array id="hpl_mixamorigwRightForeArm-roty-array" count="40">-2.02239 -7.44381 -13.1688 -17.0811 -19.0643 -18.6659 -14.4758 -8.10012 -2.58173 -2.22359 -9.41999 -18.9516 -30.2166 -40.1612 -46.1036 -48.6091 -48.6193 -46.5747 -39.647 -24.4015 -7.53838 4.35961 9.30373 8.68013 6.17978 2.95797 -0.601753 -3.72195 -5.85673 -7.23017 -8.08711 -8.44735 -8.22303 -7.47599 -6.34457 -4.89418 -2.94419 -0.558114 2.20995 5.45056</float_array><technique_common><accessor source="#hpl_mixamorigwRightForeArm-roty-array" count="40" stride="1" /></technique_common></source>
      <source id="hpl_mixamorigwRightForeArm-rotx"><float_array id="hpl_mixamorigwRightForeArm-rotx-array" count="40">-49.5482 -53.6678 -56.492 -56.8927 -56.2155 -55.5115 -55.0917 -53.3798 -50.0232 -47.9774 -49.8228 -53.6964 -56.7565 -59.1252 -59.9813 -59.1618 -58.3764 -57.6577 -56.8752 -54.8745 -50.2258 -44.0991 -40.3196 -40.4648 -42.1514 -44.3676 -46.6384 -48.3814 -49.358 -49.847 -50.0166 -49.951 -49.6652 -49.1976 -48.734 -48.1551 -47.3504 -46.2554 -44.7593 -42.6298</float_array><technique_common><accessor source="#hpl_mixamorigwRightForeArm-rotx-array" count="40" stride="1" /></technique_common></source>
      <sampler id="hpl_mixamorigwRightForeArm-trans-sampler"><input semantic="INPUT" source="#hpl_mixamorigwRightForeArm-time" /><input semantic="OUTPUT" source="#hpl_mixamorigwRightForeArm-trans" /></sampler><channel source="#hpl_mixamorigwRightForeArm-trans-sampler" target="mixamorigwRightForeArm/translate" />
      <sampler id="hpl_mixamorigwRightForeArm-rotz-sampler"><input semantic="INPUT" source="#hpl_mixamorigwRightForeArm-time" /><input semantic="OUTPUT" source="#hpl_mixamorigwRightForeArm-rotz" /></sampler><channel source="#hpl_mixamorigwRightForeArm-rotz-sampler" target="mixamorigwRightForeArm/rotateZ.ANGLE" />
      <sampler id="hpl_mixamorigwRightForeArm-roty-sampler"><input semantic="INPUT" source="#hpl_mixamorigwRightForeArm-time" /><input semantic="OUTPUT" source="#hpl_mixamorigwRightForeArm-roty" /></sampler><channel source="#hpl_mixamorigwRightForeArm-roty-sampler" target="mixamorigwRightForeArm/rotateY.ANGLE" />
      <sampler id="hpl_mixamorigwRightForeArm-rotx-sampler"><input semantic="INPUT" source="#hpl_mixamorigwRightForeArm-time" /><input semantic="OUTPUT" source="#hpl_mixamorigwRightForeArm-rotx" /></sampler><channel source="#hpl_mixamorigwRightForeArm-rotx-sampler" target="mixamorigwRightForeArm/rotateX.ANGLE" />
    </animation>
    <animation id="hpl_mixamorigwRightHand">
      <source id="hpl_mixamorigwRightHand-time"><float_array id="hpl_mixamorigwRightHand-time-array" count="40">0 1 2 3 4 5 6 7 8 9 10 11 12 13 14 15 16 17 18 19 20 21 22 23 24 25 26 27 28 29 30 31 32 33 34 35 36 37 38 39</float_array><technique_common><accessor source="#hpl_mixamorigwRightHand-time-array" count="40" stride="1" /></technique_common></source>
      <source id="hpl_mixamorigwRightHand-trans"><float_array id="hpl_mixamorigwRightHand-trans-array" count="120">-6.22625e-07 0.252615 3.75699e-06 -6.22625e-07 0.252615 3.75699e-06 -6.22625e-07 0.252615 3.75699e-06 -6.22625e-07 0.252615 3.75699e-06 -6.22625e-07 0.252615 3.75699e-06 -6.22625e-07 0.252615 3.75699e-06 -6.22625e-07 0.252615 3.75699e-06 -6.22625e-07 0.252615 3.75699e-06 -6.22625e-07 0.252615 3.75699e-06 -6.22625e-07 0.252615 3.75699e-06 -6.22625e-07 0.252615 3.75699e-06 -6.22625e-07 0.252615 3.75699e-06 -6.22625e-07 0.252615 3.75699e-06 -6.22625e-07 0.252615 3.75699e-06 -6.22625e-07 0.252615 3.75699e-06 -6.22625e-07 0.252615 3.75699e-06 -6.22625e-07 0.252615 3.75699e-06 -6.22625e-07 0.252615 3.75699e-06 -6.22625e-07 0.252615 3.75699e-06 -6.22625e-07 0.252615 3.75699e-06 -6.22625e-07 0.252615 3.75699e-06 -6.22625e-07 0.252615 3.75699e-06 -6.22625e-07 0.252615 3.75699e-06 -6.22625e-07 0.252615 3.75699e-06 -6.22625e-07 0.252615 3.75699e-06 -6.22625e-07 0.252615 3.75699e-06 -6.22625e-07 0.252615 3.75699e-06 -6.22625e-07 0.252615 3.75699e-06 -6.22625e-07 0.252615 3.75699e-06 -6.22625e-07 0.252615 3.75699e-06 -6.22625e-07 0.252615 3.75699e-06 -6.22625e-07 0.252615 3.75699e-06 -6.22625e-07 0.252615 3.75699e-06 -6.22625e-07 0.252615 3.75699e-06 -6.22625e-07 0.252615 3.75699e-06 -6.22625e-07 0.252615 3.75699e-06 -6.22625e-07 0.252615 3.75699e-06 -6.22625e-07 0.252615 3.75699e-06 -6.22625e-07 0.252615 3.75699e-06 -6.22625e-07 0.252615 3.75699e-06</float_array><technique_common><accessor source="#hpl_mixamorigwRightHand-trans-array" count="40" stride="3" /></technique_common></source>
      <source id="hpl_mixamorigwRightHand-rotz"><float_array id="hpl_mixamorigwRightHand-rotz-array" count="40">-50.6985 -50.8212 -49.8653 -47.5172 -45.406 -44.8254 -46.0199 -47.3451 -46.8924 -44.2765 -43.0825 -45 -50.5426 -55.6163 -54.0659 -49.6498 -45.9426 -42.8218 -41.3836 -41.1423 -41.9127 -44.2572 -45.7916 -47.2201 -48.4744 -49.5967 -50.551 -50.9963 -51.0155 -50.8629 -50.6043 -50.1391 -49.5434 -48.9905 -48.7301 -48.73 -48.95 -49.2185 -49.303 -49.2084</float_array><technique_common><accessor source="#hpl_mixamorigwRightHand-rotz-array" count="40" stride="1" /></technique_common></source>
      <source id="hpl_mixamorigwRightHand-roty"><float_array id="hpl_mixamorigwRightHand-roty-array" count="40">-0.0718658 0.131537 1.5131 4.07837 4.01416 2.31789 -0.143026 -3.15088 -5.89825 -7.25836 -10.0112 -15.4427 -17.8698 -10.8332 -1.79193 1.78223 1.34493 -0.428779 -3.93298 -11.5915 -12.9375 -10.7015 -9.10363 -9.17177 -9.5793 -9.61359 -8.94737 -7.75487 -6.40599 -5.12841 -4.05341 -3.35396 -3.10833 -3.22284 -3.40773 -3.48207 -3.33873 -2.73701 -1.50222 0.0095311</float_array><technique_common><accessor source="#hpl_mixamorigwRightHand-roty-array" count="40" stride="1" /></technique_common></source>
      <source id="hpl_mixamorigwRightHand-rotx"><float_array id="hpl_mixamorigwRightHand-rotx-array" count="40">-27.0725 -29.5782 -27.7055 -22.8299 -15.4491 -6.37473 2.46671 5.23768 3.37779 1.3528 0.332539 1.75662 8.56592 17.16 24.0641 27.8364 26.2651 22.628 16.9222 7.34484 -2.9546 -8.07853 -7.57917 -4.93103 -3.07828 -1.38613 0.286141 2.14317 4.30579 6.64843 8.89723 11.0601 13.1019 15.0143 16.7494 18.2607 19.5435 20.4396 20.6136 20.1061</float_array><technique_common><accessor source="#hpl_mixamorigwRightHand-rotx-array" count="40" stride="1" /></technique_common></source>
      <sampler id="hpl_mixamorigwRightHand-trans-sampler"><input semantic="INPUT" source="#hpl_mixamorigwRightHand-time" /><input semantic="OUTPUT" source="#hpl_mixamorigwRightHand-trans" /></sampler><channel source="#hpl_mixamorigwRightHand-trans-sampler" target="mixamorigwRightHand/translate" />
      <sampler id="hpl_mixamorigwRightHand-rotz-sampler"><input semantic="INPUT" source="#hpl_mixamorigwRightHand-time" /><input semantic="OUTPUT" source="#hpl_mixamorigwRightHand-rotz" /></sampler><channel source="#hpl_mixamorigwRightHand-rotz-sampler" target="mixamorigwRightHand/rotateZ.ANGLE" />
      <sampler id="hpl_mixamorigwRightHand-roty-sampler"><input semantic="INPUT" source="#hpl_mixamorigwRightHand-time" /><input semantic="OUTPUT" source="#hpl_mixamorigwRightHand-roty" /></sampler><channel source="#hpl_mixamorigwRightHand-roty-sampler" target="mixamorigwRightHand/rotateY.ANGLE" />
      <sampler id="hpl_mixamorigwRightHand-rotx-sampler"><input semantic="INPUT" source="#hpl_mixamorigwRightHand-time" /><input semantic="OUTPUT" source="#hpl_mixamorigwRightHand-rotx" /></sampler><channel source="#hpl_mixamorigwRightHand-rotx-sampler" target="mixamorigwRightHand/rotateX.ANGLE" />
    </animation>
    <animation id="hpl_mixamorigwNeck">
      <source id="hpl_mixamorigwNeck-time"><float_array id="hpl_mixamorigwNeck-time-array" count="40">0 1 2 3 4 5 6 7 8 9 10 11 12 13 14 15 16 17 18 19 20 21 22 23 24 25 26 27 28 29 30 31 32 33 34 35 36 37 38 39</float_array><technique_common><accessor source="#hpl_mixamorigwNeck-time-array" count="40" stride="1" /></technique_common></source>
      <source id="hpl_mixamorigwNeck-trans"><float_array id="hpl_mixamorigwNeck-trans-array" count="120">0.000724295 0.106171 0.00808451 0.000724295 0.106171 0.00808451 0.000724295 0.106171 0.00808451 0.000724295 0.106171 0.00808451 0.000724295 0.106171 0.00808451 0.000724295 0.106171 0.00808451 0.000724295 0.106171 0.00808451 0.000724295 0.106171 0.00808451 0.000724295 0.106171 0.00808451 0.000724295 0.106171 0.00808451 0.000724295 0.106171 0.00808451 0.000724295 0.106171 0.00808451 0.000724295 0.106171 0.00808451 0.000724295 0.106171 0.00808451 0.000724295 0.106171 0.00808451 0.000724295 0.106171 0.00808451 0.000724295 0.106171 0.00808451 0.000724295 0.106171 0.00808451 0.000724295 0.106171 0.00808451 0.000724295 0.106171 0.00808451 0.000724295 0.106171 0.00808451 0.000724295 0.106171 0.00808451 0.000724295 0.106171 0.00808451 0.000724295 0.106171 0.00808451 0.000724295 0.106171 0.00808451 0.000724295 0.106171 0.00808451 0.000724295 0.106171 0.00808451 0.000724295 0.106171 0.00808451 0.000724295 0.106171 0.00808451 0.000724295 0.106171 0.00808451 0.000724295 0.106171 0.00808451 0.000724295 0.106171 0.00808451 0.000724295 0.106171 0.00808451 0.000724295 0.106171 0.00808451 0.000724295 0.106171 0.00808451 0.000724295 0.106171 0.00808451 0.000724295 0.106171 0.00808451 0.000724295 0.106171 0.00808451 0.000724295 0.106171 0.00808451 0.000724295 0.106171 0.00808451</float_array><technique_common><accessor source="#hpl_mixamorigwNeck-trans-array" count="40" stride="3" /></technique_common></source>
      <source id="hpl_mixamorigwNeck-rotz"><float_array id="hpl_mixamorigwNeck-rotz-array" count="40">-0.717226 -2.02031 -3.2895 -4.27892 -4.75666 -4.88078 -4.55909 -4.23227 -4.07559 -3.18072 -1.92579 -1.60133 -1.52008 -1.39316 -1.01296 -0.7432 -0.474574 -0.986974 0.134237 0.389486 -0.476174 -1.03983 -1.23167 -1.16105 -1.02812 -0.895331 -0.714983 -0.502706 -0.289723 0.00144064 0.436955 0.916006 1.33186 1.56282 1.59086 1.52918 1.47056 1.46604 1.50485 1.52973</float_array><technique_common><accessor source="#hpl_mixamorigwNeck-rotz-array" count="40" stride="1" /></technique_common></source>
      <source id="hpl_mixamorigwNeck-roty"><float_array id="hpl_mixamorigwNeck-roty-array" count="40">3.80412 4.24618 5.23619 5.76787 5.65606 5.4391 5.1922 5.0775 4.86786 4.49596 3.65712 3.01813 2.59632 2.60917 2.9631 3.01993 2.32251 2.74089 2.39688 2.8989 3.46192 3.44362 3.209 2.97922 2.89769 2.86631 2.79528 2.68841 2.59943 2.54704 2.5087 2.44379 2.3604 2.29719 2.3283 2.39749 2.46785 2.52912 2.51243 2.5063</float_array><technique_common><accessor source="#hpl_mixamorigwNeck-roty-array" count="40" stride="1" /></technique_common></source>
      <source id="hpl_mixamorigwNeck-rotx"><float_array id="hpl_mixamorigwNeck-rotx-array" count="40">17.5094 21.5301 28.8817 33.5261 34.9117 34.5603 34.1467 34.8687 36.0082 35.6494 33.6786 32.7068 33.9016 37.09 41.0385 43.2404 41.7036 36.4034 28.0822 20.9758 15.9538 11.8731 8.7896 6.37525 4.91952 4.7056 5.35507 6.37105 7.5142 8.71005 9.89067 11.0749 12.3704 13.7768 15.0974 16.2715 17.3266 18.236 18.8712 19.2181</float_array><technique_common><accessor source="#hpl_mixamorigwNeck-rotx-array" count="40" stride="1" /></technique_common></source>
      <sampler id="hpl_mixamorigwNeck-trans-sampler"><input semantic="INPUT" source="#hpl_mixamorigwNeck-time" /><input semantic="OUTPUT" source="#hpl_mixamorigwNeck-trans" /></sampler><channel source="#hpl_mixamorigwNeck-trans-sampler" target="mixamorigwNeck/translate" />
      <sampler id="hpl_mixamorigwNeck-rotz-sampler"><input semantic="INPUT" source="#hpl_mixamorigwNeck-time" /><input semantic="OUTPUT" source="#hpl_mixamorigwNeck-rotz" /></sampler><channel source="#hpl_mixamorigwNeck-rotz-sampler" target="mixamorigwNeck/rotateZ.ANGLE" />
      <sampler id="hpl_mixamorigwNeck-roty-sampler"><input semantic="INPUT" source="#hpl_mixamorigwNeck-time" /><input semantic="OUTPUT" source="#hpl_mixamorigwNeck-roty" /></sampler><channel source="#hpl_mixamorigwNeck-roty-sampler" target="mixamorigwNeck/rotateY.ANGLE" />
      <sampler id="hpl_mixamorigwNeck-rotx-sampler"><input semantic="INPUT" source="#hpl_mixamorigwNeck-time" /><input semantic="OUTPUT" source="#hpl_mixamorigwNeck-rotx" /></sampler><channel source="#hpl_mixamorigwNeck-rotx-sampler" target="mixamorigwNeck/rotateX.ANGLE" />
    </animation>
    <animation id="hpl_mixamorigwHead">
      <source id="hpl_mixamorigwHead-time"><float_array id="hpl_mixamorigwHead-time-array" count="40">0 1 2 3 4 5 6 7 8 9 10 11 12 13 14 15 16 17 18 19 20 21 22 23 24 25 26 27 28 29 30 31 32 33 34 35 36 37 38 39</float_array><technique_common><accessor source="#hpl_mixamorigwHead-time-array" count="40" stride="1" /></technique_common></source>
      <source id="hpl_mixamorigwHead-trans"><float_array id="hpl_mixamorigwHead-trans-array" count="120">9.58763e-11 0.0721613 -2.26339e-07 9.58763e-11 0.0721613 -2.26339e-07 9.58763e-11 0.0721613 -2.26339e-07 9.58763e-11 0.0721613 -2.26339e-07 9.58763e-11 0.0721613 -2.26339e-07 9.58763e-11 0.0721613 -2.26339e-07 9.58763e-11 0.0721613 -2.26339e-07 9.58763e-11 0.0721613 -2.26339e-07 9.58763e-11 0.0721613 -2.26339e-07 9.58763e-11 0.0721613 -2.26339e-07 9.58763e-11 0.0721613 -2.26339e-07 9.58763e-11 0.0721613 -2.26339e-07 9.58763e-11 0.0721613 -2.26339e-07 9.58763e-11 0.0721613 -2.26339e-07 9.58763e-11 0.0721613 -2.26339e-07 9.58763e-11 0.0721613 -2.26339e-07 9.58763e-11 0.0721613 -2.26339e-07 9.58763e-11 0.0721613 -2.26339e-07 9.58763e-11 0.0721613 -2.26339e-07 9.58763e-11 0.0721613 -2.26339e-07 9.58763e-11 0.0721613 -2.26339e-07 9.58763e-11 0.0721613 -2.26339e-07 9.58763e-11 0.0721613 -2.26339e-07 9.58763e-11 0.0721613 -2.26339e-07 9.58763e-11 0.0721613 -2.26339e-07 9.58763e-11 0.0721613 -2.26339e-07 9.58763e-11 0.0721613 -2.26339e-07 9.58763e-11 0.0721613 -2.26339e-07 9.58763e-11 0.0721613 -2.26339e-07 9.58763e-11 0.0721613 -2.26339e-07 9.58763e-11 0.0721613 -2.26339e-07 9.58763e-11 0.0721613 -2.26339e-07 9.58763e-11 0.0721613 -2.26339e-07 9.58763e-11 0.0721613 -2.26339e-07 9.58763e-11 0.0721613 -2.26339e-07 9.58763e-11 0.0721613 -2.26339e-07 9.58763e-11 0.0721613 -2.26339e-07 9.58763e-11 0.0721613 -2.26339e-07 9.58763e-11 0.0721613 -2.26339e-07 9.58763e-11 0.0721613 -2.26339e-07</float_array><technique_common><accessor source="#hpl_mixamorigwHead-trans-array" count="40" stride="3" /></technique_common></source>
      <source id="hpl_mixamorigwHead-rotz"><float_array id="hpl_mixamorigwHead-rotz-array" count="40">-1.00657 -1.12639 -0.346812 0.403962 0.853852 1.89658 2.99506 3.54889 3.49922 2.44016 1.88554 2.58131 3.13005 3.45403 3.49692 3.15728 2.04484 1.91983 2.84832 4.47174 5.18543 4.88916 4.56405 4.33361 3.99239 3.65825 3.33312 3.11157 2.91043 2.58475 2.10326 1.49798 0.79552 0.133775 -0.357276 -0.719077 -1.02375 -1.30121 -1.59644 -1.93983</float_array><technique_common><accessor source="#hpl_mixamorigwHead-rotz-array" count="40" stride="1" /></technique_common></source>
      <source id="hpl_mixamorigwHead-roty"><float_array id="hpl_mixamorigwHead-roty-array" count="40">-0.71527 -1.54909 -2.20201 -1.77933 -1.06964 -0.79078 -0.56991 -0.307306 0.00651172 0.102154 -0.0246287 -0.795493 -1.70085 -1.91382 -1.83537 -0.83624 0.4993 1.27127 0.920666 -1.25918 -2.92278 -3.31876 -3.29632 -3.1195 -3.38066 -3.93971 -4.51136 -5.08933 -5.64523 -6.08686 -6.30366 -6.13912 -5.53743 -4.60289 -3.6647 -2.74496 -1.92 -1.36673 -1.24349 -1.478</float_array><technique_common><accessor source="#hpl_mixamorigwHead-roty-array" count="40" stride="1" /></technique_common></source>
      <source id="hpl_mixamorigwHead-rotx"><float_array id="hpl_mixamorigwHead-rotx-array" count="40">-12.7013 -10.3611 -5.72338 -2.46988 -0.84286 -0.0127054 0.4904 1.63712 2.95153 3.75043 3.09888 1.78719 -0.54779 -3.05506 -4.33328 -4.72295 -5.34988 -8.81875 -15.0517 -18.458 -19.845 -20.4833 -20.7065 -21.2068 -21.4458 -21.3638 -21.0814 -20.5635 -19.8205 -18.8289 -17.6411 -16.3258 -14.9548 -13.7077 -12.6184 -11.6154 -10.7116 -9.89788 -9.21069 -8.7091</float_array><technique_common><accessor source="#hpl_mixamorigwHead-rotx-array" count="40" stride="1" /></technique_common></source>
      <sampler id="hpl_mixamorigwHead-trans-sampler"><input semantic="INPUT" source="#hpl_mixamorigwHead-time" /><input semantic="OUTPUT" source="#hpl_mixamorigwHead-trans" /></sampler><channel source="#hpl_mixamorigwHead-trans-sampler" target="mixamorigwHead/translate" />
      <sampler id="hpl_mixamorigwHead-rotz-sampler"><input semantic="INPUT" source="#hpl_mixamorigwHead-time" /><input semantic="OUTPUT" source="#hpl_mixamorigwHead-rotz" /></sampler><channel source="#hpl_mixamorigwHead-rotz-sampler" target="mixamorigwHead/rotateZ.ANGLE" />
      <sampler id="hpl_mixamorigwHead-roty-sampler"><input semantic="INPUT" source="#hpl_mixamorigwHead-time" /><input semantic="OUTPUT" source="#hpl_mixamorigwHead-roty" /></sampler><channel source="#hpl_mixamorigwHead-roty-sampler" target="mixamorigwHead/rotateY.ANGLE" />
      <sampler id="hpl_mixamorigwHead-rotx-sampler"><input semantic="INPUT" source="#hpl_mixamorigwHead-time" /><input semantic="OUTPUT" source="#hpl_mixamorigwHead-rotx" /></sampler><channel source="#hpl_mixamorigwHead-rotx-sampler" target="mixamorigwHead/rotateX.ANGLE" />
    </animation>
    <animation id="hpl_mixamorigwHeadTop_End">
      <source id="hpl_mixamorigwHeadTop_End-time"><float_array id="hpl_mixamorigwHeadTop_End-time-array" count="40">0 1 2 3 4 5 6 7 8 9 10 11 12 13 14 15 16 17 18 19 20 21 22 23 24 25 26 27 28 29 30 31 32 33 34 35 36 37 38 39</float_array><technique_common><accessor source="#hpl_mixamorigwHeadTop_End-time-array" count="40" stride="1" /></technique_common></source>
      <source id="hpl_mixamorigwHeadTop_End-trans"><float_array id="hpl_mixamorigwHeadTop_End-trans-array" count="120">-4.12817e-11 0.251687 -0.0922776 -4.12817e-11 0.251687 -0.0922776 -4.12817e-11 0.251687 -0.0922776 -4.12817e-11 0.251687 -0.0922776 -4.12817e-11 0.251687 -0.0922776 -4.12817e-11 0.251687 -0.0922776 -4.12817e-11 0.251687 -0.0922776 -4.12817e-11 0.251687 -0.0922776 -4.12817e-11 0.251687 -0.0922776 -4.12817e-11 0.251687 -0.0922776 -4.12817e-11 0.251687 -0.0922776 -4.12817e-11 0.251687 -0.0922776 -4.12817e-11 0.251687 -0.0922776 -4.12817e-11 0.251687 -0.0922776 -4.12817e-11 0.251687 -0.0922776 -4.12817e-11 0.251687 -0.0922776 -4.12817e-11 0.251687 -0.0922776 -4.12817e-11 0.251687 -0.0922776 -4.12817e-11 0.251687 -0.0922776 -4.12817e-11 0.251687 -0.0922776 -4.12817e-11 0.251687 -0.0922776 -4.12817e-11 0.251687 -0.0922776 -4.12817e-11 0.251687 -0.0922776 -4.12817e-11 0.251687 -0.0922776 -4.12817e-11 0.251687 -0.0922776 -4.12817e-11 0.251687 -0.0922776 -4.12817e-11 0.251687 -0.0922776 -4.12817e-11 0.251687 -0.0922776 -4.12817e-11 0.251687 -0.0922776 -4.12817e-11 0.251687 -0.0922776 -4.12817e-11 0.251687 -0.0922776 -4.12817e-11 0.251687 -0.0922776 -4.12817e-11 0.251687 -0.0922776 -4.12817e-11 0.251687 -0.0922776 -4.12817e-11 0.251687 -0.0922776 -4.12817e-11 0.251687 -0.0922776 -4.12817e-11 0.251687 -0.0922776 -4.12817e-11 0.251687 -0.0922776 -4.12817e-11 0.251687 -0.0922776 -4.12817e-11 0.251687 -0.0922776</float_array><technique_common><accessor source="#hpl_mixamorigwHeadTop_End-trans-array" count="40" stride="3" /></technique_common></source>
      <source id="hpl_mixamorigwHeadTop_End-rotz"><float_array id="hpl_mixamorigwHeadTop_End-rotz-array" count="40">-4.55091e-09 -4.55091e-09 -4.55091e-09 -4.55091e-09 -4.55091e-09 -4.55091e-09 -4.55091e-09 -4.55091e-09 -4.55091e-09 -4.55091e-09 -4.55091e-09 -4.55091e-09 -4.55091e-09 -4.55091e-09 -4.55091e-09 -4.55091e-09 -4.55091e-09 -4.55091e-09 -4.55091e-09 -4.55091e-09 -4.55091e-09 -4.55091e-09 -4.55091e-09 -4.55091e-09 -4.55091e-09 -4.55091e-09 -4.55091e-09 -4.55091e-09 -4.55091e-09 -4.55091e-09 -4.55091e-09 -4.55091e-09 -4.55091e-09 -4.55091e-09 -4.55091e-09 -4.55091e-09 -4.55091e-09 -4.55091e-09 -4.55091e-09 -4.55091e-09</float_array><technique_common><accessor source="#hpl_mixamorigwHeadTop_End-rotz-array" count="40" stride="1" /></technique_common></source>
      <source id="hpl_mixamorigwHeadTop_End-roty"><float_array id="hpl_mixamorigwHeadTop_End-roty-array" count="40">1.45297e-08 1.45297e-08 1.45297e-08 1.45297e-08 1.45297e-08 1.45297e-08 1.45297e-08 1.45297e-08 1.45297e-08 1.45297e-08 1.45297e-08 1.45297e-08 1.45297e-08 1.45297e-08 1.45297e-08 1.45297e-08 1.45297e-08 1.45297e-08 1.45297e-08 1.45297e-08 1.45297e-08 1.45297e-08 1.45297e-08 1.45297e-08 1.45297e-08 1.45297e-08 1.45297e-08 1.45297e-08 1.45297e-08 1.45297e-08 1.45297e-08 1.45297e-08 1.45297e-08 1.45297e-08 1.45297e-08 1.45297e-08 1.45297e-08 1.45297e-08 1.45297e-08 1.45297e-08</float_array><technique_common><accessor source="#hpl_mixamorigwHeadTop_End-roty-array" count="40" stride="1" /></technique_common></source>
      <source id="hpl_mixamorigwHeadTop_End-rotx"><float_array id="hpl_mixamorigwHeadTop_End-rotx-array" count="40">-20.1348 -20.1348 -20.1348 -20.1348 -20.1348 -20.1348 -20.1348 -20.1348 -20.1348 -20.1348 -20.1348 -20.1348 -20.1348 -20.1348 -20.1348 -20.1348 -20.1348 -20.1348 -20.1348 -20.1348 -20.1348 -20.1348 -20.1348 -20.1348 -20.1348 -20.1348 -20.1348 -20.1348 -20.1348 -20.1348 -20.1348 -20.1348 -20.1348 -20.1348 -20.1348 -20.1348 -20.1348 -20.1348 -20.1348 -20.1348</float_array><technique_common><accessor source="#hpl_mixamorigwHeadTop_End-rotx-array" count="40" stride="1" /></technique_common></source>
      <sampler id="hpl_mixamorigwHeadTop_End-trans-sampler"><input semantic="INPUT" source="#hpl_mixamorigwHeadTop_End-time" /><input semantic="OUTPUT" source="#hpl_mixamorigwHeadTop_End-trans" /></sampler><channel source="#hpl_mixamorigwHeadTop_End-trans-sampler" target="mixamorigwHeadTop_End/translate" />
      <sampler id="hpl_mixamorigwHeadTop_End-rotz-sampler"><input semantic="INPUT" source="#hpl_mixamorigwHeadTop_End-time" /><input semantic="OUTPUT" source="#hpl_mixamorigwHeadTop_End-rotz" /></sampler><channel source="#hpl_mixamorigwHeadTop_End-rotz-sampler" target="mixamorigwHeadTop_End/rotateZ.ANGLE" />
      <sampler id="hpl_mixamorigwHeadTop_End-roty-sampler"><input semantic="INPUT" source="#hpl_mixamorigwHeadTop_End-time" /><input semantic="OUTPUT" source="#hpl_mixamorigwHeadTop_End-roty" /></sampler><channel source="#hpl_mixamorigwHeadTop_End-roty-sampler" target="mixamorigwHeadTop_End/rotateY.ANGLE" />
      <sampler id="hpl_mixamorigwHeadTop_End-rotx-sampler"><input semantic="INPUT" source="#hpl_mixamorigwHeadTop_End-time" /><input semantic="OUTPUT" source="#hpl_mixamorigwHeadTop_End-rotx" /></sampler><channel source="#hpl_mixamorigwHeadTop_End-rotx-sampler" target="mixamorigwHeadTop_End/rotateX.ANGLE" />
    </animation>
    <animation id="hpl_mixamorigwHeadFront">
      <source id="hpl_mixamorigwHeadFront-time"><float_array id="hpl_mixamorigwHeadFront-time-array" count="40">0 1 2 3 4 5 6 7 8 9 10 11 12 13 14 15 16 17 18 19 20 21 22 23 24 25 26 27 28 29 30 31 32 33 34 35 36 37 38 39</float_array><technique_common><accessor source="#hpl_mixamorigwHeadFront-time-array" count="40" stride="1" /></technique_common></source>
      <source id="hpl_mixamorigwHeadFront-trans"><float_array id="hpl_mixamorigwHeadFront-trans-array" count="120">5.31362e-09 0.0385956 0.092277 5.31362e-09 0.0385956 0.092277 5.31362e-09 0.0385956 0.092277 5.31362e-09 0.0385956 0.092277 5.31362e-09 0.0385956 0.092277 5.31362e-09 0.0385956 0.092277 5.31362e-09 0.0385956 0.092277 5.31362e-09 0.0385956 0.092277 5.31362e-09 0.0385956 0.092277 5.31362e-09 0.0385956 0.092277 5.31362e-09 0.0385956 0.092277 5.31362e-09 0.0385956 0.092277 5.31362e-09 0.0385956 0.092277 5.31362e-09 0.0385956 0.092277 5.31362e-09 0.0385956 0.092277 5.31362e-09 0.0385956 0.092277 5.31362e-09 0.0385956 0.092277 5.31362e-09 0.0385956 0.092277 5.31362e-09 0.0385956 0.092277 5.31362e-09 0.0385956 0.092277 5.31362e-09 0.0385956 0.092277 5.31362e-09 0.0385956 0.092277 5.31362e-09 0.0385956 0.092277 5.31362e-09 0.0385956 0.092277 5.31362e-09 0.0385956 0.092277 5.31362e-09 0.0385956 0.092277 5.31362e-09 0.0385956 0.092277 5.31362e-09 0.0385956 0.092277 5.31362e-09 0.0385956 0.092277 5.31362e-09 0.0385956 0.092277 5.31362e-09 0.0385956 0.092277 5.31362e-09 0.0385956 0.092277 5.31362e-09 0.0385956 0.092277 5.31362e-09 0.0385956 0.092277 5.31362e-09 0.0385956 0.092277 5.31362e-09 0.0385956 0.092277 5.31362e-09 0.0385956 0.092277 5.31362e-09 0.0385956 0.092277 5.31362e-09 0.0385956 0.092277 5.31362e-09 0.0385956 0.092277</float_array><technique_common><accessor source="#hpl_mixamorigwHeadFront-trans-array" count="40" stride="3" /></technique_common></source>
      <source id="hpl_mixamorigwHeadFront-rotz"><float_array id="hpl_mixamorigwHeadFront-rotz-array" count="40">-8.07972e-06 -8.07972e-06 -8.07972e-06 -8.07972e-06 -8.07972e-06 -8.07972e-06 -8.07972e-06 -8.07972e-06 -8.07972e-06 -8.07972e-06 -8.07972e-06 -8.07972e-06 -8.07972e-06 -8.07972e-06 -8.07972e-06 -8.07972e-06 -8.07972e-06 -8.07972e-06 -8.07972e-06 -8.07972e-06 -8.07972e-06 -8.07972e-06 -8.07972e-06 -8.07972e-06 -8.07972e-06 -8.07972e-06 -8.07972e-06 -8.07972e-06 -8.07972e-06 -8.07972e-06 -8.07972e-06 -8.07972e-06 -8.07972e-06 -8.07972e-06 -8.07972e-06 -8.07972e-06 -8.07972e-06 -8.07972e-06 -8.07972e-06 -8.07972e-06</float_array><technique_common><accessor source="#hpl_mixamorigwHeadFront-rotz-array" count="40" stride="1" /></technique_common></source>
      <source id="hpl_mixamorigwHeadFront-roty"><float_array id="hpl_mixamorigwHeadFront-roty-array" count="40">-3.35379e-06 -3.35379e-06 -3.35379e-06 -3.35379e-06 -3.35379e-06 -3.35379e-06 -3.35379e-06 -3.35379e-06 -3.35379e-06 -3.35379e-06 -3.35379e-06 -3.35379e-06 -3.35379e-06 -3.35379e-06 -3.35379e-06 -3.35379e-06 -3.35379e-06 -3.35379e-06 -3.35379e-06 -3.35379e-06 -3.35379e-06 -3.35379e-06 -3.35379e-06 -3.35379e-06 -3.35379e-06 -3.35379e-06 -3.35379e-06 -3.35379e-06 -3.35379e-06 -3.35379e-06 -3.35379e-06 -3.35379e-06 -3.35379e-06 -3.35379e-06 -3.35379e-06 -3.35379e-06 -3.35379e-06 -3.35379e-06 -3.35379e-06 -3.35379e-06</float_array><technique_common><accessor source="#hpl_mixamorigwHeadFront-roty-array" count="40" stride="1" /></technique_common></source>
      <source id="hpl_mixamorigwHeadFront-rotx"><float_array id="hpl_mixamorigwHeadFront-rotx-array" count="40">67.3014 67.3014 67.3014 67.3014 67.3014 67.3014 67.3014 67.3014 67.3014 67.3014 67.3014 67.3014 67.3014 67.3014 67.3014 67.3014 67.3014 67.3014 67.3014 67.3014 67.3014 67.3014 67.3014 67.3014 67.3014 67.3014 67.3014 67.3014 67.3014 67.3014 67.3014 67.3014 67.3014 67.3014 67.3014 67.3014 67.3014 67.3014 67.3014 67.3014</float_array><technique_common><accessor source="#hpl_mixamorigwHeadFront-rotx-array" count="40" stride="1" /></technique_common></source>
      <sampler id="hpl_mixamorigwHeadFront-trans-sampler"><input semantic="INPUT" source="#hpl_mixamorigwHeadFront-time" /><input semantic="OUTPUT" source="#hpl_mixamorigwHeadFront-trans" /></sampler><channel source="#hpl_mixamorigwHeadFront-trans-sampler" target="mixamorigwHeadFront/translate" />
      <sampler id="hpl_mixamorigwHeadFront-rotz-sampler"><input semantic="INPUT" source="#hpl_mixamorigwHeadFront-time" /><input semantic="OUTPUT" source="#hpl_mixamorigwHeadFront-rotz" /></sampler><channel source="#hpl_mixamorigwHeadFront-rotz-sampler" target="mixamorigwHeadFront/rotateZ.ANGLE" />
      <sampler id="hpl_mixamorigwHeadFront-roty-sampler"><input semantic="INPUT" source="#hpl_mixamorigwHeadFront-time" /><input semantic="OUTPUT" source="#hpl_mixamorigwHeadFront-roty" /></sampler><channel source="#hpl_mixamorigwHeadFront-roty-sampler" target="mixamorigwHeadFront/rotateY.ANGLE" />
      <sampler id="hpl_mixamorigwHeadFront-rotx-sampler"><input semantic="INPUT" source="#hpl_mixamorigwHeadFront-time" /><input semantic="OUTPUT" source="#hpl_mixamorigwHeadFront-rotx" /></sampler><channel source="#hpl_mixamorigwHeadFront-rotx-sampler" target="mixamorigwHeadFront/rotateX.ANGLE" />
    </animation>
  </library_animations>
  <scene><instance_visual_scene url="#RootNode" /></scene>
</COLLADA>