<?xml version='1.0' encoding='utf-8'?>
<COLLADA xmlns="http://www.collada.org/2005/11/COLLADASchema" version="1.4.1">
  <asset>
    <contributor><author>hpl_dae_export</author><authoring_tool>Blender 4.2.0</authoring_tool></contributor>
    <unit name="meter" meter="1" />
    <up_axis>Y_UP</up_axis>
  </asset>
  <library_images>
    <image id="red-diffuse-image"><init_from>red.tga</init_from></image>
    <image id="red-emission-image"><init_from>red.tga</init_from></image>
    <image id="red-normal-image"><init_from>red.tga</init_from></image>
  </library_images>
  <library_effects>
    <effect id="red-fx" name="red"><profile_COMMON>
      <newparam sid="red-diffuse-surface"><surface type="2D"><init_from>red-diffuse-image</init_from></surface></newparam>
      <newparam sid="red-diffuse-sampler"><sampler2D><source>red-diffuse-surface</source></sampler2D></newparam>
      <newparam sid="red-emission-surface"><surface type="2D"><init_from>red-emission-image</init_from></surface></newparam>
      <newparam sid="red-emission-sampler"><sampler2D><source>red-emission-surface</source></sampler2D></newparam>
      <technique sid="common"><lambert>
        <diffuse><texture texture="red-diffuse-sampler" texcoord="CHANNEL0" /></diffuse>
      </lambert></technique>
    </profile_COMMON></effect>
  </library_effects>
  <library_materials>
    <material id="red" name="red"><instance_effect url="#red-fx" /></material>
  </library_materials>
  <library_geometries>
    <geometry id="Mesh_0_1" name="Mesh_0"><mesh>
      <source id="Mesh_0_1-vpos"><float_array id="Mesh_0_1-vpos-array" count="9">0.00385352 0.946143 0.0286242 0.0538535 0.946143 0.0286242 0.00385352 0.996143 0.0286242</float_array><technique_common><accessor source="#Mesh_0_1-vpos-array" count="3" stride="3"><param name="X" type="float" /><param name="Y" type="float" /><param name="Z" type="float" /></accessor></technique_common></source>
      <source id="Mesh_0_1-vnrm"><float_array id="Mesh_0_1-vnrm-array" count="9">0 0 1 0 0 1 0 0 1</float_array><technique_common><accessor source="#Mesh_0_1-vnrm-array" count="3" stride="3"><param name="X" type="float" /><param name="Y" type="float" /><param name="Z" type="float" /></accessor></technique_common></source>
      <source id="Mesh_0_1-vuv"><float_array id="Mesh_0_1-vuv-array" count="6">0 0 1 0 0 1</float_array><technique_common><accessor source="#Mesh_0_1-vuv-array" count="3" stride="2"><param name="S" type="float" /><param name="T" type="float" /></accessor></technique_common></source>
      <vertices id="Mesh_0_1-vertices"><input semantic="POSITION" source="#Mesh_0_1-vpos" /></vertices>
      <triangles count="1" material="red"><input semantic="VERTEX" source="#Mesh_0_1-vertices" offset="0" /><input semantic="NORMAL" source="#Mesh_0_1-vnrm" offset="1" /><input semantic="TEXCOORD" source="#Mesh_0_1-vuv" offset="2" /><p>0 0 0 1 1 1 2 2 2</p></triangles>
    </mesh></geometry>
  </library_geometries>
  <library_controllers>
    <controller id="Mesh_0_1-skin" name="skinCluster0"><skin source="#Mesh_0_1">
      <bind_shape_matrix>1 0 0 0 0 1 0 0 0 0 1 0 0 0 0 1</bind_shape_matrix>
      <source id="Mesh_0_1-skin-joints"><Name_array id="Mesh_0_1-skin-joints-array" count="24">mixamorigwHips mixamorigwLeftUpLeg mixamorigwLeftLeg mixamorigwLeftFoot mixamorigwLeftToeBase mixamorigwRightUpLeg mixamorigwRightLeg mixamorigwRightFoot mixamorigwRightToeBase mixamorigwSpine mixamorigwSpine1 mixamorigwSpine2 mixamorigwLeftShoulder mixamorigwLeftArm mixamorigwLeftForeArm mixamorigwLeftHand mixamorigwRightShoulder mixamorigwRightArm mixamorigwRightForeArm mixamorigwRightHand mixamorigwNeck mixamorigwHead mixamorigwHeadTop_End mixamorigwHeadFront</Name_array><technique_common><accessor source="#Mesh_0_1-skin-joints-array" count="24" stride="1"><param name="JOINT" type="Name" /></accessor></technique_common></source>
      <source id="Mesh_0_1-skin-bind_poses"><float_array id="Mesh_0_1-skin-bind_poses-array" count="384">0.999989 -0.00406635 0.00253198 -7.86095e-05 0.00253198 0.897395 0.441222 -0.861703 -0.00406635 -0.44121 0.897395 0.391776 0 0 0 1 0.986631 0.119226 -0.111103 -0.197556 0.111103 -0.990848 -0.0766622 0.838282 -0.119226 0.0632938 -0.990848 -0.0208964 0 0 0 1 0.994617 0.0807749 -0.064911 -0.179425 0.0649109 -0.973934 -0.217344 0.469527 -0.0807747 0.211961 -0.973935 -0.0994408 0 0 0 1 0.993435 0.042401 -0.106246 -0.17724 0.106246 -0.686247 0.719568 0.141585 -0.0424003 -0.726132 -0.686247 0.0527234 0 0 0 1 0.989275 1.23237e-06 -0.146069 -0.173866 0.146069 -3.00044e-07 0.989275 -0.0499448 1.17461e-06 -1 -5.29324e-08 0.039445 0 0 0 1 0.98652 -0.119644 0.111641 0.190478 -0.111641 -0.990884 -0.0753982 0.839864 0.119644 0.0619186 -0.990885 -0.0204603 0 0 0 1 0.992744 -0.0932991 0.0758571 0.178015 -0.0758569 -0.975408 -0.206944 0.473354 0.0932989 0.199689 -0.975408 -0.0922947 0 0 0 1 0.990126 -0.0532919 0.129653 0.176015 -0.129652 -0.69979 0.702485 0.138161 0.0532927 -0.712358 -0.69979 0.0572618 0 0 0 1 0.983392 1.34325e-06 0.181497 0.171253 -0.181497 -4.60052e-07 0.983392 -0.0581054 1.51265e-06 -1 1.57955e-07 0.0413972 0 0 0 1 1 1.87816e-10 -9.41434e-10 -0.00385352 -1.27467e-10 0.998845 -0.0480456 -1.08262 2.26969e-10 0.0480457 0.998845 -0.0740498 0 0 0 1 1 3.86147e-11 8.02781e-10 -0.00385352 1.05363e-10 0.998845 -0.0480456 -1.22156 -1.50806e-09 0.0480457 0.998845 -0.0740495 0 0 0 1 0.999955 0.00711225 0.00628019 -0.0135977 -0.0062802 0.992288 -0.123798 -1.35089 -0.00711224 0.123753 0.992288 -0.177117 0 0 0 1 -0.0733667 -2.91331e-07 -0.997305 -0.000555411 0.997305 -3.61991e-10 -0.0733666 -0.0467881 1.52522e-08 -1 2.45412e-07 1.43366 0 0 0 1 0.426062 0.574063 -0.69923 -0.927351 0.699231 -0.699382 -0.148126 0.848006 -0.574063 -0.425812 -0.699383 0.723849 0 0 0 1 0.52368 0.296518 -0.798647 -0.624742 0.798646 -0.497174 0.339091 0.320905 -0.29652 -0.815411 -0.497173 1.11126 0 0 0 1 0.764466 0.231778 -0.601557 -0.704431 0.601557 -0.591963 0.536386 0.282485 -0.231777 -0.771919 -0.591963 1.02623 0 0 0 1 -0.0722537 1.86859e-07 0.997386 0.00130913 -0.997386 1.46194e-09 -0.0722538 -0.0406645 -6.51276e-09 -1 1.4146e-07 1.42977 0 0 0 1 0.458698 -0.579116 0.673959 0.939391 -0.673958 -0.721041 -0.160875 0.881431 0.579117 -0.380427 -0.72104 0.657695 0 0 0 1 0.498693 -0.293227 0.815674 0.605234 -0.815674 -0.477108 0.327177 0.301524 0.293227 -0.828484 -0.477108 1.12205 0 0 0 1 0.746469 -0.235106 0.622502 0.690914 -0.622502 -0.577265 0.528448 0.271116 0.235107 -0.781978 -0.577264 1.0377 0 0 0 1 1 -4.74058e-09 4.42383e-09 -0.00385351 4.28017e-09 0.998845 -0.0480457 -1.46698 -5.38852e-09 0.0480458 0.998845 -0.0740497 0 0 0 1 1 1.68686e-09 4.15308e-10 -0.00385352 -2.83383e-09 0.922548 0.385883 -1.42158 -5.26683e-10 -0.385883 0.922548 0.594602 0 0 0 1 1 1.71144e-09 1.50711e-10 -0.00385352 -2.49206e-09 0.998999 0.0447313 -1.80745 -1.20455e-09 -0.0447312 0.998999 0.0689125 0 0 0 1 1 -1.50996e-07 -1.08247e-15 -0.00385329 -1.16412e-09 2.98023e-08 1 -0.100038 -1.50272e-07 -1 1.62664e-22 1.54092 0 0 0 1</float_array><technique_common><accessor count="24" offset="0" source="#Mesh_0_1-skin-bind_poses-array" stride="16"><param name="TRANSFORM" type="float4x4" /></accessor></technique_common></source>
      <source id="Mesh_0_1-skin-weights"><float_array id="Mesh_0_1-skin-weights-array" count="1">1</float_array><technique_common><accessor count="1" offset="0" source="#Mesh_0_1-skin-weights-array" stride="1"><param name="WEIGHT" type="float" /></accessor></technique_common></source>
      <joints><input semantic="JOINT" source="#Mesh_0_1-skin-joints" /><input semantic="INV_BIND_MATRIX" source="#Mesh_0_1-skin-bind_poses" /></joints>
      <vertex_weights count="3"><input semantic="JOINT" source="#Mesh_0_1-skin-joints" offset="0" /><input semantic="WEIGHT" source="#Mesh_0_1-skin-weights" offset="1" /><vcount>1 1 1</vcount><v>0 0 0 0 0 0</v></vertex_weights>
    </skin></controller>
  </library_controllers>
  <library_visual_scenes>
    <visual_scene id="RootNode" name="RootNode">
      <node id="mixamorigwHips" sid="mixamorigwHips" name="mixamorigwHips" type="JOINT">
        <translate sid="translate">0.00385352 0.946143 0.0286245</translate><rotate sid="rotateZ">0 0 1 -0.232986</rotate><rotate sid="rotateY">0 1 0 -0.145072</rotate><rotate sid="rotateX">1 0 0 26.1819</rotate>
        <node id="mixamorigwLeftUpLeg" sid="mixamorigwLeftUpLeg" name="mixamorigwLeftUpLeg" type="JOINT">
          <translate sid="translate">0.0957848 -0.0842078 0.0333163</translate><rotate sid="rotateZ">0 0 1 3.51</rotate><rotate sid="rotateY">0 1 0 8.99327</rotate><rotate sid="rotateX">1 0 0 158.13</rotate>
          <node id="mixamorigwLeftLeg" sid="mixamorigwLeftLeg" name="mixamorigwLeftLeg" type="JOINT">
            <translate sid="translate">-3.18274e-08 0.365977 1.95229e-07</translate><rotate sid="rotateZ">0 0 1 2.03375</rotate><rotate sid="rotateY">0 1 0 2.8175</rotate><rotate sid="rotateX">1 0 0 8.40382</rotate>
            <node id="mixamorigwLeftFoot" sid="mixamorigwLeftFoot" name="mixamorigwLeftFoot" type="JOINT">
              <translate sid="translate">8.84533e-09 0.359261 3.79086e-09</translate><rotate sid="rotateZ">0 0 1 2.65403</rotate><rotate sid="rotateY">0 1 0 -1.84634</rotate><rotate sid="rotateX">1 0 0 -58.7923</rotate>
              <node id="mixamorigwLeftToeBase" sid="mixamorigwLeftToeBase" name="mixamorigwLeftToeBase" type="JOINT">
                <translate sid="translate">-9.79304e-09 0.150844 0</translate><rotate sid="rotateZ">0 0 1 -5.33409e-05</rotate><rotate sid="rotateY">0 1 0 -3.34183</rotate><rotate sid="rotateX">1 0 0 -43.3337</rotate>
              </node>
            </node>
          </node>
        </node>
        <node id="mixamorigwRightUpLeg" sid="mixamorigwRightUpLeg" name="mixamorigwRightUpLeg" type="JOINT">
          <translate sid="translate">-0.0952036 -0.0839154 0.0339066</translate><rotate sid="rotateZ">0 0 1 -3.22396</rotate><rotate sid="rotateY">0 1 0 -8.56678</rotate><rotate sid="rotateX">1 0 0 158.028</rotate>
          <node id="mixamorigwRightLeg" sid="mixamorigwRightLeg" name="mixamorigwRightLeg" type="JOINT">
            <translate sid="translate">-2.91027e-08 0.36282 2.47669e-07</translate><rotate sid="rotateZ">0 0 1 -1.38203</rotate><rotate sid="rotateY">0 1 0 -2.16822</rotate><rotate sid="rotateX">1 0 0 7.79813</rotate>
            <node id="mixamorigwRightFoot" sid="mixamorigwRightFoot" name="mixamorigwRightFoot" type="JOINT">
              <translate sid="translate">-1.6427e-08 0.358719 1.26362e-09</translate><rotate sid="rotateZ">0 0 1 -2.86642</rotate><rotate sid="rotateY">0 1 0 2.56357</rotate><rotate sid="rotateX">1 0 0 -56.9173</rotate>
              <node id="mixamorigwRightToeBase" sid="mixamorigwRightToeBase" name="mixamorigwRightToeBase" type="JOINT">
                <translate sid="translate">-7.89762e-09 0.150699 -6.57082e-08</translate><rotate sid="rotateZ">0 0 1 -5.15439e-05</rotate><rotate sid="rotateY">0 1 0 4.27841</rotate><rotate sid="rotateX">1 0 0 -44.4102</rotate>
              </node>
            </node>
          </node>
        </node>
        <node id="mixamorigwSpine" sid="mixamorigwSpine" name="mixamorigwSpine" type="JOINT">
          <translate sid="translate">-0.00058124 0.121597 -0.0672225</translate><rotate sid="rotateZ">0 0 1 0.145073</rotate><rotate sid="rotateY">0 1 0 0.232985</rotate><rotate sid="rotateX">1 0 0 -28.9352</rotate>
          <node id="mixamorigwSpine1" sid="mixamorigwSpine1" name="mixamorigwSpine1" type="JOINT">
            <translate sid="translate">5.31351e-10 0.138942 -1.8196e-07</translate><rotate sid="rotateZ">0 0 1 -1.33402e-08</rotate><rotate sid="rotateY">0 1 0 -9.941e-08</rotate><rotate sid="rotateX">1 0 0 2.56132e-06</rotate>
            <node id="mixamorigwSpine2" sid="mixamorigwSpine2" name="mixamorigwSpine2" type="JOINT">
              <translate sid="translate">-2.56392e-10 0.138943 -5.81135e-12</translate><rotate sid="rotateZ">0 0 1 0.389755</rotate><rotate sid="rotateY">0 1 0 -0.378994</rotate><rotate sid="rotateX">1 0 0 -4.35765</rotate>
              <node id="mixamorigwLeftShoulder" sid="mixamorigwLeftShoulder" name="mixamorigwLeftShoulder" type="JOINT">
                <translate sid="translate">0.0431929 0.0719141 -0.00398395</translate><rotate sid="rotateZ">0 0 1 122.722</rotate><rotate sid="rotateY">0 1 0 81.5294</rotate><rotate sid="rotateX">1 0 0 -147.154</rotate>
                <node id="mixamorigwLeftArm" sid="mixamorigwLeftArm" name="mixamorigwLeftArm" type="JOINT">
                  <translate sid="translate">-3.24553e-08 0.171533 1.60997e-07</translate><rotate sid="rotateZ">0 0 1 35.5626</rotate><rotate sid="rotateY">0 1 0 35.0341</rotate><rotate sid="rotateX">1 0 0 58.6653</rotate>
                  <node id="mixamorigwLeftForeArm" sid="mixamorigwLeftForeArm" name="mixamorigwLeftForeArm" type="JOINT">
                    <translate sid="translate">-6.31809e-08 0.261279 8.84533e-08</translate><rotate sid="rotateZ">0 0 1 16.232</rotate><rotate sid="rotateY">0 1 0 -7.56631</rotate><rotate sid="rotateX">1 0 0 -29.2207</rotate>
                    <node id="mixamorigwLeftHand" sid="mixamorigwLeftHand" name="mixamorigwLeftHand" type="JOINT">
                      <translate sid="translate">3.53813e-08 0.258002 7.83443e-08</translate><rotate sid="rotateZ">0 0 1 17.057</rotate><rotate sid="rotateY">0 1 0 6.69567</rotate><rotate sid="rotateX">1 0 0 2.17207</rotate>
                    </node>
                  </node>
                </node>
              </node>
              <node id="mixamorigwRightShoulder" sid="mixamorigwRightShoulder" name="mixamorigwRightShoulder" type="JOINT">
                <translate sid="translate">-0.0439172 0.0686297 -0.00410151</translate><rotate sid="rotateZ">0 0 1 -118.209</rotate><rotate sid="rotateY">0 1 0 -81.9753</rotate><rotate sid="rotateX">1 0 0 -152.434</rotate>
                <node id="mixamorigwRightArm" sid="mixamorigwRightArm" name="mixamorigwRightArm" type="JOINT">
                  <translate sid="translate">2.11473e-09 0.177733 -9.98953e-10</translate><rotate sid="rotateZ">0 0 1 -38.3828</rotate><rotate sid="rotateY">0 1 0 -35.3884</rotate><rotate sid="rotateX">1 0 0 62.1835</rotate>
                  <node id="mixamorigwRightForeArm" sid="mixamorigwRightForeArm" name="mixamorigwRightForeArm" type="JOINT">
                    <translate sid="translate">-7.58171e-09 0.248032 -3.79086e-08</translate><rotate sid="rotateZ">0 0 1 -15.1012</rotate><rotate sid="rotateY">0 1 0 10.8233</rotate><rotate sid="rotateX">1 0 0 -32.4331</rotate>
                    <node id="mixamorigwRightHand" sid="mixamorigwRightHand" name="mixamorigwRightHand" type="JOINT">
                      <translate sid="translate">-3.15905e-08 0.252616 -2.62833e-07</translate><rotate sid="rotateZ">0 0 1 -17.1606</rotate><rotate sid="rotateY">0 1 0 -6.69971</rotate><rotate sid="rotateX">1 0 0 2.51573</rotate>
                    </node>
                  </node>
                </node>
              </node>
              <node id="mixamorigwNeck" sid="mixamorigwNeck" name="mixamorigwNeck" type="JOINT">
                <translate sid="translate">0.00072429 0.106167 0.00808535</translate><rotate sid="rotateZ">0 0 1 -0.359841</rotate><rotate sid="rotateY">0 1 0 0.407504</rotate><rotate sid="rotateX">1 0 0 4.35507</rotate>
                <node id="mixamorigwHead" sid="mixamorigwHead" name="mixamorigwHead" type="JOINT">
                  <translate sid="translate">-3.54751e-10 0.0721631 1.81598e-08</translate><rotate sid="rotateZ">0 0 1 3.78874e-07</rotate><rotate sid="rotateY">0 1 0 2.11712e-07</rotate><rotate sid="rotateX">1 0 0 25.4525</rotate>
                  <node id="mixamorigwHeadTop_End" sid="mixamorigwHeadTop_End" name="mixamorigwHeadTop_End" type="JOINT">
                    <translate sid="translate">-7.34873e-10 0.251682 -0.0922759</translate><rotate sid="rotateZ">0 0 1 -4.5508e-09</rotate><rotate sid="rotateY">0 1 0 1.45296e-08</rotate><rotate sid="rotateX">1 0 0 -20.1348</rotate>
                  </node>
                  <node id="mixamorigwHeadFront" sid="mixamorigwHeadFront" name="mixamorigwHeadFront" type="JOINT">
                    <translate sid="translate">-8.34142e-10 0.0385968 0.092276</translate><rotate sid="rotateZ">0 0 1 -8.0797e-06</rotate><rotate sid="rotateY">0 1 0 -3.35378e-06</rotate><rotate sid="rotateX">1 0 0 67.3014</rotate>
                  </node>
                </node>
              </node>
            </node>
          </node>
        </node>
      </node>
      <node id="Mesh_0" name="Mesh_0" type="NODE">
        <translate sid="translate">0 0 0</translate><rotate sid="rotateZ">0 0 1 0</rotate><rotate sid="rotateY">0 1 0 -0</rotate><rotate sid="rotateX">1 0 0 -90</rotate><scale sid="scale">100 100 100</scale><instance_controller url="#Mesh_0_1-skin">
          <skeleton>#mixamorigwHips</skeleton>
          <bind_material><technique_common><instance_material symbol="defaultMaterial" target="#%s"><bind_vertex_input semantic="CHANNEL0" input_semantic="TEXCOORD" input_set="0" /></instance_material></technique_common></bind_material>
        </instance_controller>
      </node>
    </visual_scene>
  </library_visual_scenes>
  <library_animations>
    <animation id="hpl_mixamorigwHips">
      <source id="hpl_mixamorigwHips-time"><float_array id="hpl_mixamorigwHips-time-array" count="35">0 1 2 3 4 5 6 7 8 9 10 11 12 13 14 15 16 17 18 19 20 21 22 23 24 25 26 27 28 29 30 31 32 33 34</float_array><technique_common><accessor source="#hpl_mixamorigwHips-time-array" count="35" stride="1" /></technique_common></source>
      <source id="hpl_mixamorigwHips-trans"><float_array id="hpl_mixamorigwHips-trans-array" count="105">0.0126124 0.926242 0.0289615 0.0120376 0.934332 0.0268848 0.0118994 0.94118 0.0253278 0.0121655 0.945388 0.0222617 0.0127729 0.946683 0.0177804 0.013133 0.940981 0.0133468 0.0133987 0.930407 0.00851636 0.0138283 0.931615 0.00390898 0.0141866 0.925447 0.00178051 0.0150026 0.915244 0.000517629 0.0162061 0.904423 -0.000172991 0.0172703 0.894805 0.000590815 0.0183697 0.889492 0.00426935 0.0194766 0.883554 0.00896336 0.0205372 0.895848 0.0166831 0.0221461 0.903585 0.0232582 0.0243256 0.915748 0.0272757 0.0262461 0.922624 0.0267875 0.0279553 0.930682 0.0252474 0.0292033 0.938129 0.0234256 0.029719 0.94354 0.0224075 0.0298709 0.945818 0.0201463 0.0302971 0.94436 0.0133084 0.0298169 0.939916 0.00820786 0.0291613 0.934475 0.00442182 0.0276422 0.926693 0.00272774 0.0265744 0.918357 0.00252862 0.0258136 0.907767 0.000521133 0.0251282 0.898034 -0.000512442 0.0234656 0.892007 0.00227599 0.021156 0.88718 0.00980281 0.0185876 0.899307 0.0200707 0.0160332 0.905525 0.0271785 0.0138379 0.916277 0.0302108 0.0126124 0.926242 0.0289615</float_array><technique_common><accessor source="#hpl_mixamorigwHips-trans-array" count="35" stride="3" /></technique_common></source>
      <source id="hpl_mixamorigwHips-rotz"><float_array id="hpl_mixamorigwHips-rotz-array" count="35">-3.16067 -3.11236 -2.71783 -2.12018 -1.53391 -1.11954 -0.925486 -0.943585 -1.07342 -1.22756 -1.30499 -1.12606 -0.202809 1.00315 2.02635 2.79311 3.45007 3.88087 3.84907 3.45336 2.83822 2.13803 1.56305 1.25938 1.27995 1.61216 1.95799 2.15375 2.15056 1.51807 0.339876 -0.838493 -1.76904 -2.54285 -3.16067</float_array><technique_common><accessor source="#hpl_mixamorigwHips-rotz-array" count="35" stride="1" /></technique_common></source>
      <source id="hpl_mixamorigwHips-roty"><float_array id="hpl_mixamorigwHips-roty-array" count="35">0.156288 -0.0402301 -0.383195 -0.80928 -1.23913 -1.57972 -1.79655 -1.94342 -2.13192 -2.29749 -2.34527 -2.13695 -1.76051 -1.27499 -0.736408 -0.447812 -0.560916 -0.878888 -1.17428 -1.22501 -0.908292 -0.264943 0.518974 1.20136 1.7108 2.02764 2.10436 1.95107 1.65513 1.34487 1.04564 0.73483 0.525611 0.511957 0.156288</float_array><technique_common><accessor source="#hpl_mixamorigwHips-roty-array" count="35" stride="1" /></technique_common></source>
      <source id="hpl_mixamorigwHips-rotx"><float_array id="hpl_mixamorigwHips-rotx-array" count="35">27.5424 26.702 25.7773 24.9097 24.2841 23.9826 23.9676 24.1682 24.4864 25.0206 25.7735 26.3447 27.1826 27.971 27.9289 27.1788 26.1325 25.064 24.0173 23.1545 22.6554 22.5314 22.6803 23.0839 23.6824 24.5029 25.6434 26.5685 27.3455 28.3525 29.2262 29.0878 28.0846 27.0224 27.5424</float_array><technique_common><accessor source="#hpl_mixamorigwHips-rotx-array" count="35" stride="1" /></technique_common></source>
      <sampler id="hpl_mixamorigwHips-trans-sampler"><input semantic="INPUT" source="#hpl_mixamorigwHips-time" /><input semantic="OUTPUT" source="#hpl_mixamorigwHips-trans" /></sampler><channel source="#hpl_mixamorigwHips-trans-sampler" target="mixamorigwHips/translate" />
      <sampler id="hpl_mixamorigwHips-rotz-sampler"><input semantic="INPUT" source="#hpl_mixamorigwHips-time" /><input semantic="OUTPUT" source="#hpl_mixamorigwHips-rotz" /></sampler><channel source="#hpl_mixamorigwHips-rotz-sampler" target="mixamorigwHips/rotateZ.ANGLE" />
      <sampler id="hpl_mixamorigwHips-roty-sampler"><input semantic="INPUT" source="#hpl_mixamorigwHips-time" /><input semantic="OUTPUT" source="#hpl_mixamorigwHips-roty" /></sampler><channel source="#hpl_mixamorigwHips-roty-sampler" target="mixamorigwHips/rotateY.ANGLE" />
      <sampler id="hpl_mixamorigwHips-rotx-sampler"><input semantic="INPUT" source="#hpl_mixamorigwHips-time" /><input semantic="OUTPUT" source="#hpl_mixamorigwHips-rotx" /></sampler><channel source="#hpl_mixamorigwHips-rotx-sampler" target="mixamorigwHips/rotateX.ANGLE" />
    </animation>
    <animation id="hpl_mixamorigwLeftUpLeg">
      <source id="hpl_mixamorigwLeftUpLeg-time"><float_array id="hpl_mixamorigwLeftUpLeg-time-array" count="35">0 1 2 3 4 5 6 7 8 9 10 11 12 13 14 15 16 17 18 19 20 21 22 23 24 25 26 27 28 29 30 31 32 33 34</float_array><technique_common><accessor source="#hpl_mixamorigwLeftUpLeg-time-array" count="35" stride="1" /></technique_common></source>
      <source id="hpl_mixamorigwLeftUpLeg-trans"><float_array id="hpl_mixamorigwLeftUpLeg-trans-array" count="105">0.0957845 -0.0842078 0.0333166 0.0957845 -0.0842078 0.0333166 0.0957845 -0.0842078 0.0333166 0.0957845 -0.0842078 0.0333166 0.0957845 -0.0842078 0.0333166 0.0957845 -0.0842078 0.0333166 0.0957845 -0.0842078 0.0333166 0.0957845 -0.0842078 0.0333166 0.0957845 -0.0842078 0.0333166 0.0957845 -0.0842078 0.0333166 0.0957845 -0.0842078 0.0333166 0.0957845 -0.0842078 0.0333166 0.0957845 -0.0842078 0.0333166 0.0957845 -0.0842078 0.0333166 0.0957845 -0.0842078 0.0333166 0.0957845 -0.0842078 0.0333166 0.0957845 -0.0842078 0.0333166 0.0957845 -0.0842078 0.0333166 0.0957845 -0.0842078 0.0333166 0.0957845 -0.0842078 0.0333166 0.0957845 -0.0842078 0.0333166 0.0957845 -0.0842078 0.0333166 0.0957845 -0.0842078 0.0333166 0.0957845 -0.0842078 0.0333166 0.0957845 -0.0842078 0.0333166 0.0957845 -0.0842078 0.0333166 0.0957845 -0.0842078 0.0333166 0.0957845 -0.0842078 0.0333166 0.0957845 -0.0842078 0.0333166 0.0957845 -0.0842078 0.0333166 0.0957845 -0.0842078 0.0333166 0.0957845 -0.0842078 0.0333166 0.0957845 -0.0842078 0.0333166 0.0957845 -0.0842078 0.0333166 0.0957845 -0.0842078 0.0333166</float_array><technique_common><accessor source="#hpl_mixamorigwLeftUpLeg-trans-array" count="35" stride="3" /></technique_common></source>
      <source id="hpl_mixamorigwLeftUpLeg-rotz"><float_array id="hpl_mixamorigwLeftUpLeg-rotz-array" count="35">0.400881 -0.623355 -1.92751 -3.2451 -4.28747 -5.00365 -5.42038 -5.44857 -4.91305 -3.90332 -3.53792 -4.46394 -5.88464 -7.29799 -8.52715 -9.74945 -10.4998 -10.7412 -10.2699 -9.37158 -8.33104 -7.25825 -6.46388 -5.86948 -5.5992 -5.56774 -5.69378 -5.61309 -5.11539 -3.98549 -2.4444 -1.15761 -0.215634 0.47697 0.400881</float_array><technique_common><accessor source="#hpl_mixamorigwLeftUpLeg-rotz-array" count="35" stride="1" /></technique_common></source>
      <source id="hpl_mixamorigwLeftUpLeg-roty"><float_array id="hpl_mixamorigwLeftUpLeg-roty-array" count="35">13.2663 12.1134 10.5711 8.83358 7.27586 6.17029 5.57265 5.28258 4.89068 3.90008 2.86112 2.59798 1.69288 0.220553 -0.903569 -1.01587 -0.876535 -0.609799 -0.401001 -0.218042 0.121716 0.627296 1.07332 1.61533 2.47991 3.7669 5.23287 6.06853 6.07612 6.82094 8.56815 10.1571 11.5087 12.2164 13.2663</float_array><technique_common><accessor source="#hpl_mixamorigwLeftUpLeg-roty-array" count="35" stride="1" /></technique_common></source>
      <source id="hpl_mixamorigwLeftUpLeg-rotx"><float_array id="hpl_mixamorigwLeftUpLeg-rotx-array" count="35">153.046 147.175 141.79 136.957 132.738 129.391 127.455 127.333 129.086 129.786 127.382 126.983 126.768 124.346 122.757 123.865 127.363 131.896 137.215 142.716 147.888 152.135 154.799 157.064 159.64 162.696 166.303 168.404 170.887 173.32 174.076 171.946 167.411 161.178 153.046</float_array><technique_common><accessor source="#hpl_mixamorigwLeftUpLeg-rotx-array" count="35" stride="1" /></technique_common></source>
      <sampler id="hpl_mixamorigwLeftUpLeg-trans-sampler"><input semantic="INPUT" source="#hpl_mixamorigwLeftUpLeg-time" /><input semantic="OUTPUT" source="#hpl_mixamorigwLeftUpLeg-trans" /></sampler><channel source="#hpl_mixamorigwLeftUpLeg-trans-sampler" target="mixamorigwLeftUpLeg/translate" />
      <sampler id="hpl_mixamorigwLeftUpLeg-rotz-sampler"><input semantic="INPUT" source="#hpl_mixamorigwLeftUpLeg-time" /><input semantic="OUTPUT" source="#hpl_mixamorigwLeftUpLeg-rotz" /></sampler><channel source="#hpl_mixamorigwLeftUpLeg-rotz-sampler" target="mixamorigwLeftUpLeg/rotateZ.ANGLE" />
      <sampler id="hpl_mixamorigwLeftUpLeg-roty-sampler"><input semantic="INPUT" source="#hpl_mixamorigwLeftUpLeg-time" /><input semantic="OUTPUT" source="#hpl_mixamorigwLeftUpLeg-roty" /></sampler><channel source="#hpl_mixamorigwLeftUpLeg-roty-sampler" target="mixamorigwLeftUpLeg/rotateY.ANGLE" />
      <sampler id="hpl_mixamorigwLeftUpLeg-rotx-sampler"><input semantic="INPUT" source="#hpl_mixamorigwLeftUpLeg-time" /><input semantic="OUTPUT" source="#hpl_mixamorigwLeftUpLeg-rotx" /></sampler><channel source="#hpl_mixamorigwLeftUpLeg-rotx-sampler" target="mixamorigwLeftUpLeg/rotateX.ANGLE" />
    </animation>
    <animation id="hpl_mixamorigwLeftLeg">
      <source id="hpl_mixamorigwLeftLeg-time"><float_array id="hpl_mixamorigwLeftLeg-time-array" count="35">0 1 2 3 4 5 6 7 8 9 10 11 12 13 14 15 16 17 18 19 20 21 22 23 24 25 26 27 28 29 30 31 32 33 34</float_array><technique_common><accessor source="#hpl_mixamorigwLeftLeg-time-array" count="35" stride="1" /></technique_common></source>
      <source id="hpl_mixamorigwLeftLeg-trans"><float_array id="hpl_mixamorigwLeftLeg-trans-array" count="105">1.07603e-07 0.365976 2.03778e-07 1.07603e-07 0.365976 2.03778e-07 1.07603e-07 0.365976 2.03778e-07 1.07603e-07 0.365976 2.03778e-07 1.07603e-07 0.365976 2.03778e-07 1.07603e-07 0.365976 2.03778e-07 1.07603e-07 0.365976 2.03778e-07 1.07603e-07 0.365976 2.03778e-07 1.07603e-07 0.365976 2.03778e-07 1.07603e-07 0.365976 2.03778e-07 1.07603e-07 0.365976 2.03778e-07 1.07603e-07 0.365976 2.03778e-07 1.07603e-07 0.365976 2.03778e-07 1.07603e-07 0.365976 2.03778e-07 1.07603e-07 0.365976 2.03778e-07 1.07603e-07 0.365976 2.03778e-07 1.07603e-07 0.365976 2.03778e-07 1.07603e-07 0.365976 2.03778e-07 1.07603e-07 0.365976 2.03778e-07 1.07603e-07 0.365976 2.03778e-07 1.07603e-07 0.365976 2.03778e-07 1.07603e-07 0.365976 2.03778e-07 1.07603e-07 0.365976 2.03778e-07 1.07603e-07 0.365976 2.03778e-07 1.07603e-07 0.365976 2.03778e-07 1.07603e-07 0.365976 2.03778e-07 1.07603e-07 0.365976 2.03778e-07 1.07603e-07 0.365976 2.03778e-07 1.07603e-07 0.365976 2.03778e-07 1.07603e-07 0.365976 2.03778e-07 1.07603e-07 0.365976 2.03778e-07 1.07603e-07 0.365976 2.03778e-07 1.07603e-07 0.365976 2.03778e-07 1.07603e-07 0.365976 2.03778e-07 1.07603e-07 0.365976 2.03778e-07</float_array><technique_common><accessor source="#hpl_mixamorigwLeftLeg-trans-array" count="35" stride="3" /></technique_common></source>
      <source id="hpl_mixamorigwLeftLeg-rotz"><float_array id="hpl_mixamorigwLeftLeg-rotz-array" count="35">-3.89653 -4.05812 -4.13275 -4.17264 -4.11866 -3.84396 -3.29713 -2.34462 -0.999408 -0.0444914 0.111554 0.0600091 -0.0855681 -0.774376 -1.68796 -2.16899 -2.34837 -2.31379 -2.14359 -1.88272 -1.63443 -1.42564 -1.36943 -1.36689 -1.35169 -1.3045 -1.05116 -1.01558 -1.05756 -1.03662 -1.26633 -1.93406 -2.63363 -3.31496 -3.89653</float_array><technique_common><accessor source="#hpl_mixamorigwLeftLeg-rotz-array" count="35" stride="1" /></technique_common></source>
      <source id="hpl_mixamorigwLeftLeg-roty"><float_array id="hpl_mixamorigwLeftLeg-roty-array" count="35">5.56304 5.79969 5.67292 5.3461 4.89579 4.34686 3.64792 2.87345 2.24843 2.13032 2.14715 2.01801 1.87854 1.81997 2.0946 2.3306 2.48554 2.47581 2.41248 2.3623 2.33855 2.38997 2.47275 2.5394 2.61266 2.67856 2.63199 2.52945 2.46348 2.52311 2.7689 3.13551 3.7186 4.4177 5.56304</float_array><technique_common><accessor source="#hpl_mixamorigwLeftLeg-roty-array" count="35" stride="1" /></technique_common></source>
      <source id="hpl_mixamorigwLeftLeg-rotx"><float_array id="hpl_mixamorigwLeftLeg-rotx-array" count="35">61.9707 68.5092 71.4539 70.9049 66.8265 59.1723 47.8989 32.8558 15.1813 1.61848 -1.61259 -1.61739 1.61568 9.53188 19.1801 26.2541 28.9159 28.8081 26.8147 23.9025 20.8879 18.5857 18.2153 18.3497 17.6787 15.91 12.141 12.0628 11.8863 11.1418 13.3028 22.119 35.2581 48.9217 61.9707</float_array><technique_common><accessor source="#hpl_mixamorigwLeftLeg-rotx-array" count="35" stride="1" /></technique_common></source>
      <sampler id="hpl_mixamorigwLeftLeg-trans-sampler"><input semantic="INPUT" source="#hpl_mixamorigwLeftLeg-time" /><input semantic="OUTPUT" source="#hpl_mixamorigwLeftLeg-trans" /></sampler><channel source="#hpl_mixamorigwLeftLeg-trans-sampler" target="mixamorigwLeftLeg/translate" />
      <sampler id="hpl_mixamorigwLeftLeg-rotz-sampler"><input semantic="INPUT" source="#hpl_mixamorigwLeftLeg-time" /><input semantic="OUTPUT" source="#hpl_mixamorigwLeftLeg-rotz" /></sampler><channel source="#hpl_mixamorigwLeftLeg-rotz-sampler" target="mixamorigwLeftLeg/rotateZ.ANGLE" />
      <sampler id="hpl_mixamorigwLeftLeg-roty-sampler"><input semantic="INPUT" source="#hpl_mixamorigwLeftLeg-time" /><input semantic="OUTPUT" source="#hpl_mixamorigwLeftLeg-roty" /></sampler><channel source="#hpl_mixamorigwLeftLeg-roty-sampler" target="mixamorigwLeftLeg/rotateY.ANGLE" />
      <sampler id="hpl_mixamorigwLeftLeg-rotx-sampler"><input semantic="INPUT" source="#hpl_mixamorigwLeftLeg-time" /><input semantic="OUTPUT" source="#hpl_mixamorigwLeftLeg-rotx" /></sampler><channel source="#hpl_mixamorigwLeftLeg-rotx-sampler" target="mixamorigwLeftLeg/rotateX.ANGLE" />
    </animation>
    <animation id="hpl_mixamorigwLeftFoot">
      <source id="hpl_mixamorigwLeftFoot-time"><float_array id="hpl_mixamorigwLeftFoot-time-array" count="35">0 1 2 3 4 5 6 7 8 9 10 11 12 13 14 15 16 17 18 19 20 21 22 23 24 25 26 27 28 29 30 31 32 33 34</float_array><technique_common><accessor source="#hpl_mixamorigwLeftFoot-time-array" count="35" stride="1" /></technique_common></source>
      <source id="hpl_mixamorigwLeftFoot-trans"><float_array id="hpl_mixamorigwLeftFoot-trans-array" count="105">-5.64809e-08 0.359262 -2.19094e-07 -5.64809e-08 0.359262 -2.19094e-07 -5.64809e-08 0.359262 -2.19094e-07 -5.64809e-08 0.359262 -2.19094e-07 -5.64809e-08 0.359262 -2.19094e-07 -5.64809e-08 0.359262 -2.19094e-07 -5.64809e-08 0.359262 -2.19094e-07 -5.64809e-08 0.359262 -2.19094e-07 -5.64809e-08 0.359262 -2.19094e-07 -5.64809e-08 0.359262 -2.19094e-07 -5.64809e-08 0.359262 -2.19094e-07 -5.64809e-08 0.359262 -2.19094e-07 -5.64809e-08 0.359262 -2.19094e-07 -5.64809e-08 0.359262 -2.19094e-07 -5.64809e-08 0.359262 -2.19094e-07 -5.64809e-08 0.359262 -2.19094e-07 -5.64809e-08 0.359262 -2.19094e-07 -5.64809e-08 0.359262 -2.19094e-07 -5.64809e-08 0.359262 -2.19094e-07 -5.64809e-08 0.359262 -2.19094e-07 -5.64809e-08 0.359262 -2.19094e-07 -5.64809e-08 0.359262 -2.19094e-07 -5.64809e-08 0.359262 -2.19094e-07 -5.64809e-08 0.359262 -2.19094e-07 -5.64809e-08 0.359262 -2.19094e-07 -5.64809e-08 0.359262 -2.19094e-07 -5.64809e-08 0.359262 -2.19094e-07 -5.64809e-08 0.359262 -2.19094e-07 -5.64809e-08 0.359262 -2.19094e-07 -5.64809e-08 0.359262 -2.19094e-07 -5.64809e-08 0.359262 -2.19094e-07 -5.64809e-08 0.359262 -2.19094e-07 -5.64809e-08 0.359262 -2.19094e-07 -5.64809e-08 0.359262 -2.19094e-07 -5.64809e-08 0.359262 -2.19094e-07</float_array><technique_common><accessor source="#hpl_mixamorigwLeftFoot-trans-array" count="35" stride="3" /></technique_common></source>
      <source id="hpl_mixamorigwLeftFoot-rotz"><float_array id="hpl_mixamorigwLeftFoot-rotz-array" count="35">-5.85889 -7.41687 -8.06185 -7.68095 -6.39773 -4.93541 -3.89563 -3.53345 -3.32557 -2.41827 -1.02819 -0.978958 -3.73481 -5.10809 -4.74669 -5.19661 -5.46909 -5.54305 -5.49549 -5.47644 -5.42369 -5.28047 -5.09125 -4.65688 -4.1227 -3.55668 -3.65374 -3.61149 -3.61719 -3.71489 -3.97848 -4.99019 -6.18507 -5.86984 -5.85889</float_array><technique_common><accessor source="#hpl_mixamorigwLeftFoot-rotz-array" count="35" stride="1" /></technique_common></source>
      <source id="hpl_mixamorigwLeftFoot-roty"><float_array id="hpl_mixamorigwLeftFoot-roty-array" count="35">3.40288 1.18889 -0.0480004 -0.317248 -0.241351 -0.387999 -0.597191 -0.78147 -0.497243 -0.819451 -2.60707 -2.9144 -2.39377 -1.80206 -1.34938 -1.03256 -1.54269 -2.57329 -3.70736 -4.49683 -4.63942 -4.40622 -4.1994 -3.94181 -3.31078 -2.06383 -0.422211 0.257873 0.230242 0.720985 1.53237 2.20041 3.2803 4.58132 3.40288</float_array><technique_common><accessor source="#hpl_mixamorigwLeftFoot-roty-array" count="35" stride="1" /></technique_common></source>
      <source id="hpl_mixamorigwLeftFoot-rotx"><float_array id="hpl_mixamorigwLeftFoot-rotx-array" count="35">-31.9562 -36.2291 -40.1342 -42.7662 -44.3587 -45.2267 -45.0556 -43.6767 -42.2218 -43.7416 -47.7364 -48.2643 -42.889 -36.7855 -38.2359 -43.9365 -49.0339 -52.3924 -54.6505 -56.3445 -58.0126 -59.9526 -62.3336 -65.1492 -67.7217 -70.0275 -71.5144 -72.6598 -71.1897 -67.9842 -62.9959 -55.2119 -44.9279 -35.3972 -31.9562</float_array><technique_common><accessor source="#hpl_mixamorigwLeftFoot-rotx-array" count="35" stride="1" /></technique_common></source>
      <sampler id="hpl_mixamorigwLeftFoot-trans-sampler"><input semantic="INPUT" source="#hpl_mixamorigwLeftFoot-time" /><input semantic="OUTPUT" source="#hpl_mixamorigwLeftFoot-trans" /></sampler><channel source="#hpl_mixamorigwLeftFoot-trans-sampler" target="mixamorigwLeftFoot/translate" />
      <sampler id="hpl_mixamorigwLeftFoot-rotz-sampler"><input semantic="INPUT" source="#hpl_mixamorigwLeftFoot-time" /><input semantic="OUTPUT" source="#hpl_mixamorigwLeftFoot-rotz" /></sampler><channel source="#hpl_mixamorigwLeftFoot-rotz-sampler" target="mixamorigwLeftFoot/rotateZ.ANGLE" />
      <sampler id="hpl_mixamorigwLeftFoot-roty-sampler"><input semantic="INPUT" source="#hpl_mixamorigwLeftFoot-time" /><input semantic="OUTPUT" source="#hpl_mixamorigwLeftFoot-roty" /></sampler><channel source="#hpl_mixamorigwLeftFoot-roty-sampler" target="mixamorigwLeftFoot/rotateY.ANGLE" />
      <sampler id="hpl_mixamorigwLeftFoot-rotx-sampler"><input semantic="INPUT" source="#hpl_mixamorigwLeftFoot-time" /><input semantic="OUTPUT" source="#hpl_mixamorigwLeftFoot-rotx" /></sampler><channel source="#hpl_mixamorigwLeftFoot-rotx-sampler" target="mixamorigwLeftFoot/rotateX.ANGLE" />
    </animation>
    <animation id="hpl_mixamorigwLeftToeBase">
      <source id="hpl_mixamorigwLeftToeBase-time"><float_array id="hpl_mixamorigwLeftToeBase-time-array" count="35">0 1 2 3 4 5 6 7 8 9 10 11 12 13 14 15 16 17 18 19 20 21 22 23 24 25 26 27 28 29 30 31 32 33 34</float_array><technique_common><accessor source="#hpl_mixamorigwLeftToeBase-time-array" count="35" stride="1" /></technique_common></source>
      <source id="hpl_mixamorigwLeftToeBase-trans"><float_array id="hpl_mixamorigwLeftToeBase-trans-array" count="105">5.98546e-07 0.150844 1.06224e-07 5.98546e-07 0.150844 1.06224e-07 5.98546e-07 0.150844 1.06224e-07 5.98546e-07 0.150844 1.06224e-07 5.98546e-07 0.150844 1.06224e-07 5.98546e-07 0.150844 1.06224e-07 5.98546e-07 0.150844 1.06224e-07 5.98546e-07 0.150844 1.06224e-07 5.98546e-07 0.150844 1.06224e-07 5.98546e-07 0.150844 1.06224e-07 5.98546e-07 0.150844 1.06224e-07 5.98546e-07 0.150844 1.06224e-07 5.98546e-07 0.150844 1.06224e-07 5.98546e-07 0.150844 1.06224e-07 5.98546e-07 0.150844 1.06224e-07 5.98546e-07 0.150844 1.06224e-07 5.98546e-07 0.150844 1.06224e-07 5.98546e-07 0.150844 1.06224e-07 5.98546e-07 0.150844 1.06224e-07 5.98546e-07 0.150844 1.06224e-07 5.98546e-07 0.150844 1.06224e-07 5.98546e-07 0.150844 1.06224e-07 5.98546e-07 0.150844 1.06224e-07 5.98546e-07 0.150844 1.06224e-07 5.98546e-07 0.150844 1.06224e-07 5.98546e-07 0.150844 1.06224e-07 5.98546e-07 0.150844 1.06224e-07 5.98546e-07 0.150844 1.06224e-07 5.98546e-07 0.150844 1.06224e-07 5.98546e-07 0.150844 1.06224e-07 5.98546e-07 0.150844 1.06224e-07 5.98546e-07 0.150844 1.06224e-07 5.98546e-07 0.150844 1.06224e-07 5.98546e-07 0.150844 1.06224e-07 5.98546e-07 0.150844 1.06224e-07</float_array><technique_common><accessor source="#hpl_mixamorigwLeftToeBase-trans-array" count="35" stride="3" /></technique_common></source>
      <source id="hpl_mixamorigwLeftToeBase-rotz"><float_array id="hpl_mixamorigwLeftToeBase-rotz-array" count="35">0.552145 0.601901 0.660917 0.685748 0.697215 0.729631 0.773876 0.787796 0.810063 0.868893 0.827429 0.958383 0.930616 0.696243 0.607775 0.532389 0.474338 0.41667 0.364262 0.359316 0.399579 0.444335 0.451049 0.43253 0.397684 0.316531 0.278421 0.350292 0.518117 0.808023 1.46143 2.4771 2.75378 1.30109 0.552145</float_array><technique_common><accessor source="#hpl_mixamorigwLeftToeBase-rotz-array" count="35" stride="1" /></technique_common></source>
      <source id="hpl_mixamorigwLeftToeBase-roty"><float_array id="hpl_mixamorigwLeftToeBase-roty-array" count="35">-1.06816 -1.12002 -1.20598 -1.27765 -1.2983 -1.26454 -1.17001 -1.06596 -1.12156 -1.31558 -1.40979 -1.42697 -1.37412 -1.20459 -1.06528 -0.958794 -0.939112 -0.918123 -0.920106 -0.900553 -0.865621 -0.819907 -0.78499 -0.769409 -0.789052 -0.837874 -0.870934 -0.879135 -1.06441 -1.43511 -1.82676 -2.38941 -2.60291 -1.79054 -1.06816</float_array><technique_common><accessor source="#hpl_mixamorigwLeftToeBase-roty-array" count="35" stride="1" /></technique_common></source>
      <source id="hpl_mixamorigwLeftToeBase-rotx"><float_array id="hpl_mixamorigwLeftToeBase-rotx-array" count="35">-48.4326 -48.2508 -48.2839 -48.3248 -48.5011 -48.5971 -48.366 -47.6544 -47.4288 -47.9558 -48.185 -48.5254 -48.6981 -47.4818 -46.435 -45.2868 -44.9876 -44.6518 -44.3958 -44.2565 -44.2518 -44.2541 -44.1854 -44.1235 -44.1128 -44.0162 -44.1738 -44.7634 -46.5207 -49.9627 -56.0552 -65.6401 -69.0901 -56.2211 -48.4326</float_array><technique_common><accessor source="#hpl_mixamorigwLeftToeBase-rotx-array" count="35" stride="1" /></technique_common></source>
      <sampler id="hpl_mixamorigwLeftToeBase-trans-sampler"><input semantic="INPUT" source="#hpl_mixamorigwLeftToeBase-time" /><input semantic="OUTPUT" source="#hpl_mixamorigwLeftToeBase-trans" /></sampler><channel source="#hpl_mixamorigwLeftToeBase-trans-sampler" target="mixamorigwLeftToeBase/translate" />
      <sampler id="hpl_mixamorigwLeftToeBase-rotz-sampler"><input semantic="INPUT" source="#hpl_mixamorigwLeftToeBase-time" /><input semantic="OUTPUT" source="#hpl_mixamorigwLeftToeBase-rotz" /></sampler><channel source="#hpl_mixamorigwLeftToeBase-rotz-sampler" target="mixamorigwLeftToeBase/rotateZ.ANGLE" />
      <sampler id="hpl_mixamorigwLeftToeBase-roty-sampler"><input semantic="INPUT" source="#hpl_mixamorigwLeftToeBase-time" /><input semantic="OUTPUT" source="#hpl_mixamorigwLeftToeBase-roty" /></sampler><channel source="#hpl_mixamorigwLeftToeBase-roty-sampler" target="mixamorigwLeftToeBase/rotateY.ANGLE" />
      <sampler id="hpl_mixamorigwLeftToeBase-rotx-sampler"><input semantic="INPUT" source="#hpl_mixamorigwLeftToeBase-time" /><input semantic="OUTPUT" source="#hpl_mixamorigwLeftToeBase-rotx" /></sampler><channel source="#hpl_mixamorigwLeftToeBase-rotx-sampler" target="mixamorigwLeftToeBase/rotateX.ANGLE" />
    </animation>
    <animation id="hpl_mixamorigwRightUpLeg">
      <source id="hpl_mixamorigwRightUpLeg-time"><float_array id="hpl_mixamorigwRightUpLeg-time-array" count="35">0 1 2 3 4 5 6 7 8 9 10 11 12 13 14 15 16 17 18 19 20 21 22 23 24 25 26 27 28 29 30 31 32 33 34</float_array><technique_common><accessor source="#hpl_mixamorigwRightUpLeg-time-array" count="35" stride="1" /></technique_common></source>
      <source id="hpl_mixamorigwRightUpLeg-trans"><float_array id="hpl_mixamorigwRightUpLeg-trans-array" count="105">-0.0952037 -0.0839154 0.0339068 -0.0952037 -0.0839154 0.0339068 -0.0952037 -0.0839154 0.0339068 -0.0952037 -0.0839154 0.0339068 -0.0952037 -0.0839154 0.0339068 -0.0952037 -0.0839154 0.0339068 -0.0952037 -0.0839154 0.0339068 -0.0952037 -0.0839154 0.0339068 -0.0952037 -0.0839154 0.0339068 -0.0952037 -0.0839154 0.0339068 -0.0952037 -0.0839154 0.0339068 -0.0952037 -0.0839154 0.0339068 -0.0952037 -0.0839154 0.0339068 -0.0952037 -0.0839154 0.0339068 -0.0952037 -0.0839154 0.0339068 -0.0952037 -0.0839154 0.0339068 -0.0952037 -0.0839154 0.0339068 -0.0952037 -0.0839154 0.0339068 -0.0952037 -0.0839154 0.0339068 -0.0952037 -0.0839154 0.0339068 -0.0952037 -0.0839154 0.0339068 -0.0952037 -0.0839154 0.0339068 -0.0952037 -0.0839154 0.0339068 -0.0952037 -0.0839154 0.0339068 -0.0952037 -0.0839154 0.0339068 -0.0952037 -0.0839154 0.0339068 -0.0952037 -0.0839154 0.0339068 -0.0952037 -0.0839154 0.0339068 -0.0952037 -0.0839154 0.0339068 -0.0952037 -0.0839154 0.0339068 -0.0952037 -0.0839154 0.0339068 -0.0952037 -0.0839154 0.0339068 -0.0952037 -0.0839154 0.0339068 -0.0952037 -0.0839154 0.0339068 -0.0952037 -0.0839154 0.0339068</float_array><technique_common><accessor source="#hpl_mixamorigwRightUpLeg-trans-array" count="35" stride="3" /></technique_common></source>
      <source id="hpl_mixamorigwRightUpLeg-rotz"><float_array id="hpl_mixamorigwRightUpLeg-rotz-array" count="35">12.2377 12.2106 11.4597 10.2018 8.88258 7.89523 7.22817 6.8978 6.66108 6.57504 6.23948 5.54836 4.15651 2.89342 1.89426 0.882419 -0.0605265 -0.432557 0.0135496 0.983172 2.14997 3.20927 3.8463 3.72572 2.8289 1.41647 1.47526 3.71003 5.88474 7.39322 8.26601 8.74427 9.33073 10.229 12.2377</float_array><technique_common><accessor source="#hpl_mixamorigwRightUpLeg-rotz-array" count="35" stride="1" /></technique_common></source>
      <source id="hpl_mixamorigwRightUpLeg-roty"><float_array id="hpl_mixamorigwRightUpLeg-roty-array" count="35">-2.11745 -3.18424 -4.18206 -4.79602 -5.103 -5.19461 -5.2105 -5.3896 -6.1625 -7.47501 -8.72542 -9.48721 -10.9412 -12.5448 -13.7202 -14.2025 -13.9258 -12.8819 -11.6126 -10.2777 -8.80132 -7.28018 -5.97894 -5.03856 -4.53833 -4.68377 -5.18443 -5.57153 -5.99873 -5.27877 -2.91983 -0.785988 0.374137 0.632654 -2.11745</float_array><technique_common><accessor source="#hpl_mixamorigwRightUpLeg-roty-array" count="35" stride="1" /></technique_common></source>
      <source id="hpl_mixamorigwRightUpLeg-rotx"><float_array id="hpl_mixamorigwRightUpLeg-rotx-array" count="35">130.855 136.201 141.84 147.115 151.806 155.934 159.646 162.736 166.466 169.527 172.048 174.784 176.781 175.828 172.859 168.591 163.136 156.943 150.576 144.379 138.467 132.996 128.583 125.995 125.82 127.608 127.555 123.467 123.232 124.835 121.523 120.743 122.826 126.393 130.855</float_array><technique_common><accessor source="#hpl_mixamorigwRightUpLeg-rotx-array" count="35" stride="1" /></technique_common></source>
      <sampler id="hpl_mixamorigwRightUpLeg-trans-sampler"><input semantic="INPUT" source="#hpl_mixamorigwRightUpLeg-time" /><input semantic="OUTPUT" source="#hpl_mixamorigwRightUpLeg-trans" /></sampler><channel source="#hpl_mixamorigwRightUpLeg-trans-sampler" target="mixamorigwRightUpLeg/translate" />
      <sampler id="hpl_mixamorigwRightUpLeg-rotz-sampler"><input semantic="INPUT" source="#hpl_mixamorigwRightUpLeg-time" /><input semantic="OUTPUT" source="#hpl_mixamorigwRightUpLeg-rotz" /></sampler><channel source="#hpl_mixamorigwRightUpLeg-rotz-sampler" target="mixamorigwRightUpLeg/rotateZ.ANGLE" />
      <sampler id="hpl_mixamorigwRightUpLeg-roty-sampler"><input semantic="INPUT" source="#hpl_mixamorigwRightUpLeg-time" /><input semantic="OUTPUT" source="#hpl_mixamorigwRightUpLeg-roty" /></sampler><channel source="#hpl_mixamorigwRightUpLeg-roty-sampler" target="mixamorigwRightUpLeg/rotateY.ANGLE" />
      <sampler id="hpl_mixamorigwRightUpLeg-rotx-sampler"><input semantic="INPUT" source="#hpl_mixamorigwRightUpLeg-time" /><input semantic="OUTPUT" source="#hpl_mixamorigwRightUpLeg-rotx" /></sampler><channel source="#hpl_mixamorigwRightUpLeg-rotx-sampler" target="mixamorigwRightUpLeg/rotateX.ANGLE" />
    </animation>
    <animation id="hpl_mixamorigwRightLeg">
      <source id="hpl_mixamorigwRightLeg-time"><float_array id="hpl_mixamorigwRightLeg-time-array" count="35">0 1 2 3 4 5 6 7 8 9 10 11 12 13 14 15 16 17 18 19 20 21 22 23 24 25 26 27 28 29 30 31 32 33 34</float_array><technique_common><accessor source="#hpl_mixamorigwRightLeg-time-array" count="35" stride="1" /></technique_common></source>
      <source id="hpl_mixamorigwRightLeg-trans"><float_array id="hpl_mixamorigwRightLeg-trans-array" count="105">-3.58077e-07 0.36282 -8.80395e-09 -3.58077e-07 0.36282 -8.80395e-09 -3.58077e-07 0.36282 -8.80395e-09 -3.58077e-07 0.36282 -8.80395e-09 -3.58077e-07 0.36282 -8.80395e-09 -3.58077e-07 0.36282 -8.80395e-09 -3.58077e-07 0.36282 -8.80395e-09 -3.58077e-07 0.36282 -8.80395e-09 -3.58077e-07 0.36282 -8.80395e-09 -3.58077e-07 0.36282 -8.80395e-09 -3.58077e-07 0.36282 -8.80395e-09 -3.58077e-07 0.36282 -8.80395e-09 -3.58077e-07 0.36282 -8.80395e-09 -3.58077e-07 0.36282 -8.80395e-09 -3.58077e-07 0.36282 -8.80395e-09 -3.58077e-07 0.36282 -8.80395e-09 -3.58077e-07 0.36282 -8.80395e-09 -3.58077e-07 0.36282 -8.80395e-09 -3.58077e-07 0.36282 -8.80395e-09 -3.58077e-07 0.36282 -8.80395e-09 -3.58077e-07 0.36282 -8.80395e-09 -3.58077e-07 0.36282 -8.80395e-09 -3.58077e-07 0.36282 -8.80395e-09 -3.58077e-07 0.36282 -8.80395e-09 -3.58077e-07 0.36282 -8.80395e-09 -3.58077e-07 0.36282 -8.80395e-09 -3.58077e-07 0.36282 -8.80395e-09 -3.58077e-07 0.36282 -8.80395e-09 -3.58077e-07 0.36282 -8.80395e-09 -3.58077e-07 0.36282 -8.80395e-09 -3.58077e-07 0.36282 -8.80395e-09 -3.58077e-07 0.36282 -8.80395e-09 -3.58077e-07 0.36282 -8.80395e-09 -3.58077e-07 0.36282 -8.80395e-09 -3.58077e-07 0.36282 -8.80395e-09</float_array><technique_common><accessor source="#hpl_mixamorigwRightLeg-trans-array" count="35" stride="3" /></technique_common></source>
      <source id="hpl_mixamorigwRightLeg-rotz"><float_array id="hpl_mixamorigwRightLeg-rotz-array" count="35">2.51812 2.37214 2.07328 1.71198 1.40591 1.22882 1.13352 1.10772 0.893239 0.809753 0.7591 0.718108 0.777736 1.30091 2.15146 2.89934 3.71066 4.36214 4.66614 4.77449 4.80993 4.77038 4.56946 4.03289 2.89497 1.28267 0.157786 0.193853 0.105581 0.098261 0.850015 1.65315 2.23756 2.51063 2.51812</float_array><technique_common><accessor source="#hpl_mixamorigwRightLeg-rotz-array" count="35" stride="1" /></technique_common></source>
      <source id="hpl_mixamorigwRightLeg-roty"><float_array id="hpl_mixamorigwRightLeg-roty-array" count="35">-2.21001 -2.09205 -1.94217 -1.81805 -1.76632 -1.73642 -1.65386 -1.48985 -1.30915 -1.37925 -1.42514 -1.49663 -1.66685 -1.97419 -2.41095 -3.03007 -3.86167 -4.78136 -5.3258 -5.42506 -5.21495 -4.75999 -4.19117 -3.52308 -2.68683 -2.0173 -1.92361 -2.09546 -2.12092 -2.22328 -2.38578 -2.39774 -2.29899 -2.21513 -2.21001</float_array><technique_common><accessor source="#hpl_mixamorigwRightLeg-roty-array" count="35" stride="1" /></technique_common></source>
      <source id="hpl_mixamorigwRightLeg-rotx"><float_array id="hpl_mixamorigwRightLeg-rotx-array" count="35">28.036 25.3525 22.2296 19.4226 16.9801 15.0794 13.312 12.459 10.3819 9.31345 8.83013 8.2768 8.55961 14.0713 24.0024 35.7695 47.8776 58.9732 67.2974 71.8249 72.5781 69.5685 62.7309 51.5948 35.2717 15.599 1.60773 1.60202 1.61337 1.61393 12.0563 20.9431 26.8665 29.3261 28.036</float_array><technique_common><accessor source="#hpl_mixamorigwRightLeg-rotx-array" count="35" stride="1" /></technique_common></source>
      <sampler id="hpl_mixamorigwRightLeg-trans-sampler"><input semantic="INPUT" source="#hpl_mixamorigwRightLeg-time" /><input semantic="OUTPUT" source="#hpl_mixamorigwRightLeg-trans" /></sampler><channel source="#hpl_mixamorigwRightLeg-trans-sampler" target="mixamorigwRightLeg/translate" />
      <sampler id="hpl_mixamorigwRightLeg-rotz-sampler"><input semantic="INPUT" source="#hpl_mixamorigwRightLeg-time" /><input semantic="OUTPUT" source="#hpl_mixamorigwRightLeg-rotz" /></sampler><channel source="#hpl_mixamorigwRightLeg-rotz-sampler" target="mixamorigwRightLeg/rotateZ.ANGLE" />
      <sampler id="hpl_mixamorigwRightLeg-roty-sampler"><input semantic="INPUT" source="#hpl_mixamorigwRightLeg-time" /><input semantic="OUTPUT" source="#hpl_mixamorigwRightLeg-roty" /></sampler><channel source="#hpl_mixamorigwRightLeg-roty-sampler" target="mixamorigwRightLeg/rotateY.ANGLE" />
      <sampler id="hpl_mixamorigwRightLeg-rotx-sampler"><input semantic="INPUT" source="#hpl_mixamorigwRightLeg-time" /><input semantic="OUTPUT" source="#hpl_mixamorigwRightLeg-rotx" /></sampler><channel source="#hpl_mixamorigwRightLeg-rotx-sampler" target="mixamorigwRightLeg/rotateX.ANGLE" />
    </animation>
    <animation id="hpl_mixamorigwRightFoot">
      <source id="hpl_mixamorigwRightFoot-time"><float_array id="hpl_mixamorigwRightFoot-time-array" count="35">0 1 2 3 4 5 6 7 8 9 10 11 12 13 14 15 16 17 18 19 20 21 22 23 24 25 26 27 28 29 30 31 32 33 34</float_array><technique_common><accessor source="#hpl_mixamorigwRightFoot-time-array" count="35" stride="1" /></technique_common></source>
      <source id="hpl_mixamorigwRightFoot-trans"><float_array id="hpl_mixamorigwRightFoot-trans-array" count="105">6.07786e-07 0.358719 1.03594e-07 6.07786e-07 0.358719 1.03594e-07 6.07786e-07 0.358719 1.03594e-07 6.07786e-07 0.358719 1.03594e-07 6.07786e-07 0.358719 1.03594e-07 6.07786e-07 0.358719 1.03594e-07 6.07786e-07 0.358719 1.03594e-07 6.07786e-07 0.358719 1.03594e-07 6.07786e-07 0.358719 1.03594e-07 6.07786e-07 0.358719 1.03594e-07 6.07786e-07 0.358719 1.03594e-07 6.07786e-07 0.358719 1.03594e-07 6.07786e-07 0.358719 1.03594e-07 6.07786e-07 0.358719 1.03594e-07 6.07786e-07 0.358719 1.03594e-07 6.07786e-07 0.358719 1.03594e-07 6.07786e-07 0.358719 1.03594e-07 6.07786e-07 0.358719 1.03594e-07 6.07786e-07 0.358719 1.03594e-07 6.07786e-07 0.358719 1.03594e-07 6.07786e-07 0.358719 1.03594e-07 6.07786e-07 0.358719 1.03594e-07 6.07786e-07 0.358719 1.03594e-07 6.07786e-07 0.358719 1.03594e-07 6.07786e-07 0.358719 1.03594e-07 6.07786e-07 0.358719 1.03594e-07 6.07786e-07 0.358719 1.03594e-07 6.07786e-07 0.358719 1.03594e-07 6.07786e-07 0.358719 1.03594e-07 6.07786e-07 0.358719 1.03594e-07 6.07786e-07 0.358719 1.03594e-07 6.07786e-07 0.358719 1.03594e-07 6.07786e-07 0.358719 1.03594e-07 6.07786e-07 0.358719 1.03594e-07 6.07786e-07 0.358719 1.03594e-07</float_array><technique_common><accessor source="#hpl_mixamorigwRightFoot-trans-array" count="35" stride="3" /></technique_common></source>
      <source id="hpl_mixamorigwRightFoot-rotz"><float_array id="hpl_mixamorigwRightFoot-rotz-array" count="35">4.67381 4.29758 3.77558 3.17574 2.60981 2.14804 1.78481 1.37838 1.15288 0.785747 0.0657675 -0.251674 -0.982066 -1.29489 -0.992103 -1.04613 -2.85388 -2.53033 0.0461388 2.7649 4.29569 4.5618 3.96141 3.24142 3.66431 4.27325 2.46699 -0.972696 -1.77641 0.714403 3.55538 5.03261 4.83151 4.59193 4.67381</float_array><technique_common><accessor source="#hpl_mixamorigwRightFoot-rotz-array" count="35" stride="1" /></technique_common></source>
      <source id="hpl_mixamorigwRightFoot-roty"><float_array id="hpl_mixamorigwRightFoot-roty-array" count="35">8.49354 7.94327 7.5507 7.44542 7.54132 7.78843 8.05594 8.14229 7.60429 6.75436 5.68306 5.28336 4.52194 3.79863 2.82164 1.14758 0.277182 1.91124 5.90624 9.86226 12.281 13.3503 13.8095 14.3113 14.5016 12.6597 11.5184 12.1224 11.5666 10.1338 9.32865 9.79137 10.5569 10.6232 8.49354</float_array><technique_common><accessor source="#hpl_mixamorigwRightFoot-roty-array" count="35" stride="1" /></technique_common></source>
      <source id="hpl_mixamorigwRightFoot-rotx"><float_array id="hpl_mixamorigwRightFoot-rotx-array" count="35">-51.9823 -53.9203 -55.5757 -57.184 -58.8633 -60.8121 -62.8289 -65.3235 -67.3935 -69.1123 -69.9589 -68.0683 -64.1987 -59.5616 -51.9983 -41.1533 -30.5697 -28.6343 -32.8221 -37.2569 -40.6816 -43.0374 -44.4116 -44.1863 -42.4783 -40.3228 -40.4032 -44.6802 -43.4375 -37.3386 -34.3007 -35.9811 -42.9119 -47.8941 -51.9823</float_array><technique_common><accessor source="#hpl_mixamorigwRightFoot-rotx-array" count="35" stride="1" /></technique_common></source>
      <sampler id="hpl_mixamorigwRightFoot-trans-sampler"><input semantic="INPUT" source="#hpl_mixamorigwRightFoot-time" /><input semantic="OUTPUT" source="#hpl_mixamorigwRightFoot-trans" /></sampler><channel source="#hpl_mixamorigwRightFoot-trans-sampler" target="mixamorigwRightFoot/translate" />
      <sampler id="hpl_mixamorigwRightFoot-rotz-sampler"><input semantic="INPUT" source="#hpl_mixamorigwRightFoot-time" /><input semantic="OUTPUT" source="#hpl_mixamorigwRightFoot-rotz" /></sampler><channel source="#hpl_mixamorigwRightFoot-rotz-sampler" target="mixamorigwRightFoot/rotateZ.ANGLE" />
      <sampler id="hpl_mixamorigwRightFoot-roty-sampler"><input semantic="INPUT" source="#hpl_mixamorigwRightFoot-time" /><input semantic="OUTPUT" source="#hpl_mixamorigwRightFoot-roty" /></sampler><channel source="#hpl_mixamorigwRightFoot-roty-sampler" target="mixamorigwRightFoot/rotateY.ANGLE" />
      <sampler id="hpl_mixamorigwRightFoot-rotx-sampler"><input semantic="INPUT" source="#hpl_mixamorigwRightFoot-time" /><input semantic="OUTPUT" source="#hpl_mixamorigwRightFoot-rotx" /></sampler><channel source="#hpl_mixamorigwRightFoot-rotx-sampler" target="mixamorigwRightFoot/rotateX.ANGLE" />
    </animation>
    <animation id="hpl_mixamorigwRightToeBase">
      <source id="hpl_mixamorigwRightToeBase-time"><float_array id="hpl_mixamorigwRightToeBase-time-array" count="35">0 1 2 3 4 5 6 7 8 9 10 11 12 13 14 15 16 17 18 19 20 21 22 23 24 25 26 27 28 29 30 31 32 33 34</float_array><technique_common><accessor source="#hpl_mixamorigwRightToeBase-time-array" count="35" stride="1" /></technique_common></source>
      <source id="hpl_mixamorigwRightToeBase-trans"><float_array id="hpl_mixamorigwRightToeBase-trans-array" count="105">-2.32514e-07 0.150699 -6.5721e-08 -2.32514e-07 0.150699 -6.5721e-08 -2.32514e-07 0.150699 -6.5721e-08 -2.32514e-07 0.150699 -6.5721e-08 -2.32514e-07 0.150699 -6.5721e-08 -2.32514e-07 0.150699 -6.5721e-08 -2.32514e-07 0.150699 -6.5721e-08 -2.32514e-07 0.150699 -6.5721e-08 -2.32514e-07 0.150699 -6.5721e-08 -2.32514e-07 0.150699 -6.5721e-08 -2.32514e-07 0.150699 -6.5721e-08 -2.32514e-07 0.150699 -6.5721e-08 -2.32514e-07 0.150699 -6.5721e-08 -2.32514e-07 0.150699 -6.5721e-08 -2.32514e-07 0.150699 -6.5721e-08 -2.32514e-07 0.150699 -6.5721e-08 -2.32514e-07 0.150699 -6.5721e-08 -2.32514e-07 0.150699 -6.5721e-08 -2.32514e-07 0.150699 -6.5721e-08 -2.32514e-07 0.150699 -6.5721e-08 -2.32514e-07 0.150699 -6.5721e-08 -2.32514e-07 0.150699 -6.5721e-08 -2.32514e-07 0.150699 -6.5721e-08 -2.32514e-07 0.150699 -6.5721e-08 -2.32514e-07 0.150699 -6.5721e-08 -2.32514e-07 0.150699 -6.5721e-08 -2.32514e-07 0.150699 -6.5721e-08 -2.32514e-07 0.150699 -6.5721e-08 -2.32514e-07 0.150699 -6.5721e-08 -2.32514e-07 0.150699 -6.5721e-08 -2.32514e-07 0.150699 -6.5721e-08 -2.32514e-07 0.150699 -6.5721e-08 -2.32514e-07 0.150699 -6.5721e-08 -2.32514e-07 0.150699 -6.5721e-08 -2.32514e-07 0.150699 -6.5721e-08</float_array><technique_common><accessor source="#hpl_mixamorigwRightToeBase-trans-array" count="35" stride="3" /></technique_common></source>
      <source id="hpl_mixamorigwRightToeBase-rotz"><float_array id="hpl_mixamorigwRightToeBase-rotz-array" count="35">0.207343 0.195291 0.153131 0.104826 0.100421 0.143006 0.196607 0.236953 0.264952 0.276968 0.221809 -0.0350818 -0.669855 -1.67414 -2.9654 -3.17273 -1.08696 -0.200059 -0.103255 -0.0925701 -0.103469 -0.180418 -0.31576 -0.406021 -0.413135 -0.508097 -0.505424 -0.502933 -0.615809 -0.652397 -0.511258 -0.121237 0.114054 0.143552 0.207343</float_array><technique_common><accessor source="#hpl_mixamorigwRightToeBase-rotz-array" count="35" stride="1" /></technique_common></source>
      <source id="hpl_mixamorigwRightToeBase-roty"><float_array id="hpl_mixamorigwRightToeBase-roty-array" count="35">2.90375 2.83764 2.76253 2.68621 2.60239 2.52153 2.48607 2.52551 2.62285 2.73108 2.88293 3.06045 3.49646 4.14477 4.79862 4.9599 3.87601 3.04406 2.9237 2.92609 2.95727 3.01159 3.05922 3.07138 2.99677 3.02974 3.13092 3.18876 3.19177 3.20563 3.18062 3.07713 2.96992 2.91907 2.90375</float_array><technique_common><accessor source="#hpl_mixamorigwRightToeBase-roty-array" count="35" stride="1" /></technique_common></source>
      <source id="hpl_mixamorigwRightToeBase-rotx"><float_array id="hpl_mixamorigwRightToeBase-rotx-array" count="35">-46.2004 -46.0385 -45.9485 -45.8453 -45.5358 -45.0568 -44.6904 -44.6446 -44.8983 -45.4028 -46.2141 -47.948 -52.2829 -59.1675 -67.7755 -69.6331 -55.2526 -48.4731 -47.9331 -48.0651 -48.2859 -48.753 -49.3764 -49.5645 -49.099 -49.1227 -49.2119 -49.1816 -49.672 -50.4025 -50.074 -48.1203 -46.7557 -46.4343 -46.2004</float_array><technique_common><accessor source="#hpl_mixamorigwRightToeBase-rotx-array" count="35" stride="1" /></technique_common></source>
      <sampler id="hpl_mixamorigwRightToeBase-trans-sampler"><input semantic="INPUT" source="#hpl_mixamorigwRightToeBase-time" /><input semantic="OUTPUT" source="#hpl_mixamorigwRightToeBase-trans" /></sampler><channel source="#hpl_mixamorigwRightToeBase-trans-sampler" target="mixamorigwRightToeBase/translate" />
      <sampler id="hpl_mixamorigwRightToeBase-rotz-sampler"><input semantic="INPUT" source="#hpl_mixamorigwRightToeBase-time" /><input semantic="OUTPUT" source="#hpl_mixamorigwRightToeBase-rotz" /></sampler><channel source="#hpl_mixamorigwRightToeBase-rotz-sampler" target="mixamorigwRightToeBase/rotateZ.ANGLE" />
      <sampler id="hpl_mixamorigwRightToeBase-roty-sampler"><input semantic="INPUT" source="#hpl_mixamorigwRightToeBase-time" /><input semantic="OUTPUT" source="#hpl_mixamorigwRightToeBase-roty" /></sampler><channel source="#hpl_mixamorigwRightToeBase-roty-sampler" target="mixamorigwRightToeBase/rotateY.ANGLE" />
      <sampler id="hpl_mixamorigwRightToeBase-rotx-sampler"><input semantic="INPUT" source="#hpl_mixamorigwRightToeBase-time" /><input semantic="OUTPUT" source="#hpl_mixamorigwRightToeBase-rotx" /></sampler><channel source="#hpl_mixamorigwRightToeBase-rotx-sampler" target="mixamorigwRightToeBase/rotateX.ANGLE" />
    </animation>
    <animation id="hpl_mixamorigwSpine">
      <source id="hpl_mixamorigwSpine-time"><float_array id="hpl_mixamorigwSpine-time-array" count="35">0 1 2 3 4 5 6 7 8 9 10 11 12 13 14 15 16 17 18 19 20 21 22 23 24 25 26 27 28 29 30 31 32 33 34</float_array><technique_common><accessor source="#hpl_mixamorigwSpine-time-array" count="35" stride="1" /></technique_common></source>
      <source id="hpl_mixamorigwSpine-trans"><float_array id="hpl_mixamorigwSpine-trans-array" count="105">-0.000581253 0.1216 -0.0672236 -0.000581253 0.1216 -0.0672236 -0.000581253 0.1216 -0.0672236 -0.000581253 0.1216 -0.0672236 -0.000581253 0.1216 -0.0672236 -0.000581253 0.1216 -0.0672236 -0.000581253 0.1216 -0.0672236 -0.000581253 0.1216 -0.0672236 -0.000581253 0.1216 -0.0672236 -0.000581253 0.1216 -0.0672236 -0.000581253 0.1216 -0.0672236 -0.000581253 0.1216 -0.0672236 -0.000581253 0.1216 -0.0672236 -0.000581253 0.1216 -0.0672236 -0.000581253 0.1216 -0.0672236 -0.000581253 0.1216 -0.0672236 -0.000581253 0.1216 -0.0672236 -0.000581253 0.1216 -0.0672236 -0.000581253 0.1216 -0.0672236 -0.000581253 0.1216 -0.0672236 -0.000581253 0.1216 -0.0672236 -0.000581253 0.1216 -0.0672236 -0.000581253 0.1216 -0.0672236 -0.000581253 0.1216 -0.0672236 -0.000581253 0.1216 -0.0672236 -0.000581253 0.1216 -0.0672236 -0.000581253 0.1216 -0.0672236 -0.000581253 0.1216 -0.0672236 -0.000581253 0.1216 -0.0672236 -0.000581253 0.1216 -0.0672236 -0.000581253 0.1216 -0.0672236 -0.000581253 0.1216 -0.0672236 -0.000581253 0.1216 -0.0672236 -0.000581253 0.1216 -0.0672236 -0.000581253 0.1216 -0.0672236</float_array><technique_common><accessor source="#hpl_mixamorigwSpine-trans-array" count="35" stride="3" /></technique_common></source>
      <source id="hpl_mixamorigwSpine-rotz"><float_array id="hpl_mixamorigwSpine-rotz-array" count="35">2.54103 2.64397 2.49684 2.16383 1.83299 1.70015 1.81908 2.19438 2.66787 3.04924 3.20763 2.98803 1.6454 0.276412 -0.548062 -1.16897 -1.77174 -2.18224 -2.17145 -2.01145 -1.8011 -1.53388 -1.39016 -1.56757 -2.11084 -2.86398 -3.33934 -3.49879 -3.26629 -2.17302 -0.757822 0.156762 0.769356 1.42405 2.54103</float_array><technique_common><accessor source="#hpl_mixamorigwSpine-rotz-array" count="35" stride="1" /></technique_common></source>
      <source id="hpl_mixamorigwSpine-roty"><float_array id="hpl_mixamorigwSpine-roty-array" count="35">1.26094 1.45552 1.49635 1.47929 1.50184 1.53859 1.60619 1.74935 1.98624 2.19428 2.37839 2.22797 1.55375 0.670804 0.0357433 -0.322739 -0.532063 -0.797784 -0.958932 -1.06251 -1.20454 -1.45554 -1.78145 -2.01413 -2.11719 -2.33745 -2.52598 -2.45713 -2.36999 -1.92623 -1.08821 -0.399609 0.118594 0.524478 1.26094</float_array><technique_common><accessor source="#hpl_mixamorigwSpine-roty-array" count="35" stride="1" /></technique_common></source>
      <source id="hpl_mixamorigwSpine-rotx"><float_array id="hpl_mixamorigwSpine-rotx-array" count="35">-28.3762 -28.0131 -27.5399 -27.0123 -26.5625 -26.3159 -26.2495 -26.2881 -26.3202 -26.5102 -26.9558 -27.3148 -28.0821 -28.7724 -28.9744 -28.7924 -28.4333 -28.119 -27.7775 -27.3401 -26.8801 -26.4556 -26.1102 -25.8979 -25.7943 -25.8732 -26.2366 -26.4589 -26.8186 -27.7901 -28.9043 -29.4463 -29.2261 -28.802 -28.3762</float_array><technique_common><accessor source="#hpl_mixamorigwSpine-rotx-array" count="35" stride="1" /></technique_common></source>
      <sampler id="hpl_mixamorigwSpine-trans-sampler"><input semantic="INPUT" source="#hpl_mixamorigwSpine-time" /><input semantic="OUTPUT" source="#hpl_mixamorigwSpine-trans" /></sampler><channel source="#hpl_mixamorigwSpine-trans-sampler" target="mixamorigwSpine/translate" />
      <sampler id="hpl_mixamorigwSpine-rotz-sampler"><input semantic="INPUT" source="#hpl_mixamorigwSpine-time" /><input semantic="OUTPUT" source="#hpl_mixamorigwSpine-rotz" /></sampler><channel source="#hpl_mixamorigwSpine-rotz-sampler" target="mixamorigwSpine/rotateZ.ANGLE" />
      <sampler id="hpl_mixamorigwSpine-roty-sampler"><input semantic="INPUT" source="#hpl_mixamorigwSpine-time" /><input semantic="OUTPUT" source="#hpl_mixamorigwSpine-roty" /></sampler><channel source="#hpl_mixamorigwSpine-roty-sampler" target="mixamorigwSpine/rotateY.ANGLE" />
      <sampler id="hpl_mixamorigwSpine-rotx-sampler"><input semantic="INPUT" source="#hpl_mixamorigwSpine-time" /><input semantic="OUTPUT" source="#hpl_mixamorigwSpine-rotx" /></sampler><channel source="#hpl_mixamorigwSpine-rotx-sampler" target="mixamorigwSpine/rotateX.ANGLE" />
    </animation>
    <animation id="hpl_mixamorigwSpine1">
      <source id="hpl_mixamorigwSpine1-time"><float_array id="hpl_mixamorigwSpine1-time-array" count="35">0 1 2 3 4 5 6 7 8 9 10 11 12 13 14 15 16 17 18 19 20 21 22 23 24 25 26 27 28 29 30 31 32 33 34</float_array><technique_common><accessor source="#hpl_mixamorigwSpine1-time-array" count="35" stride="1" /></technique_common></source>
      <source id="hpl_mixamorigwSpine1-trans"><float_array id="hpl_mixamorigwSpine1-trans-array" count="105">1.55939e-10 0.13894 -2.99993e-07 1.55939e-10 0.13894 -2.99993e-07 1.55939e-10 0.13894 -2.99993e-07 1.55939e-10 0.13894 -2.99993e-07 1.55939e-10 0.13894 -2.99993e-07 1.55939e-10 0.13894 -2.99993e-07 1.55939e-10 0.13894 -2.99993e-07 1.55939e-10 0.13894 -2.99993e-07 1.55939e-10 0.13894 -2.99993e-07 1.55939e-10 0.13894 -2.99993e-07 1.55939e-10 0.13894 -2.99993e-07 1.55939e-10 0.13894 -2.99993e-07 1.55939e-10 0.13894 -2.99993e-07 1.55939e-10 0.13894 -2.99993e-07 1.55939e-10 0.13894 -2.99993e-07 1.55939e-10 0.13894 -2.99993e-07 1.55939e-10 0.13894 -2.99993e-07 1.55939e-10 0.13894 -2.99993e-07 1.55939e-10 0.13894 -2.99993e-07 1.55939e-10 0.13894 -2.99993e-07 1.55939e-10 0.13894 -2.99993e-07 1.55939e-10 0.13894 -2.99993e-07 1.55939e-10 0.13894 -2.99993e-07 1.55939e-10 0.13894 -2.99993e-07 1.55939e-10 0.13894 -2.99993e-07 1.55939e-10 0.13894 -2.99993e-07 1.55939e-10 0.13894 -2.99993e-07 1.55939e-10 0.13894 -2.99993e-07 1.55939e-10 0.13894 -2.99993e-07 1.55939e-10 0.13894 -2.99993e-07 1.55939e-10 0.13894 -2.99993e-07 1.55939e-10 0.13894 -2.99993e-07 1.55939e-10 0.13894 -2.99993e-07 1.55939e-10 0.13894 -2.99993e-07 1.55939e-10 0.13894 -2.99993e-07</float_array><technique_common><accessor source="#hpl_mixamorigwSpine1-trans-array" count="35" stride="3" /></technique_common></source>
      <source id="hpl_mixamorigwSpine1-rotz"><float_array id="hpl_mixamorigwSpine1-rotz-array" count="35">-0.0446475 -0.0811446 -0.157885 -0.225414 -0.261383 -0.247901 -0.203707 -0.145672 -0.092044 -0.00207148 0.0922681 0.079548 -0.0514858 -0.363427 -0.742066 -0.974993 -1.12881 -1.21058 -1.20631 -1.18048 -1.13764 -1.05668 -0.982683 -0.988035 -1.09936 -1.25814 -1.36814 -1.474 -1.51225 -1.37742 -1.09582 -0.804377 -0.539334 -0.328528 -0.0446475</float_array><technique_common><accessor source="#hpl_mixamorigwSpine1-rotz-array" count="35" stride="1" /></technique_common></source>
      <source id="hpl_mixamorigwSpine1-roty"><float_array id="hpl_mixamorigwSpine1-roty-array" count="35">-2.52242 -1.89419 -1.07161 -0.265854 0.447373 1.05308 1.48281 1.81658 2.19854 2.52419 2.49097 2.38027 2.2818 2.3568 2.57003 2.64223 2.46961 2.20332 1.77376 1.07266 0.161713 -0.758671 -1.61969 -2.36377 -2.973 -3.33405 -3.24313 -3.09579 -3.03904 -3.20895 -3.23013 -3.3053 -3.24646 -3.15174 -2.52242</float_array><technique_common><accessor source="#hpl_mixamorigwSpine1-roty-array" count="35" stride="1" /></technique_common></source>
      <source id="hpl_mixamorigwSpine1-rotx"><float_array id="hpl_mixamorigwSpine1-rotx-array" count="35">-10.5292 -10.3842 -10.1523 -9.91859 -9.77067 -9.70925 -9.71013 -9.73564 -9.8265 -9.94931 -10.0572 -10.2865 -10.7019 -11.0502 -11.166 -11.0446 -10.9748 -10.8683 -10.6378 -10.3242 -10.0319 -9.80587 -9.64294 -9.57067 -9.56635 -9.67727 -9.87154 -9.95901 -10.1241 -10.4498 -10.7932 -10.9196 -10.8099 -10.644 -10.5292</float_array><technique_common><accessor source="#hpl_mixamorigwSpine1-rotx-array" count="35" stride="1" /></technique_common></source>
      <sampler id="hpl_mixamorigwSpine1-trans-sampler"><input semantic="INPUT" source="#hpl_mixamorigwSpine1-time" /><input semantic="OUTPUT" source="#hpl_mixamorigwSpine1-trans" /></sampler><channel source="#hpl_mixamorigwSpine1-trans-sampler" target="mixamorigwSpine1/translate" />
      <sampler id="hpl_mixamorigwSpine1-rotz-sampler"><input semantic="INPUT" source="#hpl_mixamorigwSpine1-time" /><input semantic="OUTPUT" source="#hpl_mixamorigwSpine1-rotz" /></sampler><channel source="#hpl_mixamorigwSpine1-rotz-sampler" target="mixamorigwSpine1/rotateZ.ANGLE" />
      <sampler id="hpl_mixamorigwSpine1-roty-sampler"><input semantic="INPUT" source="#hpl_mixamorigwSpine1-time" /><input semantic="OUTPUT" source="#hpl_mixamorigwSpine1-roty" /></sampler><channel source="#hpl_mixamorigwSpine1-roty-sampler" target="mixamorigwSpine1/rotateY.ANGLE" />
      <sampler id="hpl_mixamorigwSpine1-rotx-sampler"><input semantic="INPUT" source="#hpl_mixamorigwSpine1-time" /><input semantic="OUTPUT" source="#hpl_mixamorigwSpine1-rotx" /></sampler><channel source="#hpl_mixamorigwSpine1-rotx-sampler" target="mixamorigwSpine1/rotateX.ANGLE" />
    </animation>
    <animation id="hpl_mixamorigwSpine2">
      <source id="hpl_mixamorigwSpine2-time"><float_array id="hpl_mixamorigwSpine2-time-array" count="35">0 1 2 3 4 5 6 7 8 9 10 11 12 13 14 15 16 17 18 19 20 21 22 23 24 25 26 27 28 29 30 31 32 33 34</float_array><technique_common><accessor source="#hpl_mixamorigwSpine2-time-array" count="35" stride="1" /></technique_common></source>
      <source id="hpl_mixamorigwSpine2-trans"><float_array id="hpl_mixamorigwSpine2-trans-array" count="105">7.65575e-09 0.138939 1.13691e-06 7.65575e-09 0.138939 1.13691e-06 7.65575e-09 0.138939 1.13691e-06 7.65575e-09 0.138939 1.13691e-06 7.65575e-09 0.138939 1.13691e-06 7.65575e-09 0.138939 1.13691e-06 7.65575e-09 0.138939 1.13691e-06 7.65575e-09 0.138939 1.13691e-06 7.65575e-09 0.138939 1.13691e-06 7.65575e-09 0.138939 1.13691e-06 7.65575e-09 0.138939 1.13691e-06 7.65575e-09 0.138939 1.13691e-06 7.65575e-09 0.138939 1.13691e-06 7.65575e-09 0.138939 1.13691e-06 7.65575e-09 0.138939 1.13691e-06 7.65575e-09 0.138939 1.13691e-06 7.65575e-09 0.138939 1.13691e-06 7.65575e-09 0.138939 1.13691e-06 7.65575e-09 0.138939 1.13691e-06 7.65575e-09 0.138939 1.13691e-06 7.65575e-09 0.138939 1.13691e-06 7.65575e-09 0.138939 1.13691e-06 7.65575e-09 0.138939 1.13691e-06 7.65575e-09 0.138939 1.13691e-06 7.65575e-09 0.138939 1.13691e-06 7.65575e-09 0.138939 1.13691e-06 7.65575e-09 0.138939 1.13691e-06 7.65575e-09 0.138939 1.13691e-06 7.65575e-09 0.138939 1.13691e-06 7.65575e-09 0.138939 1.13691e-06 7.65575e-09 0.138939 1.13691e-06 7.65575e-09 0.138939 1.13691e-06 7.65575e-09 0.138939 1.13691e-06 7.65575e-09 0.138939 1.13691e-06 7.65575e-09 0.138939 1.13691e-06</float_array><technique_common><accessor source="#hpl_mixamorigwSpine2-trans-array" count="35" stride="3" /></technique_common></source>
      <source id="hpl_mixamorigwSpine2-rotz"><float_array id="hpl_mixamorigwSpine2-rotz-array" count="35">3.84303 3.61489 2.97444 2.1401 1.34666 0.717777 0.306324 0.102402 -0.00827843 0.0200172 0.130715 -0.017904 -0.816324 -2.18112 -3.66287 -4.66272 -5.21323 -5.45977 -5.16478 -4.38179 -3.39932 -2.48655 -1.81942 -1.41895 -1.28477 -1.38759 -1.66607 -1.80921 -1.69377 -1.12553 -0.00933683 1.54149 2.64515 3.35486 3.84303</float_array><technique_common><accessor source="#hpl_mixamorigwSpine2-rotz-array" count="35" stride="1" /></technique_common></source>
      <source id="hpl_mixamorigwSpine2-roty"><float_array id="hpl_mixamorigwSpine2-roty-array" count="35">-5.1723 -4.51307 -3.74483 -2.89834 -2.10868 -1.52965 -1.09213 -0.78947 -0.686162 -0.692434 -0.500918 -0.379667 -0.206801 -0.0230285 0.0586267 0.0137593 -0.0445856 -0.276627 -0.672016 -1.30532 -2.1681 -3.18733 -4.13889 -4.94563 -5.51227 -5.65857 -5.67808 -5.76028 -5.53148 -5.20256 -5.35618 -5.7222 -6.01978 -5.91986 -5.1723</float_array><technique_common><accessor source="#hpl_mixamorigwSpine2-roty-array" count="35" stride="1" /></technique_common></source>
      <source id="hpl_mixamorigwSpine2-rotx"><float_array id="hpl_mixamorigwSpine2-rotx-array" count="35">10.5063 10.7405 10.8512 10.8762 10.9378 11.0931 11.3255 11.5838 11.7423 11.7279 11.7876 11.8922 12.0334 11.8869 11.6661 11.4037 11.427 11.6142 11.7275 11.6342 11.4448 11.2865 11.2557 11.3773 11.5002 11.53 11.3983 11.1987 11.0295 10.9484 10.832 10.7251 10.5506 10.4867 10.5063</float_array><technique_common><accessor source="#hpl_mixamorigwSpine2-rotx-array" count="35" stride="1" /></technique_common></source>
      <sampler id="hpl_mixamorigwSpine2-trans-sampler"><input semantic="INPUT" source="#hpl_mixamorigwSpine2-time" /><input semantic="OUTPUT" source="#hpl_mixamorigwSpine2-trans" /></sampler><channel source="#hpl_mixamorigwSpine2-trans-sampler" target="mixamorigwSpine2/translate" />
      <sampler id="hpl_mixamorigwSpine2-rotz-sampler"><input semantic="INPUT" source="#hpl_mixamorigwSpine2-time" /><input semantic="OUTPUT" source="#hpl_mixamorigwSpine2-rotz" /></sampler><channel source="#hpl_mixamorigwSpine2-rotz-sampler" target="mixamorigwSpine2/rotateZ.ANGLE" />
      <sampler id="hpl_mixamorigwSpine2-roty-sampler"><input semantic="INPUT" source="#hpl_mixamorigwSpine2-time" /><input semantic="OUTPUT" source="#hpl_mixamorigwSpine2-roty" /></sampler><channel source="#hpl_mixamorigwSpine2-roty-sampler" target="mixamorigwSpine2/rotateY.ANGLE" />
      <sampler id="hpl_mixamorigwSpine2-rotx-sampler"><input semantic="INPUT" source="#hpl_mixamorigwSpine2-time" /><input semantic="OUTPUT" source="#hpl_mixamorigwSpine2-rotx" /></sampler><channel source="#hpl_mixamorigwSpine2-rotx-sampler" target="mixamorigwSpine2/rotateX.ANGLE" />
    </animation>
    <animation id="hpl_mixamorigwLeftShoulder">
      <source id="hpl_mixamorigwLeftShoulder-time"><float_array id="hpl_mixamorigwLeftShoulder-time-array" count="35">0 1 2 3 4 5 6 7 8 9 10 11 12 13 14 15 16 17 18 19 20 21 22 23 24 25 26 27 28 29 30 31 32 33 34</float_array><technique_common><accessor source="#hpl_mixamorigwLeftShoulder-time-array" count="35" stride="1" /></technique_common></source>
      <source id="hpl_mixamorigwLeftShoulder-trans"><float_array id="hpl_mixamorigwLeftShoulder-trans-array" count="105">0.0431929 0.0719144 -0.00398513 0.0431929 0.0719144 -0.00398513 0.0431929 0.0719144 -0.00398513 0.0431929 0.0719144 -0.00398513 0.0431929 0.0719144 -0.00398513 0.0431929 0.0719144 -0.00398513 0.0431929 0.0719144 -0.00398513 0.0431929 0.0719144 -0.00398513 0.0431929 0.0719144 -0.00398513 0.0431929 0.0719144 -0.00398513 0.0431929 0.0719144 -0.00398513 0.0431929 0.0719144 -0.00398513 0.0431929 0.0719144 -0.00398513 0.0431929 0.0719144 -0.00398513 0.0431929 0.0719144 -0.00398513 0.0431929 0.0719144 -0.00398513 0.0431929 0.0719144 -0.00398513 0.0431929 0.0719144 -0.00398513 0.0431929 0.0719144 -0.00398513 0.0431929 0.0719144 -0.00398513 0.0431929 0.0719144 -0.00398513 0.0431929 0.0719144 -0.00398513 0.0431929 0.0719144 -0.00398513 0.0431929 0.0719144 -0.00398513 0.0431929 0.0719144 -0.00398513 0.0431929 0.0719144 -0.00398513 0.0431929 0.0719144 -0.00398513 0.0431929 0.0719144 -0.00398513 0.0431929 0.0719144 -0.00398513 0.0431929 0.0719144 -0.00398513 0.0431929 0.0719144 -0.00398513 0.0431929 0.0719144 -0.00398513 0.0431929 0.0719144 -0.00398513 0.0431929 0.0719144 -0.00398513 0.0431929 0.0719144 -0.00398513</float_array><technique_common><accessor source="#hpl_mixamorigwLeftShoulder-trans-array" count="35" stride="3" /></technique_common></source>
      <source id="hpl_mixamorigwLeftShoulder-rotz"><float_array id="hpl_mixamorigwLeftShoulder-rotz-array" count="35">114.674 115.297 116.494 117.625 118.409 118.546 118.497 118.863 119.619 120.681 120.752 120.713 119.961 119.267 118.911 118.555 118.097 117.491 116.556 115.715 114.698 113.549 112.306 111.125 110.345 110.047 110.708 112.136 113.373 114.34 115.254 116.04 116.319 115.558 114.674</float_array><technique_common><accessor source="#hpl_mixamorigwLeftShoulder-rotz-array" count="35" stride="1" /></technique_common></source>
      <source id="hpl_mixamorigwLeftShoulder-roty"><float_array id="hpl_mixamorigwLeftShoulder-roty-array" count="35">68.3199 67.7184 66.9511 66.0609 65.1677 64.3043 63.5692 62.9691 62.47 62.0562 61.7649 61.7132 62.1778 63.0032 63.5844 63.6888 63.6998 63.6958 64.0669 64.7931 65.747 66.8817 68.0943 69.149 70.0843 70.8068 71.1561 71.0994 70.6811 70.369 70.1223 69.703 69.1838 68.764 68.3199</float_array><technique_common><accessor source="#hpl_mixamorigwLeftShoulder-roty-array" count="35" stride="1" /></technique_common></source>
      <source id="hpl_mixamorigwLeftShoulder-rotx"><float_array id="hpl_mixamorigwLeftShoulder-rotx-array" count="35">-146.155 -145.074 -143.864 -142.654 -141.397 -140.421 -139.54 -138.402 -137.209 -135.749 -135.001 -134.687 -134.567 -134.595 -136.003 -137.622 -138.356 -138.61 -139.232 -140.83 -143.436 -146.628 -149.857 -152.668 -154.83 -156.415 -156.496 -155.35 -154.3 -152.121 -149.123 -147.484 -147.428 -148.09 -146.155</float_array><technique_common><accessor source="#hpl_mixamorigwLeftShoulder-rotx-array" count="35" stride="1" /></technique_common></source>
      <sampler id="hpl_mixamorigwLeftShoulder-trans-sampler"><input semantic="INPUT" source="#hpl_mixamorigwLeftShoulder-time" /><input semantic="OUTPUT" source="#hpl_mixamorigwLeftShoulder-trans" /></sampler><channel source="#hpl_mixamorigwLeftShoulder-trans-sampler" target="mixamorigwLeftShoulder/translate" />
      <sampler id="hpl_mixamorigwLeftShoulder-rotz-sampler"><input semantic="INPUT" source="#hpl_mixamorigwLeftShoulder-time" /><input semantic="OUTPUT" source="#hpl_mixamorigwLeftShoulder-rotz" /></sampler><channel source="#hpl_mixamorigwLeftShoulder-rotz-sampler" target="mixamorigwLeftShoulder/rotateZ.ANGLE" />
      <sampler id="hpl_mixamorigwLeftShoulder-roty-sampler"><input semantic="INPUT" source="#hpl_mixamorigwLeftShoulder-time" /><input semantic="OUTPUT" source="#hpl_mixamorigwLeftShoulder-roty" /></sampler><channel source="#hpl_mixamorigwLeftShoulder-roty-sampler" target="mixamorigwLeftShoulder/rotateY.ANGLE" />
      <sampler id="hpl_mixamorigwLeftShoulder-rotx-sampler"><input semantic="INPUT" source="#hpl_mixamorigwLeftShoulder-time" /><input semantic="OUTPUT" source="#hpl_mixamorigwLeftShoulder-rotx" /></sampler><channel source="#hpl_mixamorigwLeftShoulder-rotx-sampler" target="mixamorigwLeftShoulder/rotateX.ANGLE" />
    </animation>
    <animation id="hpl_mixamorigwLeftArm">
      <source id="hpl_mixamorigwLeftArm-time"><float_array id="hpl_mixamorigwLeftArm-time-array" count="35">0 1 2 3 4 5 6 7 8 9 10 11 12 13 14 15 16 17 18 19 20 21 22 23 24 25 26 27 28 29 30 31 32 33 34</float_array><technique_common><accessor source="#hpl_mixamorigwLeftArm-time-array" count="35" stride="1" /></technique_common></source>
      <source id="hpl_mixamorigwLeftArm-trans"><float_array id="hpl_mixamorigwLeftArm-trans-array" count="105">8.12161e-07 0.171533 -2.57949e-06 8.12161e-07 0.171533 -2.57949e-06 8.12161e-07 0.171533 -2.57949e-06 8.12161e-07 0.171533 -2.57949e-06 8.12161e-07 0.171533 -2.57949e-06 8.12161e-07 0.171533 -2.57949e-06 8.12161e-07 0.171533 -2.57949e-06 8.12161e-07 0.171533 -2.57949e-06 8.12161e-07 0.171533 -2.57949e-06 8.12161e-07 0.171533 -2.57949e-06 8.12161e-07 0.171533 -2.57949e-06 8.12161e-07 0.171533 -2.57949e-06 8.12161e-07 0.171533 -2.57949e-06 8.12161e-07 0.171533 -2.57949e-06 8.12161e-07 0.171533 -2.57949e-06 8.12161e-07 0.171533 -2.57949e-06 8.12161e-07 0.171533 -2.57949e-06 8.12161e-07 0.171533 -2.57949e-06 8.12161e-07 0.171533 -2.57949e-06 8.12161e-07 0.171533 -2.57949e-06 8.12161e-07 0.171533 -2.57949e-06 8.12161e-07 0.171533 -2.57949e-06 8.12161e-07 0.171533 -2.57949e-06 8.12161e-07 0.171533 -2.57949e-06 8.12161e-07 0.171533 -2.57949e-06 8.12161e-07 0.171533 -2.57949e-06 8.12161e-07 0.171533 -2.57949e-06 8.12161e-07 0.171533 -2.57949e-06 8.12161e-07 0.171533 -2.57949e-06 8.12161e-07 0.171533 -2.57949e-06 8.12161e-07 0.171533 -2.57949e-06 8.12161e-07 0.171533 -2.57949e-06 8.12161e-07 0.171533 -2.57949e-06 8.12161e-07 0.171533 -2.57949e-06 8.12161e-07 0.171533 -2.57949e-06</float_array><technique_common><accessor source="#hpl_mixamorigwLeftArm-trans-array" count="35" stride="3" /></technique_common></source>
      <source id="hpl_mixamorigwLeftArm-rotz"><float_array id="hpl_mixamorigwLeftArm-rotz-array" count="35">78.1885 79.7122 80.8664 81.619 81.7239 80.9486 79.5993 78.0315 76.7519 76.0572 75.186 74.2562 73.2733 72.917 73.5575 73.8961 74.8021 75.8677 76.8833 77.5949 78.2219 78.9003 79.4416 79.4718 79.1874 79.0496 78.8129 77.9081 76.5985 74.9385 73.7997 73.5346 74.9172 77.1173 78.1885</float_array><technique_common><accessor source="#hpl_mixamorigwLeftArm-rotz-array" count="35" stride="1" /></technique_common></source>
      <source id="hpl_mixamorigwLeftArm-roty"><float_array id="hpl_mixamorigwLeftArm-roty-array" count="35">18.8442 19.5897 19.8307 20.0925 20.556 20.9492 21.0956 20.9675 20.5203 20.2493 20.1085 19.9113 20.6233 21.753 21.3818 20.3695 20.1391 20.705 21.4355 21.2502 20.6524 20.0198 19.6576 19.4608 19.1215 18.5873 18.2293 17.2594 15.8247 15.5257 16.272 15.7703 15.2385 15.669 18.8442</float_array><technique_common><accessor source="#hpl_mixamorigwLeftArm-roty-array" count="35" stride="1" /></technique_common></source>
      <source id="hpl_mixamorigwLeftArm-rotx"><float_array id="hpl_mixamorigwLeftArm-rotx-array" count="35">62.7323 64.9735 67.4217 69.6637 71.4731 72.742 73.5932 74.2349 74.996 75.8901 75.9483 75.504 74.5933 73.7736 73.5708 73.0026 71.9681 70.1931 68.3841 66.8427 65.2995 63.4479 61.1587 58.3678 55.5752 53.2934 51.5888 50.5448 50.4816 51.3809 53.0412 55.8492 58.6788 60.6738 62.7323</float_array><technique_common><accessor source="#hpl_mixamorigwLeftArm-rotx-array" count="35" stride="1" /></technique_common></source>
      <sampler id="hpl_mixamorigwLeftArm-trans-sampler"><input semantic="INPUT" source="#hpl_mixamorigwLeftArm-time" /><input semantic="OUTPUT" source="#hpl_mixamorigwLeftArm-trans" /></sampler><channel source="#hpl_mixamorigwLeftArm-trans-sampler" target="mixamorigwLeftArm/translate" />
      <sampler id="hpl_mixamorigwLeftArm-rotz-sampler"><input semantic="INPUT" source="#hpl_mixamorigwLeftArm-time" /><input semantic="OUTPUT" source="#hpl_mixamorigwLeftArm-rotz" /></sampler><channel source="#hpl_mixamorigwLeftArm-rotz-sampler" target="mixamorigwLeftArm/rotateZ.ANGLE" />
      <sampler id="hpl_mixamorigwLeftArm-roty-sampler"><input semantic="INPUT" source="#hpl_mixamorigwLeftArm-time" /><input semantic="OUTPUT" source="#hpl_mixamorigwLeftArm-roty" /></sampler><channel source="#hpl_mixamorigwLeftArm-roty-sampler" target="mixamorigwLeftArm/rotateY.ANGLE" />
      <sampler id="hpl_mixamorigwLeftArm-rotx-sampler"><input semantic="INPUT" source="#hpl_mixamorigwLeftArm-time" /><input semantic="OUTPUT" source="#hpl_mixamorigwLeftArm-rotx" /></sampler><channel source="#hpl_mixamorigwLeftArm-rotx-sampler" target="mixamorigwLeftArm/rotateX.ANGLE" />
    </animation>
    <animation id="hpl_mixamorigwLeftForeArm">
      <source id="hpl_mixamorigwLeftForeArm-time"><float_array id="hpl_mixamorigwLeftForeArm-time-array" count="35">0 1 2 3 4 5 6 7 8 9 10 11 12 13 14 15 16 17 18 19 20 21 22 23 24 25 26 27 28 29 30 31 32 33 34</float_array><technique_common><accessor source="#hpl_mixamorigwLeftForeArm-time-array" count="35" stride="1" /></technique_common></source>
      <source id="hpl_mixamorigwLeftForeArm-trans"><float_array id="hpl_mixamorigwLeftForeArm-trans-array" count="105">-8.37625e-07 0.261281 1.67558e-06 -8.37625e-07 0.261281 1.67558e-06 -8.37625e-07 0.261281 1.67558e-06 -8.37625e-07 0.261281 1.67558e-06 -8.37625e-07 0.261281 1.67558e-06 -8.37625e-07 0.261281 1.67558e-06 -8.37625e-07 0.261281 1.67558e-06 -8.37625e-07 0.261281 1.67558e-06 -8.37625e-07 0.261281 1.67558e-06 -8.37625e-07 0.261281 1.67558e-06 -8.37625e-07 0.261281 1.67558e-06 -8.37625e-07 0.261281 1.67558e-06 -8.37625e-07 0.261281 1.67558e-06 -8.37625e-07 0.261281 1.67558e-06 -8.37625e-07 0.261281 1.67558e-06 -8.37625e-07 0.261281 1.67558e-06 -8.37625e-07 0.261281 1.67558e-06 -8.37625e-07 0.261281 1.67558e-06 -8.37625e-07 0.261281 1.67558e-06 -8.37625e-07 0.261281 1.67558e-06 -8.37625e-07 0.261281 1.67558e-06 -8.37625e-07 0.261281 1.67558e-06 -8.37625e-07 0.261281 1.67558e-06 -8.37625e-07 0.261281 1.67558e-06 -8.37625e-07 0.261281 1.67558e-06 -8.37625e-07 0.261281 1.67558e-06 -8.37625e-07 0.261281 1.67558e-06 -8.37625e-07 0.261281 1.67558e-06 -8.37625e-07 0.261281 1.67558e-06 -8.37625e-07 0.261281 1.67558e-06 -8.37625e-07 0.261281 1.67558e-06 -8.37625e-07 0.261281 1.67558e-06 -8.37625e-07 0.261281 1.67558e-06 -8.37625e-07 0.261281 1.67558e-06 -8.37625e-07 0.261281 1.67558e-06</float_array><technique_common><accessor source="#hpl_mixamorigwLeftForeArm-trans-array" count="35" stride="3" /></technique_common></source>
      <source id="hpl_mixamorigwLeftForeArm-rotz"><float_array id="hpl_mixamorigwLeftForeArm-rotz-array" count="35">25.6655 24.6293 24.1332 23.9502 23.6919 23.0537 21.9816 20.6325 19.1146 17.7503 16.6084 15.5726 14.6612 13.9684 13.8039 14.6009 15.9131 17.6088 19.4124 21.2611 23.1675 24.9111 26.3231 27.409 28.1799 28.8023 30.0224 31.6838 33.5109 35.1346 35.5144 33.9369 31.2067 28.554 25.6655</float_array><technique_common><accessor source="#hpl_mixamorigwLeftForeArm-rotz-array" count="35" stride="1" /></technique_common></source>
      <source id="hpl_mixamorigwLeftForeArm-roty"><float_array id="hpl_mixamorigwLeftForeArm-roty-array" count="35">-17.7744 -18.1804 -18.4132 -18.5409 -18.6246 -18.8029 -19.1142 -19.5122 -19.9087 -20.2138 -20.4723 -20.7516 -20.9429 -21.0913 -21.1008 -20.911 -20.529 -20.1523 -19.7904 -19.352 -18.8286 -18.2991 -17.7793 -17.2459 -16.8143 -16.5413 -16.0569 -15.2677 -14.3334 -13.6081 -13.5923 -14.4207 -15.6872 -16.7857 -17.7744</float_array><technique_common><accessor source="#hpl_mixamorigwLeftForeArm-roty-array" count="35" stride="1" /></technique_common></source>
      <source id="hpl_mixamorigwLeftForeArm-rotx"><float_array id="hpl_mixamorigwLeftForeArm-rotx-array" count="35">-21.3244 -20.532 -20.1399 -19.9306 -19.6287 -19.0651 -18.1304 -16.9157 -15.6782 -14.6219 -13.6468 -12.645 -11.7606 -11.1082 -11.1535 -11.8776 -13.1683 -14.4866 -15.8742 -17.3572 -18.9494 -20.3808 -21.5391 -22.5056 -23.2814 -24.094 -25.1497 -26.5021 -27.8546 -28.5974 -28.5181 -27.4279 -25.5729 -23.4573 -21.3244</float_array><technique_common><accessor source="#hpl_mixamorigwLeftForeArm-rotx-array" count="35" stride="1" /></technique_common></source>
      <sampler id="hpl_mixamorigwLeftForeArm-trans-sampler"><input semantic="INPUT" source="#hpl_mixamorigwLeftForeArm-time" /><input semantic="OUTPUT" source="#hpl_mixamorigwLeftForeArm-trans" /></sampler><channel source="#hpl_mixamorigwLeftForeArm-trans-sampler" target="mixamorigwLeftForeArm/translate" />
      <sampler id="hpl_mixamorigwLeftForeArm-rotz-sampler"><input semantic="INPUT" source="#hpl_mixamorigwLeftForeArm-time" /><input semantic="OUTPUT" source="#hpl_mixamorigwLeftForeArm-rotz" /></sampler><channel source="#hpl_mixamorigwLeftForeArm-rotz-sampler" target="mixamorigwLeftForeArm/rotateZ.ANGLE" />
      <sampler id="hpl_mixamorigwLeftForeArm-roty-sampler"><input semantic="INPUT" source="#hpl_mixamorigwLeftForeArm-time" /><input semantic="OUTPUT" source="#hpl_mixamorigwLeftForeArm-roty" /></sampler><channel source="#hpl_mixamorigwLeftForeArm-roty-sampler" target="mixamorigwLeftForeArm/rotateY.ANGLE" />
      <sampler id="hpl_mixamorigwLeftForeArm-rotx-sampler"><input semantic="INPUT" source="#hpl_mixamorigwLeftForeArm-time" /><input semantic="OUTPUT" source="#hpl_mixamorigwLeftForeArm-rotx" /></sampler><channel source="#hpl_mixamorigwLeftForeArm-rotx-sampler" target="mixamorigwLeftForeArm/rotateX.ANGLE" />
    </animation>
    <animation id="hpl_mixamorigwLeftHand">
      <source id="hpl_mixamorigwLeftHand-time"><float_array id="hpl_mixamorigwLeftHand-time-array" count="35">0 1 2 3 4 5 6 7 8 9 10 11 12 13 14 15 16 17 18 19 20 21 22 23 24 25 26 27 28 29 30 31 32 33 34</float_array><technique_common><accessor source="#hpl_mixamorigwLeftHand-time-array" count="35" stride="1" /></technique_common></source>
      <source id="hpl_mixamorigwLeftHand-trans"><float_array id="hpl_mixamorigwLeftHand-trans-array" count="105">-1.37793e-06 0.258002 -5.75736e-06 -1.37793e-06 0.258002 -5.75736e-06 -1.37793e-06 0.258002 -5.75736e-06 -1.37793e-06 0.258002 -5.75736e-06 -1.37793e-06 0.258002 -5.75736e-06 -1.37793e-06 0.258002 -5.75736e-06 -1.37793e-06 0.258002 -5.75736e-06 -1.37793e-06 0.258002 -5.75736e-06 -1.37793e-06 0.258002 -5.75736e-06 -1.37793e-06 0.258002 -5.75736e-06 -1.37793e-06 0.258002 -5.75736e-06 -1.37793e-06 0.258002 -5.75736e-06 -1.37793e-06 0.258002 -5.75736e-06 -1.37793e-06 0.258002 -5.75736e-06 -1.37793e-06 0.258002 -5.75736e-06 -1.37793e-06 0.258002 -5.75736e-06 -1.37793e-06 0.258002 -5.75736e-06 -1.37793e-06 0.258002 -5.75736e-06 -1.37793e-06 0.258002 -5.75736e-06 -1.37793e-06 0.258002 -5.75736e-06 -1.37793e-06 0.258002 -5.75736e-06 -1.37793e-06 0.258002 -5.75736e-06 -1.37793e-06 0.258002 -5.75736e-06 -1.37793e-06 0.258002 -5.75736e-06 -1.37793e-06 0.258002 -5.75736e-06 -1.37793e-06 0.258002 -5.75736e-06 -1.37793e-06 0.258002 -5.75736e-06 -1.37793e-06 0.258002 -5.75736e-06 -1.37793e-06 0.258002 -5.75736e-06 -1.37793e-06 0.258002 -5.75736e-06 -1.37793e-06 0.258002 -5.75736e-06 -1.37793e-06 0.258002 -5.75736e-06 -1.37793e-06 0.258002 -5.75736e-06 -1.37793e-06 0.258002 -5.75736e-06 -1.37793e-06 0.258002 -5.75736e-06</float_array><technique_common><accessor source="#hpl_mixamorigwLeftHand-trans-array" count="35" stride="3" /></technique_common></source>
      <source id="hpl_mixamorigwLeftHand-rotz"><float_array id="hpl_mixamorigwLeftHand-rotz-array" count="35">53.0277 53.3467 53.4522 53.3172 52.9942 52.4465 51.6598 50.704 49.8046 49.2016 48.9343 48.5023 48.0941 48.19 48.0918 48.1109 48.5944 49.2677 49.7521 49.942 49.9731 49.9703 50.1066 50.2518 50.1365 49.6384 49.1293 48.8626 49.2393 50.05 50.9077 51.4575 51.3292 51.229 53.0277</float_array><technique_common><accessor source="#hpl_mixamorigwLeftHand-rotz-array" count="35" stride="1" /></technique_common></source>
      <source id="hpl_mixamorigwLeftHand-roty"><float_array id="hpl_mixamorigwLeftHand-roty-array" count="35">-0.349748 -1.38922 -2.40749 -3.66543 -4.90876 -5.77244 -6.23607 -6.35481 -6.4413 -6.53852 -6.85524 -7.39573 -7.82179 -7.99446 -8.31744 -7.93965 -8.23618 -7.82323 -6.59559 -5.28277 -4.29498 -3.63071 -3.34047 -3.08853 -2.41712 -1.52114 -0.873427 -0.237331 -0.121837 -0.069212 0.168938 0.280616 0.0718111 -0.233141 -0.349748</float_array><technique_common><accessor source="#hpl_mixamorigwLeftHand-roty-array" count="35" stride="1" /></technique_common></source>
      <source id="hpl_mixamorigwLeftHand-rotx"><float_array id="hpl_mixamorigwLeftHand-rotx-array" count="35">26.2785 27.085 27.4078 27.2851 26.8867 26.462 26.1062 25.8723 25.7807 25.9044 26.3351 27.0508 27.1698 26.7261 25.7759 25.0073 23.2664 21.5134 20.2733 19.6171 19.551 20.0648 20.5706 20.8154 20.812 20.5516 19.8746 19.5977 18.817 18.0549 17.975 18.6469 20.3312 23.9188 26.2785</float_array><technique_common><accessor source="#hpl_mixamorigwLeftHand-rotx-array" count="35" stride="1" /></technique_common></source>
      <sampler id="hpl_mixamorigwLeftHand-trans-sampler"><input semantic="INPUT" source="#hpl_mixamorigwLeftHand-time" /><input semantic="OUTPUT" source="#hpl_mixamorigwLeftHand-trans" /></sampler><channel source="#hpl_mixamorigwLeftHand-trans-sampler" target="mixamorigwLeftHand/translate" />
      <sampler id="hpl_mixamorigwLeftHand-rotz-sampler"><input semantic="INPUT" source="#hpl_mixamorigwLeftHand-time" /><input semantic="OUTPUT" source="#hpl_mixamorigwLeftHand-rotz" /></sampler><channel source="#hpl_mixamorigwLeftHand-rotz-sampler" target="mixamorigwLeftHand/rotateZ.ANGLE" />
      <sampler id="hpl_mixamorigwLeftHand-roty-sampler"><input semantic="INPUT" source="#hpl_mixamorigwLeftHand-time" /><input semantic="OUTPUT" source="#hpl_mixamorigwLeftHand-roty" /></sampler><channel source="#hpl_mixamorigwLeftHand-roty-sampler" target="mixamorigwLeftHand/rotateY.ANGLE" />
      <sampler id="hpl_mixamorigwLeftHand-rotx-sampler"><input semantic="INPUT" source="#hpl_mixamorigwLeftHand-time" /><input semantic="OUTPUT" source="#hpl_mixamorigwLeftHand-rotx" /></sampler><channel source="#hpl_mixamorigwLeftHand-rotx-sampler" target="mixamorigwLeftHand/rotateX.ANGLE" />
    </animation>
    <animation id="hpl_mixamorigwRightShoulder">
      <source id="hpl_mixamorigwRightShoulder-time"><float_array id="hpl_mixamorigwRightShoulder-time-array" count="35">0 1 2 3 4 5 6 7 8 9 10 11 12 13 14 15 16 17 18 19 20 21 22 23 24 25 26 27 28 29 30 31 32 33 34</float_array><technique_common><accessor source="#hpl_mixamorigwRightShoulder-time-array" count="35" stride="1" /></technique_common></source>
      <source id="hpl_mixamorigwRightShoulder-trans"><float_array id="hpl_mixamorigwRightShoulder-trans-array" count="105">-0.0439173 0.0686331 -0.00410229 -0.0439173 0.0686331 -0.00410229 -0.0439173 0.0686331 -0.00410229 -0.0439173 0.0686331 -0.00410229 -0.0439173 0.0686331 -0.00410229 -0.0439173 0.0686331 -0.00410229 -0.0439173 0.0686331 -0.00410229 -0.0439173 0.0686331 -0.00410229 -0.0439173 0.0686331 -0.00410229 -0.0439173 0.0686331 -0.00410229 -0.0439173 0.0686331 -0.00410229 -0.0439173 0.0686331 -0.00410229 -0.0439173 0.0686331 -0.00410229 -0.0439173 0.0686331 -0.00410229 -0.0439173 0.0686331 -0.00410229 -0.0439173 0.0686331 -0.00410229 -0.0439173 0.0686331 -0.00410229 -0.0439173 0.0686331 -0.00410229 -0.0439173 0.0686331 -0.00410229 -0.0439173 0.0686331 -0.00410229 -0.0439173 0.0686331 -0.00410229 -0.0439173 0.0686331 -0.00410229 -0.0439173 0.0686331 -0.00410229 -0.0439173 0.0686331 -0.00410229 -0.0439173 0.0686331 -0.00410229 -0.0439173 0.0686331 -0.00410229 -0.0439173 0.0686331 -0.00410229 -0.0439173 0.0686331 -0.00410229 -0.0439173 0.0686331 -0.00410229 -0.0439173 0.0686331 -0.00410229 -0.0439173 0.0686331 -0.00410229 -0.0439173 0.0686331 -0.00410229 -0.0439173 0.0686331 -0.00410229 -0.0439173 0.0686331 -0.00410229 -0.0439173 0.0686331 -0.00410229</float_array><technique_common><accessor source="#hpl_mixamorigwRightShoulder-trans-array" count="35" stride="3" /></technique_common></source>
      <source id="hpl_mixamorigwRightShoulder-rotz"><float_array id="hpl_mixamorigwRightShoulder-rotz-array" count="35">-101.412 -100.083 -98.8864 -97.9178 -97.0042 -96.3603 -95.995 -95.9075 -95.6698 -95.1694 -96.0045 -96.6463 -96.83 -97.0995 -98.8113 -99.4729 -99.4424 -98.6142 -97.8954 -98.4557 -100.214 -102.44 -104.286 -105.648 -106.383 -106.965 -107.546 -108.004 -108.109 -107.458 -105.784 -104.763 -104.144 -103.622 -101.412</float_array><technique_common><accessor source="#hpl_mixamorigwRightShoulder-rotz-array" count="35" stride="1" /></technique_common></source>
      <source id="hpl_mixamorigwRightShoulder-roty"><float_array id="hpl_mixamorigwRightShoulder-roty-array" count="35">-63.2203 -63.5393 -64.0127 -64.6383 -65.3289 -66.036 -66.6948 -67.3445 -67.8557 -68.2691 -69.0205 -69.3796 -69.4594 -69.4022 -68.9797 -68.3639 -67.5701 -66.5462 -65.5085 -64.8007 -64.2728 -63.7305 -63.1918 -62.6928 -61.9763 -61.1611 -61.0191 -61.469 -61.5382 -61.6503 -62.0032 -62.4147 -62.5309 -62.58 -63.2203</float_array><technique_common><accessor source="#hpl_mixamorigwRightShoulder-roty-array" count="35" stride="1" /></technique_common></source>
      <source id="hpl_mixamorigwRightShoulder-rotx"><float_array id="hpl_mixamorigwRightShoulder-rotx-array" count="35">-143.923 -145.349 -147.699 -150.448 -153.303 -155.815 -157.933 -159.87 -162.241 -164.875 -165.047 -164.57 -162.812 -160.501 -158.479 -158.57 -158.811 -158.73 -158.01 -156.234 -153.308 -149.795 -146.48 -143.685 -141.873 -140.799 -139.997 -140.061 -140.977 -141.319 -141.418 -141.87 -142.78 -143.436 -143.923</float_array><technique_common><accessor source="#hpl_mixamorigwRightShoulder-rotx-array" count="35" stride="1" /></technique_common></source>
      <sampler id="hpl_mixamorigwRightShoulder-trans-sampler"><input semantic="INPUT" source="#hpl_mixamorigwRightShoulder-time" /><input semantic="OUTPUT" source="#hpl_mixamorigwRightShoulder-trans" /></sampler><channel source="#hpl_mixamorigwRightShoulder-trans-sampler" target="mixamorigwRightShoulder/translate" />
      <sampler id="hpl_mixamorigwRightShoulder-rotz-sampler"><input semantic="INPUT" source="#hpl_mixamorigwRightShoulder-time" /><input semantic="OUTPUT" source="#hpl_mixamorigwRightShoulder-rotz" /></sampler><channel source="#hpl_mixamorigwRightShoulder-rotz-sampler" target="mixamorigwRightShoulder/rotateZ.ANGLE" />
      <sampler id="hpl_mixamorigwRightShoulder-roty-sampler"><input semantic="INPUT" source="#hpl_mixamorigwRightShoulder-time" /><input semantic="OUTPUT" source="#hpl_mixamorigwRightShoulder-roty" /></sampler><channel source="#hpl_mixamorigwRightShoulder-roty-sampler" target="mixamorigwRightShoulder/rotateY.ANGLE" />
      <sampler id="hpl_mixamorigwRightShoulder-rotx-sampler"><input semantic="INPUT" source="#hpl_mixamorigwRightShoulder-time" /><input semantic="OUTPUT" source="#hpl_mixamorigwRightShoulder-rotx" /></sampler><channel source="#hpl_mixamorigwRightShoulder-rotx-sampler" target="mixamorigwRightShoulder/rotateX.ANGLE" />
    </animation>
    <animation id="hpl_mixamorigwRightArm">
      <source id="hpl_mixamorigwRightArm-time"><float_array id="hpl_mixamorigwRightArm-time-array" count="35">0 1 2 3 4 5 6 7 8 9 10 11 12 13 14 15 16 17 18 19 20 21 22 23 24 25 26 27 28 29 30 31 32 33 34</float_array><technique_common><accessor source="#hpl_mixamorigwRightArm-time-array" count="35" stride="1" /></technique_common></source>
      <source id="hpl_mixamorigwRightArm-trans"><float_array id="hpl_mixamorigwRightArm-trans-array" count="105">-5.30068e-07 0.177733 9.96871e-07 -5.30068e-07 0.177733 9.96871e-07 -5.30068e-07 0.177733 9.96871e-07 -5.30068e-07 0.177733 9.96871e-07 -5.30068e-07 0.177733 9.96871e-07 -5.30068e-07 0.177733 9.96871e-07 -5.30068e-07 0.177733 9.96871e-07 -5.30068e-07 0.177733 9.96871e-07 -5.30068e-07 0.177733 9.96871e-07 -5.30068e-07 0.177733 9.96871e-07 -5.30068e-07 0.177733 9.96871e-07 -5.30068e-07 0.177733 9.96871e-07 -5.30068e-07 0.177733 9.96871e-07 -5.30068e-07 0.177733 9.96871e-07 -5.30068e-07 0.177733 9.96871e-07 -5.30068e-07 0.177733 9.96871e-07 -5.30068e-07 0.177733 9.96871e-07 -5.30068e-07 0.177733 9.96871e-07 -5.30068e-07 0.177733 9.96871e-07 -5.30068e-07 0.177733 9.96871e-07 -5.30068e-07 0.177733 9.96871e-07 -5.30068e-07 0.177733 9.96871e-07 -5.30068e-07 0.177733 9.96871e-07 -5.30068e-07 0.177733 9.96871e-07 -5.30068e-07 0.177733 9.96871e-07 -5.30068e-07 0.177733 9.96871e-07 -5.30068e-07 0.177733 9.96871e-07 -5.30068e-07 0.177733 9.96871e-07 -5.30068e-07 0.177733 9.96871e-07 -5.30068e-07 0.177733 9.96871e-07 -5.30068e-07 0.177733 9.96871e-07 -5.30068e-07 0.177733 9.96871e-07 -5.30068e-07 0.177733 9.96871e-07 -5.30068e-07 0.177733 9.96871e-07 -5.30068e-07 0.177733 9.96871e-07</float_array><technique_common><accessor source="#hpl_mixamorigwRightArm-trans-array" count="35" stride="3" /></technique_common></source>
      <source id="hpl_mixamorigwRightArm-rotz"><float_array id="hpl_mixamorigwRightArm-rotz-array" count="35">-77.262 -80.1422 -82.496 -83.5966 -83.7889 -83.2815 -82.3514 -81.428 -80.6379 -80.0634 -79.6012 -78.6256 -76.9281 -75.1542 -74.7188 -75.9327 -78.4148 -81.614 -84.2329 -85.3803 -84.7257 -82.5291 -79.8996 -77.7441 -75.8048 -73.6986 -71.6473 -70.689 -70.7541 -70.6471 -70.342 -70.6104 -70.7003 -71.201 -77.262</float_array><technique_common><accessor source="#hpl_mixamorigwRightArm-rotz-array" count="35" stride="1" /></technique_common></source>
      <source id="hpl_mixamorigwRightArm-roty"><float_array id="hpl_mixamorigwRightArm-roty-array" count="35">-36.1936 -36.3891 -35.5084 -33.8395 -32.1192 -30.5577 -29.2533 -28.1023 -26.737 -25.5938 -25.3993 -25.062 -25.6006 -25.8333 -24.2926 -23.1597 -23.4088 -24.8767 -26.3304 -26.8667 -26.9918 -27.2009 -27.9815 -29.1509 -29.977 -30.1733 -30.3918 -30.5266 -30.5612 -31.8699 -34.1422 -35.2161 -34.5853 -33.8684 -36.1936</float_array><technique_common><accessor source="#hpl_mixamorigwRightArm-roty-array" count="35" stride="1" /></technique_common></source>
      <source id="hpl_mixamorigwRightArm-rotx"><float_array id="hpl_mixamorigwRightArm-rotx-array" count="35">71.5341 69.6529 67.1948 64.0235 60.5006 56.7966 53.1362 49.8363 46.9391 44.4425 42.3332 41.0806 40.7923 41.9235 44.8393 48.4715 51.0511 52.5297 53.9273 56.2612 59.1902 62.1848 64.8327 66.9599 68.4018 69.5197 71.153 73.2601 74.9911 75.5908 75.2702 74.8006 73.4898 71.6416 71.5341</float_array><technique_common><accessor source="#hpl_mixamorigwRightArm-rotx-array" count="35" stride="1" /></technique_common></source>
      <sampler id="hpl_mixamorigwRightArm-trans-sampler"><input semantic="INPUT" source="#hpl_mixamorigwRightArm-time" /><input semantic="OUTPUT" source="#hpl_mixamorigwRightArm-trans" /></sampler><channel source="#hpl_mixamorigwRightArm-trans-sampler" target="mixamorigwRightArm/translate" />
      <sampler id="hpl_mixamorigwRightArm-rotz-sampler"><input semantic="INPUT" source="#hpl_mixamorigwRightArm-time" /><input semantic="OUTPUT" source="#hpl_mixamorigwRightArm-rotz" /></sampler><channel source="#hpl_mixamorigwRightArm-rotz-sampler" target="mixamorigwRightArm/rotateZ.ANGLE" />
      <sampler id="hpl_mixamorigwRightArm-roty-sampler"><input semantic="INPUT" source="#hpl_mixamorigwRightArm-time" /><input semantic="OUTPUT" source="#hpl_mixamorigwRightArm-roty" /></sampler><channel source="#hpl_mixamorigwRightArm-roty-sampler" target="mixamorigwRightArm/rotateY.ANGLE" />
      <sampler id="hpl_mixamorigwRightArm-rotx-sampler"><input semantic="INPUT" source="#hpl_mixamorigwRightArm-time" /><input semantic="OUTPUT" source="#hpl_mixamorigwRightArm-rotx" /></sampler><channel source="#hpl_mixamorigwRightArm-rotx-sampler" target="mixamorigwRightArm/rotateX.ANGLE" />
    </animation>
    <animation id="hpl_mixamorigwRightForeArm">
      <source id="hpl_mixamorigwRightForeArm-time"><float_array id="hpl_mixamorigwRightForeArm-time-array" count="35">0 1 2 3 4 5 6 7 8 9 10 11 12 13 14 15 16 17 18 19 20 21 22 23 24 25 26 27 28 29 30 31 32 33 34</float_array><technique_common><accessor source="#hpl_mixamorigwRightForeArm-time-array" count="35" stride="1" /></technique_common></source>
      <source id="hpl_mixamorigwRightForeArm-trans"><float_array id="hpl_mixamorigwRightForeArm-trans-array" count="105">-7.81035e-07 0.24803 -3.7329e-06 -7.81035e-07 0.24803 -3.7329e-06 -7.81035e-07 0.24803 -3.7329e-06 -7.81035e-07 0.24803 -3.7329e-06 -7.81035e-07 0.24803 -3.7329e-06 -7.81035e-07 0.24803 -3.7329e-06 -7.81035e-07 0.24803 -3.7329e-06 -7.81035e-07 0.24803 -3.7329e-06 -7.81035e-07 0.24803 -3.7329e-06 -7.81035e-07 0.24803 -3.7329e-06 -7.81035e-07 0.24803 -3.7329e-06 -7.81035e-07 0.24803 -3.7329e-06 -7.81035e-07 0.24803 -3.7329e-06 -7.81035e-07 0.24803 -3.7329e-06 -7.81035e-07 0.24803 -3.7329e-06 -7.81035e-07 0.24803 -3.7329e-06 -7.81035e-07 0.24803 -3.7329e-06 -7.81035e-07 0.24803 -3.7329e-06 -7.81035e-07 0.24803 -3.7329e-06 -7.81035e-07 0.24803 -3.7329e-06 -7.81035e-07 0.24803 -3.7329e-06 -7.81035e-07 0.24803 -3.7329e-06 -7.81035e-07 0.24803 -3.7329e-06 -7.81035e-07 0.24803 -3.7329e-06 -7.81035e-07 0.24803 -3.7329e-06 -7.81035e-07 0.24803 -3.7329e-06 -7.81035e-07 0.24803 -3.7329e-06 -7.81035e-07 0.24803 -3.7329e-06 -7.81035e-07 0.24803 -3.7329e-06 -7.81035e-07 0.24803 -3.7329e-06 -7.81035e-07 0.24803 -3.7329e-06 -7.81035e-07 0.24803 -3.7329e-06 -7.81035e-07 0.24803 -3.7329e-06 -7.81035e-07 0.24803 -3.7329e-06 -7.81035e-07 0.24803 -3.7329e-06</float_array><technique_common><accessor source="#hpl_mixamorigwRightForeArm-trans-array" count="35" stride="3" /></technique_common></source>
      <source id="hpl_mixamorigwRightForeArm-rotz"><float_array id="hpl_mixamorigwRightForeArm-rotz-array" count="35">-20.6732 -21.4611 -22.2609 -23.3394 -24.9916 -27.6072 -30.9904 -34.5859 -37.7101 -39.9518 -41.4365 -42.5892 -43.8248 -44.5882 -44.2995 -42.7766 -40.0275 -36.0335 -31.458 -28.0413 -26.6744 -26.8114 -27.1921 -26.6703 -25.0847 -23.0148 -20.9007 -18.9983 -17.5571 -16.5166 -15.4512 -14.6897 -14.848 -16.2872 -20.6732</float_array><technique_common><accessor source="#hpl_mixamorigwRightForeArm-rotz-array" count="35" stride="1" /></technique_common></source>
      <source id="hpl_mixamorigwRightForeArm-roty"><float_array id="hpl_mixamorigwRightForeArm-roty-array" count="35">22.7632 22.5356 22.3545 22.0528 21.4558 20.3934 18.8181 16.9335 15.1966 13.9474 12.8277 11.8527 11.0131 10.3134 10.3849 11.5429 13.6301 16.2205 18.6526 20.1949 20.794 20.7886 20.6299 20.8001 21.3796 22.1241 22.8812 23.4442 23.8332 24.1441 24.3941 24.4884 24.4025 24.0787 22.7632</float_array><technique_common><accessor source="#hpl_mixamorigwRightForeArm-roty-array" count="35" stride="1" /></technique_common></source>
      <source id="hpl_mixamorigwRightForeArm-rotx"><float_array id="hpl_mixamorigwRightForeArm-rotx-array" count="35">-17.8773 -18.2687 -18.7605 -19.6153 -21.1748 -23.5015 -26.3202 -29.2551 -31.6437 -33.1447 -33.7928 -34.5139 -35.3519 -35.9305 -35.7836 -35.0765 -32.8888 -29.5399 -25.737 -23.0768 -22.2666 -22.6916 -23.1888 -22.8102 -21.4667 -19.7356 -18.1673 -16.6588 -15.2807 -14.2485 -13.4757 -13.1161 -13.2858 -14.4248 -17.8773</float_array><technique_common><accessor source="#hpl_mixamorigwRightForeArm-rotx-array" count="35" stride="1" /></technique_common></source>
      <sampler id="hpl_mixamorigwRightForeArm-trans-sampler"><input semantic="INPUT" source="#hpl_mixamorigwRightForeArm-time" /><input semantic="OUTPUT" source="#hpl_mixamorigwRightForeArm-trans" /></sampler><channel source="#hpl_mixamorigwRightForeArm-trans-sampler" target="mixamorigwRightForeArm/translate" />
      <sampler id="hpl_mixamorigwRightForeArm-rotz-sampler"><input semantic="INPUT" source="#hpl_mixamorigwRightForeArm-time" /><input semantic="OUTPUT" source="#hpl_mixamorigwRightForeArm-rotz" /></sampler><channel source="#hpl_mixamorigwRightForeArm-rotz-sampler" target="mixamorigwRightForeArm/rotateZ.ANGLE" />
      <sampler id="hpl_mixamorigwRightForeArm-roty-sampler"><input semantic="INPUT" source="#hpl_mixamorigwRightForeArm-time" /><input semantic="OUTPUT" source="#hpl_mixamorigwRightForeArm-roty" /></sampler><channel source="#hpl_mixamorigwRightForeArm-roty-sampler" target="mixamorigwRightForeArm/rotateY.ANGLE" />
      <sampler id="hpl_mixamorigwRightForeArm-rotx-sampler"><input semantic="INPUT" source="#hpl_mixamorigwRightForeArm-time" /><input semantic="OUTPUT" source="#hpl_mixamorigwRightForeArm-rotx" /></sampler><channel source="#hpl_mixamorigwRightForeArm-rotx-sampler" target="mixamorigwRightForeArm/rotateX.ANGLE" />
    </animation>
    <animation id="hpl_mixamorigwRightHand">
      <source id="hpl_mixamorigwRightHand-time"><float_array id="hpl_mixamorigwRightHand-time-array" count="35">0 1 2 3 4 5 6 7 8 9 10 11 12 13 14 15 16 17 18 19 20 21 22 23 24 25 26 27 28 29 30 31 32 33 34</float_array><technique_common><accessor source="#hpl_mixamorigwRightHand-time-array" count="35" stride="1" /></technique_common></source>
      <source id="hpl_mixamorigwRightHand-trans"><float_array id="hpl_mixamorigwRightHand-trans-array" count="105">-6.22625e-07 0.252615 3.75699e-06 -6.22625e-07 0.252615 3.75699e-06 -6.22625e-07 0.252615 3.75699e-06 -6.22625e-07 0.252615 3.75699e-06 -6.22625e-07 0.252615 3.75699e-06 -6.22625e-07 0.252615 3.75699e-06 -6.22625e-07 0.252615 3.75699e-06 -6.22625e-07 0.252615 3.75699e-06 -6.22625e-07 0.252615 3.75699e-06 -6.22625e-07 0.252615 3.75699e-06 -6.22625e-07 0.252615 3.75699e-06 -6.22625e-07 0.252615 3.75699e-06 -6.22625e-07 0.252615 3.75699e-06 -6.22625e-07 0.252615 3.75699e-06 -6.22625e-07 0.252615 3.75699e-06 -6.22625e-07 0.252615 3.75699e-06 -6.22625e-07 0.252615 3.75699e-06 -6.22625e-07 0.252615 3.75699e-06 -6.22625e-07 0.252615 3.75699e-06 -6.22625e-07 0.252615 3.75699e-06 -6.22625e-07 0.252615 3.75699e-06 -6.22625e-07 0.252615 3.75699e-06 -6.22625e-07 0.252615 3.75699e-06 -6.22625e-07 0.252615 3.75699e-06 -6.22625e-07 0.252615 3.75699e-06 -6.22625e-07 0.252615 3.75699e-06 -6.22625e-07 0.252615 3.75699e-06 -6.22625e-07 0.252615 3.75699e-06 -6.22625e-07 0.252615 3.75699e-06 -6.22625e-07 0.252615 3.75699e-06 -6.22625e-07 0.252615 3.75699e-06 -6.22625e-07 0.252615 3.75699e-06 -6.22625e-07 0.252615 3.75699e-06 -6.22625e-07 0.252615 3.75699e-06 -6.22625e-07 0.252615 3.75699e-06</float_array><technique_common><accessor source="#hpl_mixamorigwRightHand-trans-array" count="35" stride="3" /></technique_common></source>
      <source id="hpl_mixamorigwRightHand-rotz"><float_array id="hpl_mixamorigwRightHand-rotz-array" count="35">-44.7862 -44.9311 -44.8555 -44.5083 -43.9368 -43.2237 -42.5658 -42.1918 -42.1765 -42.4077 -42.7628 -42.9873 -42.8199 -42.6268 -42.4992 -42.9749 -43.8196 -44.9233 -45.3647 -44.9825 -44.5159 -44.5288 -44.9208 -45.1298 -44.8587 -43.9759 -43.1041 -42.843 -42.9529 -42.978 -42.9175 -42.4946 -42.5117 -42.9132 -44.7862</float_array><technique_common><accessor source="#hpl_mixamorigwRightHand-rotz-array" count="35" stride="1" /></technique_common></source>
      <source id="hpl_mixamorigwRightHand-roty"><float_array id="hpl_mixamorigwRightHand-roty-array" count="35">9.53327 8.52174 6.6913 4.85076 3.55674 2.38684 1.32346 0.365218 -0.628432 -1.41424 -1.90978 -2.68004 -3.22855 -3.52385 -3.49573 -1.93853 -0.00842321 1.21181 1.41966 1.28147 1.30912 1.82737 2.63464 3.33254 3.78566 3.98573 4.41283 4.67414 4.92323 5.68227 6.81301 8.24769 8.91248 9.31415 9.53327</float_array><technique_common><accessor source="#hpl_mixamorigwRightHand-roty-array" count="35" stride="1" /></technique_common></source>
      <source id="hpl_mixamorigwRightHand-rotx"><float_array id="hpl_mixamorigwRightHand-rotx-array" count="35">16.7201 17.018 17.5025 17.9326 18.0505 18.1625 18.174 17.8553 17.2556 16.8235 16.884 17.0735 16.862 16.4452 15.4559 14.4419 15.0832 18.5949 23.0198 25.4395 25.4146 23.7758 22.0139 21.0811 20.9128 21.7146 22.4262 22.2049 22.119 22.1461 21.8248 20.8267 19.5136 17.8881 16.7201</float_array><technique_common><accessor source="#hpl_mixamorigwRightHand-rotx-array" count="35" stride="1" /></technique_common></source>
      <sampler id="hpl_mixamorigwRightHand-trans-sampler"><input semantic="INPUT" source="#hpl_mixamorigwRightHand-time" /><input semantic="OUTPUT" source="#hpl_mixamorigwRightHand-trans" /></sampler><channel source="#hpl_mixamorigwRightHand-trans-sampler" target="mixamorigwRightHand/translate" />
      <sampler id="hpl_mixamorigwRightHand-rotz-sampler"><input semantic="INPUT" source="#hpl_mixamorigwRightHand-time" /><input semantic="OUTPUT" source="#hpl_mixamorigwRightHand-rotz" /></sampler><channel source="#hpl_mixamorigwRightHand-rotz-sampler" target="mixamorigwRightHand/rotateZ.ANGLE" />
      <sampler id="hpl_mixamorigwRightHand-roty-sampler"><input semantic="INPUT" source="#hpl_mixamorigwRightHand-time" /><input semantic="OUTPUT" source="#hpl_mixamorigwRightHand-roty" /></sampler><channel source="#hpl_mixamorigwRightHand-roty-sampler" target="mixamorigwRightHand/rotateY.ANGLE" />
      <sampler id="hpl_mixamorigwRightHand-rotx-sampler"><input semantic="INPUT" source="#hpl_mixamorigwRightHand-time" /><input semantic="OUTPUT" source="#hpl_mixamorigwRightHand-rotx" /></sampler><channel source="#hpl_mixamorigwRightHand-rotx-sampler" target="mixamorigwRightHand/rotateX.ANGLE" />
    </animation>
    <animation id="hpl_mixamorigwNeck">
      <source id="hpl_mixamorigwNeck-time"><float_array id="hpl_mixamorigwNeck-time-array" count="35">0 1 2 3 4 5 6 7 8 9 10 11 12 13 14 15 16 17 18 19 20 21 22 23 24 25 26 27 28 29 30 31 32 33 34</float_array><technique_common><accessor source="#hpl_mixamorigwNeck-time-array" count="35" stride="1" /></technique_common></source>
      <source id="hpl_mixamorigwNeck-trans"><float_array id="hpl_mixamorigwNeck-trans-array" count="105">0.000724295 0.106171 0.00808451 0.000724295 0.106171 0.00808451 0.000724295 0.106171 0.00808451 0.000724295 0.106171 0.00808451 0.000724295 0.106171 0.00808451 0.000724295 0.106171 0.00808451 0.000724295 0.106171 0.00808451 0.000724295 0.106171 0.00808451 0.000724295 0.106171 0.00808451 0.000724295 0.106171 0.00808451 0.000724295 0.106171 0.00808451 0.000724295 0.106171 0.00808451 0.000724295 0.106171 0.00808451 0.000724295 0.106171 0.00808451 0.000724295 0.106171 0.00808451 0.000724295 0.106171 0.00808451 0.000724295 0.106171 0.00808451 0.000724295 0.106171 0.00808451 0.000724295 0.106171 0.00808451 0.000724295 0.106171 0.00808451 0.000724295 0.106171 0.00808451 0.000724295 0.106171 0.00808451 0.000724295 0.106171 0.00808451 0.000724295 0.106171 0.00808451 0.000724295 0.106171 0.00808451 0.000724295 0.106171 0.00808451 0.000724295 0.106171 0.00808451 0.000724295 0.106171 0.00808451 0.000724295 0.106171 0.00808451 0.000724295 0.106171 0.00808451 0.000724295 0.106171 0.00808451 0.000724295 0.106171 0.00808451 0.000724295 0.106171 0.00808451 0.000724295 0.106171 0.00808451 0.000724295 0.106171 0.00808451</float_array><technique_common><accessor source="#hpl_mixamorigwNeck-trans-array" count="35" stride="3" /></technique_common></source>
      <source id="hpl_mixamorigwNeck-rotz"><float_array id="hpl_mixamorigwNeck-rotz-array" count="35">4.42056 4.34277 4.06331 3.56428 2.92067 2.12385 1.23463 0.302793 -0.596074 -1.47554 -2.09359 -2.17041 -1.60651 -0.642916 0.237827 0.366346 0.0795583 -0.231693 -0.511952 -0.451864 0.0986688 1.03853 2.23168 3.48674 4.79155 5.93247 6.62536 6.90074 6.73456 6.34625 5.98718 5.6169 5.72574 6.0264 4.42056</float_array><technique_common><accessor source="#hpl_mixamorigwNeck-rotz-array" count="35" stride="1" /></technique_common></source>
      <source id="hpl_mixamorigwNeck-roty"><float_array id="hpl_mixamorigwNeck-roty-array" count="35">1.25985 1.17 1.20458 1.43243 1.80557 2.25045 2.60198 2.84191 3.15618 3.616 3.82645 3.78861 3.59171 3.28424 2.87149 2.77237 3.05537 3.45208 3.70909 3.67151 3.37625 2.80297 2.04686 1.32618 0.804505 0.456565 0.273071 0.381066 0.614349 0.899328 1.15721 1.25399 1.08718 0.825386 1.25985</float_array><technique_common><accessor source="#hpl_mixamorigwNeck-roty-array" count="35" stride="1" /></technique_common></source>
      <source id="hpl_mixamorigwNeck-rotx"><float_array id="hpl_mixamorigwNeck-rotx-array" count="35">20.463 21.1169 21.9769 22.8705 23.5627 23.9923 24.1759 24.1378 24.0214 23.8147 23.3185 22.7921 22.2893 21.824 21.8964 22.5817 23.2207 23.7971 24.4042 25.0253 25.4967 25.7136 25.6618 25.3923 25.0136 24.5875 23.9623 23.0466 22.2254 21.2988 20.749 20.7365 21.0532 21.319 20.463</float_array><technique_common><accessor source="#hpl_mixamorigwNeck-rotx-array" count="35" stride="1" /></technique_common></source>
      <sampler id="hpl_mixamorigwNeck-trans-sampler"><input semantic="INPUT" source="#hpl_mixamorigwNeck-time" /><input semantic="OUTPUT" source="#hpl_mixamorigwNeck-trans" /></sampler><channel source="#hpl_mixamorigwNeck-trans-sampler" target="mixamorigwNeck/translate" />
      <sampler id="hpl_mixamorigwNeck-rotz-sampler"><input semantic="INPUT" source="#hpl_mixamorigwNeck-time" /><input semantic="OUTPUT" source="#hpl_mixamorigwNeck-rotz" /></sampler><channel source="#hpl_mixamorigwNeck-rotz-sampler" target="mixamorigwNeck/rotateZ.ANGLE" />
      <sampler id="hpl_mixamorigwNeck-roty-sampler"><input semantic="INPUT" source="#hpl_mixamorigwNeck-time" /><input semantic="OUTPUT" source="#hpl_mixamorigwNeck-roty" /></sampler><channel source="#hpl_mixamorigwNeck-roty-sampler" target="mixamorigwNeck/rotateY.ANGLE" />
      <sampler id="hpl_mixamorigwNeck-rotx-sampler"><input semantic="INPUT" source="#hpl_mixamorigwNeck-time" /><input semantic="OUTPUT" source="#hpl_mixamorigwNeck-rotx" /></sampler><channel source="#hpl_mixamorigwNeck-rotx-sampler" target="mixamorigwNeck/rotateX.ANGLE" />
    </animation>
    <animation id="hpl_mixamorigwHead">
      <source id="hpl_mixamorigwHead-time"><float_array id="hpl_mixamorigwHead-time-array" count="35">0 1 2 3 4 5 6 7 8 9 10 11 12 13 14 15 16 17 18 19 20 21 22 23 24 25 26 27 28 29 30 31 32 33 34</float_array><technique_common><accessor source="#hpl_mixamorigwHead-time-array" count="35" stride="1" /></technique_common></source>
      <source id="hpl_mixamorigwHead-trans"><float_array id="hpl_mixamorigwHead-trans-array" count="105">9.58763e-11 0.0721613 -2.26339e-07 9.58763e-11 0.0721613 -2.26339e-07 9.58763e-11 0.0721613 -2.26339e-07 9.58763e-11 0.0721613 -2.26339e-07 9.58763e-11 0.0721613 -2.26339e-07 9.58763e-11 0.0721613 -2.26339e-07 9.58763e-11 0.0721613 -2.26339e-07 9.58763e-11 0.0721613 -2.26339e-07 9.58763e-11 0.0721613 -2.26339e-07 9.58763e-11 0.0721613 -2.26339e-07 9.58763e-11 0.0721613 -2.26339e-07 9.58763e-11 0.0721613 -2.26339e-07 9.58763e-11 0.0721613 -2.26339e-07 9.58763e-11 0.0721613 -2.26339e-07 9.58763e-11 0.0721613 -2.26339e-07 9.58763e-11 0.0721613 -2.26339e-07 9.58763e-11 0.0721613 -2.26339e-07 9.58763e-11 0.0721613 -2.26339e-07 9.58763e-11 0.0721613 -2.26339e-07 9.58763e-11 0.0721613 -2.26339e-07 9.58763e-11 0.0721613 -2.26339e-07 9.58763e-11 0.0721613 -2.26339e-07 9.58763e-11 0.0721613 -2.26339e-07 9.58763e-11 0.0721613 -2.26339e-07 9.58763e-11 0.0721613 -2.26339e-07 9.58763e-11 0.0721613 -2.26339e-07 9.58763e-11 0.0721613 -2.26339e-07 9.58763e-11 0.0721613 -2.26339e-07 9.58763e-11 0.0721613 -2.26339e-07 9.58763e-11 0.0721613 -2.26339e-07 9.58763e-11 0.0721613 -2.26339e-07 9.58763e-11 0.0721613 -2.26339e-07 9.58763e-11 0.0721613 -2.26339e-07 9.58763e-11 0.0721613 -2.26339e-07 9.58763e-11 0.0721613 -2.26339e-07</float_array><technique_common><accessor source="#hpl_mixamorigwHead-trans-array" count="35" stride="3" /></technique_common></source>
      <source id="hpl_mixamorigwHead-rotz"><float_array id="hpl_mixamorigwHead-rotz-array" count="35">-0.733681 -0.40316 -0.0229829 0.324323 0.535446 0.615184 0.610526 0.436665 0.129116 -0.137315 -0.423043 -0.392831 -0.278697 -0.220748 -0.196222 -0.105664 -0.319859 -0.693946 -1.0176 -1.2685 -1.50612 -1.70362 -1.84405 -1.83761 -1.73952 -1.65811 -1.49049 -1.41224 -1.49518 -1.60702 -1.71548 -1.669 -1.59125 -1.43108 -0.733681</float_array><technique_common><accessor source="#hpl_mixamorigwHead-rotz-array" count="35" stride="1" /></technique_common></source>
      <source id="hpl_mixamorigwHead-roty"><float_array id="hpl_mixamorigwHead-roty-array" count="35">2.53931 2.13412 1.75497 1.40585 1.03951 0.725334 0.54329 0.524064 0.579351 0.685344 0.520452 0.231797 -0.247242 -0.814721 -1.55862 -2.05512 -1.87529 -1.15717 -0.239614 0.497412 0.93555 1.26312 1.46567 1.49508 1.19184 0.706313 0.201053 -0.117769 0.268239 0.714751 1.31151 2.17353 2.59635 2.53014 2.53931</float_array><technique_common><accessor source="#hpl_mixamorigwHead-roty-array" count="35" stride="1" /></technique_common></source>
      <source id="hpl_mixamorigwHead-rotx"><float_array id="hpl_mixamorigwHead-rotx-array" count="35">-12.9808 -12.6428 -12.0308 -11.3285 -10.8105 -10.5725 -10.6603 -11.096 -11.6427 -11.846 -12.0203 -12.0505 -11.3008 -10.5529 -10.6471 -11.034 -11.1907 -11.139 -10.7242 -10.2324 -9.88459 -9.85009 -10.0537 -10.4061 -10.731 -10.9779 -11.063 -11.5276 -11.8003 -11.2401 -10.4071 -10.114 -9.97273 -9.83458 -12.9808</float_array><technique_common><accessor source="#hpl_mixamorigwHead-rotx-array" count="35" stride="1" /></technique_common></source>
      <sampler id="hpl_mixamorigwHead-trans-sampler"><input semantic="INPUT" source="#hpl_mixamorigwHead-time" /><input semantic="OUTPUT" source="#hpl_mixamorigwHead-trans" /></sampler><channel source="#hpl_mixamorigwHead-trans-sampler" target="mixamorigwHead/translate" />
      <sampler id="hpl_mixamorigwHead-rotz-sampler"><input semantic="INPUT" source="#hpl_mixamorigwHead-time" /><input semantic="OUTPUT" source="#hpl_mixamorigwHead-rotz" /></sampler><channel source="#hpl_mixamorigwHead-rotz-sampler" target="mixamorigwHead/rotateZ.ANGLE" />
      <sampler id="hpl_mixamorigwHead-roty-sampler"><input semantic="INPUT" source="#hpl_mixamorigwHead-time" /><input semantic="OUTPUT" source="#hpl_mixamorigwHead-roty" /></sampler><channel source="#hpl_mixamorigwHead-roty-sampler" target="mixamorigwHead/rotateY.ANGLE" />
      <sampler id="hpl_mixamorigwHead-rotx-sampler"><input semantic="INPUT" source="#hpl_mixamorigwHead-time" /><input semantic="OUTPUT" source="#hpl_mixamorigwHead-rotx" /></sampler><channel source="#hpl_mixamorigwHead-rotx-sampler" target="mixamorigwHead/rotateX.ANGLE" />
    </animation>
    <animation id="hpl_mixamorigwHeadTop_End">
      <source id="hpl_mixamorigwHeadTop_End-time"><float_array id="hpl_mixamorigwHeadTop_End-time-array" count="35">0 1 2 3 4 5 6 7 8 9 10 11 12 13 14 15 16 17 18 19 20 21 22 23 24 25 26 27 28 29 30 31 32 33 34</float_array><technique_common><accessor source="#hpl_mixamorigwHeadTop_End-time-array" count="35" stride="1" /></technique_common></source>
      <source id="hpl_mixamorigwHeadTop_End-trans"><float_array id="hpl_mixamorigwHeadTop_End-trans-array" count="105">-4.12817e-11 0.251687 -0.0922776 -4.12817e-11 0.251687 -0.0922776 -4.12817e-11 0.251687 -0.0922776 -4.12817e-11 0.251687 -0.0922776 -4.12817e-11 0.251687 -0.0922776 -4.12817e-11 0.251687 -0.0922776 -4.12817e-11 0.251687 -0.0922776 -4.12817e-11 0.251687 -0.0922776 -4.12817e-11 0.251687 -0.0922776 -4.12817e-11 0.251687 -0.0922776 -4.12817e-11 0.251687 -0.0922776 -4.12817e-11 0.251687 -0.0922776 -4.12817e-11 0.251687 -0.0922776 -4.12817e-11 0.251687 -0.0922776 -4.12817e-11 0.251687 -0.0922776 -4.12817e-11 0.251687 -0.0922776 -4.12817e-11 0.251687 -0.0922776 -4.12817e-11 0.251687 -0.0922776 -4.12817e-11 0.251687 -0.0922776 -4.12817e-11 0.251687 -0.0922776 -4.12817e-11 0.251687 -0.0922776 -4.12817e-11 0.251687 -0.0922776 -4.12817e-11 0.251687 -0.0922776 -4.12817e-11 0.251687 -0.0922776 -4.12817e-11 0.251687 -0.0922776 -4.12817e-11 0.251687 -0.0922776 -4.12817e-11 0.251687 -0.0922776 -4.12817e-11 0.251687 -0.0922776 -4.12817e-11 0.251687 -0.0922776 -4.12817e-11 0.251687 -0.0922776 -4.12817e-11 0.251687 -0.0922776 -4.12817e-11 0.251687 -0.0922776 -4.12817e-11 0.251687 -0.0922776 -4.12817e-11 0.251687 -0.0922776 -4.12817e-11 0.251687 -0.0922776</float_array><technique_common><accessor source="#hpl_mixamorigwHeadTop_End-trans-array" count="35" stride="3" /></technique_common></source>
      <source id="hpl_mixamorigwHeadTop_End-rotz"><float_array id="hpl_mixamorigwHeadTop_End-rotz-array" count="35">-4.55091e-09 -4.55091e-09 -4.55091e-09 -4.55091e-09 -4.55091e-09 -4.55091e-09 -4.55091e-09 -4.55091e-09 -4.55091e-09 -4.55091e-09 -4.55091e-09 -4.55091e-09 -4.55091e-09 -4.55091e-09 -4.55091e-09 -4.55091e-09 -4.55091e-09 -4.55091e-09 -4.55091e-09 -4.55091e-09 -4.55091e-09 -4.55091e-09 -4.55091e-09 -4.55091e-09 -4.55091e-09 -4.55091e-09 -4.55091e-09 -4.55091e-09 -4.55091e-09 -4.55091e-09 -4.55091e-09 -4.55091e-09 -4.55091e-09 -4.55091e-09 -4.55091e-09</float_array><technique_common><accessor source="#hpl_mixamorigwHeadTop_End-rotz-array" count="35" stride="1" /></technique_common></source>
      <source id="hpl_mixamorigwHeadTop_End-roty"><float_array id="hpl_mixamorigwHeadTop_End-roty-array" count="35">1.45297e-08 1.45297e-08 1.45297e-08 1.45297e-08 1.45297e-08 1.45297e-08 1.45297e-08 1.45297e-08 1.45297e-08 1.45297e-08 1.45297e-08 1.45297e-08 1.45297e-08 1.45297e-08 1.45297e-08 1.45297e-08 1.45297e-08 1.45297e-08 1.45297e-08 1.45297e-08 1.45297e-08 1.45297e-08 1.45297e-08 1.45297e-08 1.45297e-08 1.45297e-08 1.45297e-08 1.45297e-08 1.45297e-08 1.45297e-08 1.45297e-08 1.45297e-08 1.45297e-08 1.45297e-08 1.45297e-08</float_array><technique_common><accessor source="#hpl_mixamorigwHeadTop_End-roty-array" count="35" stride="1" /></technique_common></source>
      <source id="hpl_mixamorigwHeadTop_End-rotx"><float_array id="hpl_mixamorigwHeadTop_End-rotx-array" count="35">-20.1348 -20.1348 -20.1348 -20.1348 -20.1348 -20.1348 -20.1348 -20.1348 -20.1348 -20.1348 -20.1348 -20.1348 -20.1348 -20.1348 -20.1348 -20.1348 -20.1348 -20.1348 -20.1348 -20.1348 -20.1348 -20.1348 -20.1348 -20.1348 -20.1348 -20.1348 -20.1348 -20.1348 -20.1348 -20.1348 -20.1348 -20.1348 -20.1348 -20.1348 -20.1348</float_array><technique_common><accessor source="#hpl_mixamorigwHeadTop_End-rotx-array" count="35" stride="1" /></technique_common></source>
      <sampler id="hpl_mixamorigwHeadTop_End-trans-sampler"><input semantic="INPUT" source="#hpl_mixamorigwHeadTop_End-time" /><input semantic="OUTPUT" source="#hpl_mixamorigwHeadTop_End-trans" /></sampler><channel source="#hpl_mixamorigwHeadTop_End-trans-sampler" target="mixamorigwHeadTop_End/translate" />
      <sampler id="hpl_mixamorigwHeadTop_End-rotz-sampler"><input semantic="INPUT" source="#hpl_mixamorigwHeadTop_End-time" /><input semantic="OUTPUT" source="#hpl_mixamorigwHeadTop_End-rotz" /></sampler><channel source="#hpl_mixamorigwHeadTop_End-rotz-sampler" target="mixamorigwHeadTop_End/rotateZ.ANGLE" />
      <sampler id="hpl_mixamorigwHeadTop_End-roty-sampler"><input semantic="INPUT" source="#hpl_mixamorigwHeadTop_End-time" /><input semantic="OUTPUT" source="#hpl_mixamorigwHeadTop_End-roty" /></sampler><channel source="#hpl_mixamorigwHeadTop_End-roty-sampler" target="mixamorigwHeadTop_End/rotateY.ANGLE" />
      <sampler id="hpl_mixamorigwHeadTop_End-rotx-sampler"><input semantic="INPUT" source="#hpl_mixamorigwHeadTop_End-time" /><input semantic="OUTPUT" source="#hpl_mixamorigwHeadTop_End-rotx" /></sampler><channel source="#hpl_mixamorigwHeadTop_End-rotx-sampler" target="mixamorigwHeadTop_End/rotateX.ANGLE" />
    </animation>
    <animation id="hpl_mixamorigwHeadFront">
      <source id="hpl_mixamorigwHeadFront-time"><float_array id="hpl_mixamorigwHeadFront-time-array" count="35">0 1 2 3 4 5 6 7 8 9 10 11 12 13 14 15 16 17 18 19 20 21 22 23 24 25 26 27 28 29 30 31 32 33 34</float_array><technique_common><accessor source="#hpl_mixamorigwHeadFront-time-array" count="35" stride="1" /></technique_common></source>
      <source id="hpl_mixamorigwHeadFront-trans"><float_array id="hpl_mixamorigwHeadFront-trans-array" count="105">5.31362e-09 0.0385956 0.092277 5.31362e-09 0.0385956 0.092277 5.31362e-09 0.0385956 0.092277 5.31362e-09 0.0385956 0.092277 5.31362e-09 0.0385956 0.092277 5.31362e-09 0.0385956 0.092277 5.31362e-09 0.0385956 0.092277 5.31362e-09 0.0385956 0.092277 5.31362e-09 0.0385956 0.092277 5.31362e-09 0.0385956 0.092277 5.31362e-09 0.0385956 0.092277 5.31362e-09 0.0385956 0.092277 5.31362e-09 0.0385956 0.092277 5.31362e-09 0.0385956 0.092277 5.31362e-09 0.0385956 0.092277 5.31362e-09 0.0385956 0.092277 5.31362e-09 0.0385956 0.092277 5.31362e-09 0.0385956 0.092277 5.31362e-09 0.0385956 0.092277 5.31362e-09 0.0385956 0.092277 5.31362e-09 0.0385956 0.092277 5.31362e-09 0.0385956 0.092277 5.31362e-09 0.0385956 0.092277 5.31362e-09 0.0385956 0.092277 5.31362e-09 0.0385956 0.092277 5.31362e-09 0.0385956 0.092277 5.31362e-09 0.0385956 0.092277 5.31362e-09 0.0385956 0.092277 5.31362e-09 0.0385956 0.092277 5.31362e-09 0.0385956 0.092277 5.31362e-09 0.0385956 0.092277 5.31362e-09 0.0385956 0.092277 5.31362e-09 0.0385956 0.092277 5.31362e-09 0.0385956 0.092277 5.31362e-09 0.0385956 0.092277</float_array><technique_common><accessor source="#hpl_mixamorigwHeadFront-trans-array" count="35" stride="3" /></technique_common></source>
      <source id="hpl_mixamorigwHeadFront-rotz"><float_array id="hpl_mixamorigwHeadFront-rotz-array" count="35">-8.07972e-06 -8.07972e-06 -8.07972e-06 -8.07972e-06 -8.07972e-06 -8.07972e-06 -8.07972e-06 -8.07972e-06 -8.07972e-06 -8.07972e-06 -8.07972e-06 -8.07972e-06 -8.07972e-06 -8.07972e-06 -8.07972e-06 -8.07972e-06 -8.07972e-06 -8.07972e-06 -8.07972e-06 -8.07972e-06 -8.07972e-06 -8.07972e-06 -8.07972e-06 -8.07972e-06 -8.07972e-06 -8.07972e-06 -8.07972e-06 -8.07972e-06 -8.07972e-06 -8.07972e-06 -8.07972e-06 -8.07972e-06 -8.07972e-06 -8.07972e-06 -8.07972e-06</float_array><technique_common><accessor source="#hpl_mixamorigwHeadFront-rotz-array" count="35" stride="1" /></technique_common></source>
      <source id="hpl_mixamorigwHeadFront-roty"><float_array id="hpl_mixamorigwHeadFront-roty-array" count="35">-3.35379e-06 -3.35379e-06 -3.35379e-06 -3.35379e-06 -3.35379e-06 -3.35379e-06 -3.35379e-06 -3.35379e-06 -3.35379e-06 -3.35379e-06 -3.35379e-06 -3.35379e-06 -3.35379e-06 -3.35379e-06 -3.35379e-06 -3.35379e-06 -3.35379e-06 -3.35379e-06 -3.35379e-06 -3.35379e-06 -3.35379e-06 -3.35379e-06 -3.35379e-06 -3.35379e-06 -3.35379e-06 -3.35379e-06 -3.35379e-06 -3.35379e-06 -3.35379e-06 -3.35379e-06 -3.35379e-06 -3.35379e-06 -3.35379e-06 -3.35379e-06 -3.35379e-06</float_array><technique_common><accessor source="#hpl_mixamorigwHeadFront-roty-array" count="35" stride="1" /></technique_common></source>
      <source id="hpl_mixamorigwHeadFront-rotx"><float_array id="hpl_mixamorigwHeadFront-rotx-array" count="35">67.3014 67.3014 67.3014 67.3014 67.3014 67.3014 67.3014 67.3014 67.3014 67.3014 67.3014 67.3014 67.3014 67.3014 67.3014 67.3014 67.3014 67.3014 67.3014 67.3014 67.3014 67.3014 67.3014 67.3014 67.3014 67.3014 67.3014 67.3014 67.3014 67.3014 67.3014 67.3014 67.3014 67.3014 67.3014</float_array><technique_common><accessor source="#hpl_mixamorigwHeadFront-rotx-array" count="35" stride="1" /></technique_common></source>
      <sampler id="hpl_mixamorigwHeadFront-trans-sampler"><input semantic="INPUT" source="#hpl_mixamorigwHeadFront-time" /><input semantic="OUTPUT" source="#hpl_mixamorigwHeadFront-trans" /></sampler><channel source="#hpl_mixamorigwHeadFront-trans-sampler" target="mixamorigwHeadFront/translate" />
      <sampler id="hpl_mixamorigwHeadFront-rotz-sampler"><input semantic="INPUT" source="#hpl_mixamorigwHeadFront-time" /><input semantic="OUTPUT" source="#hpl_mixamorigwHeadFront-rotz" /></sampler><channel source="#hpl_mixamorigwHeadFront-rotz-sampler" target="mixamorigwHeadFront/rotateZ.ANGLE" />
      <sampler id="hpl_mixamorigwHeadFront-roty-sampler"><input semantic="INPUT" source="#hpl_mixamorigwHeadFront-time" /><input semantic="OUTPUT" source="#hpl_mixamorigwHeadFront-roty" /></sampler><channel source="#hpl_mixamorigwHeadFront-roty-sampler" target="mixamorigwHeadFront/rotateY.ANGLE" />
      <sampler id="hpl_mixamorigwHeadFront-rotx-sampler"><input semantic="INPUT" source="#hpl_mixamorigwHeadFront-time" /><input semantic="OUTPUT" source="#hpl_mixamorigwHeadFront-rotx" /></sampler><channel source="#hpl_mixamorigwHeadFront-rotx-sampler" target="mixamorigwHeadFront/rotateX.ANGLE" />
    </animation>
  </library_animations>
  <scene><instance_visual_scene url="#RootNode" /></scene>
</COLLADA>