<?xml version='1.0' encoding='utf-8'?>
<COLLADA xmlns="http://www.collada.org/2005/11/COLLADASchema" version="1.4.1">
  <asset>
    <contributor><author>hpl_dae_export</author><authoring_tool>Blender 4.2.0</authoring_tool></contributor>
    <unit name="meter" meter="1" />
    <up_axis>Y_UP</up_axis>
  </asset>
  <library_images>
    <image id="red-diffuse-image"><init_from>red.tga</init_from></image>
    <image id="red-emission-image"><init_from>red.tga</init_from></image>
    <image id="red-normal-image"><init_from>red.tga</init_from></image>
  </library_images>
  <library_effects>
    <effect id="red-fx" name="red"><profile_COMMON>
      <newparam sid="red-diffuse-surface"><surface type="2D"><init_from>red-diffuse-image</init_from></surface></newparam>
      <newparam sid="red-diffuse-sampler"><sampler2D><source>red-diffuse-surface</source></sampler2D></newparam>
      <newparam sid="red-emission-surface"><surface type="2D"><init_from>red-emission-image</init_from></surface></newparam>
      <newparam sid="red-emission-sampler"><sampler2D><source>red-emission-surface</source></sampler2D></newparam>
      <technique sid="common"><lambert>
        <diffuse><texture texture="red-diffuse-sampler" texcoord="CHANNEL0" /></diffuse>
      </lambert></technique>
    </profile_COMMON></effect>
  </library_effects>
  <library_materials>
    <material id="red" name="red"><instance_effect url="#red-fx" /></material>
  </library_materials>
  <library_geometries>
    <geometry id="Mesh_0_1" name="Mesh_0"><mesh>
      <source id="Mesh_0_1-vpos"><float_array id="Mesh_0_1-vpos-array" count="9">0.00385352 0.946143 0.0286242 0.0538535 0.946143 0.0286242 0.00385352 0.996143 0.0286242</float_array><technique_common><accessor source="#Mesh_0_1-vpos-array" count="3" stride="3"><param name="X" type="float" /><param name="Y" type="float" /><param name="Z" type="float" /></accessor></technique_common></source>
      <source id="Mesh_0_1-vnrm"><float_array id="Mesh_0_1-vnrm-array" count="9">0 0 1 0 0 1 0 0 1</float_array><technique_common><accessor source="#Mesh_0_1-vnrm-array" count="3" stride="3"><param name="X" type="float" /><param name="Y" type="float" /><param name="Z" type="float" /></accessor></technique_common></source>
      <source id="Mesh_0_1-vuv"><float_array id="Mesh_0_1-vuv-array" count="6">0 0 1 0 0 1</float_array><technique_common><accessor source="#Mesh_0_1-vuv-array" count="3" stride="2"><param name="S" type="float" /><param name="T" type="float" /></accessor></technique_common></source>
      <vertices id="Mesh_0_1-vertices"><input semantic="POSITION" source="#Mesh_0_1-vpos" /></vertices>
      <triangles count="1" material="red"><input semantic="VERTEX" source="#Mesh_0_1-vertices" offset="0" /><input semantic="NORMAL" source="#Mesh_0_1-vnrm" offset="1" /><input semantic="TEXCOORD" source="#Mesh_0_1-vuv" offset="2" /><p>0 0 0 1 1 1 2 2 2</p></triangles>
    </mesh></geometry>
  </library_geometries>
  <library_controllers>
    <controller id="Mesh_0_1-skin" name="skinCluster0"><skin source="#Mesh_0_1">
      <bind_shape_matrix>1 0 0 0 0 1 0 0 0 0 1 0 0 0 0 1</bind_shape_matrix>
      <source id="Mesh_0_1-skin-joints"><Name_array id="Mesh_0_1-skin-joints-array" count="24">mixamorigwHips mixamorigwLeftUpLeg mixamorigwLeftLeg mixamorigwLeftFoot mixamorigwLeftToeBase mixamorigwRightUpLeg mixamorigwRightLeg mixamorigwRightFoot mixamorigwRightToeBase mixamorigwSpine mixamorigwSpine1 mixamorigwSpine2 mixamorigwLeftShoulder mixamorigwLeftArm mixamorigwLeftForeArm mixamorigwLeftHand mixamorigwRightShoulder mixamorigwRightArm mixamorigwRightForeArm mixamorigwRightHand mixamorigwNeck mixamorigwHead mixamorigwHeadTop_End mixamorigwHeadFront</Name_array><technique_common><accessor source="#Mesh_0_1-skin-joints-array" count="24" stride="1"><param name="JOINT" type="Name" /></accessor></technique_common></source>
      <source id="Mesh_0_1-skin-bind_poses"><float_array id="Mesh_0_1-skin-bind_poses-array" count="384">0.999989 -0.00406635 0.00253198 -7.86095e-05 0.00253198 0.897395 0.441222 -0.861703 -0.00406635 -0.44121 0.897395 0.391776 0 0 0 1 0.986631 0.119226 -0.111103 -0.197556 0.111103 -0.990848 -0.0766622 0.838282 -0.119226 0.0632938 -0.990848 -0.0208964 0 0 0 1 0.994617 0.0807749 -0.064911 -0.179425 0.0649109 -0.973934 -0.217344 0.469527 -0.0807747 0.211961 -0.973935 -0.0994408 0 0 0 1 0.993435 0.042401 -0.106246 -0.17724 0.106246 -0.686247 0.719568 0.141585 -0.0424003 -0.726132 -0.686247 0.0527234 0 0 0 1 0.989275 1.23237e-06 -0.146069 -0.173866 0.146069 -3.00044e-07 0.989275 -0.0499448 1.17461e-06 -1 -5.29324e-08 0.039445 0 0 0 1 0.98652 -0.119644 0.111641 0.190478 -0.111641 -0.990884 -0.0753982 0.839864 0.119644 0.0619186 -0.990885 -0.0204603 0 0 0 1 0.992744 -0.0932991 0.0758571 0.178015 -0.0758569 -0.975408 -0.206944 0.473354 0.0932989 0.199689 -0.975408 -0.0922947 0 0 0 1 0.990126 -0.0532919 0.129653 0.176015 -0.129652 -0.69979 0.702485 0.138161 0.0532927 -0.712358 -0.69979 0.0572618 0 0 0 1 0.983392 1.34325e-06 0.181497 0.171253 -0.181497 -4.60052e-07 0.983392 -0.0581054 1.51265e-06 -1 1.57955e-07 0.0413972 0 0 0 1 1 1.87816e-10 -9.41434e-10 -0.00385352 -1.27467e-10 0.998845 -0.0480456 -1.08262 2.26969e-10 0.0480457 0.998845 -0.0740498 0 0 0 1 1 3.86147e-11 8.02781e-10 -0.00385352 1.05363e-10 0.998845 -0.0480456 -1.22156 -1.50806e-09 0.0480457 0.998845 -0.0740495 0 0 0 1 0.999955 0.00711225 0.00628019 -0.0135977 -0.0062802 0.992288 -0.123798 -1.35089 -0.00711224 0.123753 0.992288 -0.177117 0 0 0 1 -0.0733667 -2.91331e-07 -0.997305 -0.000555411 0.997305 -3.61991e-10 -0.0733666 -0.0467881 1.52522e-08 -1 2.45412e-07 1.43366 0 0 0 1 0.426062 0.574063 -0.69923 -0.927351 0.699231 -0.699382 -0.148126 0.848006 -0.574063 -0.425812 -0.699383 0.723849 0 0 0 1 0.52368 0.296518 -0.798647 -0.624742 0.798646 -0.497174 0.339091 0.320905 -0.29652 -0.815411 -0.497173 1.11126 0 0 0 1 0.764466 0.231778 -0.601557 -0.704431 0.601557 -0.591963 0.536386 0.282485 -0.231777 -0.771919 -0.591963 1.02623 0 0 0 1 -0.0722537 1.86859e-07 0.997386 0.00130913 -0.997386 1.46194e-09 -0.0722538 -0.0406645 -6.51276e-09 -1 1.4146e-07 1.42977 0 0 0 1 0.458698 -0.579116 0.673959 0.939391 -0.673958 -0.721041 -0.160875 0.881431 0.579117 -0.380427 -0.72104 0.657695 0 0 0 1 0.498693 -0.293227 0.815674 0.605234 -0.815674 -0.477108 0.327177 0.301524 0.293227 -0.828484 -0.477108 1.12205 0 0 0 1 0.746469 -0.235106 0.622502 0.690914 -0.622502 -0.577265 0.528448 0.271116 0.235107 -0.781978 -0.577264 1.0377 0 0 0 1 1 -4.74058e-09 4.42383e-09 -0.00385351 4.28017e-09 0.998845 -0.0480457 -1.46698 -5.38852e-09 0.0480458 0.998845 -0.0740497 0 0 0 1 1 1.68686e-09 4.15308e-10 -0.00385352 -2.83383e-09 0.922548 0.385883 -1.42158 -5.26683e-10 -0.385883 0.922548 0.594602 0 0 0 1 1 1.71144e-09 1.50711e-10 -0.00385352 -2.49206e-09 0.998999 0.0447313 -1.80745 -1.20455e-09 -0.0447312 0.998999 0.0689125 0 0 0 1 1 -1.50996e-07 -1.08247e-15 -0.00385329 -1.16412e-09 2.98023e-08 1 -0.100038 -1.50272e-07 -1 1.62664e-22 1.54092 0 0 0 1</float_array><technique_common><accessor count="24" offset="0" source="#Mesh_0_1-skin-bind_poses-array" stride="16"><param name="TRANSFORM" type="float4x4" /></accessor></technique_common></source>
      <source id="Mesh_0_1-skin-weights"><float_array id="Mesh_0_1-skin-weights-array" count="1">1</float_array><technique_common><accessor count="1" offset="0" source="#Mesh_0_1-skin-weights-array" stride="1"><param name="WEIGHT" type="float" /></accessor></technique_common></source>
      <joints><input semantic="JOINT" source="#Mesh_0_1-skin-joints" /><input semantic="INV_BIND_MATRIX" source="#Mesh_0_1-skin-bind_poses" /></joints>
      <vertex_weights count="3"><input semantic="JOINT" source="#Mesh_0_1-skin-joints" offset="0" /><input semantic="WEIGHT" source="#Mesh_0_1-skin-weights" offset="1" /><vcount>1 1 1</vcount><v>0 0 0 0 0 0</v></vertex_weights>
    </skin></controller>
  </library_controllers>
  <library_visual_scenes>
    <visual_scene id="RootNode" name="RootNode">
      <node id="mixamorigwHips" sid="mixamorigwHips" name="mixamorigwHips" type="JOINT">
        <translate sid="translate">0.00385352 0.946143 0.0286245</translate><rotate sid="rotateZ">0 0 1 -0.232986</rotate><rotate sid="rotateY">0 1 0 -0.145072</rotate><rotate sid="rotateX">1 0 0 26.1819</rotate>
        <node id="mixamorigwLeftUpLeg" sid="mixamorigwLeftUpLeg" name="mixamorigwLeftUpLeg" type="JOINT">
          <translate sid="translate">0.0957848 -0.0842078 0.0333163</translate><rotate sid="rotateZ">0 0 1 3.51</rotate><rotate sid="rotateY">0 1 0 8.99327</rotate><rotate sid="rotateX">1 0 0 158.13</rotate>
          <node id="mixamorigwLeftLeg" sid="mixamorigwLeftLeg" name="mixamorigwLeftLeg" type="JOINT">
            <translate sid="translate">-3.18274e-08 0.365977 1.95229e-07</translate><rotate sid="rotateZ">0 0 1 2.03375</rotate><rotate sid="rotateY">0 1 0 2.8175</rotate><rotate sid="rotateX">1 0 0 8.40382</rotate>
            <node id="mixamorigwLeftFoot" sid="mixamorigwLeftFoot" name="mixamorigwLeftFoot" type="JOINT">
              <translate sid="translate">8.84533e-09 0.359261 3.79086e-09</translate><rotate sid="rotateZ">0 0 1 2.65403</rotate><rotate sid="rotateY">0 1 0 -1.84634</rotate><rotate sid="rotateX">1 0 0 -58.7923</rotate>
              <node id="mixamorigwLeftToeBase" sid="mixamorigwLeftToeBase" name="mixamorigwLeftToeBase" type="JOINT">
                <translate sid="translate">-9.79304e-09 0.150844 0</translate><rotate sid="rotateZ">0 0 1 -5.33409e-05</rotate><rotate sid="rotateY">0 1 0 -3.34183</rotate><rotate sid="rotateX">1 0 0 -43.3337</rotate>
              </node>
            </node>
          </node>
        </node>
        <node id="mixamorigwRightUpLeg" sid="mixamorigwRightUpLeg" name="mixamorigwRightUpLeg" type="JOINT">
          <translate sid="translate">-0.0952036 -0.0839154 0.0339066</translate><rotate sid="rotateZ">0 0 1 -3.22396</rotate><rotate sid="rotateY">0 1 0 -8.56678</rotate><rotate sid="rotateX">1 0 0 158.028</rotate>
          <node id="mixamorigwRightLeg" sid="mixamorigwRightLeg" name="mixamorigwRightLeg" type="JOINT">
            <translate sid="translate">-2.91027e-08 0.36282 2.47669e-07</translate><rotate sid="rotateZ">0 0 1 -1.38203</rotate><rotate sid="rotateY">0 1 0 -2.16822</rotate><rotate sid="rotateX">1 0 0 7.79813</rotate>
            <node id="mixamorigwRightFoot" sid="mixamorigwRightFoot" name="mixamorigwRightFoot" type="JOINT">
              <translate sid="translate">-1.6427e-08 0.358719 1.26362e-09</translate><rotate sid="rotateZ">0 0 1 -2.86642</rotate><rotate sid="rotateY">0 1 0 2.56357</rotate><rotate sid="rotateX">1 0 0 -56.9173</rotate>
              <node id="mixamorigwRightToeBase" sid="mixamorigwRightToeBase" name="mixamorigwRightToeBase" type="JOINT">
                <translate sid="translate">-7.89762e-09 0.150699 -6.57082e-08</translate><rotate sid="rotateZ">0 0 1 -5.15439e-05</rotate><rotate sid="rotateY">0 1 0 4.27841</rotate><rotate sid="rotateX">1 0 0 -44.4102</rotate>
              </node>
            </node>
          </node>
        </node>
        <node id="mixamorigwSpine" sid="mixamorigwSpine" name="mixamorigwSpine" type="JOINT">
          <translate sid="translate">-0.00058124 0.121597 -0.0672225</translate><rotate sid="rotateZ">0 0 1 0.145073</rotate><rotate sid="rotateY">0 1 0 0.232985</rotate><rotate sid="rotateX">1 0 0 -28.9352</rotate>
          <node id="mixamorigwSpine1" sid="mixamorigwSpine1" name="mixamorigwSpine1" type="JOINT">
            <translate sid="translate">5.31351e-10 0.138942 -1.8196e-07</translate><rotate sid="rotateZ">0 0 1 -1.33402e-08</rotate><rotate sid="rotateY">0 1 0 -9.941e-08</rotate><rotate sid="rotateX">1 0 0 2.56132e-06</rotate>
            <node id="mixamorigwSpine2" sid="mixamorigwSpine2" name="mixamorigwSpine2" type="JOINT">
              <translate sid="translate">-2.56392e-10 0.138943 -5.81135e-12</translate><rotate sid="rotateZ">0 0 1 0.389755</rotate><rotate sid="rotateY">0 1 0 -0.378994</rotate><rotate sid="rotateX">1 0 0 -4.35765</rotate>
              <node id="mixamorigwLeftShoulder" sid="mixamorigwLeftShoulder" name="mixamorigwLeftShoulder" type="JOINT">
                <translate sid="translate">0.0431929 0.0719141 -0.00398395</translate><rotate sid="rotateZ">0 0 1 122.722</rotate><rotate sid="rotateY">0 1 0 81.5294</rotate><rotate sid="rotateX">1 0 0 -147.154</rotate>
                <node id="mixamorigwLeftArm" sid="mixamorigwLeftArm" name="mixamorigwLeftArm" type="JOINT">
                  <translate sid="translate">-3.24553e-08 0.171533 1.60997e-07</translate><rotate sid="rotateZ">0 0 1 35.5626</rotate><rotate sid="rotateY">0 1 0 35.0341</rotate><rotate sid="rotateX">1 0 0 58.6653</rotate>
                  <node id="mixamorigwLeftForeArm" sid="mixamorigwLeftForeArm" name="mixamorigwLeftForeArm" type="JOINT">
                    <translate sid="translate">-6.31809e-08 0.261279 8.84533e-08</translate><rotate sid="rotateZ">0 0 1 16.232</rotate><rotate sid="rotateY">0 1 0 -7.56631</rotate><rotate sid="rotateX">1 0 0 -29.2207</rotate>
                    <node id="mixamorigwLeftHand" sid="mixamorigwLeftHand" name="mixamorigwLeftHand" type="JOINT">
                      <translate sid="translate">3.53813e-08 0.258002 7.83443e-08</translate><rotate sid="rotateZ">0 0 1 17.057</rotate><rotate sid="rotateY">0 1 0 6.69567</rotate><rotate sid="rotateX">1 0 0 2.17207</rotate>
                    </node>
                  </node>
                </node>
              </node>
              <node id="mixamorigwRightShoulder" sid="mixamorigwRightShoulder" name="mixamorigwRightShoulder" type="JOINT">
                <translate sid="translate">-0.0439172 0.0686297 -0.00410151</translate><rotate sid="rotateZ">0 0 1 -118.209</rotate><rotate sid="rotateY">0 1 0 -81.9753</rotate><rotate sid="rotateX">1 0 0 -152.434</rotate>
                <node id="mixamorigwRightArm" sid="mixamorigwRightArm" name="mixamorigwRightArm" type="JOINT">
                  <translate sid="translate">2.11473e-09 0.177733 -9.98953e-10</translate><rotate sid="rotateZ">0 0 1 -38.3828</rotate><rotate sid="rotateY">0 1 0 -35.3884</rotate><rotate sid="rotateX">1 0 0 62.1835</rotate>
                  <node id="mixamorigwRightForeArm" sid="mixamorigwRightForeArm" name="mixamorigwRightForeArm" type="JOINT">
                    <translate sid="translate">-7.58171e-09 0.248032 -3.79086e-08</translate><rotate sid="rotateZ">0 0 1 -15.1012</rotate><rotate sid="rotateY">0 1 0 10.8233</rotate><rotate sid="rotateX">1 0 0 -32.4331</rotate>
                    <node id="mixamorigwRightHand" sid="mixamorigwRightHand" name="mixamorigwRightHand" type="JOINT">
                      <translate sid="translate">-3.15905e-08 0.252616 -2.62833e-07</translate><rotate sid="rotateZ">0 0 1 -17.1606</rotate><rotate sid="rotateY">0 1 0 -6.69971</rotate><rotate sid="rotateX">1 0 0 2.51573</rotate>
                    </node>
                  </node>
                </node>
              </node>
              <node id="mixamorigwNeck" sid="mixamorigwNeck" name="mixamorigwNeck" type="JOINT">
                <translate sid="translate">0.00072429 0.106167 0.00808535</translate><rotate sid="rotateZ">0 0 1 -0.359841</rotate><rotate sid="rotateY">0 1 0 0.407504</rotate><rotate sid="rotateX">1 0 0 4.35507</rotate>
                <node id="mixamorigwHead" sid="mixamorigwHead" name="mixamorigwHead" type="JOINT">
                  <translate sid="translate">-3.54751e-10 0.0721631 1.81598e-08</translate><rotate sid="rotateZ">0 0 1 3.78874e-07</rotate><rotate sid="rotateY">0 1 0 2.11712e-07</rotate><rotate sid="rotateX">1 0 0 25.4525</rotate>
                  <node id="mixamorigwHeadTop_End" sid="mixamorigwHeadTop_End" name="mixamorigwHeadTop_End" type="JOINT">
                    <translate sid="translate">-7.34873e-10 0.251682 -0.0922759</translate><rotate sid="rotateZ">0 0 1 -4.5508e-09</rotate><rotate sid="rotateY">0 1 0 1.45296e-08</rotate><rotate sid="rotateX">1 0 0 -20.1348</rotate>
                  </node>
                  <node id="mixamorigwHeadFront" sid="mixamorigwHeadFront" name="mixamorigwHeadFront" type="JOINT">
                    <translate sid="translate">-8.34142e-10 0.0385968 0.092276</translate><rotate sid="rotateZ">0 0 1 -8.0797e-06</rotate><rotate sid="rotateY">0 1 0 -3.35378e-06</rotate><rotate sid="rotateX">1 0 0 67.3014</rotate>
                  </node>
                </node>
              </node>
            </node>
          </node>
        </node>
      </node>
      <node id="Mesh_0" name="Mesh_0" type="NODE">
        <translate sid="translate">0 0 0</translate><rotate sid="rotateZ">0 0 1 0</rotate><rotate sid="rotateY">0 1 0 -0</rotate><rotate sid="rotateX">1 0 0 -90</rotate><scale sid="scale">100 100 100</scale><instance_controller url="#Mesh_0_1-skin">
          <skeleton>#mixamorigwHips</skeleton>
          <bind_material><technique_common><instance_material symbol="defaultMaterial" target="#%s"><bind_vertex_input semantic="CHANNEL0" input_semantic="TEXCOORD" input_set="0" /></instance_material></technique_common></bind_material>
        </instance_controller>
      </node>
    </visual_scene>
  </library_visual_scenes>
  <library_animations>
    <animation id="hpl_mixamorigwHips">
      <source id="hpl_mixamorigwHips-time"><float_array id="hpl_mixamorigwHips-time-array" count="60">0 1 2 3 4 5 6 7 8 9 10 11 12 13 14 15 16 17 18 19 20 21 22 23 24 25 26 27 28 29 30 31 32 33 34 35 36 37 38 39 40 41 42 43 44 45 46 47 48 49 50 51 52 53 54 55 56 57 58 59</float_array><technique_common><accessor source="#hpl_mixamorigwHips-time-array" count="60" stride="1" /></technique_common></source>
      <source id="hpl_mixamorigwHips-trans"><float_array id="hpl_mixamorigwHips-trans-array" count="180">0.00385352 0.942558 0.0286242 0.0059006 0.94245 0.0297279 0.00838336 0.941924 0.0306758 0.011358 0.940988 0.0318244 0.0148053 0.940195 0.0332677 0.0187629 0.939831 0.0349553 0.0228829 0.939924 0.0366197 0.0271584 0.940238 0.0380183 0.0315272 0.940584 0.0390194 0.0354986 0.940468 0.0400981 0.0395067 0.939028 0.0404085 0.0432876 0.937281 0.0406033 0.0476742 0.935477 0.040303 0.0524154 0.933326 0.0395957 0.0578433 0.932602 0.0388983 0.0636824 0.933561 0.0379859 0.070655 0.936092 0.0367157 0.0783044 0.938747 0.0353742 0.0865393 0.941532 0.033498 0.0962197 0.943353 0.0317292 0.105699 0.942678 0.0296249 0.115453 0.942311 0.0270643 0.125089 0.942919 0.0227085 0.133855 0.943708 0.0171842 0.141495 0.944597 0.0111425 0.147749 0.946537 0.0043882 0.152981 0.947668 -0.00202624 0.157773 0.949015 -0.00798135 0.161446 0.94973 -0.0135935 0.164679 0.949665 -0.0184745 0.166925 0.949064 -0.023182 0.168393 0.948528 -0.0270394 0.169092 0.948238 -0.0302307 0.168277 0.948012 -0.0330209 0.165996 0.947815 -0.035477 0.163083 0.94756 -0.0376163 0.159689 0.947096 -0.0396181 0.155081 0.946579 -0.0407879 0.149282 0.946012 -0.0419274 0.142384 0.945576 -0.042831 0.133931 0.945249 -0.0428873 0.125196 0.944563 -0.0418551 0.115156 0.944147 -0.0406481 0.103912 0.944799 -0.0390799 0.0925843 0.945405 -0.0370331 0.081222 0.945422 -0.0349024 0.0697512 0.944687 -0.0321568 0.0582778 0.943494 -0.0295893 0.0468841 0.942305 -0.0264332 0.0361227 0.940718 -0.0231408 0.0266647 0.937294 -0.0191006 0.0187676 0.933172 -0.0149844 0.01239 0.934679 -0.0105361 0.00820538 0.938211 -0.00545985 0.0057328 0.941305 0.000444441 0.00421168 0.943027 0.00634717 0.00326382 0.944205 0.0122326 0.00283706 0.944279 0.0179979 0.00279289 0.943761 0.0237647 0.00385352 0.945567 0.0286242</float_array><technique_common><accessor source="#hpl_mixamorigwHips-trans-array" count="60" stride="3" /></technique_common></source>
      <source id="hpl_mixamorigwHips-rotz"><float_array id="hpl_mixamorigwHips-rotz-array" count="60">-3.23709 -3.50175 -3.79051 -4.06305 -4.30126 -4.47413 -4.58488 -4.64513 -4.62845 -4.59095 -4.52694 -4.47033 -4.41482 -4.34817 -4.1663 -3.89444 -3.60681 -3.37021 -3.24422 -3.26626 -3.40796 -3.23548 -2.65062 -2.31125 -2.18344 -2.12801 -2.18771 -2.21096 -2.07813 -1.76271 -1.35352 -0.986249 -0.74672 -0.61797 -0.564234 -0.538616 -0.48256 -0.426777 -0.408612 -0.469292 -0.662926 -1.00485 -1.50667 -2.63066 -3.60306 -4.31129 -4.94357 -5.63365 -6.32656 -6.93625 -7.15094 -6.93895 -6.32821 -5.49315 -4.64137 -3.94418 -3.46471 -3.22845 -3.25788 -3.39766</float_array><technique_common><accessor source="#hpl_mixamorigwHips-rotz-array" count="60" stride="1" /></technique_common></source>
      <source id="hpl_mixamorigwHips-roty"><float_array id="hpl_mixamorigwHips-roty-array" count="60">-0.881464 0.115804 0.936924 1.51571 1.77701 1.75205 1.55698 1.1919 0.696134 0.339466 0.00182833 -0.250547 -0.410409 -0.571633 -0.879902 -1.40686 -2.15756 -3.11752 -4.28223 -5.56017 -6.687 -7.38094 -7.66799 -7.90913 -8.30463 -8.92394 -9.69637 -10.3992 -11.1931 -11.9483 -12.636 -13.2524 -13.7642 -14.2355 -14.6351 -14.9421 -15.183 -15.3339 -15.3935 -15.3426 -15.1442 -14.911 -14.5654 -14.274 -13.8361 -13.2726 -12.7227 -12.2003 -11.6352 -10.9084 -10.0616 -9.09416 -8.07996 -6.90763 -5.71612 -4.52464 -3.35412 -2.44114 -1.72753 -0.941601</float_array><technique_common><accessor source="#hpl_mixamorigwHips-roty-array" count="60" stride="1" /></technique_common></source>
      <source id="hpl_mixamorigwHips-rotx"><float_array id="hpl_mixamorigwHips-rotx-array" count="60">28.532 28.521 28.5072 28.4981 28.4918 28.5137 28.5422 28.5686 28.5875 28.5979 28.5805 28.5568 28.5479 28.5638 28.6135 28.73 28.8929 29.0786 29.2976 29.5271 29.8189 30.1669 30.508 30.8095 31.1773 31.604 31.9249 32.1036 32.1615 32.0543 31.788 31.4542 31.1427 30.8504 30.5678 30.2893 30.0055 29.77 29.6224 29.578 29.6079 29.7232 29.8305 30.0572 30.1778 30.141 30.0295 29.8803 29.6546 29.3008 28.8757 28.3983 27.9547 27.5988 27.3808 27.3174 27.3866 27.4986 27.5453 27.5113</float_array><technique_common><accessor source="#hpl_mixamorigwHips-rotx-array" count="60" stride="1" /></technique_common></source>
      <sampler id="hpl_mixamorigwHips-trans-sampler"><input semantic="INPUT" source="#hpl_mixamorigwHips-time" /><input semantic="OUTPUT" source="#hpl_mixamorigwHips-trans" /></sampler><channel source="#hpl_mixamorigwHips-trans-sampler" target="mixamorigwHips/translate" />
      <sampler id="hpl_mixamorigwHips-rotz-sampler"><input semantic="INPUT" source="#hpl_mixamorigwHips-time" /><input semantic="OUTPUT" source="#hpl_mixamorigwHips-rotz" /></sampler><channel source="#hpl_mixamorigwHips-rotz-sampler" target="mixamorigwHips/rotateZ.ANGLE" />
      <sampler id="hpl_mixamorigwHips-roty-sampler"><input semantic="INPUT" source="#hpl_mixamorigwHips-time" /><input semantic="OUTPUT" source="#hpl_mixamorigwHips-roty" /></sampler><channel source="#hpl_mixamorigwHips-roty-sampler" target="mixamorigwHips/rotateY.ANGLE" />
      <sampler id="hpl_mixamorigwHips-rotx-sampler"><input semantic="INPUT" source="#hpl_mixamorigwHips-time" /><input semantic="OUTPUT" source="#hpl_mixamorigwHips-rotx" /></sampler><channel source="#hpl_mixamorigwHips-rotx-sampler" target="mixamorigwHips/rotateX.ANGLE" />
    </animation>
    <animation id="hpl_mixamorigwLeftUpLeg">
      <source id="hpl_mixamorigwLeftUpLeg-time"><float_array id="hpl_mixamorigwLeftUpLeg-time-array" count="60">0 1 2 3 4 5 6 7 8 9 10 11 12 13 14 15 16 17 18 19 20 21 22 23 24 25 26 27 28 29 30 31 32 33 34 35 36 37 38 39 40 41 42 43 44 45 46 47 48 49 50 51 52 53 54 55 56 57 58 59</float_array><technique_common><accessor source="#hpl_mixamorigwLeftUpLeg-time-array" count="60" stride="1" /></technique_common></source>
      <source id="hpl_mixamorigwLeftUpLeg-trans"><float_array id="hpl_mixamorigwLeftUpLeg-trans-array" count="180">0.0957845 -0.0842078 0.0333166 0.0957845 -0.0842078 0.0333166 0.0957845 -0.0842078 0.0333166 0.0957845 -0.0842078 0.0333166 0.0957845 -0.0842078 0.0333166 0.0957845 -0.0842078 0.0333166 0.0957845 -0.0842078 0.0333166 0.0957845 -0.0842078 0.0333166 0.0957845 -0.0842078 0.0333166 0.0957845 -0.0842078 0.0333166 0.0957845 -0.0842078 0.0333166 0.0957845 -0.0842078 0.0333166 0.0957845 -0.0842078 0.0333166 0.0957845 -0.0842078 0.0333166 0.0957845 -0.0842078 0.0333166 0.0957845 -0.0842078 0.0333166 0.0957845 -0.0842078 0.0333166 0.0957845 -0.0842078 0.0333166 0.0957845 -0.0842078 0.0333166 0.0957845 -0.0842078 0.0333166 0.0957845 -0.0842078 0.0333166 0.0957845 -0.0842078 0.0333166 0.0957845 -0.0842078 0.0333166 0.0957845 -0.0842078 0.0333166 0.0957845 -0.0842078 0.0333166 0.0957845 -0.0842078 0.0333166 0.0957845 -0.0842078 0.0333166 0.0957845 -0.0842078 0.0333166 0.0957845 -0.0842078 0.0333166 0.0957845 -0.0842078 0.0333166 0.0957845 -0.0842078 0.0333166 0.0957845 -0.0842078 0.0333166 0.0957845 -0.0842078 0.0333166 0.0957845 -0.0842078 0.0333166 0.0957845 -0.0842078 0.0333166 0.0957845 -0.0842078 0.0333166 0.0957845 -0.0842078 0.0333166 0.0957845 -0.0842078 0.0333166 0.0957845 -0.0842078 0.0333166 0.0957845 -0.0842078 0.0333166 0.0957845 -0.0842078 0.0333166 0.0957845 -0.0842078 0.0333166 0.0957845 -0.0842078 0.0333166 0.0957845 -0.0842078 0.0333166 0.0957845 -0.0842078 0.0333166 0.0957845 -0.0842078 0.0333166 0.0957845 -0.0842078 0.0333166 0.0957845 -0.0842078 0.0333166 0.0957845 -0.0842078 0.0333166 0.0957845 -0.0842078 0.0333166 0.0957845 -0.0842078 0.0333166 0.0957845 -0.0842078 0.0333166 0.0957845 -0.0842078 0.0333166 0.0957845 -0.0842078 0.0333166 0.0957845 -0.0842078 0.0333166 0.0957845 -0.0842078 0.0333166 0.0957845 -0.0842078 0.0333166 0.0957845 -0.0842078 0.0333166 0.0957845 -0.0842078 0.0333166 0.0957845 -0.0842078 0.0333166</float_array><technique_common><accessor source="#hpl_mixamorigwLeftUpLeg-trans-array" count="60" stride="3" /></technique_common></source>
      <source id="hpl_mixamorigwLeftUpLeg-rotz"><float_array id="hpl_mixamorigwLeftUpLeg-rotz-array" count="60">-3.98601 -3.84314 -3.78988 -3.87015 -4.05599 -4.37184 -4.68053 -5.07717 -5.42094 -5.76367 -6.02178 -6.14602 -6.17824 -5.07705 -3.02463 -0.199994 2.99297 6.04131 8.55336 9.90212 9.31267 7.96509 6.3784 5.0124 3.77918 2.69617 1.63291 0.724156 -0.225056 -1.33858 -2.46804 -3.47385 -4.27056 -4.85628 -5.26098 -5.57411 -5.87311 -6.01783 -6.07247 -5.96577 -5.56858 -5.06404 -4.46151 -3.13371 -1.75576 -0.494112 0.706683 2.01529 3.52542 5.1291 6.34513 6.72074 6.26889 5.35162 4.33416 3.4364 2.75827 2.3775 2.45812 2.84206</float_array><technique_common><accessor source="#hpl_mixamorigwLeftUpLeg-rotz-array" count="60" stride="1" /></technique_common></source>
      <source id="hpl_mixamorigwLeftUpLeg-roty"><float_array id="hpl_mixamorigwLeftUpLeg-roty-array" count="60">13.6545 14.061 14.563 15.1751 15.842 16.462 17.0378 17.6024 17.8458 17.8052 17.3462 16.6236 15.5353 13.9272 11.4573 8.10453 4.22391 0.401536 -2.75582 -4.54817 -4.20425 -3.57113 -3.18453 -2.44955 -1.37438 -0.233617 1.18193 2.24499 3.14152 3.95681 4.74237 5.53428 6.34432 7.26971 8.26472 9.24418 10.1783 11.1001 12.0462 13.0165 14.0285 15.1899 16.8142 18.78 20.4509 21.8294 23.242 24.6181 25.7128 26.2791 26.0062 25.1896 23.7248 21.6236 19.0692 16.4542 14.1575 12.331 10.8566 9.67676</float_array><technique_common><accessor source="#hpl_mixamorigwLeftUpLeg-roty-array" count="60" stride="1" /></technique_common></source>
      <source id="hpl_mixamorigwLeftUpLeg-rotx"><float_array id="hpl_mixamorigwLeftUpLeg-rotx-array" count="60">142.352 142.158 141.827 141.448 141.222 141.263 141.391 141.745 142.156 141.723 140.851 139.937 139.104 138.649 138.628 138.95 139.519 140.316 141.496 143.242 145.316 144.847 144.509 144.107 143.628 143.26 143.068 143.179 143.352 143.569 143.783 144.163 144.612 145.058 145.51 145.833 146.191 146.686 146.951 147.139 147.352 147.398 147.512 147.845 148.419 149.041 149.595 150.055 150.771 151.492 150.816 149.328 147.325 145.375 143.672 142.311 141.395 141.019 141.158 141.275</float_array><technique_common><accessor source="#hpl_mixamorigwLeftUpLeg-rotx-array" count="60" stride="1" /></technique_common></source>
      <sampler id="hpl_mixamorigwLeftUpLeg-trans-sampler"><input semantic="INPUT" source="#hpl_mixamorigwLeftUpLeg-time" /><input semantic="OUTPUT" source="#hpl_mixamorigwLeftUpLeg-trans" /></sampler><channel source="#hpl_mixamorigwLeftUpLeg-trans-sampler" target="mixamorigwLeftUpLeg/translate" />
      <sampler id="hpl_mixamorigwLeftUpLeg-rotz-sampler"><input semantic="INPUT" source="#hpl_mixamorigwLeftUpLeg-time" /><input semantic="OUTPUT" source="#hpl_mixamorigwLeftUpLeg-rotz" /></sampler><channel source="#hpl_mixamorigwLeftUpLeg-rotz-sampler" target="mixamorigwLeftUpLeg/rotateZ.ANGLE" />
      <sampler id="hpl_mixamorigwLeftUpLeg-roty-sampler"><input semantic="INPUT" source="#hpl_mixamorigwLeftUpLeg-time" /><input semantic="OUTPUT" source="#hpl_mixamorigwLeftUpLeg-roty" /></sampler><channel source="#hpl_mixamorigwLeftUpLeg-roty-sampler" target="mixamorigwLeftUpLeg/rotateY.ANGLE" />
      <sampler id="hpl_mixamorigwLeftUpLeg-rotx-sampler"><input semantic="INPUT" source="#hpl_mixamorigwLeftUpLeg-time" /><input semantic="OUTPUT" source="#hpl_mixamorigwLeftUpLeg-rotx" /></sampler><channel source="#hpl_mixamorigwLeftUpLeg-rotx-sampler" target="mixamorigwLeftUpLeg/rotateX.ANGLE" />
    </animation>
    <animation id="hpl_mixamorigwLeftLeg">
      <source id="hpl_mixamorigwLeftLeg-time"><float_array id="hpl_mixamorigwLeftLeg-time-array" count="60">0 1 2 3 4 5 6 7 8 9 10 11 12 13 14 15 16 17 18 19 20 21 22 23 24 25 26 27 28 29 30 31 32 33 34 35 36 37 38 39 40 41 42 43 44 45 46 47 48 49 50 51 52 53 54 55 56 57 58 59</float_array><technique_common><accessor source="#hpl_mixamorigwLeftLeg-time-array" count="60" stride="1" /></technique_common></source>
      <source id="hpl_mixamorigwLeftLeg-trans"><float_array id="hpl_mixamorigwLeftLeg-trans-array" count="180">1.07603e-07 0.365976 2.03778e-07 1.07603e-07 0.365976 2.03778e-07 1.07603e-07 0.365976 2.03778e-07 1.07603e-07 0.365976 2.03778e-07 1.07603e-07 0.365976 2.03778e-07 1.07603e-07 0.365976 2.03778e-07 1.07603e-07 0.365976 2.03778e-07 1.07603e-07 0.365976 2.03778e-07 1.07603e-07 0.365976 2.03778e-07 1.07603e-07 0.365976 2.03778e-07 1.07603e-07 0.365976 2.03778e-07 1.07603e-07 0.365976 2.03778e-07 1.07603e-07 0.365976 2.03778e-07 1.07603e-07 0.365976 2.03778e-07 1.07603e-07 0.365976 2.03778e-07 1.07603e-07 0.365976 2.03778e-07 1.07603e-07 0.365976 2.03778e-07 1.07603e-07 0.365976 2.03778e-07 1.07603e-07 0.365976 2.03778e-07 1.07603e-07 0.365976 2.03778e-07 1.07603e-07 0.365976 2.03778e-07 1.07603e-07 0.365976 2.03778e-07 1.07603e-07 0.365976 2.03778e-07 1.07603e-07 0.365976 2.03778e-07 1.07603e-07 0.365976 2.03778e-07 1.07603e-07 0.365976 2.03778e-07 1.07603e-07 0.365976 2.03778e-07 1.07603e-07 0.365976 2.03778e-07 1.07603e-07 0.365976 2.03778e-07 1.07603e-07 0.365976 2.03778e-07 1.07603e-07 0.365976 2.03778e-07 1.07603e-07 0.365976 2.03778e-07 1.07603e-07 0.365976 2.03778e-07 1.07603e-07 0.365976 2.03778e-07 1.07603e-07 0.365976 2.03778e-07 1.07603e-07 0.365976 2.03778e-07 1.07603e-07 0.365976 2.03778e-07 1.07603e-07 0.365976 2.03778e-07 1.07603e-07 0.365976 2.03778e-07 1.07603e-07 0.365976 2.03778e-07 1.07603e-07 0.365976 2.03778e-07 1.07603e-07 0.365976 2.03778e-07 1.07603e-07 0.365976 2.03778e-07 1.07603e-07 0.365976 2.03778e-07 1.07603e-07 0.365976 2.03778e-07 1.07603e-07 0.365976 2.03778e-07 1.07603e-07 0.365976 2.03778e-07 1.07603e-07 0.365976 2.03778e-07 1.07603e-07 0.365976 2.03778e-07 1.07603e-07 0.365976 2.03778e-07 1.07603e-07 0.365976 2.03778e-07 1.07603e-07 0.365976 2.03778e-07 1.07603e-07 0.365976 2.03778e-07 1.07603e-07 0.365976 2.03778e-07 1.07603e-07 0.365976 2.03778e-07 1.07603e-07 0.365976 2.03778e-07 1.07603e-07 0.365976 2.03778e-07 1.07603e-07 0.365976 2.03778e-07 1.07603e-07 0.365976 2.03778e-07 1.07603e-07 0.365976 2.03778e-07</float_array><technique_common><accessor source="#hpl_mixamorigwLeftLeg-trans-array" count="60" stride="3" /></technique_common></source>
      <source id="hpl_mixamorigwLeftLeg-rotz"><float_array id="hpl_mixamorigwLeftLeg-rotz-array" count="60">-2.08127 -2.08306 -2.11283 -2.15743 -2.19822 -2.22217 -2.22536 -2.21914 -2.19032 -2.30943 -2.47628 -2.63347 -2.75372 -2.83083 -2.83973 -2.78407 -2.67826 -2.53742 -2.3258 -1.98832 -1.68422 -1.78656 -1.78012 -1.72018 -1.68259 -1.65755 -1.63249 -1.58773 -1.54623 -1.5119 -1.49824 -1.48346 -1.4675 -1.45821 -1.45563 -1.45811 -1.4667 -1.47455 -1.49194 -1.51694 -1.506 -1.46613 -1.50898 -1.51457 -1.48322 -1.45482 -1.45503 -1.47136 -1.45851 -1.48868 -1.72112 -2.01978 -2.27513 -2.47137 -2.55686 -2.52295 -2.41473 -2.24311 -2.01704 -1.86231</float_array><technique_common><accessor source="#hpl_mixamorigwLeftLeg-rotz-array" count="60" stride="1" /></technique_common></source>
      <source id="hpl_mixamorigwLeftLeg-roty"><float_array id="hpl_mixamorigwLeftLeg-roty-array" count="60">3.13833 3.12721 3.13398 3.15043 3.16513 3.16142 3.135 3.10029 2.98099 2.98323 3.0133 3.0603 3.12138 3.1749 3.31814 3.53504 3.71857 3.84593 3.83783 3.69753 3.37238 3.22104 3.13242 3.08513 3.08141 2.97321 2.9242 2.84841 2.76235 2.69501 2.62653 2.55775 2.52944 2.482 2.47006 2.46351 2.47342 2.48384 2.50955 2.5113 2.5023 2.60323 2.6533 2.68379 2.66581 2.65557 2.64305 2.65791 2.6467 2.67096 2.75813 2.88596 2.99253 3.11933 3.2408 3.25385 3.12434 2.94684 2.80952 2.82015</float_array><technique_common><accessor source="#hpl_mixamorigwLeftLeg-roty-array" count="60" stride="1" /></technique_common></source>
      <source id="hpl_mixamorigwLeftLeg-rotx"><float_array id="hpl_mixamorigwLeftLeg-rotx-array" count="60">27.4557 27.7907 28.392 29.1524 29.7383 29.9531 29.8164 29.4964 29.0785 30.4005 32.6705 35.0776 37.2731 39.0744 40.1489 40.1389 38.9787 36.7806 33.4785 29.395 25.1517 25.6221 25.104 24.7121 24.4018 23.7189 23.0418 22.0813 21.2854 20.7641 20.5532 20.2776 19.9397 19.6854 19.4846 19.4157 19.4456 19.3656 19.42 19.4651 19.5036 19.8863 20.1091 20.0194 19.6824 19.4384 19.5098 19.8544 20.0231 20.4318 23.7209 27.849 32.1203 35.5386 37.3788 37.2141 35.2343 31.8492 27.8552 25.738</float_array><technique_common><accessor source="#hpl_mixamorigwLeftLeg-rotx-array" count="60" stride="1" /></technique_common></source>
      <sampler id="hpl_mixamorigwLeftLeg-trans-sampler"><input semantic="INPUT" source="#hpl_mixamorigwLeftLeg-time" /><input semantic="OUTPUT" source="#hpl_mixamorigwLeftLeg-trans" /></sampler><channel source="#hpl_mixamorigwLeftLeg-trans-sampler" target="mixamorigwLeftLeg/translate" />
      <sampler id="hpl_mixamorigwLeftLeg-rotz-sampler"><input semantic="INPUT" source="#hpl_mixamorigwLeftLeg-time" /><input semantic="OUTPUT" source="#hpl_mixamorigwLeftLeg-rotz" /></sampler><channel source="#hpl_mixamorigwLeftLeg-rotz-sampler" target="mixamorigwLeftLeg/rotateZ.ANGLE" />
      <sampler id="hpl_mixamorigwLeftLeg-roty-sampler"><input semantic="INPUT" source="#hpl_mixamorigwLeftLeg-time" /><input semantic="OUTPUT" source="#hpl_mixamorigwLeftLeg-roty" /></sampler><channel source="#hpl_mixamorigwLeftLeg-roty-sampler" target="mixamorigwLeftLeg/rotateY.ANGLE" />
      <sampler id="hpl_mixamorigwLeftLeg-rotx-sampler"><input semantic="INPUT" source="#hpl_mixamorigwLeftLeg-time" /><input semantic="OUTPUT" source="#hpl_mixamorigwLeftLeg-rotx" /></sampler><channel source="#hpl_mixamorigwLeftLeg-rotx-sampler" target="mixamorigwLeftLeg/rotateX.ANGLE" />
    </animation>
    <animation id="hpl_mixamorigwLeftFoot">
      <source id="hpl_mixamorigwLeftFoot-time"><float_array id="hpl_mixamorigwLeftFoot-time-array" count="60">0 1 2 3 4 5 6 7 8 9 10 11 12 13 14 15 16 17 18 19 20 21 22 23 24 25 26 27 28 29 30 31 32 33 34 35 36 37 38 39 40 41 42 43 44 45 46 47 48 49 50 51 52 53 54 55 56 57 58 59</float_array><technique_common><accessor source="#hpl_mixamorigwLeftFoot-time-array" count="60" stride="1" /></technique_common></source>
      <source id="hpl_mixamorigwLeftFoot-trans"><float_array id="hpl_mixamorigwLeftFoot-trans-array" count="180">-5.64809e-08 0.359262 -2.19094e-07 -5.64809e-08 0.359262 -2.19094e-07 -5.64809e-08 0.359262 -2.19094e-07 -5.64809e-08 0.359262 -2.19094e-07 -5.64809e-08 0.359262 -2.19094e-07 -5.64809e-08 0.359262 -2.19094e-07 -5.64809e-08 0.359262 -2.19094e-07 -5.64809e-08 0.359262 -2.19094e-07 -5.64809e-08 0.359262 -2.19094e-07 -5.64809e-08 0.359262 -2.19094e-07 -5.64809e-08 0.359262 -2.19094e-07 -5.64809e-08 0.359262 -2.19094e-07 -5.64809e-08 0.359262 -2.19094e-07 -5.64809e-08 0.359262 -2.19094e-07 -5.64809e-08 0.359262 -2.19094e-07 -5.64809e-08 0.359262 -2.19094e-07 -5.64809e-08 0.359262 -2.19094e-07 -5.64809e-08 0.359262 -2.19094e-07 -5.64809e-08 0.359262 -2.19094e-07 -5.64809e-08 0.359262 -2.19094e-07 -5.64809e-08 0.359262 -2.19094e-07 -5.64809e-08 0.359262 -2.19094e-07 -5.64809e-08 0.359262 -2.19094e-07 -5.64809e-08 0.359262 -2.19094e-07 -5.64809e-08 0.359262 -2.19094e-07 -5.64809e-08 0.359262 -2.19094e-07 -5.64809e-08 0.359262 -2.19094e-07 -5.64809e-08 0.359262 -2.19094e-07 -5.64809e-08 0.359262 -2.19094e-07 -5.64809e-08 0.359262 -2.19094e-07 -5.64809e-08 0.359262 -2.19094e-07 -5.64809e-08 0.359262 -2.19094e-07 -5.64809e-08 0.359262 -2.19094e-07 -5.64809e-08 0.359262 -2.19094e-07 -5.64809e-08 0.359262 -2.19094e-07 -5.64809e-08 0.359262 -2.19094e-07 -5.64809e-08 0.359262 -2.19094e-07 -5.64809e-08 0.359262 -2.19094e-07 -5.64809e-08 0.359262 -2.19094e-07 -5.64809e-08 0.359262 -2.19094e-07 -5.64809e-08 0.359262 -2.19094e-07 -5.64809e-08 0.359262 -2.19094e-07 -5.64809e-08 0.359262 -2.19094e-07 -5.64809e-08 0.359262 -2.19094e-07 -5.64809e-08 0.359262 -2.19094e-07 -5.64809e-08 0.359262 -2.19094e-07 -5.64809e-08 0.359262 -2.19094e-07 -5.64809e-08 0.359262 -2.19094e-07 -5.64809e-08 0.359262 -2.19094e-07 -5.64809e-08 0.359262 -2.19094e-07 -5.64809e-08 0.359262 -2.19094e-07 -5.64809e-08 0.359262 -2.19094e-07 -5.64809e-08 0.359262 -2.19094e-07 -5.64809e-08 0.359262 -2.19094e-07 -5.64809e-08 0.359262 -2.19094e-07 -5.64809e-08 0.359262 -2.19094e-07 -5.64809e-08 0.359262 -2.19094e-07 -5.64809e-08 0.359262 -2.19094e-07 -5.64809e-08 0.359262 -2.19094e-07 -5.64809e-08 0.359262 -2.19094e-07</float_array><technique_common><accessor source="#hpl_mixamorigwLeftFoot-trans-array" count="60" stride="3" /></technique_common></source>
      <source id="hpl_mixamorigwLeftFoot-rotz"><float_array id="hpl_mixamorigwLeftFoot-rotz-array" count="60">3.33141 3.43224 3.644 3.91481 4.21053 4.48762 4.83143 5.14337 5.3495 5.51249 5.46934 5.28449 4.81508 4.43847 4.98826 6.42554 8.02787 9.11441 9.07102 8.07885 6.78486 4.81689 3.89077 3.08276 2.45713 2.12755 1.88428 1.6596 1.46078 1.27573 1.09313 0.896395 0.730463 0.680661 0.787598 0.980898 1.23568 1.64805 2.17906 2.84387 3.73322 4.77713 5.80837 6.93011 7.97949 8.90374 9.7375 10.5296 10.9856 10.9567 10.1849 7.5472 3.67625 2.39122 3.99515 5.81939 6.70515 6.69384 6.2229 5.18128</float_array><technique_common><accessor source="#hpl_mixamorigwLeftFoot-rotz-array" count="60" stride="1" /></technique_common></source>
      <source id="hpl_mixamorigwLeftFoot-roty"><float_array id="hpl_mixamorigwLeftFoot-roty-array" count="60">-3.25342 -3.52715 -3.75064 -4.02018 -4.52561 -5.32885 -6.24208 -7.13899 -8.09555 -8.54391 -8.64385 -8.23761 -7.31379 -4.73363 -0.62365 5.06593 10.1752 13.4287 14.8578 15.1353 14.1123 12.2975 10.9832 10.2655 9.52033 8.66069 7.68756 6.52248 5.13394 3.55764 1.95456 0.368261 -1.14471 -2.56268 -3.92076 -5.1607 -6.31359 -7.33488 -8.19904 -8.896 -9.5501 -10.2736 -10.2978 -10.3912 -10.5477 -10.6589 -10.5255 -10.5148 -10.8792 -11.6894 -12.735 -14.8281 -16.506 -15.3763 -11.3544 -6.92432 -3.96631 -2.32615 -1.30546 -1.26124</float_array><technique_common><accessor source="#hpl_mixamorigwLeftFoot-roty-array" count="60" stride="1" /></technique_common></source>
      <source id="hpl_mixamorigwLeftFoot-rotx"><float_array id="hpl_mixamorigwLeftFoot-rotx-array" count="60">-65.7314 -65.9591 -66.3315 -66.8407 -67.3441 -67.7579 -67.9719 -68.1488 -68.2648 -67.8551 -66.7874 -65.4352 -63.8375 -62.189 -61.0688 -60.2555 -59.9184 -60.1319 -60.6774 -62.0854 -64.852 -65.749 -65.4661 -65.0918 -64.746 -64.1653 -63.666 -63.069 -62.6285 -62.3944 -62.3511 -62.3397 -62.3236 -62.3699 -62.4495 -62.5663 -62.7472 -62.9266 -63.1256 -63.2987 -63.4955 -63.9277 -64.2 -64.2776 -64.2075 -64.1406 -64.2207 -64.3868 -64.4707 -64.4424 -63.4489 -61.7558 -60.0894 -59.9599 -60.8833 -61.7551 -62.5436 -63.1459 -62.8246 -60.9196</float_array><technique_common><accessor source="#hpl_mixamorigwLeftFoot-rotx-array" count="60" stride="1" /></technique_common></source>
      <sampler id="hpl_mixamorigwLeftFoot-trans-sampler"><input semantic="INPUT" source="#hpl_mixamorigwLeftFoot-time" /><input semantic="OUTPUT" source="#hpl_mixamorigwLeftFoot-trans" /></sampler><channel source="#hpl_mixamorigwLeftFoot-trans-sampler" target="mixamorigwLeftFoot/translate" />
      <sampler id="hpl_mixamorigwLeftFoot-rotz-sampler"><input semantic="INPUT" source="#hpl_mixamorigwLeftFoot-time" /><input semantic="OUTPUT" source="#hpl_mixamorigwLeftFoot-rotz" /></sampler><channel source="#hpl_mixamorigwLeftFoot-rotz-sampler" target="mixamorigwLeftFoot/rotateZ.ANGLE" />
      <sampler id="hpl_mixamorigwLeftFoot-roty-sampler"><input semantic="INPUT" source="#hpl_mixamorigwLeftFoot-time" /><input semantic="OUTPUT" source="#hpl_mixamorigwLeftFoot-roty" /></sampler><channel source="#hpl_mixamorigwLeftFoot-roty-sampler" target="mixamorigwLeftFoot/rotateY.ANGLE" />
      <sampler id="hpl_mixamorigwLeftFoot-rotx-sampler"><input semantic="INPUT" source="#hpl_mixamorigwLeftFoot-time" /><input semantic="OUTPUT" source="#hpl_mixamorigwLeftFoot-rotx" /></sampler><channel source="#hpl_mixamorigwLeftFoot-rotx-sampler" target="mixamorigwLeftFoot/rotateX.ANGLE" />
    </animation>
    <animation id="hpl_mixamorigwLeftToeBase">
      <source id="hpl_mixamorigwLeftToeBase-time"><float_array id="hpl_mixamorigwLeftToeBase-time-array" count="60">0 1 2 3 4 5 6 7 8 9 10 11 12 13 14 15 16 17 18 19 20 21 22 23 24 25 26 27 28 29 30 31 32 33 34 35 36 37 38 39 40 41 42 43 44 45 46 47 48 49 50 51 52 53 54 55 56 57 58 59</float_array><technique_common><accessor source="#hpl_mixamorigwLeftToeBase-time-array" count="60" stride="1" /></technique_common></source>
      <source id="hpl_mixamorigwLeftToeBase-trans"><float_array id="hpl_mixamorigwLeftToeBase-trans-array" count="180">5.98546e-07 0.150844 1.06224e-07 5.98546e-07 0.150844 1.06224e-07 5.98546e-07 0.150844 1.06224e-07 5.98546e-07 0.150844 1.06224e-07 5.98546e-07 0.150844 1.06224e-07 5.98546e-07 0.150844 1.06224e-07 5.98546e-07 0.150844 1.06224e-07 5.98546e-07 0.150844 1.06224e-07 5.98546e-07 0.150844 1.06224e-07 5.98546e-07 0.150844 1.06224e-07 5.98546e-07 0.150844 1.06224e-07 5.98546e-07 0.150844 1.06224e-07 5.98546e-07 0.150844 1.06224e-07 5.98546e-07 0.150844 1.06224e-07 5.98546e-07 0.150844 1.06224e-07 5.98546e-07 0.150844 1.06224e-07 5.98546e-07 0.150844 1.06224e-07 5.98546e-07 0.150844 1.06224e-07 5.98546e-07 0.150844 1.06224e-07 5.98546e-07 0.150844 1.06224e-07 5.98546e-07 0.150844 1.06224e-07 5.98546e-07 0.150844 1.06224e-07 5.98546e-07 0.150844 1.06224e-07 5.98546e-07 0.150844 1.06224e-07 5.98546e-07 0.150844 1.06224e-07 5.98546e-07 0.150844 1.06224e-07 5.98546e-07 0.150844 1.06224e-07 5.98546e-07 0.150844 1.06224e-07 5.98546e-07 0.150844 1.06224e-07 5.98546e-07 0.150844 1.06224e-07 5.98546e-07 0.150844 1.06224e-07 5.98546e-07 0.150844 1.06224e-07 5.98546e-07 0.150844 1.06224e-07 5.98546e-07 0.150844 1.06224e-07 5.98546e-07 0.150844 1.06224e-07 5.98546e-07 0.150844 1.06224e-07 5.98546e-07 0.150844 1.06224e-07 5.98546e-07 0.150844 1.06224e-07 5.98546e-07 0.150844 1.06224e-07 5.98546e-07 0.150844 1.06224e-07 5.98546e-07 0.150844 1.06224e-07 5.98546e-07 0.150844 1.06224e-07 5.98546e-07 0.150844 1.06224e-07 5.98546e-07 0.150844 1.06224e-07 5.98546e-07 0.150844 1.06224e-07 5.98546e-07 0.150844 1.06224e-07 5.98546e-07 0.150844 1.06224e-07 5.98546e-07 0.150844 1.06224e-07 5.98546e-07 0.150844 1.06224e-07 5.98546e-07 0.150844 1.06224e-07 5.98546e-07 0.150844 1.06224e-07 5.98546e-07 0.150844 1.06224e-07 5.98546e-07 0.150844 1.06224e-07 5.98546e-07 0.150844 1.06224e-07 5.98546e-07 0.150844 1.06224e-07 5.98546e-07 0.150844 1.06224e-07 5.98546e-07 0.150844 1.06224e-07 5.98546e-07 0.150844 1.06224e-07 5.98546e-07 0.150844 1.06224e-07 5.98546e-07 0.150844 1.06224e-07</float_array><technique_common><accessor source="#hpl_mixamorigwLeftToeBase-trans-array" count="60" stride="3" /></technique_common></source>
      <source id="hpl_mixamorigwLeftToeBase-rotz"><float_array id="hpl_mixamorigwLeftToeBase-rotz-array" count="60">0.20874 0.217073 0.221556 0.22062 0.208416 0.194471 0.195877 0.220786 0.281305 0.35991 0.435672 0.508487 0.564739 0.576797 0.557509 0.535302 0.543859 0.604321 0.666103 0.675938 0.566615 0.528929 0.51054 0.496567 0.494607 0.426182 0.39713 0.372893 0.343424 0.338267 0.32987 0.339428 0.346889 0.324512 0.326068 0.321751 0.324634 0.327825 0.314507 0.307225 0.311787 0.321137 0.302715 0.280475 0.246355 0.251277 0.258845 0.247513 0.290902 0.323367 0.379968 0.439529 0.482843 0.484884 0.500194 0.526529 0.569453 0.609462 0.675935 0.609491</float_array><technique_common><accessor source="#hpl_mixamorigwLeftToeBase-rotz-array" count="60" stride="1" /></technique_common></source>
      <source id="hpl_mixamorigwLeftToeBase-roty"><float_array id="hpl_mixamorigwLeftToeBase-roty-array" count="60">-0.960743 -0.973797 -0.970097 -0.954759 -0.943122 -0.936613 -0.934259 -0.935741 -0.901457 -0.923051 -0.990494 -1.09203 -1.19548 -1.26105 -1.25001 -1.20619 -1.18918 -1.1682 -1.23036 -1.23916 -1.05039 -0.959516 -0.936754 -0.917095 -0.89235 -0.920573 -0.957064 -0.977573 -0.988535 -0.962125 -0.940797 -0.908999 -0.881468 -0.89238 -0.881607 -0.87229 -0.85902 -0.83513 -0.829584 -0.830475 -0.826334 -0.779753 -0.760181 -0.762407 -0.803568 -0.825093 -0.840227 -0.847238 -0.80348 -0.826664 -0.883719 -0.986612 -1.00157 -1.00418 -1.03668 -1.07053 -1.08516 -1.09832 -1.1171 -1.07327</float_array><technique_common><accessor source="#hpl_mixamorigwLeftToeBase-roty-array" count="60" stride="1" /></technique_common></source>
      <source id="hpl_mixamorigwLeftToeBase-rotx"><float_array id="hpl_mixamorigwLeftToeBase-rotx-array" count="60">-43.8008 -43.8772 -43.8754 -43.8138 -43.7187 -43.6759 -43.735 -43.9684 -44.3311 -44.9346 -45.7486 -46.7125 -47.6228 -48.1588 -48.2805 -48.2417 -48.2862 -48.4636 -48.9698 -48.9898 -47.3875 -46.2087 -45.8119 -45.5747 -45.3806 -45.0215 -44.9502 -44.8835 -44.7694 -44.5835 -44.4115 -44.2609 -44.1549 -44.08 -44.002 -43.9213 -43.8439 -43.7357 -43.6257 -43.5563 -43.5133 -43.4425 -43.3836 -43.3708 -43.4681 -43.6194 -43.746 -43.7997 -44.0034 -44.3568 -45.0035 -45.8809 -46.1469 -46.1732 -46.2997 -46.4374 -46.5171 -46.5921 -46.8654 -46.198</float_array><technique_common><accessor source="#hpl_mixamorigwLeftToeBase-rotx-array" count="60" stride="1" /></technique_common></source>
      <sampler id="hpl_mixamorigwLeftToeBase-trans-sampler"><input semantic="INPUT" source="#hpl_mixamorigwLeftToeBase-time" /><input semantic="OUTPUT" source="#hpl_mixamorigwLeftToeBase-trans" /></sampler><channel source="#hpl_mixamorigwLeftToeBase-trans-sampler" target="mixamorigwLeftToeBase/translate" />
      <sampler id="hpl_mixamorigwLeftToeBase-rotz-sampler"><input semantic="INPUT" source="#hpl_mixamorigwLeftToeBase-time" /><input semantic="OUTPUT" source="#hpl_mixamorigwLeftToeBase-rotz" /></sampler><channel source="#hpl_mixamorigwLeftToeBase-rotz-sampler" target="mixamorigwLeftToeBase/rotateZ.ANGLE" />
      <sampler id="hpl_mixamorigwLeftToeBase-roty-sampler"><input semantic="INPUT" source="#hpl_mixamorigwLeftToeBase-time" /><input semantic="OUTPUT" source="#hpl_mixamorigwLeftToeBase-roty" /></sampler><channel source="#hpl_mixamorigwLeftToeBase-roty-sampler" target="mixamorigwLeftToeBase/rotateY.ANGLE" />
      <sampler id="hpl_mixamorigwLeftToeBase-rotx-sampler"><input semantic="INPUT" source="#hpl_mixamorigwLeftToeBase-time" /><input semantic="OUTPUT" source="#hpl_mixamorigwLeftToeBase-rotx" /></sampler><channel source="#hpl_mixamorigwLeftToeBase-rotx-sampler" target="mixamorigwLeftToeBase/rotateX.ANGLE" />
    </animation>
    <animation id="hpl_mixamorigwRightUpLeg">
      <source id="hpl_mixamorigwRightUpLeg-time"><float_array id="hpl_mixamorigwRightUpLeg-time-array" count="60">0 1 2 3 4 5 6 7 8 9 10 11 12 13 14 15 16 17 18 19 20 21 22 23 24 25 26 27 28 29 30 31 32 33 34 35 36 37 38 39 40 41 42 43 44 45 46 47 48 49 50 51 52 53 54 55 56 57 58 59</float_array><technique_common><accessor source="#hpl_mixamorigwRightUpLeg-time-array" count="60" stride="1" /></technique_common></source>
      <source id="hpl_mixamorigwRightUpLeg-trans"><float_array id="hpl_mixamorigwRightUpLeg-trans-array" count="180">-0.0952037 -0.0839154 0.0339068 -0.0952037 -0.0839154 0.0339068 -0.0952037 -0.0839154 0.0339068 -0.0952037 -0.0839154 0.0339068 -0.0952037 -0.0839154 0.0339068 -0.0952037 -0.0839154 0.0339068 -0.0952037 -0.0839154 0.0339068 -0.0952037 -0.0839154 0.0339068 -0.0952037 -0.0839154 0.0339068 -0.0952037 -0.0839154 0.0339068 -0.0952037 -0.0839154 0.0339068 -0.0952037 -0.0839154 0.0339068 -0.0952037 -0.0839154 0.0339068 -0.0952037 -0.0839154 0.0339068 -0.0952037 -0.0839154 0.0339068 -0.0952037 -0.0839154 0.0339068 -0.0952037 -0.0839154 0.0339068 -0.0952037 -0.0839154 0.0339068 -0.0952037 -0.0839154 0.0339068 -0.0952037 -0.0839154 0.0339068 -0.0952037 -0.0839154 0.0339068 -0.0952037 -0.0839154 0.0339068 -0.0952037 -0.0839154 0.0339068 -0.0952037 -0.0839154 0.0339068 -0.0952037 -0.0839154 0.0339068 -0.0952037 -0.0839154 0.0339068 -0.0952037 -0.0839154 0.0339068 -0.0952037 -0.0839154 0.0339068 -0.0952037 -0.0839154 0.0339068 -0.0952037 -0.0839154 0.0339068 -0.0952037 -0.0839154 0.0339068 -0.0952037 -0.0839154 0.0339068 -0.0952037 -0.0839154 0.0339068 -0.0952037 -0.0839154 0.0339068 -0.0952037 -0.0839154 0.0339068 -0.0952037 -0.0839154 0.0339068 -0.0952037 -0.0839154 0.0339068 -0.0952037 -0.0839154 0.0339068 -0.0952037 -0.0839154 0.0339068 -0.0952037 -0.0839154 0.0339068 -0.0952037 -0.0839154 0.0339068 -0.0952037 -0.0839154 0.0339068 -0.0952037 -0.0839154 0.0339068 -0.0952037 -0.0839154 0.0339068 -0.0952037 -0.0839154 0.0339068 -0.0952037 -0.0839154 0.0339068 -0.0952037 -0.0839154 0.0339068 -0.0952037 -0.0839154 0.0339068 -0.0952037 -0.0839154 0.0339068 -0.0952037 -0.0839154 0.0339068 -0.0952037 -0.0839154 0.0339068 -0.0952037 -0.0839154 0.0339068 -0.0952037 -0.0839154 0.0339068 -0.0952037 -0.0839154 0.0339068 -0.0952037 -0.0839154 0.0339068 -0.0952037 -0.0839154 0.0339068 -0.0952037 -0.0839154 0.0339068 -0.0952037 -0.0839154 0.0339068 -0.0952037 -0.0839154 0.0339068 -0.0952037 -0.0839154 0.0339068</float_array><technique_common><accessor source="#hpl_mixamorigwRightUpLeg-trans-array" count="60" stride="3" /></technique_common></source>
      <source id="hpl_mixamorigwRightUpLeg-rotz"><float_array id="hpl_mixamorigwRightUpLeg-rotz-array" count="60">18.132 18.2186 18.25 18.181 17.9518 17.5441 17.0053 16.3189 15.6823 15.0065 14.2814 13.5594 12.8243 12.1195 11.1928 10.1848 9.11334 8.09298 7.1744 6.3606 5.72002 4.66342 3.28231 2.0403 1.21882 1.01025 1.63075 2.93394 4.49955 6.03397 7.37792 8.35402 9.05659 9.62161 10.0294 10.207 10.1115 9.74794 9.27386 8.94371 8.95724 9.52817 10.5779 11.7257 12.7964 13.7491 14.5282 15.2589 15.8819 16.506 16.9473 16.9476 16.5271 15.8603 15.0663 14.3783 13.8942 13.6158 13.5321 13.4839</float_array><technique_common><accessor source="#hpl_mixamorigwRightUpLeg-rotz-array" count="60" stride="1" /></technique_common></source>
      <source id="hpl_mixamorigwRightUpLeg-roty"><float_array id="hpl_mixamorigwRightUpLeg-roty-array" count="60">-15.7977 -15.2714 -14.5901 -13.7941 -12.8889 -11.92 -10.918 -9.90815 -8.91129 -7.89108 -6.87474 -5.85803 -4.83679 -3.77609 -2.78444 -1.90309 -1.11254 -0.414283 0.227861 0.763104 1.44139 1.82781 2.02386 2.34111 2.65655 2.40422 1.4231 -0.373594 -2.88532 -5.92825 -9.13706 -12.0656 -14.6514 -17.0805 -19.3682 -21.4428 -23.3441 -24.915 -26.0392 -26.7122 -27.0043 -26.9199 -26.2005 -24.4365 -22.957 -21.6815 -20.3925 -18.8312 -17.1241 -15.6815 -14.6969 -14.112 -13.8223 -13.86 -13.9587 -13.9588 -13.8263 -13.4884 -13.0163 -12.57</float_array><technique_common><accessor source="#hpl_mixamorigwRightUpLeg-roty-array" count="60" stride="1" /></technique_common></source>
      <source id="hpl_mixamorigwRightUpLeg-rotx"><float_array id="hpl_mixamorigwRightUpLeg-rotx-array" count="60">145.494 145.643 145.587 145.348 145.166 145.109 145.19 145.345 145.354 145.245 145.207 145.129 145.027 144.754 144.41 143.91 143.225 142.433 141.59 140.659 139.395 138.265 137.168 136.263 135.495 134.929 134.553 134.19 133.819 133.46 133.213 133.203 133.459 133.895 134.423 135.031 135.707 136.487 137.372 138.234 138.964 139.253 138.864 139.723 140.605 141.154 141.475 141.841 142.364 142.915 143.437 143.719 144.09 144.397 144.723 144.919 144.954 144.654 144.378 143.94</float_array><technique_common><accessor source="#hpl_mixamorigwRightUpLeg-rotx-array" count="60" stride="1" /></technique_common></source>
      <sampler id="hpl_mixamorigwRightUpLeg-trans-sampler"><input semantic="INPUT" source="#hpl_mixamorigwRightUpLeg-time" /><input semantic="OUTPUT" source="#hpl_mixamorigwRightUpLeg-trans" /></sampler><channel source="#hpl_mixamorigwRightUpLeg-trans-sampler" target="mixamorigwRightUpLeg/translate" />
      <sampler id="hpl_mixamorigwRightUpLeg-rotz-sampler"><input semantic="INPUT" source="#hpl_mixamorigwRightUpLeg-time" /><input semantic="OUTPUT" source="#hpl_mixamorigwRightUpLeg-rotz" /></sampler><channel source="#hpl_mixamorigwRightUpLeg-rotz-sampler" target="mixamorigwRightUpLeg/rotateZ.ANGLE" />
      <sampler id="hpl_mixamorigwRightUpLeg-roty-sampler"><input semantic="INPUT" source="#hpl_mixamorigwRightUpLeg-time" /><input semantic="OUTPUT" source="#hpl_mixamorigwRightUpLeg-roty" /></sampler><channel source="#hpl_mixamorigwRightUpLeg-roty-sampler" target="mixamorigwRightUpLeg/rotateY.ANGLE" />
      <sampler id="hpl_mixamorigwRightUpLeg-rotx-sampler"><input semantic="INPUT" source="#hpl_mixamorigwRightUpLeg-time" /><input semantic="OUTPUT" source="#hpl_mixamorigwRightUpLeg-rotx" /></sampler><channel source="#hpl_mixamorigwRightUpLeg-rotx-sampler" target="mixamorigwRightUpLeg/rotateX.ANGLE" />
    </animation>
    <animation id="hpl_mixamorigwRightLeg">
      <source id="hpl_mixamorigwRightLeg-time"><float_array id="hpl_mixamorigwRightLeg-time-array" count="60">0 1 2 3 4 5 6 7 8 9 10 11 12 13 14 15 16 17 18 19 20 21 22 23 24 25 26 27 28 29 30 31 32 33 34 35 36 37 38 39 40 41 42 43 44 45 46 47 48 49 50 51 52 53 54 55 56 57 58 59</float_array><technique_common><accessor source="#hpl_mixamorigwRightLeg-time-array" count="60" stride="1" /></technique_common></source>
      <source id="hpl_mixamorigwRightLeg-trans"><float_array id="hpl_mixamorigwRightLeg-trans-array" count="180">-3.58077e-07 0.36282 -8.80395e-09 -3.58077e-07 0.36282 -8.80395e-09 -3.58077e-07 0.36282 -8.80395e-09 -3.58077e-07 0.36282 -8.80395e-09 -3.58077e-07 0.36282 -8.80395e-09 -3.58077e-07 0.36282 -8.80395e-09 -3.58077e-07 0.36282 -8.80395e-09 -3.58077e-07 0.36282 -8.80395e-09 -3.58077e-07 0.36282 -8.80395e-09 -3.58077e-07 0.36282 -8.80395e-09 -3.58077e-07 0.36282 -8.80395e-09 -3.58077e-07 0.36282 -8.80395e-09 -3.58077e-07 0.36282 -8.80395e-09 -3.58077e-07 0.36282 -8.80395e-09 -3.58077e-07 0.36282 -8.80395e-09 -3.58077e-07 0.36282 -8.80395e-09 -3.58077e-07 0.36282 -8.80395e-09 -3.58077e-07 0.36282 -8.80395e-09 -3.58077e-07 0.36282 -8.80395e-09 -3.58077e-07 0.36282 -8.80395e-09 -3.58077e-07 0.36282 -8.80395e-09 -3.58077e-07 0.36282 -8.80395e-09 -3.58077e-07 0.36282 -8.80395e-09 -3.58077e-07 0.36282 -8.80395e-09 -3.58077e-07 0.36282 -8.80395e-09 -3.58077e-07 0.36282 -8.80395e-09 -3.58077e-07 0.36282 -8.80395e-09 -3.58077e-07 0.36282 -8.80395e-09 -3.58077e-07 0.36282 -8.80395e-09 -3.58077e-07 0.36282 -8.80395e-09 -3.58077e-07 0.36282 -8.80395e-09 -3.58077e-07 0.36282 -8.80395e-09 -3.58077e-07 0.36282 -8.80395e-09 -3.58077e-07 0.36282 -8.80395e-09 -3.58077e-07 0.36282 -8.80395e-09 -3.58077e-07 0.36282 -8.80395e-09 -3.58077e-07 0.36282 -8.80395e-09 -3.58077e-07 0.36282 -8.80395e-09 -3.58077e-07 0.36282 -8.80395e-09 -3.58077e-07 0.36282 -8.80395e-09 -3.58077e-07 0.36282 -8.80395e-09 -3.58077e-07 0.36282 -8.80395e-09 -3.58077e-07 0.36282 -8.80395e-09 -3.58077e-07 0.36282 -8.80395e-09 -3.58077e-07 0.36282 -8.80395e-09 -3.58077e-07 0.36282 -8.80395e-09 -3.58077e-07 0.36282 -8.80395e-09 -3.58077e-07 0.36282 -8.80395e-09 -3.58077e-07 0.36282 -8.80395e-09 -3.58077e-07 0.36282 -8.80395e-09 -3.58077e-07 0.36282 -8.80395e-09 -3.58077e-07 0.36282 -8.80395e-09 -3.58077e-07 0.36282 -8.80395e-09 -3.58077e-07 0.36282 -8.80395e-09 -3.58077e-07 0.36282 -8.80395e-09 -3.58077e-07 0.36282 -8.80395e-09 -3.58077e-07 0.36282 -8.80395e-09 -3.58077e-07 0.36282 -8.80395e-09 -3.58077e-07 0.36282 -8.80395e-09 -3.58077e-07 0.36282 -8.80395e-09</float_array><technique_common><accessor source="#hpl_mixamorigwRightLeg-trans-array" count="60" stride="3" /></technique_common></source>
      <source id="hpl_mixamorigwRightLeg-rotz"><float_array id="hpl_mixamorigwRightLeg-rotz-array" count="60">1.58191 1.57008 1.60087 1.67224 1.73396 1.76612 1.7575 1.73161 1.73863 1.75682 1.74797 1.73341 1.71613 1.74662 1.78266 1.82038 1.86534 1.92787 1.96984 2.01809 2.10079 2.11718 2.11619 2.06208 1.97005 1.8077 1.64689 1.61211 1.6541 1.72152 1.76055 1.77741 1.7612 1.73102 1.71407 1.70091 1.69644 1.68584 1.66402 1.62835 1.59155 1.53052 1.54897 1.57491 1.52583 1.50356 1.5293 1.57655 1.66678 1.69751 1.70035 1.71226 1.67584 1.64662 1.59444 1.54687 1.52232 1.56143 1.61034 1.61042</float_array><technique_common><accessor source="#hpl_mixamorigwRightLeg-rotz-array" count="60" stride="1" /></technique_common></source>
      <source id="hpl_mixamorigwRightLeg-roty"><float_array id="hpl_mixamorigwRightLeg-roty-array" count="60">-1.57438 -1.54299 -1.52551 -1.52543 -1.53595 -1.54942 -1.56393 -1.57482 -1.61466 -1.61354 -1.63242 -1.65234 -1.66506 -1.68853 -1.68733 -1.73152 -1.82235 -1.91754 -2.01964 -2.09955 -2.2081 -2.17528 -2.22979 -2.24745 -2.29264 -2.46062 -2.48748 -2.38806 -2.19299 -2.01006 -1.91867 -1.83881 -1.76328 -1.71378 -1.65236 -1.64591 -1.65651 -1.68869 -1.72322 -1.76806 -1.77691 -1.7493 -1.82871 -1.78342 -1.76616 -1.78997 -1.84553 -1.88874 -1.82697 -1.82891 -1.81849 -1.8292 -1.82753 -1.811 -1.78808 -1.75288 -1.72312 -1.6996 -1.6306 -1.57071</float_array><technique_common><accessor source="#hpl_mixamorigwRightLeg-roty-array" count="60" stride="1" /></technique_common></source>
      <source id="hpl_mixamorigwRightLeg-rotx"><float_array id="hpl_mixamorigwRightLeg-rotx-array" count="60">18.5198 18.2898 18.4761 19.0706 19.626 19.9232 19.926 19.8506 19.8698 20.04 20.0394 20.0419 19.9625 20.2259 20.4139 20.6841 21.109 21.6393 22.066 22.6173 23.5751 24.0782 24.1463 23.7303 22.9017 21.5499 20.2105 19.4444 19.1369 19.2355 19.5508 19.7179 19.5873 19.3672 19.2995 19.4441 19.7414 19.8884 19.7264 19.2942 18.6729 18.0306 18.9252 18.0648 17.2805 17.2699 17.8808 18.5727 19.0512 19.4496 19.7445 20.183 20.0509 19.6871 19.0921 18.5194 18.0904 18.3187 18.7188 19.4797</float_array><technique_common><accessor source="#hpl_mixamorigwRightLeg-rotx-array" count="60" stride="1" /></technique_common></source>
      <sampler id="hpl_mixamorigwRightLeg-trans-sampler"><input semantic="INPUT" source="#hpl_mixamorigwRightLeg-time" /><input semantic="OUTPUT" source="#hpl_mixamorigwRightLeg-trans" /></sampler><channel source="#hpl_mixamorigwRightLeg-trans-sampler" target="mixamorigwRightLeg/translate" />
      <sampler id="hpl_mixamorigwRightLeg-rotz-sampler"><input semantic="INPUT" source="#hpl_mixamorigwRightLeg-time" /><input semantic="OUTPUT" source="#hpl_mixamorigwRightLeg-rotz" /></sampler><channel source="#hpl_mixamorigwRightLeg-rotz-sampler" target="mixamorigwRightLeg/rotateZ.ANGLE" />
      <sampler id="hpl_mixamorigwRightLeg-roty-sampler"><input semantic="INPUT" source="#hpl_mixamorigwRightLeg-time" /><input semantic="OUTPUT" source="#hpl_mixamorigwRightLeg-roty" /></sampler><channel source="#hpl_mixamorigwRightLeg-roty-sampler" target="mixamorigwRightLeg/rotateY.ANGLE" />
      <sampler id="hpl_mixamorigwRightLeg-rotx-sampler"><input semantic="INPUT" source="#hpl_mixamorigwRightLeg-time" /><input semantic="OUTPUT" source="#hpl_mixamorigwRightLeg-rotx" /></sampler><channel source="#hpl_mixamorigwRightLeg-rotx-sampler" target="mixamorigwRightLeg/rotateX.ANGLE" />
    </animation>
    <animation id="hpl_mixamorigwRightFoot">
      <source id="hpl_mixamorigwRightFoot-time"><float_array id="hpl_mixamorigwRightFoot-time-array" count="60">0 1 2 3 4 5 6 7 8 9 10 11 12 13 14 15 16 17 18 19 20 21 22 23 24 25 26 27 28 29 30 31 32 33 34 35 36 37 38 39 40 41 42 43 44 45 46 47 48 49 50 51 52 53 54 55 56 57 58 59</float_array><technique_common><accessor source="#hpl_mixamorigwRightFoot-time-array" count="60" stride="1" /></technique_common></source>
      <source id="hpl_mixamorigwRightFoot-trans"><float_array id="hpl_mixamorigwRightFoot-trans-array" count="180">6.07786e-07 0.358719 1.03594e-07 6.07786e-07 0.358719 1.03594e-07 6.07786e-07 0.358719 1.03594e-07 6.07786e-07 0.358719 1.03594e-07 6.07786e-07 0.358719 1.03594e-07 6.07786e-07 0.358719 1.03594e-07 6.07786e-07 0.358719 1.03594e-07 6.07786e-07 0.358719 1.03594e-07 6.07786e-07 0.358719 1.03594e-07 6.07786e-07 0.358719 1.03594e-07 6.07786e-07 0.358719 1.03594e-07 6.07786e-07 0.358719 1.03594e-07 6.07786e-07 0.358719 1.03594e-07 6.07786e-07 0.358719 1.03594e-07 6.07786e-07 0.358719 1.03594e-07 6.07786e-07 0.358719 1.03594e-07 6.07786e-07 0.358719 1.03594e-07 6.07786e-07 0.358719 1.03594e-07 6.07786e-07 0.358719 1.03594e-07 6.07786e-07 0.358719 1.03594e-07 6.07786e-07 0.358719 1.03594e-07 6.07786e-07 0.358719 1.03594e-07 6.07786e-07 0.358719 1.03594e-07 6.07786e-07 0.358719 1.03594e-07 6.07786e-07 0.358719 1.03594e-07 6.07786e-07 0.358719 1.03594e-07 6.07786e-07 0.358719 1.03594e-07 6.07786e-07 0.358719 1.03594e-07 6.07786e-07 0.358719 1.03594e-07 6.07786e-07 0.358719 1.03594e-07 6.07786e-07 0.358719 1.03594e-07 6.07786e-07 0.358719 1.03594e-07 6.07786e-07 0.358719 1.03594e-07 6.07786e-07 0.358719 1.03594e-07 6.07786e-07 0.358719 1.03594e-07 6.07786e-07 0.358719 1.03594e-07 6.07786e-07 0.358719 1.03594e-07 6.07786e-07 0.358719 1.03594e-07 6.07786e-07 0.358719 1.03594e-07 6.07786e-07 0.358719 1.03594e-07 6.07786e-07 0.358719 1.03594e-07 6.07786e-07 0.358719 1.03594e-07 6.07786e-07 0.358719 1.03594e-07 6.07786e-07 0.358719 1.03594e-07 6.07786e-07 0.358719 1.03594e-07 6.07786e-07 0.358719 1.03594e-07 6.07786e-07 0.358719 1.03594e-07 6.07786e-07 0.358719 1.03594e-07 6.07786e-07 0.358719 1.03594e-07 6.07786e-07 0.358719 1.03594e-07 6.07786e-07 0.358719 1.03594e-07 6.07786e-07 0.358719 1.03594e-07 6.07786e-07 0.358719 1.03594e-07 6.07786e-07 0.358719 1.03594e-07 6.07786e-07 0.358719 1.03594e-07 6.07786e-07 0.358719 1.03594e-07 6.07786e-07 0.358719 1.03594e-07 6.07786e-07 0.358719 1.03594e-07 6.07786e-07 0.358719 1.03594e-07 6.07786e-07 0.358719 1.03594e-07</float_array><technique_common><accessor source="#hpl_mixamorigwRightFoot-trans-array" count="60" stride="3" /></technique_common></source>
      <source id="hpl_mixamorigwRightFoot-rotz"><float_array id="hpl_mixamorigwRightFoot-rotz-array" count="60">0.767477 0.947658 1.16071 1.25504 1.30796 1.39654 1.60118 1.77706 2.01775 2.23872 2.40677 2.49781 2.55985 2.6199 2.64422 2.62786 2.49533 2.30497 2.1327 1.85016 1.35185 0.78473 0.12302 -0.739183 -1.80117 -4.17224 -6.37901 -7.00331 -6.19374 -5.05499 -4.03069 -3.4134 -3.06709 -2.93951 -2.97803 -3.03743 -3.05371 -3.12518 -3.11807 -3.12137 -3.70541 -4.96568 -5.23248 -4.70412 -4.06694 -3.40039 -2.84638 -2.28857 -1.8045 -1.14285 -0.424898 0.18095 0.731465 1.06164 1.20355 1.29606 1.3973 1.44148 1.44817 1.53961</float_array><technique_common><accessor source="#hpl_mixamorigwRightFoot-rotz-array" count="60" stride="1" /></technique_common></source>
      <source id="hpl_mixamorigwRightFoot-roty"><float_array id="hpl_mixamorigwRightFoot-roty-array" count="60">16.7925 16.7436 16.639 16.4192 16.073 15.6067 15.081 14.4921 13.8303 13.2039 12.6408 12.1371 11.6358 10.9774 10.2606 9.32831 8.29469 7.02597 5.48858 3.45381 1.4023 -0.598999 -2.02202 -3.30875 -4.84881 -6.64329 -7.42331 -5.64064 -2.25911 1.05337 3.4788 5.19662 6.47668 7.46721 8.29866 8.81586 9.26171 9.65582 10.0926 10.4941 10.4974 9.29185 8.50256 8.01925 7.59369 7.23988 6.9905 6.88513 6.79706 6.80061 6.67849 6.40137 6.20751 5.9347 5.66467 5.48552 5.29384 4.97365 4.46791 3.98079</float_array><technique_common><accessor source="#hpl_mixamorigwRightFoot-roty-array" count="60" stride="1" /></technique_common></source>
      <source id="hpl_mixamorigwRightFoot-rotx"><float_array id="hpl_mixamorigwRightFoot-rotx-array" count="60">-60.6385 -60.4745 -60.4725 -60.6732 -60.8432 -60.8563 -60.6867 -60.4875 -60.2465 -60.1026 -59.837 -59.5757 -59.2248 -59.0406 -58.7909 -58.5557 -58.3546 -58.1949 -57.9263 -57.7181 -57.6167 -57.3404 -56.7338 -55.7172 -54.3475 -52.6759 -51.95 -52.4405 -53.2878 -54.0414 -54.6013 -55.1524 -55.4844 -55.567 -55.5517 -55.4007 -55.2786 -55.1527 -54.8438 -54.4481 -53.704 -52.4356 -53.2514 -53.2992 -53.3828 -53.8955 -54.6677 -55.4687 -56.1016 -56.635 -57.1337 -57.5999 -57.6968 -57.6218 -57.4053 -57.1536 -56.9478 -57.0337 -57.1896 -57.4536</float_array><technique_common><accessor source="#hpl_mixamorigwRightFoot-rotx-array" count="60" stride="1" /></technique_common></source>
      <sampler id="hpl_mixamorigwRightFoot-trans-sampler"><input semantic="INPUT" source="#hpl_mixamorigwRightFoot-time" /><input semantic="OUTPUT" source="#hpl_mixamorigwRightFoot-trans" /></sampler><channel source="#hpl_mixamorigwRightFoot-trans-sampler" target="mixamorigwRightFoot/translate" />
      <sampler id="hpl_mixamorigwRightFoot-rotz-sampler"><input semantic="INPUT" source="#hpl_mixamorigwRightFoot-time" /><input semantic="OUTPUT" source="#hpl_mixamorigwRightFoot-rotz" /></sampler><channel source="#hpl_mixamorigwRightFoot-rotz-sampler" target="mixamorigwRightFoot/rotateZ.ANGLE" />
      <sampler id="hpl_mixamorigwRightFoot-roty-sampler"><input semantic="INPUT" source="#hpl_mixamorigwRightFoot-time" /><input semantic="OUTPUT" source="#hpl_mixamorigwRightFoot-roty" /></sampler><channel source="#hpl_mixamorigwRightFoot-roty-sampler" target="mixamorigwRightFoot/rotateY.ANGLE" />
      <sampler id="hpl_mixamorigwRightFoot-rotx-sampler"><input semantic="INPUT" source="#hpl_mixamorigwRightFoot-time" /><input semantic="OUTPUT" source="#hpl_mixamorigwRightFoot-rotx" /></sampler><channel source="#hpl_mixamorigwRightFoot-rotx-sampler" target="mixamorigwRightFoot/rotateX.ANGLE" />
    </animation>
    <animation id="hpl_mixamorigwRightToeBase">
      <source id="hpl_mixamorigwRightToeBase-time"><float_array id="hpl_mixamorigwRightToeBase-time-array" count="60">0 1 2 3 4 5 6 7 8 9 10 11 12 13 14 15 16 17 18 19 20 21 22 23 24 25 26 27 28 29 30 31 32 33 34 35 36 37 38 39 40 41 42 43 44 45 46 47 48 49 50 51 52 53 54 55 56 57 58 59</float_array><technique_common><accessor source="#hpl_mixamorigwRightToeBase-time-array" count="60" stride="1" /></technique_common></source>
      <source id="hpl_mixamorigwRightToeBase-trans"><float_array id="hpl_mixamorigwRightToeBase-trans-array" count="180">-2.32514e-07 0.150699 -6.5721e-08 -2.32514e-07 0.150699 -6.5721e-08 -2.32514e-07 0.150699 -6.5721e-08 -2.32514e-07 0.150699 -6.5721e-08 -2.32514e-07 0.150699 -6.5721e-08 -2.32514e-07 0.150699 -6.5721e-08 -2.32514e-07 0.150699 -6.5721e-08 -2.32514e-07 0.150699 -6.5721e-08 -2.32514e-07 0.150699 -6.5721e-08 -2.32514e-07 0.150699 -6.5721e-08 -2.32514e-07 0.150699 -6.5721e-08 -2.32514e-07 0.150699 -6.5721e-08 -2.32514e-07 0.150699 -6.5721e-08 -2.32514e-07 0.150699 -6.5721e-08 -2.32514e-07 0.150699 -6.5721e-08 -2.32514e-07 0.150699 -6.5721e-08 -2.32514e-07 0.150699 -6.5721e-08 -2.32514e-07 0.150699 -6.5721e-08 -2.32514e-07 0.150699 -6.5721e-08 -2.32514e-07 0.150699 -6.5721e-08 -2.32514e-07 0.150699 -6.5721e-08 -2.32514e-07 0.150699 -6.5721e-08 -2.32514e-07 0.150699 -6.5721e-08 -2.32514e-07 0.150699 -6.5721e-08 -2.32514e-07 0.150699 -6.5721e-08 -2.32514e-07 0.150699 -6.5721e-08 -2.32514e-07 0.150699 -6.5721e-08 -2.32514e-07 0.150699 -6.5721e-08 -2.32514e-07 0.150699 -6.5721e-08 -2.32514e-07 0.150699 -6.5721e-08 -2.32514e-07 0.150699 -6.5721e-08 -2.32514e-07 0.150699 -6.5721e-08 -2.32514e-07 0.150699 -6.5721e-08 -2.32514e-07 0.150699 -6.5721e-08 -2.32514e-07 0.150699 -6.5721e-08 -2.32514e-07 0.150699 -6.5721e-08 -2.32514e-07 0.150699 -6.5721e-08 -2.32514e-07 0.150699 -6.5721e-08 -2.32514e-07 0.150699 -6.5721e-08 -2.32514e-07 0.150699 -6.5721e-08 -2.32514e-07 0.150699 -6.5721e-08 -2.32514e-07 0.150699 -6.5721e-08 -2.32514e-07 0.150699 -6.5721e-08 -2.32514e-07 0.150699 -6.5721e-08 -2.32514e-07 0.150699 -6.5721e-08 -2.32514e-07 0.150699 -6.5721e-08 -2.32514e-07 0.150699 -6.5721e-08 -2.32514e-07 0.150699 -6.5721e-08 -2.32514e-07 0.150699 -6.5721e-08 -2.32514e-07 0.150699 -6.5721e-08 -2.32514e-07 0.150699 -6.5721e-08 -2.32514e-07 0.150699 -6.5721e-08 -2.32514e-07 0.150699 -6.5721e-08 -2.32514e-07 0.150699 -6.5721e-08 -2.32514e-07 0.150699 -6.5721e-08 -2.32514e-07 0.150699 -6.5721e-08 -2.32514e-07 0.150699 -6.5721e-08 -2.32514e-07 0.150699 -6.5721e-08 -2.32514e-07 0.150699 -6.5721e-08 -2.32514e-07 0.150699 -6.5721e-08</float_array><technique_common><accessor source="#hpl_mixamorigwRightToeBase-trans-array" count="60" stride="3" /></technique_common></source>
      <source id="hpl_mixamorigwRightToeBase-rotz"><float_array id="hpl_mixamorigwRightToeBase-rotz-array" count="60">0.316795 0.297448 0.291605 0.274398 0.271641 0.261056 0.255442 0.250567 0.280573 0.299998 0.31674 0.32277 0.311918 0.308479 0.314361 0.344436 0.346957 0.380824 0.409865 0.454859 0.460912 0.436494 0.403426 0.375243 0.340417 0.260666 0.144186 0.0565042 0.0385909 0.0420017 0.0287811 0.0258564 0.02151 0.0321762 0.037901 0.0522004 0.0630702 0.073417 0.0787481 0.0630632 0.0358114 0.0906763 0.192844 0.225138 0.233424 0.21952 0.200968 0.185521 0.187759 0.193664 0.213007 0.211377 0.235387 0.25853 0.290132 0.297905 0.288131 0.304073 0.308245 0.297672</float_array><technique_common><accessor source="#hpl_mixamorigwRightToeBase-rotz-array" count="60" stride="1" /></technique_common></source>
      <source id="hpl_mixamorigwRightToeBase-roty"><float_array id="hpl_mixamorigwRightToeBase-roty-array" count="60">2.56304 2.57207 2.58519 2.56603 2.56569 2.55852 2.55382 2.55227 2.59991 2.58922 2.59618 2.58967 2.56659 2.57115 2.54812 2.53541 2.50801 2.52049 2.53671 2.56982 2.64417 2.68863 2.70747 2.72916 2.75704 2.80063 2.85891 2.89576 2.9164 2.94157 2.94662 2.96226 2.9614 2.97301 2.97808 2.97982 2.97321 2.94826 2.9223 2.8834 2.82915 2.81386 2.74744 2.70162 2.692 2.67135 2.64198 2.60585 2.58368 2.55324 2.5465 2.54116 2.55203 2.57464 2.59248 2.58744 2.5707 2.56455 2.55051 2.50893</float_array><technique_common><accessor source="#hpl_mixamorigwRightToeBase-roty-array" count="60" stride="1" /></technique_common></source>
      <source id="hpl_mixamorigwRightToeBase-rotx"><float_array id="hpl_mixamorigwRightToeBase-rotx-array" count="60">-44.4796 -44.5758 -44.6205 -44.6044 -44.6151 -44.6459 -44.6766 -44.7288 -44.7844 -44.7191 -44.7168 -44.6883 -44.6414 -44.6159 -44.5209 -44.4224 -44.3749 -44.3528 -44.3125 -44.2964 -44.5345 -44.7978 -44.9639 -45.1447 -45.3571 -45.8661 -46.4777 -46.9184 -47.0867 -47.1673 -47.2174 -47.2435 -47.2512 -47.2599 -47.2745 -47.2552 -47.2061 -47.0765 -46.9709 -46.9031 -46.8056 -46.4416 -45.7838 -45.44 -45.3414 -45.3028 -45.2454 -45.1653 -45.0505 -44.9326 -44.8271 -44.7817 -44.7269 -44.732 -44.678 -44.6167 -44.5662 -44.4689 -44.3811 -44.3233</float_array><technique_common><accessor source="#hpl_mixamorigwRightToeBase-rotx-array" count="60" stride="1" /></technique_common></source>
      <sampler id="hpl_mixamorigwRightToeBase-trans-sampler"><input semantic="INPUT" source="#hpl_mixamorigwRightToeBase-time" /><input semantic="OUTPUT" source="#hpl_mixamorigwRightToeBase-trans" /></sampler><channel source="#hpl_mixamorigwRightToeBase-trans-sampler" target="mixamorigwRightToeBase/translate" />
      <sampler id="hpl_mixamorigwRightToeBase-rotz-sampler"><input semantic="INPUT" source="#hpl_mixamorigwRightToeBase-time" /><input semantic="OUTPUT" source="#hpl_mixamorigwRightToeBase-rotz" /></sampler><channel source="#hpl_mixamorigwRightToeBase-rotz-sampler" target="mixamorigwRightToeBase/rotateZ.ANGLE" />
      <sampler id="hpl_mixamorigwRightToeBase-roty-sampler"><input semantic="INPUT" source="#hpl_mixamorigwRightToeBase-time" /><input semantic="OUTPUT" source="#hpl_mixamorigwRightToeBase-roty" /></sampler><channel source="#hpl_mixamorigwRightToeBase-roty-sampler" target="mixamorigwRightToeBase/rotateY.ANGLE" />
      <sampler id="hpl_mixamorigwRightToeBase-rotx-sampler"><input semantic="INPUT" source="#hpl_mixamorigwRightToeBase-time" /><input semantic="OUTPUT" source="#hpl_mixamorigwRightToeBase-rotx" /></sampler><channel source="#hpl_mixamorigwRightToeBase-rotx-sampler" target="mixamorigwRightToeBase/rotateX.ANGLE" />
    </animation>
    <animation id="hpl_mixamorigwSpine">
      <source id="hpl_mixamorigwSpine-time"><float_array id="hpl_mixamorigwSpine-time-array" count="60">0 1 2 3 4 5 6 7 8 9 10 11 12 13 14 15 16 17 18 19 20 21 22 23 24 25 26 27 28 29 30 31 32 33 34 35 36 37 38 39 40 41 42 43 44 45 46 47 48 49 50 51 52 53 54 55 56 57 58 59</float_array><technique_common><accessor source="#hpl_mixamorigwSpine-time-array" count="60" stride="1" /></technique_common></source>
      <source id="hpl_mixamorigwSpine-trans"><float_array id="hpl_mixamorigwSpine-trans-array" count="180">-0.000581253 0.1216 -0.0672236 -0.000581253 0.1216 -0.0672236 -0.000581253 0.1216 -0.0672236 -0.000581253 0.1216 -0.0672236 -0.000581253 0.1216 -0.0672236 -0.000581253 0.1216 -0.0672236 -0.000581253 0.1216 -0.0672236 -0.000581253 0.1216 -0.0672236 -0.000581253 0.1216 -0.0672236 -0.000581253 0.1216 -0.0672236 -0.000581253 0.1216 -0.0672236 -0.000581253 0.1216 -0.0672236 -0.000581253 0.1216 -0.0672236 -0.000581253 0.1216 -0.0672236 -0.000581253 0.1216 -0.0672236 -0.000581253 0.1216 -0.0672236 -0.000581253 0.1216 -0.0672236 -0.000581253 0.1216 -0.0672236 -0.000581253 0.1216 -0.0672236 -0.000581253 0.1216 -0.0672236 -0.000581253 0.1216 -0.0672236 -0.000581253 0.1216 -0.0672236 -0.000581253 0.1216 -0.0672236 -0.000581253 0.1216 -0.0672236 -0.000581253 0.1216 -0.0672236 -0.000581253 0.1216 -0.0672236 -0.000581253 0.1216 -0.0672236 -0.000581253 0.1216 -0.0672236 -0.000581253 0.1216 -0.0672236 -0.000581253 0.1216 -0.0672236 -0.000581253 0.1216 -0.0672236 -0.000581253 0.1216 -0.0672236 -0.000581253 0.1216 -0.0672236 -0.000581253 0.1216 -0.0672236 -0.000581253 0.1216 -0.0672236 -0.000581253 0.1216 -0.0672236 -0.000581253 0.1216 -0.0672236 -0.000581253 0.1216 -0.0672236 -0.000581253 0.1216 -0.0672236 -0.000581253 0.1216 -0.0672236 -0.000581253 0.1216 -0.0672236 -0.000581253 0.1216 -0.0672236 -0.000581253 0.1216 -0.0672236 -0.000581253 0.1216 -0.0672236 -0.000581253 0.1216 -0.0672236 -0.000581253 0.1216 -0.0672236 -0.000581253 0.1216 -0.0672236 -0.000581253 0.1216 -0.0672236 -0.000581253 0.1216 -0.0672236 -0.000581253 0.1216 -0.0672236 -0.000581253 0.1216 -0.0672236 -0.000581253 0.1216 -0.0672236 -0.000581253 0.1216 -0.0672236 -0.000581253 0.1216 -0.0672236 -0.000581253 0.1216 -0.0672236 -0.000581253 0.1216 -0.0672236 -0.000581253 0.1216 -0.0672236 -0.000581253 0.1216 -0.0672236 -0.000581253 0.1216 -0.0672236 -0.000581253 0.1216 -0.0672236</float_array><technique_common><accessor source="#hpl_mixamorigwSpine-trans-array" count="60" stride="3" /></technique_common></source>
      <source id="hpl_mixamorigwSpine-rotz"><float_array id="hpl_mixamorigwSpine-rotz-array" count="60">1.54055 1.65924 1.78907 1.92943 2.05748 2.14995 2.23411 2.31424 2.39488 2.44247 2.49308 2.54437 2.57541 2.59594 2.55418 2.46915 2.37823 2.29603 2.20565 2.15522 2.02533 1.58692 1.05015 0.719666 0.476279 0.225323 -0.00900558 -0.180805 -0.37174 -0.609569 -0.835296 -1.00451 -1.07752 -1.10806 -1.12776 -1.17831 -1.24274 -1.29779 -1.30761 -1.26458 -1.12427 -0.946141 -0.591599 0.0587439 0.558618 0.914743 1.27967 1.7372 2.21684 2.65131 2.87889 2.87377 2.73093 2.58436 2.4766 2.43861 2.44043 2.47102 2.50127 2.43807</float_array><technique_common><accessor source="#hpl_mixamorigwSpine-rotz-array" count="60" stride="1" /></technique_common></source>
      <source id="hpl_mixamorigwSpine-roty"><float_array id="hpl_mixamorigwSpine-roty-array" count="60">0.947521 1.01382 1.11786 1.21637 1.30324 1.36077 1.41021 1.48649 1.54288 1.61672 1.66522 1.70705 1.75942 1.7609 1.7483 1.72215 1.67752 1.63691 1.62995 1.57311 1.44955 1.22649 0.845902 0.598465 0.454301 0.360802 0.299147 0.178769 0.0571774 -0.022022 -0.095263 -0.150651 -0.208001 -0.240272 -0.278117 -0.282632 -0.321945 -0.363792 -0.408735 -0.403086 -0.343783 -0.105476 0.103149 0.403881 0.617602 0.782015 0.978858 1.20833 1.3654 1.51146 1.56912 1.59689 1.62491 1.63291 1.63714 1.63324 1.64646 1.72276 1.74961 1.55374</float_array><technique_common><accessor source="#hpl_mixamorigwSpine-roty-array" count="60" stride="1" /></technique_common></source>
      <source id="hpl_mixamorigwSpine-rotx"><float_array id="hpl_mixamorigwSpine-rotx-array" count="60">-28.5306 -28.4428 -28.3624 -28.2704 -28.201 -28.1892 -28.221 -28.2663 -28.2583 -28.2554 -28.1952 -28.1101 -28.0062 -27.9222 -27.7995 -27.7023 -27.6257 -27.5874 -27.6073 -27.654 -27.7848 -27.9687 -27.989 -27.8747 -27.7489 -27.656 -27.5147 -27.3437 -27.1815 -27.0196 -26.8683 -26.7253 -26.6188 -26.5725 -26.5583 -26.5719 -26.5805 -26.6165 -26.6991 -26.832 -26.9812 -27.1955 -27.4351 -27.6956 -27.896 -27.9821 -27.9959 -27.9395 -27.7569 -27.5203 -27.2607 -26.9965 -26.7573 -26.5773 -26.4681 -26.4182 -26.4435 -26.5096 -26.5388 -26.5627</float_array><technique_common><accessor source="#hpl_mixamorigwSpine-rotx-array" count="60" stride="1" /></technique_common></source>
      <sampler id="hpl_mixamorigwSpine-trans-sampler"><input semantic="INPUT" source="#hpl_mixamorigwSpine-time" /><input semantic="OUTPUT" source="#hpl_mixamorigwSpine-trans" /></sampler><channel source="#hpl_mixamorigwSpine-trans-sampler" target="mixamorigwSpine/translate" />
      <sampler id="hpl_mixamorigwSpine-rotz-sampler"><input semantic="INPUT" source="#hpl_mixamorigwSpine-time" /><input semantic="OUTPUT" source="#hpl_mixamorigwSpine-rotz" /></sampler><channel source="#hpl_mixamorigwSpine-rotz-sampler" target="mixamorigwSpine/rotateZ.ANGLE" />
      <sampler id="hpl_mixamorigwSpine-roty-sampler"><input semantic="INPUT" source="#hpl_mixamorigwSpine-time" /><input semantic="OUTPUT" source="#hpl_mixamorigwSpine-roty" /></sampler><channel source="#hpl_mixamorigwSpine-roty-sampler" target="mixamorigwSpine/rotateY.ANGLE" />
      <sampler id="hpl_mixamorigwSpine-rotx-sampler"><input semantic="INPUT" source="#hpl_mixamorigwSpine-time" /><input semantic="OUTPUT" source="#hpl_mixamorigwSpine-rotx" /></sampler><channel source="#hpl_mixamorigwSpine-rotx-sampler" target="mixamorigwSpine/rotateX.ANGLE" />
    </animation>
    <animation id="hpl_mixamorigwSpine1">
      <source id="hpl_mixamorigwSpine1-time"><float_array id="hpl_mixamorigwSpine1-time-array" count="60">0 1 2 3 4 5 6 7 8 9 10 11 12 13 14 15 16 17 18 19 20 21 22 23 24 25 26 27 28 29 30 31 32 33 34 35 36 37 38 39 40 41 42 43 44 45 46 47 48 49 50 51 52 53 54 55 56 57 58 59</float_array><technique_common><accessor source="#hpl_mixamorigwSpine1-time-array" count="60" stride="1" /></technique_common></source>
      <source id="hpl_mixamorigwSpine1-trans"><float_array id="hpl_mixamorigwSpine1-trans-array" count="180">1.55939e-10 0.13894 -2.99993e-07 1.55939e-10 0.13894 -2.99993e-07 1.55939e-10 0.13894 -2.99993e-07 1.55939e-10 0.13894 -2.99993e-07 1.55939e-10 0.13894 -2.99993e-07 1.55939e-10 0.13894 -2.99993e-07 1.55939e-10 0.13894 -2.99993e-07 1.55939e-10 0.13894 -2.99993e-07 1.55939e-10 0.13894 -2.99993e-07 1.55939e-10 0.13894 -2.99993e-07 1.55939e-10 0.13894 -2.99993e-07 1.55939e-10 0.13894 -2.99993e-07 1.55939e-10 0.13894 -2.99993e-07 1.55939e-10 0.13894 -2.99993e-07 1.55939e-10 0.13894 -2.99993e-07 1.55939e-10 0.13894 -2.99993e-07 1.55939e-10 0.13894 -2.99993e-07 1.55939e-10 0.13894 -2.99993e-07 1.55939e-10 0.13894 -2.99993e-07 1.55939e-10 0.13894 -2.99993e-07 1.55939e-10 0.13894 -2.99993e-07 1.55939e-10 0.13894 -2.99993e-07 1.55939e-10 0.13894 -2.99993e-07 1.55939e-10 0.13894 -2.99993e-07 1.55939e-10 0.13894 -2.99993e-07 1.55939e-10 0.13894 -2.99993e-07 1.55939e-10 0.13894 -2.99993e-07 1.55939e-10 0.13894 -2.99993e-07 1.55939e-10 0.13894 -2.99993e-07 1.55939e-10 0.13894 -2.99993e-07 1.55939e-10 0.13894 -2.99993e-07 1.55939e-10 0.13894 -2.99993e-07 1.55939e-10 0.13894 -2.99993e-07 1.55939e-10 0.13894 -2.99993e-07 1.55939e-10 0.13894 -2.99993e-07 1.55939e-10 0.13894 -2.99993e-07 1.55939e-10 0.13894 -2.99993e-07 1.55939e-10 0.13894 -2.99993e-07 1.55939e-10 0.13894 -2.99993e-07 1.55939e-10 0.13894 -2.99993e-07 1.55939e-10 0.13894 -2.99993e-07 1.55939e-10 0.13894 -2.99993e-07 1.55939e-10 0.13894 -2.99993e-07 1.55939e-10 0.13894 -2.99993e-07 1.55939e-10 0.13894 -2.99993e-07 1.55939e-10 0.13894 -2.99993e-07 1.55939e-10 0.13894 -2.99993e-07 1.55939e-10 0.13894 -2.99993e-07 1.55939e-10 0.13894 -2.99993e-07 1.55939e-10 0.13894 -2.99993e-07 1.55939e-10 0.13894 -2.99993e-07 1.55939e-10 0.13894 -2.99993e-07 1.55939e-10 0.13894 -2.99993e-07 1.55939e-10 0.13894 -2.99993e-07 1.55939e-10 0.13894 -2.99993e-07 1.55939e-10 0.13894 -2.99993e-07 1.55939e-10 0.13894 -2.99993e-07 1.55939e-10 0.13894 -2.99993e-07 1.55939e-10 0.13894 -2.99993e-07 1.55939e-10 0.13894 -2.99993e-07</float_array><technique_common><accessor source="#hpl_mixamorigwSpine1-trans-array" count="60" stride="3" /></technique_common></source>
      <source id="hpl_mixamorigwSpine1-rotz"><float_array id="hpl_mixamorigwSpine1-rotz-array" count="60">-0.0543303 -0.0323419 -0.031504 -0.037815 -0.0402241 -0.0268622 -0.010778 -0.00226634 -0.0334403 -0.0463893 -0.0730834 -0.0941202 -0.107604 -0.114654 -0.126194 -0.146401 -0.166292 -0.175893 -0.167303 -0.135088 -0.140396 -0.181213 -0.313063 -0.394327 -0.447471 -0.455576 -0.49576 -0.512173 -0.511159 -0.509298 -0.521267 -0.537014 -0.538024 -0.523421 -0.503647 -0.482768 -0.467094 -0.453472 -0.438426 -0.422898 -0.408945 -0.431471 -0.437943 -0.350824 -0.303704 -0.291197 -0.286379 -0.256869 -0.19345 -0.171273 -0.173382 -0.179656 -0.19826 -0.231654 -0.256718 -0.262378 -0.244455 -0.217464 -0.168598 -0.128566</float_array><technique_common><accessor source="#hpl_mixamorigwSpine1-rotz-array" count="60" stride="1" /></technique_common></source>
      <source id="hpl_mixamorigwSpine1-roty"><float_array id="hpl_mixamorigwSpine1-roty-array" count="60">-0.152097 -0.141762 -0.188157 -0.240746 -0.316285 -0.391864 -0.46667 -0.536079 -0.517358 -0.562265 -0.577066 -0.571945 -0.552261 -0.557281 -0.464396 -0.353778 -0.217547 -0.075499 0.0842164 0.302819 0.226708 0.0789436 -0.0726251 -0.180442 -0.199877 -0.115731 -0.0578647 0.061156 0.175773 0.241761 0.32612 0.398789 0.446084 0.498711 0.499135 0.465641 0.437314 0.381531 0.310996 0.236973 0.168737 0.0546143 -0.0537496 -0.107885 -0.231063 -0.376729 -0.496026 -0.604082 -0.752855 -0.804162 -0.846987 -0.838928 -0.860503 -0.827512 -0.679736 -0.477442 -0.290038 -0.133543 0.0644156 0.153531</float_array><technique_common><accessor source="#hpl_mixamorigwSpine1-roty-array" count="60" stride="1" /></technique_common></source>
      <source id="hpl_mixamorigwSpine1-rotx"><float_array id="hpl_mixamorigwSpine1-rotx-array" count="60">-10.5577 -10.5677 -10.5929 -10.6069 -10.6116 -10.6002 -10.5875 -10.5832 -10.604 -10.5791 -10.5672 -10.541 -10.5132 -10.4578 -10.416 -10.373 -10.3513 -10.3629 -10.4286 -10.5164 -10.6279 -10.6986 -10.727 -10.6678 -10.6005 -10.4528 -10.3951 -10.3268 -10.2477 -10.1813 -10.0928 -10.0454 -10.0174 -9.98046 -9.96357 -9.93399 -9.93566 -9.94504 -9.97766 -10.0132 -10.0744 -10.2013 -10.3224 -10.3996 -10.4028 -10.4135 -10.4472 -10.4686 -10.4776 -10.41 -10.3338 -10.2797 -10.2143 -10.1807 -10.1284 -10.0999 -10.1194 -10.1601 -10.2164 -10.2448</float_array><technique_common><accessor source="#hpl_mixamorigwSpine1-rotx-array" count="60" stride="1" /></technique_common></source>
      <sampler id="hpl_mixamorigwSpine1-trans-sampler"><input semantic="INPUT" source="#hpl_mixamorigwSpine1-time" /><input semantic="OUTPUT" source="#hpl_mixamorigwSpine1-trans" /></sampler><channel source="#hpl_mixamorigwSpine1-trans-sampler" target="mixamorigwSpine1/translate" />
      <sampler id="hpl_mixamorigwSpine1-rotz-sampler"><input semantic="INPUT" source="#hpl_mixamorigwSpine1-time" /><input semantic="OUTPUT" source="#hpl_mixamorigwSpine1-rotz" /></sampler><channel source="#hpl_mixamorigwSpine1-rotz-sampler" target="mixamorigwSpine1/rotateZ.ANGLE" />
      <sampler id="hpl_mixamorigwSpine1-roty-sampler"><input semantic="INPUT" source="#hpl_mixamorigwSpine1-time" /><input semantic="OUTPUT" source="#hpl_mixamorigwSpine1-roty" /></sampler><channel source="#hpl_mixamorigwSpine1-roty-sampler" target="mixamorigwSpine1/rotateY.ANGLE" />
      <sampler id="hpl_mixamorigwSpine1-rotx-sampler"><input semantic="INPUT" source="#hpl_mixamorigwSpine1-time" /><input semantic="OUTPUT" source="#hpl_mixamorigwSpine1-rotx" /></sampler><channel source="#hpl_mixamorigwSpine1-rotx-sampler" target="mixamorigwSpine1/rotateX.ANGLE" />
    </animation>
    <animation id="hpl_mixamorigwSpine2">
      <source id="hpl_mixamorigwSpine2-time"><float_array id="hpl_mixamorigwSpine2-time-array" count="60">0 1 2 3 4 5 6 7 8 9 10 11 12 13 14 15 16 17 18 19 20 21 22 23 24 25 26 27 28 29 30 31 32 33 34 35 36 37 38 39 40 41 42 43 44 45 46 47 48 49 50 51 52 53 54 55 56 57 58 59</float_array><technique_common><accessor source="#hpl_mixamorigwSpine2-time-array" count="60" stride="1" /></technique_common></source>
      <source id="hpl_mixamorigwSpine2-trans"><float_array id="hpl_mixamorigwSpine2-trans-array" count="180">7.65575e-09 0.138939 1.13691e-06 7.65575e-09 0.138939 1.13691e-06 7.65575e-09 0.138939 1.13691e-06 7.65575e-09 0.138939 1.13691e-06 7.65575e-09 0.138939 1.13691e-06 7.65575e-09 0.138939 1.13691e-06 7.65575e-09 0.138939 1.13691e-06 7.65575e-09 0.138939 1.13691e-06 7.65575e-09 0.138939 1.13691e-06 7.65575e-09 0.138939 1.13691e-06 7.65575e-09 0.138939 1.13691e-06 7.65575e-09 0.138939 1.13691e-06 7.65575e-09 0.138939 1.13691e-06 7.65575e-09 0.138939 1.13691e-06 7.65575e-09 0.138939 1.13691e-06 7.65575e-09 0.138939 1.13691e-06 7.65575e-09 0.138939 1.13691e-06 7.65575e-09 0.138939 1.13691e-06 7.65575e-09 0.138939 1.13691e-06 7.65575e-09 0.138939 1.13691e-06 7.65575e-09 0.138939 1.13691e-06 7.65575e-09 0.138939 1.13691e-06 7.65575e-09 0.138939 1.13691e-06 7.65575e-09 0.138939 1.13691e-06 7.65575e-09 0.138939 1.13691e-06 7.65575e-09 0.138939 1.13691e-06 7.65575e-09 0.138939 1.13691e-06 7.65575e-09 0.138939 1.13691e-06 7.65575e-09 0.138939 1.13691e-06 7.65575e-09 0.138939 1.13691e-06 7.65575e-09 0.138939 1.13691e-06 7.65575e-09 0.138939 1.13691e-06 7.65575e-09 0.138939 1.13691e-06 7.65575e-09 0.138939 1.13691e-06 7.65575e-09 0.138939 1.13691e-06 7.65575e-09 0.138939 1.13691e-06 7.65575e-09 0.138939 1.13691e-06 7.65575e-09 0.138939 1.13691e-06 7.65575e-09 0.138939 1.13691e-06 7.65575e-09 0.138939 1.13691e-06 7.65575e-09 0.138939 1.13691e-06 7.65575e-09 0.138939 1.13691e-06 7.65575e-09 0.138939 1.13691e-06 7.65575e-09 0.138939 1.13691e-06 7.65575e-09 0.138939 1.13691e-06 7.65575e-09 0.138939 1.13691e-06 7.65575e-09 0.138939 1.13691e-06 7.65575e-09 0.138939 1.13691e-06 7.65575e-09 0.138939 1.13691e-06 7.65575e-09 0.138939 1.13691e-06 7.65575e-09 0.138939 1.13691e-06 7.65575e-09 0.138939 1.13691e-06 7.65575e-09 0.138939 1.13691e-06 7.65575e-09 0.138939 1.13691e-06 7.65575e-09 0.138939 1.13691e-06 7.65575e-09 0.138939 1.13691e-06 7.65575e-09 0.138939 1.13691e-06 7.65575e-09 0.138939 1.13691e-06 7.65575e-09 0.138939 1.13691e-06 7.65575e-09 0.138939 1.13691e-06</float_array><technique_common><accessor source="#hpl_mixamorigwSpine2-trans-array" count="60" stride="3" /></technique_common></source>
      <source id="hpl_mixamorigwSpine2-rotz"><float_array id="hpl_mixamorigwSpine2-rotz-array" count="60">1.46499 1.5393 1.64219 1.73242 1.80251 1.81796 1.74868 1.58928 1.37745 1.13517 0.861604 0.587617 0.326274 0.160393 -0.0504825 -0.240383 -0.369049 -0.418985 -0.354323 -0.161037 0.265978 0.553406 0.446462 0.354181 0.397155 0.447762 0.690446 0.889579 1.02012 1.05566 1.04387 1.01597 1.01261 1.03541 1.09894 1.19286 1.27357 1.33687 1.38872 1.41735 1.41755 1.41146 1.29965 1.55964 1.83413 1.92082 1.87488 1.82648 1.87222 1.9475 1.88945 1.71688 1.3875 1.01108 0.674979 0.454609 0.39392 0.504529 0.826236 1.39932</float_array><technique_common><accessor source="#hpl_mixamorigwSpine2-rotz-array" count="60" stride="1" /></technique_common></source>
      <source id="hpl_mixamorigwSpine2-roty"><float_array id="hpl_mixamorigwSpine2-roty-array" count="60">-2.7305 -2.76918 -2.81508 -2.8799 -2.95911 -3.0308 -3.09234 -3.15223 -3.2058 -3.19559 -3.16911 -3.13516 -3.1403 -3.0712 -3.02506 -2.95138 -2.84491 -2.72659 -2.64321 -2.6756 -2.74748 -3.01741 -3.17202 -3.19601 -3.13862 -3.03703 -2.90689 -2.79627 -2.61373 -2.41217 -2.23878 -2.11764 -2.01389 -1.9706 -1.95607 -1.97176 -2.01806 -2.07345 -2.08928 -2.12825 -2.18577 -2.34324 -2.50534 -2.71464 -2.97199 -3.17492 -3.31622 -3.4035 -3.37855 -3.52236 -3.66845 -3.78688 -3.74786 -3.58055 -3.37454 -3.14931 -2.93051 -2.75263 -2.71581 -2.78349</float_array><technique_common><accessor source="#hpl_mixamorigwSpine2-roty-array" count="60" stride="1" /></technique_common></source>
      <source id="hpl_mixamorigwSpine2-rotx"><float_array id="hpl_mixamorigwSpine2-rotx-array" count="60">8.13655 8.15764 8.19073 8.19608 8.18094 8.13106 8.07025 8.02624 7.95659 7.92009 7.92198 7.92858 7.93983 7.93761 7.92415 7.90258 7.89561 7.90495 7.92299 7.90831 7.89298 7.92067 7.86663 7.75547 7.65569 7.46638 7.41211 7.36815 7.32264 7.31641 7.31792 7.34345 7.37938 7.4284 7.51177 7.58231 7.67721 7.75884 7.84801 7.90267 7.9577 8.05446 8.21357 8.31945 8.26759 8.18867 8.13604 8.14344 8.18647 8.25295 8.31293 8.42085 8.43554 8.42505 8.32617 8.19514 8.10875 8.08302 8.12817 8.21579</float_array><technique_common><accessor source="#hpl_mixamorigwSpine2-rotx-array" count="60" stride="1" /></technique_common></source>
      <sampler id="hpl_mixamorigwSpine2-trans-sampler"><input semantic="INPUT" source="#hpl_mixamorigwSpine2-time" /><input semantic="OUTPUT" source="#hpl_mixamorigwSpine2-trans" /></sampler><channel source="#hpl_mixamorigwSpine2-trans-sampler" target="mixamorigwSpine2/translate" />
      <sampler id="hpl_mixamorigwSpine2-rotz-sampler"><input semantic="INPUT" source="#hpl_mixamorigwSpine2-time" /><input semantic="OUTPUT" source="#hpl_mixamorigwSpine2-rotz" /></sampler><channel source="#hpl_mixamorigwSpine2-rotz-sampler" target="mixamorigwSpine2/rotateZ.ANGLE" />
      <sampler id="hpl_mixamorigwSpine2-roty-sampler"><input semantic="INPUT" source="#hpl_mixamorigwSpine2-time" /><input semantic="OUTPUT" source="#hpl_mixamorigwSpine2-roty" /></sampler><channel source="#hpl_mixamorigwSpine2-roty-sampler" target="mixamorigwSpine2/rotateY.ANGLE" />
      <sampler id="hpl_mixamorigwSpine2-rotx-sampler"><input semantic="INPUT" source="#hpl_mixamorigwSpine2-time" /><input semantic="OUTPUT" source="#hpl_mixamorigwSpine2-rotx" /></sampler><channel source="#hpl_mixamorigwSpine2-rotx-sampler" target="mixamorigwSpine2/rotateX.ANGLE" />
    </animation>
    <animation id="hpl_mixamorigwLeftShoulder">
      <source id="hpl_mixamorigwLeftShoulder-time"><float_array id="hpl_mixamorigwLeftShoulder-time-array" count="60">0 1 2 3 4 5 6 7 8 9 10 11 12 13 14 15 16 17 18 19 20 21 22 23 24 25 26 27 28 29 30 31 32 33 34 35 36 37 38 39 40 41 42 43 44 45 46 47 48 49 50 51 52 53 54 55 56 57 58 59</float_array><technique_common><accessor source="#hpl_mixamorigwLeftShoulder-time-array" count="60" stride="1" /></technique_common></source>
      <source id="hpl_mixamorigwLeftShoulder-trans"><float_array id="hpl_mixamorigwLeftShoulder-trans-array" count="180">0.0431929 0.0719144 -0.00398513 0.0431929 0.0719144 -0.00398513 0.0431929 0.0719144 -0.00398513 0.0431929 0.0719144 -0.00398513 0.0431929 0.0719144 -0.00398513 0.0431929 0.0719144 -0.00398513 0.0431929 0.0719144 -0.00398513 0.0431929 0.0719144 -0.00398513 0.0431929 0.0719144 -0.00398513 0.0431929 0.0719144 -0.00398513 0.0431929 0.0719144 -0.00398513 0.0431929 0.0719144 -0.00398513 0.0431929 0.0719144 -0.00398513 0.0431929 0.0719144 -0.00398513 0.0431929 0.0719144 -0.00398513 0.0431929 0.0719144 -0.00398513 0.0431929 0.0719144 -0.00398513 0.0431929 0.0719144 -0.00398513 0.0431929 0.0719144 -0.00398513 0.0431929 0.0719144 -0.00398513 0.0431929 0.0719144 -0.00398513 0.0431929 0.0719144 -0.00398513 0.0431929 0.0719144 -0.00398513 0.0431929 0.0719144 -0.00398513 0.0431929 0.0719144 -0.00398513 0.0431929 0.0719144 -0.00398513 0.0431929 0.0719144 -0.00398513 0.0431929 0.0719144 -0.00398513 0.0431929 0.0719144 -0.00398513 0.0431929 0.0719144 -0.00398513 0.0431929 0.0719144 -0.00398513 0.0431929 0.0719144 -0.00398513 0.0431929 0.0719144 -0.00398513 0.0431929 0.0719144 -0.00398513 0.0431929 0.0719144 -0.00398513 0.0431929 0.0719144 -0.00398513 0.0431929 0.0719144 -0.00398513 0.0431929 0.0719144 -0.00398513 0.0431929 0.0719144 -0.00398513 0.0431929 0.0719144 -0.00398513 0.0431929 0.0719144 -0.00398513 0.0431929 0.0719144 -0.00398513 0.0431929 0.0719144 -0.00398513 0.0431929 0.0719144 -0.00398513 0.0431929 0.0719144 -0.00398513 0.0431929 0.0719144 -0.00398513 0.0431929 0.0719144 -0.00398513 0.0431929 0.0719144 -0.00398513 0.0431929 0.0719144 -0.00398513 0.0431929 0.0719144 -0.00398513 0.0431929 0.0719144 -0.00398513 0.0431929 0.0719144 -0.00398513 0.0431929 0.0719144 -0.00398513 0.0431929 0.0719144 -0.00398513 0.0431929 0.0719144 -0.00398513 0.0431929 0.0719144 -0.00398513 0.0431929 0.0719144 -0.00398513 0.0431929 0.0719144 -0.00398513 0.0431929 0.0719144 -0.00398513 0.0431929 0.0719144 -0.00398513</float_array><technique_common><accessor source="#hpl_mixamorigwLeftShoulder-trans-array" count="60" stride="3" /></technique_common></source>
      <source id="hpl_mixamorigwLeftShoulder-rotz"><float_array id="hpl_mixamorigwLeftShoulder-rotz-array" count="60">119.584 119.371 119.224 119.105 118.991 118.763 118.457 118.157 117.882 117.495 117 116.462 116.08 115.808 115.668 115.777 116.012 116.368 116.762 117.355 118.284 118.553 118.316 117.925 117.686 117.636 118.03 118.605 119.144 119.728 120.166 120.537 120.895 121.065 121.149 121.07 120.909 120.678 120.447 120.102 119.65 119.289 118.848 118.51 118.276 118.09 117.768 117.391 117.242 117.039 117.042 117.057 117.172 117.519 118.014 118.375 118.511 118.311 118.211 118.101</float_array><technique_common><accessor source="#hpl_mixamorigwLeftShoulder-rotz-array" count="60" stride="1" /></technique_common></source>
      <source id="hpl_mixamorigwLeftShoulder-roty"><float_array id="hpl_mixamorigwLeftShoulder-roty-array" count="60">65.9727 66.0503 66.0903 66.1226 66.1097 66.0557 65.9736 65.8548 65.7976 65.868 66.0524 66.3023 66.5191 66.6824 66.8602 67.0238 67.0636 66.9137 66.657 66.5431 66.3153 66.137 66.2123 66.3049 66.3023 66.0639 66.0139 65.9182 65.8234 65.6749 65.5008 65.2907 65.112 64.9624 64.82 64.7267 64.6836 64.6703 64.732 64.8039 64.9189 65.1643 65.1676 65.2771 65.3934 65.4662 65.5165 65.5054 65.5813 65.6465 65.7857 65.8176 65.8662 65.9476 65.9608 65.8477 65.6106 65.275 64.9723 64.8223</float_array><technique_common><accessor source="#hpl_mixamorigwLeftShoulder-roty-array" count="60" stride="1" /></technique_common></source>
      <source id="hpl_mixamorigwLeftShoulder-rotx"><float_array id="hpl_mixamorigwLeftShoulder-rotx-array" count="60">-139.754 -140.043 -140.251 -140.406 -140.464 -140.598 -140.809 -141.013 -141.183 -141.547 -142.085 -142.737 -143.296 -143.771 -144.103 -144.221 -144.224 -144.114 -144.028 -143.696 -142.811 -142.448 -142.784 -143.325 -143.51 -143.513 -143.207 -142.732 -142.174 -141.507 -140.943 -140.397 -139.822 -139.446 -139.178 -139.085 -139.11 -139.231 -139.348 -139.587 -139.877 -139.965 -140.019 -139.734 -140.059 -140.601 -141.137 -141.562 -141.914 -142.533 -143.025 -143.401 -143.499 -143.186 -142.597 -142.034 -141.627 -141.518 -141.423 -141.364</float_array><technique_common><accessor source="#hpl_mixamorigwLeftShoulder-rotx-array" count="60" stride="1" /></technique_common></source>
      <sampler id="hpl_mixamorigwLeftShoulder-trans-sampler"><input semantic="INPUT" source="#hpl_mixamorigwLeftShoulder-time" /><input semantic="OUTPUT" source="#hpl_mixamorigwLeftShoulder-trans" /></sampler><channel source="#hpl_mixamorigwLeftShoulder-trans-sampler" target="mixamorigwLeftShoulder/translate" />
      <sampler id="hpl_mixamorigwLeftShoulder-rotz-sampler"><input semantic="INPUT" source="#hpl_mixamorigwLeftShoulder-time" /><input semantic="OUTPUT" source="#hpl_mixamorigwLeftShoulder-rotz" /></sampler><channel source="#hpl_mixamorigwLeftShoulder-rotz-sampler" target="mixamorigwLeftShoulder/rotateZ.ANGLE" />
      <sampler id="hpl_mixamorigwLeftShoulder-roty-sampler"><input semantic="INPUT" source="#hpl_mixamorigwLeftShoulder-time" /><input semantic="OUTPUT" source="#hpl_mixamorigwLeftShoulder-roty" /></sampler><channel source="#hpl_mixamorigwLeftShoulder-roty-sampler" target="mixamorigwLeftShoulder/rotateY.ANGLE" />
      <sampler id="hpl_mixamorigwLeftShoulder-rotx-sampler"><input semantic="INPUT" source="#hpl_mixamorigwLeftShoulder-time" /><input semantic="OUTPUT" source="#hpl_mixamorigwLeftShoulder-rotx" /></sampler><channel source="#hpl_mixamorigwLeftShoulder-rotx-sampler" target="mixamorigwLeftShoulder/rotateX.ANGLE" />
    </animation>
    <animation id="hpl_mixamorigwLeftArm">
      <source id="hpl_mixamorigwLeftArm-time"><float_array id="hpl_mixamorigwLeftArm-time-array" count="60">0 1 2 3 4 5 6 7 8 9 10 11 12 13 14 15 16 17 18 19 20 21 22 23 24 25 26 27 28 29 30 31 32 33 34 35 36 37 38 39 40 41 42 43 44 45 46 47 48 49 50 51 52 53 54 55 56 57 58 59</float_array><technique_common><accessor source="#hpl_mixamorigwLeftArm-time-array" count="60" stride="1" /></technique_common></source>
      <source id="hpl_mixamorigwLeftArm-trans"><float_array id="hpl_mixamorigwLeftArm-trans-array" count="180">8.12161e-07 0.171533 -2.57949e-06 8.12161e-07 0.171533 -2.57949e-06 8.12161e-07 0.171533 -2.57949e-06 8.12161e-07 0.171533 -2.57949e-06 8.12161e-07 0.171533 -2.57949e-06 8.12161e-07 0.171533 -2.57949e-06 8.12161e-07 0.171533 -2.57949e-06 8.12161e-07 0.171533 -2.57949e-06 8.12161e-07 0.171533 -2.57949e-06 8.12161e-07 0.171533 -2.57949e-06 8.12161e-07 0.171533 -2.57949e-06 8.12161e-07 0.171533 -2.57949e-06 8.12161e-07 0.171533 -2.57949e-06 8.12161e-07 0.171533 -2.57949e-06 8.12161e-07 0.171533 -2.57949e-06 8.12161e-07 0.171533 -2.57949e-06 8.12161e-07 0.171533 -2.57949e-06 8.12161e-07 0.171533 -2.57949e-06 8.12161e-07 0.171533 -2.57949e-06 8.12161e-07 0.171533 -2.57949e-06 8.12161e-07 0.171533 -2.57949e-06 8.12161e-07 0.171533 -2.57949e-06 8.12161e-07 0.171533 -2.57949e-06 8.12161e-07 0.171533 -2.57949e-06 8.12161e-07 0.171533 -2.57949e-06 8.12161e-07 0.171533 -2.57949e-06 8.12161e-07 0.171533 -2.57949e-06 8.12161e-07 0.171533 -2.57949e-06 8.12161e-07 0.171533 -2.57949e-06 8.12161e-07 0.171533 -2.57949e-06 8.12161e-07 0.171533 -2.57949e-06 8.12161e-07 0.171533 -2.57949e-06 8.12161e-07 0.171533 -2.57949e-06 8.12161e-07 0.171533 -2.57949e-06 8.12161e-07 0.171533 -2.57949e-06 8.12161e-07 0.171533 -2.57949e-06 8.12161e-07 0.171533 -2.57949e-06 8.12161e-07 0.171533 -2.57949e-06 8.12161e-07 0.171533 -2.57949e-06 8.12161e-07 0.171533 -2.57949e-06 8.12161e-07 0.171533 -2.57949e-06 8.12161e-07 0.171533 -2.57949e-06 8.12161e-07 0.171533 -2.57949e-06 8.12161e-07 0.171533 -2.57949e-06 8.12161e-07 0.171533 -2.57949e-06 8.12161e-07 0.171533 -2.57949e-06 8.12161e-07 0.171533 -2.57949e-06 8.12161e-07 0.171533 -2.57949e-06 8.12161e-07 0.171533 -2.57949e-06 8.12161e-07 0.171533 -2.57949e-06 8.12161e-07 0.171533 -2.57949e-06 8.12161e-07 0.171533 -2.57949e-06 8.12161e-07 0.171533 -2.57949e-06 8.12161e-07 0.171533 -2.57949e-06 8.12161e-07 0.171533 -2.57949e-06 8.12161e-07 0.171533 -2.57949e-06 8.12161e-07 0.171533 -2.57949e-06 8.12161e-07 0.171533 -2.57949e-06 8.12161e-07 0.171533 -2.57949e-06 8.12161e-07 0.171533 -2.57949e-06</float_array><technique_common><accessor source="#hpl_mixamorigwLeftArm-trans-array" count="60" stride="3" /></technique_common></source>
      <source id="hpl_mixamorigwLeftArm-rotz"><float_array id="hpl_mixamorigwLeftArm-rotz-array" count="60">100.019 99.9583 99.8166 99.5881 99.5065 99.4037 99.3489 99.3448 99.2563 99.2053 99.0187 98.6501 98.0735 97.5384 96.8468 95.8514 94.7877 93.9979 93.6502 94.0358 95.0241 96.2225 96.8311 96.7287 96.1607 95.036 93.987 93.1151 92.3924 91.8316 91.4095 91.2059 91.2365 91.4119 91.8461 92.5306 93.465 94.5615 95.9127 97.465 99.1271 100.609 101.294 101.418 101.181 100.988 100.897 100.647 100.53 100.333 100.466 100.81 101.149 101.3 101.302 101.214 100.917 100.319 99.8634 99.7383</float_array><technique_common><accessor source="#hpl_mixamorigwLeftArm-rotz-array" count="60" stride="1" /></technique_common></source>
      <source id="hpl_mixamorigwLeftArm-roty"><float_array id="hpl_mixamorigwLeftArm-roty-array" count="60">35.9121 35.9386 35.9224 35.8755 35.8983 35.8546 35.8269 35.7848 35.7896 35.7872 35.8301 35.7702 35.6003 35.3058 34.9214 34.2816 33.4424 32.6443 31.9394 31.56 31.6661 32.184 32.621 32.7444 32.841 32.8719 32.718 32.6383 32.7082 32.8315 33.0612 33.3878 33.7758 34.1122 34.4688 34.8934 35.369 35.9171 36.5854 37.3144 38.0989 38.9832 39.8037 40.1408 39.4416 38.7146 38.3613 38.1253 37.6678 36.7626 35.8048 34.8744 34.0759 33.3501 32.9828 33.0754 33.5406 34.0942 34.5728 34.9064</float_array><technique_common><accessor source="#hpl_mixamorigwLeftArm-roty-array" count="60" stride="1" /></technique_common></source>
      <source id="hpl_mixamorigwLeftArm-rotx"><float_array id="hpl_mixamorigwLeftArm-rotx-array" count="60">78.1986 78.1378 78.0214 77.9143 77.9004 77.9038 77.9099 77.8384 77.6342 77.3728 76.9208 76.2896 75.4628 74.5544 73.6923 72.7841 71.9374 71.2672 70.9384 71.4058 72.191 72.8936 73.129 73.0084 72.7235 72.093 71.9548 71.9652 72.0431 72.1814 72.3494 72.5735 72.8622 73.1256 73.3643 73.6305 73.9231 74.1564 74.4149 74.697 74.9964 75.3311 74.9805 74.493 73.9714 73.5923 73.3652 72.9741 72.7161 72.2262 71.8581 71.3196 70.75 70.2778 69.9855 69.9129 69.931 69.9407 70.1344 70.6641</float_array><technique_common><accessor source="#hpl_mixamorigwLeftArm-rotx-array" count="60" stride="1" /></technique_common></source>
      <sampler id="hpl_mixamorigwLeftArm-trans-sampler"><input semantic="INPUT" source="#hpl_mixamorigwLeftArm-time" /><input semantic="OUTPUT" source="#hpl_mixamorigwLeftArm-trans" /></sampler><channel source="#hpl_mixamorigwLeftArm-trans-sampler" target="mixamorigwLeftArm/translate" />
      <sampler id="hpl_mixamorigwLeftArm-rotz-sampler"><input semantic="INPUT" source="#hpl_mixamorigwLeftArm-time" /><input semantic="OUTPUT" source="#hpl_mixamorigwLeftArm-rotz" /></sampler><channel source="#hpl_mixamorigwLeftArm-rotz-sampler" target="mixamorigwLeftArm/rotateZ.ANGLE" />
      <sampler id="hpl_mixamorigwLeftArm-roty-sampler"><input semantic="INPUT" source="#hpl_mixamorigwLeftArm-time" /><input semantic="OUTPUT" source="#hpl_mixamorigwLeftArm-roty" /></sampler><channel source="#hpl_mixamorigwLeftArm-roty-sampler" target="mixamorigwLeftArm/rotateY.ANGLE" />
      <sampler id="hpl_mixamorigwLeftArm-rotx-sampler"><input semantic="INPUT" source="#hpl_mixamorigwLeftArm-time" /><input semantic="OUTPUT" source="#hpl_mixamorigwLeftArm-rotx" /></sampler><channel source="#hpl_mixamorigwLeftArm-rotx-sampler" target="mixamorigwLeftArm/rotateX.ANGLE" />
    </animation>
    <animation id="hpl_mixamorigwLeftForeArm">
      <source id="hpl_mixamorigwLeftForeArm-time"><float_array id="hpl_mixamorigwLeftForeArm-time-array" count="60">0 1 2 3 4 5 6 7 8 9 10 11 12 13 14 15 16 17 18 19 20 21 22 23 24 25 26 27 28 29 30 31 32 33 34 35 36 37 38 39 40 41 42 43 44 45 46 47 48 49 50 51 52 53 54 55 56 57 58 59</float_array><technique_common><accessor source="#hpl_mixamorigwLeftForeArm-time-array" count="60" stride="1" /></technique_common></source>
      <source id="hpl_mixamorigwLeftForeArm-trans"><float_array id="hpl_mixamorigwLeftForeArm-trans-array" count="180">-8.37625e-07 0.261281 1.67558e-06 -8.37625e-07 0.261281 1.67558e-06 -8.37625e-07 0.261281 1.67558e-06 -8.37625e-07 0.261281 1.67558e-06 -8.37625e-07 0.261281 1.67558e-06 -8.37625e-07 0.261281 1.67558e-06 -8.37625e-07 0.261281 1.67558e-06 -8.37625e-07 0.261281 1.67558e-06 -8.37625e-07 0.261281 1.67558e-06 -8.37625e-07 0.261281 1.67558e-06 -8.37625e-07 0.261281 1.67558e-06 -8.37625e-07 0.261281 1.67558e-06 -8.37625e-07 0.261281 1.67558e-06 -8.37625e-07 0.261281 1.67558e-06 -8.37625e-07 0.261281 1.67558e-06 -8.37625e-07 0.261281 1.67558e-06 -8.37625e-07 0.261281 1.67558e-06 -8.37625e-07 0.261281 1.67558e-06 -8.37625e-07 0.261281 1.67558e-06 -8.37625e-07 0.261281 1.67558e-06 -8.37625e-07 0.261281 1.67558e-06 -8.37625e-07 0.261281 1.67558e-06 -8.37625e-07 0.261281 1.67558e-06 -8.37625e-07 0.261281 1.67558e-06 -8.37625e-07 0.261281 1.67558e-06 -8.37625e-07 0.261281 1.67558e-06 -8.37625e-07 0.261281 1.67558e-06 -8.37625e-07 0.261281 1.67558e-06 -8.37625e-07 0.261281 1.67558e-06 -8.37625e-07 0.261281 1.67558e-06 -8.37625e-07 0.261281 1.67558e-06 -8.37625e-07 0.261281 1.67558e-06 -8.37625e-07 0.261281 1.67558e-06 -8.37625e-07 0.261281 1.67558e-06 -8.37625e-07 0.261281 1.67558e-06 -8.37625e-07 0.261281 1.67558e-06 -8.37625e-07 0.261281 1.67558e-06 -8.37625e-07 0.261281 1.67558e-06 -8.37625e-07 0.261281 1.67558e-06 -8.37625e-07 0.261281 1.67558e-06 -8.37625e-07 0.261281 1.67558e-06 -8.37625e-07 0.261281 1.67558e-06 -8.37625e-07 0.261281 1.67558e-06 -8.37625e-07 0.261281 1.67558e-06 -8.37625e-07 0.261281 1.67558e-06 -8.37625e-07 0.261281 1.67558e-06 -8.37625e-07 0.261281 1.67558e-06 -8.37625e-07 0.261281 1.67558e-06 -8.37625e-07 0.261281 1.67558e-06 -8.37625e-07 0.261281 1.67558e-06 -8.37625e-07 0.261281 1.67558e-06 -8.37625e-07 0.261281 1.67558e-06 -8.37625e-07 0.261281 1.67558e-06 -8.37625e-07 0.261281 1.67558e-06 -8.37625e-07 0.261281 1.67558e-06 -8.37625e-07 0.261281 1.67558e-06 -8.37625e-07 0.261281 1.67558e-06 -8.37625e-07 0.261281 1.67558e-06 -8.37625e-07 0.261281 1.67558e-06 -8.37625e-07 0.261281 1.67558e-06</float_array><technique_common><accessor source="#hpl_mixamorigwLeftForeArm-trans-array" count="60" stride="3" /></technique_common></source>
      <source id="hpl_mixamorigwLeftForeArm-rotz"><float_array id="hpl_mixamorigwLeftForeArm-rotz-array" count="60">30.0757 29.9006 29.7654 29.6713 29.4664 29.0926 28.6372 28.1743 27.7838 27.552 27.454 27.3841 27.4461 27.5736 27.8353 28.1623 28.5387 28.9878 29.536 30.2829 31.1141 31.8573 32.2011 32.2282 32.1726 32.0011 31.7812 31.5295 31.1705 30.7699 30.4174 30.0674 29.613 29.0101 28.3264 27.6703 27.1473 26.7636 26.5682 26.4586 26.4087 26.565 26.8142 26.7329 26.6975 27.1757 28.152 29.3669 30.5923 31.4874 31.997 32.1679 32.1998 32.3815 33.0047 34.1373 35.4979 36.5951 37.0723 36.7457</float_array><technique_common><accessor source="#hpl_mixamorigwLeftForeArm-rotz-array" count="60" stride="1" /></technique_common></source>
      <source id="hpl_mixamorigwLeftForeArm-roty"><float_array id="hpl_mixamorigwLeftForeArm-roty-array" count="60">-16.348 -16.3399 -16.3159 -16.2783 -16.3054 -16.413 -16.5879 -16.748 -16.8883 -16.9872 -17.0473 -17.0915 -17.084 -17.0469 -16.9573 -16.856 -16.721 -16.5237 -16.2543 -15.873 -15.4104 -14.9678 -14.7269 -14.6736 -14.7651 -15.0277 -15.1987 -15.3826 -15.6086 -15.8326 -16.0098 -16.1559 -16.3125 -16.505 -16.7532 -16.9461 -17.1011 -17.1862 -17.2437 -17.2633 -17.2997 -17.2494 -17.2244 -17.2876 -17.2842 -17.0799 -16.671 -16.1389 -15.6325 -15.2292 -14.9698 -14.8488 -14.8953 -14.8945 -14.6501 -14.079 -13.3627 -12.7087 -12.3466 -12.6629</float_array><technique_common><accessor source="#hpl_mixamorigwLeftForeArm-roty-array" count="60" stride="1" /></technique_common></source>
      <source id="hpl_mixamorigwLeftForeArm-rotx"><float_array id="hpl_mixamorigwLeftForeArm-rotx-array" count="60">-24.9407 -24.9071 -24.8567 -24.7873 -24.6373 -24.3365 -24.0156 -23.734 -23.4596 -23.3321 -23.2374 -23.1468 -23.1163 -23.2001 -23.4147 -23.6587 -23.9567 -24.3042 -24.6493 -25.1051 -25.5897 -26.1457 -26.2567 -26.2389 -26.2144 -25.9626 -25.7261 -25.5322 -25.2858 -25.0217 -24.7493 -24.4615 -24.1136 -23.6799 -23.2095 -22.7598 -22.3962 -22.1295 -22.0023 -21.9874 -22.0459 -22.2368 -22.3929 -22.4552 -22.6553 -23.1389 -23.9751 -24.9267 -25.9331 -26.6793 -27.0982 -27.2192 -27.176 -27.1297 -27.3523 -28.0137 -28.9426 -29.6955 -30.0547 -29.8987</float_array><technique_common><accessor source="#hpl_mixamorigwLeftForeArm-rotx-array" count="60" stride="1" /></technique_common></source>
      <sampler id="hpl_mixamorigwLeftForeArm-trans-sampler"><input semantic="INPUT" source="#hpl_mixamorigwLeftForeArm-time" /><input semantic="OUTPUT" source="#hpl_mixamorigwLeftForeArm-trans" /></sampler><channel source="#hpl_mixamorigwLeftForeArm-trans-sampler" target="mixamorigwLeftForeArm/translate" />
      <sampler id="hpl_mixamorigwLeftForeArm-rotz-sampler"><input semantic="INPUT" source="#hpl_mixamorigwLeftForeArm-time" /><input semantic="OUTPUT" source="#hpl_mixamorigwLeftForeArm-rotz" /></sampler><channel source="#hpl_mixamorigwLeftForeArm-rotz-sampler" target="mixamorigwLeftForeArm/rotateZ.ANGLE" />
      <sampler id="hpl_mixamorigwLeftForeArm-roty-sampler"><input semantic="INPUT" source="#hpl_mixamorigwLeftForeArm-time" /><input semantic="OUTPUT" source="#hpl_mixamorigwLeftForeArm-roty" /></sampler><channel source="#hpl_mixamorigwLeftForeArm-roty-sampler" target="mixamorigwLeftForeArm/rotateY.ANGLE" />
      <sampler id="hpl_mixamorigwLeftForeArm-rotx-sampler"><input semantic="INPUT" source="#hpl_mixamorigwLeftForeArm-time" /><input semantic="OUTPUT" source="#hpl_mixamorigwLeftForeArm-rotx" /></sampler><channel source="#hpl_mixamorigwLeftForeArm-rotx-sampler" target="mixamorigwLeftForeArm/rotateX.ANGLE" />
    </animation>
    <animation id="hpl_mixamorigwLeftHand">
      <source id="hpl_mixamorigwLeftHand-time"><float_array id="hpl_mixamorigwLeftHand-time-array" count="60">0 1 2 3 4 5 6 7 8 9 10 11 12 13 14 15 16 17 18 19 20 21 22 23 24 25 26 27 28 29 30 31 32 33 34 35 36 37 38 39 40 41 42 43 44 45 46 47 48 49 50 51 52 53 54 55 56 57 58 59</float_array><technique_common><accessor source="#hpl_mixamorigwLeftHand-time-array" count="60" stride="1" /></technique_common></source>
      <source id="hpl_mixamorigwLeftHand-trans"><float_array id="hpl_mixamorigwLeftHand-trans-array" count="180">-1.37793e-06 0.258002 -5.75736e-06 -1.37793e-06 0.258002 -5.75736e-06 -1.37793e-06 0.258002 -5.75736e-06 -1.37793e-06 0.258002 -5.75736e-06 -1.37793e-06 0.258002 -5.75736e-06 -1.37793e-06 0.258002 -5.75736e-06 -1.37793e-06 0.258002 -5.75736e-06 -1.37793e-06 0.258002 -5.75736e-06 -1.37793e-06 0.258002 -5.75736e-06 -1.37793e-06 0.258002 -5.75736e-06 -1.37793e-06 0.258002 -5.75736e-06 -1.37793e-06 0.258002 -5.75736e-06 -1.37793e-06 0.258002 -5.75736e-06 -1.37793e-06 0.258002 -5.75736e-06 -1.37793e-06 0.258002 -5.75736e-06 -1.37793e-06 0.258002 -5.75736e-06 -1.37793e-06 0.258002 -5.75736e-06 -1.37793e-06 0.258002 -5.75736e-06 -1.37793e-06 0.258002 -5.75736e-06 -1.37793e-06 0.258002 -5.75736e-06 -1.37793e-06 0.258002 -5.75736e-06 -1.37793e-06 0.258002 -5.75736e-06 -1.37793e-06 0.258002 -5.75736e-06 -1.37793e-06 0.258002 -5.75736e-06 -1.37793e-06 0.258002 -5.75736e-06 -1.37793e-06 0.258002 -5.75736e-06 -1.37793e-06 0.258002 -5.75736e-06 -1.37793e-06 0.258002 -5.75736e-06 -1.37793e-06 0.258002 -5.75736e-06 -1.37793e-06 0.258002 -5.75736e-06 -1.37793e-06 0.258002 -5.75736e-06 -1.37793e-06 0.258002 -5.75736e-06 -1.37793e-06 0.258002 -5.75736e-06 -1.37793e-06 0.258002 -5.75736e-06 -1.37793e-06 0.258002 -5.75736e-06 -1.37793e-06 0.258002 -5.75736e-06 -1.37793e-06 0.258002 -5.75736e-06 -1.37793e-06 0.258002 -5.75736e-06 -1.37793e-06 0.258002 -5.75736e-06 -1.37793e-06 0.258002 -5.75736e-06 -1.37793e-06 0.258002 -5.75736e-06 -1.37793e-06 0.258002 -5.75736e-06 -1.37793e-06 0.258002 -5.75736e-06 -1.37793e-06 0.258002 -5.75736e-06 -1.37793e-06 0.258002 -5.75736e-06 -1.37793e-06 0.258002 -5.75736e-06 -1.37793e-06 0.258002 -5.75736e-06 -1.37793e-06 0.258002 -5.75736e-06 -1.37793e-06 0.258002 -5.75736e-06 -1.37793e-06 0.258002 -5.75736e-06 -1.37793e-06 0.258002 -5.75736e-06 -1.37793e-06 0.258002 -5.75736e-06 -1.37793e-06 0.258002 -5.75736e-06 -1.37793e-06 0.258002 -5.75736e-06 -1.37793e-06 0.258002 -5.75736e-06 -1.37793e-06 0.258002 -5.75736e-06 -1.37793e-06 0.258002 -5.75736e-06 -1.37793e-06 0.258002 -5.75736e-06 -1.37793e-06 0.258002 -5.75736e-06 -1.37793e-06 0.258002 -5.75736e-06</float_array><technique_common><accessor source="#hpl_mixamorigwLeftHand-trans-array" count="60" stride="3" /></technique_common></source>
      <source id="hpl_mixamorigwLeftHand-rotz"><float_array id="hpl_mixamorigwLeftHand-rotz-array" count="60">53.5198 53.6558 53.7569 53.7865 53.7993 53.7746 53.6944 53.521 53.4535 53.2705 53.1648 53.1463 53.062 53.0365 52.8092 52.589 52.3907 52.1853 52.1338 52.3458 52.9354 53.5688 54.1916 54.5005 54.5414 54.5483 54.5024 54.4515 54.4511 54.3951 54.302 54.1348 53.9234 53.6888 53.4926 53.4013 53.4008 53.4809 53.5872 53.752 53.9207 53.8799 53.8367 53.5209 53.1993 53.1126 53.2811 53.5439 53.7286 53.8005 53.862 53.9054 53.9358 54.0111 54.1632 54.3542 54.5304 54.5694 54.4283 54.1578</float_array><technique_common><accessor source="#hpl_mixamorigwLeftHand-rotz-array" count="60" stride="1" /></technique_common></source>
      <source id="hpl_mixamorigwLeftHand-roty"><float_array id="hpl_mixamorigwLeftHand-roty-array" count="60">-3.4486 -3.51728 -3.42583 -3.22829 -3.04275 -2.83295 -2.56361 -2.31142 -1.9076 -1.58921 -1.23711 -0.833405 -0.524425 -0.112011 0.0543391 0.197781 0.243219 0.0774259 -0.263028 -0.623864 -0.791987 -1.05003 -0.810556 -0.496793 -0.257654 -0.133545 -0.0631695 -0.275406 -0.427112 -0.428442 -0.35249 -0.385196 -0.528209 -0.670764 -0.796665 -0.957025 -1.16721 -1.32191 -1.50355 -1.76448 -1.95208 -2.28258 -2.41048 -2.48162 -2.8854 -3.60544 -4.22258 -4.64658 -4.73756 -4.52237 -4.22787 -3.89708 -3.37729 -2.69583 -2.19785 -2.25851 -2.85589 -3.60392 -4.22614 -4.74104</float_array><technique_common><accessor source="#hpl_mixamorigwLeftHand-roty-array" count="60" stride="1" /></technique_common></source>
      <source id="hpl_mixamorigwLeftHand-rotx"><float_array id="hpl_mixamorigwLeftHand-rotx-array" count="60">29.1181 29.4337 30.095 30.7965 31.2391 31.4639 31.6303 31.6966 31.8804 31.881 31.9441 32.0418 31.9993 32.0113 31.6481 31.2411 30.8951 30.6241 30.6215 30.8477 31.4851 32.0728 32.7046 33.0196 32.9686 32.9406 32.6372 32.4233 32.2582 32.0637 31.7806 31.3793 30.9269 30.5195 30.1384 29.7114 29.2162 28.7765 28.3218 27.8407 27.6141 27.5877 27.2854 26.9204 26.408 25.9776 25.7464 25.2305 24.5136 23.9978 23.4403 22.8741 22.8514 23.4325 24.1799 24.557 24.3452 23.7809 23.2784 23.3228</float_array><technique_common><accessor source="#hpl_mixamorigwLeftHand-rotx-array" count="60" stride="1" /></technique_common></source>
      <sampler id="hpl_mixamorigwLeftHand-trans-sampler"><input semantic="INPUT" source="#hpl_mixamorigwLeftHand-time" /><input semantic="OUTPUT" source="#hpl_mixamorigwLeftHand-trans" /></sampler><channel source="#hpl_mixamorigwLeftHand-trans-sampler" target="mixamorigwLeftHand/translate" />
      <sampler id="hpl_mixamorigwLeftHand-rotz-sampler"><input semantic="INPUT" source="#hpl_mixamorigwLeftHand-time" /><input semantic="OUTPUT" source="#hpl_mixamorigwLeftHand-rotz" /></sampler><channel source="#hpl_mixamorigwLeftHand-rotz-sampler" target="mixamorigwLeftHand/rotateZ.ANGLE" />
      <sampler id="hpl_mixamorigwLeftHand-roty-sampler"><input semantic="INPUT" source="#hpl_mixamorigwLeftHand-time" /><input semantic="OUTPUT" source="#hpl_mixamorigwLeftHand-roty" /></sampler><channel source="#hpl_mixamorigwLeftHand-roty-sampler" target="mixamorigwLeftHand/rotateY.ANGLE" />
      <sampler id="hpl_mixamorigwLeftHand-rotx-sampler"><input semantic="INPUT" source="#hpl_mixamorigwLeftHand-time" /><input semantic="OUTPUT" source="#hpl_mixamorigwLeftHand-rotx" /></sampler><channel source="#hpl_mixamorigwLeftHand-rotx-sampler" target="mixamorigwLeftHand/rotateX.ANGLE" />
    </animation>
    <animation id="hpl_mixamorigwRightShoulder">
      <source id="hpl_mixamorigwRightShoulder-time"><float_array id="hpl_mixamorigwRightShoulder-time-array" count="60">0 1 2 3 4 5 6 7 8 9 10 11 12 13 14 15 16 17 18 19 20 21 22 23 24 25 26 27 28 29 30 31 32 33 34 35 36 37 38 39 40 41 42 43 44 45 46 47 48 49 50 51 52 53 54 55 56 57 58 59</float_array><technique_common><accessor source="#hpl_mixamorigwRightShoulder-time-array" count="60" stride="1" /></technique_common></source>
      <source id="hpl_mixamorigwRightShoulder-trans"><float_array id="hpl_mixamorigwRightShoulder-trans-array" count="180">-0.0439173 0.0686331 -0.00410229 -0.0439173 0.0686331 -0.00410229 -0.0439173 0.0686331 -0.00410229 -0.0439173 0.0686331 -0.00410229 -0.0439173 0.0686331 -0.00410229 -0.0439173 0.0686331 -0.00410229 -0.0439173 0.0686331 -0.00410229 -0.0439173 0.0686331 -0.00410229 -0.0439173 0.0686331 -0.00410229 -0.0439173 0.0686331 -0.00410229 -0.0439173 0.0686331 -0.00410229 -0.0439173 0.0686331 -0.00410229 -0.0439173 0.0686331 -0.00410229 -0.0439173 0.0686331 -0.00410229 -0.0439173 0.0686331 -0.00410229 -0.0439173 0.0686331 -0.00410229 -0.0439173 0.0686331 -0.00410229 -0.0439173 0.0686331 -0.00410229 -0.0439173 0.0686331 -0.00410229 -0.0439173 0.0686331 -0.00410229 -0.0439173 0.0686331 -0.00410229 -0.0439173 0.0686331 -0.00410229 -0.0439173 0.0686331 -0.00410229 -0.0439173 0.0686331 -0.00410229 -0.0439173 0.0686331 -0.00410229 -0.0439173 0.0686331 -0.00410229 -0.0439173 0.0686331 -0.00410229 -0.0439173 0.0686331 -0.00410229 -0.0439173 0.0686331 -0.00410229 -0.0439173 0.0686331 -0.00410229 -0.0439173 0.0686331 -0.00410229 -0.0439173 0.0686331 -0.00410229 -0.0439173 0.0686331 -0.00410229 -0.0439173 0.0686331 -0.00410229 -0.0439173 0.0686331 -0.00410229 -0.0439173 0.0686331 -0.00410229 -0.0439173 0.0686331 -0.00410229 -0.0439173 0.0686331 -0.00410229 -0.0439173 0.0686331 -0.00410229 -0.0439173 0.0686331 -0.00410229 -0.0439173 0.0686331 -0.00410229 -0.0439173 0.0686331 -0.00410229 -0.0439173 0.0686331 -0.00410229 -0.0439173 0.0686331 -0.00410229 -0.0439173 0.0686331 -0.00410229 -0.0439173 0.0686331 -0.00410229 -0.0439173 0.0686331 -0.00410229 -0.0439173 0.0686331 -0.00410229 -0.0439173 0.0686331 -0.00410229 -0.0439173 0.0686331 -0.00410229 -0.0439173 0.0686331 -0.00410229 -0.0439173 0.0686331 -0.00410229 -0.0439173 0.0686331 -0.00410229 -0.0439173 0.0686331 -0.00410229 -0.0439173 0.0686331 -0.00410229 -0.0439173 0.0686331 -0.00410229 -0.0439173 0.0686331 -0.00410229 -0.0439173 0.0686331 -0.00410229 -0.0439173 0.0686331 -0.00410229 -0.0439173 0.0686331 -0.00410229</float_array><technique_common><accessor source="#hpl_mixamorigwRightShoulder-trans-array" count="60" stride="3" /></technique_common></source>
      <source id="hpl_mixamorigwRightShoulder-rotz"><float_array id="hpl_mixamorigwRightShoulder-rotz-array" count="60">-107.316 -107.27 -107.207 -107.218 -107.359 -107.603 -107.868 -107.999 -108.149 -108.59 -109.048 -109.581 -109.979 -110.59 -110.78 -110.653 -110.277 -109.82 -109.681 -109.395 -108.943 -109.085 -109.291 -109.266 -108.829 -108.086 -107.436 -106.641 -106.086 -105.597 -105.331 -105.21 -105.355 -105.611 -105.955 -106.161 -106.347 -106.496 -106.692 -106.889 -107.009 -106.746 -106.671 -106.485 -106.625 -106.646 -106.508 -106.348 -106.372 -106.657 -106.936 -107.26 -107.328 -107.327 -107.282 -106.973 -106.452 -105.809 -104.965 -104.383</float_array><technique_common><accessor source="#hpl_mixamorigwRightShoulder-rotz-array" count="60" stride="1" /></technique_common></source>
      <source id="hpl_mixamorigwRightShoulder-roty"><float_array id="hpl_mixamorigwRightShoulder-roty-array" count="60">-67.5544 -67.5853 -67.5866 -67.5727 -67.5613 -67.5316 -67.4678 -67.3466 -67.2641 -67.1583 -67.0271 -66.916 -66.8568 -66.9485 -67.0312 -67.1594 -67.3314 -67.5397 -67.7621 -67.8683 -67.9758 -68.0025 -68.0508 -68.1282 -68.2174 -68.2732 -68.4504 -68.6217 -68.7524 -68.8258 -68.7075 -68.5762 -68.4785 -68.3954 -68.3011 -68.1987 -68.0602 -67.9339 -67.828 -67.7426 -67.618 -67.4568 -67.3382 -67.2222 -67.189 -67.037 -66.8245 -66.6058 -66.4445 -66.3634 -66.3032 -66.3551 -66.3888 -66.5114 -66.6914 -66.8507 -66.9876 -67.1139 -67.1084 -67.1558</float_array><technique_common><accessor source="#hpl_mixamorigwRightShoulder-roty-array" count="60" stride="1" /></technique_common></source>
      <source id="hpl_mixamorigwRightShoulder-rotx"><float_array id="hpl_mixamorigwRightShoulder-rotx-array" count="60">-147.151 -147.263 -147.366 -147.385 -147.228 -146.979 -146.744 -146.68 -146.622 -146.292 -145.955 -145.568 -145.333 -144.971 -145.078 -145.621 -146.504 -147.491 -148.18 -148.902 -149.458 -148.791 -147.646 -147.147 -147.216 -147.675 -148.368 -149.311 -149.953 -150.527 -150.914 -151.149 -151.152 -151.047 -150.798 -150.599 -150.374 -150.125 -149.768 -149.372 -148.958 -148.712 -148.089 -147.714 -147.367 -147.23 -147.238 -147.464 -147.846 -148.088 -148.263 -148.338 -148.608 -149.012 -149.495 -150.249 -151.122 -152.012 -152.961 -153.288</float_array><technique_common><accessor source="#hpl_mixamorigwRightShoulder-rotx-array" count="60" stride="1" /></technique_common></source>
      <sampler id="hpl_mixamorigwRightShoulder-trans-sampler"><input semantic="INPUT" source="#hpl_mixamorigwRightShoulder-time" /><input semantic="OUTPUT" source="#hpl_mixamorigwRightShoulder-trans" /></sampler><channel source="#hpl_mixamorigwRightShoulder-trans-sampler" target="mixamorigwRightShoulder/translate" />
      <sampler id="hpl_mixamorigwRightShoulder-rotz-sampler"><input semantic="INPUT" source="#hpl_mixamorigwRightShoulder-time" /><input semantic="OUTPUT" source="#hpl_mixamorigwRightShoulder-rotz" /></sampler><channel source="#hpl_mixamorigwRightShoulder-rotz-sampler" target="mixamorigwRightShoulder/rotateZ.ANGLE" />
      <sampler id="hpl_mixamorigwRightShoulder-roty-sampler"><input semantic="INPUT" source="#hpl_mixamorigwRightShoulder-time" /><input semantic="OUTPUT" source="#hpl_mixamorigwRightShoulder-roty" /></sampler><channel source="#hpl_mixamorigwRightShoulder-roty-sampler" target="mixamorigwRightShoulder/rotateY.ANGLE" />
      <sampler id="hpl_mixamorigwRightShoulder-rotx-sampler"><input semantic="INPUT" source="#hpl_mixamorigwRightShoulder-time" /><input semantic="OUTPUT" source="#hpl_mixamorigwRightShoulder-rotx" /></sampler><channel source="#hpl_mixamorigwRightShoulder-rotx-sampler" target="mixamorigwRightShoulder/rotateX.ANGLE" />
    </animation>
    <animation id="hpl_mixamorigwRightArm">
      <source id="hpl_mixamorigwRightArm-time"><float_array id="hpl_mixamorigwRightArm-time-array" count="60">0 1 2 3 4 5 6 7 8 9 10 11 12 13 14 15 16 17 18 19 20 21 22 23 24 25 26 27 28 29 30 31 32 33 34 35 36 37 38 39 40 41 42 43 44 45 46 47 48 49 50 51 52 53 54 55 56 57 58 59</float_array><technique_common><accessor source="#hpl_mixamorigwRightArm-time-array" count="60" stride="1" /></technique_common></source>
      <source id="hpl_mixamorigwRightArm-trans"><float_array id="hpl_mixamorigwRightArm-trans-array" count="180">-5.30068e-07 0.177733 9.96871e-07 -5.30068e-07 0.177733 9.96871e-07 -5.30068e-07 0.177733 9.96871e-07 -5.30068e-07 0.177733 9.96871e-07 -5.30068e-07 0.177733 9.96871e-07 -5.30068e-07 0.177733 9.96871e-07 -5.30068e-07 0.177733 9.96871e-07 -5.30068e-07 0.177733 9.96871e-07 -5.30068e-07 0.177733 9.96871e-07 -5.30068e-07 0.177733 9.96871e-07 -5.30068e-07 0.177733 9.96871e-07 -5.30068e-07 0.177733 9.96871e-07 -5.30068e-07 0.177733 9.96871e-07 -5.30068e-07 0.177733 9.96871e-07 -5.30068e-07 0.177733 9.96871e-07 -5.30068e-07 0.177733 9.96871e-07 -5.30068e-07 0.177733 9.96871e-07 -5.30068e-07 0.177733 9.96871e-07 -5.30068e-07 0.177733 9.96871e-07 -5.30068e-07 0.177733 9.96871e-07 -5.30068e-07 0.177733 9.96871e-07 -5.30068e-07 0.177733 9.96871e-07 -5.30068e-07 0.177733 9.96871e-07 -5.30068e-07 0.177733 9.96871e-07 -5.30068e-07 0.177733 9.96871e-07 -5.30068e-07 0.177733 9.96871e-07 -5.30068e-07 0.177733 9.96871e-07 -5.30068e-07 0.177733 9.96871e-07 -5.30068e-07 0.177733 9.96871e-07 -5.30068e-07 0.177733 9.96871e-07 -5.30068e-07 0.177733 9.96871e-07 -5.30068e-07 0.177733 9.96871e-07 -5.30068e-07 0.177733 9.96871e-07 -5.30068e-07 0.177733 9.96871e-07 -5.30068e-07 0.177733 9.96871e-07 -5.30068e-07 0.177733 9.96871e-07 -5.30068e-07 0.177733 9.96871e-07 -5.30068e-07 0.177733 9.96871e-07 -5.30068e-07 0.177733 9.96871e-07 -5.30068e-07 0.177733 9.96871e-07 -5.30068e-07 0.177733 9.96871e-07 -5.30068e-07 0.177733 9.96871e-07 -5.30068e-07 0.177733 9.96871e-07 -5.30068e-07 0.177733 9.96871e-07 -5.30068e-07 0.177733 9.96871e-07 -5.30068e-07 0.177733 9.96871e-07 -5.30068e-07 0.177733 9.96871e-07 -5.30068e-07 0.177733 9.96871e-07 -5.30068e-07 0.177733 9.96871e-07 -5.30068e-07 0.177733 9.96871e-07 -5.30068e-07 0.177733 9.96871e-07 -5.30068e-07 0.177733 9.96871e-07 -5.30068e-07 0.177733 9.96871e-07 -5.30068e-07 0.177733 9.96871e-07 -5.30068e-07 0.177733 9.96871e-07 -5.30068e-07 0.177733 9.96871e-07 -5.30068e-07 0.177733 9.96871e-07 -5.30068e-07 0.177733 9.96871e-07 -5.30068e-07 0.177733 9.96871e-07 -5.30068e-07 0.177733 9.96871e-07</float_array><technique_common><accessor source="#hpl_mixamorigwRightArm-trans-array" count="60" stride="3" /></technique_common></source>
      <source id="hpl_mixamorigwRightArm-rotz"><float_array id="hpl_mixamorigwRightArm-rotz-array" count="60">-85.9761 -86.1098 -86.3122 -86.3666 -86.3352 -86.3108 -86.3363 -86.4187 -86.5451 -86.9575 -87.4676 -87.9715 -88.4079 -88.7603 -88.8726 -88.915 -88.9415 -89.005 -89.2765 -89.5856 -89.6971 -89.5748 -88.5051 -87.2123 -86.0906 -85.1893 -84.7822 -84.4905 -84.1562 -83.7411 -83.2773 -82.8984 -82.6759 -82.3737 -81.9985 -81.5151 -80.9088 -80.2979 -79.8406 -79.4253 -78.909 -78.5458 -78.8589 -79.358 -80.3284 -81.364 -82.27 -83.2014 -83.8184 -84.5483 -84.9375 -85.6645 -85.9306 -86.1373 -86.3674 -86.5195 -86.6093 -86.6921 -86.6887 -86.3081</float_array><technique_common><accessor source="#hpl_mixamorigwRightArm-rotz-array" count="60" stride="1" /></technique_common></source>
      <source id="hpl_mixamorigwRightArm-roty"><float_array id="hpl_mixamorigwRightArm-roty-array" count="60">-34.2991 -34.2172 -34.1342 -34.0236 -33.8986 -33.7256 -33.5198 -33.3013 -33.125 -33.0528 -33.0306 -33.036 -33.0442 -33.0573 -32.9612 -32.7403 -32.4904 -32.288 -32.1511 -32.2197 -32.7058 -33.5261 -33.8557 -33.4656 -32.8531 -32.0952 -31.2594 -30.542 -30.0937 -29.8917 -29.7826 -29.7896 -29.8236 -29.8574 -29.9371 -30.0732 -30.232 -30.4459 -30.741 -31.0642 -31.3653 -31.8097 -32.4098 -33.0414 -33.396 -33.6322 -33.8402 -33.884 -33.5995 -33.2599 -32.9118 -32.8283 -32.7469 -32.7389 -32.7908 -32.8461 -33.0119 -33.3034 -33.7895 -34.5419</float_array><technique_common><accessor source="#hpl_mixamorigwRightArm-roty-array" count="60" stride="1" /></technique_common></source>
      <source id="hpl_mixamorigwRightArm-rotx"><float_array id="hpl_mixamorigwRightArm-rotx-array" count="60">73.2236 73.1762 73.1427 72.9716 72.8098 72.7996 72.9312 73.1054 73.4489 73.9439 74.5306 75.2033 75.8524 76.5794 76.9872 77.192 77.1796 77.0178 76.8732 76.5773 76.1524 75.4685 74.4437 73.4758 72.6163 71.8735 71.4412 71.1979 71.0298 70.8459 70.5924 70.455 70.527 70.6452 70.7182 70.732 70.6565 70.5927 70.5567 70.5713 70.4705 70.3574 70.6025 70.7937 71.3274 71.8325 72.2234 72.5295 72.6783 72.9079 73.0231 73.4612 73.8281 74.263 74.7704 75.1356 75.2936 75.2461 74.8614 74.1693</float_array><technique_common><accessor source="#hpl_mixamorigwRightArm-rotx-array" count="60" stride="1" /></technique_common></source>
      <sampler id="hpl_mixamorigwRightArm-trans-sampler"><input semantic="INPUT" source="#hpl_mixamorigwRightArm-time" /><input semantic="OUTPUT" source="#hpl_mixamorigwRightArm-trans" /></sampler><channel source="#hpl_mixamorigwRightArm-trans-sampler" target="mixamorigwRightArm/translate" />
      <sampler id="hpl_mixamorigwRightArm-rotz-sampler"><input semantic="INPUT" source="#hpl_mixamorigwRightArm-time" /><input semantic="OUTPUT" source="#hpl_mixamorigwRightArm-rotz" /></sampler><channel source="#hpl_mixamorigwRightArm-rotz-sampler" target="mixamorigwRightArm/rotateZ.ANGLE" />
      <sampler id="hpl_mixamorigwRightArm-roty-sampler"><input semantic="INPUT" source="#hpl_mixamorigwRightArm-time" /><input semantic="OUTPUT" source="#hpl_mixamorigwRightArm-roty" /></sampler><channel source="#hpl_mixamorigwRightArm-roty-sampler" target="mixamorigwRightArm/rotateY.ANGLE" />
      <sampler id="hpl_mixamorigwRightArm-rotx-sampler"><input semantic="INPUT" source="#hpl_mixamorigwRightArm-time" /><input semantic="OUTPUT" source="#hpl_mixamorigwRightArm-rotx" /></sampler><channel source="#hpl_mixamorigwRightArm-rotx-sampler" target="mixamorigwRightArm/rotateX.ANGLE" />
    </animation>
    <animation id="hpl_mixamorigwRightForeArm">
      <source id="hpl_mixamorigwRightForeArm-time"><float_array id="hpl_mixamorigwRightForeArm-time-array" count="60">0 1 2 3 4 5 6 7 8 9 10 11 12 13 14 15 16 17 18 19 20 21 22 23 24 25 26 27 28 29 30 31 32 33 34 35 36 37 38 39 40 41 42 43 44 45 46 47 48 49 50 51 52 53 54 55 56 57 58 59</float_array><technique_common><accessor source="#hpl_mixamorigwRightForeArm-time-array" count="60" stride="1" /></technique_common></source>
      <source id="hpl_mixamorigwRightForeArm-trans"><float_array id="hpl_mixamorigwRightForeArm-trans-array" count="180">-7.81035e-07 0.24803 -3.7329e-06 -7.81035e-07 0.24803 -3.7329e-06 -7.81035e-07 0.24803 -3.7329e-06 -7.81035e-07 0.24803 -3.7329e-06 -7.81035e-07 0.24803 -3.7329e-06 -7.81035e-07 0.24803 -3.7329e-06 -7.81035e-07 0.24803 -3.7329e-06 -7.81035e-07 0.24803 -3.7329e-06 -7.81035e-07 0.24803 -3.7329e-06 -7.81035e-07 0.24803 -3.7329e-06 -7.81035e-07 0.24803 -3.7329e-06 -7.81035e-07 0.24803 -3.7329e-06 -7.81035e-07 0.24803 -3.7329e-06 -7.81035e-07 0.24803 -3.7329e-06 -7.81035e-07 0.24803 -3.7329e-06 -7.81035e-07 0.24803 -3.7329e-06 -7.81035e-07 0.24803 -3.7329e-06 -7.81035e-07 0.24803 -3.7329e-06 -7.81035e-07 0.24803 -3.7329e-06 -7.81035e-07 0.24803 -3.7329e-06 -7.81035e-07 0.24803 -3.7329e-06 -7.81035e-07 0.24803 -3.7329e-06 -7.81035e-07 0.24803 -3.7329e-06 -7.81035e-07 0.24803 -3.7329e-06 -7.81035e-07 0.24803 -3.7329e-06 -7.81035e-07 0.24803 -3.7329e-06 -7.81035e-07 0.24803 -3.7329e-06 -7.81035e-07 0.24803 -3.7329e-06 -7.81035e-07 0.24803 -3.7329e-06 -7.81035e-07 0.24803 -3.7329e-06 -7.81035e-07 0.24803 -3.7329e-06 -7.81035e-07 0.24803 -3.7329e-06 -7.81035e-07 0.24803 -3.7329e-06 -7.81035e-07 0.24803 -3.7329e-06 -7.81035e-07 0.24803 -3.7329e-06 -7.81035e-07 0.24803 -3.7329e-06 -7.81035e-07 0.24803 -3.7329e-06 -7.81035e-07 0.24803 -3.7329e-06 -7.81035e-07 0.24803 -3.7329e-06 -7.81035e-07 0.24803 -3.7329e-06 -7.81035e-07 0.24803 -3.7329e-06 -7.81035e-07 0.24803 -3.7329e-06 -7.81035e-07 0.24803 -3.7329e-06 -7.81035e-07 0.24803 -3.7329e-06 -7.81035e-07 0.24803 -3.7329e-06 -7.81035e-07 0.24803 -3.7329e-06 -7.81035e-07 0.24803 -3.7329e-06 -7.81035e-07 0.24803 -3.7329e-06 -7.81035e-07 0.24803 -3.7329e-06 -7.81035e-07 0.24803 -3.7329e-06 -7.81035e-07 0.24803 -3.7329e-06 -7.81035e-07 0.24803 -3.7329e-06 -7.81035e-07 0.24803 -3.7329e-06 -7.81035e-07 0.24803 -3.7329e-06 -7.81035e-07 0.24803 -3.7329e-06 -7.81035e-07 0.24803 -3.7329e-06 -7.81035e-07 0.24803 -3.7329e-06 -7.81035e-07 0.24803 -3.7329e-06 -7.81035e-07 0.24803 -3.7329e-06 -7.81035e-07 0.24803 -3.7329e-06</float_array><technique_common><accessor source="#hpl_mixamorigwRightForeArm-trans-array" count="60" stride="3" /></technique_common></source>
      <source id="hpl_mixamorigwRightForeArm-rotz"><float_array id="hpl_mixamorigwRightForeArm-rotz-array" count="60">-30.7458 -30.7111 -30.5914 -30.5177 -30.4159 -30.2734 -30.0153 -29.5965 -29.028 -28.3965 -27.7372 -27.0643 -26.4241 -25.8694 -25.2642 -24.7166 -24.3652 -24.2874 -24.4781 -24.8375 -25.5552 -26.4025 -26.763 -26.9153 -26.971 -26.8703 -26.8769 -27.0981 -27.3513 -27.5348 -27.6169 -27.5201 -27.2804 -27.0279 -26.7698 -26.5425 -26.4097 -26.3599 -26.368 -26.4733 -26.5976 -26.7067 -26.6908 -26.4741 -26.2556 -26.2425 -26.4282 -26.6834 -26.9462 -27.1499 -27.2977 -27.3709 -27.4091 -27.338 -27.1057 -26.7191 -26.2811 -25.8877 -25.7791 -25.8832</float_array><technique_common><accessor source="#hpl_mixamorigwRightForeArm-rotz-array" count="60" stride="1" /></technique_common></source>
      <source id="hpl_mixamorigwRightForeArm-roty"><float_array id="hpl_mixamorigwRightForeArm-roty-array" count="60">19.2129 19.2077 19.2615 19.3198 19.3998 19.4712 19.5736 19.7177 19.954 20.203 20.4832 20.7121 20.9084 21.0875 21.2885 21.4547 21.5976 21.6755 21.6415 21.4802 21.2417 20.9541 20.7828 20.6529 20.5804 20.6252 20.6605 20.6394 20.5942 20.5571 20.5693 20.6495 20.7759 20.8573 20.9421 20.9779 20.9965 21.0073 21.0127 20.9754 20.9437 20.9597 20.9254 20.9736 20.9965 20.926 20.8167 20.7091 20.6031 20.4929 20.3934 20.2783 20.2466 20.2982 20.4124 20.616 20.8754 21.1188 21.2844 21.2706</float_array><technique_common><accessor source="#hpl_mixamorigwRightForeArm-roty-array" count="60" stride="1" /></technique_common></source>
      <source id="hpl_mixamorigwRightForeArm-rotx"><float_array id="hpl_mixamorigwRightForeArm-rotx-array" count="60">-25.5068 -25.6064 -25.7151 -25.709 -25.6406 -25.5996 -25.4721 -25.159 -24.7534 -24.2617 -23.7267 -23.2026 -22.6924 -22.3005 -21.8185 -21.3847 -21.0726 -20.9571 -21.0924 -21.4215 -21.9851 -22.6079 -22.7958 -22.8668 -22.8789 -22.7846 -22.6618 -22.7397 -22.9025 -22.9976 -23.0424 -22.9229 -22.7209 -22.5198 -22.3241 -22.2269 -22.1919 -22.2146 -22.2555 -22.3302 -22.338 -22.3169 -22.4737 -22.3687 -22.256 -22.2622 -22.4029 -22.5798 -22.7674 -23.0031 -23.1654 -23.4256 -23.5428 -23.4968 -23.2926 -22.9723 -22.5892 -22.2169 -22.0163 -21.9931</float_array><technique_common><accessor source="#hpl_mixamorigwRightForeArm-rotx-array" count="60" stride="1" /></technique_common></source>
      <sampler id="hpl_mixamorigwRightForeArm-trans-sampler"><input semantic="INPUT" source="#hpl_mixamorigwRightForeArm-time" /><input semantic="OUTPUT" source="#hpl_mixamorigwRightForeArm-trans" /></sampler><channel source="#hpl_mixamorigwRightForeArm-trans-sampler" target="mixamorigwRightForeArm/translate" />
      <sampler id="hpl_mixamorigwRightForeArm-rotz-sampler"><input semantic="INPUT" source="#hpl_mixamorigwRightForeArm-time" /><input semantic="OUTPUT" source="#hpl_mixamorigwRightForeArm-rotz" /></sampler><channel source="#hpl_mixamorigwRightForeArm-rotz-sampler" target="mixamorigwRightForeArm/rotateZ.ANGLE" />
      <sampler id="hpl_mixamorigwRightForeArm-roty-sampler"><input semantic="INPUT" source="#hpl_mixamorigwRightForeArm-time" /><input semantic="OUTPUT" source="#hpl_mixamorigwRightForeArm-roty" /></sampler><channel source="#hpl_mixamorigwRightForeArm-roty-sampler" target="mixamorigwRightForeArm/rotateY.ANGLE" />
      <sampler id="hpl_mixamorigwRightForeArm-rotx-sampler"><input semantic="INPUT" source="#hpl_mixamorigwRightForeArm-time" /><input semantic="OUTPUT" source="#hpl_mixamorigwRightForeArm-rotx" /></sampler><channel source="#hpl_mixamorigwRightForeArm-rotx-sampler" target="mixamorigwRightForeArm/rotateX.ANGLE" />
    </animation>
    <animation id="hpl_mixamorigwRightHand">
      <source id="hpl_mixamorigwRightHand-time"><float_array id="hpl_mixamorigwRightHand-time-array" count="60">0 1 2 3 4 5 6 7 8 9 10 11 12 13 14 15 16 17 18 19 20 21 22 23 24 25 26 27 28 29 30 31 32 33 34 35 36 37 38 39 40 41 42 43 44 45 46 47 48 49 50 51 52 53 54 55 56 57 58 59</float_array><technique_common><accessor source="#hpl_mixamorigwRightHand-time-array" count="60" stride="1" /></technique_common></source>
      <source id="hpl_mixamorigwRightHand-trans"><float_array id="hpl_mixamorigwRightHand-trans-array" count="180">-6.22625e-07 0.252615 3.75699e-06 -6.22625e-07 0.252615 3.75699e-06 -6.22625e-07 0.252615 3.75699e-06 -6.22625e-07 0.252615 3.75699e-06 -6.22625e-07 0.252615 3.75699e-06 -6.22625e-07 0.252615 3.75699e-06 -6.22625e-07 0.252615 3.75699e-06 -6.22625e-07 0.252615 3.75699e-06 -6.22625e-07 0.252615 3.75699e-06 -6.22625e-07 0.252615 3.75699e-06 -6.22625e-07 0.252615 3.75699e-06 -6.22625e-07 0.252615 3.75699e-06 -6.22625e-07 0.252615 3.75699e-06 -6.22625e-07 0.252615 3.75699e-06 -6.22625e-07 0.252615 3.75699e-06 -6.22625e-07 0.252615 3.75699e-06 -6.22625e-07 0.252615 3.75699e-06 -6.22625e-07 0.252615 3.75699e-06 -6.22625e-07 0.252615 3.75699e-06 -6.22625e-07 0.252615 3.75699e-06 -6.22625e-07 0.252615 3.75699e-06 -6.22625e-07 0.252615 3.75699e-06 -6.22625e-07 0.252615 3.75699e-06 -6.22625e-07 0.252615 3.75699e-06 -6.22625e-07 0.252615 3.75699e-06 -6.22625e-07 0.252615 3.75699e-06 -6.22625e-07 0.252615 3.75699e-06 -6.22625e-07 0.252615 3.75699e-06 -6.22625e-07 0.252615 3.75699e-06 -6.22625e-07 0.252615 3.75699e-06 -6.22625e-07 0.252615 3.75699e-06 -6.22625e-07 0.252615 3.75699e-06 -6.22625e-07 0.252615 3.75699e-06 -6.22625e-07 0.252615 3.75699e-06 -6.22625e-07 0.252615 3.75699e-06 -6.22625e-07 0.252615 3.75699e-06 -6.22625e-07 0.252615 3.75699e-06 -6.22625e-07 0.252615 3.75699e-06 -6.22625e-07 0.252615 3.75699e-06 -6.22625e-07 0.252615 3.75699e-06 -6.22625e-07 0.252615 3.75699e-06 -6.22625e-07 0.252615 3.75699e-06 -6.22625e-07 0.252615 3.75699e-06 -6.22625e-07 0.252615 3.75699e-06 -6.22625e-07 0.252615 3.75699e-06 -6.22625e-07 0.252615 3.75699e-06 -6.22625e-07 0.252615 3.75699e-06 -6.22625e-07 0.252615 3.75699e-06 -6.22625e-07 0.252615 3.75699e-06 -6.22625e-07 0.252615 3.75699e-06 -6.22625e-07 0.252615 3.75699e-06 -6.22625e-07 0.252615 3.75699e-06 -6.22625e-07 0.252615 3.75699e-06 -6.22625e-07 0.252615 3.75699e-06 -6.22625e-07 0.252615 3.75699e-06 -6.22625e-07 0.252615 3.75699e-06 -6.22625e-07 0.252615 3.75699e-06 -6.22625e-07 0.252615 3.75699e-06 -6.22625e-07 0.252615 3.75699e-06 -6.22625e-07 0.252615 3.75699e-06</float_array><technique_common><accessor source="#hpl_mixamorigwRightHand-trans-array" count="60" stride="3" /></technique_common></source>
      <source id="hpl_mixamorigwRightHand-rotz"><float_array id="hpl_mixamorigwRightHand-rotz-array" count="60">-49.3249 -49.4219 -49.5746 -49.7252 -49.8344 -49.8033 -49.6746 -49.4621 -49.2094 -48.8775 -48.5696 -48.2485 -47.921 -47.4747 -47.0506 -46.7379 -46.576 -46.6004 -46.7947 -47.1786 -47.5526 -47.6857 -47.9195 -47.9576 -48.1264 -48.5394 -48.9098 -49.1891 -49.3914 -49.5018 -49.4214 -49.1685 -48.8134 -48.4247 -48.1303 -47.9265 -47.7944 -47.7112 -47.644 -47.6293 -47.6586 -47.8033 -48.0401 -48.3434 -48.5623 -48.7809 -48.8817 -48.9297 -48.9995 -48.9814 -49.06 -49.0668 -49.1046 -49.1514 -49.1292 -49.1125 -49.0674 -48.9614 -48.8536 -49.1036</float_array><technique_common><accessor source="#hpl_mixamorigwRightHand-rotz-array" count="60" stride="1" /></technique_common></source>
      <source id="hpl_mixamorigwRightHand-roty"><float_array id="hpl_mixamorigwRightHand-roty-array" count="60">-1.20511 -1.06873 -0.867413 -0.815608 -0.788636 -0.594905 -0.278514 0.0115367 0.212728 0.390631 0.595634 0.886941 1.19531 1.46228 1.71292 1.92556 1.95189 1.80187 1.68859 1.74362 1.48431 1.05643 0.417249 -0.0616641 -0.338597 -0.490559 -0.425401 -0.102362 0.200705 0.400845 0.46067 0.401714 0.231409 0.0991653 0.0733776 0.15859 0.265706 0.337879 0.414591 0.43499 0.32824 0.10227 0.278802 0.399184 0.637397 1.06496 1.37322 1.26783 1.04297 0.942737 0.781802 0.791692 0.615301 0.394055 0.150292 -0.0311117 -0.178923 -0.346738 -0.596203 -0.759978</float_array><technique_common><accessor source="#hpl_mixamorigwRightHand-roty-array" count="60" stride="1" /></technique_common></source>
      <source id="hpl_mixamorigwRightHand-rotx"><float_array id="hpl_mixamorigwRightHand-rotx-array" count="60">23.8913 23.486 22.9006 22.4916 22.138 21.663 21.1054 20.5998 20.4697 20.5323 20.6634 20.7875 20.9188 21.2467 21.4571 21.6892 22.0888 22.6323 23.1233 23.2504 23.9897 24.9723 25.3832 25.465 25.4269 25.1311 24.9464 24.7754 24.5946 24.3552 24.2369 24.1819 24.3681 24.672 24.8779 24.9557 24.9523 24.9405 24.9446 25.0878 25.4414 25.938 26.0158 25.7539 25.765 26.1159 26.7768 27.5005 27.9113 27.7008 27.1 26.0511 25.315 24.821 24.6305 24.6639 24.7589 24.8753 25.1258 25.382</float_array><technique_common><accessor source="#hpl_mixamorigwRightHand-rotx-array" count="60" stride="1" /></technique_common></source>
      <sampler id="hpl_mixamorigwRightHand-trans-sampler"><input semantic="INPUT" source="#hpl_mixamorigwRightHand-time" /><input semantic="OUTPUT" source="#hpl_mixamorigwRightHand-trans" /></sampler><channel source="#hpl_mixamorigwRightHand-trans-sampler" target="mixamorigwRightHand/translate" />
      <sampler id="hpl_mixamorigwRightHand-rotz-sampler"><input semantic="INPUT" source="#hpl_mixamorigwRightHand-time" /><input semantic="OUTPUT" source="#hpl_mixamorigwRightHand-rotz" /></sampler><channel source="#hpl_mixamorigwRightHand-rotz-sampler" target="mixamorigwRightHand/rotateZ.ANGLE" />
      <sampler id="hpl_mixamorigwRightHand-roty-sampler"><input semantic="INPUT" source="#hpl_mixamorigwRightHand-time" /><input semantic="OUTPUT" source="#hpl_mixamorigwRightHand-roty" /></sampler><channel source="#hpl_mixamorigwRightHand-roty-sampler" target="mixamorigwRightHand/rotateY.ANGLE" />
      <sampler id="hpl_mixamorigwRightHand-rotx-sampler"><input semantic="INPUT" source="#hpl_mixamorigwRightHand-time" /><input semantic="OUTPUT" source="#hpl_mixamorigwRightHand-rotx" /></sampler><channel source="#hpl_mixamorigwRightHand-rotx-sampler" target="mixamorigwRightHand/rotateX.ANGLE" />
    </animation>
    <animation id="hpl_mixamorigwNeck">
      <source id="hpl_mixamorigwNeck-time"><float_array id="hpl_mixamorigwNeck-time-array" count="60">0 1 2 3 4 5 6 7 8 9 10 11 12 13 14 15 16 17 18 19 20 21 22 23 24 25 26 27 28 29 30 31 32 33 34 35 36 37 38 39 40 41 42 43 44 45 46 47 48 49 50 51 52 53 54 55 56 57 58 59</float_array><technique_common><accessor source="#hpl_mixamorigwNeck-time-array" count="60" stride="1" /></technique_common></source>
      <source id="hpl_mixamorigwNeck-trans"><float_array id="hpl_mixamorigwNeck-trans-array" count="180">0.000724295 0.106171 0.00808451 0.000724295 0.106171 0.00808451 0.000724295 0.106171 0.00808451 0.000724295 0.106171 0.00808451 0.000724295 0.106171 0.00808451 0.000724295 0.106171 0.00808451 0.000724295 0.106171 0.00808451 0.000724295 0.106171 0.00808451 0.000724295 0.106171 0.00808451 0.000724295 0.106171 0.00808451 0.000724295 0.106171 0.00808451 0.000724295 0.106171 0.00808451 0.000724295 0.106171 0.00808451 0.000724295 0.106171 0.00808451 0.000724295 0.106171 0.00808451 0.000724295 0.106171 0.00808451 0.000724295 0.106171 0.00808451 0.000724295 0.106171 0.00808451 0.000724295 0.106171 0.00808451 0.000724295 0.106171 0.00808451 0.000724295 0.106171 0.00808451 0.000724295 0.106171 0.00808451 0.000724295 0.106171 0.00808451 0.000724295 0.106171 0.00808451 0.000724295 0.106171 0.00808451 0.000724295 0.106171 0.00808451 0.000724295 0.106171 0.00808451 0.000724295 0.106171 0.00808451 0.000724295 0.106171 0.00808451 0.000724295 0.106171 0.00808451 0.000724295 0.106171 0.00808451 0.000724295 0.106171 0.00808451 0.000724295 0.106171 0.00808451 0.000724295 0.106171 0.00808451 0.000724295 0.106171 0.00808451 0.000724295 0.106171 0.00808451 0.000724295 0.106171 0.00808451 0.000724295 0.106171 0.00808451 0.000724295 0.106171 0.00808451 0.000724295 0.106171 0.00808451 0.000724295 0.106171 0.00808451 0.000724295 0.106171 0.00808451 0.000724295 0.106171 0.00808451 0.000724295 0.106171 0.00808451 0.000724295 0.106171 0.00808451 0.000724295 0.106171 0.00808451 0.000724295 0.106171 0.00808451 0.000724295 0.106171 0.00808451 0.000724295 0.106171 0.00808451 0.000724295 0.106171 0.00808451 0.000724295 0.106171 0.00808451 0.000724295 0.106171 0.00808451 0.000724295 0.106171 0.00808451 0.000724295 0.106171 0.00808451 0.000724295 0.106171 0.00808451 0.000724295 0.106171 0.00808451 0.000724295 0.106171 0.00808451 0.000724295 0.106171 0.00808451 0.000724295 0.106171 0.00808451 0.000724295 0.106171 0.00808451</float_array><technique_common><accessor source="#hpl_mixamorigwNeck-trans-array" count="60" stride="3" /></technique_common></source>
      <source id="hpl_mixamorigwNeck-rotz"><float_array id="hpl_mixamorigwNeck-rotz-array" count="60">0.873087 1.07669 1.30327 1.55112 1.78766 1.98196 2.17157 2.3877 2.63357 2.8417 3.04733 3.24275 3.43914 3.57206 3.68029 3.69629 3.64953 3.57501 3.5024 3.45889 3.60209 4.03576 4.83661 5.38381 5.65256 5.73152 5.42917 4.96121 4.34833 3.74102 3.20597 2.80289 2.50399 2.2863 2.11277 1.96492 1.86177 1.79062 1.73866 1.69889 1.65427 1.64448 1.65111 1.40989 1.32622 1.42027 1.51285 1.41764 1.15683 0.92054 0.793014 0.664849 0.490805 0.176831 -0.257504 -0.677929 -1.00711 -1.25566 -1.40641 -1.39998</float_array><technique_common><accessor source="#hpl_mixamorigwNeck-rotz-array" count="60" stride="1" /></technique_common></source>
      <source id="hpl_mixamorigwNeck-roty"><float_array id="hpl_mixamorigwNeck-roty-array" count="60">2.61248 2.46711 2.36726 2.25884 2.15342 2.01918 1.86524 1.71822 1.58181 1.3974 1.19749 1.00511 0.848127 0.834074 0.742241 0.689657 0.679939 0.672596 0.701814 0.68436 0.716681 0.614636 0.230232 0.0337765 -0.0337763 0.127374 0.242681 0.440659 0.66654 0.883765 1.08748 1.27741 1.40172 1.50463 1.59188 1.68567 1.7469 1.78946 1.81235 1.82098 1.80435 1.90625 1.90305 2.086 2.18596 2.17797 2.15998 2.15889 2.16566 2.26752 2.41185 2.60934 2.88301 3.16171 3.36562 3.46372 3.47137 3.45842 3.4564 3.45487</float_array><technique_common><accessor source="#hpl_mixamorigwNeck-roty-array" count="60" stride="1" /></technique_common></source>
      <source id="hpl_mixamorigwNeck-rotx"><float_array id="hpl_mixamorigwNeck-rotx-array" count="60">22.6033 22.5093 22.4952 22.5205 22.6008 22.7135 22.8536 23.0183 23.2068 23.2429 23.2179 23.1302 23.0181 22.8348 22.6723 22.5043 22.3876 22.4114 22.6334 23.0579 23.5248 23.6633 23.5533 23.3444 23.0123 22.522 22.1295 21.8237 21.647 21.6319 21.7711 21.9976 22.2303 22.5301 22.86 23.2115 23.5882 23.9838 24.3375 24.6757 24.9987 25.2982 25.4937 25.7306 25.9862 26.1388 26.1386 26.0514 26.0363 26.037 26.112 26.1434 26.1437 26.0887 26.0248 25.9516 25.836 25.723 25.6505 25.6122</float_array><technique_common><accessor source="#hpl_mixamorigwNeck-rotx-array" count="60" stride="1" /></technique_common></source>
      <sampler id="hpl_mixamorigwNeck-trans-sampler"><input semantic="INPUT" source="#hpl_mixamorigwNeck-time" /><input semantic="OUTPUT" source="#hpl_mixamorigwNeck-trans" /></sampler><channel source="#hpl_mixamorigwNeck-trans-sampler" target="mixamorigwNeck/translate" />
      <sampler id="hpl_mixamorigwNeck-rotz-sampler"><input semantic="INPUT" source="#hpl_mixamorigwNeck-time" /><input semantic="OUTPUT" source="#hpl_mixamorigwNeck-rotz" /></sampler><channel source="#hpl_mixamorigwNeck-rotz-sampler" target="mixamorigwNeck/rotateZ.ANGLE" />
      <sampler id="hpl_mixamorigwNeck-roty-sampler"><input semantic="INPUT" source="#hpl_mixamorigwNeck-time" /><input semantic="OUTPUT" source="#hpl_mixamorigwNeck-roty" /></sampler><channel source="#hpl_mixamorigwNeck-roty-sampler" target="mixamorigwNeck/rotateY.ANGLE" />
      <sampler id="hpl_mixamorigwNeck-rotx-sampler"><input semantic="INPUT" source="#hpl_mixamorigwNeck-time" /><input semantic="OUTPUT" source="#hpl_mixamorigwNeck-rotx" /></sampler><channel source="#hpl_mixamorigwNeck-rotx-sampler" target="mixamorigwNeck/rotateX.ANGLE" />
    </animation>
    <animation id="hpl_mixamorigwHead">
      <source id="hpl_mixamorigwHead-time"><float_array id="hpl_mixamorigwHead-time-array" count="60">0 1 2 3 4 5 6 7 8 9 10 11 12 13 14 15 16 17 18 19 20 21 22 23 24 25 26 27 28 29 30 31 32 33 34 35 36 37 38 39 40 41 42 43 44 45 46 47 48 49 50 51 52 53 54 55 56 57 58 59</float_array><technique_common><accessor source="#hpl_mixamorigwHead-time-array" count="60" stride="1" /></technique_common></source>
      <source id="hpl_mixamorigwHead-trans"><float_array id="hpl_mixamorigwHead-trans-array" count="180">9.58763e-11 0.0721613 -2.26339e-07 9.58763e-11 0.0721613 -2.26339e-07 9.58763e-11 0.0721613 -2.26339e-07 9.58763e-11 0.0721613 -2.26339e-07 9.58763e-11 0.0721613 -2.26339e-07 9.58763e-11 0.0721613 -2.26339e-07 9.58763e-11 0.0721613 -2.26339e-07 9.58763e-11 0.0721613 -2.26339e-07 9.58763e-11 0.0721613 -2.26339e-07 9.58763e-11 0.0721613 -2.26339e-07 9.58763e-11 0.0721613 -2.26339e-07 9.58763e-11 0.0721613 -2.26339e-07 9.58763e-11 0.0721613 -2.26339e-07 9.58763e-11 0.0721613 -2.26339e-07 9.58763e-11 0.0721613 -2.26339e-07 9.58763e-11 0.0721613 -2.26339e-07 9.58763e-11 0.0721613 -2.26339e-07 9.58763e-11 0.0721613 -2.26339e-07 9.58763e-11 0.0721613 -2.26339e-07 9.58763e-11 0.0721613 -2.26339e-07 9.58763e-11 0.0721613 -2.26339e-07 9.58763e-11 0.0721613 -2.26339e-07 9.58763e-11 0.0721613 -2.26339e-07 9.58763e-11 0.0721613 -2.26339e-07 9.58763e-11 0.0721613 -2.26339e-07 9.58763e-11 0.0721613 -2.26339e-07 9.58763e-11 0.0721613 -2.26339e-07 9.58763e-11 0.0721613 -2.26339e-07 9.58763e-11 0.0721613 -2.26339e-07 9.58763e-11 0.0721613 -2.26339e-07 9.58763e-11 0.0721613 -2.26339e-07 9.58763e-11 0.0721613 -2.26339e-07 9.58763e-11 0.0721613 -2.26339e-07 9.58763e-11 0.0721613 -2.26339e-07 9.58763e-11 0.0721613 -2.26339e-07 9.58763e-11 0.0721613 -2.26339e-07 9.58763e-11 0.0721613 -2.26339e-07 9.58763e-11 0.0721613 -2.26339e-07 9.58763e-11 0.0721613 -2.26339e-07 9.58763e-11 0.0721613 -2.26339e-07 9.58763e-11 0.0721613 -2.26339e-07 9.58763e-11 0.0721613 -2.26339e-07 9.58763e-11 0.0721613 -2.26339e-07 9.58763e-11 0.0721613 -2.26339e-07 9.58763e-11 0.0721613 -2.26339e-07 9.58763e-11 0.0721613 -2.26339e-07 9.58763e-11 0.0721613 -2.26339e-07 9.58763e-11 0.0721613 -2.26339e-07 9.58763e-11 0.0721613 -2.26339e-07 9.58763e-11 0.0721613 -2.26339e-07 9.58763e-11 0.0721613 -2.26339e-07 9.58763e-11 0.0721613 -2.26339e-07 9.58763e-11 0.0721613 -2.26339e-07 9.58763e-11 0.0721613 -2.26339e-07 9.58763e-11 0.0721613 -2.26339e-07 9.58763e-11 0.0721613 -2.26339e-07 9.58763e-11 0.0721613 -2.26339e-07 9.58763e-11 0.0721613 -2.26339e-07 9.58763e-11 0.0721613 -2.26339e-07 9.58763e-11 0.0721613 -2.26339e-07</float_array><technique_common><accessor source="#hpl_mixamorigwHead-trans-array" count="60" stride="3" /></technique_common></source>
      <source id="hpl_mixamorigwHead-rotz"><float_array id="hpl_mixamorigwHead-rotz-array" count="60">0.680821 0.737685 0.846064 0.978286 1.11796 1.30434 1.53503 1.79988 2.04981 2.42018 2.87426 3.35261 3.78618 4.19789 4.50727 4.75678 4.91037 4.95715 4.97282 4.9599 4.85297 4.80706 4.86785 5.03406 5.15102 5.15726 5.00383 4.81689 4.66807 4.53801 4.44683 4.37174 4.2928 4.21876 4.13139 4.04839 3.9106 3.717 3.51149 3.34204 3.21225 3.12446 2.88399 2.63781 2.38042 2.19171 2.06478 1.97346 1.8644 1.77232 1.64114 1.46721 1.31816 1.12391 0.950452 0.768229 0.597036 0.466869 0.383691 0.489703</float_array><technique_common><accessor source="#hpl_mixamorigwHead-rotz-array" count="60" stride="1" /></technique_common></source>
      <source id="hpl_mixamorigwHead-roty"><float_array id="hpl_mixamorigwHead-roty-array" count="60">-7.2033 -7.57833 -7.95383 -8.32235 -8.67601 -8.96823 -9.35878 -9.92631 -10.656 -11.5542 -12.6421 -13.827 -15.021 -16.3388 -17.2645 -18.0039 -18.4934 -18.6499 -18.5945 -18.2856 -17.8636 -17.6663 -17.6526 -17.8077 -17.8293 -17.8382 -17.2491 -16.4606 -15.5566 -14.6752 -13.9109 -13.3019 -12.7466 -12.2368 -11.7028 -11.2064 -10.6912 -10.194 -9.76384 -9.45267 -9.23066 -9.2026 -8.86054 -8.71074 -8.31927 -7.83976 -7.39436 -6.85091 -6.19795 -5.62796 -5.13875 -4.62487 -4.35312 -4.10017 -3.81359 -3.51145 -3.18501 -2.65523 -2.00743 -1.70495</float_array><technique_common><accessor source="#hpl_mixamorigwHead-roty-array" count="60" stride="1" /></technique_common></source>
      <source id="hpl_mixamorigwHead-rotx"><float_array id="hpl_mixamorigwHead-rotx-array" count="60">-9.07525 -9.22442 -9.48521 -9.74721 -9.86676 -9.78452 -9.55139 -9.2007 -8.70526 -8.22231 -7.80071 -7.42524 -7.09745 -6.74198 -6.49928 -6.27513 -6.02654 -5.69756 -5.27284 -4.70265 -4.09162 -3.48183 -2.97216 -2.71843 -2.60462 -2.50016 -2.51671 -2.6349 -2.87093 -3.28173 -3.81915 -4.3302 -4.725 -5.06462 -5.32781 -5.51693 -5.68568 -5.80503 -5.8159 -5.75162 -5.62885 -5.40931 -5.13163 -4.76451 -4.51583 -4.40863 -4.37776 -4.44683 -4.63212 -4.95415 -5.30462 -5.60386 -5.70588 -5.70346 -5.69903 -5.69553 -5.65318 -5.60405 -5.66495 -5.96777</float_array><technique_common><accessor source="#hpl_mixamorigwHead-rotx-array" count="60" stride="1" /></technique_common></source>
      <sampler id="hpl_mixamorigwHead-trans-sampler"><input semantic="INPUT" source="#hpl_mixamorigwHead-time" /><input semantic="OUTPUT" source="#hpl_mixamorigwHead-trans" /></sampler><channel source="#hpl_mixamorigwHead-trans-sampler" target="mixamorigwHead/translate" />
      <sampler id="hpl_mixamorigwHead-rotz-sampler"><input semantic="INPUT" source="#hpl_mixamorigwHead-time" /><input semantic="OUTPUT" source="#hpl_mixamorigwHead-rotz" /></sampler><channel source="#hpl_mixamorigwHead-rotz-sampler" target="mixamorigwHead/rotateZ.ANGLE" />
      <sampler id="hpl_mixamorigwHead-roty-sampler"><input semantic="INPUT" source="#hpl_mixamorigwHead-time" /><input semantic="OUTPUT" source="#hpl_mixamorigwHead-roty" /></sampler><channel source="#hpl_mixamorigwHead-roty-sampler" target="mixamorigwHead/rotateY.ANGLE" />
      <sampler id="hpl_mixamorigwHead-rotx-sampler"><input semantic="INPUT" source="#hpl_mixamorigwHead-time" /><input semantic="OUTPUT" source="#hpl_mixamorigwHead-rotx" /></sampler><channel source="#hpl_mixamorigwHead-rotx-sampler" target="mixamorigwHead/rotateX.ANGLE" />
    </animation>
    <animation id="hpl_mixamorigwHeadTop_End">
      <source id="hpl_mixamorigwHeadTop_End-time"><float_array id="hpl_mixamorigwHeadTop_End-time-array" count="60">0 1 2 3 4 5 6 7 8 9 10 11 12 13 14 15 16 17 18 19 20 21 22 23 24 25 26 27 28 29 30 31 32 33 34 35 36 37 38 39 40 41 42 43 44 45 46 47 48 49 50 51 52 53 54 55 56 57 58 59</float_array><technique_common><accessor source="#hpl_mixamorigwHeadTop_End-time-array" count="60" stride="1" /></technique_common></source>
      <source id="hpl_mixamorigwHeadTop_End-trans"><float_array id="hpl_mixamorigwHeadTop_End-trans-array" count="180">-4.12817e-11 0.251687 -0.0922776 -4.12817e-11 0.251687 -0.0922776 -4.12817e-11 0.251687 -0.0922776 -4.12817e-11 0.251687 -0.0922776 -4.12817e-11 0.251687 -0.0922776 -4.12817e-11 0.251687 -0.0922776 -4.12817e-11 0.251687 -0.0922776 -4.12817e-11 0.251687 -0.0922776 -4.12817e-11 0.251687 -0.0922776 -4.12817e-11 0.251687 -0.0922776 -4.12817e-11 0.251687 -0.0922776 -4.12817e-11 0.251687 -0.0922776 -4.12817e-11 0.251687 -0.0922776 -4.12817e-11 0.251687 -0.0922776 -4.12817e-11 0.251687 -0.0922776 -4.12817e-11 0.251687 -0.0922776 -4.12817e-11 0.251687 -0.0922776 -4.12817e-11 0.251687 -0.0922776 -4.12817e-11 0.251687 -0.0922776 -4.12817e-11 0.251687 -0.0922776 -4.12817e-11 0.251687 -0.0922776 -4.12817e-11 0.251687 -0.0922776 -4.12817e-11 0.251687 -0.0922776 -4.12817e-11 0.251687 -0.0922776 -4.12817e-11 0.251687 -0.0922776 -4.12817e-11 0.251687 -0.0922776 -4.12817e-11 0.251687 -0.0922776 -4.12817e-11 0.251687 -0.0922776 -4.12817e-11 0.251687 -0.0922776 -4.12817e-11 0.251687 -0.0922776 -4.12817e-11 0.251687 -0.0922776 -4.12817e-11 0.251687 -0.0922776 -4.12817e-11 0.251687 -0.0922776 -4.12817e-11 0.251687 -0.0922776 -4.12817e-11 0.251687 -0.0922776 -4.12817e-11 0.251687 -0.0922776 -4.12817e-11 0.251687 -0.0922776 -4.12817e-11 0.251687 -0.0922776 -4.12817e-11 0.251687 -0.0922776 -4.12817e-11 0.251687 -0.0922776 -4.12817e-11 0.251687 -0.0922776 -4.12817e-11 0.251687 -0.0922776 -4.12817e-11 0.251687 -0.0922776 -4.12817e-11 0.251687 -0.0922776 -4.12817e-11 0.251687 -0.0922776 -4.12817e-11 0.251687 -0.0922776 -4.12817e-11 0.251687 -0.0922776 -4.12817e-11 0.251687 -0.0922776 -4.12817e-11 0.251687 -0.0922776 -4.12817e-11 0.251687 -0.0922776 -4.12817e-11 0.251687 -0.0922776 -4.12817e-11 0.251687 -0.0922776 -4.12817e-11 0.251687 -0.0922776 -4.12817e-11 0.251687 -0.0922776 -4.12817e-11 0.251687 -0.0922776 -4.12817e-11 0.251687 -0.0922776 -4.12817e-11 0.251687 -0.0922776 -4.12817e-11 0.251687 -0.0922776 -4.12817e-11 0.251687 -0.0922776 -4.12817e-11 0.251687 -0.0922776</float_array><technique_common><accessor source="#hpl_mixamorigwHeadTop_End-trans-array" count="60" stride="3" /></technique_common></source>
      <source id="hpl_mixamorigwHeadTop_End-rotz"><float_array id="hpl_mixamorigwHeadTop_End-rotz-array" count="60">-4.55091e-09 -4.55091e-09 -4.55091e-09 -4.55091e-09 -4.55091e-09 -4.55091e-09 -4.55091e-09 -4.55091e-09 -4.55091e-09 -4.55091e-09 -4.55091e-09 -4.55091e-09 -4.55091e-09 -4.55091e-09 -4.55091e-09 -4.55091e-09 -4.55091e-09 -4.55091e-09 -4.55091e-09 -4.55091e-09 -4.55091e-09 -4.55091e-09 -4.55091e-09 -4.55091e-09 -4.55091e-09 -4.55091e-09 -4.55091e-09 -4.55091e-09 -4.55091e-09 -4.55091e-09 -4.55091e-09 -4.55091e-09 -4.55091e-09 -4.55091e-09 -4.55091e-09 -4.55091e-09 -4.55091e-09 -4.55091e-09 -4.55091e-09 -4.55091e-09 -4.55091e-09 -4.55091e-09 -4.55091e-09 -4.55091e-09 -4.55091e-09 -4.55091e-09 -4.55091e-09 -4.55091e-09 -4.55091e-09 -4.55091e-09 -4.55091e-09 -4.55091e-09 -4.55091e-09 -4.55091e-09 -4.55091e-09 -4.55091e-09 -4.55091e-09 -4.55091e-09 -4.55091e-09 -4.55091e-09</float_array><technique_common><accessor source="#hpl_mixamorigwHeadTop_End-rotz-array" count="60" stride="1" /></technique_common></source>
      <source id="hpl_mixamorigwHeadTop_End-roty"><float_array id="hpl_mixamorigwHeadTop_End-roty-array" count="60">1.45297e-08 1.45297e-08 1.45297e-08 1.45297e-08 1.45297e-08 1.45297e-08 1.45297e-08 1.45297e-08 1.45297e-08 1.45297e-08 1.45297e-08 1.45297e-08 1.45296e-08 1.45297e-08 1.45297e-08 1.45297e-08 1.45297e-08 1.45297e-08 1.45297e-08 1.45297e-08 1.45297e-08 1.45297e-08 1.45296e-08 1.45297e-08 1.45296e-08 1.45297e-08 1.45297e-08 1.45297e-08 1.45297e-08 1.45297e-08 1.45297e-08 1.45297e-08 1.45297e-08 1.45297e-08 1.45297e-08 1.45297e-08 1.45297e-08 1.45297e-08 1.45297e-08 1.45296e-08 1.45297e-08 1.45297e-08 1.45297e-08 1.45297e-08 1.45296e-08 1.45297e-08 1.45297e-08 1.45297e-08 1.45297e-08 1.45297e-08 1.45297e-08 1.45297e-08 1.45297e-08 1.45297e-08 1.45297e-08 1.45297e-08 1.45297e-08 1.45297e-08 1.45297e-08 1.45297e-08</float_array><technique_common><accessor source="#hpl_mixamorigwHeadTop_End-roty-array" count="60" stride="1" /></technique_common></source>
      <source id="hpl_mixamorigwHeadTop_End-rotx"><float_array id="hpl_mixamorigwHeadTop_End-rotx-array" count="60">-20.1348 -20.1348 -20.1348 -20.1348 -20.1348 -20.1348 -20.1348 -20.1348 -20.1348 -20.1348 -20.1348 -20.1348 -20.1348 -20.1348 -20.1348 -20.1348 -20.1348 -20.1348 -20.1348 -20.1348 -20.1348 -20.1348 -20.1348 -20.1348 -20.1348 -20.1348 -20.1348 -20.1348 -20.1348 -20.1348 -20.1348 -20.1348 -20.1348 -20.1348 -20.1348 -20.1348 -20.1348 -20.1348 -20.1348 -20.1348 -20.1348 -20.1348 -20.1348 -20.1348 -20.1348 -20.1348 -20.1348 -20.1348 -20.1348 -20.1348 -20.1348 -20.1348 -20.1348 -20.1348 -20.1348 -20.1348 -20.1348 -20.1348 -20.1348 -20.1348</float_array><technique_common><accessor source="#hpl_mixamorigwHeadTop_End-rotx-array" count="60" stride="1" /></technique_common></source>
      <sampler id="hpl_mixamorigwHeadTop_End-trans-sampler"><input semantic="INPUT" source="#hpl_mixamorigwHeadTop_End-time" /><input semantic="OUTPUT" source="#hpl_mixamorigwHeadTop_End-trans" /></sampler><channel source="#hpl_mixamorigwHeadTop_End-trans-sampler" target="mixamorigwHeadTop_End/translate" />
      <sampler id="hpl_mixamorigwHeadTop_End-rotz-sampler"><input semantic="INPUT" source="#hpl_mixamorigwHeadTop_End-time" /><input semantic="OUTPUT" source="#hpl_mixamorigwHeadTop_End-rotz" /></sampler><channel source="#hpl_mixamorigwHeadTop_End-rotz-sampler" target="mixamorigwHeadTop_End/rotateZ.ANGLE" />
      <sampler id="hpl_mixamorigwHeadTop_End-roty-sampler"><input semantic="INPUT" source="#hpl_mixamorigwHeadTop_End-time" /><input semantic="OUTPUT" source="#hpl_mixamorigwHeadTop_End-roty" /></sampler><channel source="#hpl_mixamorigwHeadTop_End-roty-sampler" target="mixamorigwHeadTop_End/rotateY.ANGLE" />
      <sampler id="hpl_mixamorigwHeadTop_End-rotx-sampler"><input semantic="INPUT" source="#hpl_mixamorigwHeadTop_End-time" /><input semantic="OUTPUT" source="#hpl_mixamorigwHeadTop_End-rotx" /></sampler><channel source="#hpl_mixamorigwHeadTop_End-rotx-sampler" target="mixamorigwHeadTop_End/rotateX.ANGLE" />
    </animation>
    <animation id="hpl_mixamorigwHeadFront">
      <source id="hpl_mixamorigwHeadFront-time"><float_array id="hpl_mixamorigwHeadFront-time-array" count="60">0 1 2 3 4 5 6 7 8 9 10 11 12 13 14 15 16 17 18 19 20 21 22 23 24 25 26 27 28 29 30 31 32 33 34 35 36 37 38 39 40 41 42 43 44 45 46 47 48 49 50 51 52 53 54 55 56 57 58 59</float_array><technique_common><accessor source="#hpl_mixamorigwHeadFront-time-array" count="60" stride="1" /></technique_common></source>
      <source id="hpl_mixamorigwHeadFront-trans"><float_array id="hpl_mixamorigwHeadFront-trans-array" count="180">5.31362e-09 0.0385956 0.092277 5.31362e-09 0.0385956 0.092277 5.31362e-09 0.0385956 0.092277 5.31362e-09 0.0385956 0.092277 5.31362e-09 0.0385956 0.092277 5.31362e-09 0.0385956 0.092277 5.31362e-09 0.0385956 0.092277 5.31362e-09 0.0385956 0.092277 5.31362e-09 0.0385956 0.092277 5.31362e-09 0.0385956 0.092277 5.31362e-09 0.0385956 0.092277 5.31362e-09 0.0385956 0.092277 5.31362e-09 0.0385956 0.092277 5.31362e-09 0.0385956 0.092277 5.31362e-09 0.0385956 0.092277 5.31362e-09 0.0385956 0.092277 5.31362e-09 0.0385956 0.092277 5.31362e-09 0.0385956 0.092277 5.31362e-09 0.0385956 0.092277 5.31362e-09 0.0385956 0.092277 5.31362e-09 0.0385956 0.092277 5.31362e-09 0.0385956 0.092277 5.31362e-09 0.0385956 0.092277 5.31362e-09 0.0385956 0.092277 5.31362e-09 0.0385956 0.092277 5.31362e-09 0.0385956 0.092277 5.31362e-09 0.0385956 0.092277 5.31362e-09 0.0385956 0.092277 5.31362e-09 0.0385956 0.092277 5.31362e-09 0.0385956 0.092277 5.31362e-09 0.0385956 0.092277 5.31362e-09 0.0385956 0.092277 5.31362e-09 0.0385956 0.092277 5.31362e-09 0.0385956 0.092277 5.31362e-09 0.0385956 0.092277 5.31362e-09 0.0385956 0.092277 5.31362e-09 0.0385956 0.092277 5.31362e-09 0.0385956 0.092277 5.31362e-09 0.0385956 0.092277 5.31362e-09 0.0385956 0.092277 5.31362e-09 0.0385956 0.092277 5.31362e-09 0.0385956 0.092277 5.31362e-09 0.0385956 0.092277 5.31362e-09 0.0385956 0.092277 5.31362e-09 0.0385956 0.092277 5.31362e-09 0.0385956 0.092277 5.31362e-09 0.0385956 0.092277 5.31362e-09 0.0385956 0.092277 5.31362e-09 0.0385956 0.092277 5.31362e-09 0.0385956 0.092277 5.31362e-09 0.0385956 0.092277 5.31362e-09 0.0385956 0.092277 5.31362e-09 0.0385956 0.092277 5.31362e-09 0.0385956 0.092277 5.31362e-09 0.0385956 0.092277 5.31362e-09 0.0385956 0.092277 5.31362e-09 0.0385956 0.092277 5.31362e-09 0.0385956 0.092277 5.31362e-09 0.0385956 0.092277 5.31362e-09 0.0385956 0.092277</float_array><technique_common><accessor source="#hpl_mixamorigwHeadFront-trans-array" count="60" stride="3" /></technique_common></source>
      <source id="hpl_mixamorigwHeadFront-rotz"><float_array id="hpl_mixamorigwHeadFront-rotz-array" count="60">-8.07972e-06 -8.07972e-06 -8.07972e-06 -8.07972e-06 -8.07972e-06 -8.07972e-06 -8.07972e-06 -8.07972e-06 -8.07972e-06 -8.07972e-06 -8.07972e-06 -8.07972e-06 -8.07972e-06 -8.07972e-06 -8.07972e-06 -8.07972e-06 -8.07972e-06 -8.07972e-06 -8.07972e-06 -8.07972e-06 -8.07972e-06 -8.07972e-06 -8.07972e-06 -8.07972e-06 -8.07972e-06 -8.07972e-06 -8.07972e-06 -8.07972e-06 -8.07972e-06 -8.07972e-06 -8.07972e-06 -8.07972e-06 -8.07972e-06 -8.07972e-06 -8.07972e-06 -8.07972e-06 -8.07972e-06 -8.07972e-06 -8.07972e-06 -8.07972e-06 -8.07972e-06 -8.07972e-06 -8.07972e-06 -8.07972e-06 -8.07972e-06 -8.07972e-06 -8.07972e-06 -8.07972e-06 -8.07972e-06 -8.07972e-06 -8.07972e-06 -8.07972e-06 -8.07972e-06 -8.07972e-06 -8.07972e-06 -8.07972e-06 -8.07972e-06 -8.07972e-06 -8.07972e-06 -8.07972e-06</float_array><technique_common><accessor source="#hpl_mixamorigwHeadFront-rotz-array" count="60" stride="1" /></technique_common></source>
      <source id="hpl_mixamorigwHeadFront-roty"><float_array id="hpl_mixamorigwHeadFront-roty-array" count="60">-3.35379e-06 -3.35379e-06 -3.35379e-06 -3.35379e-06 -3.35379e-06 -3.35379e-06 -3.35379e-06 -3.35379e-06 -3.35379e-06 -3.35379e-06 -3.35379e-06 -3.35379e-06 -3.35379e-06 -3.35379e-06 -3.35379e-06 -3.35379e-06 -3.35379e-06 -3.35379e-06 -3.35379e-06 -3.35379e-06 -3.35379e-06 -3.35379e-06 -3.35379e-06 -3.35379e-06 -3.35379e-06 -3.35379e-06 -3.35379e-06 -3.35379e-06 -3.35379e-06 -3.35379e-06 -3.35379e-06 -3.35379e-06 -3.35379e-06 -3.35379e-06 -3.35379e-06 -3.35379e-06 -3.35379e-06 -3.35379e-06 -3.35379e-06 -3.35379e-06 -3.35379e-06 -3.35379e-06 -3.35379e-06 -3.35379e-06 -3.35379e-06 -3.35379e-06 -3.35379e-06 -3.35379e-06 -3.35379e-06 -3.35379e-06 -3.35379e-06 -3.35379e-06 -3.35379e-06 -3.35379e-06 -3.35379e-06 -3.35379e-06 -3.35379e-06 -3.35379e-06 -3.35379e-06 -3.35379e-06</float_array><technique_common><accessor source="#hpl_mixamorigwHeadFront-roty-array" count="60" stride="1" /></technique_common></source>
      <source id="hpl_mixamorigwHeadFront-rotx"><float_array id="hpl_mixamorigwHeadFront-rotx-array" count="60">67.3014 67.3014 67.3014 67.3014 67.3014 67.3014 67.3014 67.3014 67.3014 67.3014 67.3014 67.3014 67.3014 67.3014 67.3014 67.3014 67.3014 67.3014 67.3014 67.3014 67.3014 67.3014 67.3014 67.3014 67.3014 67.3014 67.3014 67.3014 67.3014 67.3014 67.3014 67.3014 67.3014 67.3014 67.3014 67.3014 67.3014 67.3014 67.3014 67.3014 67.3014 67.3014 67.3014 67.3014 67.3014 67.3014 67.3014 67.3014 67.3014 67.3014 67.3014 67.3014 67.3014 67.3014 67.3014 67.3014 67.3014 67.3014 67.3014 67.3014</float_array><technique_common><accessor source="#hpl_mixamorigwHeadFront-rotx-array" count="60" stride="1" /></technique_common></source>
      <sampler id="hpl_mixamorigwHeadFront-trans-sampler"><input semantic="INPUT" source="#hpl_mixamorigwHeadFront-time" /><input semantic="OUTPUT" source="#hpl_mixamorigwHeadFront-trans" /></sampler><channel source="#hpl_mixamorigwHeadFront-trans-sampler" target="mixamorigwHeadFront/translate" />
      <sampler id="hpl_mixamorigwHeadFront-rotz-sampler"><input semantic="INPUT" source="#hpl_mixamorigwHeadFront-time" /><input semantic="OUTPUT" source="#hpl_mixamorigwHeadFront-rotz" /></sampler><channel source="#hpl_mixamorigwHeadFront-rotz-sampler" target="mixamorigwHeadFront/rotateZ.ANGLE" />
      <sampler id="hpl_mixamorigwHeadFront-roty-sampler"><input semantic="INPUT" source="#hpl_mixamorigwHeadFront-time" /><input semantic="OUTPUT" source="#hpl_mixamorigwHeadFront-roty" /></sampler><channel source="#hpl_mixamorigwHeadFront-roty-sampler" target="mixamorigwHeadFront/rotateY.ANGLE" />
      <sampler id="hpl_mixamorigwHeadFront-rotx-sampler"><input semantic="INPUT" source="#hpl_mixamorigwHeadFront-time" /><input semantic="OUTPUT" source="#hpl_mixamorigwHeadFront-rotx" /></sampler><channel source="#hpl_mixamorigwHeadFront-rotx-sampler" target="mixamorigwHeadFront/rotateX.ANGLE" />
    </animation>
  </library_animations>
  <scene><instance_visual_scene url="#RootNode" /></scene>
</COLLADA>