<?xml version='1.0' encoding='utf-8'?>
<COLLADA xmlns="http://www.collada.org/2005/11/COLLADASchema" version="1.4.1">
  <asset>
    <contributor><author>hpl_dae_export</author><authoring_tool>Blender 4.2.0</authoring_tool></contributor>
    <unit name="meter" meter="1" />
    <up_axis>Y_UP</up_axis>
  </asset>
  <library_images>
    <image id="red-diffuse-image"><init_from>red.tga</init_from></image>
    <image id="red-emission-image"><init_from>red.tga</init_from></image>
    <image id="red-normal-image"><init_from>red.tga</init_from></image>
  </library_images>
  <library_effects>
    <effect id="red-fx" name="red"><profile_COMMON>
      <newparam sid="red-diffuse-surface"><surface type="2D"><init_from>red-diffuse-image</init_from></surface></newparam>
      <newparam sid="red-diffuse-sampler"><sampler2D><source>red-diffuse-surface</source></sampler2D></newparam>
      <newparam sid="red-emission-surface"><surface type="2D"><init_from>red-emission-image</init_from></surface></newparam>
      <newparam sid="red-emission-sampler"><sampler2D><source>red-emission-surface</source></sampler2D></newparam>
      <technique sid="common"><lambert>
        <diffuse><texture texture="red-diffuse-sampler" texcoord="CHANNEL0" /></diffuse>
      </lambert></technique>
    </profile_COMMON></effect>
  </library_effects>
  <library_materials>
    <material id="red" name="red"><instance_effect url="#red-fx" /></material>
  </library_materials>
  <library_geometries>
    <geometry id="Mesh_0_1" name="Mesh_0"><mesh>
      <source id="Mesh_0_1-vpos"><float_array id="Mesh_0_1-vpos-array" count="9">0.00385352 0.946143 0.0286242 0.0538535 0.946143 0.0286242 0.00385352 0.996143 0.0286242</float_array><technique_common><accessor source="#Mesh_0_1-vpos-array" count="3" stride="3"><param name="X" type="float" /><param name="Y" type="float" /><param name="Z" type="float" /></accessor></technique_common></source>
      <source id="Mesh_0_1-vnrm"><float_array id="Mesh_0_1-vnrm-array" count="9">0 0 1 0 0 1 0 0 1</float_array><technique_common><accessor source="#Mesh_0_1-vnrm-array" count="3" stride="3"><param name="X" type="float" /><param name="Y" type="float" /><param name="Z" type="float" /></accessor></technique_common></source>
      <source id="Mesh_0_1-vuv"><float_array id="Mesh_0_1-vuv-array" count="6">0 0 1 0 0 1</float_array><technique_common><accessor source="#Mesh_0_1-vuv-array" count="3" stride="2"><param name="S" type="float" /><param name="T" type="float" /></accessor></technique_common></source>
      <vertices id="Mesh_0_1-vertices"><input semantic="POSITION" source="#Mesh_0_1-vpos" /></vertices>
      <triangles count="1" material="red"><input semantic="VERTEX" source="#Mesh_0_1-vertices" offset="0" /><input semantic="NORMAL" source="#Mesh_0_1-vnrm" offset="1" /><input semantic="TEXCOORD" source="#Mesh_0_1-vuv" offset="2" /><p>0 0 0 1 1 1 2 2 2</p></triangles>
    </mesh></geometry>
  </library_geometries>
  <library_controllers>
    <controller id="Mesh_0_1-skin" name="skinCluster0"><skin source="#Mesh_0_1">
      <bind_shape_matrix>1 0 0 0 0 1 0 0 0 0 1 0 0 0 0 1</bind_shape_matrix>
      <source id="Mesh_0_1-skin-joints"><Name_array id="Mesh_0_1-skin-joints-array" count="24">mixamorigwHips mixamorigwLeftUpLeg mixamorigwLeftLeg mixamorigwLeftFoot mixamorigwLeftToeBase mixamorigwRightUpLeg mixamorigwRightLeg mixamorigwRightFoot mixamorigwRightToeBase mixamorigwSpine mixamorigwSpine1 mixamorigwSpine2 mixamorigwLeftShoulder mixamorigwLeftArm mixamorigwLeftForeArm mixamorigwLeftHand mixamorigwRightShoulder mixamorigwRightArm mixamorigwRightForeArm mixamorigwRightHand mixamorigwNeck mixamorigwHead mixamorigwHeadTop_End mixamorigwHeadFront</Name_array><technique_common><accessor source="#Mesh_0_1-skin-joints-array" count="24" stride="1"><param name="JOINT" type="Name" /></accessor></technique_common></source>
      <source id="Mesh_0_1-skin-bind_poses"><float_array id="Mesh_0_1-skin-bind_poses-array" count="384">0.999989 -0.00406635 0.00253198 -7.86095e-05 0.00253198 0.897395 0.441222 -0.861703 -0.00406635 -0.44121 0.897395 0.391776 0 0 0 1 0.986631 0.119226 -0.111103 -0.197556 0.111103 -0.990848 -0.0766622 0.838282 -0.119226 0.0632938 -0.990848 -0.0208964 0 0 0 1 0.994617 0.0807749 -0.064911 -0.179425 0.0649109 -0.973934 -0.217344 0.469527 -0.0807747 0.211961 -0.973935 -0.0994408 0 0 0 1 0.993435 0.042401 -0.106246 -0.17724 0.106246 -0.686247 0.719568 0.141585 -0.0424003 -0.726132 -0.686247 0.0527234 0 0 0 1 0.989275 1.23237e-06 -0.146069 -0.173866 0.146069 -3.00044e-07 0.989275 -0.0499448 1.17461e-06 -1 -5.29324e-08 0.039445 0 0 0 1 0.98652 -0.119644 0.111641 0.190478 -0.111641 -0.990884 -0.0753982 0.839864 0.119644 0.0619186 -0.990885 -0.0204603 0 0 0 1 0.992744 -0.0932991 0.0758571 0.178015 -0.0758569 -0.975408 -0.206944 0.473354 0.0932989 0.199689 -0.975408 -0.0922947 0 0 0 1 0.990126 -0.0532919 0.129653 0.176015 -0.129652 -0.69979 0.702485 0.138161 0.0532927 -0.712358 -0.69979 0.0572618 0 0 0 1 0.983392 1.34325e-06 0.181497 0.171253 -0.181497 -4.60052e-07 0.983392 -0.0581054 1.51265e-06 -1 1.57955e-07 0.0413972 0 0 0 1 1 1.87816e-10 -9.41434e-10 -0.00385352 -1.27467e-10 0.998845 -0.0480456 -1.08262 2.26969e-10 0.0480457 0.998845 -0.0740498 0 0 0 1 1 3.86147e-11 8.02781e-10 -0.00385352 1.05363e-10 0.998845 -0.0480456 -1.22156 -1.50806e-09 0.0480457 0.998845 -0.0740495 0 0 0 1 0.999955 0.00711225 0.00628019 -0.0135977 -0.0062802 0.992288 -0.123798 -1.35089 -0.00711224 0.123753 0.992288 -0.177117 0 0 0 1 -0.0733667 -2.91331e-07 -0.997305 -0.000555411 0.997305 -3.61991e-10 -0.0733666 -0.0467881 1.52522e-08 -1 2.45412e-07 1.43366 0 0 0 1 0.426062 0.574063 -0.69923 -0.927351 0.699231 -0.699382 -0.148126 0.848006 -0.574063 -0.425812 -0.699383 0.723849 0 0 0 1 0.52368 0.296518 -0.798647 -0.624742 0.798646 -0.497174 0.339091 0.320905 -0.29652 -0.815411 -0.497173 1.11126 0 0 0 1 0.764466 0.231778 -0.601557 -0.704431 0.601557 -0.591963 0.536386 0.282485 -0.231777 -0.771919 -0.591963 1.02623 0 0 0 1 -0.0722537 1.86859e-07 0.997386 0.00130913 -0.997386 1.46194e-09 -0.0722538 -0.0406645 -6.51276e-09 -1 1.4146e-07 1.42977 0 0 0 1 0.458698 -0.579116 0.673959 0.939391 -0.673958 -0.721041 -0.160875 0.881431 0.579117 -0.380427 -0.72104 0.657695 0 0 0 1 0.498693 -0.293227 0.815674 0.605234 -0.815674 -0.477108 0.327177 0.301524 0.293227 -0.828484 -0.477108 1.12205 0 0 0 1 0.746469 -0.235106 0.622502 0.690914 -0.622502 -0.577265 0.528448 0.271116 0.235107 -0.781978 -0.577264 1.0377 0 0 0 1 1 -4.74058e-09 4.42383e-09 -0.00385351 4.28017e-09 0.998845 -0.0480457 -1.46698 -5.38852e-09 0.0480458 0.998845 -0.0740497 0 0 0 1 1 1.68686e-09 4.15308e-10 -0.00385352 -2.83383e-09 0.922548 0.385883 -1.42158 -5.26683e-10 -0.385883 0.922548 0.594602 0 0 0 1 1 1.71144e-09 1.50711e-10 -0.00385352 -2.49206e-09 0.998999 0.0447313 -1.80745 -1.20455e-09 -0.0447312 0.998999 0.0689125 0 0 0 1 1 -1.50996e-07 -1.08247e-15 -0.00385329 -1.16412e-09 2.98023e-08 1 -0.100038 -1.50272e-07 -1 1.62664e-22 1.54092 0 0 0 1</float_array><technique_common><accessor count="24" offset="0" source="#Mesh_0_1-skin-bind_poses-array" stride="16"><param name="TRANSFORM" type="float4x4" /></accessor></technique_common></source>
      <source id="Mesh_0_1-skin-weights"><float_array id="Mesh_0_1-skin-weights-array" count="1">1</float_array><technique_common><accessor count="1" offset="0" source="#Mesh_0_1-skin-weights-array" stride="1"><param name="WEIGHT" type="float" /></accessor></technique_common></source>
      <joints><input semantic="JOINT" source="#Mesh_0_1-skin-joints" /><input semantic="INV_BIND_MATRIX" source="#Mesh_0_1-skin-bind_poses" /></joints>
      <vertex_weights count="3"><input semantic="JOINT" source="#Mesh_0_1-skin-joints" offset="0" /><input semantic="WEIGHT" source="#Mesh_0_1-skin-weights" offset="1" /><vcount>1 1 1</vcount><v>0 0 0 0 0 0</v></vertex_weights>
    </skin></controller>
  </library_controllers>
  <library_visual_scenes>
    <visual_scene id="RootNode" name="RootNode">
      <node id="mixamorigwHips" sid="mixamorigwHips" name="mixamorigwHips" type="JOINT">
        <translate sid="translate">0.00385352 0.946143 0.0286245</translate><rotate sid="rotateZ">0 0 1 -0.232986</rotate><rotate sid="rotateY">0 1 0 -0.145072</rotate><rotate sid="rotateX">1 0 0 26.1819</rotate>
        <node id="mixamorigwLeftUpLeg" sid="mixamorigwLeftUpLeg" name="mixamorigwLeftUpLeg" type="JOINT">
          <translate sid="translate">0.0957848 -0.0842078 0.0333163</translate><rotate sid="rotateZ">0 0 1 3.51</rotate><rotate sid="rotateY">0 1 0 8.99327</rotate><rotate sid="rotateX">1 0 0 158.13</rotate>
          <node id="mixamorigwLeftLeg" sid="mixamorigwLeftLeg" name="mixamorigwLeftLeg" type="JOINT">
            <translate sid="translate">-3.18274e-08 0.365977 1.95229e-07</translate><rotate sid="rotateZ">0 0 1 2.03375</rotate><rotate sid="rotateY">0 1 0 2.8175</rotate><rotate sid="rotateX">1 0 0 8.40382</rotate>
            <node id="mixamorigwLeftFoot" sid="mixamorigwLeftFoot" name="mixamorigwLeftFoot" type="JOINT">
              <translate sid="translate">8.84533e-09 0.359261 3.79086e-09</translate><rotate sid="rotateZ">0 0 1 2.65403</rotate><rotate sid="rotateY">0 1 0 -1.84634</rotate><rotate sid="rotateX">1 0 0 -58.7923</rotate>
              <node id="mixamorigwLeftToeBase" sid="mixamorigwLeftToeBase" name="mixamorigwLeftToeBase" type="JOINT">
                <translate sid="translate">-9.79304e-09 0.150844 0</translate><rotate sid="rotateZ">0 0 1 -5.33409e-05</rotate><rotate sid="rotateY">0 1 0 -3.34183</rotate><rotate sid="rotateX">1 0 0 -43.3337</rotate>
              </node>
            </node>
          </node>
        </node>
        <node id="mixamorigwRightUpLeg" sid="mixamorigwRightUpLeg" name="mixamorigwRightUpLeg" type="JOINT">
          <translate sid="translate">-0.0952036 -0.0839154 0.0339066</translate><rotate sid="rotateZ">0 0 1 -3.22396</rotate><rotate sid="rotateY">0 1 0 -8.56678</rotate><rotate sid="rotateX">1 0 0 158.028</rotate>
          <node id="mixamorigwRightLeg" sid="mixamorigwRightLeg" name="mixamorigwRightLeg" type="JOINT">
            <translate sid="translate">-2.91027e-08 0.36282 2.47669e-07</translate><rotate sid="rotateZ">0 0 1 -1.38203</rotate><rotate sid="rotateY">0 1 0 -2.16822</rotate><rotate sid="rotateX">1 0 0 7.79813</rotate>
            <node id="mixamorigwRightFoot" sid="mixamorigwRightFoot" name="mixamorigwRightFoot" type="JOINT">
              <translate sid="translate">-1.6427e-08 0.358719 1.26362e-09</translate><rotate sid="rotateZ">0 0 1 -2.86642</rotate><rotate sid="rotateY">0 1 0 2.56357</rotate><rotate sid="rotateX">1 0 0 -56.9173</rotate>
              <node id="mixamorigwRightToeBase" sid="mixamorigwRightToeBase" name="mixamorigwRightToeBase" type="JOINT">
                <translate sid="translate">-7.89762e-09 0.150699 -6.57082e-08</translate><rotate sid="rotateZ">0 0 1 -5.15439e-05</rotate><rotate sid="rotateY">0 1 0 4.27841</rotate><rotate sid="rotateX">1 0 0 -44.4102</rotate>
              </node>
            </node>
          </node>
        </node>
        <node id="mixamorigwSpine" sid="mixamorigwSpine" name="mixamorigwSpine" type="JOINT">
          <translate sid="translate">-0.00058124 0.121597 -0.0672225</translate><rotate sid="rotateZ">0 0 1 0.145073</rotate><rotate sid="rotateY">0 1 0 0.232985</rotate><rotate sid="rotateX">1 0 0 -28.9352</rotate>
          <node id="mixamorigwSpine1" sid="mixamorigwSpine1" name="mixamorigwSpine1" type="JOINT">
            <translate sid="translate">5.31351e-10 0.138942 -1.8196e-07</translate><rotate sid="rotateZ">0 0 1 -1.33402e-08</rotate><rotate sid="rotateY">0 1 0 -9.941e-08</rotate><rotate sid="rotateX">1 0 0 2.56132e-06</rotate>
            <node id="mixamorigwSpine2" sid="mixamorigwSpine2" name="mixamorigwSpine2" type="JOINT">
              <translate sid="translate">-2.56392e-10 0.138943 -5.81135e-12</translate><rotate sid="rotateZ">0 0 1 0.389755</rotate><rotate sid="rotateY">0 1 0 -0.378994</rotate><rotate sid="rotateX">1 0 0 -4.35765</rotate>
              <node id="mixamorigwLeftShoulder" sid="mixamorigwLeftShoulder" name="mixamorigwLeftShoulder" type="JOINT">
                <translate sid="translate">0.0431929 0.0719141 -0.00398395</translate><rotate sid="rotateZ">0 0 1 122.722</rotate><rotate sid="rotateY">0 1 0 81.5294</rotate><rotate sid="rotateX">1 0 0 -147.154</rotate>
                <node id="mixamorigwLeftArm" sid="mixamorigwLeftArm" name="mixamorigwLeftArm" type="JOINT">
                  <translate sid="translate">-3.24553e-08 0.171533 1.60997e-07</translate><rotate sid="rotateZ">0 0 1 35.5626</rotate><rotate sid="rotateY">0 1 0 35.0341</rotate><rotate sid="rotateX">1 0 0 58.6653</rotate>
                  <node id="mixamorigwLeftForeArm" sid="mixamorigwLeftForeArm" name="mixamorigwLeftForeArm" type="JOINT">
                    <translate sid="translate">-6.31809e-08 0.261279 8.84533e-08</translate><rotate sid="rotateZ">0 0 1 16.232</rotate><rotate sid="rotateY">0 1 0 -7.56631</rotate><rotate sid="rotateX">1 0 0 -29.2207</rotate>
                    <node id="mixamorigwLeftHand" sid="mixamorigwLeftHand" name="mixamorigwLeftHand" type="JOINT">
                      <translate sid="translate">3.53813e-08 0.258002 7.83443e-08</translate><rotate sid="rotateZ">0 0 1 17.057</rotate><rotate sid="rotateY">0 1 0 6.69567</rotate><rotate sid="rotateX">1 0 0 2.17207</rotate>
                    </node>
                  </node>
                </node>
              </node>
              <node id="mixamorigwRightShoulder" sid="mixamorigwRightShoulder" name="mixamorigwRightShoulder" type="JOINT">
                <translate sid="translate">-0.0439172 0.0686297 -0.00410151</translate><rotate sid="rotateZ">0 0 1 -118.209</rotate><rotate sid="rotateY">0 1 0 -81.9753</rotate><rotate sid="rotateX">1 0 0 -152.434</rotate>
                <node id="mixamorigwRightArm" sid="mixamorigwRightArm" name="mixamorigwRightArm" type="JOINT">
                  <translate sid="translate">2.11473e-09 0.177733 -9.98953e-10</translate><rotate sid="rotateZ">0 0 1 -38.3828</rotate><rotate sid="rotateY">0 1 0 -35.3884</rotate><rotate sid="rotateX">1 0 0 62.1835</rotate>
                  <node id="mixamorigwRightForeArm" sid="mixamorigwRightForeArm" name="mixamorigwRightForeArm" type="JOINT">
                    <translate sid="translate">-7.58171e-09 0.248032 -3.79086e-08</translate><rotate sid="rotateZ">0 0 1 -15.1012</rotate><rotate sid="rotateY">0 1 0 10.8233</rotate><rotate sid="rotateX">1 0 0 -32.4331</rotate>
                    <node id="mixamorigwRightHand" sid="mixamorigwRightHand" name="mixamorigwRightHand" type="JOINT">
                      <translate sid="translate">-3.15905e-08 0.252616 -2.62833e-07</translate><rotate sid="rotateZ">0 0 1 -17.1606</rotate><rotate sid="rotateY">0 1 0 -6.69971</rotate><rotate sid="rotateX">1 0 0 2.51573</rotate>
                    </node>
                  </node>
                </node>
              </node>
              <node id="mixamorigwNeck" sid="mixamorigwNeck" name="mixamorigwNeck" type="JOINT">
                <translate sid="translate">0.00072429 0.106167 0.00808535</translate><rotate sid="rotateZ">0 0 1 -0.359841</rotate><rotate sid="rotateY">0 1 0 0.407504</rotate><rotate sid="rotateX">1 0 0 4.35507</rotate>
                <node id="mixamorigwHead" sid="mixamorigwHead" name="mixamorigwHead" type="JOINT">
                  <translate sid="translate">-3.54751e-10 0.0721631 1.81598e-08</translate><rotate sid="rotateZ">0 0 1 3.78874e-07</rotate><rotate sid="rotateY">0 1 0 2.11712e-07</rotate><rotate sid="rotateX">1 0 0 25.4525</rotate>
                  <node id="mixamorigwHeadTop_End" sid="mixamorigwHeadTop_End" name="mixamorigwHeadTop_End" type="JOINT">
                    <translate sid="translate">-7.34873e-10 0.251682 -0.0922759</translate><rotate sid="rotateZ">0 0 1 -4.5508e-09</rotate><rotate sid="rotateY">0 1 0 1.45296e-08</rotate><rotate sid="rotateX">1 0 0 -20.1348</rotate>
                  </node>
                  <node id="mixamorigwHeadFront" sid="mixamorigwHeadFront" name="mixamorigwHeadFront" type="JOINT">
                    <translate sid="translate">-8.34142e-10 0.0385968 0.092276</translate><rotate sid="rotateZ">0 0 1 -8.0797e-06</rotate><rotate sid="rotateY">0 1 0 -3.35378e-06</rotate><rotate sid="rotateX">1 0 0 67.3014</rotate>
                  </node>
                </node>
              </node>
            </node>
          </node>
        </node>
      </node>
      <node id="Mesh_0" name="Mesh_0" type="NODE">
        <translate sid="translate">0 0 0</translate><rotate sid="rotateZ">0 0 1 0</rotate><rotate sid="rotateY">0 1 0 -0</rotate><rotate sid="rotateX">1 0 0 -90</rotate><scale sid="scale">100 100 100</scale><instance_controller url="#Mesh_0_1-skin">
          <skeleton>#mixamorigwHips</skeleton>
          <bind_material><technique_common><instance_material symbol="defaultMaterial" target="#%s"><bind_vertex_input semantic="CHANNEL0" input_semantic="TEXCOORD" input_set="0" /></instance_material></technique_common></bind_material>
        </instance_controller>
      </node>
    </visual_scene>
  </library_visual_scenes>
  <library_animations>
    <animation id="hpl_mixamorigwHips">
      <source id="hpl_mixamorigwHips-time"><float_array id="hpl_mixamorigwHips-time-array" count="19">0 1 2 3 4 5 6 7 8 9 10 11 12 13 14 15 16 17 18</float_array><technique_common><accessor source="#hpl_mixamorigwHips-time-array" count="19" stride="1" /></technique_common></source>
      <source id="hpl_mixamorigwHips-trans"><float_array id="hpl_mixamorigwHips-trans-array" count="57">0.0042934 0.835997 0.0286083 0.00484692 0.908133 0.0432952 0.00663978 0.902591 0.0425619 0.00987347 0.876758 0.0318824 0.0102305 0.862493 0.022302 0.00903764 0.866328 0.0109715 0.00831611 0.872256 0.00817132 0.00693683 0.878466 0.00408357 0.00458391 0.870946 -0.00220889 0.00407387 0.833259 -0.00266118 0.00468456 0.860559 0.0106558 0.00446021 0.924175 0.0176726 0.0022076 0.900802 0.0211239 -7.03812e-05 0.88372 0.0222219 -0.00130897 0.883304 0.0205961 -0.000818007 0.890978 0.0195348 0.00175633 0.896337 0.0176886 0.00355995 0.889261 0.018558 0.0042934 0.835997 0.0286083</float_array><technique_common><accessor source="#hpl_mixamorigwHips-trans-array" count="19" stride="3" /></technique_common></source>
      <source id="hpl_mixamorigwHips-rotz"><float_array id="hpl_mixamorigwHips-rotz-array" count="19">3.6063 1.68728 0.643684 2.38227 5.32643 4.99178 3.08343 0.581887 -1.22118 -0.745118 0.866483 1.77211 0.876844 -2.18055 -3.64753 -2.40985 0.344739 2.87205 3.6063</float_array><technique_common><accessor source="#hpl_mixamorigwHips-rotz-array" count="19" stride="1" /></technique_common></source>
      <source id="hpl_mixamorigwHips-roty"><float_array id="hpl_mixamorigwHips-roty-array" count="19">3.44938 4.03736 4.12621 4.49145 5.02299 5.04083 5.27028 5.72051 6.07821 7.04195 7.7654 7.67432 7.11248 6.1189 5.90539 6.48767 6.61019 6.17611 3.44938</float_array><technique_common><accessor source="#hpl_mixamorigwHips-roty-array" count="19" stride="1" /></technique_common></source>
      <source id="hpl_mixamorigwHips-rotx"><float_array id="hpl_mixamorigwHips-rotx-array" count="19">37.3864 34.4386 31.7724 30.8524 30.6094 29.3379 28.8858 29.4781 30.1178 29.9488 28.4039 26.3362 25.4103 24.4541 23.7273 24.1938 26.7083 29.9884 37.3864</float_array><technique_common><accessor source="#hpl_mixamorigwHips-rotx-array" count="19" stride="1" /></technique_common></source>
      <sampler id="hpl_mixamorigwHips-trans-sampler"><input semantic="INPUT" source="#hpl_mixamorigwHips-time" /><input semantic="OUTPUT" source="#hpl_mixamorigwHips-trans" /></sampler><channel source="#hpl_mixamorigwHips-trans-sampler" target="mixamorigwHips/translate" />
      <sampler id="hpl_mixamorigwHips-rotz-sampler"><input semantic="INPUT" source="#hpl_mixamorigwHips-time" /><input semantic="OUTPUT" source="#hpl_mixamorigwHips-rotz" /></sampler><channel source="#hpl_mixamorigwHips-rotz-sampler" target="mixamorigwHips/rotateZ.ANGLE" />
      <sampler id="hpl_mixamorigwHips-roty-sampler"><input semantic="INPUT" source="#hpl_mixamorigwHips-time" /><input semantic="OUTPUT" source="#hpl_mixamorigwHips-roty" /></sampler><channel source="#hpl_mixamorigwHips-roty-sampler" target="mixamorigwHips/rotateY.ANGLE" />
      <sampler id="hpl_mixamorigwHips-rotx-sampler"><input semantic="INPUT" source="#hpl_mixamorigwHips-time" /><input semantic="OUTPUT" source="#hpl_mixamorigwHips-rotx" /></sampler><channel source="#hpl_mixamorigwHips-rotx-sampler" target="mixamorigwHips/rotateX.ANGLE" />
    </animation>
    <animation id="hpl_mixamorigwLeftUpLeg">
      <source id="hpl_mixamorigwLeftUpLeg-time"><float_array id="hpl_mixamorigwLeftUpLeg-time-array" count="19">0 1 2 3 4 5 6 7 8 9 10 11 12 13 14 15 16 17 18</float_array><technique_common><accessor source="#hpl_mixamorigwLeftUpLeg-time-array" count="19" stride="1" /></technique_common></source>
      <source id="hpl_mixamorigwLeftUpLeg-trans"><float_array id="hpl_mixamorigwLeftUpLeg-trans-array" count="57">0.0957845 -0.0842078 0.0333166 0.0957845 -0.0842078 0.0333166 0.0957845 -0.0842078 0.0333166 0.0957845 -0.0842078 0.0333166 0.0957845 -0.0842078 0.0333166 0.0957845 -0.0842078 0.0333166 0.0957845 -0.0842078 0.0333166 0.0957845 -0.0842078 0.0333166 0.0957845 -0.0842078 0.0333166 0.0957845 -0.0842078 0.0333166 0.0957845 -0.0842078 0.0333166 0.0957845 -0.0842078 0.0333166 0.0957845 -0.0842078 0.0333166 0.0957845 -0.0842078 0.0333166 0.0957845 -0.0842078 0.0333166 0.0957845 -0.0842078 0.0333166 0.0957845 -0.0842078 0.0333166 0.0957845 -0.0842078 0.0333166 0.0957845 -0.0842078 0.0333166</float_array><technique_common><accessor source="#hpl_mixamorigwLeftUpLeg-trans-array" count="19" stride="3" /></technique_common></source>
      <source id="hpl_mixamorigwLeftUpLeg-rotz"><float_array id="hpl_mixamorigwLeftUpLeg-rotz-array" count="19">-11.4233 -11.178 -12.4936 -15.0908 -16.1885 -14.5987 -10.2687 -4.91727 -0.468197 1.39104 0.405459 -1.06717 -1.06582 0.572156 0.147358 -1.72879 -4.05697 -6.07578 -11.4233</float_array><technique_common><accessor source="#hpl_mixamorigwLeftUpLeg-rotz-array" count="19" stride="1" /></technique_common></source>
      <source id="hpl_mixamorigwLeftUpLeg-roty"><float_array id="hpl_mixamorigwLeftUpLeg-roty-array" count="19">-5.94217 -2.54862 1.28953 0.970958 -0.481705 3.09811 5.46083 7.26549 8.95545 8.03438 6.21741 5.82938 8.34705 11.1094 7.96893 2.05843 -3.95136 -7.54149 -5.94217</float_array><technique_common><accessor source="#hpl_mixamorigwLeftUpLeg-roty-array" count="19" stride="1" /></technique_common></source>
      <source id="hpl_mixamorigwLeftUpLeg-rotx"><float_array id="hpl_mixamorigwLeftUpLeg-rotx-array" count="19">90.8839 99.5573 108.424 112.815 120.048 133.09 147.684 160.932 172.257 179.978 180.653 175.037 163.645 149.761 134.422 121.151 110.545 104.767 90.8839</float_array><technique_common><accessor source="#hpl_mixamorigwLeftUpLeg-rotx-array" count="19" stride="1" /></technique_common></source>
      <sampler id="hpl_mixamorigwLeftUpLeg-trans-sampler"><input semantic="INPUT" source="#hpl_mixamorigwLeftUpLeg-time" /><input semantic="OUTPUT" source="#hpl_mixamorigwLeftUpLeg-trans" /></sampler><channel source="#hpl_mixamorigwLeftUpLeg-trans-sampler" target="mixamorigwLeftUpLeg/translate" />
      <sampler id="hpl_mixamorigwLeftUpLeg-rotz-sampler"><input semantic="INPUT" source="#hpl_mixamorigwLeftUpLeg-time" /><input semantic="OUTPUT" source="#hpl_mixamorigwLeftUpLeg-rotz" /></sampler><channel source="#hpl_mixamorigwLeftUpLeg-rotz-sampler" target="mixamorigwLeftUpLeg/rotateZ.ANGLE" />
      <sampler id="hpl_mixamorigwLeftUpLeg-roty-sampler"><input semantic="INPUT" source="#hpl_mixamorigwLeftUpLeg-time" /><input semantic="OUTPUT" source="#hpl_mixamorigwLeftUpLeg-roty" /></sampler><channel source="#hpl_mixamorigwLeftUpLeg-roty-sampler" target="mixamorigwLeftUpLeg/rotateY.ANGLE" />
      <sampler id="hpl_mixamorigwLeftUpLeg-rotx-sampler"><input semantic="INPUT" source="#hpl_mixamorigwLeftUpLeg-time" /><input semantic="OUTPUT" source="#hpl_mixamorigwLeftUpLeg-rotx" /></sampler><channel source="#hpl_mixamorigwLeftUpLeg-rotx-sampler" target="mixamorigwLeftUpLeg/rotateX.ANGLE" />
    </animation>
    <animation id="hpl_mixamorigwLeftLeg">
      <source id="hpl_mixamorigwLeftLeg-time"><float_array id="hpl_mixamorigwLeftLeg-time-array" count="19">0 1 2 3 4 5 6 7 8 9 10 11 12 13 14 15 16 17 18</float_array><technique_common><accessor source="#hpl_mixamorigwLeftLeg-time-array" count="19" stride="1" /></technique_common></source>
      <source id="hpl_mixamorigwLeftLeg-trans"><float_array id="hpl_mixamorigwLeftLeg-trans-array" count="57">1.07603e-07 0.365976 2.03778e-07 1.07603e-07 0.365976 2.03778e-07 1.07603e-07 0.365976 2.03778e-07 1.07603e-07 0.365976 2.03778e-07 1.07603e-07 0.365976 2.03778e-07 1.07603e-07 0.365976 2.03778e-07 1.07603e-07 0.365976 2.03778e-07 1.07603e-07 0.365976 2.03778e-07 1.07603e-07 0.365976 2.03778e-07 1.07603e-07 0.365976 2.03778e-07 1.07603e-07 0.365976 2.03778e-07 1.07603e-07 0.365976 2.03778e-07 1.07603e-07 0.365976 2.03778e-07 1.07603e-07 0.365976 2.03778e-07 1.07603e-07 0.365976 2.03778e-07 1.07603e-07 0.365976 2.03778e-07 1.07603e-07 0.365976 2.03778e-07 1.07603e-07 0.365976 2.03778e-07 1.07603e-07 0.365976 2.03778e-07</float_array><technique_common><accessor source="#hpl_mixamorigwLeftLeg-trans-array" count="19" stride="3" /></technique_common></source>
      <source id="hpl_mixamorigwLeftLeg-rotz"><float_array id="hpl_mixamorigwLeftLeg-rotz-array" count="19">-3.70158 -2.78486 -2.50997 -3.62337 -4.29239 -3.7642 -3.29859 -2.68954 -1.69398 -1.2946 -2.28945 -3.47654 -4.18404 -4.40385 -4.2235 -4.27868 -4.6143 -4.49298 -3.70158</float_array><technique_common><accessor source="#hpl_mixamorigwLeftLeg-rotz-array" count="19" stride="1" /></technique_common></source>
      <source id="hpl_mixamorigwLeftLeg-roty"><float_array id="hpl_mixamorigwLeftLeg-roty-array" count="19">3.62194 2.98503 2.44767 2.54526 3.30456 3.20246 3.07877 2.93486 2.91713 3.04492 3.40232 4.10841 5.17303 6.57785 7.33219 7.13395 6.31832 5.14196 3.62194</float_array><technique_common><accessor source="#hpl_mixamorigwLeftLeg-roty-array" count="19" stride="1" /></technique_common></source>
      <source id="hpl_mixamorigwLeftLeg-rotx"><float_array id="hpl_mixamorigwLeftLeg-rotx-array" count="19">52.4661 39.5857 35.9657 47.517 56.0518 53.379 45.1691 34.4865 23.6069 18.9558 28.6794 48.4048 70.6962 89.2964 98.2085 95.906 86.4707 70.1999 52.4661</float_array><technique_common><accessor source="#hpl_mixamorigwLeftLeg-rotx-array" count="19" stride="1" /></technique_common></source>
      <sampler id="hpl_mixamorigwLeftLeg-trans-sampler"><input semantic="INPUT" source="#hpl_mixamorigwLeftLeg-time" /><input semantic="OUTPUT" source="#hpl_mixamorigwLeftLeg-trans" /></sampler><channel source="#hpl_mixamorigwLeftLeg-trans-sampler" target="mixamorigwLeftLeg/translate" />
      <sampler id="hpl_mixamorigwLeftLeg-rotz-sampler"><input semantic="INPUT" source="#hpl_mixamorigwLeftLeg-time" /><input semantic="OUTPUT" source="#hpl_mixamorigwLeftLeg-rotz" /></sampler><channel source="#hpl_mixamorigwLeftLeg-rotz-sampler" target="mixamorigwLeftLeg/rotateZ.ANGLE" />
      <sampler id="hpl_mixamorigwLeftLeg-roty-sampler"><input semantic="INPUT" source="#hpl_mixamorigwLeftLeg-time" /><input semantic="OUTPUT" source="#hpl_mixamorigwLeftLeg-roty" /></sampler><channel source="#hpl_mixamorigwLeftLeg-roty-sampler" target="mixamorigwLeftLeg/rotateY.ANGLE" />
      <sampler id="hpl_mixamorigwLeftLeg-rotx-sampler"><input semantic="INPUT" source="#hpl_mixamorigwLeftLeg-time" /><input semantic="OUTPUT" source="#hpl_mixamorigwLeftLeg-rotx" /></sampler><channel source="#hpl_mixamorigwLeftLeg-rotx-sampler" target="mixamorigwLeftLeg/rotateX.ANGLE" />
    </animation>
    <animation id="hpl_mixamorigwLeftFoot">
      <source id="hpl_mixamorigwLeftFoot-time"><float_array id="hpl_mixamorigwLeftFoot-time-array" count="19">0 1 2 3 4 5 6 7 8 9 10 11 12 13 14 15 16 17 18</float_array><technique_common><accessor source="#hpl_mixamorigwLeftFoot-time-array" count="19" stride="1" /></technique_common></source>
      <source id="hpl_mixamorigwLeftFoot-trans"><float_array id="hpl_mixamorigwLeftFoot-trans-array" count="57">-5.64809e-08 0.359262 -2.19094e-07 -5.64809e-08 0.359262 -2.19094e-07 -5.64809e-08 0.359262 -2.19094e-07 -5.64809e-08 0.359262 -2.19094e-07 -5.64809e-08 0.359262 -2.19094e-07 -5.64809e-08 0.359262 -2.19094e-07 -5.64809e-08 0.359262 -2.19094e-07 -5.64809e-08 0.359262 -2.19094e-07 -5.64809e-08 0.359262 -2.19094e-07 -5.64809e-08 0.359262 -2.19094e-07 -5.64809e-08 0.359262 -2.19094e-07 -5.64809e-08 0.359262 -2.19094e-07 -5.64809e-08 0.359262 -2.19094e-07 -5.64809e-08 0.359262 -2.19094e-07 -5.64809e-08 0.359262 -2.19094e-07 -5.64809e-08 0.359262 -2.19094e-07 -5.64809e-08 0.359262 -2.19094e-07 -5.64809e-08 0.359262 -2.19094e-07 -5.64809e-08 0.359262 -2.19094e-07</float_array><technique_common><accessor source="#hpl_mixamorigwLeftFoot-trans-array" count="19" stride="3" /></technique_common></source>
      <source id="hpl_mixamorigwLeftFoot-rotz"><float_array id="hpl_mixamorigwLeftFoot-rotz-array" count="19">8.25788 12.7826 11.1621 -4.66177 -3.24261 -0.772931 1.2165 1.91233 0.519495 2.19067 4.54307 5.34943 2.60257 -0.0858131 -0.492435 0.517702 1.45156 2.3813 8.25788</float_array><technique_common><accessor source="#hpl_mixamorigwLeftFoot-rotz-array" count="19" stride="1" /></technique_common></source>
      <source id="hpl_mixamorigwLeftFoot-roty"><float_array id="hpl_mixamorigwLeftFoot-roty-array" count="19">-5.53897 -3.51508 -0.585288 -0.589681 -3.41626 -2.10868 -1.38809 -0.925986 -1.13804 -1.8058 -3.83157 -5.44565 -8.47971 -9.43971 -9.77366 -10.6187 -12.8612 -12.4379 -5.53897</float_array><technique_common><accessor source="#hpl_mixamorigwLeftFoot-roty-array" count="19" stride="1" /></technique_common></source>
      <source id="hpl_mixamorigwLeftFoot-rotx"><float_array id="hpl_mixamorigwLeftFoot-rotx-array" count="19">-48.5415 -47.5334 -47.8823 -58.0328 -72.9147 -82.2749 -83.1702 -71.9812 -49.902 -30.1132 -25.2028 -31.2548 -37.9031 -44.505 -50.651 -54.7882 -56.1252 -54.6974 -48.5415</float_array><technique_common><accessor source="#hpl_mixamorigwLeftFoot-rotx-array" count="19" stride="1" /></technique_common></source>
      <sampler id="hpl_mixamorigwLeftFoot-trans-sampler"><input semantic="INPUT" source="#hpl_mixamorigwLeftFoot-time" /><input semantic="OUTPUT" source="#hpl_mixamorigwLeftFoot-trans" /></sampler><channel source="#hpl_mixamorigwLeftFoot-trans-sampler" target="mixamorigwLeftFoot/translate" />
      <sampler id="hpl_mixamorigwLeftFoot-rotz-sampler"><input semantic="INPUT" source="#hpl_mixamorigwLeftFoot-time" /><input semantic="OUTPUT" source="#hpl_mixamorigwLeftFoot-rotz" /></sampler><channel source="#hpl_mixamorigwLeftFoot-rotz-sampler" target="mixamorigwLeftFoot/rotateZ.ANGLE" />
      <sampler id="hpl_mixamorigwLeftFoot-roty-sampler"><input semantic="INPUT" source="#hpl_mixamorigwLeftFoot-time" /><input semantic="OUTPUT" source="#hpl_mixamorigwLeftFoot-roty" /></sampler><channel source="#hpl_mixamorigwLeftFoot-roty-sampler" target="mixamorigwLeftFoot/rotateY.ANGLE" />
      <sampler id="hpl_mixamorigwLeftFoot-rotx-sampler"><input semantic="INPUT" source="#hpl_mixamorigwLeftFoot-time" /><input semantic="OUTPUT" source="#hpl_mixamorigwLeftFoot-rotx" /></sampler><channel source="#hpl_mixamorigwLeftFoot-rotx-sampler" target="mixamorigwLeftFoot/rotateX.ANGLE" />
    </animation>
    <animation id="hpl_mixamorigwLeftToeBase">
      <source id="hpl_mixamorigwLeftToeBase-time"><float_array id="hpl_mixamorigwLeftToeBase-time-array" count="19">0 1 2 3 4 5 6 7 8 9 10 11 12 13 14 15 16 17 18</float_array><technique_common><accessor source="#hpl_mixamorigwLeftToeBase-time-array" count="19" stride="1" /></technique_common></source>
      <source id="hpl_mixamorigwLeftToeBase-trans"><float_array id="hpl_mixamorigwLeftToeBase-trans-array" count="57">5.98546e-07 0.150844 1.06224e-07 5.98546e-07 0.150844 1.06224e-07 5.98546e-07 0.150844 1.06224e-07 5.98546e-07 0.150844 1.06224e-07 5.98546e-07 0.150844 1.06224e-07 5.98546e-07 0.150844 1.06224e-07 5.98546e-07 0.150844 1.06224e-07 5.98546e-07 0.150844 1.06224e-07 5.98546e-07 0.150844 1.06224e-07 5.98546e-07 0.150844 1.06224e-07 5.98546e-07 0.150844 1.06224e-07 5.98546e-07 0.150844 1.06224e-07 5.98546e-07 0.150844 1.06224e-07 5.98546e-07 0.150844 1.06224e-07 5.98546e-07 0.150844 1.06224e-07 5.98546e-07 0.150844 1.06224e-07 5.98546e-07 0.150844 1.06224e-07 5.98546e-07 0.150844 1.06224e-07 5.98546e-07 0.150844 1.06224e-07</float_array><technique_common><accessor source="#hpl_mixamorigwLeftToeBase-trans-array" count="19" stride="3" /></technique_common></source>
      <source id="hpl_mixamorigwLeftToeBase-rotz"><float_array id="hpl_mixamorigwLeftToeBase-rotz-array" count="19">0.864749 0.863242 1.01231 0.47597 0.206207 0.190737 0.43345 1.6004 3.12485 1.42322 0.359931 0.266067 0.267356 0.294694 0.484136 0.731506 0.885112 1.00254 0.864749</float_array><technique_common><accessor source="#hpl_mixamorigwLeftToeBase-rotz-array" count="19" stride="1" /></technique_common></source>
      <source id="hpl_mixamorigwLeftToeBase-roty"><float_array id="hpl_mixamorigwLeftToeBase-roty-array" count="19">-1.37476 -1.40419 -1.44037 -1.11692 -1.08769 -1.07791 -1.34249 -2.10744 -2.81176 -1.95356 -0.892533 -0.786205 -0.918413 -1.01845 -1.15613 -1.30633 -1.35146 -1.28396 -1.37476</float_array><technique_common><accessor source="#hpl_mixamorigwLeftToeBase-roty-array" count="19" stride="1" /></technique_common></source>
      <source id="hpl_mixamorigwLeftToeBase-rotx"><float_array id="hpl_mixamorigwLeftToeBase-rotx-array" count="19">-49.6523 -49.3113 -48.8893 -45.9389 -44.0788 -44.0942 -46.9773 -57.7623 -71.8292 -58.1258 -49.1125 -47.9951 -48.3807 -48.2913 -48.9327 -49.6817 -50.2535 -50.2523 -49.6523</float_array><technique_common><accessor source="#hpl_mixamorigwLeftToeBase-rotx-array" count="19" stride="1" /></technique_common></source>
      <sampler id="hpl_mixamorigwLeftToeBase-trans-sampler"><input semantic="INPUT" source="#hpl_mixamorigwLeftToeBase-time" /><input semantic="OUTPUT" source="#hpl_mixamorigwLeftToeBase-trans" /></sampler><channel source="#hpl_mixamorigwLeftToeBase-trans-sampler" target="mixamorigwLeftToeBase/translate" />
      <sampler id="hpl_mixamorigwLeftToeBase-rotz-sampler"><input semantic="INPUT" source="#hpl_mixamorigwLeftToeBase-time" /><input semantic="OUTPUT" source="#hpl_mixamorigwLeftToeBase-rotz" /></sampler><channel source="#hpl_mixamorigwLeftToeBase-rotz-sampler" target="mixamorigwLeftToeBase/rotateZ.ANGLE" />
      <sampler id="hpl_mixamorigwLeftToeBase-roty-sampler"><input semantic="INPUT" source="#hpl_mixamorigwLeftToeBase-time" /><input semantic="OUTPUT" source="#hpl_mixamorigwLeftToeBase-roty" /></sampler><channel source="#hpl_mixamorigwLeftToeBase-roty-sampler" target="mixamorigwLeftToeBase/rotateY.ANGLE" />
      <sampler id="hpl_mixamorigwLeftToeBase-rotx-sampler"><input semantic="INPUT" source="#hpl_mixamorigwLeftToeBase-time" /><input semantic="OUTPUT" source="#hpl_mixamorigwLeftToeBase-rotx" /></sampler><channel source="#hpl_mixamorigwLeftToeBase-rotx-sampler" target="mixamorigwLeftToeBase/rotateX.ANGLE" />
    </animation>
    <animation id="hpl_mixamorigwRightUpLeg">
      <source id="hpl_mixamorigwRightUpLeg-time"><float_array id="hpl_mixamorigwRightUpLeg-time-array" count="19">0 1 2 3 4 5 6 7 8 9 10 11 12 13 14 15 16 17 18</float_array><technique_common><accessor source="#hpl_mixamorigwRightUpLeg-time-array" count="19" stride="1" /></technique_common></source>
      <source id="hpl_mixamorigwRightUpLeg-trans"><float_array id="hpl_mixamorigwRightUpLeg-trans-array" count="57">-0.0952037 -0.0839154 0.0339068 -0.0952037 -0.0839154 0.0339068 -0.0952037 -0.0839154 0.0339068 -0.0952037 -0.0839154 0.0339068 -0.0952037 -0.0839154 0.0339068 -0.0952037 -0.0839154 0.0339068 -0.0952037 -0.0839154 0.0339068 -0.0952037 -0.0839154 0.0339068 -0.0952037 -0.0839154 0.0339068 -0.0952037 -0.0839154 0.0339068 -0.0952037 -0.0839154 0.0339068 -0.0952037 -0.0839154 0.0339068 -0.0952037 -0.0839154 0.0339068 -0.0952037 -0.0839154 0.0339068 -0.0952037 -0.0839154 0.0339068 -0.0952037 -0.0839154 0.0339068 -0.0952037 -0.0839154 0.0339068 -0.0952037 -0.0839154 0.0339068 -0.0952037 -0.0839154 0.0339068</float_array><technique_common><accessor source="#hpl_mixamorigwRightUpLeg-trans-array" count="19" stride="3" /></technique_common></source>
      <source id="hpl_mixamorigwRightUpLeg-rotz"><float_array id="hpl_mixamorigwRightUpLeg-rotz-array" count="19">-2.01773 0.622778 1.77309 0.526522 -0.0610619 1.12416 1.78998 3.00933 4.99344 7.82205 9.4611 10.254 10.7708 11.2844 12.2004 10.0447 6.17755 1.72759 -2.01773</float_array><technique_common><accessor source="#hpl_mixamorigwRightUpLeg-rotz-array" count="19" stride="1" /></technique_common></source>
      <source id="hpl_mixamorigwRightUpLeg-roty"><float_array id="hpl_mixamorigwRightUpLeg-roty-array" count="19">-11.1475 -9.24168 -10.905 -15.276 -16.7607 -12.0781 -5.58995 -1.14254 -0.265688 -3.56358 -7.0129 -9.04431 -7.62235 -2.45525 -2.24148 -4.12982 -7.35952 -12.2898 -11.1475</float_array><technique_common><accessor source="#hpl_mixamorigwRightUpLeg-roty-array" count="19" stride="1" /></technique_common></source>
      <source id="hpl_mixamorigwRightUpLeg-rotx"><float_array id="hpl_mixamorigwRightUpLeg-rotx-array" count="19">-171.172 -176.355 -185.512 -199.687 -218.34 -235.143 -249.234 -257.621 -258.812 -255.315 -250.556 -244.814 -239.964 -232.957 -219.228 -204.018 -191.044 -179.19 -171.172</float_array><technique_common><accessor source="#hpl_mixamorigwRightUpLeg-rotx-array" count="19" stride="1" /></technique_common></source>
      <sampler id="hpl_mixamorigwRightUpLeg-trans-sampler"><input semantic="INPUT" source="#hpl_mixamorigwRightUpLeg-time" /><input semantic="OUTPUT" source="#hpl_mixamorigwRightUpLeg-trans" /></sampler><channel source="#hpl_mixamorigwRightUpLeg-trans-sampler" target="mixamorigwRightUpLeg/translate" />
      <sampler id="hpl_mixamorigwRightUpLeg-rotz-sampler"><input semantic="INPUT" source="#hpl_mixamorigwRightUpLeg-time" /><input semantic="OUTPUT" source="#hpl_mixamorigwRightUpLeg-rotz" /></sampler><channel source="#hpl_mixamorigwRightUpLeg-rotz-sampler" target="mixamorigwRightUpLeg/rotateZ.ANGLE" />
      <sampler id="hpl_mixamorigwRightUpLeg-roty-sampler"><input semantic="INPUT" source="#hpl_mixamorigwRightUpLeg-time" /><input semantic="OUTPUT" source="#hpl_mixamorigwRightUpLeg-roty" /></sampler><channel source="#hpl_mixamorigwRightUpLeg-roty-sampler" target="mixamorigwRightUpLeg/rotateY.ANGLE" />
      <sampler id="hpl_mixamorigwRightUpLeg-rotx-sampler"><input semantic="INPUT" source="#hpl_mixamorigwRightUpLeg-time" /><input semantic="OUTPUT" source="#hpl_mixamorigwRightUpLeg-rotx" /></sampler><channel source="#hpl_mixamorigwRightUpLeg-rotx-sampler" target="mixamorigwRightUpLeg/rotateX.ANGLE" />
    </animation>
    <animation id="hpl_mixamorigwRightLeg">
      <source id="hpl_mixamorigwRightLeg-time"><float_array id="hpl_mixamorigwRightLeg-time-array" count="19">0 1 2 3 4 5 6 7 8 9 10 11 12 13 14 15 16 17 18</float_array><technique_common><accessor source="#hpl_mixamorigwRightLeg-time-array" count="19" stride="1" /></technique_common></source>
      <source id="hpl_mixamorigwRightLeg-trans"><float_array id="hpl_mixamorigwRightLeg-trans-array" count="57">-3.58077e-07 0.36282 -8.80395e-09 -3.58077e-07 0.36282 -8.80395e-09 -3.58077e-07 0.36282 -8.80395e-09 -3.58077e-07 0.36282 -8.80395e-09 -3.58077e-07 0.36282 -8.80395e-09 -3.58077e-07 0.36282 -8.80395e-09 -3.58077e-07 0.36282 -8.80395e-09 -3.58077e-07 0.36282 -8.80395e-09 -3.58077e-07 0.36282 -8.80395e-09 -3.58077e-07 0.36282 -8.80395e-09 -3.58077e-07 0.36282 -8.80395e-09 -3.58077e-07 0.36282 -8.80395e-09 -3.58077e-07 0.36282 -8.80395e-09 -3.58077e-07 0.36282 -8.80395e-09 -3.58077e-07 0.36282 -8.80395e-09 -3.58077e-07 0.36282 -8.80395e-09 -3.58077e-07 0.36282 -8.80395e-09 -3.58077e-07 0.36282 -8.80395e-09 -3.58077e-07 0.36282 -8.80395e-09</float_array><technique_common><accessor source="#hpl_mixamorigwRightLeg-trans-array" count="19" stride="3" /></technique_common></source>
      <source id="hpl_mixamorigwRightLeg-rotz"><float_array id="hpl_mixamorigwRightLeg-rotz-array" count="19">0.150744 2.97305 4.58471 4.88643 4.88764 4.81644 5.29224 5.25737 4.23047 2.68339 1.88354 2.06515 2.92806 4.47457 4.10616 3.28563 2.16046 0.59366 0.150744</float_array><technique_common><accessor source="#hpl_mixamorigwRightLeg-rotz-array" count="19" stride="1" /></technique_common></source>
      <source id="hpl_mixamorigwRightLeg-roty"><float_array id="hpl_mixamorigwRightLeg-roty-array" count="19">-1.54656 -2.57025 -4.68823 -6.53962 -8.02272 -8.14058 -7.08827 -5.79703 -4.16291 -2.80269 -2.44404 -2.56638 -2.58194 -3.10068 -3.02106 -2.33895 -1.69018 -1.44328 -1.54656</float_array><technique_common><accessor source="#hpl_mixamorigwRightLeg-roty-array" count="19" stride="1" /></technique_common></source>
      <source id="hpl_mixamorigwRightLeg-rotx"><float_array id="hpl_mixamorigwRightLeg-rotx-array" count="19">1.60963 26.5098 51.9576 75.3538 94.4702 101.027 96.247 81.3168 58.2272 35.6743 26.1805 29.4601 39.4866 50.6017 47.1588 36.1979 22.7626 6.91901 1.60963</float_array><technique_common><accessor source="#hpl_mixamorigwRightLeg-rotx-array" count="19" stride="1" /></technique_common></source>
      <sampler id="hpl_mixamorigwRightLeg-trans-sampler"><input semantic="INPUT" source="#hpl_mixamorigwRightLeg-time" /><input semantic="OUTPUT" source="#hpl_mixamorigwRightLeg-trans" /></sampler><channel source="#hpl_mixamorigwRightLeg-trans-sampler" target="mixamorigwRightLeg/translate" />
      <sampler id="hpl_mixamorigwRightLeg-rotz-sampler"><input semantic="INPUT" source="#hpl_mixamorigwRightLeg-time" /><input semantic="OUTPUT" source="#hpl_mixamorigwRightLeg-rotz" /></sampler><channel source="#hpl_mixamorigwRightLeg-rotz-sampler" target="mixamorigwRightLeg/rotateZ.ANGLE" />
      <sampler id="hpl_mixamorigwRightLeg-roty-sampler"><input semantic="INPUT" source="#hpl_mixamorigwRightLeg-time" /><input semantic="OUTPUT" source="#hpl_mixamorigwRightLeg-roty" /></sampler><channel source="#hpl_mixamorigwRightLeg-roty-sampler" target="mixamorigwRightLeg/rotateY.ANGLE" />
      <sampler id="hpl_mixamorigwRightLeg-rotx-sampler"><input semantic="INPUT" source="#hpl_mixamorigwRightLeg-time" /><input semantic="OUTPUT" source="#hpl_mixamorigwRightLeg-rotx" /></sampler><channel source="#hpl_mixamorigwRightLeg-rotx-sampler" target="mixamorigwRightLeg/rotateX.ANGLE" />
    </animation>
    <animation id="hpl_mixamorigwRightFoot">
      <source id="hpl_mixamorigwRightFoot-time"><float_array id="hpl_mixamorigwRightFoot-time-array" count="19">0 1 2 3 4 5 6 7 8 9 10 11 12 13 14 15 16 17 18</float_array><technique_common><accessor source="#hpl_mixamorigwRightFoot-time-array" count="19" stride="1" /></technique_common></source>
      <source id="hpl_mixamorigwRightFoot-trans"><float_array id="hpl_mixamorigwRightFoot-trans-array" count="57">6.07786e-07 0.358719 1.03594e-07 6.07786e-07 0.358719 1.03594e-07 6.07786e-07 0.358719 1.03594e-07 6.07786e-07 0.358719 1.03594e-07 6.07786e-07 0.358719 1.03594e-07 6.07786e-07 0.358719 1.03594e-07 6.07786e-07 0.358719 1.03594e-07 6.07786e-07 0.358719 1.03594e-07 6.07786e-07 0.358719 1.03594e-07 6.07786e-07 0.358719 1.03594e-07 6.07786e-07 0.358719 1.03594e-07 6.07786e-07 0.358719 1.03594e-07 6.07786e-07 0.358719 1.03594e-07 6.07786e-07 0.358719 1.03594e-07 6.07786e-07 0.358719 1.03594e-07 6.07786e-07 0.358719 1.03594e-07 6.07786e-07 0.358719 1.03594e-07 6.07786e-07 0.358719 1.03594e-07 6.07786e-07 0.358719 1.03594e-07</float_array><technique_common><accessor source="#hpl_mixamorigwRightFoot-trans-array" count="19" stride="3" /></technique_common></source>
      <source id="hpl_mixamorigwRightFoot-rotz"><float_array id="hpl_mixamorigwRightFoot-rotz-array" count="19">-0.250679 -4.62267 -5.4728 -1.20506 3.27254 7.40401 7.66657 4.90465 0.582559 -5.35871 -8.15114 -6.64696 4.69621 1.86978 -0.568842 -1.83382 -0.297301 2.12172 -0.250679</float_array><technique_common><accessor source="#hpl_mixamorigwRightFoot-rotz-array" count="19" stride="1" /></technique_common></source>
      <source id="hpl_mixamorigwRightFoot-roty"><float_array id="hpl_mixamorigwRightFoot-roty-array" count="19">6.1199 4.99172 5.21569 9.33842 12.8907 15.7157 17.9496 19.4999 17.2003 10.3313 7.78692 6.2899 5.16272 10.2327 12.2171 11.7559 8.97616 3.07354 6.1199</float_array><technique_common><accessor source="#hpl_mixamorigwRightFoot-roty-array" count="19" stride="1" /></technique_common></source>
      <source id="hpl_mixamorigwRightFoot-rotx"><float_array id="hpl_mixamorigwRightFoot-rotx-array" count="19">-17.935 -21.5473 -26.3926 -31.3207 -39.3834 -44.8495 -49.6755 -52.4659 -53.2391 -50.9523 -51.8784 -54.1908 -51.5773 -68.2723 -77.9247 -79.6633 -69.8053 -46.6025 -17.935</float_array><technique_common><accessor source="#hpl_mixamorigwRightFoot-rotx-array" count="19" stride="1" /></technique_common></source>
      <sampler id="hpl_mixamorigwRightFoot-trans-sampler"><input semantic="INPUT" source="#hpl_mixamorigwRightFoot-time" /><input semantic="OUTPUT" source="#hpl_mixamorigwRightFoot-trans" /></sampler><channel source="#hpl_mixamorigwRightFoot-trans-sampler" target="mixamorigwRightFoot/translate" />
      <sampler id="hpl_mixamorigwRightFoot-rotz-sampler"><input semantic="INPUT" source="#hpl_mixamorigwRightFoot-time" /><input semantic="OUTPUT" source="#hpl_mixamorigwRightFoot-rotz" /></sampler><channel source="#hpl_mixamorigwRightFoot-rotz-sampler" target="mixamorigwRightFoot/rotateZ.ANGLE" />
      <sampler id="hpl_mixamorigwRightFoot-roty-sampler"><input semantic="INPUT" source="#hpl_mixamorigwRightFoot-time" /><input semantic="OUTPUT" source="#hpl_mixamorigwRightFoot-roty" /></sampler><channel source="#hpl_mixamorigwRightFoot-roty-sampler" target="mixamorigwRightFoot/rotateY.ANGLE" />
      <sampler id="hpl_mixamorigwRightFoot-rotx-sampler"><input semantic="INPUT" source="#hpl_mixamorigwRightFoot-time" /><input semantic="OUTPUT" source="#hpl_mixamorigwRightFoot-rotx" /></sampler><channel source="#hpl_mixamorigwRightFoot-rotx-sampler" target="mixamorigwRightFoot/rotateX.ANGLE" />
    </animation>
    <animation id="hpl_mixamorigwRightToeBase">
      <source id="hpl_mixamorigwRightToeBase-time"><float_array id="hpl_mixamorigwRightToeBase-time-array" count="19">0 1 2 3 4 5 6 7 8 9 10 11 12 13 14 15 16 17 18</float_array><technique_common><accessor source="#hpl_mixamorigwRightToeBase-time-array" count="19" stride="1" /></technique_common></source>
      <source id="hpl_mixamorigwRightToeBase-trans"><float_array id="hpl_mixamorigwRightToeBase-trans-array" count="57">-2.32514e-07 0.150699 -6.5721e-08 -2.32514e-07 0.150699 -6.5721e-08 -2.32514e-07 0.150699 -6.5721e-08 -2.32514e-07 0.150699 -6.5721e-08 -2.32514e-07 0.150699 -6.5721e-08 -2.32514e-07 0.150699 -6.5721e-08 -2.32514e-07 0.150699 -6.5721e-08 -2.32514e-07 0.150699 -6.5721e-08 -2.32514e-07 0.150699 -6.5721e-08 -2.32514e-07 0.150699 -6.5721e-08 -2.32514e-07 0.150699 -6.5721e-08 -2.32514e-07 0.150699 -6.5721e-08 -2.32514e-07 0.150699 -6.5721e-08 -2.32514e-07 0.150699 -6.5721e-08 -2.32514e-07 0.150699 -6.5721e-08 -2.32514e-07 0.150699 -6.5721e-08 -2.32514e-07 0.150699 -6.5721e-08 -2.32514e-07 0.150699 -6.5721e-08 -2.32514e-07 0.150699 -6.5721e-08</float_array><technique_common><accessor source="#hpl_mixamorigwRightToeBase-trans-array" count="19" stride="3" /></technique_common></source>
      <source id="hpl_mixamorigwRightToeBase-rotz"><float_array id="hpl_mixamorigwRightToeBase-rotz-array" count="19">-1.23639 -0.410432 -0.37817 -0.286995 -0.232747 -0.322345 -0.365835 -0.495027 -0.521136 -0.756662 -0.606208 -0.542996 0.165939 0.524381 0.470377 -0.0222034 -1.40151 -3.41719 -1.23639</float_array><technique_common><accessor source="#hpl_mixamorigwRightToeBase-rotz-array" count="19" stride="1" /></technique_common></source>
      <source id="hpl_mixamorigwRightToeBase-roty"><float_array id="hpl_mixamorigwRightToeBase-roty-array" count="19">4.17142 3.20978 3.07474 2.9297 2.88601 3.12044 3.12398 3.26538 3.18679 3.50835 3.60741 3.47516 3.19671 2.88607 2.76412 2.99528 3.91504 4.98611 4.17142</float_array><technique_common><accessor source="#hpl_mixamorigwRightToeBase-roty-array" count="19" stride="1" /></technique_common></source>
      <source id="hpl_mixamorigwRightToeBase-rotx"><float_array id="hpl_mixamorigwRightToeBase-rotx-array" count="19">-54.8619 -48.4492 -48.8674 -48.3986 -48.4309 -49.177 -49.6067 -50.6001 -50.4285 -52.0136 -51.7553 -51.4792 -47.888 -44.9624 -44.7574 -47.7161 -57.3756 -70.9709 -54.8619</float_array><technique_common><accessor source="#hpl_mixamorigwRightToeBase-rotx-array" count="19" stride="1" /></technique_common></source>
      <sampler id="hpl_mixamorigwRightToeBase-trans-sampler"><input semantic="INPUT" source="#hpl_mixamorigwRightToeBase-time" /><input semantic="OUTPUT" source="#hpl_mixamorigwRightToeBase-trans" /></sampler><channel source="#hpl_mixamorigwRightToeBase-trans-sampler" target="mixamorigwRightToeBase/translate" />
      <sampler id="hpl_mixamorigwRightToeBase-rotz-sampler"><input semantic="INPUT" source="#hpl_mixamorigwRightToeBase-time" /><input semantic="OUTPUT" source="#hpl_mixamorigwRightToeBase-rotz" /></sampler><channel source="#hpl_mixamorigwRightToeBase-rotz-sampler" target="mixamorigwRightToeBase/rotateZ.ANGLE" />
      <sampler id="hpl_mixamorigwRightToeBase-roty-sampler"><input semantic="INPUT" source="#hpl_mixamorigwRightToeBase-time" /><input semantic="OUTPUT" source="#hpl_mixamorigwRightToeBase-roty" /></sampler><channel source="#hpl_mixamorigwRightToeBase-roty-sampler" target="mixamorigwRightToeBase/rotateY.ANGLE" />
      <sampler id="hpl_mixamorigwRightToeBase-rotx-sampler"><input semantic="INPUT" source="#hpl_mixamorigwRightToeBase-time" /><input semantic="OUTPUT" source="#hpl_mixamorigwRightToeBase-rotx" /></sampler><channel source="#hpl_mixamorigwRightToeBase-rotx-sampler" target="mixamorigwRightToeBase/rotateX.ANGLE" />
    </animation>
    <animation id="hpl_mixamorigwSpine">
      <source id="hpl_mixamorigwSpine-time"><float_array id="hpl_mixamorigwSpine-time-array" count="19">0 1 2 3 4 5 6 7 8 9 10 11 12 13 14 15 16 17 18</float_array><technique_common><accessor source="#hpl_mixamorigwSpine-time-array" count="19" stride="1" /></technique_common></source>
      <source id="hpl_mixamorigwSpine-trans"><float_array id="hpl_mixamorigwSpine-trans-array" count="57">-0.000581253 0.1216 -0.0672236 -0.000581253 0.1216 -0.0672236 -0.000581253 0.1216 -0.0672236 -0.000581253 0.1216 -0.0672236 -0.000581253 0.1216 -0.0672236 -0.000581253 0.1216 -0.0672236 -0.000581253 0.1216 -0.0672236 -0.000581253 0.1216 -0.0672236 -0.000581253 0.1216 -0.0672236 -0.000581253 0.1216 -0.0672236 -0.000581253 0.1216 -0.0672236 -0.000581253 0.1216 -0.0672236 -0.000581253 0.1216 -0.0672236 -0.000581253 0.1216 -0.0672236 -0.000581253 0.1216 -0.0672236 -0.000581253 0.1216 -0.0672236 -0.000581253 0.1216 -0.0672236 -0.000581253 0.1216 -0.0672236 -0.000581253 0.1216 -0.0672236</float_array><technique_common><accessor source="#hpl_mixamorigwSpine-trans-array" count="19" stride="3" /></technique_common></source>
      <source id="hpl_mixamorigwSpine-rotz"><float_array id="hpl_mixamorigwSpine-rotz-array" count="19">-3.18244 -1.42172 -0.595254 -2.13886 -3.85644 -3.2119 -1.85049 -0.352342 0.583563 0.0663495 -1.39296 -1.88414 -0.640508 1.61693 2.52262 1.68155 -0.0764085 -1.74128 -3.18244</float_array><technique_common><accessor source="#hpl_mixamorigwSpine-rotz-array" count="19" stride="1" /></technique_common></source>
      <source id="hpl_mixamorigwSpine-roty"><float_array id="hpl_mixamorigwSpine-roty-array" count="19">2.0741 2.30504 1.96224 -0.276718 -2.42069 -2.41056 -2.59354 -2.81011 -3.03496 -4.32827 -4.85707 -3.84109 -1.3211 1.07738 1.93122 1.97709 1.81961 1.78681 2.0741</float_array><technique_common><accessor source="#hpl_mixamorigwSpine-roty-array" count="19" stride="1" /></technique_common></source>
      <source id="hpl_mixamorigwSpine-rotx"><float_array id="hpl_mixamorigwSpine-rotx-array" count="19">-27.8007 -27.8008 -27.0815 -25.991 -24.55 -23.4391 -23.1219 -23.9687 -25.4672 -26.7168 -26.6259 -26.0583 -25.7591 -24.7038 -23.9148 -23.771 -25.04 -27.5935 -27.8007</float_array><technique_common><accessor source="#hpl_mixamorigwSpine-rotx-array" count="19" stride="1" /></technique_common></source>
      <sampler id="hpl_mixamorigwSpine-trans-sampler"><input semantic="INPUT" source="#hpl_mixamorigwSpine-time" /><input semantic="OUTPUT" source="#hpl_mixamorigwSpine-trans" /></sampler><channel source="#hpl_mixamorigwSpine-trans-sampler" target="mixamorigwSpine/translate" />
      <sampler id="hpl_mixamorigwSpine-rotz-sampler"><input semantic="INPUT" source="#hpl_mixamorigwSpine-time" /><input semantic="OUTPUT" source="#hpl_mixamorigwSpine-rotz" /></sampler><channel source="#hpl_mixamorigwSpine-rotz-sampler" target="mixamorigwSpine/rotateZ.ANGLE" />
      <sampler id="hpl_mixamorigwSpine-roty-sampler"><input semantic="INPUT" source="#hpl_mixamorigwSpine-time" /><input semantic="OUTPUT" source="#hpl_mixamorigwSpine-roty" /></sampler><channel source="#hpl_mixamorigwSpine-roty-sampler" target="mixamorigwSpine/rotateY.ANGLE" />
      <sampler id="hpl_mixamorigwSpine-rotx-sampler"><input semantic="INPUT" source="#hpl_mixamorigwSpine-time" /><input semantic="OUTPUT" source="#hpl_mixamorigwSpine-rotx" /></sampler><channel source="#hpl_mixamorigwSpine-rotx-sampler" target="mixamorigwSpine/rotateX.ANGLE" />
    </animation>
    <animation id="hpl_mixamorigwSpine1">
      <source id="hpl_mixamorigwSpine1-time"><float_array id="hpl_mixamorigwSpine1-time-array" count="19">0 1 2 3 4 5 6 7 8 9 10 11 12 13 14 15 16 17 18</float_array><technique_common><accessor source="#hpl_mixamorigwSpine1-time-array" count="19" stride="1" /></technique_common></source>
      <source id="hpl_mixamorigwSpine1-trans"><float_array id="hpl_mixamorigwSpine1-trans-array" count="57">1.55939e-10 0.13894 -2.99993e-07 1.55939e-10 0.13894 -2.99993e-07 1.55939e-10 0.13894 -2.99993e-07 1.55939e-10 0.13894 -2.99993e-07 1.55939e-10 0.13894 -2.99993e-07 1.55939e-10 0.13894 -2.99993e-07 1.55939e-10 0.13894 -2.99993e-07 1.55939e-10 0.13894 -2.99993e-07 1.55939e-10 0.13894 -2.99993e-07 1.55939e-10 0.13894 -2.99993e-07 1.55939e-10 0.13894 -2.99993e-07 1.55939e-10 0.13894 -2.99993e-07 1.55939e-10 0.13894 -2.99993e-07 1.55939e-10 0.13894 -2.99993e-07 1.55939e-10 0.13894 -2.99993e-07 1.55939e-10 0.13894 -2.99993e-07 1.55939e-10 0.13894 -2.99993e-07 1.55939e-10 0.13894 -2.99993e-07 1.55939e-10 0.13894 -2.99993e-07</float_array><technique_common><accessor source="#hpl_mixamorigwSpine1-trans-array" count="19" stride="3" /></technique_common></source>
      <source id="hpl_mixamorigwSpine1-rotz"><float_array id="hpl_mixamorigwSpine1-rotz-array" count="19">-1.4094 -1.31981 -1.14134 -1.30337 -1.9645 -1.74182 -1.42949 -1.10078 -0.793118 -0.71529 -0.879967 -1.11979 -0.918632 -0.0958069 0.382896 0.407725 0.0151675 -0.485322 -1.4094</float_array><technique_common><accessor source="#hpl_mixamorigwSpine1-rotz-array" count="19" stride="1" /></technique_common></source>
      <source id="hpl_mixamorigwSpine1-roty"><float_array id="hpl_mixamorigwSpine1-roty-array" count="19">6.68092 6.73099 5.50563 3.85233 3.14844 1.60254 -1.06097 -3.6494 -5.78724 -6.75419 -6.51965 -5.76392 -4.6259 -3.37182 -1.24165 1.00132 3.48525 6.09101 6.68092</float_array><technique_common><accessor source="#hpl_mixamorigwSpine1-roty-array" count="19" stride="1" /></technique_common></source>
      <source id="hpl_mixamorigwSpine1-rotx"><float_array id="hpl_mixamorigwSpine1-rotx-array" count="19">-10.6124 -10.4291 -10.0941 -9.92043 -9.36819 -8.99112 -8.92789 -9.3419 -10.111 -10.5597 -10.4642 -10.1717 -9.89244 -9.42856 -9.05315 -9.07795 -9.48179 -10.6031 -10.6124</float_array><technique_common><accessor source="#hpl_mixamorigwSpine1-rotx-array" count="19" stride="1" /></technique_common></source>
      <sampler id="hpl_mixamorigwSpine1-trans-sampler"><input semantic="INPUT" source="#hpl_mixamorigwSpine1-time" /><input semantic="OUTPUT" source="#hpl_mixamorigwSpine1-trans" /></sampler><channel source="#hpl_mixamorigwSpine1-trans-sampler" target="mixamorigwSpine1/translate" />
      <sampler id="hpl_mixamorigwSpine1-rotz-sampler"><input semantic="INPUT" source="#hpl_mixamorigwSpine1-time" /><input semantic="OUTPUT" source="#hpl_mixamorigwSpine1-rotz" /></sampler><channel source="#hpl_mixamorigwSpine1-rotz-sampler" target="mixamorigwSpine1/rotateZ.ANGLE" />
      <sampler id="hpl_mixamorigwSpine1-roty-sampler"><input semantic="INPUT" source="#hpl_mixamorigwSpine1-time" /><input semantic="OUTPUT" source="#hpl_mixamorigwSpine1-roty" /></sampler><channel source="#hpl_mixamorigwSpine1-roty-sampler" target="mixamorigwSpine1/rotateY.ANGLE" />
      <sampler id="hpl_mixamorigwSpine1-rotx-sampler"><input semantic="INPUT" source="#hpl_mixamorigwSpine1-time" /><input semantic="OUTPUT" source="#hpl_mixamorigwSpine1-rotx" /></sampler><channel source="#hpl_mixamorigwSpine1-rotx-sampler" target="mixamorigwSpine1/rotateX.ANGLE" />
    </animation>
    <animation id="hpl_mixamorigwSpine2">
      <source id="hpl_mixamorigwSpine2-time"><float_array id="hpl_mixamorigwSpine2-time-array" count="19">0 1 2 3 4 5 6 7 8 9 10 11 12 13 14 15 16 17 18</float_array><technique_common><accessor source="#hpl_mixamorigwSpine2-time-array" count="19" stride="1" /></technique_common></source>
      <source id="hpl_mixamorigwSpine2-trans"><float_array id="hpl_mixamorigwSpine2-trans-array" count="57">7.65575e-09 0.138939 1.13691e-06 7.65575e-09 0.138939 1.13691e-06 7.65575e-09 0.138939 1.13691e-06 7.65575e-09 0.138939 1.13691e-06 7.65575e-09 0.138939 1.13691e-06 7.65575e-09 0.138939 1.13691e-06 7.65575e-09 0.138939 1.13691e-06 7.65575e-09 0.138939 1.13691e-06 7.65575e-09 0.138939 1.13691e-06 7.65575e-09 0.138939 1.13691e-06 7.65575e-09 0.138939 1.13691e-06 7.65575e-09 0.138939 1.13691e-06 7.65575e-09 0.138939 1.13691e-06 7.65575e-09 0.138939 1.13691e-06 7.65575e-09 0.138939 1.13691e-06 7.65575e-09 0.138939 1.13691e-06 7.65575e-09 0.138939 1.13691e-06 7.65575e-09 0.138939 1.13691e-06 7.65575e-09 0.138939 1.13691e-06</float_array><technique_common><accessor source="#hpl_mixamorigwSpine2-trans-array" count="19" stride="3" /></technique_common></source>
      <source id="hpl_mixamorigwSpine2-rotz"><float_array id="hpl_mixamorigwSpine2-rotz-array" count="19">-3.30513 -1.98145 -1.29838 -2.46339 -5.99185 -6.56996 -5.048 -2.91753 -1.17712 -0.706327 -1.60402 -2.54529 -2.43528 0.679978 3.00758 2.36123 0.127531 -1.92675 -3.30513</float_array><technique_common><accessor source="#hpl_mixamorigwSpine2-rotz-array" count="19" stride="1" /></technique_common></source>
      <source id="hpl_mixamorigwSpine2-roty"><float_array id="hpl_mixamorigwSpine2-roty-array" count="19">5.19533 4.77818 3.71885 2.45862 0.659317 -1.18522 -3.69829 -6.26438 -8.46209 -9.64891 -9.82661 -8.77325 -6.93237 -5.13113 -3.6944 -2.10973 0.676774 4.19255 5.19533</float_array><technique_common><accessor source="#hpl_mixamorigwSpine2-roty-array" count="19" stride="1" /></technique_common></source>
      <source id="hpl_mixamorigwSpine2-rotx"><float_array id="hpl_mixamorigwSpine2-rotx-array" count="19">10.6761 11.0223 11.1223 10.9088 11.5878 12.1929 11.1385 10.3945 10.1514 9.9187 10.0193 10.6552 11.0403 11.7515 12.8213 12.2415 10.9174 10.2294 10.6761</float_array><technique_common><accessor source="#hpl_mixamorigwSpine2-rotx-array" count="19" stride="1" /></technique_common></source>
      <sampler id="hpl_mixamorigwSpine2-trans-sampler"><input semantic="INPUT" source="#hpl_mixamorigwSpine2-time" /><input semantic="OUTPUT" source="#hpl_mixamorigwSpine2-trans" /></sampler><channel source="#hpl_mixamorigwSpine2-trans-sampler" target="mixamorigwSpine2/translate" />
      <sampler id="hpl_mixamorigwSpine2-rotz-sampler"><input semantic="INPUT" source="#hpl_mixamorigwSpine2-time" /><input semantic="OUTPUT" source="#hpl_mixamorigwSpine2-rotz" /></sampler><channel source="#hpl_mixamorigwSpine2-rotz-sampler" target="mixamorigwSpine2/rotateZ.ANGLE" />
      <sampler id="hpl_mixamorigwSpine2-roty-sampler"><input semantic="INPUT" source="#hpl_mixamorigwSpine2-time" /><input semantic="OUTPUT" source="#hpl_mixamorigwSpine2-roty" /></sampler><channel source="#hpl_mixamorigwSpine2-roty-sampler" target="mixamorigwSpine2/rotateY.ANGLE" />
      <sampler id="hpl_mixamorigwSpine2-rotx-sampler"><input semantic="INPUT" source="#hpl_mixamorigwSpine2-time" /><input semantic="OUTPUT" source="#hpl_mixamorigwSpine2-rotx" /></sampler><channel source="#hpl_mixamorigwSpine2-rotx-sampler" target="mixamorigwSpine2/rotateX.ANGLE" />
    </animation>
    <animation id="hpl_mixamorigwLeftShoulder">
      <source id="hpl_mixamorigwLeftShoulder-time"><float_array id="hpl_mixamorigwLeftShoulder-time-array" count="19">0 1 2 3 4 5 6 7 8 9 10 11 12 13 14 15 16 17 18</float_array><technique_common><accessor source="#hpl_mixamorigwLeftShoulder-time-array" count="19" stride="1" /></technique_common></source>
      <source id="hpl_mixamorigwLeftShoulder-trans"><float_array id="hpl_mixamorigwLeftShoulder-trans-array" count="57">0.0431929 0.0719144 -0.00398513 0.0431929 0.0719144 -0.00398513 0.0431929 0.0719144 -0.00398513 0.0431929 0.0719144 -0.00398513 0.0431929 0.0719144 -0.00398513 0.0431929 0.0719144 -0.00398513 0.0431929 0.0719144 -0.00398513 0.0431929 0.0719144 -0.00398513 0.0431929 0.0719144 -0.00398513 0.0431929 0.0719144 -0.00398513 0.0431929 0.0719144 -0.00398513 0.0431929 0.0719144 -0.00398513 0.0431929 0.0719144 -0.00398513 0.0431929 0.0719144 -0.00398513 0.0431929 0.0719144 -0.00398513 0.0431929 0.0719144 -0.00398513 0.0431929 0.0719144 -0.00398513 0.0431929 0.0719144 -0.00398513 0.0431929 0.0719144 -0.00398513</float_array><technique_common><accessor source="#hpl_mixamorigwLeftShoulder-trans-array" count="19" stride="3" /></technique_common></source>
      <source id="hpl_mixamorigwLeftShoulder-rotz"><float_array id="hpl_mixamorigwLeftShoulder-rotz-array" count="19">131.068 131.419 130.557 128.461 125.627 122.29 119.104 113.535 108.303 102.38 98.9066 102.815 107.366 114.76 121.584 127.531 130.098 131.428 131.068</float_array><technique_common><accessor source="#hpl_mixamorigwLeftShoulder-rotz-array" count="19" stride="1" /></technique_common></source>
      <source id="hpl_mixamorigwLeftShoulder-roty"><float_array id="hpl_mixamorigwLeftShoulder-roty-array" count="19">55.6569 55.6408 56.503 59.5002 63.5913 66.8612 70.8768 73.7932 76.2298 77.8312 78.3733 77.1509 74.789 71.3708 67.2743 64.3251 60.5744 56.5785 55.6569</float_array><technique_common><accessor source="#hpl_mixamorigwLeftShoulder-roty-array" count="19" stride="1" /></technique_common></source>
      <source id="hpl_mixamorigwLeftShoulder-rotx"><float_array id="hpl_mixamorigwLeftShoulder-rotx-array" count="19">-143.143 -141.674 -139.309 -137.314 -138.635 -142.92 -150.856 -161.271 -171.776 -181.957 -186.391 -179.889 -168.515 -152.906 -142.206 -136.314 -132.688 -131.8 -143.143</float_array><technique_common><accessor source="#hpl_mixamorigwLeftShoulder-rotx-array" count="19" stride="1" /></technique_common></source>
      <sampler id="hpl_mixamorigwLeftShoulder-trans-sampler"><input semantic="INPUT" source="#hpl_mixamorigwLeftShoulder-time" /><input semantic="OUTPUT" source="#hpl_mixamorigwLeftShoulder-trans" /></sampler><channel source="#hpl_mixamorigwLeftShoulder-trans-sampler" target="mixamorigwLeftShoulder/translate" />
      <sampler id="hpl_mixamorigwLeftShoulder-rotz-sampler"><input semantic="INPUT" source="#hpl_mixamorigwLeftShoulder-time" /><input semantic="OUTPUT" source="#hpl_mixamorigwLeftShoulder-rotz" /></sampler><channel source="#hpl_mixamorigwLeftShoulder-rotz-sampler" target="mixamorigwLeftShoulder/rotateZ.ANGLE" />
      <sampler id="hpl_mixamorigwLeftShoulder-roty-sampler"><input semantic="INPUT" source="#hpl_mixamorigwLeftShoulder-time" /><input semantic="OUTPUT" source="#hpl_mixamorigwLeftShoulder-roty" /></sampler><channel source="#hpl_mixamorigwLeftShoulder-roty-sampler" target="mixamorigwLeftShoulder/rotateY.ANGLE" />
      <sampler id="hpl_mixamorigwLeftShoulder-rotx-sampler"><input semantic="INPUT" source="#hpl_mixamorigwLeftShoulder-time" /><input semantic="OUTPUT" source="#hpl_mixamorigwLeftShoulder-rotx" /></sampler><channel source="#hpl_mixamorigwLeftShoulder-rotx-sampler" target="mixamorigwLeftShoulder/rotateX.ANGLE" />
    </animation>
    <animation id="hpl_mixamorigwLeftArm">
      <source id="hpl_mixamorigwLeftArm-time"><float_array id="hpl_mixamorigwLeftArm-time-array" count="19">0 1 2 3 4 5 6 7 8 9 10 11 12 13 14 15 16 17 18</float_array><technique_common><accessor source="#hpl_mixamorigwLeftArm-time-array" count="19" stride="1" /></technique_common></source>
      <source id="hpl_mixamorigwLeftArm-trans"><float_array id="hpl_mixamorigwLeftArm-trans-array" count="57">8.12161e-07 0.171533 -2.57949e-06 8.12161e-07 0.171533 -2.57949e-06 8.12161e-07 0.171533 -2.57949e-06 8.12161e-07 0.171533 -2.57949e-06 8.12161e-07 0.171533 -2.57949e-06 8.12161e-07 0.171533 -2.57949e-06 8.12161e-07 0.171533 -2.57949e-06 8.12161e-07 0.171533 -2.57949e-06 8.12161e-07 0.171533 -2.57949e-06 8.12161e-07 0.171533 -2.57949e-06 8.12161e-07 0.171533 -2.57949e-06 8.12161e-07 0.171533 -2.57949e-06 8.12161e-07 0.171533 -2.57949e-06 8.12161e-07 0.171533 -2.57949e-06 8.12161e-07 0.171533 -2.57949e-06 8.12161e-07 0.171533 -2.57949e-06 8.12161e-07 0.171533 -2.57949e-06 8.12161e-07 0.171533 -2.57949e-06 8.12161e-07 0.171533 -2.57949e-06</float_array><technique_common><accessor source="#hpl_mixamorigwLeftArm-trans-array" count="19" stride="3" /></technique_common></source>
      <source id="hpl_mixamorigwLeftArm-rotz"><float_array id="hpl_mixamorigwLeftArm-rotz-array" count="19">81.9141 77.5357 70.2938 63.7192 64.1427 64.6594 61.4993 54.2526 49.1388 47.6408 48.8825 52.626 57.3628 61.4223 64.9039 68.1642 70.5676 72.2328 81.9141</float_array><technique_common><accessor source="#hpl_mixamorigwLeftArm-rotz-array" count="19" stride="1" /></technique_common></source>
      <source id="hpl_mixamorigwLeftArm-roty"><float_array id="hpl_mixamorigwLeftArm-roty-array" count="19">36.0712 35.757 34.5474 33.6426 32.3478 28.6447 23.1699 17.8543 14.7039 12.4594 9.21041 6.36701 7.5044 11.8962 15.8635 20.7815 28.7543 35.5632 36.0712</float_array><technique_common><accessor source="#hpl_mixamorigwLeftArm-roty-array" count="19" stride="1" /></technique_common></source>
      <source id="hpl_mixamorigwLeftArm-rotx"><float_array id="hpl_mixamorigwLeftArm-rotx-array" count="19">114.108 110.228 101.998 91.2562 78.4967 64.4127 53.9172 44.3076 39.3637 38.5231 40.4858 45.3164 50.4866 57.4158 68.4425 79.7465 86.8425 91.5084 114.108</float_array><technique_common><accessor source="#hpl_mixamorigwLeftArm-rotx-array" count="19" stride="1" /></technique_common></source>
      <sampler id="hpl_mixamorigwLeftArm-trans-sampler"><input semantic="INPUT" source="#hpl_mixamorigwLeftArm-time" /><input semantic="OUTPUT" source="#hpl_mixamorigwLeftArm-trans" /></sampler><channel source="#hpl_mixamorigwLeftArm-trans-sampler" target="mixamorigwLeftArm/translate" />
      <sampler id="hpl_mixamorigwLeftArm-rotz-sampler"><input semantic="INPUT" source="#hpl_mixamorigwLeftArm-time" /><input semantic="OUTPUT" source="#hpl_mixamorigwLeftArm-rotz" /></sampler><channel source="#hpl_mixamorigwLeftArm-rotz-sampler" target="mixamorigwLeftArm/rotateZ.ANGLE" />
      <sampler id="hpl_mixamorigwLeftArm-roty-sampler"><input semantic="INPUT" source="#hpl_mixamorigwLeftArm-time" /><input semantic="OUTPUT" source="#hpl_mixamorigwLeftArm-roty" /></sampler><channel source="#hpl_mixamorigwLeftArm-roty-sampler" target="mixamorigwLeftArm/rotateY.ANGLE" />
      <sampler id="hpl_mixamorigwLeftArm-rotx-sampler"><input semantic="INPUT" source="#hpl_mixamorigwLeftArm-time" /><input semantic="OUTPUT" source="#hpl_mixamorigwLeftArm-rotx" /></sampler><channel source="#hpl_mixamorigwLeftArm-rotx-sampler" target="mixamorigwLeftArm/rotateX.ANGLE" />
    </animation>
    <animation id="hpl_mixamorigwLeftForeArm">
      <source id="hpl_mixamorigwLeftForeArm-time"><float_array id="hpl_mixamorigwLeftForeArm-time-array" count="19">0 1 2 3 4 5 6 7 8 9 10 11 12 13 14 15 16 17 18</float_array><technique_common><accessor source="#hpl_mixamorigwLeftForeArm-time-array" count="19" stride="1" /></technique_common></source>
      <source id="hpl_mixamorigwLeftForeArm-trans"><float_array id="hpl_mixamorigwLeftForeArm-trans-array" count="57">-8.37625e-07 0.261281 1.67558e-06 -8.37625e-07 0.261281 1.67558e-06 -8.37625e-07 0.261281 1.67558e-06 -8.37625e-07 0.261281 1.67558e-06 -8.37625e-07 0.261281 1.67558e-06 -8.37625e-07 0.261281 1.67558e-06 -8.37625e-07 0.261281 1.67558e-06 -8.37625e-07 0.261281 1.67558e-06 -8.37625e-07 0.261281 1.67558e-06 -8.37625e-07 0.261281 1.67558e-06 -8.37625e-07 0.261281 1.67558e-06 -8.37625e-07 0.261281 1.67558e-06 -8.37625e-07 0.261281 1.67558e-06 -8.37625e-07 0.261281 1.67558e-06 -8.37625e-07 0.261281 1.67558e-06 -8.37625e-07 0.261281 1.67558e-06 -8.37625e-07 0.261281 1.67558e-06 -8.37625e-07 0.261281 1.67558e-06 -8.37625e-07 0.261281 1.67558e-06</float_array><technique_common><accessor source="#hpl_mixamorigwLeftForeArm-trans-array" count="19" stride="3" /></technique_common></source>
      <source id="hpl_mixamorigwLeftForeArm-rotz"><float_array id="hpl_mixamorigwLeftForeArm-rotz-array" count="19">80.3058 79.2225 76.3378 74.5955 73.5846 76.015 80.0431 82.633 83.7333 85.818 89.0167 91.7805 92.4362 88.7125 81.0572 73.0951 71.0778 72.6982 80.3058</float_array><technique_common><accessor source="#hpl_mixamorigwLeftForeArm-rotz-array" count="19" stride="1" /></technique_common></source>
      <source id="hpl_mixamorigwLeftForeArm-roty"><float_array id="hpl_mixamorigwLeftForeArm-roty-array" count="19">32.7504 28.7124 24.8368 24.2467 24.8307 26.6801 30.1822 32.2647 33.0554 33.9462 36.276 39.6583 41.3822 39.7125 31.3696 23.4461 22.4131 23.8627 32.7504</float_array><technique_common><accessor source="#hpl_mixamorigwLeftForeArm-roty-array" count="19" stride="1" /></technique_common></source>
      <source id="hpl_mixamorigwLeftForeArm-rotx"><float_array id="hpl_mixamorigwLeftForeArm-rotx-array" count="19">-56.8066 -56.082 -55.3502 -53.9862 -54.3722 -54.1521 -54.7139 -53.9674 -54.0526 -55.1585 -56.3743 -57.1557 -57.1396 -55.8217 -53.3859 -52.1999 -53.0833 -53.5621 -56.8066</float_array><technique_common><accessor source="#hpl_mixamorigwLeftForeArm-rotx-array" count="19" stride="1" /></technique_common></source>
      <sampler id="hpl_mixamorigwLeftForeArm-trans-sampler"><input semantic="INPUT" source="#hpl_mixamorigwLeftForeArm-time" /><input semantic="OUTPUT" source="#hpl_mixamorigwLeftForeArm-trans" /></sampler><channel source="#hpl_mixamorigwLeftForeArm-trans-sampler" target="mixamorigwLeftForeArm/translate" />
      <sampler id="hpl_mixamorigwLeftForeArm-rotz-sampler"><input semantic="INPUT" source="#hpl_mixamorigwLeftForeArm-time" /><input semantic="OUTPUT" source="#hpl_mixamorigwLeftForeArm-rotz" /></sampler><channel source="#hpl_mixamorigwLeftForeArm-rotz-sampler" target="mixamorigwLeftForeArm/rotateZ.ANGLE" />
      <sampler id="hpl_mixamorigwLeftForeArm-roty-sampler"><input semantic="INPUT" source="#hpl_mixamorigwLeftForeArm-time" /><input semantic="OUTPUT" source="#hpl_mixamorigwLeftForeArm-roty" /></sampler><channel source="#hpl_mixamorigwLeftForeArm-roty-sampler" target="mixamorigwLeftForeArm/rotateY.ANGLE" />
      <sampler id="hpl_mixamorigwLeftForeArm-rotx-sampler"><input semantic="INPUT" source="#hpl_mixamorigwLeftForeArm-time" /><input semantic="OUTPUT" source="#hpl_mixamorigwLeftForeArm-rotx" /></sampler><channel source="#hpl_mixamorigwLeftForeArm-rotx-sampler" target="mixamorigwLeftForeArm/rotateX.ANGLE" />
    </animation>
    <animation id="hpl_mixamorigwLeftHand">
      <source id="hpl_mixamorigwLeftHand-time"><float_array id="hpl_mixamorigwLeftHand-time-array" count="19">0 1 2 3 4 5 6 7 8 9 10 11 12 13 14 15 16 17 18</float_array><technique_common><accessor source="#hpl_mixamorigwLeftHand-time-array" count="19" stride="1" /></technique_common></source>
      <source id="hpl_mixamorigwLeftHand-trans"><float_array id="hpl_mixamorigwLeftHand-trans-array" count="57">-1.37793e-06 0.258002 -5.75736e-06 -1.37793e-06 0.258002 -5.75736e-06 -1.37793e-06 0.258002 -5.75736e-06 -1.37793e-06 0.258002 -5.75736e-06 -1.37793e-06 0.258002 -5.75736e-06 -1.37793e-06 0.258002 -5.75736e-06 -1.37793e-06 0.258002 -5.75736e-06 -1.37793e-06 0.258002 -5.75736e-06 -1.37793e-06 0.258002 -5.75736e-06 -1.37793e-06 0.258002 -5.75736e-06 -1.37793e-06 0.258002 -5.75736e-06 -1.37793e-06 0.258002 -5.75736e-06 -1.37793e-06 0.258002 -5.75736e-06 -1.37793e-06 0.258002 -5.75736e-06 -1.37793e-06 0.258002 -5.75736e-06 -1.37793e-06 0.258002 -5.75736e-06 -1.37793e-06 0.258002 -5.75736e-06 -1.37793e-06 0.258002 -5.75736e-06 -1.37793e-06 0.258002 -5.75736e-06</float_array><technique_common><accessor source="#hpl_mixamorigwLeftHand-trans-array" count="19" stride="3" /></technique_common></source>
      <source id="hpl_mixamorigwLeftHand-rotz"><float_array id="hpl_mixamorigwLeftHand-rotz-array" count="19">71.842 73.8852 75.2746 73.6536 71.1619 68.6412 69.2662 69.062 68.8728 69.1333 69.9178 71.8468 73.1228 73.0777 67.4568 62.5486 65.0838 67.6835 71.842</float_array><technique_common><accessor source="#hpl_mixamorigwLeftHand-rotz-array" count="19" stride="1" /></technique_common></source>
      <source id="hpl_mixamorigwLeftHand-roty"><float_array id="hpl_mixamorigwLeftHand-roty-array" count="19">-11.1361 -14.1486 -16.4627 -16.9453 -15.1452 -11.8302 -11.9637 -12.3075 -13.9942 -15.733 -16.2156 -15.7806 -15.6994 -15.1408 -12.5545 -9.40747 -14.7722 -18.2735 -11.1361</float_array><technique_common><accessor source="#hpl_mixamorigwLeftHand-roty-array" count="19" stride="1" /></technique_common></source>
      <source id="hpl_mixamorigwLeftHand-rotx"><float_array id="hpl_mixamorigwLeftHand-rotx-array" count="19">-0.165602 -0.921092 -2.66418 -3.37646 -3.01222 3.06734 1.88502 -1.90858 -3.45744 -2.06033 -1.54736 -2.86409 -4.14171 -7.05697 0.997388 8.15621 6.44921 1.93719 -0.165602</float_array><technique_common><accessor source="#hpl_mixamorigwLeftHand-rotx-array" count="19" stride="1" /></technique_common></source>
      <sampler id="hpl_mixamorigwLeftHand-trans-sampler"><input semantic="INPUT" source="#hpl_mixamorigwLeftHand-time" /><input semantic="OUTPUT" source="#hpl_mixamorigwLeftHand-trans" /></sampler><channel source="#hpl_mixamorigwLeftHand-trans-sampler" target="mixamorigwLeftHand/translate" />
      <sampler id="hpl_mixamorigwLeftHand-rotz-sampler"><input semantic="INPUT" source="#hpl_mixamorigwLeftHand-time" /><input semantic="OUTPUT" source="#hpl_mixamorigwLeftHand-rotz" /></sampler><channel source="#hpl_mixamorigwLeftHand-rotz-sampler" target="mixamorigwLeftHand/rotateZ.ANGLE" />
      <sampler id="hpl_mixamorigwLeftHand-roty-sampler"><input semantic="INPUT" source="#hpl_mixamorigwLeftHand-time" /><input semantic="OUTPUT" source="#hpl_mixamorigwLeftHand-roty" /></sampler><channel source="#hpl_mixamorigwLeftHand-roty-sampler" target="mixamorigwLeftHand/rotateY.ANGLE" />
      <sampler id="hpl_mixamorigwLeftHand-rotx-sampler"><input semantic="INPUT" source="#hpl_mixamorigwLeftHand-time" /><input semantic="OUTPUT" source="#hpl_mixamorigwLeftHand-rotx" /></sampler><channel source="#hpl_mixamorigwLeftHand-rotx-sampler" target="mixamorigwLeftHand/rotateX.ANGLE" />
    </animation>
    <animation id="hpl_mixamorigwRightShoulder">
      <source id="hpl_mixamorigwRightShoulder-time"><float_array id="hpl_mixamorigwRightShoulder-time-array" count="19">0 1 2 3 4 5 6 7 8 9 10 11 12 13 14 15 16 17 18</float_array><technique_common><accessor source="#hpl_mixamorigwRightShoulder-time-array" count="19" stride="1" /></technique_common></source>
      <source id="hpl_mixamorigwRightShoulder-trans"><float_array id="hpl_mixamorigwRightShoulder-trans-array" count="57">-0.0439173 0.0686331 -0.00410229 -0.0439173 0.0686331 -0.00410229 -0.0439173 0.0686331 -0.00410229 -0.0439173 0.0686331 -0.00410229 -0.0439173 0.0686331 -0.00410229 -0.0439173 0.0686331 -0.00410229 -0.0439173 0.0686331 -0.00410229 -0.0439173 0.0686331 -0.00410229 -0.0439173 0.0686331 -0.00410229 -0.0439173 0.0686331 -0.00410229 -0.0439173 0.0686331 -0.00410229 -0.0439173 0.0686331 -0.00410229 -0.0439173 0.0686331 -0.00410229 -0.0439173 0.0686331 -0.00410229 -0.0439173 0.0686331 -0.00410229 -0.0439173 0.0686331 -0.00410229 -0.0439173 0.0686331 -0.00410229 -0.0439173 0.0686331 -0.00410229 -0.0439173 0.0686331 -0.00410229</float_array><technique_common><accessor source="#hpl_mixamorigwRightShoulder-trans-array" count="19" stride="3" /></technique_common></source>
      <source id="hpl_mixamorigwRightShoulder-rotz"><float_array id="hpl_mixamorigwRightShoulder-rotz-array" count="19">-112.41 -110.449 -109.028 -112.087 -116.291 -118.548 -122.932 -124.97 -126.281 -128.816 -129.877 -128.931 -126.03 -120.227 -114.837 -110.927 -105.894 -99.3893 -112.41</float_array><technique_common><accessor source="#hpl_mixamorigwRightShoulder-rotz-array" count="19" stride="1" /></technique_common></source>
      <source id="hpl_mixamorigwRightShoulder-roty"><float_array id="hpl_mixamorigwRightShoulder-roty-array" count="19">-79.0273 -76.7487 -73.8415 -70.511 -66.1159 -63.0241 -61.5069 -59.7055 -58.0132 -56.4851 -55.5051 -55.8378 -58.2343 -61.2357 -63.4268 -68.4247 -73.7079 -77.8255 -79.0273</float_array><technique_common><accessor source="#hpl_mixamorigwRightShoulder-roty-array" count="19" stride="1" /></technique_common></source>
      <source id="hpl_mixamorigwRightShoulder-rotx"><float_array id="hpl_mixamorigwRightShoulder-rotx-array" count="19">-172.358 -170.005 -166.281 -157.262 -148.343 -145.756 -142.525 -139.949 -139.838 -140.881 -142.101 -143.388 -143.314 -145.328 -149.174 -156.41 -167.594 -180.717 -172.358</float_array><technique_common><accessor source="#hpl_mixamorigwRightShoulder-rotx-array" count="19" stride="1" /></technique_common></source>
      <sampler id="hpl_mixamorigwRightShoulder-trans-sampler"><input semantic="INPUT" source="#hpl_mixamorigwRightShoulder-time" /><input semantic="OUTPUT" source="#hpl_mixamorigwRightShoulder-trans" /></sampler><channel source="#hpl_mixamorigwRightShoulder-trans-sampler" target="mixamorigwRightShoulder/translate" />
      <sampler id="hpl_mixamorigwRightShoulder-rotz-sampler"><input semantic="INPUT" source="#hpl_mixamorigwRightShoulder-time" /><input semantic="OUTPUT" source="#hpl_mixamorigwRightShoulder-rotz" /></sampler><channel source="#hpl_mixamorigwRightShoulder-rotz-sampler" target="mixamorigwRightShoulder/rotateZ.ANGLE" />
      <sampler id="hpl_mixamorigwRightShoulder-roty-sampler"><input semantic="INPUT" source="#hpl_mixamorigwRightShoulder-time" /><input semantic="OUTPUT" source="#hpl_mixamorigwRightShoulder-roty" /></sampler><channel source="#hpl_mixamorigwRightShoulder-roty-sampler" target="mixamorigwRightShoulder/rotateY.ANGLE" />
      <sampler id="hpl_mixamorigwRightShoulder-rotx-sampler"><input semantic="INPUT" source="#hpl_mixamorigwRightShoulder-time" /><input semantic="OUTPUT" source="#hpl_mixamorigwRightShoulder-rotx" /></sampler><channel source="#hpl_mixamorigwRightShoulder-rotx-sampler" target="mixamorigwRightShoulder/rotateX.ANGLE" />
    </animation>
    <animation id="hpl_mixamorigwRightArm">
      <source id="hpl_mixamorigwRightArm-time"><float_array id="hpl_mixamorigwRightArm-time-array" count="19">0 1 2 3 4 5 6 7 8 9 10 11 12 13 14 15 16 17 18</float_array><technique_common><accessor source="#hpl_mixamorigwRightArm-time-array" count="19" stride="1" /></technique_common></source>
      <source id="hpl_mixamorigwRightArm-trans"><float_array id="hpl_mixamorigwRightArm-trans-array" count="57">-5.30068e-07 0.177733 9.96871e-07 -5.30068e-07 0.177733 9.96871e-07 -5.30068e-07 0.177733 9.96871e-07 -5.30068e-07 0.177733 9.96871e-07 -5.30068e-07 0.177733 9.96871e-07 -5.30068e-07 0.177733 9.96871e-07 -5.30068e-07 0.177733 9.96871e-07 -5.30068e-07 0.177733 9.96871e-07 -5.30068e-07 0.177733 9.96871e-07 -5.30068e-07 0.177733 9.96871e-07 -5.30068e-07 0.177733 9.96871e-07 -5.30068e-07 0.177733 9.96871e-07 -5.30068e-07 0.177733 9.96871e-07 -5.30068e-07 0.177733 9.96871e-07 -5.30068e-07 0.177733 9.96871e-07 -5.30068e-07 0.177733 9.96871e-07 -5.30068e-07 0.177733 9.96871e-07 -5.30068e-07 0.177733 9.96871e-07 -5.30068e-07 0.177733 9.96871e-07</float_array><technique_common><accessor source="#hpl_mixamorigwRightArm-trans-array" count="19" stride="3" /></technique_common></source>
      <source id="hpl_mixamorigwRightArm-rotz"><float_array id="hpl_mixamorigwRightArm-rotz-array" count="19">-77.1725 -79.8408 -83.0963 -83.5448 -80.9534 -79.1629 -79.6551 -78.1062 -76.389 -78.2012 -82.2952 -85.2279 -84.5105 -84.4501 -83.7188 -82.1681 -78.2197 -72.9911 -77.1725</float_array><technique_common><accessor source="#hpl_mixamorigwRightArm-rotz-array" count="19" stride="1" /></technique_common></source>
      <source id="hpl_mixamorigwRightArm-roty"><float_array id="hpl_mixamorigwRightArm-roty-array" count="19">-8.76003 -12.3099 -15.5326 -19.2065 -21.5138 -24.0939 -29.5998 -36.5437 -42.4891 -45.699 -44.9696 -40.7062 -37.4864 -36.3454 -34.6673 -28.804 -20.1678 -12.9731 -8.76003</float_array><technique_common><accessor source="#hpl_mixamorigwRightArm-roty-array" count="19" stride="1" /></technique_common></source>
      <source id="hpl_mixamorigwRightArm-rotx"><float_array id="hpl_mixamorigwRightArm-rotx-array" count="19">39.3023 43.1658 50.4488 57.6674 63.9019 71.6394 79.829 84.2212 88.7196 97.0787 105.149 107.292 102.626 90.8097 73.1481 62.7631 58.1292 56.5921 39.3023</float_array><technique_common><accessor source="#hpl_mixamorigwRightArm-rotx-array" count="19" stride="1" /></technique_common></source>
      <sampler id="hpl_mixamorigwRightArm-trans-sampler"><input semantic="INPUT" source="#hpl_mixamorigwRightArm-time" /><input semantic="OUTPUT" source="#hpl_mixamorigwRightArm-trans" /></sampler><channel source="#hpl_mixamorigwRightArm-trans-sampler" target="mixamorigwRightArm/translate" />
      <sampler id="hpl_mixamorigwRightArm-rotz-sampler"><input semantic="INPUT" source="#hpl_mixamorigwRightArm-time" /><input semantic="OUTPUT" source="#hpl_mixamorigwRightArm-rotz" /></sampler><channel source="#hpl_mixamorigwRightArm-rotz-sampler" target="mixamorigwRightArm/rotateZ.ANGLE" />
      <sampler id="hpl_mixamorigwRightArm-roty-sampler"><input semantic="INPUT" source="#hpl_mixamorigwRightArm-time" /><input semantic="OUTPUT" source="#hpl_mixamorigwRightArm-roty" /></sampler><channel source="#hpl_mixamorigwRightArm-roty-sampler" target="mixamorigwRightArm/rotateY.ANGLE" />
      <sampler id="hpl_mixamorigwRightArm-rotx-sampler"><input semantic="INPUT" source="#hpl_mixamorigwRightArm-time" /><input semantic="OUTPUT" source="#hpl_mixamorigwRightArm-rotx" /></sampler><channel source="#hpl_mixamorigwRightArm-rotx-sampler" target="mixamorigwRightArm/rotateX.ANGLE" />
    </animation>
    <animation id="hpl_mixamorigwRightForeArm">
      <source id="hpl_mixamorigwRightForeArm-time"><float_array id="hpl_mixamorigwRightForeArm-time-array" count="19">0 1 2 3 4 5 6 7 8 9 10 11 12 13 14 15 16 17 18</float_array><technique_common><accessor source="#hpl_mixamorigwRightForeArm-time-array" count="19" stride="1" /></technique_common></source>
      <source id="hpl_mixamorigwRightForeArm-trans"><float_array id="hpl_mixamorigwRightForeArm-trans-array" count="57">-7.81035e-07 0.24803 -3.7329e-06 -7.81035e-07 0.24803 -3.7329e-06 -7.81035e-07 0.24803 -3.7329e-06 -7.81035e-07 0.24803 -3.7329e-06 -7.81035e-07 0.24803 -3.7329e-06 -7.81035e-07 0.24803 -3.7329e-06 -7.81035e-07 0.24803 -3.7329e-06 -7.81035e-07 0.24803 -3.7329e-06 -7.81035e-07 0.24803 -3.7329e-06 -7.81035e-07 0.24803 -3.7329e-06 -7.81035e-07 0.24803 -3.7329e-06 -7.81035e-07 0.24803 -3.7329e-06 -7.81035e-07 0.24803 -3.7329e-06 -7.81035e-07 0.24803 -3.7329e-06 -7.81035e-07 0.24803 -3.7329e-06 -7.81035e-07 0.24803 -3.7329e-06 -7.81035e-07 0.24803 -3.7329e-06 -7.81035e-07 0.24803 -3.7329e-06 -7.81035e-07 0.24803 -3.7329e-06</float_array><technique_common><accessor source="#hpl_mixamorigwRightForeArm-trans-array" count="19" stride="3" /></technique_common></source>
      <source id="hpl_mixamorigwRightForeArm-rotz"><float_array id="hpl_mixamorigwRightForeArm-rotz-array" count="19">-95.0818 -92.0012 -86.8086 -80.7175 -76.7525 -75.4478 -76.5618 -79.6384 -82.5662 -84.0512 -83.7773 -82.3344 -81.9646 -81.485 -80.13 -81.4301 -84.8719 -88.4098 -95.0818</float_array><technique_common><accessor source="#hpl_mixamorigwRightForeArm-rotz-array" count="19" stride="1" /></technique_common></source>
      <source id="hpl_mixamorigwRightForeArm-roty"><float_array id="hpl_mixamorigwRightForeArm-roty-array" count="19">-46.652 -43.0629 -35.2935 -28.496 -24.1812 -22.5135 -24.7447 -28.2199 -31.4383 -33.5616 -33.556 -32.6346 -32.3908 -31.7054 -29.9511 -31.0292 -34.5982 -38.6659 -46.652</float_array><technique_common><accessor source="#hpl_mixamorigwRightForeArm-roty-array" count="19" stride="1" /></technique_common></source>
      <source id="hpl_mixamorigwRightForeArm-rotx"><float_array id="hpl_mixamorigwRightForeArm-rotx-array" count="19">-59.6869 -58.9972 -57.4865 -56.3911 -55.3004 -55.7066 -56.6028 -56.6332 -56.4142 -56.9271 -57.8579 -58.6267 -57.9028 -58.2317 -57.6265 -57.8031 -58.4943 -59.2349 -59.6869</float_array><technique_common><accessor source="#hpl_mixamorigwRightForeArm-rotx-array" count="19" stride="1" /></technique_common></source>
      <sampler id="hpl_mixamorigwRightForeArm-trans-sampler"><input semantic="INPUT" source="#hpl_mixamorigwRightForeArm-time" /><input semantic="OUTPUT" source="#hpl_mixamorigwRightForeArm-trans" /></sampler><channel source="#hpl_mixamorigwRightForeArm-trans-sampler" target="mixamorigwRightForeArm/translate" />
      <sampler id="hpl_mixamorigwRightForeArm-rotz-sampler"><input semantic="INPUT" source="#hpl_mixamorigwRightForeArm-time" /><input semantic="OUTPUT" source="#hpl_mixamorigwRightForeArm-rotz" /></sampler><channel source="#hpl_mixamorigwRightForeArm-rotz-sampler" target="mixamorigwRightForeArm/rotateZ.ANGLE" />
      <sampler id="hpl_mixamorigwRightForeArm-roty-sampler"><input semantic="INPUT" source="#hpl_mixamorigwRightForeArm-time" /><input semantic="OUTPUT" source="#hpl_mixamorigwRightForeArm-roty" /></sampler><channel source="#hpl_mixamorigwRightForeArm-roty-sampler" target="mixamorigwRightForeArm/rotateY.ANGLE" />
      <sampler id="hpl_mixamorigwRightForeArm-rotx-sampler"><input semantic="INPUT" source="#hpl_mixamorigwRightForeArm-time" /><input semantic="OUTPUT" source="#hpl_mixamorigwRightForeArm-rotx" /></sampler><channel source="#hpl_mixamorigwRightForeArm-rotx-sampler" target="mixamorigwRightForeArm/rotateX.ANGLE" />
    </animation>
    <animation id="hpl_mixamorigwRightHand">
      <source id="hpl_mixamorigwRightHand-time"><float_array id="hpl_mixamorigwRightHand-time-array" count="19">0 1 2 3 4 5 6 7 8 9 10 11 12 13 14 15 16 17 18</float_array><technique_common><accessor source="#hpl_mixamorigwRightHand-time-array" count="19" stride="1" /></technique_common></source>
      <source id="hpl_mixamorigwRightHand-trans"><float_array id="hpl_mixamorigwRightHand-trans-array" count="57">-6.22625e-07 0.252615 3.75699e-06 -6.22625e-07 0.252615 3.75699e-06 -6.22625e-07 0.252615 3.75699e-06 -6.22625e-07 0.252615 3.75699e-06 -6.22625e-07 0.252615 3.75699e-06 -6.22625e-07 0.252615 3.75699e-06 -6.22625e-07 0.252615 3.75699e-06 -6.22625e-07 0.252615 3.75699e-06 -6.22625e-07 0.252615 3.75699e-06 -6.22625e-07 0.252615 3.75699e-06 -6.22625e-07 0.252615 3.75699e-06 -6.22625e-07 0.252615 3.75699e-06 -6.22625e-07 0.252615 3.75699e-06 -6.22625e-07 0.252615 3.75699e-06 -6.22625e-07 0.252615 3.75699e-06 -6.22625e-07 0.252615 3.75699e-06 -6.22625e-07 0.252615 3.75699e-06 -6.22625e-07 0.252615 3.75699e-06 -6.22625e-07 0.252615 3.75699e-06</float_array><technique_common><accessor source="#hpl_mixamorigwRightHand-trans-array" count="19" stride="3" /></technique_common></source>
      <source id="hpl_mixamorigwRightHand-rotz"><float_array id="hpl_mixamorigwRightHand-rotz-array" count="19">-55.7951 -57.4996 -58.8841 -60.3852 -61.1601 -59.3612 -59.458 -58.372 -56.8934 -56.0505 -54.6182 -53.0039 -51.8516 -53.4603 -53.0857 -50.5528 -48.3539 -45.7961 -55.7951</float_array><technique_common><accessor source="#hpl_mixamorigwRightHand-rotz-array" count="19" stride="1" /></technique_common></source>
      <source id="hpl_mixamorigwRightHand-roty"><float_array id="hpl_mixamorigwRightHand-roty-array" count="19">7.40577 6.80646 5.10786 6.78936 7.48125 7.33907 8.16166 6.46839 5.13265 5.90634 7.48846 7.53357 6.58551 7.54299 7.47161 7.60388 7.9408 6.85302 7.40577</float_array><technique_common><accessor source="#hpl_mixamorigwRightHand-roty-array" count="19" stride="1" /></technique_common></source>
      <source id="hpl_mixamorigwRightHand-rotx"><float_array id="hpl_mixamorigwRightHand-rotx-array" count="19">1.61284 1.99243 2.48372 0.0165432 -3.40669 -5.78418 -6.60798 -4.00336 -1.11838 0.0879351 1.01196 0.303046 -2.60951 -7.86092 -7.56698 -2.93729 -1.94337 0.645753 1.61284</float_array><technique_common><accessor source="#hpl_mixamorigwRightHand-rotx-array" count="19" stride="1" /></technique_common></source>
      <sampler id="hpl_mixamorigwRightHand-trans-sampler"><input semantic="INPUT" source="#hpl_mixamorigwRightHand-time" /><input semantic="OUTPUT" source="#hpl_mixamorigwRightHand-trans" /></sampler><channel source="#hpl_mixamorigwRightHand-trans-sampler" target="mixamorigwRightHand/translate" />
      <sampler id="hpl_mixamorigwRightHand-rotz-sampler"><input semantic="INPUT" source="#hpl_mixamorigwRightHand-time" /><input semantic="OUTPUT" source="#hpl_mixamorigwRightHand-rotz" /></sampler><channel source="#hpl_mixamorigwRightHand-rotz-sampler" target="mixamorigwRightHand/rotateZ.ANGLE" />
      <sampler id="hpl_mixamorigwRightHand-roty-sampler"><input semantic="INPUT" source="#hpl_mixamorigwRightHand-time" /><input semantic="OUTPUT" source="#hpl_mixamorigwRightHand-roty" /></sampler><channel source="#hpl_mixamorigwRightHand-roty-sampler" target="mixamorigwRightHand/rotateY.ANGLE" />
      <sampler id="hpl_mixamorigwRightHand-rotx-sampler"><input semantic="INPUT" source="#hpl_mixamorigwRightHand-time" /><input semantic="OUTPUT" source="#hpl_mixamorigwRightHand-rotx" /></sampler><channel source="#hpl_mixamorigwRightHand-rotx-sampler" target="mixamorigwRightHand/rotateX.ANGLE" />
    </animation>
    <animation id="hpl_mixamorigwNeck">
      <source id="hpl_mixamorigwNeck-time"><float_array id="hpl_mixamorigwNeck-time-array" count="19">0 1 2 3 4 5 6 7 8 9 10 11 12 13 14 15 16 17 18</float_array><technique_common><accessor source="#hpl_mixamorigwNeck-time-array" count="19" stride="1" /></technique_common></source>
      <source id="hpl_mixamorigwNeck-trans"><float_array id="hpl_mixamorigwNeck-trans-array" count="57">0.000724295 0.106171 0.00808451 0.000724295 0.106171 0.00808451 0.000724295 0.106171 0.00808451 0.000724295 0.106171 0.00808451 0.000724295 0.106171 0.00808451 0.000724295 0.106171 0.00808451 0.000724295 0.106171 0.00808451 0.000724295 0.106171 0.00808451 0.000724295 0.106171 0.00808451 0.000724295 0.106171 0.00808451 0.000724295 0.106171 0.00808451 0.000724295 0.106171 0.00808451 0.000724295 0.106171 0.00808451 0.000724295 0.106171 0.00808451 0.000724295 0.106171 0.00808451 0.000724295 0.106171 0.00808451 0.000724295 0.106171 0.00808451 0.000724295 0.106171 0.00808451 0.000724295 0.106171 0.00808451</float_array><technique_common><accessor source="#hpl_mixamorigwNeck-trans-array" count="19" stride="3" /></technique_common></source>
      <source id="hpl_mixamorigwNeck-rotz"><float_array id="hpl_mixamorigwNeck-rotz-array" count="19">2.04431 2.44092 2.19383 2.5122 3.89757 2.3672 0.585254 -0.326861 -0.859067 -1.37846 -1.85407 -2.44014 -2.9418 -4.51206 -5.1249 -4.28461 -3.14196 -2.27447 2.04431</float_array><technique_common><accessor source="#hpl_mixamorigwNeck-rotz-array" count="19" stride="1" /></technique_common></source>
      <source id="hpl_mixamorigwNeck-roty"><float_array id="hpl_mixamorigwNeck-roty-array" count="19">1.27327 0.740963 0.971216 1.14605 1.24699 1.76501 2.03784 2.33107 3.37376 4.04005 4.40807 4.80317 5.01183 5.0328 4.29249 4.0591 3.66464 2.9135 1.27327</float_array><technique_common><accessor source="#hpl_mixamorigwNeck-roty-array" count="19" stride="1" /></technique_common></source>
      <source id="hpl_mixamorigwNeck-rotx"><float_array id="hpl_mixamorigwNeck-rotx-array" count="19">29.8296 31.4825 31.1231 28.7095 24.1989 22.631 23.94 25.8941 28.1942 30.4192 31.7118 31.6301 30.2263 26.7323 23.9564 23.5075 24.375 26.6705 29.8296</float_array><technique_common><accessor source="#hpl_mixamorigwNeck-rotx-array" count="19" stride="1" /></technique_common></source>
      <sampler id="hpl_mixamorigwNeck-trans-sampler"><input semantic="INPUT" source="#hpl_mixamorigwNeck-time" /><input semantic="OUTPUT" source="#hpl_mixamorigwNeck-trans" /></sampler><channel source="#hpl_mixamorigwNeck-trans-sampler" target="mixamorigwNeck/translate" />
      <sampler id="hpl_mixamorigwNeck-rotz-sampler"><input semantic="INPUT" source="#hpl_mixamorigwNeck-time" /><input semantic="OUTPUT" source="#hpl_mixamorigwNeck-rotz" /></sampler><channel source="#hpl_mixamorigwNeck-rotz-sampler" target="mixamorigwNeck/rotateZ.ANGLE" />
      <sampler id="hpl_mixamorigwNeck-roty-sampler"><input semantic="INPUT" source="#hpl_mixamorigwNeck-time" /><input semantic="OUTPUT" source="#hpl_mixamorigwNeck-roty" /></sampler><channel source="#hpl_mixamorigwNeck-roty-sampler" target="mixamorigwNeck/rotateY.ANGLE" />
      <sampler id="hpl_mixamorigwNeck-rotx-sampler"><input semantic="INPUT" source="#hpl_mixamorigwNeck-time" /><input semantic="OUTPUT" source="#hpl_mixamorigwNeck-rotx" /></sampler><channel source="#hpl_mixamorigwNeck-rotx-sampler" target="mixamorigwNeck/rotateX.ANGLE" />
    </animation>
    <animation id="hpl_mixamorigwHead">
      <source id="hpl_mixamorigwHead-time"><float_array id="hpl_mixamorigwHead-time-array" count="19">0 1 2 3 4 5 6 7 8 9 10 11 12 13 14 15 16 17 18</float_array><technique_common><accessor source="#hpl_mixamorigwHead-time-array" count="19" stride="1" /></technique_common></source>
      <source id="hpl_mixamorigwHead-trans"><float_array id="hpl_mixamorigwHead-trans-array" count="57">9.58763e-11 0.0721613 -2.26339e-07 9.58763e-11 0.0721613 -2.26339e-07 9.58763e-11 0.0721613 -2.26339e-07 9.58763e-11 0.0721613 -2.26339e-07 9.58763e-11 0.0721613 -2.26339e-07 9.58763e-11 0.0721613 -2.26339e-07 9.58763e-11 0.0721613 -2.26339e-07 9.58763e-11 0.0721613 -2.26339e-07 9.58763e-11 0.0721613 -2.26339e-07 9.58763e-11 0.0721613 -2.26339e-07 9.58763e-11 0.0721613 -2.26339e-07 9.58763e-11 0.0721613 -2.26339e-07 9.58763e-11 0.0721613 -2.26339e-07 9.58763e-11 0.0721613 -2.26339e-07 9.58763e-11 0.0721613 -2.26339e-07 9.58763e-11 0.0721613 -2.26339e-07 9.58763e-11 0.0721613 -2.26339e-07 9.58763e-11 0.0721613 -2.26339e-07 9.58763e-11 0.0721613 -2.26339e-07</float_array><technique_common><accessor source="#hpl_mixamorigwHead-trans-array" count="19" stride="3" /></technique_common></source>
      <source id="hpl_mixamorigwHead-rotz"><float_array id="hpl_mixamorigwHead-rotz-array" count="19">6.22209 5.65863 4.75925 4.12408 3.35143 2.44302 0.636897 -1.16084 -2.38732 -2.83695 -2.55099 -1.95521 -0.963109 -1.15075 -0.749443 0.666598 2.78827 4.62722 6.22209</float_array><technique_common><accessor source="#hpl_mixamorigwHead-rotz-array" count="19" stride="1" /></technique_common></source>
      <source id="hpl_mixamorigwHead-roty"><float_array id="hpl_mixamorigwHead-roty-array" count="19">-15.3655 -14.4713 -11.8021 -9.13305 -6.87592 -3.12989 2.51478 7.7538 11.2216 12.2067 11.4722 9.81528 6.44705 3.56461 0.300383 -3.61475 -8.4724 -13.3178 -15.3655</float_array><technique_common><accessor source="#hpl_mixamorigwHead-roty-array" count="19" stride="1" /></technique_common></source>
      <source id="hpl_mixamorigwHead-rotx"><float_array id="hpl_mixamorigwHead-rotx-array" count="19">-4.84175 -3.33763 -2.95633 -4.88403 -9.85409 -11.5497 -11.2849 -9.69152 -6.84085 -4.7491 -3.60493 -3.39989 -3.94939 -8.44651 -11.3866 -10.9672 -9.18853 -6.40968 -4.84175</float_array><technique_common><accessor source="#hpl_mixamorigwHead-rotx-array" count="19" stride="1" /></technique_common></source>
      <sampler id="hpl_mixamorigwHead-trans-sampler"><input semantic="INPUT" source="#hpl_mixamorigwHead-time" /><input semantic="OUTPUT" source="#hpl_mixamorigwHead-trans" /></sampler><channel source="#hpl_mixamorigwHead-trans-sampler" target="mixamorigwHead/translate" />
      <sampler id="hpl_mixamorigwHead-rotz-sampler"><input semantic="INPUT" source="#hpl_mixamorigwHead-time" /><input semantic="OUTPUT" source="#hpl_mixamorigwHead-rotz" /></sampler><channel source="#hpl_mixamorigwHead-rotz-sampler" target="mixamorigwHead/rotateZ.ANGLE" />
      <sampler id="hpl_mixamorigwHead-roty-sampler"><input semantic="INPUT" source="#hpl_mixamorigwHead-time" /><input semantic="OUTPUT" source="#hpl_mixamorigwHead-roty" /></sampler><channel source="#hpl_mixamorigwHead-roty-sampler" target="mixamorigwHead/rotateY.ANGLE" />
      <sampler id="hpl_mixamorigwHead-rotx-sampler"><input semantic="INPUT" source="#hpl_mixamorigwHead-time" /><input semantic="OUTPUT" source="#hpl_mixamorigwHead-rotx" /></sampler><channel source="#hpl_mixamorigwHead-rotx-sampler" target="mixamorigwHead/rotateX.ANGLE" />
    </animation>
    <animation id="hpl_mixamorigwHeadTop_End">
      <source id="hpl_mixamorigwHeadTop_End-time"><float_array id="hpl_mixamorigwHeadTop_End-time-array" count="19">0 1 2 3 4 5 6 7 8 9 10 11 12 13 14 15 16 17 18</float_array><technique_common><accessor source="#hpl_mixamorigwHeadTop_End-time-array" count="19" stride="1" /></technique_common></source>
      <source id="hpl_mixamorigwHeadTop_End-trans"><float_array id="hpl_mixamorigwHeadTop_End-trans-array" count="57">-4.12817e-11 0.251687 -0.0922776 -4.12817e-11 0.251687 -0.0922776 -4.12817e-11 0.251687 -0.0922776 -4.12817e-11 0.251687 -0.0922776 -4.12817e-11 0.251687 -0.0922776 -4.12817e-11 0.251687 -0.0922776 -4.12817e-11 0.251687 -0.0922776 -4.12817e-11 0.251687 -0.0922776 -4.12817e-11 0.251687 -0.0922776 -4.12817e-11 0.251687 -0.0922776 -4.12817e-11 0.251687 -0.0922776 -4.12817e-11 0.251687 -0.0922776 -4.12817e-11 0.251687 -0.0922776 -4.12817e-11 0.251687 -0.0922776 -4.12817e-11 0.251687 -0.0922776 -4.12817e-11 0.251687 -0.0922776 -4.12817e-11 0.251687 -0.0922776 -4.12817e-11 0.251687 -0.0922776 -4.12817e-11 0.251687 -0.0922776</float_array><technique_common><accessor source="#hpl_mixamorigwHeadTop_End-trans-array" count="19" stride="3" /></technique_common></source>
      <source id="hpl_mixamorigwHeadTop_End-rotz"><float_array id="hpl_mixamorigwHeadTop_End-rotz-array" count="19">-4.55091e-09 -4.55091e-09 -4.55091e-09 -4.55091e-09 -4.55091e-09 -4.55091e-09 -4.55091e-09 -4.55091e-09 -4.55091e-09 -4.55091e-09 -4.55091e-09 -4.55091e-09 -4.55091e-09 -4.55091e-09 -4.55091e-09 -4.55091e-09 -4.55091e-09 -4.55091e-09 -4.55091e-09</float_array><technique_common><accessor source="#hpl_mixamorigwHeadTop_End-rotz-array" count="19" stride="1" /></technique_common></source>
      <source id="hpl_mixamorigwHeadTop_End-roty"><float_array id="hpl_mixamorigwHeadTop_End-roty-array" count="19">1.45297e-08 1.45297e-08 1.45297e-08 1.45297e-08 1.45297e-08 1.45297e-08 1.45297e-08 1.45297e-08 1.45297e-08 1.45297e-08 1.45297e-08 1.45297e-08 1.45297e-08 1.45297e-08 1.45297e-08 1.45297e-08 1.45297e-08 1.45297e-08 1.45297e-08</float_array><technique_common><accessor source="#hpl_mixamorigwHeadTop_End-roty-array" count="19" stride="1" /></technique_common></source>
      <source id="hpl_mixamorigwHeadTop_End-rotx"><float_array id="hpl_mixamorigwHeadTop_End-rotx-array" count="19">-20.1348 -20.1348 -20.1348 -20.1348 -20.1348 -20.1348 -20.1348 -20.1348 -20.1348 -20.1348 -20.1348 -20.1348 -20.1348 -20.1348 -20.1348 -20.1348 -20.1348 -20.1348 -20.1348</float_array><technique_common><accessor source="#hpl_mixamorigwHeadTop_End-rotx-array" count="19" stride="1" /></technique_common></source>
      <sampler id="hpl_mixamorigwHeadTop_End-trans-sampler"><input semantic="INPUT" source="#hpl_mixamorigwHeadTop_End-time" /><input semantic="OUTPUT" source="#hpl_mixamorigwHeadTop_End-trans" /></sampler><channel source="#hpl_mixamorigwHeadTop_End-trans-sampler" target="mixamorigwHeadTop_End/translate" />
      <sampler id="hpl_mixamorigwHeadTop_End-rotz-sampler"><input semantic="INPUT" source="#hpl_mixamorigwHeadTop_End-time" /><input semantic="OUTPUT" source="#hpl_mixamorigwHeadTop_End-rotz" /></sampler><channel source="#hpl_mixamorigwHeadTop_End-rotz-sampler" target="mixamorigwHeadTop_End/rotateZ.ANGLE" />
      <sampler id="hpl_mixamorigwHeadTop_End-roty-sampler"><input semantic="INPUT" source="#hpl_mixamorigwHeadTop_End-time" /><input semantic="OUTPUT" source="#hpl_mixamorigwHeadTop_End-roty" /></sampler><channel source="#hpl_mixamorigwHeadTop_End-roty-sampler" target="mixamorigwHeadTop_End/rotateY.ANGLE" />
      <sampler id="hpl_mixamorigwHeadTop_End-rotx-sampler"><input semantic="INPUT" source="#hpl_mixamorigwHeadTop_End-time" /><input semantic="OUTPUT" source="#hpl_mixamorigwHeadTop_End-rotx" /></sampler><channel source="#hpl_mixamorigwHeadTop_End-rotx-sampler" target="mixamorigwHeadTop_End/rotateX.ANGLE" />
    </animation>
    <animation id="hpl_mixamorigwHeadFront">
      <source id="hpl_mixamorigwHeadFront-time"><float_array id="hpl_mixamorigwHeadFront-time-array" count="19">0 1 2 3 4 5 6 7 8 9 10 11 12 13 14 15 16 17 18</float_array><technique_common><accessor source="#hpl_mixamorigwHeadFront-time-array" count="19" stride="1" /></technique_common></source>
      <source id="hpl_mixamorigwHeadFront-trans"><float_array id="hpl_mixamorigwHeadFront-trans-array" count="57">5.31362e-09 0.0385956 0.092277 5.31362e-09 0.0385956 0.092277 5.31362e-09 0.0385956 0.092277 5.31362e-09 0.0385956 0.092277 5.31362e-09 0.0385956 0.092277 5.31362e-09 0.0385956 0.092277 5.31362e-09 0.0385956 0.092277 5.31362e-09 0.0385956 0.092277 5.31362e-09 0.0385956 0.092277 5.31362e-09 0.0385956 0.092277 5.31362e-09 0.0385956 0.092277 5.31362e-09 0.0385956 0.092277 5.31362e-09 0.0385956 0.092277 5.31362e-09 0.0385956 0.092277 5.31362e-09 0.0385956 0.092277 5.31362e-09 0.0385956 0.092277 5.31362e-09 0.0385956 0.092277 5.31362e-09 0.0385956 0.092277 5.31362e-09 0.0385956 0.092277</float_array><technique_common><accessor source="#hpl_mixamorigwHeadFront-trans-array" count="19" stride="3" /></technique_common></source>
      <source id="hpl_mixamorigwHeadFront-rotz"><float_array id="hpl_mixamorigwHeadFront-rotz-array" count="19">-8.07972e-06 -8.07972e-06 -8.07972e-06 -8.07972e-06 -8.07972e-06 -8.07972e-06 -8.07972e-06 -8.07972e-06 -8.07972e-06 -8.07972e-06 -8.07972e-06 -8.07972e-06 -8.07972e-06 -8.07972e-06 -8.07972e-06 -8.07972e-06 -8.07972e-06 -8.07972e-06 -8.07972e-06</float_array><technique_common><accessor source="#hpl_mixamorigwHeadFront-rotz-array" count="19" stride="1" /></technique_common></source>
      <source id="hpl_mixamorigwHeadFront-roty"><float_array id="hpl_mixamorigwHeadFront-roty-array" count="19">-3.35379e-06 -3.35379e-06 -3.35379e-06 -3.35379e-06 -3.35379e-06 -3.35379e-06 -3.35379e-06 -3.35379e-06 -3.35379e-06 -3.35379e-06 -3.35379e-06 -3.35379e-06 -3.35379e-06 -3.35379e-06 -3.35379e-06 -3.35379e-06 -3.35379e-06 -3.35379e-06 -3.35379e-06</float_array><technique_common><accessor source="#hpl_mixamorigwHeadFront-roty-array" count="19" stride="1" /></technique_common></source>
      <source id="hpl_mixamorigwHeadFront-rotx"><float_array id="hpl_mixamorigwHeadFront-rotx-array" count="19">67.3014 67.3014 67.3014 67.3014 67.3014 67.3014 67.3014 67.3014 67.3014 67.3014 67.3014 67.3014 67.3014 67.3014 67.3014 67.3014 67.3014 67.3014 67.3014</float_array><technique_common><accessor source="#hpl_mixamorigwHeadFront-rotx-array" count="19" stride="1" /></technique_common></source>
      <sampler id="hpl_mixamorigwHeadFront-trans-sampler"><input semantic="INPUT" source="#hpl_mixamorigwHeadFront-time" /><input semantic="OUTPUT" source="#hpl_mixamorigwHeadFront-trans" /></sampler><channel source="#hpl_mixamorigwHeadFront-trans-sampler" target="mixamorigwHeadFront/translate" />
      <sampler id="hpl_mixamorigwHeadFront-rotz-sampler"><input semantic="INPUT" source="#hpl_mixamorigwHeadFront-time" /><input semantic="OUTPUT" source="#hpl_mixamorigwHeadFront-rotz" /></sampler><channel source="#hpl_mixamorigwHeadFront-rotz-sampler" target="mixamorigwHeadFront/rotateZ.ANGLE" />
      <sampler id="hpl_mixamorigwHeadFront-roty-sampler"><input semantic="INPUT" source="#hpl_mixamorigwHeadFront-time" /><input semantic="OUTPUT" source="#hpl_mixamorigwHeadFront-roty" /></sampler><channel source="#hpl_mixamorigwHeadFront-roty-sampler" target="mixamorigwHeadFront/rotateY.ANGLE" />
      <sampler id="hpl_mixamorigwHeadFront-rotx-sampler"><input semantic="INPUT" source="#hpl_mixamorigwHeadFront-time" /><input semantic="OUTPUT" source="#hpl_mixamorigwHeadFront-rotx" /></sampler><channel source="#hpl_mixamorigwHeadFront-rotx-sampler" target="mixamorigwHeadFront/rotateX.ANGLE" />
    </animation>
  </library_animations>
  <scene><instance_visual_scene url="#RootNode" /></scene>
</COLLADA>