<?xml version='1.0' encoding='utf-8'?>
<COLLADA xmlns="http://www.collada.org/2005/11/COLLADASchema" version="1.4.1">
  <asset>
    <contributor><author>hpl_dae_export</author><authoring_tool>Blender 4.2.0</authoring_tool></contributor>
    <unit name="meter" meter="1" />
    <up_axis>Y_UP</up_axis>
  </asset>
  <library_images>
    <image id="red-diffuse-image"><init_from>red.tga</init_from></image>
    <image id="red-emission-image"><init_from>red.tga</init_from></image>
    <image id="red-normal-image"><init_from>red.tga</init_from></image>
  </library_images>
  <library_effects>
    <effect id="red-fx" name="red"><profile_COMMON>
      <newparam sid="red-diffuse-surface"><surface type="2D"><init_from>red-diffuse-image</init_from></surface></newparam>
      <newparam sid="red-diffuse-sampler"><sampler2D><source>red-diffuse-surface</source></sampler2D></newparam>
      <newparam sid="red-emission-surface"><surface type="2D"><init_from>red-emission-image</init_from></surface></newparam>
      <newparam sid="red-emission-sampler"><sampler2D><source>red-emission-surface</source></sampler2D></newparam>
      <technique sid="common"><lambert>
        <diffuse><texture texture="red-diffuse-sampler" texcoord="CHANNEL0" /></diffuse>
      </lambert></technique>
    </profile_COMMON></effect>
  </library_effects>
  <library_materials>
    <material id="red" name="red"><instance_effect url="#red-fx" /></material>
  </library_materials>
  <library_geometries>
    <geometry id="Mesh_0_1" name="Mesh_0"><mesh>
      <source id="Mesh_0_1-vpos"><float_array id="Mesh_0_1-vpos-array" count="9">0.00385352 0.946143 0.0286242 0.0538535 0.946143 0.0286242 0.00385352 0.996143 0.0286242</float_array><technique_common><accessor source="#Mesh_0_1-vpos-array" count="3" stride="3"><param name="X" type="float" /><param name="Y" type="float" /><param name="Z" type="float" /></accessor></technique_common></source>
      <source id="Mesh_0_1-vnrm"><float_array id="Mesh_0_1-vnrm-array" count="9">0 0 1 0 0 1 0 0 1</float_array><technique_common><accessor source="#Mesh_0_1-vnrm-array" count="3" stride="3"><param name="X" type="float" /><param name="Y" type="float" /><param name="Z" type="float" /></accessor></technique_common></source>
      <source id="Mesh_0_1-vuv"><float_array id="Mesh_0_1-vuv-array" count="6">0 0 1 0 0 1</float_array><technique_common><accessor source="#Mesh_0_1-vuv-array" count="3" stride="2"><param name="S" type="float" /><param name="T" type="float" /></accessor></technique_common></source>
      <vertices id="Mesh_0_1-vertices"><input semantic="POSITION" source="#Mesh_0_1-vpos" /></vertices>
      <triangles count="1" material="red"><input semantic="VERTEX" source="#Mesh_0_1-vertices" offset="0" /><input semantic="NORMAL" source="#Mesh_0_1-vnrm" offset="1" /><input semantic="TEXCOORD" source="#Mesh_0_1-vuv" offset="2" /><p>0 0 0 1 1 1 2 2 2</p></triangles>
    </mesh></geometry>
  </library_geometries>
  <library_controllers>
    <controller id="Mesh_0_1-skin" name="skinCluster0"><skin source="#Mesh_0_1">
      <bind_shape_matrix>1 0 0 0 0 1 0 0 0 0 1 0 0 0 0 1</bind_shape_matrix>
      <source id="Mesh_0_1-skin-joints"><Name_array id="Mesh_0_1-skin-joints-array" count="24">mixamorigwHips mixamorigwLeftUpLeg mixamorigwLeftLeg mixamorigwLeftFoot mixamorigwLeftToeBase mixamorigwRightUpLeg mixamorigwRightLeg mixamorigwRightFoot mixamorigwRightToeBase mixamorigwSpine mixamorigwSpine1 mixamorigwSpine2 mixamorigwLeftShoulder mixamorigwLeftArm mixamorigwLeftForeArm mixamorigwLeftHand mixamorigwRightShoulder mixamorigwRightArm mixamorigwRightForeArm mixamorigwRightHand mixamorigwNeck mixamorigwHead mixamorigwHeadTop_End mixamorigwHeadFront</Name_array><technique_common><accessor source="#Mesh_0_1-skin-joints-array" count="24" stride="1"><param name="JOINT" type="Name" /></accessor></technique_common></source>
      <source id="Mesh_0_1-skin-bind_poses"><float_array id="Mesh_0_1-skin-bind_poses-array" count="384">0.999989 -0.00406635 0.00253198 -7.86095e-05 0.00253198 0.897395 0.441222 -0.861703 -0.00406635 -0.44121 0.897395 0.391776 0 0 0 1 0.986631 0.119226 -0.111103 -0.197556 0.111103 -0.990848 -0.0766622 0.838282 -0.119226 0.0632938 -0.990848 -0.0208964 0 0 0 1 0.994617 0.0807749 -0.064911 -0.179425 0.0649109 -0.973934 -0.217344 0.469527 -0.0807747 0.211961 -0.973935 -0.0994408 0 0 0 1 0.993435 0.042401 -0.106246 -0.17724 0.106246 -0.686247 0.719568 0.141585 -0.0424003 -0.726132 -0.686247 0.0527234 0 0 0 1 0.989275 1.23237e-06 -0.146069 -0.173866 0.146069 -3.00044e-07 0.989275 -0.0499448 1.17461e-06 -1 -5.29324e-08 0.039445 0 0 0 1 0.98652 -0.119644 0.111641 0.190478 -0.111641 -0.990884 -0.0753982 0.839864 0.119644 0.0619186 -0.990885 -0.0204603 0 0 0 1 0.992744 -0.0932991 0.0758571 0.178015 -0.0758569 -0.975408 -0.206944 0.473354 0.0932989 0.199689 -0.975408 -0.0922947 0 0 0 1 0.990126 -0.0532919 0.129653 0.176015 -0.129652 -0.69979 0.702485 0.138161 0.0532927 -0.712358 -0.69979 0.0572618 0 0 0 1 0.983392 1.34325e-06 0.181497 0.171253 -0.181497 -4.60052e-07 0.983392 -0.0581054 1.51265e-06 -1 1.57955e-07 0.0413972 0 0 0 1 1 1.87816e-10 -9.41434e-10 -0.00385352 -1.27467e-10 0.998845 -0.0480456 -1.08262 2.26969e-10 0.0480457 0.998845 -0.0740498 0 0 0 1 1 3.86147e-11 8.02781e-10 -0.00385352 1.05363e-10 0.998845 -0.0480456 -1.22156 -1.50806e-09 0.0480457 0.998845 -0.0740495 0 0 0 1 0.999955 0.00711225 0.00628019 -0.0135977 -0.0062802 0.992288 -0.123798 -1.35089 -0.00711224 0.123753 0.992288 -0.177117 0 0 0 1 -0.0733667 -2.91331e-07 -0.997305 -0.000555411 0.997305 -3.61991e-10 -0.0733666 -0.0467881 1.52522e-08 -1 2.45412e-07 1.43366 0 0 0 1 0.426062 0.574063 -0.69923 -0.927351 0.699231 -0.699382 -0.148126 0.848006 -0.574063 -0.425812 -0.699383 0.723849 0 0 0 1 0.52368 0.296518 -0.798647 -0.624742 0.798646 -0.497174 0.339091 0.320905 -0.29652 -0.815411 -0.497173 1.11126 0 0 0 1 0.764466 0.231778 -0.601557 -0.704431 0.601557 -0.591963 0.536386 0.282485 -0.231777 -0.771919 -0.591963 1.02623 0 0 0 1 -0.0722537 1.86859e-07 0.997386 0.00130913 -0.997386 1.46194e-09 -0.0722538 -0.0406645 -6.51276e-09 -1 1.4146e-07 1.42977 0 0 0 1 0.458698 -0.579116 0.673959 0.939391 -0.673958 -0.721041 -0.160875 0.881431 0.579117 -0.380427 -0.72104 0.657695 0 0 0 1 0.498693 -0.293227 0.815674 0.605234 -0.815674 -0.477108 0.327177 0.301524 0.293227 -0.828484 -0.477108 1.12205 0 0 0 1 0.746469 -0.235106 0.622502 0.690914 -0.622502 -0.577265 0.528448 0.271116 0.235107 -0.781978 -0.577264 1.0377 0 0 0 1 1 -4.74058e-09 4.42383e-09 -0.00385351 4.28017e-09 0.998845 -0.0480457 -1.46698 -5.38852e-09 0.0480458 0.998845 -0.0740497 0 0 0 1 1 1.68686e-09 4.15308e-10 -0.00385352 -2.83383e-09 0.922548 0.385883 -1.42158 -5.26683e-10 -0.385883 0.922548 0.594602 0 0 0 1 1 1.71144e-09 1.50711e-10 -0.00385352 -2.49206e-09 0.998999 0.0447313 -1.80745 -1.20455e-09 -0.0447312 0.998999 0.0689125 0 0 0 1 1 -1.50996e-07 -1.08247e-15 -0.00385329 -1.16412e-09 2.98023e-08 1 -0.100038 -1.50272e-07 -1 1.62664e-22 1.54092 0 0 0 1</float_array><technique_common><accessor count="24" offset="0" source="#Mesh_0_1-skin-bind_poses-array" stride="16"><param name="TRANSFORM" type="float4x4" /></accessor></technique_common></source>
      <source id="Mesh_0_1-skin-weights"><float_array id="Mesh_0_1-skin-weights-array" count="1">1</float_array><technique_common><accessor count="1" offset="0" source="#Mesh_0_1-skin-weights-array" stride="1"><param name="WEIGHT" type="float" /></accessor></technique_common></source>
      <joints><input semantic="JOINT" source="#Mesh_0_1-skin-joints" /><input semantic="INV_BIND_MATRIX" source="#Mesh_0_1-skin-bind_poses" /></joints>
      <vertex_weights count="3"><input semantic="JOINT" source="#Mesh_0_1-skin-joints" offset="0" /><input semantic="WEIGHT" source="#Mesh_0_1-skin-weights" offset="1" /><vcount>1 1 1</vcount><v>0 0 0 0 0 0</v></vertex_weights>
    </skin></controller>
  </library_controllers>
  <library_visual_scenes>
    <visual_scene id="RootNode" name="RootNode">
      <node id="mixamorigwHips" sid="mixamorigwHips" name="mixamorigwHips" type="JOINT">
        <translate sid="translate">0.00385352 0.946143 0.0286245</translate><rotate sid="rotateZ">0 0 1 -0.232986</rotate><rotate sid="rotateY">0 1 0 -0.145072</rotate><rotate sid="rotateX">1 0 0 26.1819</rotate>
        <node id="mixamorigwLeftUpLeg" sid="mixamorigwLeftUpLeg" name="mixamorigwLeftUpLeg" type="JOINT">
          <translate sid="translate">0.0957848 -0.0842078 0.0333163</translate><rotate sid="rotateZ">0 0 1 3.51</rotate><rotate sid="rotateY">0 1 0 8.99327</rotate><rotate sid="rotateX">1 0 0 158.13</rotate>
          <node id="mixamorigwLeftLeg" sid="mixamorigwLeftLeg" name="mixamorigwLeftLeg" type="JOINT">
            <translate sid="translate">-3.18274e-08 0.365977 1.95229e-07</translate><rotate sid="rotateZ">0 0 1 2.03375</rotate><rotate sid="rotateY">0 1 0 2.8175</rotate><rotate sid="rotateX">1 0 0 8.40382</rotate>
            <node id="mixamorigwLeftFoot" sid="mixamorigwLeftFoot" name="mixamorigwLeftFoot" type="JOINT">
              <translate sid="translate">8.84533e-09 0.359261 3.79086e-09</translate><rotate sid="rotateZ">0 0 1 2.65403</rotate><rotate sid="rotateY">0 1 0 -1.84634</rotate><rotate sid="rotateX">1 0 0 -58.7923</rotate>
              <node id="mixamorigwLeftToeBase" sid="mixamorigwLeftToeBase" name="mixamorigwLeftToeBase" type="JOINT">
                <translate sid="translate">-9.79304e-09 0.150844 0</translate><rotate sid="rotateZ">0 0 1 -5.33409e-05</rotate><rotate sid="rotateY">0 1 0 -3.34183</rotate><rotate sid="rotateX">1 0 0 -43.3337</rotate>
              </node>
            </node>
          </node>
        </node>
        <node id="mixamorigwRightUpLeg" sid="mixamorigwRightUpLeg" name="mixamorigwRightUpLeg" type="JOINT">
          <translate sid="translate">-0.0952036 -0.0839154 0.0339066</translate><rotate sid="rotateZ">0 0 1 -3.22396</rotate><rotate sid="rotateY">0 1 0 -8.56678</rotate><rotate sid="rotateX">1 0 0 158.028</rotate>
          <node id="mixamorigwRightLeg" sid="mixamorigwRightLeg" name="mixamorigwRightLeg" type="JOINT">
            <translate sid="translate">-2.91027e-08 0.36282 2.47669e-07</translate><rotate sid="rotateZ">0 0 1 -1.38203</rotate><rotate sid="rotateY">0 1 0 -2.16822</rotate><rotate sid="rotateX">1 0 0 7.79813</rotate>
            <node id="mixamorigwRightFoot" sid="mixamorigwRightFoot" name="mixamorigwRightFoot" type="JOINT">
              <translate sid="translate">-1.6427e-08 0.358719 1.26362e-09</translate><rotate sid="rotateZ">0 0 1 -2.86642</rotate><rotate sid="rotateY">0 1 0 2.56357</rotate><rotate sid="rotateX">1 0 0 -56.9173</rotate>
              <node id="mixamorigwRightToeBase" sid="mixamorigwRightToeBase" name="mixamorigwRightToeBase" type="JOINT">
                <translate sid="translate">-7.89762e-09 0.150699 -6.57082e-08</translate><rotate sid="rotateZ">0 0 1 -5.15439e-05</rotate><rotate sid="rotateY">0 1 0 4.27841</rotate><rotate sid="rotateX">1 0 0 -44.4102</rotate>
              </node>
            </node>
          </node>
        </node>
        <node id="mixamorigwSpine" sid="mixamorigwSpine" name="mixamorigwSpine" type="JOINT">
          <translate sid="translate">-0.00058124 0.121597 -0.0672225</translate><rotate sid="rotateZ">0 0 1 0.145073</rotate><rotate sid="rotateY">0 1 0 0.232985</rotate><rotate sid="rotateX">1 0 0 -28.9352</rotate>
          <node id="mixamorigwSpine1" sid="mixamorigwSpine1" name="mixamorigwSpine1" type="JOINT">
            <translate sid="translate">5.31351e-10 0.138942 -1.8196e-07</translate><rotate sid="rotateZ">0 0 1 -1.33402e-08</rotate><rotate sid="rotateY">0 1 0 -9.941e-08</rotate><rotate sid="rotateX">1 0 0 2.56132e-06</rotate>
            <node id="mixamorigwSpine2" sid="mixamorigwSpine2" name="mixamorigwSpine2" type="JOINT">
              <translate sid="translate">-2.56392e-10 0.138943 -5.81135e-12</translate><rotate sid="rotateZ">0 0 1 0.389755</rotate><rotate sid="rotateY">0 1 0 -0.378994</rotate><rotate sid="rotateX">1 0 0 -4.35765</rotate>
              <node id="mixamorigwLeftShoulder" sid="mixamorigwLeftShoulder" name="mixamorigwLeftShoulder" type="JOINT">
                <translate sid="translate">0.0431929 0.0719141 -0.00398395</translate><rotate sid="rotateZ">0 0 1 122.722</rotate><rotate sid="rotateY">0 1 0 81.5294</rotate><rotate sid="rotateX">1 0 0 -147.154</rotate>
                <node id="mixamorigwLeftArm" sid="mixamorigwLeftArm" name="mixamorigwLeftArm" type="JOINT">
                  <translate sid="translate">-3.24553e-08 0.171533 1.60997e-07</translate><rotate sid="rotateZ">0 0 1 35.5626</rotate><rotate sid="rotateY">0 1 0 35.0341</rotate><rotate sid="rotateX">1 0 0 58.6653</rotate>
                  <node id="mixamorigwLeftForeArm" sid="mixamorigwLeftForeArm" name="mixamorigwLeftForeArm" type="JOINT">
                    <translate sid="translate">-6.31809e-08 0.261279 8.84533e-08</translate><rotate sid="rotateZ">0 0 1 16.232</rotate><rotate sid="rotateY">0 1 0 -7.56631</rotate><rotate sid="rotateX">1 0 0 -29.2207</rotate>
                    <node id="mixamorigwLeftHand" sid="mixamorigwLeftHand" name="mixamorigwLeftHand" type="JOINT">
                      <translate sid="translate">3.53813e-08 0.258002 7.83443e-08</translate><rotate sid="rotateZ">0 0 1 17.057</rotate><rotate sid="rotateY">0 1 0 6.69567</rotate><rotate sid="rotateX">1 0 0 2.17207</rotate>
                    </node>
                  </node>
                </node>
              </node>
              <node id="mixamorigwRightShoulder" sid="mixamorigwRightShoulder" name="mixamorigwRightShoulder" type="JOINT">
                <translate sid="translate">-0.0439172 0.0686297 -0.00410151</translate><rotate sid="rotateZ">0 0 1 -118.209</rotate><rotate sid="rotateY">0 1 0 -81.9753</rotate><rotate sid="rotateX">1 0 0 -152.434</rotate>
                <node id="mixamorigwRightArm" sid="mixamorigwRightArm" name="mixamorigwRightArm" type="JOINT">
                  <translate sid="translate">2.11473e-09 0.177733 -9.98953e-10</translate><rotate sid="rotateZ">0 0 1 -38.3828</rotate><rotate sid="rotateY">0 1 0 -35.3884</rotate><rotate sid="rotateX">1 0 0 62.1835</rotate>
                  <node id="mixamorigwRightForeArm" sid="mixamorigwRightForeArm" name="mixamorigwRightForeArm" type="JOINT">
                    <translate sid="translate">-7.58171e-09 0.248032 -3.79086e-08</translate><rotate sid="rotateZ">0 0 1 -15.1012</rotate><rotate sid="rotateY">0 1 0 10.8233</rotate><rotate sid="rotateX">1 0 0 -32.4331</rotate>
                    <node id="mixamorigwRightHand" sid="mixamorigwRightHand" name="mixamorigwRightHand" type="JOINT">
                      <translate sid="translate">-3.15905e-08 0.252616 -2.62833e-07</translate><rotate sid="rotateZ">0 0 1 -17.1606</rotate><rotate sid="rotateY">0 1 0 -6.69971</rotate><rotate sid="rotateX">1 0 0 2.51573</rotate>
                    </node>
                  </node>
                </node>
              </node>
              <node id="mixamorigwNeck" sid="mixamorigwNeck" name="mixamorigwNeck" type="JOINT">
                <translate sid="translate">0.00072429 0.106167 0.00808535</translate><rotate sid="rotateZ">0 0 1 -0.359841</rotate><rotate sid="rotateY">0 1 0 0.407504</rotate><rotate sid="rotateX">1 0 0 4.35507</rotate>
                <node id="mixamorigwHead" sid="mixamorigwHead" name="mixamorigwHead" type="JOINT">
                  <translate sid="translate">-3.54751e-10 0.0721631 1.81598e-08</translate><rotate sid="rotateZ">0 0 1 3.78874e-07</rotate><rotate sid="rotateY">0 1 0 2.11712e-07</rotate><rotate sid="rotateX">1 0 0 25.4525</rotate>
                  <node id="mixamorigwHeadTop_End" sid="mixamorigwHeadTop_End" name="mixamorigwHeadTop_End" type="JOINT">
                    <translate sid="translate">-7.34873e-10 0.251682 -0.0922759</translate><rotate sid="rotateZ">0 0 1 -4.5508e-09</rotate><rotate sid="rotateY">0 1 0 1.45296e-08</rotate><rotate sid="rotateX">1 0 0 -20.1348</rotate>
                  </node>
                  <node id="mixamorigwHeadFront" sid="mixamorigwHeadFront" name="mixamorigwHeadFront" type="JOINT">
                    <translate sid="translate">-8.34142e-10 0.0385968 0.092276</translate><rotate sid="rotateZ">0 0 1 -8.0797e-06</rotate><rotate sid="rotateY">0 1 0 -3.35378e-06</rotate><rotate sid="rotateX">1 0 0 67.3014</rotate>
                  </node>
                </node>
              </node>
            </node>
          </node>
        </node>
      </node>
      <node id="Mesh_0" name="Mesh_0" type="NODE">
        <translate sid="translate">0 0 0</translate><rotate sid="rotateZ">0 0 1 0</rotate><rotate sid="rotateY">0 1 0 -0</rotate><rotate sid="rotateX">1 0 0 -90</rotate><scale sid="scale">100 100 100</scale><instance_controller url="#Mesh_0_1-skin">
          <skeleton>#mixamorigwHips</skeleton>
          <bind_material><technique_common><instance_material symbol="defaultMaterial" target="#%s"><bind_vertex_input semantic="CHANNEL0" input_semantic="TEXCOORD" input_set="0" /></instance_material></technique_common></bind_material>
        </instance_controller>
      </node>
    </visual_scene>
  </library_visual_scenes>
  <library_animations>
    <animation id="hpl_mixamorigwHips">
      <source id="hpl_mixamorigwHips-time"><float_array id="hpl_mixamorigwHips-time-array" count="38">0 1 2 3 4 5 6 7 8 9 10 11 12 13 14 15 16 17 18 19 20 21 22 23 24 25 26 27 28 29 30 31 32 33 34 35 36 37</float_array><technique_common><accessor source="#hpl_mixamorigwHips-time-array" count="38" stride="1" /></technique_common></source>
      <source id="hpl_mixamorigwHips-trans"><float_array id="hpl_mixamorigwHips-trans-array" count="114">0.00733875 0.936457 0.0172068 0.00996914 0.939776 0.0184498 0.0140444 0.941917 0.0200562 0.0185593 0.941532 0.0216096 0.0227488 0.9403 0.0229355 0.0253553 0.937575 0.0235555 0.0283023 0.934357 0.0244214 0.0304024 0.930394 0.0252882 0.0328084 0.926583 0.02618 0.0332292 0.923294 0.0264699 0.0334372 0.920229 0.0258626 0.0331201 0.915727 0.0244264 0.0310882 0.905927 0.0216374 0.0283087 0.899071 0.0177631 0.0260454 0.893485 0.0132978 0.0251154 0.890081 0.00863079 0.0263398 0.89346 0.00462183 0.0273655 0.899391 0.000866047 0.0303404 0.906306 -0.00147073 0.0354864 0.913833 -0.00235999 0.0417012 0.921882 -0.00231639 0.0464949 0.928887 -0.00196609 0.0516943 0.932539 -0.000560533 0.0556767 0.934553 0.000745029 0.059417 0.937985 0.00213697 0.0616597 0.940626 0.0033483 0.0632846 0.941101 0.00512961 0.0631149 0.940353 0.00707081 0.062737 0.938042 0.00935592 0.0606824 0.932089 0.0117162 0.0568286 0.925397 0.0136538 0.0496505 0.924266 0.0147875 0.0400146 0.925127 0.0147313 0.0309682 0.925582 0.0149983 0.0226917 0.927496 0.0152159 0.0154822 0.92845 0.0157783 0.0100153 0.930516 0.0165536 0.00733875 0.936457 0.0172068</float_array><technique_common><accessor source="#hpl_mixamorigwHips-trans-array" count="38" stride="3" /></technique_common></source>
      <source id="hpl_mixamorigwHips-rotz"><float_array id="hpl_mixamorigwHips-rotz-array" count="38">1.27258 1.38102 1.4085 1.35011 1.19657 0.983029 0.741001 0.528244 0.371331 0.254091 0.185544 0.154264 0.117569 0.124872 0.305995 0.673415 1.16867 1.58865 1.79113 1.62569 1.24292 0.887254 0.691463 0.686187 0.809703 0.995936 1.21946 1.4932 1.79334 2.06228 2.22364 2.12733 1.59204 0.860998 0.395405 0.250472 0.423239 1.27258</float_array><technique_common><accessor source="#hpl_mixamorigwHips-rotz-array" count="38" stride="1" /></technique_common></source>
      <source id="hpl_mixamorigwHips-roty"><float_array id="hpl_mixamorigwHips-roty-array" count="38">-1.92201 -1.43478 -0.79437 0.046599 1.02046 2.07939 3.1568 4.15394 5.04877 5.84771 6.52769 7.03231 7.33107 7.31692 7.0178 6.35715 5.34176 4.29872 3.50441 2.66912 1.69645 0.614969 -0.417924 -1.30402 -2.02974 -2.63337 -3.16756 -3.63556 -4.03337 -4.37198 -4.60015 -4.71544 -4.86079 -4.9388 -4.67121 -4.06876 -3.50152 -1.92201</float_array><technique_common><accessor source="#hpl_mixamorigwHips-roty-array" count="38" stride="1" /></technique_common></source>
      <source id="hpl_mixamorigwHips-rotx"><float_array id="hpl_mixamorigwHips-rotx-array" count="38">34.4305 34.3013 34.2172 34.1522 34.0797 33.9748 33.8149 33.5925 33.3347 33.063 32.7744 32.4848 32.2224 31.9691 31.7951 31.6838 31.5299 31.2509 31.0147 30.9069 30.9104 30.9582 30.9705 30.8736 30.7081 30.527 30.3737 30.2412 30.1902 30.2414 30.4414 30.9842 32.0989 33.6421 34.8621 35.6055 35.7751 34.4305</float_array><technique_common><accessor source="#hpl_mixamorigwHips-rotx-array" count="38" stride="1" /></technique_common></source>
      <sampler id="hpl_mixamorigwHips-trans-sampler"><input semantic="INPUT" source="#hpl_mixamorigwHips-time" /><input semantic="OUTPUT" source="#hpl_mixamorigwHips-trans" /></sampler><channel source="#hpl_mixamorigwHips-trans-sampler" target="mixamorigwHips/translate" />
      <sampler id="hpl_mixamorigwHips-rotz-sampler"><input semantic="INPUT" source="#hpl_mixamorigwHips-time" /><input semantic="OUTPUT" source="#hpl_mixamorigwHips-rotz" /></sampler><channel source="#hpl_mixamorigwHips-rotz-sampler" target="mixamorigwHips/rotateZ.ANGLE" />
      <sampler id="hpl_mixamorigwHips-roty-sampler"><input semantic="INPUT" source="#hpl_mixamorigwHips-time" /><input semantic="OUTPUT" source="#hpl_mixamorigwHips-roty" /></sampler><channel source="#hpl_mixamorigwHips-roty-sampler" target="mixamorigwHips/rotateY.ANGLE" />
      <sampler id="hpl_mixamorigwHips-rotx-sampler"><input semantic="INPUT" source="#hpl_mixamorigwHips-time" /><input semantic="OUTPUT" source="#hpl_mixamorigwHips-rotx" /></sampler><channel source="#hpl_mixamorigwHips-rotx-sampler" target="mixamorigwHips/rotateX.ANGLE" />
    </animation>
    <animation id="hpl_mixamorigwLeftUpLeg">
      <source id="hpl_mixamorigwLeftUpLeg-time"><float_array id="hpl_mixamorigwLeftUpLeg-time-array" count="38">0 1 2 3 4 5 6 7 8 9 10 11 12 13 14 15 16 17 18 19 20 21 22 23 24 25 26 27 28 29 30 31 32 33 34 35 36 37</float_array><technique_common><accessor source="#hpl_mixamorigwLeftUpLeg-time-array" count="38" stride="1" /></technique_common></source>
      <source id="hpl_mixamorigwLeftUpLeg-trans"><float_array id="hpl_mixamorigwLeftUpLeg-trans-array" count="114">0.0957845 -0.0842078 0.0333166 0.0957845 -0.0842078 0.0333166 0.0957845 -0.0842078 0.0333166 0.0957845 -0.0842078 0.0333166 0.0957845 -0.0842078 0.0333166 0.0957845 -0.0842078 0.0333166 0.0957845 -0.0842078 0.0333166 0.0957845 -0.0842078 0.0333166 0.0957845 -0.0842078 0.0333166 0.0957845 -0.0842078 0.0333166 0.0957845 -0.0842078 0.0333166 0.0957845 -0.0842078 0.0333166 0.0957845 -0.0842078 0.0333166 0.0957845 -0.0842078 0.0333166 0.0957845 -0.0842078 0.0333166 0.0957845 -0.0842078 0.0333166 0.0957845 -0.0842078 0.0333166 0.0957845 -0.0842078 0.0333166 0.0957845 -0.0842078 0.0333166 0.0957845 -0.0842078 0.0333166 0.0957845 -0.0842078 0.0333166 0.0957845 -0.0842078 0.0333166 0.0957845 -0.0842078 0.0333166 0.0957845 -0.0842078 0.0333166 0.0957845 -0.0842078 0.0333166 0.0957845 -0.0842078 0.0333166 0.0957845 -0.0842078 0.0333166 0.0957845 -0.0842078 0.0333166 0.0957845 -0.0842078 0.0333166 0.0957845 -0.0842078 0.0333166 0.0957845 -0.0842078 0.0333166 0.0957845 -0.0842078 0.0333166 0.0957845 -0.0842078 0.0333166 0.0957845 -0.0842078 0.0333166 0.0957845 -0.0842078 0.0333166 0.0957845 -0.0842078 0.0333166 0.0957845 -0.0842078 0.0333166 0.0957845 -0.0842078 0.0333166</float_array><technique_common><accessor source="#hpl_mixamorigwLeftUpLeg-trans-array" count="38" stride="3" /></technique_common></source>
      <source id="hpl_mixamorigwLeftUpLeg-rotz"><float_array id="hpl_mixamorigwLeftUpLeg-rotz-array" count="38">-12.9179 -16.9834 -21.0057 -24.8483 -28.1832 -30.9461 -32.9694 -33.9449 -33.9235 -33.1512 -31.9142 -30.5889 -29.5364 -28.9089 -28.3908 -28.0835 -27.8266 -27.2264 -26.4214 -25.549 -24.473 -23.2358 -22.0016 -20.8392 -19.7698 -18.6519 -17.512 -16.3303 -15.1946 -13.9405 -12.4711 -10.6217 -8.71092 -6.50607 -4.42341 -3.42014 -4.51177 -12.9179</float_array><technique_common><accessor source="#hpl_mixamorigwLeftUpLeg-rotz-array" count="38" stride="1" /></technique_common></source>
      <source id="hpl_mixamorigwLeftUpLeg-roty"><float_array id="hpl_mixamorigwLeftUpLeg-roty-array" count="38">40.3498 40.5825 40.4531 40.2232 40.0505 39.9829 39.8645 39.4345 38.4914 37.0028 35.0886 33.0255 31.2467 30.4217 30.1093 30.0702 29.6433 29.2696 29.0725 29.1009 29.1153 29.0613 28.9563 28.9671 29.0838 29.2466 29.4738 29.8229 30.2074 30.6877 31.2373 31.9266 33.2598 34.22 34.3295 33.9593 34.2019 40.3498</float_array><technique_common><accessor source="#hpl_mixamorigwLeftUpLeg-roty-array" count="38" stride="1" /></technique_common></source>
      <source id="hpl_mixamorigwLeftUpLeg-rotx"><float_array id="hpl_mixamorigwLeftUpLeg-rotx-array" count="38">133.838 132.185 130.86 130.159 130.314 131.392 133.509 136.568 140.233 144.036 147.513 150.227 152.142 153.16 153.396 152.901 151.922 151.423 151.188 150.882 151.045 151.08 151.151 150.712 150.039 149.093 148.158 147.018 145.64 144.033 142.256 140.791 139.997 139.906 140.197 139.806 139.067 133.838</float_array><technique_common><accessor source="#hpl_mixamorigwLeftUpLeg-rotx-array" count="38" stride="1" /></technique_common></source>
      <sampler id="hpl_mixamorigwLeftUpLeg-trans-sampler"><input semantic="INPUT" source="#hpl_mixamorigwLeftUpLeg-time" /><input semantic="OUTPUT" source="#hpl_mixamorigwLeftUpLeg-trans" /></sampler><channel source="#hpl_mixamorigwLeftUpLeg-trans-sampler" target="mixamorigwLeftUpLeg/translate" />
      <sampler id="hpl_mixamorigwLeftUpLeg-rotz-sampler"><input semantic="INPUT" source="#hpl_mixamorigwLeftUpLeg-time" /><input semantic="OUTPUT" source="#hpl_mixamorigwLeftUpLeg-rotz" /></sampler><channel source="#hpl_mixamorigwLeftUpLeg-rotz-sampler" target="mixamorigwLeftUpLeg/rotateZ.ANGLE" />
      <sampler id="hpl_mixamorigwLeftUpLeg-roty-sampler"><input semantic="INPUT" source="#hpl_mixamorigwLeftUpLeg-time" /><input semantic="OUTPUT" source="#hpl_mixamorigwLeftUpLeg-roty" /></sampler><channel source="#hpl_mixamorigwLeftUpLeg-roty-sampler" target="mixamorigwLeftUpLeg/rotateY.ANGLE" />
      <sampler id="hpl_mixamorigwLeftUpLeg-rotx-sampler"><input semantic="INPUT" source="#hpl_mixamorigwLeftUpLeg-time" /><input semantic="OUTPUT" source="#hpl_mixamorigwLeftUpLeg-rotx" /></sampler><channel source="#hpl_mixamorigwLeftUpLeg-rotx-sampler" target="mixamorigwLeftUpLeg/rotateX.ANGLE" />
    </animation>
    <animation id="hpl_mixamorigwLeftLeg">
      <source id="hpl_mixamorigwLeftLeg-time"><float_array id="hpl_mixamorigwLeftLeg-time-array" count="38">0 1 2 3 4 5 6 7 8 9 10 11 12 13 14 15 16 17 18 19 20 21 22 23 24 25 26 27 28 29 30 31 32 33 34 35 36 37</float_array><technique_common><accessor source="#hpl_mixamorigwLeftLeg-time-array" count="38" stride="1" /></technique_common></source>
      <source id="hpl_mixamorigwLeftLeg-trans"><float_array id="hpl_mixamorigwLeftLeg-trans-array" count="114">1.07603e-07 0.365976 2.03778e-07 1.07603e-07 0.365976 2.03778e-07 1.07603e-07 0.365976 2.03778e-07 1.07603e-07 0.365976 2.03778e-07 1.07603e-07 0.365976 2.03778e-07 1.07603e-07 0.365976 2.03778e-07 1.07603e-07 0.365976 2.03778e-07 1.07603e-07 0.365976 2.03778e-07 1.07603e-07 0.365976 2.03778e-07 1.07603e-07 0.365976 2.03778e-07 1.07603e-07 0.365976 2.03778e-07 1.07603e-07 0.365976 2.03778e-07 1.07603e-07 0.365976 2.03778e-07 1.07603e-07 0.365976 2.03778e-07 1.07603e-07 0.365976 2.03778e-07 1.07603e-07 0.365976 2.03778e-07 1.07603e-07 0.365976 2.03778e-07 1.07603e-07 0.365976 2.03778e-07 1.07603e-07 0.365976 2.03778e-07 1.07603e-07 0.365976 2.03778e-07 1.07603e-07 0.365976 2.03778e-07 1.07603e-07 0.365976 2.03778e-07 1.07603e-07 0.365976 2.03778e-07 1.07603e-07 0.365976 2.03778e-07 1.07603e-07 0.365976 2.03778e-07 1.07603e-07 0.365976 2.03778e-07 1.07603e-07 0.365976 2.03778e-07 1.07603e-07 0.365976 2.03778e-07 1.07603e-07 0.365976 2.03778e-07 1.07603e-07 0.365976 2.03778e-07 1.07603e-07 0.365976 2.03778e-07 1.07603e-07 0.365976 2.03778e-07 1.07603e-07 0.365976 2.03778e-07 1.07603e-07 0.365976 2.03778e-07 1.07603e-07 0.365976 2.03778e-07 1.07603e-07 0.365976 2.03778e-07 1.07603e-07 0.365976 2.03778e-07 1.07603e-07 0.365976 2.03778e-07</float_array><technique_common><accessor source="#hpl_mixamorigwLeftLeg-trans-array" count="38" stride="3" /></technique_common></source>
      <source id="hpl_mixamorigwLeftLeg-rotz"><float_array id="hpl_mixamorigwLeftLeg-rotz-array" count="38">-1.19212 -1.66437 -2.14821 -2.56079 -2.87395 -3.03519 -3.09061 -3.04606 -2.92453 -2.76972 -2.62754 -2.4709 -2.27153 -2.16272 -2.10302 -2.00539 -1.95022 -1.78066 -1.60919 -1.5552 -1.40879 -1.24379 -1.10008 -1.04558 -1.05878 -1.13196 -1.23325 -1.36684 -1.51031 -1.61412 -1.65512 -1.62398 -1.39155 -1.09602 -0.967 -1.09477 -1.16101 -1.19212</float_array><technique_common><accessor source="#hpl_mixamorigwLeftLeg-rotz-array" count="38" stride="1" /></technique_common></source>
      <source id="hpl_mixamorigwLeftLeg-roty"><float_array id="hpl_mixamorigwLeftLeg-roty-array" count="38">3.4931 3.6204 3.70847 3.72521 3.61369 3.43277 3.26466 3.07484 2.80469 2.50577 2.18424 1.85235 1.66272 1.6843 1.86151 2.01853 2.01916 1.90766 1.87871 1.93369 2.06821 2.21916 2.33496 2.48495 2.64501 2.78445 2.89069 3.00941 3.13429 3.29608 3.44522 3.50699 3.62487 3.54591 3.52421 3.39083 3.30737 3.4931</float_array><technique_common><accessor source="#hpl_mixamorigwLeftLeg-roty-array" count="38" stride="1" /></technique_common></source>
      <source id="hpl_mixamorigwLeftLeg-rotx"><float_array id="hpl_mixamorigwLeftLeg-rotx-array" count="38">19.6267 26.211 32.6721 38.1583 42.2682 44.9427 46.2622 46.0204 44.4385 41.8025 38.4273 34.9405 31.5972 29.0697 27.2454 25.9779 24.9705 23.5012 21.7886 20.06 17.3965 15.1825 13.503 13.2278 13.6884 14.76 15.9039 17.4494 19.387 21.6001 23.7953 24.4569 22.0112 17.7116 13.5569 11.9132 13.3809 19.6267</float_array><technique_common><accessor source="#hpl_mixamorigwLeftLeg-rotx-array" count="38" stride="1" /></technique_common></source>
      <sampler id="hpl_mixamorigwLeftLeg-trans-sampler"><input semantic="INPUT" source="#hpl_mixamorigwLeftLeg-time" /><input semantic="OUTPUT" source="#hpl_mixamorigwLeftLeg-trans" /></sampler><channel source="#hpl_mixamorigwLeftLeg-trans-sampler" target="mixamorigwLeftLeg/translate" />
      <sampler id="hpl_mixamorigwLeftLeg-rotz-sampler"><input semantic="INPUT" source="#hpl_mixamorigwLeftLeg-time" /><input semantic="OUTPUT" source="#hpl_mixamorigwLeftLeg-rotz" /></sampler><channel source="#hpl_mixamorigwLeftLeg-rotz-sampler" target="mixamorigwLeftLeg/rotateZ.ANGLE" />
      <sampler id="hpl_mixamorigwLeftLeg-roty-sampler"><input semantic="INPUT" source="#hpl_mixamorigwLeftLeg-time" /><input semantic="OUTPUT" source="#hpl_mixamorigwLeftLeg-roty" /></sampler><channel source="#hpl_mixamorigwLeftLeg-roty-sampler" target="mixamorigwLeftLeg/rotateY.ANGLE" />
      <sampler id="hpl_mixamorigwLeftLeg-rotx-sampler"><input semantic="INPUT" source="#hpl_mixamorigwLeftLeg-time" /><input semantic="OUTPUT" source="#hpl_mixamorigwLeftLeg-rotx" /></sampler><channel source="#hpl_mixamorigwLeftLeg-rotx-sampler" target="mixamorigwLeftLeg/rotateX.ANGLE" />
    </animation>
    <animation id="hpl_mixamorigwLeftFoot">
      <source id="hpl_mixamorigwLeftFoot-time"><float_array id="hpl_mixamorigwLeftFoot-time-array" count="38">0 1 2 3 4 5 6 7 8 9 10 11 12 13 14 15 16 17 18 19 20 21 22 23 24 25 26 27 28 29 30 31 32 33 34 35 36 37</float_array><technique_common><accessor source="#hpl_mixamorigwLeftFoot-time-array" count="38" stride="1" /></technique_common></source>
      <source id="hpl_mixamorigwLeftFoot-trans"><float_array id="hpl_mixamorigwLeftFoot-trans-array" count="114">-5.64809e-08 0.359262 -2.19094e-07 -5.64809e-08 0.359262 -2.19094e-07 -5.64809e-08 0.359262 -2.19094e-07 -5.64809e-08 0.359262 -2.19094e-07 -5.64809e-08 0.359262 -2.19094e-07 -5.64809e-08 0.359262 -2.19094e-07 -5.64809e-08 0.359262 -2.19094e-07 -5.64809e-08 0.359262 -2.19094e-07 -5.64809e-08 0.359262 -2.19094e-07 -5.64809e-08 0.359262 -2.19094e-07 -5.64809e-08 0.359262 -2.19094e-07 -5.64809e-08 0.359262 -2.19094e-07 -5.64809e-08 0.359262 -2.19094e-07 -5.64809e-08 0.359262 -2.19094e-07 -5.64809e-08 0.359262 -2.19094e-07 -5.64809e-08 0.359262 -2.19094e-07 -5.64809e-08 0.359262 -2.19094e-07 -5.64809e-08 0.359262 -2.19094e-07 -5.64809e-08 0.359262 -2.19094e-07 -5.64809e-08 0.359262 -2.19094e-07 -5.64809e-08 0.359262 -2.19094e-07 -5.64809e-08 0.359262 -2.19094e-07 -5.64809e-08 0.359262 -2.19094e-07 -5.64809e-08 0.359262 -2.19094e-07 -5.64809e-08 0.359262 -2.19094e-07 -5.64809e-08 0.359262 -2.19094e-07 -5.64809e-08 0.359262 -2.19094e-07 -5.64809e-08 0.359262 -2.19094e-07 -5.64809e-08 0.359262 -2.19094e-07 -5.64809e-08 0.359262 -2.19094e-07 -5.64809e-08 0.359262 -2.19094e-07 -5.64809e-08 0.359262 -2.19094e-07 -5.64809e-08 0.359262 -2.19094e-07 -5.64809e-08 0.359262 -2.19094e-07 -5.64809e-08 0.359262 -2.19094e-07 -5.64809e-08 0.359262 -2.19094e-07 -5.64809e-08 0.359262 -2.19094e-07 -5.64809e-08 0.359262 -2.19094e-07</float_array><technique_common><accessor source="#hpl_mixamorigwLeftFoot-trans-array" count="38" stride="3" /></technique_common></source>
      <source id="hpl_mixamorigwLeftFoot-rotz"><float_array id="hpl_mixamorigwLeftFoot-rotz-array" count="38">10.997 10.3756 10.028 10.2799 11.3572 13.2937 16.1113 19.537 22.4759 23.7651 21.8786 15.234 3.96895 -3.64792 -5.14863 -4.00053 -2.28207 -0.319177 1.26364 2.01458 2.40794 2.72197 3.12107 3.86174 4.86047 6.10726 7.44392 8.98011 10.5918 12.2773 13.9383 15.0258 15.4392 14.5898 11.9213 7.28597 6.33389 10.997</float_array><technique_common><accessor source="#hpl_mixamorigwLeftFoot-rotz-array" count="38" stride="1" /></technique_common></source>
      <source id="hpl_mixamorigwLeftFoot-roty"><float_array id="hpl_mixamorigwLeftFoot-roty-array" count="38">-18.4782 -19.047 -19.4886 -19.0435 -17.1791 -13.5553 -7.94309 -1.57417 3.79431 7.35879 8.51215 6.77317 2.45936 -1.53809 -3.26197 -4.10393 -5.09847 -5.98227 -6.62462 -7.25656 -8.49626 -10.0723 -11.4491 -12.3983 -13.123 -13.8112 -14.4278 -14.8216 -15.0208 -15.1759 -15.4559 -15.8555 -17.0397 -19.2096 -21.4052 -22.2652 -21.6854 -18.4782</float_array><technique_common><accessor source="#hpl_mixamorigwLeftFoot-roty-array" count="38" stride="1" /></technique_common></source>
      <source id="hpl_mixamorigwLeftFoot-rotx"><float_array id="hpl_mixamorigwLeftFoot-rotx-array" count="38">-50.2897 -53.6172 -56.3492 -58.395 -59.5847 -59.3616 -57.1867 -53.0771 -48.0938 -44.0615 -42.5715 -44.9823 -50.966 -57.6389 -63.4614 -67.8142 -71.3581 -73.4705 -73.8632 -72.3342 -70.0875 -68.0142 -66.5553 -65.7118 -65.1727 -64.8224 -64.4661 -64.299 -64.4166 -64.4437 -64.3142 -62.9696 -59.4294 -53.8871 -48.6731 -46.8956 -48.9802 -50.2897</float_array><technique_common><accessor source="#hpl_mixamorigwLeftFoot-rotx-array" count="38" stride="1" /></technique_common></source>
      <sampler id="hpl_mixamorigwLeftFoot-trans-sampler"><input semantic="INPUT" source="#hpl_mixamorigwLeftFoot-time" /><input semantic="OUTPUT" source="#hpl_mixamorigwLeftFoot-trans" /></sampler><channel source="#hpl_mixamorigwLeftFoot-trans-sampler" target="mixamorigwLeftFoot/translate" />
      <sampler id="hpl_mixamorigwLeftFoot-rotz-sampler"><input semantic="INPUT" source="#hpl_mixamorigwLeftFoot-time" /><input semantic="OUTPUT" source="#hpl_mixamorigwLeftFoot-rotz" /></sampler><channel source="#hpl_mixamorigwLeftFoot-rotz-sampler" target="mixamorigwLeftFoot/rotateZ.ANGLE" />
      <sampler id="hpl_mixamorigwLeftFoot-roty-sampler"><input semantic="INPUT" source="#hpl_mixamorigwLeftFoot-time" /><input semantic="OUTPUT" source="#hpl_mixamorigwLeftFoot-roty" /></sampler><channel source="#hpl_mixamorigwLeftFoot-roty-sampler" target="mixamorigwLeftFoot/rotateY.ANGLE" />
      <sampler id="hpl_mixamorigwLeftFoot-rotx-sampler"><input semantic="INPUT" source="#hpl_mixamorigwLeftFoot-time" /><input semantic="OUTPUT" source="#hpl_mixamorigwLeftFoot-rotx" /></sampler><channel source="#hpl_mixamorigwLeftFoot-rotx-sampler" target="mixamorigwLeftFoot/rotateX.ANGLE" />
    </animation>
    <animation id="hpl_mixamorigwLeftToeBase">
      <source id="hpl_mixamorigwLeftToeBase-time"><float_array id="hpl_mixamorigwLeftToeBase-time-array" count="38">0 1 2 3 4 5 6 7 8 9 10 11 12 13 14 15 16 17 18 19 20 21 22 23 24 25 26 27 28 29 30 31 32 33 34 35 36 37</float_array><technique_common><accessor source="#hpl_mixamorigwLeftToeBase-time-array" count="38" stride="1" /></technique_common></source>
      <source id="hpl_mixamorigwLeftToeBase-trans"><float_array id="hpl_mixamorigwLeftToeBase-trans-array" count="114">5.98546e-07 0.150844 1.06224e-07 5.98546e-07 0.150844 1.06224e-07 5.98546e-07 0.150844 1.06224e-07 5.98546e-07 0.150844 1.06224e-07 5.98546e-07 0.150844 1.06224e-07 5.98546e-07 0.150844 1.06224e-07 5.98546e-07 0.150844 1.06224e-07 5.98546e-07 0.150844 1.06224e-07 5.98546e-07 0.150844 1.06224e-07 5.98546e-07 0.150844 1.06224e-07 5.98546e-07 0.150844 1.06224e-07 5.98546e-07 0.150844 1.06224e-07 5.98546e-07 0.150844 1.06224e-07 5.98546e-07 0.150844 1.06224e-07 5.98546e-07 0.150844 1.06224e-07 5.98546e-07 0.150844 1.06224e-07 5.98546e-07 0.150844 1.06224e-07 5.98546e-07 0.150844 1.06224e-07 5.98546e-07 0.150844 1.06224e-07 5.98546e-07 0.150844 1.06224e-07 5.98546e-07 0.150844 1.06224e-07 5.98546e-07 0.150844 1.06224e-07 5.98546e-07 0.150844 1.06224e-07 5.98546e-07 0.150844 1.06224e-07 5.98546e-07 0.150844 1.06224e-07 5.98546e-07 0.150844 1.06224e-07 5.98546e-07 0.150844 1.06224e-07 5.98546e-07 0.150844 1.06224e-07 5.98546e-07 0.150844 1.06224e-07 5.98546e-07 0.150844 1.06224e-07 5.98546e-07 0.150844 1.06224e-07 5.98546e-07 0.150844 1.06224e-07 5.98546e-07 0.150844 1.06224e-07 5.98546e-07 0.150844 1.06224e-07 5.98546e-07 0.150844 1.06224e-07 5.98546e-07 0.150844 1.06224e-07 5.98546e-07 0.150844 1.06224e-07 5.98546e-07 0.150844 1.06224e-07</float_array><technique_common><accessor source="#hpl_mixamorigwLeftToeBase-trans-array" count="38" stride="3" /></technique_common></source>
      <source id="hpl_mixamorigwLeftToeBase-rotz"><float_array id="hpl_mixamorigwLeftToeBase-rotz-array" count="38">0.46348 0.486103 0.507742 0.528515 0.565238 0.569865 0.53855 0.494141 0.462897 0.526714 0.687284 1.08721 1.74159 1.88643 1.53168 1.28031 0.951967 0.698981 0.561445 0.506042 0.491691 0.497304 0.520222 0.463661 0.405169 0.353355 0.357526 0.362646 0.389884 0.365592 0.328342 0.271003 0.242466 0.247596 0.36367 0.400158 0.39598 0.46348</float_array><technique_common><accessor source="#hpl_mixamorigwLeftToeBase-rotz-array" count="38" stride="1" /></technique_common></source>
      <source id="hpl_mixamorigwLeftToeBase-roty"><float_array id="hpl_mixamorigwLeftToeBase-roty-array" count="38">-0.829777 -0.817677 -0.83487 -0.887627 -0.943675 -1.04498 -1.19028 -1.33431 -1.51045 -1.61792 -1.71302 -1.93732 -2.33384 -2.31563 -1.98338 -1.63531 -1.25951 -1.08464 -1.10841 -1.05385 -0.962248 -0.893917 -0.84057 -0.873765 -0.914163 -0.955404 -0.957101 -0.96247 -0.935071 -0.921872 -0.88248 -0.833738 -0.817635 -0.774912 -0.811375 -0.832227 -0.831728 -0.829777</float_array><technique_common><accessor source="#hpl_mixamorigwLeftToeBase-roty-array" count="38" stride="1" /></technique_common></source>
      <source id="hpl_mixamorigwLeftToeBase-rotx"><float_array id="hpl_mixamorigwLeftToeBase-rotx-array" count="38">-45.0772 -45.2523 -45.4993 -45.8378 -46.3157 -46.8431 -47.3266 -47.6432 -47.6938 -47.8644 -49.1646 -53.5374 -59.9941 -60.9114 -57.1968 -54.1486 -50.2247 -47.637 -46.5747 -45.8532 -45.3453 -45.0555 -44.8705 -44.6514 -44.4521 -44.3106 -44.2796 -44.2905 -44.257 -44.0936 -43.792 -43.4611 -43.5488 -43.8016 -44.5229 -44.72 -44.8346 -45.0772</float_array><technique_common><accessor source="#hpl_mixamorigwLeftToeBase-rotx-array" count="38" stride="1" /></technique_common></source>
      <sampler id="hpl_mixamorigwLeftToeBase-trans-sampler"><input semantic="INPUT" source="#hpl_mixamorigwLeftToeBase-time" /><input semantic="OUTPUT" source="#hpl_mixamorigwLeftToeBase-trans" /></sampler><channel source="#hpl_mixamorigwLeftToeBase-trans-sampler" target="mixamorigwLeftToeBase/translate" />
      <sampler id="hpl_mixamorigwLeftToeBase-rotz-sampler"><input semantic="INPUT" source="#hpl_mixamorigwLeftToeBase-time" /><input semantic="OUTPUT" source="#hpl_mixamorigwLeftToeBase-rotz" /></sampler><channel source="#hpl_mixamorigwLeftToeBase-rotz-sampler" target="mixamorigwLeftToeBase/rotateZ.ANGLE" />
      <sampler id="hpl_mixamorigwLeftToeBase-roty-sampler"><input semantic="INPUT" source="#hpl_mixamorigwLeftToeBase-time" /><input semantic="OUTPUT" source="#hpl_mixamorigwLeftToeBase-roty" /></sampler><channel source="#hpl_mixamorigwLeftToeBase-roty-sampler" target="mixamorigwLeftToeBase/rotateY.ANGLE" />
      <sampler id="hpl_mixamorigwLeftToeBase-rotx-sampler"><input semantic="INPUT" source="#hpl_mixamorigwLeftToeBase-time" /><input semantic="OUTPUT" source="#hpl_mixamorigwLeftToeBase-rotx" /></sampler><channel source="#hpl_mixamorigwLeftToeBase-rotx-sampler" target="mixamorigwLeftToeBase/rotateX.ANGLE" />
    </animation>
    <animation id="hpl_mixamorigwRightUpLeg">
      <source id="hpl_mixamorigwRightUpLeg-time"><float_array id="hpl_mixamorigwRightUpLeg-time-array" count="38">0 1 2 3 4 5 6 7 8 9 10 11 12 13 14 15 16 17 18 19 20 21 22 23 24 25 26 27 28 29 30 31 32 33 34 35 36 37</float_array><technique_common><accessor source="#hpl_mixamorigwRightUpLeg-time-array" count="38" stride="1" /></technique_common></source>
      <source id="hpl_mixamorigwRightUpLeg-trans"><float_array id="hpl_mixamorigwRightUpLeg-trans-array" count="114">-0.0952037 -0.0839154 0.0339068 -0.0952037 -0.0839154 0.0339068 -0.0952037 -0.0839154 0.0339068 -0.0952037 -0.0839154 0.0339068 -0.0952037 -0.0839154 0.0339068 -0.0952037 -0.0839154 0.0339068 -0.0952037 -0.0839154 0.0339068 -0.0952037 -0.0839154 0.0339068 -0.0952037 -0.0839154 0.0339068 -0.0952037 -0.0839154 0.0339068 -0.0952037 -0.0839154 0.0339068 -0.0952037 -0.0839154 0.0339068 -0.0952037 -0.0839154 0.0339068 -0.0952037 -0.0839154 0.0339068 -0.0952037 -0.0839154 0.0339068 -0.0952037 -0.0839154 0.0339068 -0.0952037 -0.0839154 0.0339068 -0.0952037 -0.0839154 0.0339068 -0.0952037 -0.0839154 0.0339068 -0.0952037 -0.0839154 0.0339068 -0.0952037 -0.0839154 0.0339068 -0.0952037 -0.0839154 0.0339068 -0.0952037 -0.0839154 0.0339068 -0.0952037 -0.0839154 0.0339068 -0.0952037 -0.0839154 0.0339068 -0.0952037 -0.0839154 0.0339068 -0.0952037 -0.0839154 0.0339068 -0.0952037 -0.0839154 0.0339068 -0.0952037 -0.0839154 0.0339068 -0.0952037 -0.0839154 0.0339068 -0.0952037 -0.0839154 0.0339068 -0.0952037 -0.0839154 0.0339068 -0.0952037 -0.0839154 0.0339068 -0.0952037 -0.0839154 0.0339068 -0.0952037 -0.0839154 0.0339068 -0.0952037 -0.0839154 0.0339068 -0.0952037 -0.0839154 0.0339068 -0.0952037 -0.0839154 0.0339068</float_array><technique_common><accessor source="#hpl_mixamorigwRightUpLeg-trans-array" count="38" stride="3" /></technique_common></source>
      <source id="hpl_mixamorigwRightUpLeg-rotz"><float_array id="hpl_mixamorigwRightUpLeg-rotz-array" count="38">17.2531 18.2973 19.2655 20.3617 21.3799 22.421 23.2435 23.9537 24.5548 25.2942 26.1464 27.0838 28.1708 29.4227 31.1264 32.8293 33.709 32.9973 31.8919 31.6333 31.6274 31.2207 30.1246 28.1115 25.241 21.7009 17.7085 13.2411 8.65579 4.19384 1.6312 3.16278 6.44895 9.94872 12.9857 15.5298 17.3535 17.2531</float_array><technique_common><accessor source="#hpl_mixamorigwRightUpLeg-rotz-array" count="38" stride="1" /></technique_common></source>
      <source id="hpl_mixamorigwRightUpLeg-roty"><float_array id="hpl_mixamorigwRightUpLeg-roty-array" count="38">-24.0555 -23.1111 -22.2349 -21.1775 -19.929 -18.3083 -16.4976 -14.5418 -12.6126 -10.7327 -9.08794 -7.55334 -5.75504 -3.91068 -2.63731 -2.45614 -3.3216 -4.9381 -7.05822 -10.1103 -13.8741 -17.9297 -21.9626 -25.7456 -29.1348 -32.0082 -34.4077 -36.1726 -37.0513 -36.9322 -36.1575 -35.0392 -32.5118 -29.6248 -27.3001 -25.5459 -24.1942 -24.0555</float_array><technique_common><accessor source="#hpl_mixamorigwRightUpLeg-roty-array" count="38" stride="1" /></technique_common></source>
      <source id="hpl_mixamorigwRightUpLeg-rotx"><float_array id="hpl_mixamorigwRightUpLeg-rotx-array" count="38">123.151 124.098 124.922 125.36 125.572 125.592 125.595 125.823 126.213 127.026 128.102 129.393 130.272 130.72 130.631 128.835 125.962 123.076 121.241 119.548 118.046 116.823 115.799 115.152 115.178 116.019 117.67 120.325 123.725 127.716 130.727 130.748 128.567 125.21 122.621 121.021 120.793 123.151</float_array><technique_common><accessor source="#hpl_mixamorigwRightUpLeg-rotx-array" count="38" stride="1" /></technique_common></source>
      <sampler id="hpl_mixamorigwRightUpLeg-trans-sampler"><input semantic="INPUT" source="#hpl_mixamorigwRightUpLeg-time" /><input semantic="OUTPUT" source="#hpl_mixamorigwRightUpLeg-trans" /></sampler><channel source="#hpl_mixamorigwRightUpLeg-trans-sampler" target="mixamorigwRightUpLeg/translate" />
      <sampler id="hpl_mixamorigwRightUpLeg-rotz-sampler"><input semantic="INPUT" source="#hpl_mixamorigwRightUpLeg-time" /><input semantic="OUTPUT" source="#hpl_mixamorigwRightUpLeg-rotz" /></sampler><channel source="#hpl_mixamorigwRightUpLeg-rotz-sampler" target="mixamorigwRightUpLeg/rotateZ.ANGLE" />
      <sampler id="hpl_mixamorigwRightUpLeg-roty-sampler"><input semantic="INPUT" source="#hpl_mixamorigwRightUpLeg-time" /><input semantic="OUTPUT" source="#hpl_mixamorigwRightUpLeg-roty" /></sampler><channel source="#hpl_mixamorigwRightUpLeg-roty-sampler" target="mixamorigwRightUpLeg/rotateY.ANGLE" />
      <sampler id="hpl_mixamorigwRightUpLeg-rotx-sampler"><input semantic="INPUT" source="#hpl_mixamorigwRightUpLeg-time" /><input semantic="OUTPUT" source="#hpl_mixamorigwRightUpLeg-rotx" /></sampler><channel source="#hpl_mixamorigwRightUpLeg-rotx-sampler" target="mixamorigwRightUpLeg/rotateX.ANGLE" />
    </animation>
    <animation id="hpl_mixamorigwRightLeg">
      <source id="hpl_mixamorigwRightLeg-time"><float_array id="hpl_mixamorigwRightLeg-time-array" count="38">0 1 2 3 4 5 6 7 8 9 10 11 12 13 14 15 16 17 18 19 20 21 22 23 24 25 26 27 28 29 30 31 32 33 34 35 36 37</float_array><technique_common><accessor source="#hpl_mixamorigwRightLeg-time-array" count="38" stride="1" /></technique_common></source>
      <source id="hpl_mixamorigwRightLeg-trans"><float_array id="hpl_mixamorigwRightLeg-trans-array" count="114">-3.58077e-07 0.36282 -8.80395e-09 -3.58077e-07 0.36282 -8.80395e-09 -3.58077e-07 0.36282 -8.80395e-09 -3.58077e-07 0.36282 -8.80395e-09 -3.58077e-07 0.36282 -8.80395e-09 -3.58077e-07 0.36282 -8.80395e-09 -3.58077e-07 0.36282 -8.80395e-09 -3.58077e-07 0.36282 -8.80395e-09 -3.58077e-07 0.36282 -8.80395e-09 -3.58077e-07 0.36282 -8.80395e-09 -3.58077e-07 0.36282 -8.80395e-09 -3.58077e-07 0.36282 -8.80395e-09 -3.58077e-07 0.36282 -8.80395e-09 -3.58077e-07 0.36282 -8.80395e-09 -3.58077e-07 0.36282 -8.80395e-09 -3.58077e-07 0.36282 -8.80395e-09 -3.58077e-07 0.36282 -8.80395e-09 -3.58077e-07 0.36282 -8.80395e-09 -3.58077e-07 0.36282 -8.80395e-09 -3.58077e-07 0.36282 -8.80395e-09 -3.58077e-07 0.36282 -8.80395e-09 -3.58077e-07 0.36282 -8.80395e-09 -3.58077e-07 0.36282 -8.80395e-09 -3.58077e-07 0.36282 -8.80395e-09 -3.58077e-07 0.36282 -8.80395e-09 -3.58077e-07 0.36282 -8.80395e-09 -3.58077e-07 0.36282 -8.80395e-09 -3.58077e-07 0.36282 -8.80395e-09 -3.58077e-07 0.36282 -8.80395e-09 -3.58077e-07 0.36282 -8.80395e-09 -3.58077e-07 0.36282 -8.80395e-09 -3.58077e-07 0.36282 -8.80395e-09 -3.58077e-07 0.36282 -8.80395e-09 -3.58077e-07 0.36282 -8.80395e-09 -3.58077e-07 0.36282 -8.80395e-09 -3.58077e-07 0.36282 -8.80395e-09 -3.58077e-07 0.36282 -8.80395e-09 -3.58077e-07 0.36282 -8.80395e-09</float_array><technique_common><accessor source="#hpl_mixamorigwRightLeg-trans-array" count="38" stride="3" /></technique_common></source>
      <source id="hpl_mixamorigwRightLeg-rotz"><float_array id="hpl_mixamorigwRightLeg-rotz-array" count="38">2.45918 2.34259 2.23312 2.17851 2.19249 2.25581 2.34735 2.42249 2.45593 2.39241 2.2504 2.04762 1.89276 1.79014 1.79473 2.04481 2.27413 2.33162 2.35584 2.58671 2.92764 3.20335 3.39079 3.48665 3.48492 3.34793 3.07848 2.69281 2.25755 1.88532 1.63611 1.61458 1.7882 2.14094 2.29488 2.46894 2.57773 2.45918</float_array><technique_common><accessor source="#hpl_mixamorigwRightLeg-rotz-array" count="38" stride="1" /></technique_common></source>
      <source id="hpl_mixamorigwRightLeg-roty"><float_array id="hpl_mixamorigwRightLeg-roty-array" count="38">-2.15842 -2.02363 -1.92268 -1.86493 -1.78584 -1.69188 -1.58374 -1.44594 -1.28692 -1.0795 -0.785663 -0.390466 -0.0764541 0.224444 0.548355 0.86866 0.778682 0.0287705 -0.725281 -1.1346 -1.30889 -1.50746 -1.73519 -2.00013 -2.24108 -2.42473 -2.56143 -2.70226 -2.89152 -3.06896 -3.17181 -2.70682 -2.40763 -2.37812 -2.35115 -2.2698 -2.19859 -2.15842</float_array><technique_common><accessor source="#hpl_mixamorigwRightLeg-roty-array" count="38" stride="1" /></technique_common></source>
      <source id="hpl_mixamorigwRightLeg-rotx"><float_array id="hpl_mixamorigwRightLeg-rotx-array" count="38">29.0676 27.5013 26.1663 25.4997 25.3974 25.6846 26.188 26.3109 26.032 24.7205 22.6035 19.8612 17.7333 16.3808 15.8896 18.1922 22.3033 26.4951 29.2221 31.9146 34.1534 35.6587 36.8106 37.7608 38.0671 37.4515 35.6799 32.7454 28.9673 24.6811 21.6318 21.2677 22.7606 25.9777 28.6312 30.4346 30.7252 29.0676</float_array><technique_common><accessor source="#hpl_mixamorigwRightLeg-rotx-array" count="38" stride="1" /></technique_common></source>
      <sampler id="hpl_mixamorigwRightLeg-trans-sampler"><input semantic="INPUT" source="#hpl_mixamorigwRightLeg-time" /><input semantic="OUTPUT" source="#hpl_mixamorigwRightLeg-trans" /></sampler><channel source="#hpl_mixamorigwRightLeg-trans-sampler" target="mixamorigwRightLeg/translate" />
      <sampler id="hpl_mixamorigwRightLeg-rotz-sampler"><input semantic="INPUT" source="#hpl_mixamorigwRightLeg-time" /><input semantic="OUTPUT" source="#hpl_mixamorigwRightLeg-rotz" /></sampler><channel source="#hpl_mixamorigwRightLeg-rotz-sampler" target="mixamorigwRightLeg/rotateZ.ANGLE" />
      <sampler id="hpl_mixamorigwRightLeg-roty-sampler"><input semantic="INPUT" source="#hpl_mixamorigwRightLeg-time" /><input semantic="OUTPUT" source="#hpl_mixamorigwRightLeg-roty" /></sampler><channel source="#hpl_mixamorigwRightLeg-roty-sampler" target="mixamorigwRightLeg/rotateY.ANGLE" />
      <sampler id="hpl_mixamorigwRightLeg-rotx-sampler"><input semantic="INPUT" source="#hpl_mixamorigwRightLeg-time" /><input semantic="OUTPUT" source="#hpl_mixamorigwRightLeg-rotx" /></sampler><channel source="#hpl_mixamorigwRightLeg-rotx-sampler" target="mixamorigwRightLeg/rotateX.ANGLE" />
    </animation>
    <animation id="hpl_mixamorigwRightFoot">
      <source id="hpl_mixamorigwRightFoot-time"><float_array id="hpl_mixamorigwRightFoot-time-array" count="38">0 1 2 3 4 5 6 7 8 9 10 11 12 13 14 15 16 17 18 19 20 21 22 23 24 25 26 27 28 29 30 31 32 33 34 35 36 37</float_array><technique_common><accessor source="#hpl_mixamorigwRightFoot-time-array" count="38" stride="1" /></technique_common></source>
      <source id="hpl_mixamorigwRightFoot-trans"><float_array id="hpl_mixamorigwRightFoot-trans-array" count="114">6.07786e-07 0.358719 1.03594e-07 6.07786e-07 0.358719 1.03594e-07 6.07786e-07 0.358719 1.03594e-07 6.07786e-07 0.358719 1.03594e-07 6.07786e-07 0.358719 1.03594e-07 6.07786e-07 0.358719 1.03594e-07 6.07786e-07 0.358719 1.03594e-07 6.07786e-07 0.358719 1.03594e-07 6.07786e-07 0.358719 1.03594e-07 6.07786e-07 0.358719 1.03594e-07 6.07786e-07 0.358719 1.03594e-07 6.07786e-07 0.358719 1.03594e-07 6.07786e-07 0.358719 1.03594e-07 6.07786e-07 0.358719 1.03594e-07 6.07786e-07 0.358719 1.03594e-07 6.07786e-07 0.358719 1.03594e-07 6.07786e-07 0.358719 1.03594e-07 6.07786e-07 0.358719 1.03594e-07 6.07786e-07 0.358719 1.03594e-07 6.07786e-07 0.358719 1.03594e-07 6.07786e-07 0.358719 1.03594e-07 6.07786e-07 0.358719 1.03594e-07 6.07786e-07 0.358719 1.03594e-07 6.07786e-07 0.358719 1.03594e-07 6.07786e-07 0.358719 1.03594e-07 6.07786e-07 0.358719 1.03594e-07 6.07786e-07 0.358719 1.03594e-07 6.07786e-07 0.358719 1.03594e-07 6.07786e-07 0.358719 1.03594e-07 6.07786e-07 0.358719 1.03594e-07 6.07786e-07 0.358719 1.03594e-07 6.07786e-07 0.358719 1.03594e-07 6.07786e-07 0.358719 1.03594e-07 6.07786e-07 0.358719 1.03594e-07 6.07786e-07 0.358719 1.03594e-07 6.07786e-07 0.358719 1.03594e-07 6.07786e-07 0.358719 1.03594e-07 6.07786e-07 0.358719 1.03594e-07</float_array><technique_common><accessor source="#hpl_mixamorigwRightFoot-trans-array" count="38" stride="3" /></technique_common></source>
      <source id="hpl_mixamorigwRightFoot-rotz"><float_array id="hpl_mixamorigwRightFoot-rotz-array" count="38">-4.06659 -2.80908 -1.75213 -0.619831 0.474684 1.80221 3.14225 4.70919 6.36558 8.48161 10.9742 13.7159 16.1584 18.0756 18.8568 16.1662 6.94707 -11.7651 -24.2541 -24.5784 -20.6849 -16.2466 -12.6628 -9.92713 -7.81702 -6.24035 -4.63988 -3.22244 -3.88285 -9.46684 -17.2281 -17.9346 -14.3623 -11.4237 -9.20138 -7.12629 -5.1928 -4.06659</float_array><technique_common><accessor source="#hpl_mixamorigwRightFoot-rotz-array" count="38" stride="1" /></technique_common></source>
      <source id="hpl_mixamorigwRightFoot-roty"><float_array id="hpl_mixamorigwRightFoot-roty-array" count="38">3.4313 4.48276 5.68013 7.08564 8.64713 10.4908 12.5442 14.5676 16.3738 17.9473 19.1179 19.6866 19.9142 18.9513 16.416 11.6164 5.54574 -1.94287 -6.068 -5.30798 -1.0051 3.85316 7.27153 9.48569 10.9956 11.8644 11.9387 11.0093 8.68567 4.81745 1.33036 0.0523571 1.00577 2.09223 2.69999 3.18462 3.86109 3.4313</float_array><technique_common><accessor source="#hpl_mixamorigwRightFoot-roty-array" count="38" stride="1" /></technique_common></source>
      <source id="hpl_mixamorigwRightFoot-rotx"><float_array id="hpl_mixamorigwRightFoot-rotx-array" count="38">-55.9654 -55.6737 -55.4698 -55.5435 -55.8794 -56.2963 -56.7381 -56.855 -56.6069 -55.6999 -54.2361 -52.3012 -49.6349 -46.854 -43.0954 -39.6582 -36.3183 -30.6771 -28.9328 -33.205 -39.2755 -44.1921 -47.0726 -48.4554 -48.5881 -47.674 -45.5884 -42.552 -39.2212 -36.5854 -36.8522 -42.5716 -48.1594 -50.8785 -53.1839 -55.0602 -56.1229 -55.9654</float_array><technique_common><accessor source="#hpl_mixamorigwRightFoot-rotx-array" count="38" stride="1" /></technique_common></source>
      <sampler id="hpl_mixamorigwRightFoot-trans-sampler"><input semantic="INPUT" source="#hpl_mixamorigwRightFoot-time" /><input semantic="OUTPUT" source="#hpl_mixamorigwRightFoot-trans" /></sampler><channel source="#hpl_mixamorigwRightFoot-trans-sampler" target="mixamorigwRightFoot/translate" />
      <sampler id="hpl_mixamorigwRightFoot-rotz-sampler"><input semantic="INPUT" source="#hpl_mixamorigwRightFoot-time" /><input semantic="OUTPUT" source="#hpl_mixamorigwRightFoot-rotz" /></sampler><channel source="#hpl_mixamorigwRightFoot-rotz-sampler" target="mixamorigwRightFoot/rotateZ.ANGLE" />
      <sampler id="hpl_mixamorigwRightFoot-roty-sampler"><input semantic="INPUT" source="#hpl_mixamorigwRightFoot-time" /><input semantic="OUTPUT" source="#hpl_mixamorigwRightFoot-roty" /></sampler><channel source="#hpl_mixamorigwRightFoot-roty-sampler" target="mixamorigwRightFoot/rotateY.ANGLE" />
      <sampler id="hpl_mixamorigwRightFoot-rotx-sampler"><input semantic="INPUT" source="#hpl_mixamorigwRightFoot-time" /><input semantic="OUTPUT" source="#hpl_mixamorigwRightFoot-rotx" /></sampler><channel source="#hpl_mixamorigwRightFoot-rotx-sampler" target="mixamorigwRightFoot/rotateX.ANGLE" />
    </animation>
    <animation id="hpl_mixamorigwRightToeBase">
      <source id="hpl_mixamorigwRightToeBase-time"><float_array id="hpl_mixamorigwRightToeBase-time-array" count="38">0 1 2 3 4 5 6 7 8 9 10 11 12 13 14 15 16 17 18 19 20 21 22 23 24 25 26 27 28 29 30 31 32 33 34 35 36 37</float_array><technique_common><accessor source="#hpl_mixamorigwRightToeBase-time-array" count="38" stride="1" /></technique_common></source>
      <source id="hpl_mixamorigwRightToeBase-trans"><float_array id="hpl_mixamorigwRightToeBase-trans-array" count="114">-2.32514e-07 0.150699 -6.5721e-08 -2.32514e-07 0.150699 -6.5721e-08 -2.32514e-07 0.150699 -6.5721e-08 -2.32514e-07 0.150699 -6.5721e-08 -2.32514e-07 0.150699 -6.5721e-08 -2.32514e-07 0.150699 -6.5721e-08 -2.32514e-07 0.150699 -6.5721e-08 -2.32514e-07 0.150699 -6.5721e-08 -2.32514e-07 0.150699 -6.5721e-08 -2.32514e-07 0.150699 -6.5721e-08 -2.32514e-07 0.150699 -6.5721e-08 -2.32514e-07 0.150699 -6.5721e-08 -2.32514e-07 0.150699 -6.5721e-08 -2.32514e-07 0.150699 -6.5721e-08 -2.32514e-07 0.150699 -6.5721e-08 -2.32514e-07 0.150699 -6.5721e-08 -2.32514e-07 0.150699 -6.5721e-08 -2.32514e-07 0.150699 -6.5721e-08 -2.32514e-07 0.150699 -6.5721e-08 -2.32514e-07 0.150699 -6.5721e-08 -2.32514e-07 0.150699 -6.5721e-08 -2.32514e-07 0.150699 -6.5721e-08 -2.32514e-07 0.150699 -6.5721e-08 -2.32514e-07 0.150699 -6.5721e-08 -2.32514e-07 0.150699 -6.5721e-08 -2.32514e-07 0.150699 -6.5721e-08 -2.32514e-07 0.150699 -6.5721e-08 -2.32514e-07 0.150699 -6.5721e-08 -2.32514e-07 0.150699 -6.5721e-08 -2.32514e-07 0.150699 -6.5721e-08 -2.32514e-07 0.150699 -6.5721e-08 -2.32514e-07 0.150699 -6.5721e-08 -2.32514e-07 0.150699 -6.5721e-08 -2.32514e-07 0.150699 -6.5721e-08 -2.32514e-07 0.150699 -6.5721e-08 -2.32514e-07 0.150699 -6.5721e-08 -2.32514e-07 0.150699 -6.5721e-08 -2.32514e-07 0.150699 -6.5721e-08</float_array><technique_common><accessor source="#hpl_mixamorigwRightToeBase-trans-array" count="38" stride="3" /></technique_common></source>
      <source id="hpl_mixamorigwRightToeBase-rotz"><float_array id="hpl_mixamorigwRightToeBase-rotz-array" count="38">0.493416 0.444425 0.381767 0.343305 0.297943 0.278348 0.276949 0.297215 0.323708 0.322475 0.297457 0.24569 0.165575 0.147443 0.0711966 -0.0148169 -0.142217 -0.26412 -0.436928 -0.39412 -0.232483 -0.0902262 -0.0389288 -0.0072039 0.0130627 0.00363195 0.0162435 0.0415443 0.0480739 0.0274959 -0.0976751 0.0339821 0.229045 0.282954 0.31338 0.397258 0.451959 0.493416</float_array><technique_common><accessor source="#hpl_mixamorigwRightToeBase-rotz-array" count="38" stride="1" /></technique_common></source>
      <source id="hpl_mixamorigwRightToeBase-roty"><float_array id="hpl_mixamorigwRightToeBase-roty-array" count="38">2.77497 2.75535 2.73021 2.71881 2.67606 2.63094 2.5809 2.55255 2.54218 2.54704 2.56531 2.60051 2.58215 2.61136 2.70008 2.93867 3.17881 3.24271 3.3369 3.16257 2.92898 2.7972 2.77814 2.77918 2.80432 2.81979 2.88756 2.96636 3.00903 3.04036 3.06009 2.88569 2.79212 2.79315 2.77047 2.76642 2.75299 2.77497</float_array><technique_common><accessor source="#hpl_mixamorigwRightToeBase-roty-array" count="38" stride="1" /></technique_common></source>
      <source id="hpl_mixamorigwRightToeBase-rotx"><float_array id="hpl_mixamorigwRightToeBase-rotx-array" count="38">-44.6763 -44.8351 -44.9954 -45.0792 -45.0572 -44.9266 -44.7164 -44.5302 -44.4196 -44.4552 -44.6416 -44.9077 -45.1789 -45.3934 -46.0886 -47.6674 -48.843 -47.5196 -46.98 -46.8367 -46.5666 -46.5103 -46.5962 -46.6626 -46.6934 -46.7613 -46.9081 -47.0548 -47.1405 -47.3722 -47.942 -46.6792 -45.6774 -45.4443 -45.2356 -44.9041 -44.6503 -44.6763</float_array><technique_common><accessor source="#hpl_mixamorigwRightToeBase-rotx-array" count="38" stride="1" /></technique_common></source>
      <sampler id="hpl_mixamorigwRightToeBase-trans-sampler"><input semantic="INPUT" source="#hpl_mixamorigwRightToeBase-time" /><input semantic="OUTPUT" source="#hpl_mixamorigwRightToeBase-trans" /></sampler><channel source="#hpl_mixamorigwRightToeBase-trans-sampler" target="mixamorigwRightToeBase/translate" />
      <sampler id="hpl_mixamorigwRightToeBase-rotz-sampler"><input semantic="INPUT" source="#hpl_mixamorigwRightToeBase-time" /><input semantic="OUTPUT" source="#hpl_mixamorigwRightToeBase-rotz" /></sampler><channel source="#hpl_mixamorigwRightToeBase-rotz-sampler" target="mixamorigwRightToeBase/rotateZ.ANGLE" />
      <sampler id="hpl_mixamorigwRightToeBase-roty-sampler"><input semantic="INPUT" source="#hpl_mixamorigwRightToeBase-time" /><input semantic="OUTPUT" source="#hpl_mixamorigwRightToeBase-roty" /></sampler><channel source="#hpl_mixamorigwRightToeBase-roty-sampler" target="mixamorigwRightToeBase/rotateY.ANGLE" />
      <sampler id="hpl_mixamorigwRightToeBase-rotx-sampler"><input semantic="INPUT" source="#hpl_mixamorigwRightToeBase-time" /><input semantic="OUTPUT" source="#hpl_mixamorigwRightToeBase-rotx" /></sampler><channel source="#hpl_mixamorigwRightToeBase-rotx-sampler" target="mixamorigwRightToeBase/rotateX.ANGLE" />
    </animation>
    <animation id="hpl_mixamorigwSpine">
      <source id="hpl_mixamorigwSpine-time"><float_array id="hpl_mixamorigwSpine-time-array" count="38">0 1 2 3 4 5 6 7 8 9 10 11 12 13 14 15 16 17 18 19 20 21 22 23 24 25 26 27 28 29 30 31 32 33 34 35 36 37</float_array><technique_common><accessor source="#hpl_mixamorigwSpine-time-array" count="38" stride="1" /></technique_common></source>
      <source id="hpl_mixamorigwSpine-trans"><float_array id="hpl_mixamorigwSpine-trans-array" count="114">-0.000581253 0.1216 -0.0672236 -0.000581253 0.1216 -0.0672236 -0.000581253 0.1216 -0.0672236 -0.000581253 0.1216 -0.0672236 -0.000581253 0.1216 -0.0672236 -0.000581253 0.1216 -0.0672236 -0.000581253 0.1216 -0.0672236 -0.000581253 0.1216 -0.0672236 -0.000581253 0.1216 -0.0672236 -0.000581253 0.1216 -0.0672236 -0.000581253 0.1216 -0.0672236 -0.000581253 0.1216 -0.0672236 -0.000581253 0.1216 -0.0672236 -0.000581253 0.1216 -0.0672236 -0.000581253 0.1216 -0.0672236 -0.000581253 0.1216 -0.0672236 -0.000581253 0.1216 -0.0672236 -0.000581253 0.1216 -0.0672236 -0.000581253 0.1216 -0.0672236 -0.000581253 0.1216 -0.0672236 -0.000581253 0.1216 -0.0672236 -0.000581253 0.1216 -0.0672236 -0.000581253 0.1216 -0.0672236 -0.000581253 0.1216 -0.0672236 -0.000581253 0.1216 -0.0672236 -0.000581253 0.1216 -0.0672236 -0.000581253 0.1216 -0.0672236 -0.000581253 0.1216 -0.0672236 -0.000581253 0.1216 -0.0672236 -0.000581253 0.1216 -0.0672236 -0.000581253 0.1216 -0.0672236 -0.000581253 0.1216 -0.0672236 -0.000581253 0.1216 -0.0672236 -0.000581253 0.1216 -0.0672236 -0.000581253 0.1216 -0.0672236 -0.000581253 0.1216 -0.0672236 -0.000581253 0.1216 -0.0672236 -0.000581253 0.1216 -0.0672236</float_array><technique_common><accessor source="#hpl_mixamorigwSpine-trans-array" count="38" stride="3" /></technique_common></source>
      <source id="hpl_mixamorigwSpine-rotz"><float_array id="hpl_mixamorigwSpine-rotz-array" count="38">0.190732 0.303377 0.438358 0.608478 0.788169 0.961932 1.09081 1.17319 1.16798 1.09878 0.961369 0.784327 0.599896 0.371694 -0.158525 -0.877176 -1.58775 -2.13043 -2.45906 -2.37075 -2.07027 -1.82332 -1.73191 -1.79319 -1.90534 -2.00064 -2.08311 -2.19271 -2.34066 -2.49199 -2.58162 -2.33593 -1.48595 -0.568063 -0.00247714 0.381227 0.445809 0.190732</float_array><technique_common><accessor source="#hpl_mixamorigwSpine-rotz-array" count="38" stride="1" /></technique_common></source>
      <source id="hpl_mixamorigwSpine-roty"><float_array id="hpl_mixamorigwSpine-roty-array" count="38">-0.0268765 0.201517 0.336617 0.384726 0.394101 0.38533 0.374417 0.303907 0.173174 -0.03926 -0.295467 -0.543468 -0.771858 -1.10547 -1.47936 -1.84221 -2.26759 -2.59082 -2.78059 -2.67315 -2.40361 -2.15677 -2.03694 -2.00505 -2.00125 -1.99395 -1.96762 -1.90023 -1.78464 -1.67398 -1.63573 -1.53669 -1.11967 -0.628204 -0.394719 -0.32619 -0.26561 -0.0268765</float_array><technique_common><accessor source="#hpl_mixamorigwSpine-roty-array" count="38" stride="1" /></technique_common></source>
      <source id="hpl_mixamorigwSpine-rotx"><float_array id="hpl_mixamorigwSpine-rotx-array" count="38">-29.7363 -29.516 -29.39 -29.3426 -29.3579 -29.4421 -29.5704 -29.687 -29.7962 -29.912 -30.0257 -30.061 -29.9352 -29.6262 -29.1308 -28.5187 -27.9837 -27.4467 -27.1683 -27.0806 -27.1393 -27.2939 -27.4945 -27.6553 -27.8069 -27.9722 -28.178 -28.4289 -28.7361 -29.0389 -29.2865 -29.5283 -29.9784 -30.3642 -30.4994 -30.5201 -30.4614 -29.7363</float_array><technique_common><accessor source="#hpl_mixamorigwSpine-rotx-array" count="38" stride="1" /></technique_common></source>
      <sampler id="hpl_mixamorigwSpine-trans-sampler"><input semantic="INPUT" source="#hpl_mixamorigwSpine-time" /><input semantic="OUTPUT" source="#hpl_mixamorigwSpine-trans" /></sampler><channel source="#hpl_mixamorigwSpine-trans-sampler" target="mixamorigwSpine/translate" />
      <sampler id="hpl_mixamorigwSpine-rotz-sampler"><input semantic="INPUT" source="#hpl_mixamorigwSpine-time" /><input semantic="OUTPUT" source="#hpl_mixamorigwSpine-rotz" /></sampler><channel source="#hpl_mixamorigwSpine-rotz-sampler" target="mixamorigwSpine/rotateZ.ANGLE" />
      <sampler id="hpl_mixamorigwSpine-roty-sampler"><input semantic="INPUT" source="#hpl_mixamorigwSpine-time" /><input semantic="OUTPUT" source="#hpl_mixamorigwSpine-roty" /></sampler><channel source="#hpl_mixamorigwSpine-roty-sampler" target="mixamorigwSpine/rotateY.ANGLE" />
      <sampler id="hpl_mixamorigwSpine-rotx-sampler"><input semantic="INPUT" source="#hpl_mixamorigwSpine-time" /><input semantic="OUTPUT" source="#hpl_mixamorigwSpine-rotx" /></sampler><channel source="#hpl_mixamorigwSpine-rotx-sampler" target="mixamorigwSpine/rotateX.ANGLE" />
    </animation>
    <animation id="hpl_mixamorigwSpine1">
      <source id="hpl_mixamorigwSpine1-time"><float_array id="hpl_mixamorigwSpine1-time-array" count="38">0 1 2 3 4 5 6 7 8 9 10 11 12 13 14 15 16 17 18 19 20 21 22 23 24 25 26 27 28 29 30 31 32 33 34 35 36 37</float_array><technique_common><accessor source="#hpl_mixamorigwSpine1-time-array" count="38" stride="1" /></technique_common></source>
      <source id="hpl_mixamorigwSpine1-trans"><float_array id="hpl_mixamorigwSpine1-trans-array" count="114">1.55939e-10 0.13894 -2.99993e-07 1.55939e-10 0.13894 -2.99993e-07 1.55939e-10 0.13894 -2.99993e-07 1.55939e-10 0.13894 -2.99993e-07 1.55939e-10 0.13894 -2.99993e-07 1.55939e-10 0.13894 -2.99993e-07 1.55939e-10 0.13894 -2.99993e-07 1.55939e-10 0.13894 -2.99993e-07 1.55939e-10 0.13894 -2.99993e-07 1.55939e-10 0.13894 -2.99993e-07 1.55939e-10 0.13894 -2.99993e-07 1.55939e-10 0.13894 -2.99993e-07 1.55939e-10 0.13894 -2.99993e-07 1.55939e-10 0.13894 -2.99993e-07 1.55939e-10 0.13894 -2.99993e-07 1.55939e-10 0.13894 -2.99993e-07 1.55939e-10 0.13894 -2.99993e-07 1.55939e-10 0.13894 -2.99993e-07 1.55939e-10 0.13894 -2.99993e-07 1.55939e-10 0.13894 -2.99993e-07 1.55939e-10 0.13894 -2.99993e-07 1.55939e-10 0.13894 -2.99993e-07 1.55939e-10 0.13894 -2.99993e-07 1.55939e-10 0.13894 -2.99993e-07 1.55939e-10 0.13894 -2.99993e-07 1.55939e-10 0.13894 -2.99993e-07 1.55939e-10 0.13894 -2.99993e-07 1.55939e-10 0.13894 -2.99993e-07 1.55939e-10 0.13894 -2.99993e-07 1.55939e-10 0.13894 -2.99993e-07 1.55939e-10 0.13894 -2.99993e-07 1.55939e-10 0.13894 -2.99993e-07 1.55939e-10 0.13894 -2.99993e-07 1.55939e-10 0.13894 -2.99993e-07 1.55939e-10 0.13894 -2.99993e-07 1.55939e-10 0.13894 -2.99993e-07 1.55939e-10 0.13894 -2.99993e-07 1.55939e-10 0.13894 -2.99993e-07</float_array><technique_common><accessor source="#hpl_mixamorigwSpine1-trans-array" count="38" stride="3" /></technique_common></source>
      <source id="hpl_mixamorigwSpine1-rotz"><float_array id="hpl_mixamorigwSpine1-rotz-array" count="38">-0.891612 -0.825622 -0.738261 -0.639976 -0.528049 -0.417718 -0.323661 -0.271252 -0.257364 -0.28194 -0.340012 -0.394282 -0.424111 -0.525091 -0.64351 -0.834131 -1.03552 -1.1841 -1.18502 -1.15432 -1.05959 -0.940899 -0.822317 -0.727602 -0.650748 -0.590216 -0.537807 -0.495854 -0.479197 -0.499908 -0.574683 -0.691805 -0.780558 -0.765124 -0.748246 -0.73607 -0.788728 -0.891612</float_array><technique_common><accessor source="#hpl_mixamorigwSpine1-rotz-array" count="38" stride="1" /></technique_common></source>
      <source id="hpl_mixamorigwSpine1-roty"><float_array id="hpl_mixamorigwSpine1-roty-array" count="38">-1.5286 -1.69786 -1.95394 -2.26453 -2.67361 -3.12322 -3.6147 -4.03683 -4.37871 -4.55823 -4.64117 -4.65465 -4.66265 -4.58354 -4.67079 -4.61254 -4.42359 -4.16352 -3.98113 -3.61247 -3.11627 -2.61041 -2.18779 -1.87185 -1.62311 -1.41974 -1.24744 -1.12802 -1.07344 -1.08851 -1.01419 -0.90671 -0.824692 -0.903218 -1.20531 -1.41332 -1.56026 -1.5286</float_array><technique_common><accessor source="#hpl_mixamorigwSpine1-roty-array" count="38" stride="1" /></technique_common></source>
      <source id="hpl_mixamorigwSpine1-rotx"><float_array id="hpl_mixamorigwSpine1-rotx-array" count="38">-10.963 -10.9035 -10.8878 -10.8883 -10.9148 -10.9682 -11.039 -11.1167 -11.1991 -11.2518 -11.2609 -11.2664 -11.252 -11.1502 -10.9896 -10.7469 -10.547 -10.4058 -10.3366 -10.297 -10.2648 -10.2592 -10.2739 -10.3069 -10.3245 -10.3376 -10.3676 -10.3972 -10.4196 -10.4557 -10.5244 -10.7145 -10.8832 -11.0233 -11.1297 -11.2384 -11.2636 -10.963</float_array><technique_common><accessor source="#hpl_mixamorigwSpine1-rotx-array" count="38" stride="1" /></technique_common></source>
      <sampler id="hpl_mixamorigwSpine1-trans-sampler"><input semantic="INPUT" source="#hpl_mixamorigwSpine1-time" /><input semantic="OUTPUT" source="#hpl_mixamorigwSpine1-trans" /></sampler><channel source="#hpl_mixamorigwSpine1-trans-sampler" target="mixamorigwSpine1/translate" />
      <sampler id="hpl_mixamorigwSpine1-rotz-sampler"><input semantic="INPUT" source="#hpl_mixamorigwSpine1-time" /><input semantic="OUTPUT" source="#hpl_mixamorigwSpine1-rotz" /></sampler><channel source="#hpl_mixamorigwSpine1-rotz-sampler" target="mixamorigwSpine1/rotateZ.ANGLE" />
      <sampler id="hpl_mixamorigwSpine1-roty-sampler"><input semantic="INPUT" source="#hpl_mixamorigwSpine1-time" /><input semantic="OUTPUT" source="#hpl_mixamorigwSpine1-roty" /></sampler><channel source="#hpl_mixamorigwSpine1-roty-sampler" target="mixamorigwSpine1/rotateY.ANGLE" />
      <sampler id="hpl_mixamorigwSpine1-rotx-sampler"><input semantic="INPUT" source="#hpl_mixamorigwSpine1-time" /><input semantic="OUTPUT" source="#hpl_mixamorigwSpine1-rotx" /></sampler><channel source="#hpl_mixamorigwSpine1-rotx-sampler" target="mixamorigwSpine1/rotateX.ANGLE" />
    </animation>
    <animation id="hpl_mixamorigwSpine2">
      <source id="hpl_mixamorigwSpine2-time"><float_array id="hpl_mixamorigwSpine2-time-array" count="38">0 1 2 3 4 5 6 7 8 9 10 11 12 13 14 15 16 17 18 19 20 21 22 23 24 25 26 27 28 29 30 31 32 33 34 35 36 37</float_array><technique_common><accessor source="#hpl_mixamorigwSpine2-time-array" count="38" stride="1" /></technique_common></source>
      <source id="hpl_mixamorigwSpine2-trans"><float_array id="hpl_mixamorigwSpine2-trans-array" count="114">7.65575e-09 0.138939 1.13691e-06 7.65575e-09 0.138939 1.13691e-06 7.65575e-09 0.138939 1.13691e-06 7.65575e-09 0.138939 1.13691e-06 7.65575e-09 0.138939 1.13691e-06 7.65575e-09 0.138939 1.13691e-06 7.65575e-09 0.138939 1.13691e-06 7.65575e-09 0.138939 1.13691e-06 7.65575e-09 0.138939 1.13691e-06 7.65575e-09 0.138939 1.13691e-06 7.65575e-09 0.138939 1.13691e-06 7.65575e-09 0.138939 1.13691e-06 7.65575e-09 0.138939 1.13691e-06 7.65575e-09 0.138939 1.13691e-06 7.65575e-09 0.138939 1.13691e-06 7.65575e-09 0.138939 1.13691e-06 7.65575e-09 0.138939 1.13691e-06 7.65575e-09 0.138939 1.13691e-06 7.65575e-09 0.138939 1.13691e-06 7.65575e-09 0.138939 1.13691e-06 7.65575e-09 0.138939 1.13691e-06 7.65575e-09 0.138939 1.13691e-06 7.65575e-09 0.138939 1.13691e-06 7.65575e-09 0.138939 1.13691e-06 7.65575e-09 0.138939 1.13691e-06 7.65575e-09 0.138939 1.13691e-06 7.65575e-09 0.138939 1.13691e-06 7.65575e-09 0.138939 1.13691e-06 7.65575e-09 0.138939 1.13691e-06 7.65575e-09 0.138939 1.13691e-06 7.65575e-09 0.138939 1.13691e-06 7.65575e-09 0.138939 1.13691e-06 7.65575e-09 0.138939 1.13691e-06 7.65575e-09 0.138939 1.13691e-06 7.65575e-09 0.138939 1.13691e-06 7.65575e-09 0.138939 1.13691e-06 7.65575e-09 0.138939 1.13691e-06 7.65575e-09 0.138939 1.13691e-06</float_array><technique_common><accessor source="#hpl_mixamorigwSpine2-trans-array" count="38" stride="3" /></technique_common></source>
      <source id="hpl_mixamorigwSpine2-rotz"><float_array id="hpl_mixamorigwSpine2-rotz-array" count="38">-2.18753 -2.20519 -2.0794 -1.85085 -1.50815 -1.12826 -0.755605 -0.480253 -0.317957 -0.251771 -0.300198 -0.475052 -0.676637 -0.883122 -1.16204 -1.6579 -2.20753 -2.52389 -2.64124 -2.43358 -1.86283 -1.15298 -0.51553 -0.0712627 0.17113 0.278223 0.323556 0.273251 0.135816 -0.00411122 -0.149586 -0.293313 -0.324167 0.0444059 0.191945 -0.15598 -0.616644 -2.18753</float_array><technique_common><accessor source="#hpl_mixamorigwSpine2-rotz-array" count="38" stride="1" /></technique_common></source>
      <source id="hpl_mixamorigwSpine2-roty"><float_array id="hpl_mixamorigwSpine2-roty-array" count="38">-3.65382 -3.80498 -4.09353 -4.55006 -5.0391 -5.58168 -6.12061 -6.5938 -6.95692 -7.3163 -7.69138 -7.98712 -8.03038 -7.94983 -7.68019 -7.49648 -7.05214 -6.5351 -6.11111 -5.92121 -5.74378 -5.45388 -5.03408 -4.58628 -4.21545 -3.92706 -3.68443 -3.44114 -3.20775 -2.96657 -2.86512 -2.79332 -2.79974 -3.01379 -3.20908 -3.51764 -3.68086 -3.65382</float_array><technique_common><accessor source="#hpl_mixamorigwSpine2-roty-array" count="38" stride="1" /></technique_common></source>
      <source id="hpl_mixamorigwSpine2-rotx"><float_array id="hpl_mixamorigwSpine2-rotx-array" count="38">8.8276 8.84034 8.86022 8.87889 8.91805 8.98557 9.08384 9.15843 9.20475 9.21381 9.22852 9.2902 9.40003 9.52829 9.69775 9.86332 10.0594 10.0597 10.0643 9.94636 9.73309 9.53216 9.38432 9.32142 9.31861 9.36406 9.43147 9.49566 9.5148 9.44883 9.30296 9.25924 9.27235 9.02932 8.63882 8.42816 8.44402 8.8276</float_array><technique_common><accessor source="#hpl_mixamorigwSpine2-rotx-array" count="38" stride="1" /></technique_common></source>
      <sampler id="hpl_mixamorigwSpine2-trans-sampler"><input semantic="INPUT" source="#hpl_mixamorigwSpine2-time" /><input semantic="OUTPUT" source="#hpl_mixamorigwSpine2-trans" /></sampler><channel source="#hpl_mixamorigwSpine2-trans-sampler" target="mixamorigwSpine2/translate" />
      <sampler id="hpl_mixamorigwSpine2-rotz-sampler"><input semantic="INPUT" source="#hpl_mixamorigwSpine2-time" /><input semantic="OUTPUT" source="#hpl_mixamorigwSpine2-rotz" /></sampler><channel source="#hpl_mixamorigwSpine2-rotz-sampler" target="mixamorigwSpine2/rotateZ.ANGLE" />
      <sampler id="hpl_mixamorigwSpine2-roty-sampler"><input semantic="INPUT" source="#hpl_mixamorigwSpine2-time" /><input semantic="OUTPUT" source="#hpl_mixamorigwSpine2-roty" /></sampler><channel source="#hpl_mixamorigwSpine2-roty-sampler" target="mixamorigwSpine2/rotateY.ANGLE" />
      <sampler id="hpl_mixamorigwSpine2-rotx-sampler"><input semantic="INPUT" source="#hpl_mixamorigwSpine2-time" /><input semantic="OUTPUT" source="#hpl_mixamorigwSpine2-rotx" /></sampler><channel source="#hpl_mixamorigwSpine2-rotx-sampler" target="mixamorigwSpine2/rotateX.ANGLE" />
    </animation>
    <animation id="hpl_mixamorigwLeftShoulder">
      <source id="hpl_mixamorigwLeftShoulder-time"><float_array id="hpl_mixamorigwLeftShoulder-time-array" count="38">0 1 2 3 4 5 6 7 8 9 10 11 12 13 14 15 16 17 18 19 20 21 22 23 24 25 26 27 28 29 30 31 32 33 34 35 36 37</float_array><technique_common><accessor source="#hpl_mixamorigwLeftShoulder-time-array" count="38" stride="1" /></technique_common></source>
      <source id="hpl_mixamorigwLeftShoulder-trans"><float_array id="hpl_mixamorigwLeftShoulder-trans-array" count="114">0.0431929 0.0719144 -0.00398513 0.0431929 0.0719144 -0.00398513 0.0431929 0.0719144 -0.00398513 0.0431929 0.0719144 -0.00398513 0.0431929 0.0719144 -0.00398513 0.0431929 0.0719144 -0.00398513 0.0431929 0.0719144 -0.00398513 0.0431929 0.0719144 -0.00398513 0.0431929 0.0719144 -0.00398513 0.0431929 0.0719144 -0.00398513 0.0431929 0.0719144 -0.00398513 0.0431929 0.0719144 -0.00398513 0.0431929 0.0719144 -0.00398513 0.0431929 0.0719144 -0.00398513 0.0431929 0.0719144 -0.00398513 0.0431929 0.0719144 -0.00398513 0.0431929 0.0719144 -0.00398513 0.0431929 0.0719144 -0.00398513 0.0431929 0.0719144 -0.00398513 0.0431929 0.0719144 -0.00398513 0.0431929 0.0719144 -0.00398513 0.0431929 0.0719144 -0.00398513 0.0431929 0.0719144 -0.00398513 0.0431929 0.0719144 -0.00398513 0.0431929 0.0719144 -0.00398513 0.0431929 0.0719144 -0.00398513 0.0431929 0.0719144 -0.00398513 0.0431929 0.0719144 -0.00398513 0.0431929 0.0719144 -0.00398513 0.0431929 0.0719144 -0.00398513 0.0431929 0.0719144 -0.00398513 0.0431929 0.0719144 -0.00398513 0.0431929 0.0719144 -0.00398513 0.0431929 0.0719144 -0.00398513 0.0431929 0.0719144 -0.00398513 0.0431929 0.0719144 -0.00398513 0.0431929 0.0719144 -0.00398513 0.0431929 0.0719144 -0.00398513</float_array><technique_common><accessor source="#hpl_mixamorigwLeftShoulder-trans-array" count="38" stride="3" /></technique_common></source>
      <source id="hpl_mixamorigwLeftShoulder-rotz"><float_array id="hpl_mixamorigwLeftShoulder-rotz-array" count="38">114.82 114.48 113.957 113.07 111.797 110.418 109.116 108.104 107.242 106.668 106.437 106.415 106.33 106.337 106.145 106.349 106.157 106.062 106.169 106.877 108.305 110.262 111.895 112.989 113.801 114.452 115.041 115.622 116.064 116.221 116.266 116.097 116.596 117.38 117.6 117.45 116.803 114.82</float_array><technique_common><accessor source="#hpl_mixamorigwLeftShoulder-rotz-array" count="38" stride="1" /></technique_common></source>
      <source id="hpl_mixamorigwLeftShoulder-roty"><float_array id="hpl_mixamorigwLeftShoulder-roty-array" count="38">67.7211 68.0583 68.4296 68.8293 69.1694 69.4669 69.6388 69.7333 69.8034 69.95 70.0532 70.1284 70.2521 70.2736 70.1816 70.0374 69.4689 68.8817 68.3001 67.9182 67.5688 67.1173 66.5298 65.9255 65.3665 64.9435 64.6331 64.4509 64.3865 64.3617 64.3627 64.2786 64.8276 65.2155 65.6505 66.26 66.7749 67.7211</float_array><technique_common><accessor source="#hpl_mixamorigwLeftShoulder-roty-array" count="38" stride="1" /></technique_common></source>
      <source id="hpl_mixamorigwLeftShoulder-rotx"><float_array id="hpl_mixamorigwLeftShoulder-rotx-array" count="38">-145.32 -146.061 -147.099 -148.597 -150.497 -152.426 -154.156 -155.469 -156.548 -157.342 -157.882 -158.403 -159.095 -159.676 -160.093 -159.626 -159.303 -158.782 -158.194 -157.028 -155.239 -152.998 -151.067 -149.626 -148.403 -147.271 -146.182 -145.153 -144.314 -143.82 -143.527 -143.256 -141.558 -140.326 -141.408 -142.848 -143.875 -145.32</float_array><technique_common><accessor source="#hpl_mixamorigwLeftShoulder-rotx-array" count="38" stride="1" /></technique_common></source>
      <sampler id="hpl_mixamorigwLeftShoulder-trans-sampler"><input semantic="INPUT" source="#hpl_mixamorigwLeftShoulder-time" /><input semantic="OUTPUT" source="#hpl_mixamorigwLeftShoulder-trans" /></sampler><channel source="#hpl_mixamorigwLeftShoulder-trans-sampler" target="mixamorigwLeftShoulder/translate" />
      <sampler id="hpl_mixamorigwLeftShoulder-rotz-sampler"><input semantic="INPUT" source="#hpl_mixamorigwLeftShoulder-time" /><input semantic="OUTPUT" source="#hpl_mixamorigwLeftShoulder-rotz" /></sampler><channel source="#hpl_mixamorigwLeftShoulder-rotz-sampler" target="mixamorigwLeftShoulder/rotateZ.ANGLE" />
      <sampler id="hpl_mixamorigwLeftShoulder-roty-sampler"><input semantic="INPUT" source="#hpl_mixamorigwLeftShoulder-time" /><input semantic="OUTPUT" source="#hpl_mixamorigwLeftShoulder-roty" /></sampler><channel source="#hpl_mixamorigwLeftShoulder-roty-sampler" target="mixamorigwLeftShoulder/rotateY.ANGLE" />
      <sampler id="hpl_mixamorigwLeftShoulder-rotx-sampler"><input semantic="INPUT" source="#hpl_mixamorigwLeftShoulder-time" /><input semantic="OUTPUT" source="#hpl_mixamorigwLeftShoulder-rotx" /></sampler><channel source="#hpl_mixamorigwLeftShoulder-rotx-sampler" target="mixamorigwLeftShoulder/rotateX.ANGLE" />
    </animation>
    <animation id="hpl_mixamorigwLeftArm">
      <source id="hpl_mixamorigwLeftArm-time"><float_array id="hpl_mixamorigwLeftArm-time-array" count="38">0 1 2 3 4 5 6 7 8 9 10 11 12 13 14 15 16 17 18 19 20 21 22 23 24 25 26 27 28 29 30 31 32 33 34 35 36 37</float_array><technique_common><accessor source="#hpl_mixamorigwLeftArm-time-array" count="38" stride="1" /></technique_common></source>
      <source id="hpl_mixamorigwLeftArm-trans"><float_array id="hpl_mixamorigwLeftArm-trans-array" count="114">8.12161e-07 0.171533 -2.57949e-06 8.12161e-07 0.171533 -2.57949e-06 8.12161e-07 0.171533 -2.57949e-06 8.12161e-07 0.171533 -2.57949e-06 8.12161e-07 0.171533 -2.57949e-06 8.12161e-07 0.171533 -2.57949e-06 8.12161e-07 0.171533 -2.57949e-06 8.12161e-07 0.171533 -2.57949e-06 8.12161e-07 0.171533 -2.57949e-06 8.12161e-07 0.171533 -2.57949e-06 8.12161e-07 0.171533 -2.57949e-06 8.12161e-07 0.171533 -2.57949e-06 8.12161e-07 0.171533 -2.57949e-06 8.12161e-07 0.171533 -2.57949e-06 8.12161e-07 0.171533 -2.57949e-06 8.12161e-07 0.171533 -2.57949e-06 8.12161e-07 0.171533 -2.57949e-06 8.12161e-07 0.171533 -2.57949e-06 8.12161e-07 0.171533 -2.57949e-06 8.12161e-07 0.171533 -2.57949e-06 8.12161e-07 0.171533 -2.57949e-06 8.12161e-07 0.171533 -2.57949e-06 8.12161e-07 0.171533 -2.57949e-06 8.12161e-07 0.171533 -2.57949e-06 8.12161e-07 0.171533 -2.57949e-06 8.12161e-07 0.171533 -2.57949e-06 8.12161e-07 0.171533 -2.57949e-06 8.12161e-07 0.171533 -2.57949e-06 8.12161e-07 0.171533 -2.57949e-06 8.12161e-07 0.171533 -2.57949e-06 8.12161e-07 0.171533 -2.57949e-06 8.12161e-07 0.171533 -2.57949e-06 8.12161e-07 0.171533 -2.57949e-06 8.12161e-07 0.171533 -2.57949e-06 8.12161e-07 0.171533 -2.57949e-06 8.12161e-07 0.171533 -2.57949e-06 8.12161e-07 0.171533 -2.57949e-06 8.12161e-07 0.171533 -2.57949e-06</float_array><technique_common><accessor source="#hpl_mixamorigwLeftArm-trans-array" count="38" stride="3" /></technique_common></source>
      <source id="hpl_mixamorigwLeftArm-rotz"><float_array id="hpl_mixamorigwLeftArm-rotz-array" count="38">80.7715 82.4819 84.0749 85.6906 87.2568 88.7425 89.9664 90.8589 91.4238 91.783 91.9781 91.9482 91.684 90.6362 88.9495 86.8081 84.0755 82.0206 80.9244 80.2234 79.7401 79.8389 80.5327 81.5431 82.6131 83.3931 83.9297 84.1456 83.9261 83.082 81.7214 79.7173 77.5528 75.4732 75.2659 76.9029 79.3371 80.7715</float_array><technique_common><accessor source="#hpl_mixamorigwLeftArm-rotz-array" count="38" stride="1" /></technique_common></source>
      <source id="hpl_mixamorigwLeftArm-roty"><float_array id="hpl_mixamorigwLeftArm-roty-array" count="38">32.2635 31.2384 30.0744 28.9826 28.0722 27.4449 27.0332 26.7845 26.6519 26.5042 26.4258 26.3638 26.5078 26.7332 27.2626 28.0147 28.0939 27.8811 27.5839 27.1934 26.5818 26.3241 26.7477 27.4892 28.2664 28.9008 29.3647 29.6987 29.9892 30.1742 30.447 31.0117 32.1694 31.5829 29.822 29.2968 29.6098 32.2635</float_array><technique_common><accessor source="#hpl_mixamorigwLeftArm-roty-array" count="38" stride="1" /></technique_common></source>
      <source id="hpl_mixamorigwLeftArm-rotx"><float_array id="hpl_mixamorigwLeftArm-rotx-array" count="38">67.1454 66.169 65.3912 64.7364 64.0919 63.456 62.7159 62.0679 61.5413 61.3373 61.372 61.5806 61.7623 61.7593 61.5561 61.3804 60.9415 60.9587 61.8198 63.4363 65.5412 68.0967 70.682 72.9906 74.8946 76.3729 77.5259 78.3359 78.6738 78.4803 77.7297 76.0621 74.3791 72.654 72.2214 72.3431 72.0797 67.1454</float_array><technique_common><accessor source="#hpl_mixamorigwLeftArm-rotx-array" count="38" stride="1" /></technique_common></source>
      <sampler id="hpl_mixamorigwLeftArm-trans-sampler"><input semantic="INPUT" source="#hpl_mixamorigwLeftArm-time" /><input semantic="OUTPUT" source="#hpl_mixamorigwLeftArm-trans" /></sampler><channel source="#hpl_mixamorigwLeftArm-trans-sampler" target="mixamorigwLeftArm/translate" />
      <sampler id="hpl_mixamorigwLeftArm-rotz-sampler"><input semantic="INPUT" source="#hpl_mixamorigwLeftArm-time" /><input semantic="OUTPUT" source="#hpl_mixamorigwLeftArm-rotz" /></sampler><channel source="#hpl_mixamorigwLeftArm-rotz-sampler" target="mixamorigwLeftArm/rotateZ.ANGLE" />
      <sampler id="hpl_mixamorigwLeftArm-roty-sampler"><input semantic="INPUT" source="#hpl_mixamorigwLeftArm-time" /><input semantic="OUTPUT" source="#hpl_mixamorigwLeftArm-roty" /></sampler><channel source="#hpl_mixamorigwLeftArm-roty-sampler" target="mixamorigwLeftArm/rotateY.ANGLE" />
      <sampler id="hpl_mixamorigwLeftArm-rotx-sampler"><input semantic="INPUT" source="#hpl_mixamorigwLeftArm-time" /><input semantic="OUTPUT" source="#hpl_mixamorigwLeftArm-rotx" /></sampler><channel source="#hpl_mixamorigwLeftArm-rotx-sampler" target="mixamorigwLeftArm/rotateX.ANGLE" />
    </animation>
    <animation id="hpl_mixamorigwLeftForeArm">
      <source id="hpl_mixamorigwLeftForeArm-time"><float_array id="hpl_mixamorigwLeftForeArm-time-array" count="38">0 1 2 3 4 5 6 7 8 9 10 11 12 13 14 15 16 17 18 19 20 21 22 23 24 25 26 27 28 29 30 31 32 33 34 35 36 37</float_array><technique_common><accessor source="#hpl_mixamorigwLeftForeArm-time-array" count="38" stride="1" /></technique_common></source>
      <source id="hpl_mixamorigwLeftForeArm-trans"><float_array id="hpl_mixamorigwLeftForeArm-trans-array" count="114">-8.37625e-07 0.261281 1.67558e-06 -8.37625e-07 0.261281 1.67558e-06 -8.37625e-07 0.261281 1.67558e-06 -8.37625e-07 0.261281 1.67558e-06 -8.37625e-07 0.261281 1.67558e-06 -8.37625e-07 0.261281 1.67558e-06 -8.37625e-07 0.261281 1.67558e-06 -8.37625e-07 0.261281 1.67558e-06 -8.37625e-07 0.261281 1.67558e-06 -8.37625e-07 0.261281 1.67558e-06 -8.37625e-07 0.261281 1.67558e-06 -8.37625e-07 0.261281 1.67558e-06 -8.37625e-07 0.261281 1.67558e-06 -8.37625e-07 0.261281 1.67558e-06 -8.37625e-07 0.261281 1.67558e-06 -8.37625e-07 0.261281 1.67558e-06 -8.37625e-07 0.261281 1.67558e-06 -8.37625e-07 0.261281 1.67558e-06 -8.37625e-07 0.261281 1.67558e-06 -8.37625e-07 0.261281 1.67558e-06 -8.37625e-07 0.261281 1.67558e-06 -8.37625e-07 0.261281 1.67558e-06 -8.37625e-07 0.261281 1.67558e-06 -8.37625e-07 0.261281 1.67558e-06 -8.37625e-07 0.261281 1.67558e-06 -8.37625e-07 0.261281 1.67558e-06 -8.37625e-07 0.261281 1.67558e-06 -8.37625e-07 0.261281 1.67558e-06 -8.37625e-07 0.261281 1.67558e-06 -8.37625e-07 0.261281 1.67558e-06 -8.37625e-07 0.261281 1.67558e-06 -8.37625e-07 0.261281 1.67558e-06 -8.37625e-07 0.261281 1.67558e-06 -8.37625e-07 0.261281 1.67558e-06 -8.37625e-07 0.261281 1.67558e-06 -8.37625e-07 0.261281 1.67558e-06 -8.37625e-07 0.261281 1.67558e-06 -8.37625e-07 0.261281 1.67558e-06</float_array><technique_common><accessor source="#hpl_mixamorigwLeftForeArm-trans-array" count="38" stride="3" /></technique_common></source>
      <source id="hpl_mixamorigwLeftForeArm-rotz"><float_array id="hpl_mixamorigwLeftForeArm-rotz-array" count="38">35.5423 37.0112 38.4883 39.8131 40.9653 42.0044 42.9863 43.7543 44.2687 44.4814 44.3492 44.0006 43.5177 43.1048 42.7057 42.0504 40.7374 38.9847 37.1244 35.5944 34.5175 34.1086 34.2441 34.4646 34.4106 34.0413 33.4416 32.6719 31.9005 31.2368 30.7768 30.6314 30.583 30.2568 30.3175 31.7207 33.4261 35.5423</float_array><technique_common><accessor source="#hpl_mixamorigwLeftForeArm-rotz-array" count="38" stride="1" /></technique_common></source>
      <source id="hpl_mixamorigwLeftForeArm-roty"><float_array id="hpl_mixamorigwLeftForeArm-roty-array" count="38">-13.1887 -12.4162 -11.5694 -10.7651 -9.988 -9.28503 -8.63046 -8.09626 -7.80145 -7.6845 -7.83301 -8.16767 -8.55899 -8.95802 -9.26427 -9.68502 -10.4245 -11.3982 -12.3675 -13.2899 -13.9863 -14.336 -14.3578 -14.2293 -14.2038 -14.2809 -14.5208 -14.82 -15.1447 -15.503 -15.7697 -15.9016 -15.9664 -16.2004 -16.1476 -15.4701 -14.5668 -13.1887</float_array><technique_common><accessor source="#hpl_mixamorigwLeftForeArm-roty-array" count="38" stride="1" /></technique_common></source>
      <source id="hpl_mixamorigwLeftForeArm-rotx"><float_array id="hpl_mixamorigwLeftForeArm-rotx-array" count="38">-29.3009 -30.4032 -31.5057 -32.5322 -33.3955 -34.1084 -34.6709 -35.0715 -35.2686 -35.2764 -35.2428 -35.2072 -35.1509 -34.8379 -34.5049 -33.8892 -32.6505 -31.0068 -29.5236 -28.3579 -27.5542 -27.4064 -27.7325 -28.0367 -28.0818 -27.8626 -27.4682 -26.9317 -26.2824 -25.6687 -25.2803 -25.1322 -24.9438 -24.6238 -24.798 -25.8743 -27.1793 -29.3009</float_array><technique_common><accessor source="#hpl_mixamorigwLeftForeArm-rotx-array" count="38" stride="1" /></technique_common></source>
      <sampler id="hpl_mixamorigwLeftForeArm-trans-sampler"><input semantic="INPUT" source="#hpl_mixamorigwLeftForeArm-time" /><input semantic="OUTPUT" source="#hpl_mixamorigwLeftForeArm-trans" /></sampler><channel source="#hpl_mixamorigwLeftForeArm-trans-sampler" target="mixamorigwLeftForeArm/translate" />
      <sampler id="hpl_mixamorigwLeftForeArm-rotz-sampler"><input semantic="INPUT" source="#hpl_mixamorigwLeftForeArm-time" /><input semantic="OUTPUT" source="#hpl_mixamorigwLeftForeArm-rotz" /></sampler><channel source="#hpl_mixamorigwLeftForeArm-rotz-sampler" target="mixamorigwLeftForeArm/rotateZ.ANGLE" />
      <sampler id="hpl_mixamorigwLeftForeArm-roty-sampler"><input semantic="INPUT" source="#hpl_mixamorigwLeftForeArm-time" /><input semantic="OUTPUT" source="#hpl_mixamorigwLeftForeArm-roty" /></sampler><channel source="#hpl_mixamorigwLeftForeArm-roty-sampler" target="mixamorigwLeftForeArm/rotateY.ANGLE" />
      <sampler id="hpl_mixamorigwLeftForeArm-rotx-sampler"><input semantic="INPUT" source="#hpl_mixamorigwLeftForeArm-time" /><input semantic="OUTPUT" source="#hpl_mixamorigwLeftForeArm-rotx" /></sampler><channel source="#hpl_mixamorigwLeftForeArm-rotx-sampler" target="mixamorigwLeftForeArm/rotateX.ANGLE" />
    </animation>
    <animation id="hpl_mixamorigwLeftHand">
      <source id="hpl_mixamorigwLeftHand-time"><float_array id="hpl_mixamorigwLeftHand-time-array" count="38">0 1 2 3 4 5 6 7 8 9 10 11 12 13 14 15 16 17 18 19 20 21 22 23 24 25 26 27 28 29 30 31 32 33 34 35 36 37</float_array><technique_common><accessor source="#hpl_mixamorigwLeftHand-time-array" count="38" stride="1" /></technique_common></source>
      <source id="hpl_mixamorigwLeftHand-trans"><float_array id="hpl_mixamorigwLeftHand-trans-array" count="114">-1.37793e-06 0.258002 -5.75736e-06 -1.37793e-06 0.258002 -5.75736e-06 -1.37793e-06 0.258002 -5.75736e-06 -1.37793e-06 0.258002 -5.75736e-06 -1.37793e-06 0.258002 -5.75736e-06 -1.37793e-06 0.258002 -5.75736e-06 -1.37793e-06 0.258002 -5.75736e-06 -1.37793e-06 0.258002 -5.75736e-06 -1.37793e-06 0.258002 -5.75736e-06 -1.37793e-06 0.258002 -5.75736e-06 -1.37793e-06 0.258002 -5.75736e-06 -1.37793e-06 0.258002 -5.75736e-06 -1.37793e-06 0.258002 -5.75736e-06 -1.37793e-06 0.258002 -5.75736e-06 -1.37793e-06 0.258002 -5.75736e-06 -1.37793e-06 0.258002 -5.75736e-06 -1.37793e-06 0.258002 -5.75736e-06 -1.37793e-06 0.258002 -5.75736e-06 -1.37793e-06 0.258002 -5.75736e-06 -1.37793e-06 0.258002 -5.75736e-06 -1.37793e-06 0.258002 -5.75736e-06 -1.37793e-06 0.258002 -5.75736e-06 -1.37793e-06 0.258002 -5.75736e-06 -1.37793e-06 0.258002 -5.75736e-06 -1.37793e-06 0.258002 -5.75736e-06 -1.37793e-06 0.258002 -5.75736e-06 -1.37793e-06 0.258002 -5.75736e-06 -1.37793e-06 0.258002 -5.75736e-06 -1.37793e-06 0.258002 -5.75736e-06 -1.37793e-06 0.258002 -5.75736e-06 -1.37793e-06 0.258002 -5.75736e-06 -1.37793e-06 0.258002 -5.75736e-06 -1.37793e-06 0.258002 -5.75736e-06 -1.37793e-06 0.258002 -5.75736e-06 -1.37793e-06 0.258002 -5.75736e-06 -1.37793e-06 0.258002 -5.75736e-06 -1.37793e-06 0.258002 -5.75736e-06 -1.37793e-06 0.258002 -5.75736e-06</float_array><technique_common><accessor source="#hpl_mixamorigwLeftHand-trans-array" count="38" stride="3" /></technique_common></source>
      <source id="hpl_mixamorigwLeftHand-rotz"><float_array id="hpl_mixamorigwLeftHand-rotz-array" count="38">49.2443 49.3172 49.4503 49.706 50.0394 50.3881 50.6334 50.8652 51.0861 51.313 51.5608 51.5355 51.0848 50.7684 50.5845 50.3269 50.0935 49.9377 50.0293 49.9311 49.9633 50.3039 50.8335 51.2869 51.588 51.7712 51.9566 52.0711 52.0741 51.975 51.9151 51.8559 51.5054 50.3218 49.3605 49.0896 49.3289 49.2443</float_array><technique_common><accessor source="#hpl_mixamorigwLeftHand-rotz-array" count="38" stride="1" /></technique_common></source>
      <source id="hpl_mixamorigwLeftHand-roty"><float_array id="hpl_mixamorigwLeftHand-roty-array" count="38">-6.87056 -6.26859 -5.81295 -5.38204 -4.8697 -4.13281 -3.27071 -2.53261 -1.87656 -1.30516 -0.990224 -1.09847 -1.45134 -1.59288 -1.65288 -2.01891 -2.75252 -4.00509 -5.14845 -5.94695 -6.9093 -8.04803 -8.96289 -9.39752 -9.47056 -9.42729 -9.43095 -9.50303 -9.80194 -10.4166 -11.1517 -11.4587 -10.8094 -9.5053 -9.29628 -9.07613 -8.59177 -6.87056</float_array><technique_common><accessor source="#hpl_mixamorigwLeftHand-roty-array" count="38" stride="1" /></technique_common></source>
      <source id="hpl_mixamorigwLeftHand-rotx"><float_array id="hpl_mixamorigwLeftHand-rotx-array" count="38">14.3172 15.0978 15.4815 15.5933 15.3943 15.1411 15.0795 15.2431 15.7219 16.4165 17.1582 17.6122 17.7491 17.397 16.8689 16.112 15.3151 14.4636 13.7128 13.1325 12.5033 11.9786 11.9633 12.452 13.1178 13.6638 14.0465 14.3873 14.3723 13.8082 12.6785 11.0492 9.63202 9.03099 9.23259 10.8975 12.2634 14.3172</float_array><technique_common><accessor source="#hpl_mixamorigwLeftHand-rotx-array" count="38" stride="1" /></technique_common></source>
      <sampler id="hpl_mixamorigwLeftHand-trans-sampler"><input semantic="INPUT" source="#hpl_mixamorigwLeftHand-time" /><input semantic="OUTPUT" source="#hpl_mixamorigwLeftHand-trans" /></sampler><channel source="#hpl_mixamorigwLeftHand-trans-sampler" target="mixamorigwLeftHand/translate" />
      <sampler id="hpl_mixamorigwLeftHand-rotz-sampler"><input semantic="INPUT" source="#hpl_mixamorigwLeftHand-time" /><input semantic="OUTPUT" source="#hpl_mixamorigwLeftHand-rotz" /></sampler><channel source="#hpl_mixamorigwLeftHand-rotz-sampler" target="mixamorigwLeftHand/rotateZ.ANGLE" />
      <sampler id="hpl_mixamorigwLeftHand-roty-sampler"><input semantic="INPUT" source="#hpl_mixamorigwLeftHand-time" /><input semantic="OUTPUT" source="#hpl_mixamorigwLeftHand-roty" /></sampler><channel source="#hpl_mixamorigwLeftHand-roty-sampler" target="mixamorigwLeftHand/rotateY.ANGLE" />
      <sampler id="hpl_mixamorigwLeftHand-rotx-sampler"><input semantic="INPUT" source="#hpl_mixamorigwLeftHand-time" /><input semantic="OUTPUT" source="#hpl_mixamorigwLeftHand-rotx" /></sampler><channel source="#hpl_mixamorigwLeftHand-rotx-sampler" target="mixamorigwLeftHand/rotateX.ANGLE" />
    </animation>
    <animation id="hpl_mixamorigwRightShoulder">
      <source id="hpl_mixamorigwRightShoulder-time"><float_array id="hpl_mixamorigwRightShoulder-time-array" count="38">0 1 2 3 4 5 6 7 8 9 10 11 12 13 14 15 16 17 18 19 20 21 22 23 24 25 26 27 28 29 30 31 32 33 34 35 36 37</float_array><technique_common><accessor source="#hpl_mixamorigwRightShoulder-time-array" count="38" stride="1" /></technique_common></source>
      <source id="hpl_mixamorigwRightShoulder-trans"><float_array id="hpl_mixamorigwRightShoulder-trans-array" count="114">-0.0439173 0.0686331 -0.00410229 -0.0439173 0.0686331 -0.00410229 -0.0439173 0.0686331 -0.00410229 -0.0439173 0.0686331 -0.00410229 -0.0439173 0.0686331 -0.00410229 -0.0439173 0.0686331 -0.00410229 -0.0439173 0.0686331 -0.00410229 -0.0439173 0.0686331 -0.00410229 -0.0439173 0.0686331 -0.00410229 -0.0439173 0.0686331 -0.00410229 -0.0439173 0.0686331 -0.00410229 -0.0439173 0.0686331 -0.00410229 -0.0439173 0.0686331 -0.00410229 -0.0439173 0.0686331 -0.00410229 -0.0439173 0.0686331 -0.00410229 -0.0439173 0.0686331 -0.00410229 -0.0439173 0.0686331 -0.00410229 -0.0439173 0.0686331 -0.00410229 -0.0439173 0.0686331 -0.00410229 -0.0439173 0.0686331 -0.00410229 -0.0439173 0.0686331 -0.00410229 -0.0439173 0.0686331 -0.00410229 -0.0439173 0.0686331 -0.00410229 -0.0439173 0.0686331 -0.00410229 -0.0439173 0.0686331 -0.00410229 -0.0439173 0.0686331 -0.00410229 -0.0439173 0.0686331 -0.00410229 -0.0439173 0.0686331 -0.00410229 -0.0439173 0.0686331 -0.00410229 -0.0439173 0.0686331 -0.00410229 -0.0439173 0.0686331 -0.00410229 -0.0439173 0.0686331 -0.00410229 -0.0439173 0.0686331 -0.00410229 -0.0439173 0.0686331 -0.00410229 -0.0439173 0.0686331 -0.00410229 -0.0439173 0.0686331 -0.00410229 -0.0439173 0.0686331 -0.00410229 -0.0439173 0.0686331 -0.00410229</float_array><technique_common><accessor source="#hpl_mixamorigwRightShoulder-trans-array" count="38" stride="3" /></technique_common></source>
      <source id="hpl_mixamorigwRightShoulder-rotz"><float_array id="hpl_mixamorigwRightShoulder-rotz-array" count="38">-108.974 -109.425 -110.096 -111.062 -112.222 -113.469 -114.688 -115.755 -116.701 -117.577 -118.313 -119.116 -119.885 -119.972 -119.691 -119.336 -118.577 -117.938 -117.518 -116.557 -115.475 -114.31 -113.287 -112.412 -111.686 -111.086 -110.553 -110.12 -109.674 -108.964 -108.187 -107.163 -105.461 -104.401 -105.273 -106.599 -107.562 -108.974</float_array><technique_common><accessor source="#hpl_mixamorigwRightShoulder-rotz-array" count="38" stride="1" /></technique_common></source>
      <source id="hpl_mixamorigwRightShoulder-roty"><float_array id="hpl_mixamorigwRightShoulder-roty-array" count="38">-67.9399 -67.7641 -67.4838 -67.1221 -66.686 -66.1918 -65.6505 -65.124 -64.5511 -63.9756 -63.4246 -62.9959 -62.5556 -62.2859 -62.1031 -62.134 -62.3851 -62.8316 -63.1527 -63.6575 -64.4235 -65.2494 -65.8633 -66.2423 -66.4594 -66.6413 -66.8708 -67.0841 -67.2149 -67.2364 -67.2974 -67.2461 -67.4556 -67.8645 -68.4246 -68.7825 -68.75 -67.9399</float_array><technique_common><accessor source="#hpl_mixamorigwRightShoulder-roty-array" count="38" stride="1" /></technique_common></source>
      <source id="hpl_mixamorigwRightShoulder-rotx"><float_array id="hpl_mixamorigwRightShoulder-rotx-array" count="38">-148.11 -148.099 -147.6 -146.509 -145.012 -143.285 -141.501 -139.834 -138.292 -136.888 -135.697 -134.587 -133.536 -133.107 -132.989 -133.028 -134.176 -135.592 -136.515 -137.663 -139.096 -140.725 -142.108 -143.203 -144.019 -144.649 -145.214 -145.709 -146.158 -146.758 -147.173 -147.619 -148.168 -149.294 -149.666 -149.13 -148.282 -148.11</float_array><technique_common><accessor source="#hpl_mixamorigwRightShoulder-rotx-array" count="38" stride="1" /></technique_common></source>
      <sampler id="hpl_mixamorigwRightShoulder-trans-sampler"><input semantic="INPUT" source="#hpl_mixamorigwRightShoulder-time" /><input semantic="OUTPUT" source="#hpl_mixamorigwRightShoulder-trans" /></sampler><channel source="#hpl_mixamorigwRightShoulder-trans-sampler" target="mixamorigwRightShoulder/translate" />
      <sampler id="hpl_mixamorigwRightShoulder-rotz-sampler"><input semantic="INPUT" source="#hpl_mixamorigwRightShoulder-time" /><input semantic="OUTPUT" source="#hpl_mixamorigwRightShoulder-rotz" /></sampler><channel source="#hpl_mixamorigwRightShoulder-rotz-sampler" target="mixamorigwRightShoulder/rotateZ.ANGLE" />
      <sampler id="hpl_mixamorigwRightShoulder-roty-sampler"><input semantic="INPUT" source="#hpl_mixamorigwRightShoulder-time" /><input semantic="OUTPUT" source="#hpl_mixamorigwRightShoulder-roty" /></sampler><channel source="#hpl_mixamorigwRightShoulder-roty-sampler" target="mixamorigwRightShoulder/rotateY.ANGLE" />
      <sampler id="hpl_mixamorigwRightShoulder-rotx-sampler"><input semantic="INPUT" source="#hpl_mixamorigwRightShoulder-time" /><input semantic="OUTPUT" source="#hpl_mixamorigwRightShoulder-rotx" /></sampler><channel source="#hpl_mixamorigwRightShoulder-rotx-sampler" target="mixamorigwRightShoulder/rotateX.ANGLE" />
    </animation>
    <animation id="hpl_mixamorigwRightArm">
      <source id="hpl_mixamorigwRightArm-time"><float_array id="hpl_mixamorigwRightArm-time-array" count="38">0 1 2 3 4 5 6 7 8 9 10 11 12 13 14 15 16 17 18 19 20 21 22 23 24 25 26 27 28 29 30 31 32 33 34 35 36 37</float_array><technique_common><accessor source="#hpl_mixamorigwRightArm-time-array" count="38" stride="1" /></technique_common></source>
      <source id="hpl_mixamorigwRightArm-trans"><float_array id="hpl_mixamorigwRightArm-trans-array" count="114">-5.30068e-07 0.177733 9.96871e-07 -5.30068e-07 0.177733 9.96871e-07 -5.30068e-07 0.177733 9.96871e-07 -5.30068e-07 0.177733 9.96871e-07 -5.30068e-07 0.177733 9.96871e-07 -5.30068e-07 0.177733 9.96871e-07 -5.30068e-07 0.177733 9.96871e-07 -5.30068e-07 0.177733 9.96871e-07 -5.30068e-07 0.177733 9.96871e-07 -5.30068e-07 0.177733 9.96871e-07 -5.30068e-07 0.177733 9.96871e-07 -5.30068e-07 0.177733 9.96871e-07 -5.30068e-07 0.177733 9.96871e-07 -5.30068e-07 0.177733 9.96871e-07 -5.30068e-07 0.177733 9.96871e-07 -5.30068e-07 0.177733 9.96871e-07 -5.30068e-07 0.177733 9.96871e-07 -5.30068e-07 0.177733 9.96871e-07 -5.30068e-07 0.177733 9.96871e-07 -5.30068e-07 0.177733 9.96871e-07 -5.30068e-07 0.177733 9.96871e-07 -5.30068e-07 0.177733 9.96871e-07 -5.30068e-07 0.177733 9.96871e-07 -5.30068e-07 0.177733 9.96871e-07 -5.30068e-07 0.177733 9.96871e-07 -5.30068e-07 0.177733 9.96871e-07 -5.30068e-07 0.177733 9.96871e-07 -5.30068e-07 0.177733 9.96871e-07 -5.30068e-07 0.177733 9.96871e-07 -5.30068e-07 0.177733 9.96871e-07 -5.30068e-07 0.177733 9.96871e-07 -5.30068e-07 0.177733 9.96871e-07 -5.30068e-07 0.177733 9.96871e-07 -5.30068e-07 0.177733 9.96871e-07 -5.30068e-07 0.177733 9.96871e-07 -5.30068e-07 0.177733 9.96871e-07 -5.30068e-07 0.177733 9.96871e-07 -5.30068e-07 0.177733 9.96871e-07</float_array><technique_common><accessor source="#hpl_mixamorigwRightArm-trans-array" count="38" stride="3" /></technique_common></source>
      <source id="hpl_mixamorigwRightArm-rotz"><float_array id="hpl_mixamorigwRightArm-rotz-array" count="38">-71.9577 -71.1507 -70.0219 -68.6905 -67.3206 -66.0626 -65.0721 -64.5455 -64.4744 -64.8743 -65.6179 -66.5748 -67.3846 -68.094 -68.9897 -70.8003 -72.5728 -74.0864 -75.1191 -75.4098 -74.8969 -73.7757 -72.6868 -71.8226 -71.2598 -71.0589 -71.2502 -71.8183 -72.5675 -73.365 -74.4162 -75.0949 -75.7739 -77.1267 -79.4363 -80.4372 -79.5856 -71.9577</float_array><technique_common><accessor source="#hpl_mixamorigwRightArm-rotz-array" count="38" stride="1" /></technique_common></source>
      <source id="hpl_mixamorigwRightArm-roty"><float_array id="hpl_mixamorigwRightArm-roty-array" count="38">-34.267 -34.1323 -34.0555 -34.0341 -34.0768 -34.1738 -34.3008 -34.3808 -34.3737 -34.1771 -33.826 -33.3781 -32.8838 -32.4383 -32.1421 -32.0937 -31.6123 -31.4092 -31.9346 -32.9373 -33.7707 -34.3158 -34.7167 -35.0224 -35.2758 -35.5707 -35.9735 -36.4247 -36.901 -37.5024 -38.1713 -38.3481 -38.9609 -38.6518 -37.2896 -36.4389 -36.132 -34.267</float_array><technique_common><accessor source="#hpl_mixamorigwRightArm-roty-array" count="38" stride="1" /></technique_common></source>
      <source id="hpl_mixamorigwRightArm-rotx"><float_array id="hpl_mixamorigwRightArm-rotx-array" count="38">65.021 65.4283 65.705 65.9603 66.3263 66.8985 67.7516 68.9887 70.5264 72.3359 74.2714 76.2948 77.8484 78.8041 79.0336 79.0319 78.692 78.405 77.6844 76.428 74.9219 73.15 71.4028 69.8141 68.448 67.4736 66.9741 66.8951 67.0748 67.3673 67.9267 67.8858 67.4654 67.7165 69.3126 70.5723 70.6713 65.021</float_array><technique_common><accessor source="#hpl_mixamorigwRightArm-rotx-array" count="38" stride="1" /></technique_common></source>
      <sampler id="hpl_mixamorigwRightArm-trans-sampler"><input semantic="INPUT" source="#hpl_mixamorigwRightArm-time" /><input semantic="OUTPUT" source="#hpl_mixamorigwRightArm-trans" /></sampler><channel source="#hpl_mixamorigwRightArm-trans-sampler" target="mixamorigwRightArm/translate" />
      <sampler id="hpl_mixamorigwRightArm-rotz-sampler"><input semantic="INPUT" source="#hpl_mixamorigwRightArm-time" /><input semantic="OUTPUT" source="#hpl_mixamorigwRightArm-rotz" /></sampler><channel source="#hpl_mixamorigwRightArm-rotz-sampler" target="mixamorigwRightArm/rotateZ.ANGLE" />
      <sampler id="hpl_mixamorigwRightArm-roty-sampler"><input semantic="INPUT" source="#hpl_mixamorigwRightArm-time" /><input semantic="OUTPUT" source="#hpl_mixamorigwRightArm-roty" /></sampler><channel source="#hpl_mixamorigwRightArm-roty-sampler" target="mixamorigwRightArm/rotateY.ANGLE" />
      <sampler id="hpl_mixamorigwRightArm-rotx-sampler"><input semantic="INPUT" source="#hpl_mixamorigwRightArm-time" /><input semantic="OUTPUT" source="#hpl_mixamorigwRightArm-rotx" /></sampler><channel source="#hpl_mixamorigwRightArm-rotx-sampler" target="mixamorigwRightArm/rotateX.ANGLE" />
    </animation>
    <animation id="hpl_mixamorigwRightForeArm">
      <source id="hpl_mixamorigwRightForeArm-time"><float_array id="hpl_mixamorigwRightForeArm-time-array" count="38">0 1 2 3 4 5 6 7 8 9 10 11 12 13 14 15 16 17 18 19 20 21 22 23 24 25 26 27 28 29 30 31 32 33 34 35 36 37</float_array><technique_common><accessor source="#hpl_mixamorigwRightForeArm-time-array" count="38" stride="1" /></technique_common></source>
      <source id="hpl_mixamorigwRightForeArm-trans"><float_array id="hpl_mixamorigwRightForeArm-trans-array" count="114">-7.81035e-07 0.24803 -3.7329e-06 -7.81035e-07 0.24803 -3.7329e-06 -7.81035e-07 0.24803 -3.7329e-06 -7.81035e-07 0.24803 -3.7329e-06 -7.81035e-07 0.24803 -3.7329e-06 -7.81035e-07 0.24803 -3.7329e-06 -7.81035e-07 0.24803 -3.7329e-06 -7.81035e-07 0.24803 -3.7329e-06 -7.81035e-07 0.24803 -3.7329e-06 -7.81035e-07 0.24803 -3.7329e-06 -7.81035e-07 0.24803 -3.7329e-06 -7.81035e-07 0.24803 -3.7329e-06 -7.81035e-07 0.24803 -3.7329e-06 -7.81035e-07 0.24803 -3.7329e-06 -7.81035e-07 0.24803 -3.7329e-06 -7.81035e-07 0.24803 -3.7329e-06 -7.81035e-07 0.24803 -3.7329e-06 -7.81035e-07 0.24803 -3.7329e-06 -7.81035e-07 0.24803 -3.7329e-06 -7.81035e-07 0.24803 -3.7329e-06 -7.81035e-07 0.24803 -3.7329e-06 -7.81035e-07 0.24803 -3.7329e-06 -7.81035e-07 0.24803 -3.7329e-06 -7.81035e-07 0.24803 -3.7329e-06 -7.81035e-07 0.24803 -3.7329e-06 -7.81035e-07 0.24803 -3.7329e-06 -7.81035e-07 0.24803 -3.7329e-06 -7.81035e-07 0.24803 -3.7329e-06 -7.81035e-07 0.24803 -3.7329e-06 -7.81035e-07 0.24803 -3.7329e-06 -7.81035e-07 0.24803 -3.7329e-06 -7.81035e-07 0.24803 -3.7329e-06 -7.81035e-07 0.24803 -3.7329e-06 -7.81035e-07 0.24803 -3.7329e-06 -7.81035e-07 0.24803 -3.7329e-06 -7.81035e-07 0.24803 -3.7329e-06 -7.81035e-07 0.24803 -3.7329e-06 -7.81035e-07 0.24803 -3.7329e-06</float_array><technique_common><accessor source="#hpl_mixamorigwRightForeArm-trans-array" count="38" stride="3" /></technique_common></source>
      <source id="hpl_mixamorigwRightForeArm-rotz"><float_array id="hpl_mixamorigwRightForeArm-rotz-array" count="38">-44.4876 -43.9089 -43.3165 -42.703 -42.1892 -41.7896 -41.4089 -40.9497 -40.2844 -39.4618 -38.6713 -38.2831 -38.3592 -38.8543 -39.5956 -39.9801 -40.0994 -40.2683 -40.6958 -41.0558 -41.2891 -41.5124 -41.8499 -42.3948 -42.9944 -43.5699 -44.1 -44.5868 -45.077 -45.7221 -46.2134 -46.2896 -45.7458 -44.8558 -43.8462 -43.6086 -43.4435 -44.4876</float_array><technique_common><accessor source="#hpl_mixamorigwRightForeArm-rotz-array" count="38" stride="1" /></technique_common></source>
      <source id="hpl_mixamorigwRightForeArm-roty"><float_array id="hpl_mixamorigwRightForeArm-roty-array" count="38">10.5982 11.1182 11.6413 12.1405 12.5773 12.9249 13.2473 13.567 13.9186 14.3316 14.6864 14.8217 14.6452 14.2882 13.8698 13.5594 13.4175 13.0726 12.8025 12.7697 12.8255 12.7562 12.595 12.2754 11.8871 11.4477 11 10.5135 9.97406 9.39256 8.93807 8.81988 9.16278 9.85337 10.7339 10.9951 11.2104 10.5982</float_array><technique_common><accessor source="#hpl_mixamorigwRightForeArm-roty-array" count="38" stride="1" /></technique_common></source>
      <source id="hpl_mixamorigwRightForeArm-rotx"><float_array id="hpl_mixamorigwRightForeArm-rotx-array" count="38">-36.8432 -36.1628 -35.5598 -35.1023 -34.7918 -34.5721 -34.318 -33.9734 -33.4635 -32.8473 -32.3167 -32.1106 -32.0756 -32.4624 -33.0199 -33.6658 -34.0934 -34.4945 -34.8564 -34.9944 -34.9697 -34.8762 -35.0056 -35.3057 -35.6835 -36.1186 -36.6295 -37.2244 -37.8539 -38.5448 -39.1598 -39.1402 -38.6211 -37.8721 -37.3685 -37.2006 -36.7354 -36.8432</float_array><technique_common><accessor source="#hpl_mixamorigwRightForeArm-rotx-array" count="38" stride="1" /></technique_common></source>
      <sampler id="hpl_mixamorigwRightForeArm-trans-sampler"><input semantic="INPUT" source="#hpl_mixamorigwRightForeArm-time" /><input semantic="OUTPUT" source="#hpl_mixamorigwRightForeArm-trans" /></sampler><channel source="#hpl_mixamorigwRightForeArm-trans-sampler" target="mixamorigwRightForeArm/translate" />
      <sampler id="hpl_mixamorigwRightForeArm-rotz-sampler"><input semantic="INPUT" source="#hpl_mixamorigwRightForeArm-time" /><input semantic="OUTPUT" source="#hpl_mixamorigwRightForeArm-rotz" /></sampler><channel source="#hpl_mixamorigwRightForeArm-rotz-sampler" target="mixamorigwRightForeArm/rotateZ.ANGLE" />
      <sampler id="hpl_mixamorigwRightForeArm-roty-sampler"><input semantic="INPUT" source="#hpl_mixamorigwRightForeArm-time" /><input semantic="OUTPUT" source="#hpl_mixamorigwRightForeArm-roty" /></sampler><channel source="#hpl_mixamorigwRightForeArm-roty-sampler" target="mixamorigwRightForeArm/rotateY.ANGLE" />
      <sampler id="hpl_mixamorigwRightForeArm-rotx-sampler"><input semantic="INPUT" source="#hpl_mixamorigwRightForeArm-time" /><input semantic="OUTPUT" source="#hpl_mixamorigwRightForeArm-rotx" /></sampler><channel source="#hpl_mixamorigwRightForeArm-rotx-sampler" target="mixamorigwRightForeArm/rotateX.ANGLE" />
    </animation>
    <animation id="hpl_mixamorigwRightHand">
      <source id="hpl_mixamorigwRightHand-time"><float_array id="hpl_mixamorigwRightHand-time-array" count="38">0 1 2 3 4 5 6 7 8 9 10 11 12 13 14 15 16 17 18 19 20 21 22 23 24 25 26 27 28 29 30 31 32 33 34 35 36 37</float_array><technique_common><accessor source="#hpl_mixamorigwRightHand-time-array" count="38" stride="1" /></technique_common></source>
      <source id="hpl_mixamorigwRightHand-trans"><float_array id="hpl_mixamorigwRightHand-trans-array" count="114">-6.22625e-07 0.252615 3.75699e-06 -6.22625e-07 0.252615 3.75699e-06 -6.22625e-07 0.252615 3.75699e-06 -6.22625e-07 0.252615 3.75699e-06 -6.22625e-07 0.252615 3.75699e-06 -6.22625e-07 0.252615 3.75699e-06 -6.22625e-07 0.252615 3.75699e-06 -6.22625e-07 0.252615 3.75699e-06 -6.22625e-07 0.252615 3.75699e-06 -6.22625e-07 0.252615 3.75699e-06 -6.22625e-07 0.252615 3.75699e-06 -6.22625e-07 0.252615 3.75699e-06 -6.22625e-07 0.252615 3.75699e-06 -6.22625e-07 0.252615 3.75699e-06 -6.22625e-07 0.252615 3.75699e-06 -6.22625e-07 0.252615 3.75699e-06 -6.22625e-07 0.252615 3.75699e-06 -6.22625e-07 0.252615 3.75699e-06 -6.22625e-07 0.252615 3.75699e-06 -6.22625e-07 0.252615 3.75699e-06 -6.22625e-07 0.252615 3.75699e-06 -6.22625e-07 0.252615 3.75699e-06 -6.22625e-07 0.252615 3.75699e-06 -6.22625e-07 0.252615 3.75699e-06 -6.22625e-07 0.252615 3.75699e-06 -6.22625e-07 0.252615 3.75699e-06 -6.22625e-07 0.252615 3.75699e-06 -6.22625e-07 0.252615 3.75699e-06 -6.22625e-07 0.252615 3.75699e-06 -6.22625e-07 0.252615 3.75699e-06 -6.22625e-07 0.252615 3.75699e-06 -6.22625e-07 0.252615 3.75699e-06 -6.22625e-07 0.252615 3.75699e-06 -6.22625e-07 0.252615 3.75699e-06 -6.22625e-07 0.252615 3.75699e-06 -6.22625e-07 0.252615 3.75699e-06 -6.22625e-07 0.252615 3.75699e-06 -6.22625e-07 0.252615 3.75699e-06</float_array><technique_common><accessor source="#hpl_mixamorigwRightHand-trans-array" count="38" stride="3" /></technique_common></source>
      <source id="hpl_mixamorigwRightHand-rotz"><float_array id="hpl_mixamorigwRightHand-rotz-array" count="38">-48.6394 -48.5581 -48.5131 -48.5212 -48.6114 -48.8199 -49.0821 -49.345 -49.5274 -49.5395 -49.3892 -49.3145 -49.5423 -49.4666 -49.1395 -48.9124 -48.66 -48.674 -48.7502 -48.8251 -48.856 -48.857 -48.896 -48.8854 -48.805 -48.7195 -48.6243 -48.5283 -48.471 -48.4273 -48.4183 -48.4898 -48.981 -49.7316 -50.3009 -50.6632 -50.8001 -48.6394</float_array><technique_common><accessor source="#hpl_mixamorigwRightHand-rotz-array" count="38" stride="1" /></technique_common></source>
      <source id="hpl_mixamorigwRightHand-roty"><float_array id="hpl_mixamorigwRightHand-roty-array" count="38">12.3833 12.3584 12.3096 12.2201 12.0813 11.9598 11.8994 11.9809 12.2393 12.5532 12.8313 13.1206 13.3797 13.7196 13.9983 14.1038 14.3465 14.4074 13.5783 12.9288 12.2809 11.8341 11.6376 11.5421 11.3427 11.2009 11.2337 11.3665 11.5546 11.8699 12.4205 13.1728 13.5095 13.9186 14.5622 15.1766 15.0884 12.3833</float_array><technique_common><accessor source="#hpl_mixamorigwRightHand-roty-array" count="38" stride="1" /></technique_common></source>
      <source id="hpl_mixamorigwRightHand-rotx"><float_array id="hpl_mixamorigwRightHand-rotx-array" count="38">6.21205 6.33537 6.51502 6.74071 6.90069 6.93761 6.88758 6.7565 6.61816 6.73019 7.19191 7.81936 8.34186 9.43955 10.2635 10.2625 9.85783 9.45085 9.80945 9.70143 9.31376 8.7215 8.11878 7.81537 8.01369 8.39192 8.74114 9.09133 9.54822 10.1945 10.744 10.8427 10.1631 8.71978 7.66055 6.46477 5.44722 6.21205</float_array><technique_common><accessor source="#hpl_mixamorigwRightHand-rotx-array" count="38" stride="1" /></technique_common></source>
      <sampler id="hpl_mixamorigwRightHand-trans-sampler"><input semantic="INPUT" source="#hpl_mixamorigwRightHand-time" /><input semantic="OUTPUT" source="#hpl_mixamorigwRightHand-trans" /></sampler><channel source="#hpl_mixamorigwRightHand-trans-sampler" target="mixamorigwRightHand/translate" />
      <sampler id="hpl_mixamorigwRightHand-rotz-sampler"><input semantic="INPUT" source="#hpl_mixamorigwRightHand-time" /><input semantic="OUTPUT" source="#hpl_mixamorigwRightHand-rotz" /></sampler><channel source="#hpl_mixamorigwRightHand-rotz-sampler" target="mixamorigwRightHand/rotateZ.ANGLE" />
      <sampler id="hpl_mixamorigwRightHand-roty-sampler"><input semantic="INPUT" source="#hpl_mixamorigwRightHand-time" /><input semantic="OUTPUT" source="#hpl_mixamorigwRightHand-roty" /></sampler><channel source="#hpl_mixamorigwRightHand-roty-sampler" target="mixamorigwRightHand/rotateY.ANGLE" />
      <sampler id="hpl_mixamorigwRightHand-rotx-sampler"><input semantic="INPUT" source="#hpl_mixamorigwRightHand-time" /><input semantic="OUTPUT" source="#hpl_mixamorigwRightHand-rotx" /></sampler><channel source="#hpl_mixamorigwRightHand-rotx-sampler" target="mixamorigwRightHand/rotateX.ANGLE" />
    </animation>
    <animation id="hpl_mixamorigwNeck">
      <source id="hpl_mixamorigwNeck-time"><float_array id="hpl_mixamorigwNeck-time-array" count="38">0 1 2 3 4 5 6 7 8 9 10 11 12 13 14 15 16 17 18 19 20 21 22 23 24 25 26 27 28 29 30 31 32 33 34 35 36 37</float_array><technique_common><accessor source="#hpl_mixamorigwNeck-time-array" count="38" stride="1" /></technique_common></source>
      <source id="hpl_mixamorigwNeck-trans"><float_array id="hpl_mixamorigwNeck-trans-array" count="114">0.000724295 0.106171 0.00808451 0.000724295 0.106171 0.00808451 0.000724295 0.106171 0.00808451 0.000724295 0.106171 0.00808451 0.000724295 0.106171 0.00808451 0.000724295 0.106171 0.00808451 0.000724295 0.106171 0.00808451 0.000724295 0.106171 0.00808451 0.000724295 0.106171 0.00808451 0.000724295 0.106171 0.00808451 0.000724295 0.106171 0.00808451 0.000724295 0.106171 0.00808451 0.000724295 0.106171 0.00808451 0.000724295 0.106171 0.00808451 0.000724295 0.106171 0.00808451 0.000724295 0.106171 0.00808451 0.000724295 0.106171 0.00808451 0.000724295 0.106171 0.00808451 0.000724295 0.106171 0.00808451 0.000724295 0.106171 0.00808451 0.000724295 0.106171 0.00808451 0.000724295 0.106171 0.00808451 0.000724295 0.106171 0.00808451 0.000724295 0.106171 0.00808451 0.000724295 0.106171 0.00808451 0.000724295 0.106171 0.00808451 0.000724295 0.106171 0.00808451 0.000724295 0.106171 0.00808451 0.000724295 0.106171 0.00808451 0.000724295 0.106171 0.00808451 0.000724295 0.106171 0.00808451 0.000724295 0.106171 0.00808451 0.000724295 0.106171 0.00808451 0.000724295 0.106171 0.00808451 0.000724295 0.106171 0.00808451 0.000724295 0.106171 0.00808451 0.000724295 0.106171 0.00808451 0.000724295 0.106171 0.00808451</float_array><technique_common><accessor source="#hpl_mixamorigwNeck-trans-array" count="38" stride="3" /></technique_common></source>
      <source id="hpl_mixamorigwNeck-rotz"><float_array id="hpl_mixamorigwNeck-rotz-array" count="38">5.48084 5.52258 5.68941 5.97553 6.33462 6.7557 7.20085 7.66387 8.13633 8.60171 9.02846 9.35135 9.66479 10.0669 10.5278 10.9367 11.0224 10.7059 10.4262 10.0124 9.36094 8.62612 7.94868 7.42833 7.04093 6.72259 6.40182 6.08389 5.79208 5.54523 5.50522 5.48837 5.23503 4.69426 4.59952 4.99367 5.34212 5.48084</float_array><technique_common><accessor source="#hpl_mixamorigwNeck-rotz-array" count="38" stride="1" /></technique_common></source>
      <source id="hpl_mixamorigwNeck-roty"><float_array id="hpl_mixamorigwNeck-roty-array" count="38">0.35439 0.281452 0.147463 -0.0447987 -0.27439 -0.526655 -0.778013 -1.05873 -1.41706 -1.8169 -2.20966 -2.57527 -2.96026 -3.22258 -3.2283 -3.00085 -2.81465 -2.57662 -2.35769 -2.26822 -2.13328 -1.87108 -1.587 -1.31086 -1.04805 -0.797023 -0.569765 -0.354522 -0.11346 0.103004 0.33821 0.509185 0.91158 1.19397 1.1339 0.780261 0.48536 0.35439</float_array><technique_common><accessor source="#hpl_mixamorigwNeck-roty-array" count="38" stride="1" /></technique_common></source>
      <source id="hpl_mixamorigwNeck-rotx"><float_array id="hpl_mixamorigwNeck-rotx-array" count="38">23.0802 23.1574 23.2912 23.492 23.7197 24.0121 24.3309 24.7101 25.1664 25.7102 26.3167 26.9268 27.3256 27.6985 27.8861 27.9243 28.0265 28.0838 28.031 27.8979 27.8023 27.7768 27.8789 28.0526 28.2259 28.3548 28.4564 28.5678 28.6421 28.659 28.5784 28.2069 27.4559 26.6655 26.1666 25.8316 25.6049 23.0802</float_array><technique_common><accessor source="#hpl_mixamorigwNeck-rotx-array" count="38" stride="1" /></technique_common></source>
      <sampler id="hpl_mixamorigwNeck-trans-sampler"><input semantic="INPUT" source="#hpl_mixamorigwNeck-time" /><input semantic="OUTPUT" source="#hpl_mixamorigwNeck-trans" /></sampler><channel source="#hpl_mixamorigwNeck-trans-sampler" target="mixamorigwNeck/translate" />
      <sampler id="hpl_mixamorigwNeck-rotz-sampler"><input semantic="INPUT" source="#hpl_mixamorigwNeck-time" /><input semantic="OUTPUT" source="#hpl_mixamorigwNeck-rotz" /></sampler><channel source="#hpl_mixamorigwNeck-rotz-sampler" target="mixamorigwNeck/rotateZ.ANGLE" />
      <sampler id="hpl_mixamorigwNeck-roty-sampler"><input semantic="INPUT" source="#hpl_mixamorigwNeck-time" /><input semantic="OUTPUT" source="#hpl_mixamorigwNeck-roty" /></sampler><channel source="#hpl_mixamorigwNeck-roty-sampler" target="mixamorigwNeck/rotateY.ANGLE" />
      <sampler id="hpl_mixamorigwNeck-rotx-sampler"><input semantic="INPUT" source="#hpl_mixamorigwNeck-time" /><input semantic="OUTPUT" source="#hpl_mixamorigwNeck-rotx" /></sampler><channel source="#hpl_mixamorigwNeck-rotx-sampler" target="mixamorigwNeck/rotateX.ANGLE" />
    </animation>
    <animation id="hpl_mixamorigwHead">
      <source id="hpl_mixamorigwHead-time"><float_array id="hpl_mixamorigwHead-time-array" count="38">0 1 2 3 4 5 6 7 8 9 10 11 12 13 14 15 16 17 18 19 20 21 22 23 24 25 26 27 28 29 30 31 32 33 34 35 36 37</float_array><technique_common><accessor source="#hpl_mixamorigwHead-time-array" count="38" stride="1" /></technique_common></source>
      <source id="hpl_mixamorigwHead-trans"><float_array id="hpl_mixamorigwHead-trans-array" count="114">9.58763e-11 0.0721613 -2.26339e-07 9.58763e-11 0.0721613 -2.26339e-07 9.58763e-11 0.0721613 -2.26339e-07 9.58763e-11 0.0721613 -2.26339e-07 9.58763e-11 0.0721613 -2.26339e-07 9.58763e-11 0.0721613 -2.26339e-07 9.58763e-11 0.0721613 -2.26339e-07 9.58763e-11 0.0721613 -2.26339e-07 9.58763e-11 0.0721613 -2.26339e-07 9.58763e-11 0.0721613 -2.26339e-07 9.58763e-11 0.0721613 -2.26339e-07 9.58763e-11 0.0721613 -2.26339e-07 9.58763e-11 0.0721613 -2.26339e-07 9.58763e-11 0.0721613 -2.26339e-07 9.58763e-11 0.0721613 -2.26339e-07 9.58763e-11 0.0721613 -2.26339e-07 9.58763e-11 0.0721613 -2.26339e-07 9.58763e-11 0.0721613 -2.26339e-07 9.58763e-11 0.0721613 -2.26339e-07 9.58763e-11 0.0721613 -2.26339e-07 9.58763e-11 0.0721613 -2.26339e-07 9.58763e-11 0.0721613 -2.26339e-07 9.58763e-11 0.0721613 -2.26339e-07 9.58763e-11 0.0721613 -2.26339e-07 9.58763e-11 0.0721613 -2.26339e-07 9.58763e-11 0.0721613 -2.26339e-07 9.58763e-11 0.0721613 -2.26339e-07 9.58763e-11 0.0721613 -2.26339e-07 9.58763e-11 0.0721613 -2.26339e-07 9.58763e-11 0.0721613 -2.26339e-07 9.58763e-11 0.0721613 -2.26339e-07 9.58763e-11 0.0721613 -2.26339e-07 9.58763e-11 0.0721613 -2.26339e-07 9.58763e-11 0.0721613 -2.26339e-07 9.58763e-11 0.0721613 -2.26339e-07 9.58763e-11 0.0721613 -2.26339e-07 9.58763e-11 0.0721613 -2.26339e-07 9.58763e-11 0.0721613 -2.26339e-07</float_array><technique_common><accessor source="#hpl_mixamorigwHead-trans-array" count="38" stride="3" /></technique_common></source>
      <source id="hpl_mixamorigwHead-rotz"><float_array id="hpl_mixamorigwHead-rotz-array" count="38">1.49084 1.5589 1.55827 1.54339 1.55424 1.58318 1.64815 1.69772 1.7378 1.7441 1.71874 1.64465 1.51895 1.37581 1.53165 1.87669 2.04914 1.99734 1.82385 1.59072 1.28983 0.96657 0.736437 0.582996 0.498095 0.441368 0.391172 0.329934 0.275275 0.170616 0.03745 -0.0135878 0.0284069 0.105594 0.200429 0.19539 0.204421 1.49084</float_array><technique_common><accessor source="#hpl_mixamorigwHead-rotz-array" count="38" stride="1" /></technique_common></source>
      <source id="hpl_mixamorigwHead-roty"><float_array id="hpl_mixamorigwHead-roty-array" count="38">-13.9919 -14.7021 -15.4276 -16.1763 -17.0106 -17.8995 -18.8082 -19.6639 -20.4388 -21.0336 -21.4522 -21.6286 -21.5315 -20.9326 -20.2373 -19.2567 -17.89 -16.6226 -15.6783 -14.1269 -12.398 -11.0161 -10.0467 -9.43267 -9.11745 -9.01368 -9.0176 -9.10682 -9.16806 -9.0874 -8.99067 -8.67173 -8.39741 -8.01075 -7.89854 -8.00566 -8.3977 -13.9919</float_array><technique_common><accessor source="#hpl_mixamorigwHead-roty-array" count="38" stride="1" /></technique_common></source>
      <source id="hpl_mixamorigwHead-rotx"><float_array id="hpl_mixamorigwHead-rotx-array" count="38">-7.45816 -7.725 -7.96466 -8.19438 -8.41972 -8.7149 -8.98432 -9.13986 -9.08872 -8.91269 -8.67647 -8.47276 -8.36756 -8.81051 -9.59674 -10.1884 -10.3166 -10.2015 -10.1107 -9.83516 -9.48605 -9.10136 -8.7058 -8.39291 -8.13116 -7.81758 -7.38754 -6.93976 -6.52653 -6.18142 -5.91084 -5.74341 -5.61216 -5.86182 -6.46961 -7.05914 -7.39138 -7.45816</float_array><technique_common><accessor source="#hpl_mixamorigwHead-rotx-array" count="38" stride="1" /></technique_common></source>
      <sampler id="hpl_mixamorigwHead-trans-sampler"><input semantic="INPUT" source="#hpl_mixamorigwHead-time" /><input semantic="OUTPUT" source="#hpl_mixamorigwHead-trans" /></sampler><channel source="#hpl_mixamorigwHead-trans-sampler" target="mixamorigwHead/translate" />
      <sampler id="hpl_mixamorigwHead-rotz-sampler"><input semantic="INPUT" source="#hpl_mixamorigwHead-time" /><input semantic="OUTPUT" source="#hpl_mixamorigwHead-rotz" /></sampler><channel source="#hpl_mixamorigwHead-rotz-sampler" target="mixamorigwHead/rotateZ.ANGLE" />
      <sampler id="hpl_mixamorigwHead-roty-sampler"><input semantic="INPUT" source="#hpl_mixamorigwHead-time" /><input semantic="OUTPUT" source="#hpl_mixamorigwHead-roty" /></sampler><channel source="#hpl_mixamorigwHead-roty-sampler" target="mixamorigwHead/rotateY.ANGLE" />
      <sampler id="hpl_mixamorigwHead-rotx-sampler"><input semantic="INPUT" source="#hpl_mixamorigwHead-time" /><input semantic="OUTPUT" source="#hpl_mixamorigwHead-rotx" /></sampler><channel source="#hpl_mixamorigwHead-rotx-sampler" target="mixamorigwHead/rotateX.ANGLE" />
    </animation>
    <animation id="hpl_mixamorigwHeadTop_End">
      <source id="hpl_mixamorigwHeadTop_End-time"><float_array id="hpl_mixamorigwHeadTop_End-time-array" count="38">0 1 2 3 4 5 6 7 8 9 10 11 12 13 14 15 16 17 18 19 20 21 22 23 24 25 26 27 28 29 30 31 32 33 34 35 36 37</float_array><technique_common><accessor source="#hpl_mixamorigwHeadTop_End-time-array" count="38" stride="1" /></technique_common></source>
      <source id="hpl_mixamorigwHeadTop_End-trans"><float_array id="hpl_mixamorigwHeadTop_End-trans-array" count="114">-4.12817e-11 0.251687 -0.0922776 -4.12817e-11 0.251687 -0.0922776 -4.12817e-11 0.251687 -0.0922776 -4.12817e-11 0.251687 -0.0922776 -4.12817e-11 0.251687 -0.0922776 -4.12817e-11 0.251687 -0.0922776 -4.12817e-11 0.251687 -0.0922776 -4.12817e-11 0.251687 -0.0922776 -4.12817e-11 0.251687 -0.0922776 -4.12817e-11 0.251687 -0.0922776 -4.12817e-11 0.251687 -0.0922776 -4.12817e-11 0.251687 -0.0922776 -4.12817e-11 0.251687 -0.0922776 -4.12817e-11 0.251687 -0.0922776 -4.12817e-11 0.251687 -0.0922776 -4.12817e-11 0.251687 -0.0922776 -4.12817e-11 0.251687 -0.0922776 -4.12817e-11 0.251687 -0.0922776 -4.12817e-11 0.251687 -0.0922776 -4.12817e-11 0.251687 -0.0922776 -4.12817e-11 0.251687 -0.0922776 -4.12817e-11 0.251687 -0.0922776 -4.12817e-11 0.251687 -0.0922776 -4.12817e-11 0.251687 -0.0922776 -4.12817e-11 0.251687 -0.0922776 -4.12817e-11 0.251687 -0.0922776 -4.12817e-11 0.251687 -0.0922776 -4.12817e-11 0.251687 -0.0922776 -4.12817e-11 0.251687 -0.0922776 -4.12817e-11 0.251687 -0.0922776 -4.12817e-11 0.251687 -0.0922776 -4.12817e-11 0.251687 -0.0922776 -4.12817e-11 0.251687 -0.0922776 -4.12817e-11 0.251687 -0.0922776 -4.12817e-11 0.251687 -0.0922776 -4.12817e-11 0.251687 -0.0922776 -4.12817e-11 0.251687 -0.0922776 -4.12817e-11 0.251687 -0.0922776</float_array><technique_common><accessor source="#hpl_mixamorigwHeadTop_End-trans-array" count="38" stride="3" /></technique_common></source>
      <source id="hpl_mixamorigwHeadTop_End-rotz"><float_array id="hpl_mixamorigwHeadTop_End-rotz-array" count="38">-4.55091e-09 -4.55091e-09 -4.55091e-09 -4.55091e-09 -4.55091e-09 -4.55091e-09 -4.55091e-09 -4.55091e-09 -4.55091e-09 -4.55091e-09 -4.55091e-09 -4.55091e-09 -4.55091e-09 -4.55091e-09 -4.55091e-09 -4.55091e-09 -4.55091e-09 -4.55091e-09 -4.55091e-09 -4.55091e-09 -4.55091e-09 -4.55091e-09 -4.55091e-09 -4.55091e-09 -4.55091e-09 -4.55091e-09 -4.55091e-09 -4.55091e-09 -4.55091e-09 -4.55091e-09 -4.55091e-09 -4.55091e-09 -4.55091e-09 -4.55091e-09 -4.55091e-09 -4.55091e-09 -4.55091e-09 -4.55091e-09</float_array><technique_common><accessor source="#hpl_mixamorigwHeadTop_End-rotz-array" count="38" stride="1" /></technique_common></source>
      <source id="hpl_mixamorigwHeadTop_End-roty"><float_array id="hpl_mixamorigwHeadTop_End-roty-array" count="38">1.45297e-08 1.45297e-08 1.45297e-08 1.45297e-08 1.45297e-08 1.45297e-08 1.45297e-08 1.45296e-08 1.45297e-08 1.45297e-08 1.45297e-08 1.45297e-08 1.45297e-08 1.45297e-08 1.45296e-08 1.45297e-08 1.45297e-08 1.45297e-08 1.45297e-08 1.45297e-08 1.45296e-08 1.45297e-08 1.45297e-08 1.45297e-08 1.45297e-08 1.45297e-08 1.45297e-08 1.45297e-08 1.45297e-08 1.45297e-08 1.45296e-08 1.45297e-08 1.45297e-08 1.45297e-08 1.45297e-08 1.45297e-08 1.45297e-08 1.45297e-08</float_array><technique_common><accessor source="#hpl_mixamorigwHeadTop_End-roty-array" count="38" stride="1" /></technique_common></source>
      <source id="hpl_mixamorigwHeadTop_End-rotx"><float_array id="hpl_mixamorigwHeadTop_End-rotx-array" count="38">-20.1348 -20.1348 -20.1348 -20.1348 -20.1348 -20.1348 -20.1348 -20.1348 -20.1348 -20.1348 -20.1348 -20.1348 -20.1348 -20.1348 -20.1348 -20.1348 -20.1348 -20.1348 -20.1348 -20.1348 -20.1348 -20.1348 -20.1348 -20.1348 -20.1348 -20.1348 -20.1348 -20.1348 -20.1348 -20.1348 -20.1348 -20.1348 -20.1348 -20.1348 -20.1348 -20.1348 -20.1348 -20.1348</float_array><technique_common><accessor source="#hpl_mixamorigwHeadTop_End-rotx-array" count="38" stride="1" /></technique_common></source>
      <sampler id="hpl_mixamorigwHeadTop_End-trans-sampler"><input semantic="INPUT" source="#hpl_mixamorigwHeadTop_End-time" /><input semantic="OUTPUT" source="#hpl_mixamorigwHeadTop_End-trans" /></sampler><channel source="#hpl_mixamorigwHeadTop_End-trans-sampler" target="mixamorigwHeadTop_End/translate" />
      <sampler id="hpl_mixamorigwHeadTop_End-rotz-sampler"><input semantic="INPUT" source="#hpl_mixamorigwHeadTop_End-time" /><input semantic="OUTPUT" source="#hpl_mixamorigwHeadTop_End-rotz" /></sampler><channel source="#hpl_mixamorigwHeadTop_End-rotz-sampler" target="mixamorigwHeadTop_End/rotateZ.ANGLE" />
      <sampler id="hpl_mixamorigwHeadTop_End-roty-sampler"><input semantic="INPUT" source="#hpl_mixamorigwHeadTop_End-time" /><input semantic="OUTPUT" source="#hpl_mixamorigwHeadTop_End-roty" /></sampler><channel source="#hpl_mixamorigwHeadTop_End-roty-sampler" target="mixamorigwHeadTop_End/rotateY.ANGLE" />
      <sampler id="hpl_mixamorigwHeadTop_End-rotx-sampler"><input semantic="INPUT" source="#hpl_mixamorigwHeadTop_End-time" /><input semantic="OUTPUT" source="#hpl_mixamorigwHeadTop_End-rotx" /></sampler><channel source="#hpl_mixamorigwHeadTop_End-rotx-sampler" target="mixamorigwHeadTop_End/rotateX.ANGLE" />
    </animation>
    <animation id="hpl_mixamorigwHeadFront">
      <source id="hpl_mixamorigwHeadFront-time"><float_array id="hpl_mixamorigwHeadFront-time-array" count="38">0 1 2 3 4 5 6 7 8 9 10 11 12 13 14 15 16 17 18 19 20 21 22 23 24 25 26 27 28 29 30 31 32 33 34 35 36 37</float_array><technique_common><accessor source="#hpl_mixamorigwHeadFront-time-array" count="38" stride="1" /></technique_common></source>
      <source id="hpl_mixamorigwHeadFront-trans"><float_array id="hpl_mixamorigwHeadFront-trans-array" count="114">5.31362e-09 0.0385956 0.092277 5.31362e-09 0.0385956 0.092277 5.31362e-09 0.0385956 0.092277 5.31362e-09 0.0385956 0.092277 5.31362e-09 0.0385956 0.092277 5.31362e-09 0.0385956 0.092277 5.31362e-09 0.0385956 0.092277 5.31362e-09 0.0385956 0.092277 5.31362e-09 0.0385956 0.092277 5.31362e-09 0.0385956 0.092277 5.31362e-09 0.0385956 0.092277 5.31362e-09 0.0385956 0.092277 5.31362e-09 0.0385956 0.092277 5.31362e-09 0.0385956 0.092277 5.31362e-09 0.0385956 0.092277 5.31362e-09 0.0385956 0.092277 5.31362e-09 0.0385956 0.092277 5.31362e-09 0.0385956 0.092277 5.31362e-09 0.0385956 0.092277 5.31362e-09 0.0385956 0.092277 5.31362e-09 0.0385956 0.092277 5.31362e-09 0.0385956 0.092277 5.31362e-09 0.0385956 0.092277 5.31362e-09 0.0385956 0.092277 5.31362e-09 0.0385956 0.092277 5.31362e-09 0.0385956 0.092277 5.31362e-09 0.0385956 0.092277 5.31362e-09 0.0385956 0.092277 5.31362e-09 0.0385956 0.092277 5.31362e-09 0.0385956 0.092277 5.31362e-09 0.0385956 0.092277 5.31362e-09 0.0385956 0.092277 5.31362e-09 0.0385956 0.092277 5.31362e-09 0.0385956 0.092277 5.31362e-09 0.0385956 0.092277 5.31362e-09 0.0385956 0.092277 5.31362e-09 0.0385956 0.092277 5.31362e-09 0.0385956 0.092277</float_array><technique_common><accessor source="#hpl_mixamorigwHeadFront-trans-array" count="38" stride="3" /></technique_common></source>
      <source id="hpl_mixamorigwHeadFront-rotz"><float_array id="hpl_mixamorigwHeadFront-rotz-array" count="38">-8.07972e-06 -8.07972e-06 -8.07972e-06 -8.07972e-06 -8.07972e-06 -8.07972e-06 -8.07972e-06 -8.07972e-06 -8.07972e-06 -8.07972e-06 -8.07972e-06 -8.07972e-06 -8.07972e-06 -8.07972e-06 -8.07972e-06 -8.07972e-06 -8.07972e-06 -8.07972e-06 -8.07972e-06 -8.07972e-06 -8.07972e-06 -8.07972e-06 -8.07972e-06 -8.07972e-06 -8.07972e-06 -8.07972e-06 -8.07972e-06 -8.07972e-06 -8.07972e-06 -8.07972e-06 -8.07972e-06 -8.07972e-06 -8.07972e-06 -8.07972e-06 -8.07972e-06 -8.07972e-06 -8.07972e-06 -8.07972e-06</float_array><technique_common><accessor source="#hpl_mixamorigwHeadFront-rotz-array" count="38" stride="1" /></technique_common></source>
      <source id="hpl_mixamorigwHeadFront-roty"><float_array id="hpl_mixamorigwHeadFront-roty-array" count="38">-3.35379e-06 -3.35379e-06 -3.35379e-06 -3.35379e-06 -3.35379e-06 -3.35379e-06 -3.35379e-06 -3.35379e-06 -3.35379e-06 -3.35379e-06 -3.35379e-06 -3.35379e-06 -3.35379e-06 -3.35379e-06 -3.35379e-06 -3.35379e-06 -3.35379e-06 -3.35379e-06 -3.35379e-06 -3.35379e-06 -3.35379e-06 -3.35379e-06 -3.35379e-06 -3.35379e-06 -3.35379e-06 -3.35379e-06 -3.35379e-06 -3.35379e-06 -3.35379e-06 -3.35379e-06 -3.35379e-06 -3.35379e-06 -3.35379e-06 -3.35379e-06 -3.35379e-06 -3.35379e-06 -3.35379e-06 -3.35379e-06</float_array><technique_common><accessor source="#hpl_mixamorigwHeadFront-roty-array" count="38" stride="1" /></technique_common></source>
      <source id="hpl_mixamorigwHeadFront-rotx"><float_array id="hpl_mixamorigwHeadFront-rotx-array" count="38">67.3014 67.3014 67.3014 67.3014 67.3014 67.3014 67.3014 67.3014 67.3014 67.3014 67.3014 67.3014 67.3014 67.3014 67.3014 67.3014 67.3014 67.3014 67.3014 67.3014 67.3014 67.3014 67.3014 67.3014 67.3014 67.3014 67.3014 67.3014 67.3014 67.3014 67.3014 67.3014 67.3014 67.3014 67.3014 67.3014 67.3014 67.3014</float_array><technique_common><accessor source="#hpl_mixamorigwHeadFront-rotx-array" count="38" stride="1" /></technique_common></source>
      <sampler id="hpl_mixamorigwHeadFront-trans-sampler"><input semantic="INPUT" source="#hpl_mixamorigwHeadFront-time" /><input semantic="OUTPUT" source="#hpl_mixamorigwHeadFront-trans" /></sampler><channel source="#hpl_mixamorigwHeadFront-trans-sampler" target="mixamorigwHeadFront/translate" />
      <sampler id="hpl_mixamorigwHeadFront-rotz-sampler"><input semantic="INPUT" source="#hpl_mixamorigwHeadFront-time" /><input semantic="OUTPUT" source="#hpl_mixamorigwHeadFront-rotz" /></sampler><channel source="#hpl_mixamorigwHeadFront-rotz-sampler" target="mixamorigwHeadFront/rotateZ.ANGLE" />
      <sampler id="hpl_mixamorigwHeadFront-roty-sampler"><input semantic="INPUT" source="#hpl_mixamorigwHeadFront-time" /><input semantic="OUTPUT" source="#hpl_mixamorigwHeadFront-roty" /></sampler><channel source="#hpl_mixamorigwHeadFront-roty-sampler" target="mixamorigwHeadFront/rotateY.ANGLE" />
      <sampler id="hpl_mixamorigwHeadFront-rotx-sampler"><input semantic="INPUT" source="#hpl_mixamorigwHeadFront-time" /><input semantic="OUTPUT" source="#hpl_mixamorigwHeadFront-rotx" /></sampler><channel source="#hpl_mixamorigwHeadFront-rotx-sampler" target="mixamorigwHeadFront/rotateX.ANGLE" />
    </animation>
  </library_animations>
  <scene><instance_visual_scene url="#RootNode" /></scene>
</COLLADA>